Geometric_AR,BOR_LF_0.05,BOR_LF_0.06,BOR_LF_0.07,BOR_LF_0.08,BOR_LF_0.09,BOR_LF_0.10,BOR_LF_0.10,BOR_LF_0.11,BOR_LF_0.12,BOR_LF_0.13,BOR_LF_0.14,BOR_LF_0.15,BOR_LF_0.16,BOR_LF_0.17,BOR_LF_0.18,BOR_LF_0.19,BOR_LF_0.20,BOR_LF_0.20,BOR_LF_0.21,BOR_LF_0.22,BOR_LF_0.23,BOR_LF_0.24,BOR_LF_0.25,BOR_LF_0.26,BOR_LF_0.27,BOR_LF_0.28,BOR_LF_0.29,BOR_LF_0.30,BOR_LF_0.30,BOR_LF_0.31,BOR_LF_0.32,BOR_LF_0.33,BOR_LF_0.34,BOR_LF_0.35,BOR_LF_0.36,BOR_LF_0.37,BOR_LF_0.38,BOR_LF_0.39,BOR_LF_0.40,BOR_LF_0.40,BOR_LF_0.41,BOR_LF_0.42,BOR_LF_0.43,BOR_LF_0.44,BOR_LF_0.45,BOR_LF_0.46,BOR_LF_0.47,BOR_LF_0.48,BOR_LF_0.49,BOR_LF_0.50,BOR_LF_0.50,BOR_LF_0.51,BOR_LF_0.52,BOR_LF_0.53,BOR_LF_0.54,BOR_LF_0.55,BOR_LF_0.56,BOR_LF_0.57,BOR_LF_0.58,BOR_LF_0.59,BOR_LF_0.60,BOR_LF_0.60,BOR_LF_0.61,BOR_LF_0.62,BOR_LF_0.63,BOR_LF_0.64,BOR_LF_0.65,BOR_LF_0.66,BOR_LF_0.67,BOR_LF_0.68,BOR_LF_0.69,BOR_LF_0.70,BOR_LF_0.70,BOR_LF_0.71,BOR_LF_0.72,BOR_LF_0.73,BOR_LF_0.74,BOR_LF_0.75,BOR_LF_0.76,BOR_LF_0.77,BOR_LF_0.78,BOR_LF_0.79,BOR_LF_0.80,BOR_LF_0.80,BOR_LF_0.81,BOR_LF_0.82,BOR_LF_0.83,BOR_LF_0.84,BOR_LF_0.85,BOR_LF_0.86,BOR_LF_0.87,BOR_LF_0.88,BOR_LF_0.89,BOR_LF_0.90,BOR_LF_0.90,BOR_LF_0.91,BOR_LF_0.92,BOR_LF_0.93,BOR_LF_0.94,BOR_LF_0.95,Thermal_AR_LF_0.05,Thermal_AR_LF_0.06,Thermal_AR_LF_0.07,Thermal_AR_LF_0.08,Thermal_AR_LF_0.09,Thermal_AR_LF_0.10,Thermal_AR_LF_0.11,Thermal_AR_LF_0.12,Thermal_AR_LF_0.13,Thermal_AR_LF_0.14,Thermal_AR_LF_0.15,Thermal_AR_LF_0.16,Thermal_AR_LF_0.17,Thermal_AR_LF_0.18,Thermal_AR_LF_0.19,Thermal_AR_LF_0.20,Thermal_AR_LF_0.21,Thermal_AR_LF_0.22,Thermal_AR_LF_0.23,Thermal_AR_LF_0.24,Thermal_AR_LF_0.25,Thermal_AR_LF_0.26,Thermal_AR_LF_0.27,Thermal_AR_LF_0.28,Thermal_AR_LF_0.29,Thermal_AR_LF_0.30,Thermal_AR_LF_0.31,Thermal_AR_LF_0.32,Thermal_AR_LF_0.33,Thermal_AR_LF_0.34,Thermal_AR_LF_0.35,Thermal_AR_LF_0.36,Thermal_AR_LF_0.37,Thermal_AR_LF_0.38,Thermal_AR_LF_0.39,Thermal_AR_LF_0.40,Thermal_AR_LF_0.41,Thermal_AR_LF_0.42,Thermal_AR_LF_0.43,Thermal_AR_LF_0.44,Thermal_AR_LF_0.45,Thermal_AR_LF_0.46,Thermal_AR_LF_0.47,Thermal_AR_LF_0.48,Thermal_AR_LF_0.49,Thermal_AR_LF_0.50,Thermal_AR_LF_0.51,Thermal_AR_LF_0.52,Thermal_AR_LF_0.53,Thermal_AR_LF_0.54,Thermal_AR_LF_0.55,Thermal_AR_LF_0.56,Thermal_AR_LF_0.57,Thermal_AR_LF_0.58,Thermal_AR_LF_0.59,Thermal_AR_LF_0.60,Thermal_AR_LF_0.61,Thermal_AR_LF_0.62,Thermal_AR_LF_0.63,Thermal_AR_LF_0.64,Thermal_AR_LF_0.65,Thermal_AR_LF_0.66,Thermal_AR_LF_0.67,Thermal_AR_LF_0.68,Thermal_AR_LF_0.69,Thermal_AR_LF_0.70,Thermal_AR_LF_0.71,Thermal_AR_LF_0.72,Thermal_AR_LF_0.73,Thermal_AR_LF_0.74,Thermal_AR_LF_0.75,Thermal_AR_LF_0.76,Thermal_AR_LF_0.77,Thermal_AR_LF_0.78,Thermal_AR_LF_0.79,Thermal_AR_LF_0.80,Thermal_AR_LF_0.81,Thermal_AR_LF_0.82,Thermal_AR_LF_0.83,Thermal_AR_LF_0.84,Thermal_AR_LF_0.85,Thermal_AR_LF_0.86,Thermal_AR_LF_0.87,Thermal_AR_LF_0.88,Thermal_AR_LF_0.89,Thermal_AR_LF_0.90,Thermal_AR_LF_0.91,Thermal_AR_LF_0.92,Thermal_AR_LF_0.93,Thermal_AR_LF_0.94,Thermal_AR_LF_0.95
0.2,0.186540445195,0.15786581450916948,0.13683773406042646,0.12075742140334825,0.10806242354428146,0.09778550767704941,0.08929586979765575,0.08216456318342408,0.07608973643696107,0.07085280751186636,0.0662916026316992,0.0622832628750363,0.058733011359487684,0.05556656350166828,0.05272487258150231,0.050160413189965065,0.0478345018547294,0.04571533216520211,0.04377651156778823,0.04199595649743429,0.040355047477598736,0.03883797551877751,0.037431231120833575,0.03612320085388088,0.03490384599034995,0.033764444357100194,0.03269738135853802,0.03169597958008687,0.030754358910375985,0.029867320990094526,0.029030253190544086,0.028239048376588652,0.027490037507507906,0.02677993274161039,0.02610577918320145,0.02546491377814327,0.0248549301521758,0.024273648413392315,0.023719089119653383,0.02318945075624011,0.022683090183320643,0.022198505606453946,0.021734321698082933,0.021289276559731198,0.020862210264510374,0.020452054760944374,0.02005782495298777,0.01967861079954977,0.019313570299987988,0.01896192325187415,0.0186229456835746,0.01829596487810062,0.017980354916157393,0.0176755326763446,0.01738095423870997,0.017096111644949966,0.01682052997469019,0.01655376470246918,0.016295399304423253,0.016045043087627966,0.01580232921826866,0.015566912927716217,0.015338469878083578,0.015116694670915047,0.014901299484647594,0.014692012828017305,0.01448857839808342,0.014290754032754798,0.01409831074883188,0.013911031857511445,0.013728712150194142,0.013551157148140274,0.013378182410221531,0.013209612893583878,0.013045282362559734,0.01288503284163987,0.012728714108712283,0.012576183225161994,0.012427304099731773,0.012281947083353902,0.0121399885924131,0.01200131075814389,0.011865801100065663,0.011733352221562068,0.011603861525864376,0.011477230950867341,0.011353366721333785,0.011232179117171273,0.0111135822565811,0.010997493892971364,0.010883835224635397,0.010772530716258928,0.010663507931415779,0.010556697375264783,0.010452032346733609,0.010349448799535317,0.010248885211394077,0.01015028246092396,0.010053583711562333,0.009958734301701196,0.13670063253612932,0.13681916329089697,0.13693766150165584,0.13705612718180715,0.13717456034474462,0.13741132917251675,0.13752966486410229,0.13764796809197577,0.13776623886949438,0.13788447721000785,0.13800268312685868,0.13812085663338192,0.13823899774290552,0.13835710646874988,0.1384751828242283,0.1387112384773036,0.1388292178014905,0.1389471648084914,0.13906507951158303,0.13918296192403498,0.1393008120591095,0.13941862993006152,0.1395364155501388,0.13965416893258184,0.1397718900906238,0.14000723578640134,0.1401248603505672,0.14024245274319258,0.14036001297747458,0.14047754106660298,0.1405950370237605,0.14071250086212253,0.1408299325948573,0.14094733223512587,0.14106469979608208,0.1412993387326368,0.1414166101345071,0.14153384950960857,0.14165105687105917,0.1417682322319697,0.14188537560544373,0.14200248700457785,0.1421195664424613,0.14223661393217632,0.1423536294867979,0.14258756484302543,0.1427044846707458,0.14282137261560165,0.14293822869063247,0.14305505290887052,0.143171845283341,0.1432886058270621,0.1434053345530448,0.143522031474293,0.14363869660380357,0.14387193153956382,0.14398850137177177,0.14410503946415873,0.1442215458296862,0.14433802048130853,0.14445446343197318,0.14457087469462043,0.14468725428218362,0.14480360220758898,0.14491991848375574,0.14515245614001515,0.14526867754591122,0.14538486735417533,0.1455010255776916,0.1456171522293372,0.14573324732198226,0.1458493108684899,0.14596534288171628,0.1460813433745105,0.14619731235971486,0.14642915585868757,0.14654503039810549,0.1466608734812325,0.14677668512087588,0.14689246532983613,0.1470082141209067,0.14712393150687408,0.1472396175005178,0.14735527211461058,0.14747089536191804,0.14770204780720542,0.1478175770306821,0.14793307493836724,0.14804854154299182,0.14816397685728022,0.14827938089394974
0.23838383838383842,0.17024740268583075,0.14408120443195163,0.12489263704489979,0.11021900726731527,0.09863454531832744,0.089256631809998,0.0815096454023058,0.07500216358397026,0.06945874088417668,0.06467991678955368,0.06051770446745048,0.056859992681247085,0.05362029561974402,0.050730827106454886,0.04813770582178876,0.04579756387432958,0.04367510181747474,0.04174129566190752,0.03997206167175923,0.038347248149616237,0.03684986444882408,0.03546548454836924,0.034181780757777745,0.032988155588649294,0.031875448500158755,0.030835700334017675,0.029861962618463633,0.028948142078455513,0.028088872994100976,0.02727941175794224,0.02651554925356249,0.02579353763752228,0.025110028836374206,0.02446202262844023,0.023846822611982628,0.02326199869648978,0.022705355017115313,0.02217490237858788,0.021668834500173095,0.021185507463431254,0.02072342187023417,0.02028120730292826,0.019857608747457345,0.01945147469607557,0.019061746692172293,0.018687450117263787,0.018327686051418435,0.01798162406381817,0.017648495811936234,0.017327589345347394,0.01701824402539276,0.016719845984269423,0.01643182405802777,0.016153646136660798,0.015884815882261063,0.015624869772652554,0.015373374433438985,0.015129924226185245,0.014894139064490029,0.014665662433178937,0.014444159589024135,0.01422931592371008,0.014020835472381104,0.013818439552800455,0.013621865521988217,0.013430865638706482,0.013245206021354388,0.013064665692150383,0.01288903569930877,0.012718118309933253,0.01255172626703958,0.012389682104859514,0.012231817517147794,0.012077972773770951,0.011927996181332048,0.011781743583991849,0.011639077901045774,0.011499868698124836,0.011363991789211483,0.011231328866914659,0.011101767158693676,0.010975199106920193,0.01085152207088618,0.010730638049009866,0.010612453419668924,0.010496878699211707,0.010383828315839456,0.010273220398154799,0.010164976577279819,0.010059021801536885,0.009955284162773486,0.009853694733486391,0.009754187413968511,0.009656698788765279,0.009561167991791027,0.009467536579501088,0.009375748411558256,0.009285749538497907,0.009197488095892159,0.009110914204476215,0.15877581828307882,0.1589099667092822,0.15904407235751666,0.15917813524824087,0.1593121554019003,0.15958006757974244,0.1597139596447511,0.15984780905434723,0.1599816158289114,0.16011537998881106,0.1602491015544009,0.16038278054602245,0.16051641698400448,0.16065001088866257,0.1607835622802996,0.16105053760565724,0.16118396157991874,0.16131734312224127,0.16145068225286324,0.1615839789920099,0.16171723335989396,0.16185044537671509,0.1619836150626602,0.16211674243790333,0.16224982752260575,0.16251587090096944,0.16264882923488916,0.16278174535878517,0.16291461929275483,0.16304745105688256,0.1631802406712403,0.16331298815588716,0.16344569353086932,0.16357835681622046,0.1637109780319616,0.16397609433463392,0.1641085894615435,0.16424104259879985,0.16437345376636056,0.16450582298417046,0.16463815027216183,0.16477043565025434,0.16490267913835502,0.16503488075635822,0.16516704052414583,0.16543123458853853,0.1655632689248444,0.16569526149033623,0.1658272123048329,0.1659591213881409,0.16609098876005424,0.16622281444035428,0.1663545984488099,0.16648634080517755,0.16661804152920115,0.1668813181591295,0.16701289410445974,0.16714442849629696,0.1672759213543228,0.1674073726982064,0.16753878254760468,0.16767015092216195,0.1678014778415102,0.167932763325269,0.16806400739304567,0.1683263713590194,0.16845749129636917,0.168588569896042,0.16871960717758347,0.16885060316052658,0.16898155786439234,0.16911247130868914,0.1692433435129133,0.16937417449654887,0.16950496427906744,0.16976642031857914,0.16989708661445443,0.170027711786977,0.17015829585555733,0.17028883883959378,0.17041934075847234,0.17054980163156686,0.17068022147823908,0.1708106003178385,0.17094093816970246,0.17120149098751256,0.17133170599207267,0.1714618800861252,0.17159201328894688,0.17172210561980217,0.1718521570979436
0.2767676767676768,0.15801574858102174,0.1337330232770461,0.11592566530205708,0.10230825088106116,0.0915576399328902,0.08285474574089946,0.07566538131605108,0.06962629950557638,0.064481881942918,0.06004702567285234,0.05618439624481632,0.05278995240822526,0.0497834337699794,0.047101933535293426,0.044695448867408505,0.04252373358053997,0.040554029151491214,0.03875940079439882,0.03711749836789565,0.03560962073317389,0.03422000026353785,0.03293524935125369,0.0317439276770939,0.030636200580658586,0.029603566914764082,0.028638640436824146,0.02773497283978177,0.026886909454407016,0.02608947079578984,0.025338254710686434,0.02462935506304956,0.02395929378655004,0.023324963808627697,0.02272358086941923,0.022152642659450463,0.02160989401087836,0.021093297121489853,0.020601005982188503,0.020131344331839288,0.019682786584453785,0.01925394127153766,0.01884353662074564,0.018450407956394757,0.018073486658500757,0.01771179046023971,0.01736441489803981,0.01703052575798796,0.01670935238530367,0.016400181744229064,0.01610235313194346,0.015815253463812042,0.015538313059445053,0.015271001868373251,0.015012826082903013,0.014763325092493418,0.014522068740189305,0.014288654846722211,0.014062706972301608,0.013843872389858767,0.013631820246894893,0.013426239895634073,0.013226839373863597,0.01303334402085849,0.012845495214458895,0.012663049217236393,0.012485776120834884,0.012313458878900943,0.012145892420053959,0.011982882833259116,0.011824246618805195,0.011669809998826892,0.011519408281874033,0.011372885276704848,0.011230092750863046,0.01109088993012662,0.010955143035266362,0.010822724852904189,0.010693514337576022,0.010567396242410034,0.010444260776001468,0.010324003283385341,0.010206523949129132,0.010091727520793665,0.009979523051131112,0.0098698236575744,0.009762546297668706,0.009657611559228523,0.00955494346410882,0.009454469284563678,0.009356119371270375,0.009259826992153426,0.009165528181233047,0.009073161596774688,0.008982668388077517,0.008893992070300996,0.008807078406759697,0.008721875298184656,0.00863833267846933,0.00855640241647071,0.00847603822342976,0.1797511878340592,0.179899268276722,0.18004729526277694,0.18019526882116532,0.18034318898080742,0.1806388692194306,0.18078662935614803,0.18093433620959243,0.18108198980858004,0.18122959018190635,0.18137713735834599,0.181524631366653,0.18167207223556067,0.18181945999378157,0.18196679467000748,0.1822613048911388,0.1824084804933247,0.1825556031280767,0.18270267282398361,0.18284968960961367,0.18299665351351438,0.18314356456421288,0.18329042279021576,0.18343722822000907,0.18358398088205846,0.1838773280166856,0.18402392254609226,0.18417046442141308,0.1843169536710114,0.18446339032323042,0.18460977440639284,0.1847561059488012,0.18490238497873754,0.18504861152446375,0.18519478561422137,0.18548697653869578,0.18563299342979445,0.1857789579776883,0.1859248702105179,0.1860707301564034,0.18621653784344497,0.18636229329972262,0.18650799655329622,0.18665364763220552,0.18679924656447028,0.1870902881010446,0.18723573076129338,0.187381121386776,0.1875264600054121,0.1876717466451012,0.187816981333723,0.1879621640991372,0.18810729496918374,0.1882523739716824,0.18839740113443326,0.1886873000517924,0.1888321718619015,0.18897699194326445,0.18912176032358213,0.18926647703053573,0.18941114209178656,0.18955575553497622,0.18970031738772666,0.18984482767764,0.18998928643229882,0.19027804944608445,0.19042235376027802,0.19056660664935057,0.1907108081407864,0.19085495826205026,0.19099905704058734,0.19114310450382327,0.1912871006791642,0.19143104559399665,0.19157493927568783,0.19186257304901724,0.19200631319529232,0.19215000221769996,0.19229364014350991,0.19243722699997276,0.19258076281431957,0.19272424761376217,0.19286768142549296,0.193011064276685,0.19315439619449212,0.19344090733847047,0.19358408661885287,0.19372721507427285,0.19387029273178794,0.19401331961843646,0.19415629576123752
0.3151515151515152,0.14847929669577678,0.12566529427435916,0.10893499565317967,0.09614121124164891,0.08604083127643586,0.07786431161769526,0.07110977565351871,0.06543594728727767,0.06060266926566049,0.05643603461257744,0.05280701557082926,0.049617863840309036,0.04679317358901521,0.044273842948728916,0.042012893511510066,0.03997251338770959,0.03812192545818332,0.036435824091457715,0.03489321099762729,0.0334765161789712,0.03217092571585927,0.030963861752051076,0.029844575937550154,0.028803828462823207,0.027833632373786252,0.026927048185773482,0.026078017618504826,0.025281228026198144,0.02453200110882587,0.023826200977963917,0.02316015776077399,0.02253060376225494,0.021934619841569032,0.021369590145164437,0.020833163716121286,0.020323221790758277,0.019837849823585607,0.019375313461635204,0.018934037832622597,0.0185125896258764,0.018109661536017434,0.01772405871405125,0.017354686929846968,0.017000542199054416,0.01666070166735107,0.016334315577809636,0.016020600174027334,0.01571883141436249,0.015428339391134034,0.015148503364202148,0.014878747331439568,0.01461853606963586,0.014367371588493612,0.014124789948326793,0.013890358398681833,0.013663672800691029,0.013444355300945596,0.013232052228651219,0.013026432191485644,0.01282718434858332,0.012634016841732454,0.012446655368088182,0.012264841879800401,0.012088333397491362,0.011916900926215033,0.011750328463640705,0.011588412091480982,0.011430959142110642,0.011277787433216802,0.011128724564083203,0.010983607267805118,0.010842280814307999,0.010704598459579669,0.010570420937012817,0.010439615987119098,0.010312057922311268,0.010187627223714722,0.0100662101673025,0.009947698476912395,0.009831989001870005,0.009718983417267624,0.009608587945009088,0.009500713093996012,0.009395273417920536,0.00929218728930657,0.009191376688517914,0.009092767006611087,0.008996286860972471,0.008901867922790192,0.008809444755473532,0.008718954663230487,0.008630337549056082,0.008543535781461782,0.00845849406932326,0.008375159344274559,0.008293480650123744,0.008213409038810309,0.008134897472452884,0.008057900731090313,0.007982375325729636,0.19970684496742405,0.19986735924692203,0.20002780915084176,0.20018819471790297,0.2003485159867944,0.20066896578466778,0.20082909439087226,0.20098915885335203,0.2011491592106411,0.20130909550124249,0.20146896776362855,0.2016287760362407,0.20178852035748973,0.2019482007657556,0.20210781729938754,0.20242685889599346,0.20258628403551276,0.2027456454534888,0.20290494318811778,0.20306417727756543,0.20322334775996687,0.20338245467342697,0.20354149805601984,0.20370047794578952,0.20385939438074957,0.204177037038143,0.2043357633364519,0.2044944263317022,0.20465302606175595,0.20481156256444522,0.2049700358775717,0.20512844603890712,0.20528679308619302,0.2054450770571409,0.2056032979894322,0.20591955088862102,0.20607758293073153,0.20623555208461156,0.20639345838779277,0.20655130187777712,0.20670908259203655,0.20686680056801335,0.20702445584311993,0.2071820484547391,0.2073395784402237,0.20765445068205324,0.20781179301295588,0.20796907286683952,0.20812629028090912,0.20828344529234002,0.20844053793827805,0.2085975682558396,0.20875453628211163,0.2089114420541516,0.20906828560898766,0.20938178621501377,0.20953844334011337,0.2096950383958283,0.20985157141904007,0.21000804244660118,0.2101644515153348,0.21032079866203499,0.21047708392346673,0.21063330733636576,0.21078946893743897,0.21110160685078955,0.21125758323633534,0.21141349795659228,0.21156935104812205,0.21172514254745767,0.2118808724911032,0.21203654091553392,0.21219214785719617,0.2123476933525077,0.21250317743785727,0.21281396152408272,0.21296926159759283,0.2131245004064096,0.21327967798677852,0.2134347943749166,0.2135898496070122,0.2137448437192252,0.21389977674768684,0.21405464872850016,0.21420945969773955,0.21451889874565214,0.2146735268963323,0.2148280941794523,0.2149826006309449,0.21513704628671443,0.2152914311826369
0.3535353535353536,0.14083012625978208,0.11919441056957125,0.1033281847957505,0.0911951583633277,0.08161642620252423,0.07386218993686518,0.0674564941034735,0.062075688987253415,0.057492021085466846,0.05354056544736931,0.05009895840018292,0.047074500191606014,0.04439567958420167,0.04200644722967035,0.03986225108189242,0.03792723217702512,0.03617220298615276,0.03457316487463294,0.03311020408162249,0.031766658072556075,0.030528478043840988,0.029383735765899126,0.028322238024472913,0.02733522223180402,0.026415113947571994,0.02555533210077725,0.024750131311890456,0.023994473325065577,0.023283921467179183,0.022614553462026787,0.021982888980024363,0.02138582909752118,0.020820605442759526,0.020284737267022734,0.019775995036543006,0.019292369418567726,0.018832044750878168,0.018393376257125987,0.01797487040475541,0.01757516791131719,0.017193028991749727,0.016827320509094777,0.01647700474854552,0.01614112957992635,0.015818819812936646,0.01550926957925385,0.015211735602217367,0.01492553123585121,0.014650021172136825,0.014384616731178808,0.014128771660453692,0.013881978380172624,0.013643764620465284,0.013413690403383343,0.013191345329354556,0.012976346132631749,0.01276833447533865,0.01256697495320756,0.012371953289803941,0.012182974698686407,0.01199976239565286,0.011822056245162653,0.011649611527115838,0.01148219781161887,0.011319597930950847,0.011161607038943928,0.011008031749357192,0.010858689345534942,0.010713407054570039,0.010572021379966712,0.010434377487280837,0.010300328637987688,0.01016973566716038,0.010042466501073575,0.009918395711219155,0.00979740410155789,0.009679378326161963,0.009564210534658644,0.009451798043155926,0.009342043028537488,0.009234852244203014,0.009130136755529903,0.009027811693477201,0.00892779602488915,0.008830012338198181,0.008734386643343535,0.008640848184798567,0.008549329266730956,0.008459765089385078,0.008372093595848942,0.008286255328450365,0.008202193294080957,0.008119852837809074,0.008039181524189887,0.007960129025733904,0.00788264701803514,0.007806689081099002,0.007732210606450034,0.007659168709627462,0.007587522147734235,0.21871531679122735,0.21888693044512736,0.21905846872374068,0.21922993167671534,0.21940131935365578,0.21974386907763407,0.2199150312236632,0.22008611829164096,0.2202571303309544,0.22042806739094747,0.22059892952092075,0.22076971677013163,0.22094042918779444,0.22111106682308024,0.22128162972511714,0.22162253152574118,0.22179287052236954,0.2219631349818314,0.2221333249530402,0.2223034404848665,0.22247348162613825,0.22264344842564063,0.22281334093211608,0.22298315919426465,0.22315290326074363,0.22349216900110994,0.22366169077209969,0.22383113854162473,0.2240005123581305,0.2241698122700198,0.22433903832565358,0.22450819057335045,0.22467726906138683,0.224846273837997,0.22501520495137345,0.22535284638098424,0.22552155679339345,0.22569019373491858,0.22585875725354246,0.22602724739720606,0.22619566421380866,0.22636400775120777,0.22653227805721948,0.2267004751796181,0.2268685991661364,0.22720462792225588,0.22737253278711536,0.22754036470661126,0.22770812372826937,0.227875809899574,0.22804342326796861,0.22821096388085518,0.22837843178559455,0.22854582702950663,0.22871314965987014,0.2290475772688616,0.2292146823418422,0.22938171498997967,0.2295486752603482,0.22971556319998113,0.22988237885587112,0.23004912227497015,0.23021579350418944,0.23038239259039972,0.23054891958043097,0.2308817574590747,0.2310480684411448,0.2312143075139516,0.23138047472412307,0.23154657011824675,0.2317125937428701,0.23187854564450017,0.232044425869604,0.23221023446460837,0.23237597147590006,0.23270723093269235,0.23287275347076639,0.23303820461027477,0.23320358439740446,0.2333688928783026,0.2335341300990765,0.23369929610579385,0.23386439094448253,0.23402941466113075,0.23419436730168725,0.23452405953812153,0.2346887992256989,0.2348534680205838,0.23501806596852734,0.2351825931152414,0.2353470495063985
0.39191919191919194,0.13455777745757397,0.1138884578744443,0.09873091850408564,0.08713982513603805,0.07798893164842889,0.07058103806060081,0.06446144873366944,0.05932097063266326,0.054942023473846135,0.05116704912088361,0.04787914960113997,0.044989765845017966,0.042430580855676206,0.04014804887877072,0.03809960790448868,0.036251000705474726,0.03457434349193298,0.03304670959229377,0.03164907474705599,0.030365520698428506,0.02918262617003951,0.028088995738723047,0.027074891497245082,0.026131942262337757,0.025252911926228947,0.024431513379128696,0.023662257874093658,0.02294033220255138,0.022261497867187546,0.0216220077907296,0.02101853710181405,0.02044812529848978,0.019908127665686504,0.019396174263928048,0.01891013514760523,0.01844809073608822,0.018008306468554478,0.01758921103697786,0.017189377621411563,0.016807507655381384,0.016442416732100274,0.016093022329226665,0.015758333084179493,0.015437439396274288,0.015129505167823059,0.014833760526787927,0.014549495396960994,0.014276053803192554,0.014012828815146062,0.013759258047911987,0.013514819648753434,0.013279028710283414,0.01305143405779379,0.012831615366120002,0.012619180567247581,0.012413763515015441,0.012215021877624417,0.012022635232533456,0.011836303341272059,0.01165574458481349,0.011480694542215817,0.011310904697589075,0.011146141261878946,0.010986184097948144,0.010830825738423422,0.01067987048710558,0.010533133595859596,0.01039044050952861,0.010251626172552881,0.01011653439141843,0.009985017247747918,0.00985693455746777,0.009732153371800112,0.009610547516423618,0.009491997165405624,0.009376388446894732,0.009263613077837914,0.009153568025261556,0.009046155191903802,0.008941281124155327,0.00883885674049981,0.008738797078795069,0.008641021060876275,0.008545451273127225,0.008452013761752673,0.008360637841629071,0.00827125591769075,0.008183803317896905,0.008098218136920814,0.008014441089764235,0.007932415374565871,0.007852086543942045,0.0077734023842446365,0.007696312802172771,0.007620769718223183,0.007546726966502064,0.007474140200460269,0.007402966804147029,0.007333165808616331,0.00726469781314476,0.2368424237412584,0.23702394568797844,0.23720538130290386,0.23738673064760896,0.2375679937836098,0.23793026167526968,0.23811126655366835,0.23829218546884226,0.23847301848201555,0.23865376565435437,0.23883442704696672,0.2390150027209026,0.23919549273715424,0.2393758971566558,0.2395562160402839,0.2399165974431371,0.2400966600838268,0.24027663743157254,0.24045652954696298,0.24063633649052923,0.2408160583227453,0.24099569510402796,0.24117524689473657,0.24135471375517364,0.24153409574558463,0.24189260535702492,0.24207173309826044,0.2422507762098825,0.24242973475185214,0.2426086087840741,0.24278739836639632,0.24296610355861037,0.24314472442045143,0.24332326101159815,0.243501713391673,0.24385836575681588,0.24403656586084782,0.24421468199173607,0.24439271420882258,0.24457066257139334,0.2447485271386786,0.2449263079698527,0.24510400512403457,0.24528161866028717,0.24545914863761806,0.24581395815126747,0.24599123780532373,0.24616843413593395,0.24634554720182886,0.24652257706168385,0.24669952377411927,0.24687638739770046,0.2470531679909377,0.24722986561228633,0.2474064803201469,0.24775946122873208,0.24793582754598398,0.2481121111828026,0.24828831219731515,0.2484644306475943,0.24864046659165837,0.2488164200874713,0.24899229119294283,0.24916807996592827,0.2493437864642291,0.24969495286771135,0.24987041288822523,0.2500457908647193,0.250221086854725,0.25039630091572007,0.2505714331051284,0.25074648348032036,0.2509214520986127,0.2510963390172686,0.25127114429349773,0.25162051014724807,0.2517950708389219,0.2519695501164745,0.25214394803684936,0.25231826465693674,0.2524925000335737,0.2526666542235447,0.252840727283581,0.2530147192703611,0.25318863024051075,0.25353620935715815,0.2537098776166439,0.25388346508547555,0.2540569718200158,0.254230397876575,0.254403743311411
0.43030303030303035,0.12932284576854555,0.10946025766599007,0.09489431732783521,0.08375561964132919,0.07496187743647426,0.06784310341716619,0.06196234934670695,0.05702249042448815,0.0528144388275449,0.049186786132492846,0.04602719705732364,0.04325056911560759,0.04079125181806266,0.03859778937558646,0.03662928103257929,0.034852806669053105,0.03324157083810938,0.03177354172801007,0.03043043762267572,0.029196961575877572,0.02806021616241218,0.027009250738187794,0.02603470748009083,0.025128541943682556,0.024283800456599947,0.023494441303496504,0.022755189971045846,0.022061421116729343,0.02140906167769325,0.02079451083028391,0.02021457347745592,0.019666404669731255,0.019147462918942218,0.01865547078761977,0.018188381464851768,0.01774435029389806,0.01732171041623593,0.016918951854140416,0.01653470347841955,0.016167717407416134,0.015816855463367387,0.015481077376279873,0.0151594304777727,0.01485104067011354,0.014555104489705015,0.014270882113595252,0.013997691180847434,0.013734901319901467,0.013481929289744437,0.013238234656059333,0.013003315934761006,0.012776707145048145,0.012557974722149035,0.012346714746764123,0.012142550453787378,0.011945129988246117,0.011754124380005415,0.011569225713021785,0.011390145467524909,0.011216613016443815,0.011048374259547205,0.010885190380816112,0.010726836716289616,0.01057310172106285,0.010423786025468118,0.01027870157158896,0.010137670822229461,0.01000052603533836,0.009867108597676429,0.009737268412151976,0.009610863333824897,0.009487758650172167,0.00936782660155598,0.009250945938395054,0.009137001511699763,0.009025883894167237,0.008917489029153394,0.008811717905177048,0.008708476253822968,0.00860767426907535,0.008509226346366226,0.008413050839714442,0.008319069835521187,0.008227208941702051,0.008137397090952148,0.008049566357059619,0.00796365178325561,0.007879591221712619,0.007797325183325067,0.00771679669704057,0.00763795117802492,0.007560736304021273,0.007485101899323514,0.0074109998258112654,0.007338383880562928,0.007267209699570303,0.0071974346671627,0.007129017830713782,0.007061919820315549,0.006996102773062729,0.25414803420220106,0.25433839927503316,0.2545286671982546,0.25471883804621465,0.2549089118931862,0.25528876888087854,0.25547855216976717,0.25566823875400363,0.2558578287074834,0.2560473221040266,0.25623671901737805,0.2564260195212077,0.2566152236891105,0.2568043315946064,0.25699334331114065,0.25737107847073165,0.25755980206030576,0.25774842975395307,0.2579369616247462,0.2581253977456837,0.2583137381896899,0.2585019830296151,0.25869013233823557,0.2588781861882539,0.2590661446522989,0.25944177571261545,0.25962944845377667,0.2598170260987438,0.26000450871977837,0.2601918963890684,0.26037918917872915,0.2605663871608026,0.26075349040725804,0.26094049898999166,0.26112741298082714,0.26150095747373503,0.2616875881190918,0.26187412445911945,0.26206056656527915,0.2622469145089602,0.26243316836147956,0.2626193281940823,0.26280539407794157,0.26299136608415863,0.26317724428376316,0.2635487195468947,0.2637343167521231,0.26391982043414186,0.2641052306636232,0.2642905475111682,0.26447577104730696,0.2646609013424985,0.2648459384671308,0.2650308824915212,0.26521573348591615,0.26558515666535276,0.2657697289905345,0.26595420856600116,0.26613859546164703,0.26632288974729595,0.26650709149270174,0.2666912007675481,0.26687521764144895,0.2670591421839482,0.2672429744645201,0.26761036251743014,0.26779391842836864,0.26797738235458063,0.26816075436519266,0.26834403452926214,0.2685272229157774,0.2687103195936576,0.26889332463175286,0.26907623809884446,0.2692590600636449,0.26962442976087864,0.26980697763039346,0.26998943427178057,0.2701717997534096,0.270354074143582,0.27053625751053073,0.27071834992242094,0.2709003514473497,0.2710822621533459,0.27126408210837066,0.2716274500370119,0.2718089981462119,0.2719904557756081,0.2721718229928234,0.2723530998654135,0.2725342864608668
0.4686868686868687,0.12489030694653441,0.10571095094047848,0.09164604344553645,0.08089048496690664,0.07239921790231173,0.06552530183157726,0.05984681908904884,0.055076865662355985,0.05101354613459317,0.04751066037726256,0.04445973732671463,0.041778601934655005,0.03940386202119837,0.037285831823571605,0.03538501753030099,0.03366963143953662,0.032113799840376274,0.03069624879281837,0.029399325452842358,0.02820825907352694,0.02711059588791247,0.02609576194276746,0.025154721314445672,0.024279706279124267,0.023464002363545778,0.022701775681307854,0.021987933156744535,0.021318008554408286,0.020688068920620424,0.020094637296313823,0.01953462849248612,0.019005295422968107,0.01850418402419932,0.01802909520006952,0.01757805254795446,0.01714927486536225,0.016741152631923596,0.01635222781162122,0.0159811764406409,0.015626793563160307,0.015287980153530532,0.014963731725930112,0.01465312838280416,0.014355326094439092,0.014069549035518714,0.01379508283224105,0.013531268596123793,0.013277497639720208,0.01303320678489412,0.012797874187697003,0.01257101561453176,0.01235218111382706,0.012140952034974149,0.011936938353042055,0.01173977626325105,0.011549126014019378,0.011364669951438984,0.011186110751415892,0.011013169818953457,0.01084558583622573,0.010683113443764014,0.01052552204054702,0.010372594690790516,0.010224127126483065,0.010079926836047335,0.009939812230528184,0.009803611879796519,0.009671163811923551,0.009542314869777635,0.009416920119409564,0.00929484230549731,0.009175951349451086,0.009060123886414147,0.008947242837620622,0.008837197015060328,0.008729880755585102,0.008625193581961375,0.008523039888570616,0.008423328649697493,0.008325973148530388,0.008230890725176639,0.008138002542160683,0.008047233365998519,0.007958511363583736,0.007871767912219614,0.007786937422253464,0.007703957171329513,0.007622767149407397,0.007543309913710994,0.007465530452901548,0.007389376059771714,0.0073147962118632615,0.00724174245942761,0.007170168320212761,0.007100029180593619,0.007031282202606546,0.006963886236476702,0.0068978017382726065,0.006832990692328106,0.006769416538137356,0.27068672047055237,0.270884974368226,0.27108312050993916,0.2712811589835203,0.2714790898767021,0.2718746292723225,0.2720722379497508,0.2722697393967593,0.2724671337006057,0.2726644209484531,0.27286160122736974,0.27305867462432987,0.27325564122621326,0.2734525011198055,0.2736492543917984,0.2740424414172833,0.27423887534368974,0.27443520299432594,0.2746314244554155,0.2748275398130885,0.27502354915338223,0.2752194525622409,0.27541525012551576,0.27561094192896524,0.2758065280582555,0.2761973836365593,0.2763926532564428,0.27658781754390704,0.2767828765841566,0.2769778304623045,0.2771726792633716,0.27736742307228757,0.27756206197389033,0.2777565960529263,0.2779510253940508,0.2783395702007318,0.27853368583514354,0.2787276970693551,0.2789216039875674,0.2791154066738906,0.27930910521234503,0.27950269968686003,0.2796961901812753,0.2798895767793403,0.28008285956471446,0.28046911403158015,0.28066208587994224,0.28085495424935514,0.2810477192230306,0.2812403808840913,0.28143293931557073,0.28162539460041347,0.2818177468214752,0.282009996061523,0.2822021424032352,0.2825861267219244,0.28277796486381623,0.2829697004372026,0.28316133352432066,0.28335286420731964,0.28354429256826114,0.283735618689119,0.2839268426517796,0.2841179645380418,0.2843089844296172,0.2846907185551182,0.28488143295203155,0.28507204568023375,0.2852625568210017,0.28545296645552554,0.28564327466490896,0.28583348153016935,0.28602358713223774,0.286213591551959,0.28640349487009215,0.2867829985241998,0.28697259902126293,0.28716209873891535,0.28735149775748736,0.2875407961572242,0.2877299940182855,0.28791909142074606,0.2881080884445956,0.28829698516973884,0.28848578167599587,0.2888630743507078,0.2890515706783797,0.2892399671055999,0.2894282637117659,0.2896164605761914,0.289804557778106
0.5070707070707071,0.12109193552080594,0.10249819915058347,0.08886274205757223,0.07843558329952471,0.07020357601507314,0.06353953405190609,0.05803442296278094,0.05341009932362326,0.04947083257662419,0.04607488680067373,0.04311710308636531,0.04051781559345814,0.0382155678164359,0.036162191142813854,0.03431939770120412,0.032656370424298566,0.03114802565267898,0.029773739044098413,0.028516396782622203,0.027361679144757272,0.026297512638081236,0.02531364618406362,0.024401319770247953,0.023553002859355732,0.022762186004219687,0.02202321345539131,0.021331147653829787,0.020681658740210787,0.020070933853150254,0.019495602202254405,0.01895267280438603,0.018439482455441563,0.01795365202638921,0.017493049570362525,0.01705575903392428,0.016640053603389684,0.016244372904994156,0.015867303423629645,0.015507561622590212,0.01516397933924434,0.014835491106545853,0.01452112311051807,0.014219983542593953,0.013931254145369425,0.013654182783278679,0.013388076895806249,0.013132297713552748,0.012886255135243932,0.012649403179312211,0.01242123593622749,0.012201283958394926,0.011989111033432412,0.011784311294163779,0.011586506625008819,0.011395344329862889,0.011210495031439005,0.011031650775305117,0.010858523316106324,0.010690842565667562,0.010528355185469842,0.010370823308023747,0.010218023373656722,0.010069745070662129,0.00992579036830421,0.009785972633283338,0.009650115821424752,0.009518053737157877,0.009389629354324112,0.009264694192384086,0.009143107742908099,0.009024736941612417,0.008909455681810974,0.008797144365540339,0.00868768948899485,0.008580983259238934,0.00847692323950303,0.0083754120205795,0.008276356916122352,0.008179669679842612,0.008085266242776896,0.007993066469011623,0.007902993928327606,0.007814975684450205,0.0077289420976527825,0.007644826640589852,0.0075625657263428715,0.0074820985477408765,0.007403366927105161,0.007326315175630854,0.007250889961707974,0.007177040187500126,0.007104716873208128,0.007033873048453995,0.006964463650277284,0.006896445427287179,0.006829776849532914,0.006764418023705896,0.006700330613302615,0.006637477763419433,0.006575824029874253,0.2865083304137619,0.2867136166928058,0.2869187848756297,0.2871238350641111,0.2873287673600104,0.28773827868051954,0.2879428579080659,0.2881473196489036,0.2883516640042099,0.28855589107504565,0.28876000096235593,0.28896399376697,0.2891678695896016,0.2893716285308487,0.289575270691194,0.2899822050705355,0.2901854974899221,0.29038867352918835,0.2905917332882432,0.29079467686688076,0.2909975043647815,0.29120021588151146,0.2914028115165232,0.2916052913691553,0.2918076555386331,0.2922120372244598,0.29241405493869305,0.29261595736554097,0.29281774460366355,0.2930194167516084,0.29322097390781066,0.29342241617059317,0.293623743638167,0.29382495640863104,0.29402605457997244,0.29442790751667874,0.2946286624774607,0.2948293032299548,0.29502982987159193,0.29523024249969215,0.29543054121146495,0.2956307261040092,0.2958307972743138,0.29603075481925706,0.29623059883560754,0.29662994666905507,0.2968294506791405,0.29702884154661013,0.29722811936768484,0.2974272842384763,0.29762633625498736,0.2978252755131119,0.2980241021086355,0.29822281613723506,0.2984214176944792,0.2988182837766354,0.2990165484921445,0.2992147011174929,0.2994127417477098,0.2996106704777175,0.29980848740233057,0.30000619261625683,0.300203786214097,0.3004012682903451,0.3005986389393884,0.3009930463328778,0.30119008326556684,0.30138700914753713,0.30158382407264517,0.3017805281346415,0.3019771214271714,0.3021736040437744,0.302369976077885,0.3025662376228323,0.30276238877184064,0.30315436025441306,0.303350180773902,0.3035458912693019,0.3037414918333142,0.3039369825585363,0.30413236353746154,0.30432763486247955,0.3045227966258761,0.30471784891983367,0.30491279183643133,0.3053023499053464,0.30549696524130626,0.305691471567191,0.30588586897456504,0.30608015755489,0.3062743373995252
0.5454545454545455,0.11780395687273705,0.09971727485892307,0.08645365366225136,0.07631083650236208,0.06830330629590418,0.061820981038801404,0.056465981163076294,0.05196774856260522,0.048135890495844415,0.044832536356896546,0.04195539505100812,0.039426973324588284,0.03718749066752702,0.03519009208548934,0.03339753386516622,0.03177983935877513,0.030312608969786093,0.028975780807398453,0.027752707770703693,0.02662946065282577,0.025594295220596815,0.024637239955112654,0.023749773740341595,0.022924571406116256,0.0221553010258827,0.021436461089634023,0.02076324869166644,0.020131452053197756,0.019537362294370753,0.018977700550361583,0.018449557405851205,0.017950342285617822,0.01747774094236668,0.01702967957008296,0.016604294368451802,0.016199905616106163,0.015814995492585818,0.015448189031091289,0.015098237698454513,0.014764005189320924,0.014444455093216884,0.014138640153226379,0.01384569288150255,0.013564817335485185,0.01329528189124694,0.013036412875229211,0.012787588938032795,0.012548236071159782,0.012317823182547705,0.012095858159463948,0.01188188435668009,0.011675477457837162,0.011476242664213303,0.011283812171869023,0.011097842903159214,0.010918014463253767,0.01074402729598126,0.010575601016769005,0.010412472903047048,0.010254396525103689,0.010101140502368862,0.009952487371848362,0.009808232557301073,0.009668183428468076,0.00953215844174306,0.009399986353851164,0.009271505501543953,0.00914656314091541,0.00902501484064517,0.008906723924096003,0.008791560955774285,0.008679403268037003,0.008570134524468658,0.008463644316612236,0.008359827791134247,0.008258585304806101,0.008159822104848573,0.008063448032544709,0.007969377248149865,0.00787752797532748,0.007787822263524289,0.007700185766826803,0.00761454753798301,0.007530839836382871,0.007448997948924364,0.007368960022738854,0.007290666908901613,0.007214062016266176,0.007139091174691453,0.007065702506939957,0.006993846308634849,0.006923474935674546,0.006854542698575866,0.006787005763259587,0.006720822057808773,0.0066559511848037125,0.006592354338829193,0.006529994228823277,0.00646883500491421,0.006408842189475619,0.3016584870009543,0.3018700357992776,0.302081456467337,0.30229274912150567,0.30250391387801573,0.30292586016228595,0.30313664192180806,0.303347296247196,0.3035578232539806,0.30376822305755347,0.3039784957731665,0.30418864151593233,0.30439866040082497,0.3046085525426795,0.30481831805619214,0.3052374696562868,0.3054468559715708,0.3056561161159176,0.305865250203334,0.30607425834768953,0.3062831406627165,0.30649189726201054,0.30670052825903027,0.30690903376709816,0.30711741389940017,0.30753379848877044,0.30774180317153116,0.3079496829299115,0.3081574378764189,0.30836506812342607,0.3085725737831708,0.3087799549677563,0.30898721178915106,0.3091943443591895,0.30940135278957204,0.30981499767750165,0.31002163435778096,0.3102281473438692,0.31043453674679966,0.31064080267747246,0.31084694524665507,0.3110529645649828,0.3112588607429586,0.3114646338909532,0.3116702841192055,0.31208121625678137,0.31228649838592526,0.3124916580349681,0.3126966953134926,0.3129016103309506,0.3131064031966636,0.3133110740198227,0.313515622909489,0.31372004997459346,0.3139243553239377,0.31433260130990337,0.3145365421634809,0.31474036173521047,0.31494406013324777,0.31514763746562013,0.3153510938402261,0.31555442936483646,0.3157576441470938,0.31596073829451293,0.31616371191448106,0.3165692980009763,0.31677191068164146,0.31697440326313214,0.31717677585220033,0.31737902855547157,0.31758116147944504,0.31778317473049394,0.3179850684148654,0.3181868426386808,0.3183884975079362,0.31879144960612377,0.3189927470464217,0.3191939255548915,0.3193949852369041,0.31959592619770594,0.31979674854241935,0.3199974523760425,0.3201980378034498,0.3203985049293916,0.32059885385849524,0.32099919754407935,0.32119919250919804,0.3213990696947552,0.3215988292047629,0.3217984711431109,0.3219979956135668
0.5838383838383839,0.11493315774960314,0.09728930938673723,0.08435042893705684,0.07445593946827644,0.06664445433538589,0.06032082942510443,0.05509692727220818,0.05070881440006778,0.0469707598431887,0.04374826876531298,0.04094155467445594,0.03847502174335098,0.03629035319097635,0.03434184127004041,0.0325931541811435,0.031015049256860192,0.029583724325678462,0.028279608713200486,0.027086462923778587,0.025990698807899726,0.02498085969042753,0.024047218205662944,0.02318146187744214,0.022376444892895853,0.021625990362828067,0.02092473148206548,0.020267982944260732,0.019651636096072123,0.01907207286991419,0.018526094684007708,0.01801086336025965,0.01752385175368251,0.01706280228152124,0.016625691914838106,0.016210702488635414,0.015816195409531542,0.015440690020970165,0.015082845022190101,0.01474144245042806,0.014415373822782811,0.014103628105258954,0.013805281234645876,0.013519486963420518,0.013245468837747956,0.012982513147482602,0.012729962713965821,0.0124872114015183,0.01225369925622331,0.01202890818984248,0.011812358138956962,0.011603603639296434,0.011402230763859187,0.011207854380559046,0.01102011569110766,0.010838680018089693,0.01066323481151061,0.010493487849822292,0.010329165613623847,0.010170011813083175,0.010015786052292664,0.00986626261598806,0.009721229365757525,0.009580486734330904,0.009443846808000795,0.009311132488212517,0.009182176724536457,0.009056821812031919,0.008934918746681127,0.008816326633513567,0.00870091214240395,0.008588549007034192,0.008479117563243535,0.008372504323073888,0.008268601581377448,0.008167307052122144,0.008068523531797179,0.007972158587599221,0.007878124268314324,0.007786336835938228,0.007696716516383531,0.007609187267678024,0.0075236765642237025,0.00744011519586588,0.007358437080585525,0.007278579089731316,0.007200480884860472,0.007124084765265254,0.007049335525389967,0.006976180321402331,0.006904568546235572,0.006834451712477254,0.0067657833425473725,0.006698518865623321,0.006632615520857127,0.006568032266417651,0.006504729693966506,0.006442669948195169,0.006381816651063426,0.006322134830436135,0.006263590852820752,0.31617902599051545,0.31639614422384815,0.3166131246276424,0.3168299673331007,0.31704667247125884,0.31747967056898796,0.3176959637898006,0.31791211996579744,0.3181281392271859,0.31834402170400855,0.31855976752614346,0.31877537682330415,0.31899084972504016,0.3192061863607371,0.3194213868596169,0.31985137996299723,0.32006617282512595,0.3202808300656951,0.3204953518131123,0.3207097381956236,0.320923989341313,0.321138105378103,0.3213520864337549,0.3215659326358689,0.3217796441118844,0.3222066633945751,0.32241997145532764,0.3226331452981366,0.3228461850496413,0.3230590908363218,0.32327186278449904,0.3234845010203355,0.3236970056698347,0.32390937685884225,0.32412161471304546,0.3245456909190004,0.3247575295213391,0.32496923529004795,0.32518080835002827,0.32539224882602436,0.32560355684262443,0.32581473252426085,0.3260257759952098,0.3262366873795921,0.32644746680137326,0.32686863025221885,0.32707901452843985,0.32728926733637326,0.32749938879921164,0.3277093790399936,0.32791923818160407,0.3281289663467748,0.3283385636580842,0.32854803023795787,0.3287573662086688,0.3291756468109316,0.32938459168626816,0.3295934064400114,0.32980209119367454,0.33001064606861946,0.3302190711860568,0.3304273666670467,0.33063553263249873,0.3308435692031719,0.3310514764996755,0.33146690375186105,0.33167442394801294,0.33188181535093536,0.33208907808049065,0.33229621225639216,0.33250321799820515,0.3327100954253462,0.33291684465708415,0.3331234658125403,0.33332995901068785,0.3337425620102154,0.3339486720488068,0.3341546546045128,0.33436050979557286,0.33456623774007993,0.3347718385559812,0.3349773123610779,0.3351826592730261,0.3353878794093362,0.3355929728873739,0.33600278033737035,0.33620749454333687,0.3364120825590471,0.3366165445011447,0.33682088048612974,0.33702509063035846
0.6222222222222222,0.11240792741854588,0.09515371245513778,0.08250055926998534,0.0728245636847051,0.06518557064883553,0.05900157941602639,0.053893024282855646,0.04960180057088357,0.04594627906164854,0.042794935148328404,0.04005018605865348,0.037638105449644535,0.03550166442811784,0.033596164672379754,0.03188607674693536,0.03034280378945445,0.028943069283821857,0.027667734761185225,0.026500919364350107,0.025429335029179243,0.024441778093674014,0.023528736014552742,0.022682079891241727,0.021894821721409424,0.021160921028370527,0.020475129529267888,0.019832865389613215,0.01923011069305244,0.018663327274494868,0.01812938719071371,0.017625514942880702,0.017149239196356976,0.01669835222549181,0.016270875678681858,0.01586503154374165,0.015479217414639439,0.015111985333942455,0.014762023622753853,0.01442814121607954,0.01410925411111476,0.013804373601879296,0.01351259603236873,0.01323309384388725,0.012965107730016101,0.012707939742419443,0.012460947215671543,0.012223537400226572,0.011995162708312801,0.011775316493301942,0.011563529293573642,0.011359365482631023,0.011162420274722107,0.010972317043103768,0.010788704913262162,0.010611256598869554,0.010439666452347458,0.010273648705614424,0.01011293587971245,0.009957277344770888,0.00980643801380589,0.009660197156296386,0.009518347318689169,0.009380693341007518,0.0092470514594308,0.009117248486460084,0.008991121060836183,0.008868514960344893,0.008749284471587388,0.00863329181113854,0.008520406593307868,0.008410505340244408,0.008303471030444105,0.00819919268220031,0.008097564968919875,0.007998487863425607,0.0079018663088455,0.007807609913643201,0.00771563266889281,0.007625852685838771,0.0075381919521058105,0.007452576105002035,0.007368934220560952,0.00728719861703851,0.007207304671736818,0.007129190650113684,0.0070527975462071025,0.006978068933538567,0.00690495082567945,0.006833391545766961,0.006763341604304283,0.006694753584641127,0.006627582035569615,0.00656178337053394,0.0064973157729765986,0.006434139107395225,0.006372214835706396,0.006311505938557052,0.006251976841238698,0.006193593343898446,0.006136322555759957,0.33010838045879226,0.33033044327427524,0.3305523589150464,0.33077412752737,0.33099574925731645,0.3314385526533926,0.33165973461069725,0.33188077026797524,0.3321016597703332,0.33232240326268553,0.3325430008897554,0.33276345279607483,0.3329837591259849,0.33320392002363586,0.333423935632988,0.33386353156168735,0.33408311216800657,0.33430254805997145,0.3345218393805957,0.3347409862727046,0.33495998887893524,0.33517884734173714,0.3353975618033721,0.3356161324059151,0.335834559291254,0.3362709824769391,0.3364889790601298,0.33670683249180616,0.33692454291292645,0.33714211046426407,0.3373595352864076,0.33757681751976154,0.3377939573045459,0.33801095478079707,0.338227810088368,0.338661094755965,0.338877524394782,0.3390938124225014,0.33930995897806315,0.3395259642002254,0.33974182822756493,0.3399575511984775,0.34017313325117804,0.34038857452370086,0.3406038751539002,0.3410340550378457,0.3412489345664017,0.3414636740022546,0.3416782734823617,0.34189273314350205,0.3421070531222766,0.3423212335551082,0.3425352745782421,0.3427491763277465,0.3429629389395123,0.343390047292509,0.3436033933046394,0.3438166007208309,0.34402966967609366,0.34424260030526277,0.34445539274299797,0.3446680471237846,0.3448805635819334,0.3450929422515809,0.3453051832666897,0.3457292528682746,0.34594108172180915,0.3461527734549227,0.3463643282007126,0.34657574609210445,0.3467870272618513,0.346998171842535,0.3472091799665659,0.34742005176618335,0.3476307873734556,0.3480518505383864,0.34826217835933027,0.3484723705145002,0.34868242713511466,0.34889234835222305,0.34910213429670595,0.34931178509927496,0.3495213008904737,0.34973068180067746,0.3499399279600938,0.35035801654655735,0.35056685923318304,0.3507755676881789,0.3509841420409176,0.3511925824206053,0.3514008889562827
0.6606060606060606,0.11017229340594432,0.09326312564742723,0.08086300322076478,0.07138049834103247,0.0638942580795921,0.0578339211004735,0.05282751261821023,0.04862208977946975,0.04503965576111957,0.041951316311600394,0.039261440212412575,0.0368975795704049,0.03480384601085175,0.03293643513193892,0.031260528050069576,0.02974809981003014,0.02837633940189258,0.027126491106202306,0.025982991666333617,0.024932818765609804,0.023964992803398904,0.023070191477566757,0.022240448456833213,0.021468915491702947,0.020749672908753052,0.02007757738511979,0.019448138718227623,0.018857419345932245,0.018301951862550948,0.017778670880550802,0.017284856408110567,0.016818086534564132,0.01637619768654124,0.015957251077351145,0.015559504253099186,0.015181386854146684,0.01482147988078524,0.014478497886062496,0.01415127362523451,0.013838744774170495,0.013539942400043841,0.013253980918947883,0.012980049322465135,0.012717403489451034,0.012465359429733891,0.01222328733054239,0.01199060629658872,0.011766779691256548,0.011551311000267517,0.011343740150731188,0.011143640228127099,0.01095061454194947,0.01076429399757125,0.010584334737536632,0.010410416020856557,0.010242238312526812,0.010079521559483027,0.00992200363203255,0.009769438912545732,0.009621597015512367,0.009478261624724791,0.00933922943545692,0.009204309190647375,0.009073320801513303,0.008946094544076291,0.008822470324075713,0.00870229700353212,0.008585431783110362,0.008471739634847169,0.008361092780581043,0.008253370211833398,0.008148457247352485,0.008046245124900835,0.00794663062424618,0.007849515718607925,0.007754807252081314,0.007662416640820663,0.007572259595932487,0.0074842558662955305,0.007398328999644496,0.007314406120409234,0.007232417722970991,0.0071522974790956895,0.0070739820584169635,0.0069974109609618786,0.0069225263607690015,0.0068492729597733806,0.006777597851164353,0.006707450391505522,0.006638782080980216,0.006571546451166056,0.006505698959773931,0.0064411968918768004,0.006377999267146407,0.006316066752692663,0.0062553615810953134,0.006195847473291588,0.006137489565972122,0.006080254343186248,0.0060241095718794714,0.3434819195110878,0.3437083628172643,0.34393464996965767,0.34416078112973647,0.34438675645874606,0.34483824026743065,0.34506374906848764,0.34528910268124047,0.3455143012658281,0.3457393449821688,0.3459642339899611,0.3461889684486843,0.3464135485175982,0.346637974355744,0.34686224612194466,0.34731032807271217,0.3475341385738363,0.34775779563613046,0.3479812994173312,0.34820465007495904,0.3484278477663187,0.3486508926484996,0.34887378487837584,0.3490965246126072,0.34931911200763904,0.3497638304048162,0.34998596171878416,0.3502079413171983,0.3504297693554381,0.35065144598867093,0.35087297137185225,0.35109434565972625,0.351315569006826,0.351536641567474,0.35175756349578247,0.3521989560707802,0.35241942702464546,0.3526397479605241,0.352859919031482,0.35307994039037716,0.3532998121898595,0.35351953458237173,0.3537391077201493,0.3539585317552209,0.354177806839409,0.3546159107613938,0.35483473990180636,0.35505342069656765,0.3552719532964733,0.35549033785211437,0.3557085745138784,0.3559266634319488,0.3561446047563062,0.35636239863672786,0.35658004522278874,0.3570148971091167,0.35723210270752365,0.3574491616078501,0.35766607395866334,0.35788283990832964,0.35809945960501544,0.3583159331966871,0.35853226083111134,0.3587484426558561,0.3589644788182902,0.359396114744709,0.35961171480244014,0.359827169785354,0.36004247983983,0.36025764511205083,0.36047266574800274,0.3606875418934755,0.3609022736940633,0.3611168612951646,0.36133130484198284,0.3617597603526088,0.3619737726058502,0.362187641383676,0.3624013668303185,0.3626149490898164,0.3628283883060159,0.36304168462257014,0.36325483818294013,0.36346784913039515,0.36368071760801246,0.3641060277250875,0.3643184696497447,0.3645307696749639,0.364742927942869,0.36495494459539435,0.36516681977428467
0.698989898989899,0.10818184095195177,0.09157996974522331,0.07940519430159923,0.07009501021439561,0.06274480966878347,0.05679459735059409,0.05187915892490724,0.047750148643174964,0.04423280468307931,0.04120057537912805,0.03855956756078227,0.03623865003811504,0.034182950178569316,0.032349459702630985,0.030703992541875422,0.029219033080192452,0.027872184885818614,0.02664503311483633,0.02552229736474197,0.024491191992529658,0.023540936946392664,0.0226623793517225,0.021847697661565198,0.021090168089559165,0.020383978549229353,0.019724079194980156,0.019106061431258273,0.01852605925900024,0.0179806682908389,0.01746687885095994,0.016982020381967625,0.016523714990126805,0.016089838423767922,0.01567848713265545,0.015287950331086477,0.014916686199745637,0.014563301528513706,0.0142265342327762,0.01390523828161037,0.013598370658245762,0.013304980039514112,0.013024196936536574,0.012755225080497295,0.012497333874182042,0.012249851758562334,0.012012160367309455,0.011783689362619277,0.011563911860842633,0.011352340371533827,0.011148523183369974,0.010952041140708278,0.010762504762646317,0.010579551662579179,0.010402844232441881,0.01023206756048843,0.010066927555549499,0.009907149254322123,0.009752475291123282,0.009602664512264736,0.009457490719295025,0.009316741527386168,0.009180217326713496,0.009047730336154263,0.008919103739899252,0.008794170898553737,0.008672774627409197,0.008554766535307195,0.008440006418156152,0.008328361701988727,0.008219706930883506,0.008113923295585817,0.00801089819904155,0.00791052485565797,0.007812701921118714,0.0077173331501690125,0.00762432707990671,0.007533596736390488,0.007445059362573637,0.0073586361657974764,0.007274252083222822,0.0071918355636863,0.007111318364743673,0.007032635363580769,0.006955724380766462,0.006880526015821595,0.006806983493684074,0.006735042521241939,0.0066646511531747955,0.006595759666404355,0.0065283204425133435,0.006462287857555379,0.006397618178714886,0.0063342694673231515,0.006272201487788192,0.006211375622010922,0.006151754788913753,0.006093303368724442,0.006035987131693985,0.005979773170944811,0.00592462983917717,0.3563322473933965,0.3565625613146258,0.3567927104752973,0.3570226950521459,0.3572525152216537,0.35771166304331514,0.3579409910471738,0.35817015534710267,0.3583991561183274,0.3586279935358233,0.35885666777431663,0.35908517900828407,0.35931352741195394,0.35954171315930644,0.35976973642407367,0.36022529619954535,0.36045283305647946,0.3606802081232886,0.36090742157247274,0.3611344735762867,0.3613613643067408,0.3615880939356009,0.361814662634389,0.3620410705743837,0.362267317926621,0.36271933155075337,0.36294509816350884,0.3631707048702285,0.3633961518407396,0.363621439244629,0.36384656725124354,0.3640715360296908,0.36429634574883885,0.3645209965773173,0.36474548868351725,0.36519399740145825,0.3654180143487941,0.3656418732450421,0.3658655742574084,0.3660891175528634,0.366312503298142,0.3665357316597444,0.36675880280393597,0.36698171689674824,0.36720447410397883,0.3676495185237198,0.3678718060666609,0.3680939373848823,0.3683159126430194,0.3685377320054763,0.36875939563642623,0.36898090369981196,0.3692022563593462,0.36942345377851227,0.36964449612056394,0.370086116225196,0.3703066943131418,0.37052711797470445,0.3707473873719979,0.37096750266690903,0.3711874640210983,0.3714072715960002,0.37162692555282356,0.3718464260525519,0.372065773255944,0.37250400841563214,0.3727228966923248,0.37294163231347527,0.3731602154387238,0.3733786462274882,0.373596924838964,0.37381505143212523,0.3740330261657244,0.374250849198293,0.3744685206881421,0.3749034096718251,0.37512062748118163,0.3753376943788643,0.375554610522087,0.3757713760678453,0.3759879911729167,0.37620445599386126,0.37642077068702195,0.37663693540852483,0.3768529503142795,0.37728453130110345,0.3775000976929134,0.3777155148904573,0.3779307830485685,0.3781459023218659,0.37836087286475495
0.7373737373737375,0.10640085396680662,0.09007402561563908,0.07810094448267958,0.06894499388326591,0.06171655363224191,0.05586490647139135,0.05103088897182806,0.0469702700012768,0.043511183207773745,0.040529173646744604,0.03793190377757403,0.035649420919307145,0.03362776157425968,0.031824630028326265,0.03020640661055077,0.028746031586734277,0.027421479591082477,0.02621464087845136,0.025110488213528348,0.024096447787017295,0.02316191815189399,0.02229789807944761,0.021496695610506822,0.020751698359224427,0.02005719053415016,0.01940820595593113,0.018800409071138446,0.018229997932726963,0.01769362455756196,0.01718832913440517,0.01671148535172097,0.016260754713168648,0.015834048161498564,0.015429493684840319,0.015045408841763608,0.014680277358025684,0.014332729106162867,0.01400152291190496,0.013685531731869783,0.013383729829903084,0.013095181644578933,0.012819032092501919,0.012554498097619929,0.012300861167212247,0.01205746086865592,0.011823689080718656,0.011598984914902155,0.011382830217010032,0.011174745573321161,0.010974286756412226,0.010781041555223017,0.0105946269417326,0.010414686533335438,0.010240888315429146,0.010072922593688098,0.009910500149433113,0.009753350574885054,0.00960122076838662,0.009453873571637104,0.009311086533798163,0.009172650788782979,0.009038370033875325,0.008908059599066882,0.008781545597984275,0.008658664152049744,0.008539260680772232,0.00842318925147334,0.00831031198291248,0.008200498497562181,0.00809362541801441,0.007989575903366764,0.00788823922204786,0.007789510357625523,0.007693289644799459,0.0075994824328561306,0.0075079987741905364,0.007418753135794954,0.007331664131683957,0.007246654274584691,0.007163649745227572,0.007082580177865433,0.007003378460632941,0.0069259805496086424,0.006850325295496673,0.006776354281903437,0.0067040116743558266,0.006633244079211921,0.006564000411720703,0.006496231772554761,0.006429891332178417,0.006364934222481172,0.006301317435151149,0.006238999726298615,0.006177941526891947,0.006118104858595239,0.006059453254626137,0.006001951685299076,0.005945566487919424,0.0058902653007474005,0.005836017000751013,0.3686894682852783,0.3689231914123556,0.36915674154601325,0.36939011887824535,0.3696233236007624,0.3700892159820744,0.3703219040228744,0.3705544202179703,0.3707867647576601,0.3710189378319608,0.3712509396306094,0.37148277034306265,0.37171443015849814,0.37194591926581483,0.3721772378536331,0.37263936422386806,0.3728701723821391,0.37310081077262097,0.3733312795825506,0.37356157899888937,0.373791709208324,0.3740216703972671,0.37425146275185744,0.3744810864579604,0.37471054170116913,0.37516894753991414,0.37539789850527705,0.3756266817473999,0.37585529745051927,0.3760837457986021,0.37631202697534627,0.3765401411641808,0.3767680885482664,0.37699586931049583,0.37722348363349517,0.3776782136909722,0.3779053297893693,0.3781322801763759,0.37835906503328853,0.37858568454113944,0.378812138880697,0.37903842823246603,0.37926455277668875,0.3794905126933446,0.37971630816215113,0.38016740647377995,0.3803927096747319,0.38061784914409474,0.38084282506028344,0.38106763760145385,0.3812922869455028,0.3815167732700695,0.381741096752535,0.38196525757002325,0.38218925589940145,0.3826367658000151,0.3828602777237051,0.38308362786419514,0.38330681639707537,0.383529843497682,0.3837527093410976,0.3839754141021518,0.38419795795542155,0.3844203410752314,0.3846425636356544,0.3850865277733763,0.3853082696975667,0.38552985175615406,0.38575127412195975,0.3859725369675559,0.386193640465266,0.3864145847871657,0.38663537010508287,0.38685599659059783,0.3870764644150447,0.3875169247648376,0.38773691763162155,0.3879567525202136,0.3881764296007202,0.3883959490430039,0.38861531101668334,0.3888345156911341,0.38905356323548873,0.38927245381863745,0.3894911876092285,0.389928185486124,0.3901464499085191,0.3903645582105389,0.39058251055962834,0.3908003071229932,0.39101794806760004
0.7757575757575759,0.10480026941041594,0.08872070336518169,0.07692894417551895,0.0679116482287917,0.060792669221844814,0.05502963087168609,0.05026880951517754,0.04626967306158196,0.04286295818757153,0.039926094900452874,0.03736814417309093,0.03512021280239931,0.03312915460435715,0.03135331446076225,0.029759581893039413,0.02832130700390854,0.027016798016440666,0.025828219469364977,0.024740771724666866,0.02374207141166703,0.02282167764907095,0.021970725537642184,0.02118163961804404,0.020447907653136945,0.019763900420876564,0.019124726957958495,0.01852611737567571,0.017964327309891757,0.01743605948484431,0.016938398917498945,0.016468759073547026,0.016024836874384447,0.015604574903229576,0.01520612950072123,0.014827843707193096,0.014468224213203785,0.014125921642780988,0.01379971361994427,0.013488490171108281,0.01319124109551314,0.0129070450012024,0.012635059755780116,0.012374514143137394,0.012124700552602142,0.01188496855415866,0.01165471923692472,0.011433400207327082,0.011220501158924572,0.01101554993896211,0.010818109048040148,0.010627772518259082,0.01044416312277482,0.010266929876526283,0.01009574579344579,0.009930305869647,0.00977032526678748,0.009615537672567858,0.00946569381859568,0.009320560138488032,0.009179917550454013,0.009043560351782077,0.008911295212814672,0.008782940260423953,0.008658324241792454,0.008537285760340503,0.008419672576714577,0.008305340968425612,0.00819415514245885,0.008085986695884784,0.007980714119847339,0.007878222343025962,0.007778402310869728,0.007681150597426514,0.007586369046825319,0.007493964441830877,0.007403848197092213,0.007315936074983455,0.0072301479220893295,0.007146407424666751,0.007064641881426779,0.006984781992283806,0.006906761661756585,0.006830517815844475,0.006755990231326827,0.006683121376498418,0.006611856262465489,0.006542142304198758,0.0064739291905898345,0.006407168762855202,0.006341814900653299,0.0062778234153613,0.006215151949986453,0.006153759885234478,0.006093608251304006,0.006034659644994896,0.0059768781517690285,0.005920229272417215,0.0058646798540180935,0.005810198024900728,0.005756753133341452,0.3805814212696784,0.38081813559813493,0.3810546690722553,0.38129102189922504,0.3815271942859127,0.38199899856433917,0.3822346308682394,0.3824700835561815,0.38270535683346174,0.3829404509050634,0.38317536597565777,0.3834101022496045,0.3836446599309523,0.38387903922343974,0.384113240330495,0.38458110880047863,0.3848147765687205,0.3850482669621586,0.38528158018268144,0.38551471643187113,0.38574767591100423,0.38598045882105203,0.3862130653626816,0.3864454957362557,0.38667775014183386,0.387141731847727,0.38737345954664937,0.38760501207479153,0.38783638963070466,0.38806759241264005,0.3882986206185496,0.3885294744460863,0.3887601540926049,0.38899065975516245,0.389220991630519,0.3896811348051862,0.38991094649653607,0.39014058518476435,0.39037005106515377,0.39059934433269305,0.39082846518207776,0.3910574138077108,0.3912861904037029,0.3915147951638732,0.39174322828174973,0.39219958036328206,0.3924274997125437,0.3926552481907243,0.39288282598990504,0.39311023330187905,0.3933374703181522,0.3935645372299439,0.3937914342281872,0.3940181615035294,0.3942447192463331,0.3946973268943513,0.3949233771788697,0.39514925868945844,0.39537497161506197,0.39560051614434333,0.39582589246568384,0.3960511007671841,0.3962761412366642,0.3965010140616646,0.3967257194294462,0.39717462854100394,0.3973988326579102,0.3976228700638592,0.39784674094472305,0.39807044548609777,0.3982939838733038,0.3985173562913861,0.39874056292511534,0.3989636039589878,0.39918647957722586,0.399631735302325,0.39985411577626734,0.4000763315687397,0.4002983828626038,0.4005202698404509,0.4007419926846025,0.4009635515771098,0.40118494669975535,0.4014061782340529,0.4016272463612481,0.4020688931179759,0.40228947210866356,0.4025098884145598,0.4027301422155769,0.40295023369136207,0.4031701630212976
0.8141414141414142,0.10335618621621227,0.08749978069930259,0.07587166885539749,0.06697951172461039,0.059959323594111914,0.054276256165266636,0.04958149532977374,0.04563784749386108,0.04227839864696492,0.039382280022796846,0.03685981479472076,0.034643065972374855,0.03267962502057155,0.030928414979093218,0.0293567849307812,0.027938454868953376,0.02665203409041634,0.02547993468376546,0.024407562424060072,0.02342270581755671,0.022515068898453193,0.021675909808900374,0.020897758234127175,0.020174192324405617,0.01949966098924289,0.018869341149904018,0.018279022182179725,0.017725011692252823,0.017204058169328795,0.016713287089068163,0.016250147817361702,0.0158123692414494,0.015397922500559427,0.015004989524641623,0.014631936351930448,0.014277290399541445,0.01393972102025471,0.013618022804213932,0.013311101183630578,0.013017959979061489,0.01273769058701622,0.01246946256347522,0.0122125153964928,0.011966151296756822,0.011729728861762314,0.011502657493364226,0.011284392464922695,0.01107443055269971,0.010872306157265595,0.010677587851484045,0.01048987530204464,0.010308796517783618,0.01013400538516502,0.009965179456437299,0.009802017961045755,0.009644240014003736,0.009491582999252837,0.009343801108125889,0.009200664015911733,0.009061955681581793,0.00892747325742065,0.008797026097032019,0.008670434851558701,0.00854753064504789,0.008428154320940873,0.008312155752878294,0.008199393213097182,0.008089732793275866,0.007983047872594247,0.007879218628623999,0.007778131587124323,0.00767967920710685,0.007583759498063225,0.007490275666418561,0.007399135788686434,0.007310252508976513,0.0072235427587758385,0.007138927497101686,0.007056331469343765,0.00697568298320818,0.006896913700392962,0.006819958442728773,0.006744755011588919,0.006671244019551024,0.006599368733356742,0.00652907492726873,0.006460310746042998,0.006393026576798664,0.00632717492910422,0.006262710322678475,0.006199589182147294,0.006137769738341982,0.006077211935678704,0.006017877345167074,0.005959729082675058,0.005902731732072214,0.0058468512729103386,0.005792055012345349,0.005738311520998304,0.005685590572505267,0.39203388931802396,0.39227321578197144,0.3925123538978614,0.392751303887949,0.3929900659741398,0.39346702732071065,0.3937052270231602,0.393943239705854,0.39418106558896016,0.39441870489230146,0.39465615783535574,0.3948934246372569,0.39513050551679546,0.39536740069241905,0.39560411038223314,0.3960769741751491,0.39631312871275776,0.39654909863357174,0.3967848841539965,0.39702048549009894,0.39725590285760876,0.3974911364719189,0.39772618654808617,0.3979610533008316,0.3981957369445421,0.3986645557607334,0.3988986913603192,0.3991326447050808,0.3993664160077405,0.39960000548068964,0.39983341333598915,0.40006663978537055,0.40029968504023616,0.4005325493116601,0.40076523281038884,0.401230058331111,0.40146220077296424,0.4016941632818432,0.4019259460668652,0.40215754933682346,0.40238897330018814,0.4026202181651067,0.4028512841394044,0.4030821714305854,0.4033128802458325,0.40377376327565795,0.4040039379030041,0.4042339348799534,0.40446375441209437,0.4046933967046982,0.40492286196271976,0.40515215039079794,0.4053812621932564,0.4056101975741041,0.40583895673703596,0.4062959472223651,0.4065241789505875,0.40675223527254495,0.4069801163903714,0.4072078225058899,0.4074353538206138,0.4076627105357471,0.40788989285218524,0.4081169009705154,0.40834373509101746,0.40879688213812243,0.40902319546375276,0.40924933558961096,0.40947530271444815,0.4097010970367115,0.4099267187545447,0.4101521680657888,0.4103774451679824,0.4106025502583625,0.4108274835338653,0.41127683542647986,0.4115012544359635,0.41172550241531386,0.41194957955997025,0.412173486065074,0.4123972221254694,0.4126207879357044,0.4128441836900307,0.41306740958240473,0.41329046580648815,0.4137360700229585,0.41395861840119946,0.41418099788285884,0.41440320866013247,0.4146252509249245,0.41484712486884834
0.8525252525252526,0.10204876022244411,0.08639446790711869,0.07491456873878492,0.0661357474752892,0.059205032133759695,0.05359439243926345,0.04895946082136036,0.045066067331513,0.0417494257094171,0.03889020797373301,0.03639988046049261,0.03421137221204113,0.03227294277508941,0.03054403882153015,0.028992425654465737,0.02759215827363294,0.026322118655687565,0.025164943092400215,0.024106223400256064,0.023133903752051963,0.02223781943077241,0.021409340016166043,0.020641090421699704,0.019926730660753646,0.019260780405694296,0.01863847806038678,0.01805566667576476,0.017508700927223182,0.016994370752433992,0.016509838270616282,0.016052585361795196,0.015620369864430177,0.015211188780707263,0.014823247216579443,0.014454932039157185,0.014104789437466052,0.013771505726643651,0.013453890862896103,0.01315086423150889,0.01286144235175216,0.012584728202591313,0.012319901926112747,0.012066212704970816,0.01182297164487462,0.01158954551969268,0.011365351259792607,0.011149851082385294,0.010942548178708798,0.01074298288437005,0.010550729271895392,0.01036539211117363,0.01018660415291482,0.010014023695640766,0.009847332401977993,0.009686233335370949,0.009530449191381494,0.009379720701609924,0.009233805190724094,0.009092475270080946,0.008955517652565779,0.008822732076191409,0.008693930324781511,0.008568935335666383,0.008447580385561275,0.008329708346737566,0.008215171006470146,0.008103828443614378,0.007995548456792654,0.007890206039210788,0.007787682895818072,0.007687866998815771,0.007590652178027488,0.0074959377430057995,0.007403628133982765,0.007313632599201274,0.007225864896262915,0.00714024301551048,0.007056688923467097,0.006975128324756599,0.006895490440911724,0.006817707804709472,0.006741716068761584,0.006667453827248029,0.00659486244971955,0.006523885926052369,0.006454470721676835,0.0063865656423013496,0.00632012170741444,0.006255092031895797,0.006191431715149385,0.006129097737205554,0.006068048861275146,0.006008245542306723,0.005949649841109905,0.005892225343658677,0.0058359370852151095,0.005780751478931565,0.005726636248640401,0.005673560365533126,0.005621493988481123,0.4030707855766877,0.4033123800997385,0.4035537791413201,0.40379498293859134,0.40403599172832805,0.40451742523038703,0.4047578504143501,0.4049980815340615,0.40523811882439115,0.4054779625198297,0.40571761285449026,0.40595707006210824,0.4061963343760426,0.4064354060292763,0.40667428525441784,0.4071514673489848,0.407389770681758,0.4076278825131357,0.40786580307386183,0.4081035325943098,0.40834107130448366,0.4085784194340176,0.4088155772121783,0.40905254486786435,0.40928932262960754,0.4097623093835633,0.40999851883101174,0.41023453929499104,0.4104703710022096,0.4107060141790136,0.41094146905138734,0.4111767358449542,0.4114118147849772,0.4116467060963596,0.41188141000364614,0.4123502565023195,0.41258439954100745,0.4128183560702033,0.41305212631266786,0.4132857104908074,0.41351910882667436,0.41375232154196795,0.4139853488580349,0.41421819099587,0.4144508481761171,0.41491560854467147,0.4151477121725172,0.4153796317218532,0.4156113674115783,0.4158429194602442,0.4160742880860567,0.41630547350687575,0.41653647594021637,0.4167672956032496,0.4169979327128029,0.4174586601370658,0.4176887508837187,0.4179186599407797,0.4181483875233689,0.4183779338462667,0.4186072991239148,0.41883648357041686,0.419065487399539,0.4192943108247105,0.4195229540590247,0.41997970080577673,0.4202078047427263,0.42043572933784307,0.4206634748025494,0.4208910413479356,0.42111842918476017,0.42134563852345097,0.42157266957410555,0.42179952254649195,0.42202619765004895,0.42247901508679025,0.4227051578372137,0.4229311235532872,0.4231569124428147,0.4233825247132751,0.4236079605718226,0.4238332202252879,0.4240583038801782,0.42428321174267813,0.4245079440186507,0.4249568826328587,0.4251810893812157,0.4254051213632897,0.425628978783343,0.42585266184532006,0.4260761707528476
0.890909090909091,0.10086137286810784,0.08539070447647472,0.07404545921642831,0.06536960538295414,0.05852017725188426,0.05297533889867767,0.04839476254570929,0.04454702530483775,0.04126927403166637,0.03844358058720533,0.0359824499006571,0.03381959782711449,0.03190389088318768,0.03019525147379328,0.02866182304865215,0.027277964969954414,0.026022806950771794,0.02487918897720339,0.02383287188889931,0.022871941286200924,0.021986351694688225,0.02116757393801987,0.02040831944705687,0.019702322609843566,0.019044167388724498,0.018429148045988178,0.017853156397812278,0.017312589883029004,0.016804276096813515,0.01632541044935969,0.015873504361004858,0.01544634197293036,0.015041943784634795,0.014658535957839978,0.014294524283505528,0.013948472005133288,0.013619080848843113,0.013305174731109353,0.01300568571396294,0.01271964185382005,0.01244615665260034,0.012184419870064911,0.01193368949670053,0.01169328471958954,0.011462579740936911,0.011240998331028016,0.011028009015812197,0.01082312081445618,0.010625879454919092,0.010435864006141049,0.010252683874442954,0.010075976118705952,0.009905403045854362,0.009740650052889741,0.009581423686542736,0.009427449895377344,0.009278472452375579,0.009134251529020128,0.008994562404054432,0.008859194292377073,0.00872794928121788,0.008600641362285506,0.008477095549958378,0.008357147076732803,0.008240640658048335,0.008127429819810057,0.008017376282219641,0.007910349394667171,0.007806225616749659,0.0077048880410627765,0.0076062259539302025,0.007510134430580874,0.007416513961702239,0.007325270108450061,0.007236313183615236,0.00714955795642856,0.007064923379209767,0.006982332333819508,0.006901711396367162,0.0068229906186056,0.006746103324695052,0.0066709859220337765,0.006597577725072618,0.006525820791080708,0.006455659766910046,0.006387041745928872,0.006319916134327395,0.006254234526106215,0.006189950586075838,0.006127019940291602,0.006065400073372085,0.006005050232198058,0.0059459313355417764,0.005888005889198561,0.005831237906236154,0.005775592832007364,0.005721037473594172,0.005667539933378302,0.005615069546472775,0.005563596821732336,0.4137143197758285,0.4139578697720788,0.4142012175052616,0.4144443632272349,0.41468730718943886,0.41517259083821506,0.4154149310255855,0.4156570704547847,0.41589900937517627,0.41614074803571033,0.41638228668492544,0.41662362557094906,0.41686476494149804,0.4171057050438805,0.4173464461249953,0.41782733220898083,0.41806747770361463,0.4183074251605086,0.4185471748245318,0.4187867269401494,0.41902608175142425,0.4192652395020172,0.41950420043518805,0.41974296479379625,0.419981532820302,0.42045808084485486,0.42069606132583276,0.4209338464405712,0.4211714364295457,0.4214088315328372,0.42164603199013306,0.4218830380407274,0.42211984992352275,0.4223564678770298,0.4225928921393692,0.42306516054107934,0.42330100515474595,0.42353665702583804,0.4237721163905356,0.42400738348463296,0.4242424585435396,0.42447734180228064,0.42471203349549796,0.424946533857451,0.4251808431220171,0.42564888929259426,0.42588262666445836,0.42611617387064293,0.4263495311431283,0.4265826987135172,0.4268156768130365,0.42704846567253674,0.4272810655224941,0.4275134765930106,0.4277456991138147,0.42820957942333804,0.42844123766965436,0.42867270828145426,0.42890399148661074,0.4291350875126282,0.42936599658664276,0.4295967189354233,0.42982725478537215,0.43005760436252555,0.4302877678925548,0.4307475377121047,0.4309771444511488,0.43120656604211727,0.43143580270886656,0.4316648546748927,0.43189372216333155,0.43212240539695984,0.4323509045981954,0.43257921998909865,0.4328073517913726,0.4332630655150637,0.4334906478781081,0.43371804753577864,0.43394526470800376,0.4341722996143588,0.4343991524740671,0.4346258235060003,0.4348523129286799,0.4350786209602766,0.4353047478186124,0.43575645888504605,0.43598204352704717,0.4362074478635954,0.4364326721107762,0.43665771648433016,0.4368825811996534
0.9292929292929294,0.09977999735014453,0.08447662278626665,0.07325405606776791,0.06467201206291225,0.057896641486503864,0.05241175192210981,0.04788069614215955,0.044074554031312975,0.04083223365678198,0.03803708223891238,0.03560255094165456,0.03346307246387544,0.03156806631713122,0.029877888333879957,0.028361026483257286,0.026992117423961712,0.02575051657511892,0.02461924950355511,0.02358423104132921,0.02263367563956821,0.02175764646297205,0.020947706575247756,0.020196646231597528,0.019498267580480486,0.018847213157192,0.018238828115244972,0.017669048699325094,0.01713431130912746,0.016631477848344747,0.0161577740579631,0.015710738271491196,0.015288178593919002,0.014888136932431628,0.014508858632227346,0.014148766725077366,0.013806439992548332,0.013480594201167395,0.013170065986304562,0.012873798959386736,0.012590831688022885,0.012320287261306151,0.012061364201403389,0.011813328523412943,0.01157550677702016,0.0113472799322489,0.011128077991083332,0.010917375227115698,0.010714685969234273,0.010519560858141175,0.010331583514979108,0.01015036757014249,0.009975554007482559,0.009806808785950938,0.009643820704796127,0.009486299484291931,0.00933397403668087,0.009186590905935288,0.009043912857074874,0.008905717599099383,0.008771796626395616,0.008641954166477712,0.008516006222608475,0.00839377970149884,0.008275111617472282,0.008159848365258704,0.008047845054746601,0.007938964901511263,0.007833078667810276,0.007730064149215446,0.0076298057025638855,0.007532193811420942,0.007437124685685105,0.007344499892112372,0.00725422601310312,0.007166214331311133,0.007080380537633696,0.006996644460808435,0.006914929816637105,0.00683516397518372,0.006757277744607548,0.0066812051700586884,0.006606883346582913,0.006534252244851411,0.006463254548680114,0.006393835503468471,0.0063259427746695,0.006259526315548634,0.006194538243518677,0.006130932724407995,0.006068665864080518,0.0060076956068615085,0.005947981640280922,0.005889485305679676,0.005832169514257246,0.005775998668185519,0.005720938586431491,0.005666956434964049,0.005614020661044883,0.0055621009313323744,0.005511168073536005,0.4239851471889177,0.4242303684565991,0.42447538102174215,0.4247201851506667,0.42496478110923996,0.42545334957654224,0.4256973226147492,0.4259410885415632,0.42618464762060093,0.426428000115032,0.42667114628757974,0.4269140864005224,0.4271568207156935,0.42739934949448355,0.42764167299784006,0.4281257052198376,0.4283674144581702,0.4286089194604545,0.42885022048544,0.4290913177914392,0.4293322116363287,0.4295729022775498,0.42981338997210994,0.4300536749765831,0.43029375754711124,0.4307733164087432,0.4310127932099773,0.4312520685975285,0.43149114282539064,0.4317300161471306,0.43196868881588923,0.4322071610843826,0.4324454332049023,0.4326835054293166,0.4329213780090714,0.43339652523827926,0.43363380038851995,0.4338708768956782,0.434107755009101,0.4343444349777181,0.43458091705004304,0.43481720147417413,0.4350532884977949,0.4352891783681754,0.4355248713321725,0.4359956675263869,0.4362307712482621,0.4364656790470716,0.4367003911676215,0.4369349078543099,0.4371692293511284,0.43740335590166246,0.4376372877490923,0.43787102513619414,0.4381045683053402,0.4385710729572439,0.4388040349227368,0.43903680363574643,0.43926937933664084,0.4395017622653893,0.4397339526615635,0.4399659507643383,0.4401977568124926,0.44042937104441027,0.4406607936980806,0.44112306522066974,0.441353914563603,0.44158457327631917,0.441815041594848,0.4420453197548298,0.44227540799151627,0.44250530653977105,0.44273501563407075,0.44296453550850573,0.4431938663967808,0.44365196214774777,0.44388072747592905,0.4441093047489306,0.44433769419854163,0.4445658960561704,0.4447939105528457,0.44502173791921645,0.4452493783855535,0.44547683218175027,0.44570409953732265,0.44615807584278017,0.4463847852498203,0.4466113091305479,0.4468376477126064,0.4470638012232668,0.44728976988942887
0.9676767676767678,0.09879270936692597,0.08364213414205522,0.07253161670862517,0.0640352543108673,0.05732752430019686,0.051897388846004554,0.04741156240688547,0.04364341081356777,0.04043345076260377,0.037666194343774384,0.03525595697834351,0.0331378261065249,0.03126172632507873,0.029588409344679194,0.02808667780656561,0.026731421642192933,0.025502202422928444,0.02438221521858641,0.023357515512543135,0.02241643544361522,0.021549137403531766,0.020747268705712654,0.020003691599751586,0.019312270124667043,0.01866770031402747,0.018065373803530127,0.017501267417816813,0.016971853141551696,0.01647402421480929,0.016005034081633323,0.015562445657019442,0.015144088933873978,0.014748025372093012,0.014372517838634118,0.014016005112388255,0.013677080166791238,0.013354471592324961,0.013047027641446114,0.012753702474306405,0.012473544259157301,0.012205684841581988,0.01194933074710891,0.011703755320059928,0.011468291835075821,0.011242327443567679,0.011025297839258224,0.010816682545478136,0.010616000740844312,0.010422807553174833,0.010236690761407334,0.010057267853978313,0.009884183399817859,0.00971710669340009,0.00955572964147154,0.009399764862893718,0.009248943976852164,0.00910301605816745,0.008961746240799357,0.008824914453369715,0.008692314272284165,0.008563751879902468,0.008439045116768185,0.008318022617971384,0.008200523025283924,0.008086394267232264,0.00797549290044527,0.007867683506320658,0.007762838137569267,0.007660835809984017,0.007561562035088985,0.007464908389993379,0.007370772120920489,0.007279055777466189,0.007189666874817432,0.007102517581430402,0.007017524430012356,0.006934608049793194,0.006853692918234883,0.006774707130598784,0.006697582185877158,0.0066222527877472905,0.006548656659328387,0.006476734370638401,0.006406429177756451,0.006337686872759992,0.00627045564361842,0.0062046859432645885,0.006140330367169401,0.006077343538763547,0.00601568200214069,0.005955304121497663,0.005896169986828783,0.005838241325422924,0.005781481418753406,0.005725855024376249,0.005671328302495646,0.005617868746864175,0.0055654451197355405,0.005514027390582202,0.005463586678332625,0.4339025022387241,0.43414913619723544,0.43439555534532986,0.43464175996352516,0.4348877503318503,0.4353790894365732,0.43562443873059786,0.4358695748900087,0.43611449819240977,0.4363592089149234,0.4366037073341906,0.4368479937263732,0.43709206836715386,0.4373359315317375,0.43757958349485276,0.43806625491321344,0.43830927491554167,0.4385520848105683,0.43879468487065376,0.4390370753676879,0.4392792565730908,0.43952122875781446,0.43976299219234294,0.4400045471466939,0.44024589389041985,0.44072796382188373,0.4409686875464077,0.44120920413388065,0.4414495138515425,0.4416896169661733,0.44192951374409495,0.4421692044511716,0.4424086893528111,0.4426479687139652,0.44288704279913166,0.4433645761972242,0.4436030360368809,0.4438412916540133,0.4440793433108605,0.4443171912692126,0.44455483579041205,0.4447922771353545,0.4450295155644895,0.44526655133782184,0.44550338471491197,0.4459764453163941,0.4462126730576959,0.4464486994365769,0.44668452471039194,0.4469201491360571,0.4471555729700517,0.44739079646841784,0.4476258198867626,0.44786064348025795,0.4480952675036425,0.44856391785686983,0.4487979446940291,0.44903177297571256,0.4492654029545037,0.4494988348825578,0.4497320690116032,0.4499651055929411,0.45019794487744785,0.4504305871155748,0.4506630325573499,0.45112733404984157,0.45135919059850316,0.4515908513467043,0.45182231654236754,0.45205358643299715,0.45228466126567957,0.4525155412870848,0.4527462267434674,0.45297671788066635,0.4532070149441073,0.45366702782935214,0.4538967441399446,0.4541262673543581,0.4543555977159611,0.4545847354677133,0.4548136808521664,0.45504243411146494,0.4552709954873474,0.45549936522114687,0.45572754355379164,0.45618332697731395,0.4564109325480333,0.4566383476772835,0.45686557260398325,0.4570926075666514,0.45731945280340847
1.006060606060606,0.09788930523382325,0.08287860565732004,0.07187066017123339,0.06345273203575069,0.056806921031565635,0.051426907975427524,0.046982484703475325,0.04324910966484122,0.040068772137513774,0.0373270505646324,0.03493905153244761,0.03284046184868884,0.030981668478580207,0.029323785530755507,0.027835903706160656,0.026493144788270535,0.02527525906615486,0.02416559677723865,0.02315034216047797,0.02221793508997286,0.021358628791964086,0.020564147704318168,0.01982741998251211,0.01914236632163259,0.018503731729186828,0.017906950391898806,0.017348036282115707,0.01682349396022374,0.016330245352327313,0.01586556926259297,0.01542705110873204,0.01501254092008405,0.014620118056072249,0.014248061423173823,0.013894824215656909,0.013559012398696358,0.013239366302103872,0.012934744812900894,0.012644111747879303,0.012366524063838629,0.012101121622378561,0.011847118275433038,0.011603794076864926,0.01137048845739238,0.01114659422687996,0.01093155228964588,0.010724846974670592,0.010526001900131627,0.01033457630144057,0.010150161763670562,0.009972379307128814,0.009800876782480157,0.009635326537659543,0.00947542332409793,0.009320882414077658,0.009171437904804187,0.00902684118788401,0.008886859565834269,0.008751274999205328,0.008619882970309594,0.008492491451040616,0.008368919963795756,0.008248998725877588,0.00813256786885622,0.0080194767253176,0.007909583176278434,0.0078027530534290025,0.0076988595907899905,0.007597782921160312,0.0074994096131081,0.007403632244766636,0.00731034901102975,0.007219463361228473,0.007130883664402525,0.007044522899907757,0.006960298371060618,0.006878131439862822,0.006797947281017822,0.006719674653631118,0.006643245689099844,0.006568595693926743,0.0064956629661721,0.006424388624505799,0.006354716448860828,0.006286592731751139,0.006219966139457982,0.0061547875823161026,0.006091010093413174,0.006028588715073073,0.005967480392543895,0.005907643874377604,0.005849039618984324,0.005791629706951208,0.0057353777586997,0.00568024885710529,0.005626209474737988,0.005573227405405953,0.005521271699703924,0.005470312604297787,0.005420321504698272,0.4434843185632011,0.4437321297910847,0.4439797204211545,0.44422709074783867,0.4444742410650416,0.4449678828440104,0.445214374890977,0.4454606480988663,0.4457067027589818,0.4459525391621098,0.44619815759852105,0.4464435583579721,0.44668874172970585,0.446933708002453,0.4471784574644332,0.447667307106423,0.44791140786032657,0.44815529295125345,0.44839896266488494,0.44864241728639775,0.4488856571004653,0.44912868239125897,0.4493714934424492,0.44961409053720636,0.44985647395820216,0.4503406009071086,0.450582344997878,0.4508238765406064,0.4510651958154875,0.45130630310222297,0.45154719868002313,0.4517878828276086,0.4520283558232106,0.45226861794457235,0.4525086694689503,0.45298814183335273,0.453227563225465,0.45346677512477157,0.4537057778061103,0.4539445715438385,0.45418315661183384,0.45442153328349594,0.4546597018317467,0.45489766252903174,0.4551354156473213,0.455610300232425,0.4558474322408123,0.45608435775335293,0.45632107703965596,0.45655759036886145,0.45679389800964115,0.4570300002302001,0.4572658972982769,0.4575015894811451,0.4577370770456143,0.45820743938427966,0.45844231468978347,0.458676986439506,0.4589114548979513,0.4591457203291656,0.4593797829967379,0.4596136431638013,0.45984730109303373,0.46008075704665874,0.4603140112864472,0.46077991566933685,0.4610125663337224,0.461245016326842,0.46147726590821514,0.46170931533691395,0.4619411648715646,0.46217281477034744,0.4624042652909986,0.4626355166908106,0.4628665692266337,0.46332807873150655,0.4635585362120525,0.46378879585160376,0.4640188579048119,0.4642487226258922,0.46447839026862314,0.4647078610863491,0.46493713533197994,0.4651662132579924,0.4653950951164313,0.4658522716366113,0.4660805668002892,0.4663086669002686,0.466536572186447,0.4667642829082954,0.4669917993148588
1.0444444444444445,0.09706100073211237,0.08217860544531568,0.07126474627876891,0.06291876342700876,0.05632974857981414,0.05099571087830299,0.04658926497940671,0.042887788848997,0.03973462253820395,0.03701632263445656,0.03464872144463809,0.03256805556472694,0.03072513608225429,0.029081409526041116,0.02760623082848,0.026274934447138257,0.02506744377778918,0.02396725139001351,0.022960659628406526,0.0220362071896621,0.021184230621690437,0.020396525106557806,0.0196660792539932,0.01898686572875734,0.018353674461053893,0.017761978668966432,0.017207826399697042,0.016687752094609074,0.016198703993009378,0.01573798416152461,0.015303198658841,0.014892215893687466,0.014503131644145484,0.014134239529461117,0.013784005966968303,0.013451048838739344,0.013134119242953062,0.012832085821413089,0.012543921248800152,0.012268690543505083,0.01200554092003717,0.011753692950738168,0.011512432843777485,0.011281105676826338,0.011059109450363543,0.010845889847975061,0.010640935606906661,0.010443774417580693,0.01025396928327111,0.010071115280338723,0.009894836668736107,0.009724784309428596,0.009560633351226287,0.009402081154902644,0.009248845426701489,0.009100662536810775,0.00895728600203032,0.00881848511399362,0.008684043697086403,0.00855375898189032,0.008427440581778784,0.008304909561874319,0.008185997590811796,0.008070546166703472,0.007958405910050322,0.00784943591668051,0.007743503165163764,0.0076404819730923525,0.007540253497856697,0.007442705277625884,0.007347730808742847,0.007255229156315204,0.00716510459493783,0.0070772662768779915,0.006991627925305245,0.006908107550386622,0.006826627186275104,0.0067471126472250665,0.006669493301269963,0.006593701859892276,0.0065196741825383564,0.0064473490946434266,0.006376668218138648,0.006307575813465273,0.006240018632164485,0.006173945779263065,0.006109308584643519,0.0060460604828062505,0.005984156900306101,0.005923555150357219,0.005864214334057435,0.005806095247748935,0.005749160296085885,0.00569337341038851,0.005638699971932527,0.005585106739806373,0.005532561783042511,0.005481034416716117,0.005430495141748235,0.005380915588169555,0.45274733711433207,0.4529961111515669,0.45324465911260386,0.45349298130547694,0.4537410780376606,0.45423659634706937,0.4544840185364582,0.4547312164894879,0.4549781905108554,0.4552249409047058,0.45547146797463334,0.45571777202368335,0.455963853354353,0.45620971226859264,0.45645534906780705,0.4569459575240585,0.4571909297811883,0.4574356811234806,0.4576802118496307,0.4579245222577956,0.45816861264559544,0.4584124833101144,0.45865613454790194,0.4588995666549742,0.45914277992681535,0.4596285511440856,0.45987110967783235,0.46011345055298536,0.4603555740623856,0.4605974804983484,0.46083917015266573,0.4610806433166067,0.4613219002809185,0.4615629413358285,0.46180376677104407,0.46228477193863515,0.4625249522478404,0.46276491809101356,0.4630046697552836,0.46324420752726736,0.4634835316930701,0.4637226425382875,0.4639615403480058,0.46420022540680406,0.46443869799875426,0.464915006915873,0.4651528438066626,0.46539046936184897,0.46562788386298776,0.4658650875911349,0.4661020808268474,0.4663388638501847,0.4665754369407096,0.46681180037748915,0.4670479544390963,0.4675196355486193,0.4677551631512186,0.4679904824880146,0.4682255938351246,0.46846049746817775,0.46869519366231654,0.4689296826921977,0.46916396483199335,0.469398040355392,0.4696319095355997,0.4700990299568595,0.47033228174192043,0.4705653282718102,0.470798169817338,0.4710308066488367,0.4712632390361645,0.471495467248705,0.4717274915553689,0.4719593122245951,0.4721909295243511,0.47265355508497486,0.4728845638794325,0.47311537037160173,0.4733459748271106,0.4735763775111226,0.4738065786883374,0.4740365786229916,0.47426637757886025,0.4744959758192576,0.4747253736070381,0.4751835688738729,0.4754123668763463,0.4756409654730428,0.47586936492453275,0.47609756549093296,0.47632556743190735
1.082828282828283,0.09630019138092567,0.08153569978291908,0.07070829986421048,0.062428429860100915,0.05589160664238857,0.05059981684621471,0.04622826914634906,0.04255610543997244,0.03942790706394026,0.03673112946739565,0.03438227185469536,0.032318076047120274,0.030489742877800246,0.028859024350844434,0.027395518213293286,0.026074754358419706,0.024876815257644052,0.023785324276068845,0.022786692290873663,0.021869548811272645,0.02102430695295976,0.020242826908406522,0.019518152841491054,0.018844305174067877,0.018216115118017382,0.017629091758793347,0.017079314456727612,0.01656334511217347,0.01607815614480904,0.015621070997959332,0.015189714698754107,0.014781972544966238,0.014395955402796637,0.014029970411803316,0.013682496140395897,0.013352161421672884,0.013037727249377589,0.012738071229418613,0.012452174176365776,0.012179108516678725,0.011918028221884496,0.011668160039890763,0.011428795834556074,0.011199285872595204,0.010979032924324306,0.01076748706534214,0.010564141083729146,0.010368526412141206,0.010180209516302703,0.009998788680805979,0.009823891142711252,0.009655170529231276,0.009492304563031897,0.009334993002756673,0.009182955791261493,0.009035931387492653,0.008893675261149798,0.008755958531784742,0.00862256673654614,0.008493298712535726,0.008367965581546795,0.008246389826390128,0.008128404449356268,0.008013852204364425,0.007902584895396492,0.007794462734651405,0.007689353754555752,0.007587133268471729,0.007487683375333898,0.007390892504292558,0.007296654995466897,0.007204870713623126,0.0071154446917306114,0.007028286801789463,0.00694331145048296,0.0068604372975243745,0.006779586994717701,0.006700686944046066,0.006623667073076283,0.006548460626362479,0.0064750039714669885,0.006403236418437335,0.006333100051664303,0.00626453957314142,0.006197502156229178,0.006131937309114163,0.006067796747225129,0.006005034273917694,0.005943605668827345,0.005883468583299451,0.005824582442394524,0.0057669083529861,0.005710409017514977,0.00565504865299463,0.005600792914901833,0.005547608825610989,0.005495464707061716,0.005444330117361277,0.005394175791069615,0.005344973582907483,0.46170720365780504,0.46195674504072237,0.4622060551664202,0.4624551343562189,0.46270398293084364,0.4632009895145054,0.4634491481620304,0.46369707747135974,0.4639447777602644,0.46419224934592834,0.4644394925449501,0.4646865076733442,0.46493329504654235,0.4651798549793948,0.4654261877861718,0.4659181732756882,0.4661638265840798,0.46640925401770283,0.46665445588794724,0.46689943250563076,0.46714418418100034,0.4673887112237336,0.46763301394293944,0.4678770926471606,0.4681209476443739,0.46860798774686346,0.4688511734652774,0.4690941367029605,0.4693368777650813,0.4695793969562502,0.46982169458052087,0.470063770941392,0.47030562634180795,0.4705472610841604,0.47078867547028946,0.4712708443784882,0.47151159950149174,0.4717521354701424,0.47199245258354133,0.472232551140246,0.47247243143827083,0.4727120937750885,0.47295153844763194,0.4731907657522943,0.47342977598493124,0.47390714641486914,0.4741455072012027,0.4743836520935785,0.474621581385181,0.474859295368664,0.47509679433615165,0.4753340785792401,0.4755711483889984,0.4758080040559698,0.47604464587017287,0.4765172890977322,0.4767532910885129,0.4769890803813766,0.47722465726373636,0.4774600220224876,0.4776951749440093,0.477930116314165,0.47816484641830437,0.47839936554126405,0.4786336739673689,0.4791016598637611,0.4793353379001493,0.47956880637188676,0.47980206556075644,0.4800351157480365,0.4802679572145007,0.48050059024042086,0.4807330151055669,0.4809652320892079,0.48119724147011433,0.48166063853631347,0.4818920267766598,0.48212320852438084,0.4823541840557665,0.48258495364661436,0.4828155175722302,0.48304587610742933,0.4832760295265378,0.48350597810339296,0.4837357221113455,0.48419459751151417,0.4844237294480047,0.48465265790414336,0.48488138315086055,0.485109905458606,0.48533822509734964
1.1212121212121213,0.09560025993625873,0.08094429023655297,0.07019646961962077,0.06197745135780595,0.05548866629305163,0.05023576208892658,0.045896335047123565,0.042251150652513454,0.03914593276452181,0.036468964177687684,0.03413735793278732,0.03208832087854415,0.03027341258367352,0.028654666223662195,0.02720190304008331,0.02589083281269596,0.02470168443165023,0.023618201650983318,0.02262689524509019,0.021716478310654295,0.0208774344389573,0.020101683660139646,0.019382321272252492,0.01871341165455182,0.01808982401587898,0.01750710045560111,0.016961349155534534,0.016449157290271774,0.015967519536132846,0.015513779012121254,0.015085578204572092,0.01468081795675981,0.014297623022407668,0.013934312985572555,0.013589377599046833,0.013261455775618736,0.012949317617195342,0.012651848980626195,0.012368038172608706,0.012096964438484641,0.011837787968921636,0.011589741196157457,0.011352121189659004,0.01112428299239795,0.010905633764987923,0.01069562762556223,0.010493761090721896,0.010299569037655656,0.010112621118892773,0.009932518572184657,0.009758891374667471,0.00959139569978938,0.009429711639250818,0.00927354115871954,0.00912260625976713,0.008976647323868492,0.00883542161824651,0.00869870194490233,0.008566275417458151,0.008437942351734133,0.008313515257904374,0.008192817923665503,0.008075684578847298,0.00796195913321824,0.007851494480101187,0.007744151859208356,0.007639800273006655,0.007538315951344988,0.0074395818597937325,0.007343487247581223,0.007249927231467429,0.007158802412239349,0.007070018520894695,0.006983486091888511,0.00689912016102902,0.0068168399858695074,0.006736568786740528,0.00665823350655405,0.0065817645878996234,0.006507095765972161,0.006434163876011129,0.006362908674113599,0.00629327267032509,0.006225200973050412,0.006158641143892212,0.006093543062117337,0.0060298587980071984,0.005967542494423772,0.005906550255978225,0.005846840045232742,0.0057883715854265706,0.005731106269246111,0.005675007073219075,0.005620038477309027,0.005566166389368877,0.0055133580741029775,0.005461582086222827,0.005410808207524518,0.005361007387606174,0.005312151687992642,0.47037855686574126,0.47062868736707975,0.47087858171584523,0.47112824024631383,0.4713776632921306,0.471875804261246,0.4721245228486953,0.47237300727979764,0.47262125788506754,0.4728692749943975,0.47311705893706024,0.4733646100417092,0.47361192863638085,0.47385901504849537,0.4741058696048588,0.4745988844544917,0.4748450453983138,0.475090975787492,0.4753366759457816,0.47558214619633166,0.475827386861687,0.4760723982637891,0.4763171807239779,0.4765617345629931,0.47680606010097554,0.4772940275514199,0.47753767010118187,0.4777810856245138,0.4780242744385835,0.4782672368599676,0.4785099732046542,0.47875248378804314,0.47899476892494824,0.4792368289295979,0.4794786641156371,0.4799616612835532,0.4802028238898135,0.480443762926233,0.4806844787035583,0.48092497153196034,0.4811652417210361,0.4814052895798091,0.4816451154167317,0.48188471953968565,0.4821241022559837,0.48260220469502657,0.4828409250295638,0.483079425181033,0.4833177054539213,0.48355576615215523,0.4837936075791011,0.48403123003756693,0.484268633829803,0.48450581925750413,0.48474278662180986,0.4852160683620286,0.4854523833374589,0.4856884814485309,0.48592436299362995,0.48616002827059385,0.4863954775767148,0.48663071120874,0.48686572946287376,0.4871005326347777,0.4873351210195729,0.48780365460562375,0.48803760039442773,0.4882713325712223,0.48850485142844224,0.48873815725798897,0.4889712503512313,0.4892041309990071,0.48943679949162455,0.48966925611886264,0.4899015011699733,0.4903653576981886,0.49059696975117,0.4908283713797799,0.49105956287065033,0.49129054450989323,0.49152131658310105,0.49175187937534864,0.49198223317119394,0.49221237825467895,0.4924423149093314,0.4929015640636843,0.49313087712787823,0.4933599828922289,0.49358888163770914,0.493817573644784,0.4940460591934123
1.1595959595959597,0.09495542056708874,0.08039948181529238,0.06972501383642536,0.06156208578103726,0.05511757978804808,0.04990051813488787,0.04559069795756754,0.041970381308186006,0.03888634518617176,0.03622763500476035,0.0339119296183513,0.03187686452264866,0.030074329956573425,0.028466618269639254,0.027023756713634866,0.02572162088121464,0.024540574626623273,0.023464472674228416,0.022479917880397413,0.021575700389631285,0.02074236875552791,0.019971898164464857,0.019257431048377325,0.018593072304757548,0.017973726166895583,0.017394965165135817,0.016852924047954305,0.016344213287157325,0.015865848073992318,0.015415189664417317,0.014989896637514726,0.014587884166309564,0.014207289805253907,0.013846444609415547,0.013503848640952045,0.013178150103798032,0.012868127495393138,0.012572674278052165,0.012290785664503034,0.012021547185380415,0.011764124763981365,0.01151775607221907,0.011281742977834701,0.01105544492636363,0.010838273125291509,0.01062968541897521,0.010429181760908837,0.01023630020317025,0.010050613336004892,0.00987172511902777,0.009699268055214276,0.0095329006650238,0.00937230522378764,0.009217185731585618,0.009067266087578336,0.008922288445376046,0.008782011729125056,0.008646210291601586,0.008514672699564074,0.008387200631853291,0.008263607878392849,0.008143719429670102,0.008027370647031263,0.007914406505622949,0.00780468090289832,0.007698056025681727,0.007594401770572055,0.0074935952122118865,0.007395520114976286,0.007300066484025908,0.007207130151980632,0.00711661239805837,0.007028419596657343,0.006942462892868991,0.006858657902370058,0.006776924433809664,0.006697186231528675,0.006619370737049228,0.006543408867683707,0.006469234810867188,0.006396785832923373,0.006326002101090339,0.006256826517760605,0.006189204565940155,0.006123084165097372,0.006058415536534776,0.0059951510776162144,0.005933245244139311,0.0058726544402580684,0.005813336915391669,0.005755252667622747,0.005698363353082428,0.005642632200930166,0.005588023933499109,0.005534504691265866,0.005482041962293832,0.005430604515849662,0.00538016233990695,0.005330686582269444,0.0052821494950773895,0.47877510804402035,0.47902566509422895,0.4792759813705506,0.4795260572198777,0.4797758929884365,0.4802748456648341,0.4805239632618097,0.4807728421562937,0.4810214826912061,0.4812698852088103,0.4815180500507148,0.48176597755787454,0.4820136680705927,0.48226112192852233,0.48250833947066746,0.48300206696038683,0.4832485775827397,0.4834948532388684,0.48374089426455674,0.48398670099494867,0.4842322737645507,0.48447761290723224,0.484722718756228,0.48496759164413955,0.48521223190293616,0.4857008158579111,0.4859447602148819,0.48618847326432585,0.48643195533507466,0.48667520675533765,0.4869182278527023,0.4871610189541361,0.48740358038598786,0.4876459124739894,0.4878880155432567,0.4883715359229836,0.48861295388060993,0.4888541441138386,0.4890951069447293,0.4893358426947342,0.48957635168470015,0.48981663423487,0.49005669066488355,0.4902965212937795,0.4905361264399966,0.49101466155515805,0.491253592157993,0.4914922985459331,0.4917307810344386,0.4919690399383783,0.49220707557203086,0.4924448882490861,0.49268247828264666,0.49291984598522903,0.4931569916687651,0.49363061822351156,0.49386709971567494,0.4941033604307009,0.49433940067761883,0.4945752207648814,0.49481082100036633,0.4950462016913775,0.49528136314464627,0.49551630566633303,0.49575102956202816,0.4962198226949646,0.4964538925405499,0.49668774497683404,0.4969213803065784,0.4971547988319824,0.4973880008546848,0.49762098667576515,0.497853756595745,0.4980863109145891,0.4983186499317069,0.4987826832556316,0.49901437815849164,0.49924585895173434,0.4994771259320111,0.4997081793954257,0.4999390196375353,0.5001696469533519,0.5004000616373433,0.5006302639834349,0.5008602542850106,0.5013195999254488,0.5015489558483828,0.5017781008949457,0.5020070353558327,0.5022357595212048,0.5024642736806899
1.1979797979797981,0.09436059177507514,0.07989697544987344,0.0692902072261547,0.06117904661324098,0.05477540701119346,0.04959142528616143,0.04530892982827486,0.04171156394314008,0.03864707662233185,0.036005217135992106,0.03370418655478775,0.03168201599283211,0.02989090087983156,0.028293372769808065,0.026859649050806476,0.025565758352154782,0.024392189092684924,0.023322898416708315,0.02234457416709623,0.02144607759994559,0.020618017224947063,0.01985241913522151,0.019142469264610922,0.018482309906829687,0.017866877620879667,0.017291773023297128,0.01675315538225367,0.01624765667137191,0.015772311016421767,0.015324496412458095,0.01490188629165163,0.014502409052339063,0.0141242140634521,0.013765642967306185,0.013425205340915212,0.01310155796354124,0.0127934870810908,0.012499893175437553,0.012219777833170329,0.011952232385866242,0.011696428047821148,0.011451607326775049,0.011217076519056393,0.010992199133580816,0.0107763901127874,0.010569110740183503,0.01036986414123794,0.010178191298423567,0.00999366751315746,0.009815899257323402,0.009644521365074226,0.009479194522902024,0.009319603021642602,0.009165452739004883,0.009016469325464785,0.008872396570282175,0.008732994926714437,0.008598040178921962,0.00846732223481377,0.008340644031168298,0.008217820539083931,0.008098677859127022,0.007983052396939734,0.00787079011103921,0.0077617458255142225,0.007655782601379018,0.007552771160447803,0.007452589357029732,0.007355121692779504,0.007260258870513847,0.0071678973835406536,0.007077939137226683,0.006990291099802251,0.00690486497990052,0.006821576928423651,0.006740347262595711,0.006661100210403955,0.006583763673548911,0.0065082690074767914,0.006434550817009435,0.006362546766322165,0.0062921974021132865,0.006223445988872081,0.006156238355341561,0.006090522751262666,0.006026249713614936,0.005963371941631481,0.005901844179921947,0.005841623109091023,0.005782667243308606,0.005724936834307161,0.005668393781356608,0.005613001546772467,0.005558725076572528,0.005505530725923048,0.005453386189026925,0.0054022604331640045,0.005352123636589085,0.005302947130030655,0.00525470334154754,0.48690971340609407,0.4871605486750723,0.48741113881141096,0.48766148417427374,0.4879115851221233,0.4884110552031374,0.4886604250497361,0.48890955190819335,0.48915843613349086,0.4894070780799191,0.4896554781010794,0.48990363654988495,0.49015155377856306,0.49039923013865655,0.4906466659810255,0.4911408175126263,0.49138753390017925,0.4916340111666534,0.4918802496595197,0.49212624972557634,0.49237201171095,0.49261753596109814,0.49286282282080973,0.49310787263420763,0.4933526857447498,0.4938416032277842,0.49408570828388276,0.4943295780043416,0.49457321272931826,0.49481661279831557,0.4950597785501826,0.49530271032311646,0.4955454084546631,0.49578787328172025,0.4960301051405379,0.496513871295227,0.4967554062603754,0.4969967095958414,0.4972377816346612,0.4974786227092328,0.4977192331513178,0.4979596132920423,0.4981997634618995,0.49843968399075,0.49867937520782374,0.4991580710204187,0.499397076271261,0.499635853520972,0.49987440309565173,0.5001127253207784,0.5003508205212105,0.5005886890211876,0.5008263311443318,0.5010637472136505,0.501300937551536,0.5017746423195155,0.5020111573913367,0.502247448015182,0.5024835145103946,0.5027193571957126,0.5029549763892693,0.5031903724085959,0.5034255455706221,0.5036604961916781,0.5038952245874951,0.5043640159633559,0.5045980795718834,0.5048319222121427,0.5050655441968945,0.5052989458383097,0.5055321274479704,0.5057650893368717,0.5059978318154227,0.5062303551934482,0.5064626597801898,0.5069266138138817,0.5071582638764123,0.5073896963788228,0.5076209116274601,0.5078519099280964,0.5080826915859298,0.508313256905587,0.5085436061911233,0.5087737397460245,0.5090036578732086,0.5094628490532629,0.5096921227091398,0.5099211821433152,0.5101500276558856,0.5103786595463874,0.5106070781137982
1.2363636363636366,0.0938112920323724,0.07943297969145029,0.06888876439752956,0.06082543544832511,0.05445955506890871,0.04930613796882924,0.045048889393659426,0.041472728909701106,0.038426303618133574,0.03580001314437266,0.03351254108084402,0.03150228408797733,0.029721719589323663,0.02813360015973874,0.02670831887134384,0.025422045757451724,0.024255384333213455,0.023192386377634083,0.02221981826023567,0.02132660694304343,0.02050341633491889,0.019742319565814546,0.01903654276494539,0.018380262779732592,0.017768446037658748,0.01719671910657797,0.016661263910576825,0.016158732290681384,0.015686175867862806,0.0152409881040682,0.014820856155352558,0.01442372064008035,0.014047741843786368,0.013691271191090815,0.01335282705060473,0.013031074125049651,0.012724805820142475,0.012432929103436264,0.012154451450806228,0.011888469554004244,0.011634159516131622,0.01139076831309284,0.011157606333189025,0.010934040839818669,0.01071949022650206,0.010513418954430047,0.010315333079976261,0.010124776293230544,0.009941326400662587,0.009764592195501187,0.00959421066577572,0.009429844499506297,0.009271179849722477,0.009117924328995925,0.00896980520609138,0.008826567781471362,0.008687973921364238,0.008553800732432932,0.008423839361784194,0.008297893908544756,0.00817578043517088,0.008057326067917614,0.007942368177348565,0.007830753630538041,0.0077223381078670595,0.007616985477999161,0.007514567225233708,0.007414961924322561,0.007318054758104605,0.0072237370740089015,0.0071319059758267545,0.0070424639474588714,0.0069553185058126256,0.00687038188023868,0.006787570716123839,0.006706805800650972,0.006628011808658241,0.006551117067041081,0.006476053336058353,0.006402755606188557,0.00633116190921298,0.006261213142423766,0.0061928529048839165,0.006126027344778644,0.006060685017009626,0.0059967767502268066,0.005934255522577345,0.005873076345520303,0.005813196155089747,0.005754573710069234,0.005697169496555203,0.005640945638461672,0.005585865813529536,0.005531895174448504,0.0054790002747469825,0.005427148999088344,0.005376310497705102,0.0053264551246603765,0.005277554379691859,0.005229580853396801,0.49479443969340675,0.4950454178145148,0.49529614669552996,0.49554662670753935,0.49579685822089337,0.49629657722936726,0.4965460654615231,0.4967953066690993,0.4970443012187924,0.4972930494765732,0.4975415518076888,0.4977898085766648,0.49803782014730674,0.4982855868827013,0.4985331091452191,0.4990274216975351,0.49927421270850747,0.4995207606889554,0.4997670659976932,0.5000131289928292,0.5002589500317675,0.5005045294712096,0.5007498676671562,0.5009949649749091,0.5012398217490724,0.5017288151115712,0.5019729524056434,0.5022168505776038,0.502460509978595,0.5027039309590731,0.5029471138688081,0.5031900590568865,0.5034327668717127,0.5036752376610103,0.5039174717718244,0.5044012313427978,0.5046427574936675,0.5048840483474782,0.5051251042479055,0.5053659255379559,0.5056065125599684,0.5058468656556168,0.5060869851659102,0.5063268714311957,0.5065665247911592,0.5070451341505692,0.5072840908260979,0.5075228159484717,0.5077613098540962,0.5079995728787255,0.5082376053574642,0.5084754076247684,0.5087129800144479,0.508950322859667,0.5091874364929471,0.5096609774505656,0.5098974054367428,0.510133605534661,0.5103695780736471,0.5106053233823935,0.51084084178896,0.5110761336207753,0.5113111992046382,0.5115460388667193,0.5117806529325628,0.512249205574589,0.5124831447987398,0.5127168597225926,0.5129503506685806,0.5131836179585194,0.513416661913608,0.5136494828544312,0.5138820811009601,0.5141144569725541,0.5143466107879625,0.5148102535221751,0.5150417430754389,0.5152730118414388,0.5155040601358939,0.5157348882739216,0.5159654965700391,0.5161958853381647,0.5164260548916194,0.5166560055431283,0.5168857376048218,0.5173445472043203,0.5175736253634261,0.5178024861753212,0.518031129949184,0.5182595569936077,0.5184877676165999
1.2747474747474747,0.09330355352092037,0.07900413772595982,0.0685177766054217,0.06049868618172546,0.0541677283622582,0.04904257956470789,0.04480868093127477,0.04125213243765163,0.03822241184425274,0.03561052028749353,0.03333558764186262,0.031336348661391185,0.029565541583797948,0.02798612340617309,0.026568649689883782,0.025289421252424154,0.024129148061170756,0.023071969422021877,0.022104724333904646,0.021216400529958657,0.020397713157563526,0.01964077885080587,0.018938860915507907,0.018286168157649066,0.01767769462981656,0.01710909090242001,0.016576559853691646,0.01607677170009103,0.015606794243833868,0.015164035251854058,0.014746194573691434,0.014351224129907603,0.013977294302584303,0.013622765564034505,0.013286164414402033,0.012966162884549626,0.012661561002149276,0.012371271733446257,0.012094308001584475,0.011829771455461633,0.011576842719996799,0.01133477290367032,0.011102876179440295,0.010880523283190509,0.010667135800292231,0.01046218113101143,0.010265168042471335,0.010075642728928833,0.009893185313932224,0.009717406737550345,0.009547945980002573,0.009384467580457174,0.009226659414306844,0.009074230698652208,0.0089269101989856,0.008784444613524614,0.008646597115282784,0.008513146034118235,0.008383883663261323,0.008258615176832525,0.008137157646728255,0.008019339147849865,0.007904997943147219,0.007793981740056283,0.007686147010905198,0.007581358371344453,0.0074794880108990216,0.00738041517062674,0.007284025663379917,0.007190211432803358,0.007098870147287859,0.007009904825812985,0.006923223492747178,0.006838738859027146,0.00675636802741827,0.0066760322197168456,0.0065976565240541485,0.006521169660573858,0.0064465037639456525,0.006373594181323232,0.006302379284468021,0.006232800294941918,0.006164801121233948,0.006098328206971331,0.006033330389290912,0.005969758766596349,0.005907566574993329,0.005846709072736386,0.005787143432099438,0.005728828638096428,0.005671725393577092,0.005615796030219555,0.005561004424999722,0.00550731592175164,0.005454697257453749,0.0054031164929191034,0.005352542947582076,0.005302947138100248,0.005254300720520545,0.005206576435760613,0.5024406238459203,0.5026916212663671,0.502942365579573,0.5031928571681972,0.5034430964141279,0.5039428194016197,0.5041923039031194,0.504441537581808,0.5046905208157477,0.5049392539822417,0.5051877374578352,0.5054359716183182,0.5056839568387269,0.5059316934933455,0.5061791819557085,0.5066734157940666,0.5069201619133974,0.5071666613271482,0.5074129144051314,0.5076589215164211,0.5079046830293543,0.5081501993115328,0.5083954707298256,0.5086404976503696,0.5088852804385726,0.509374115075949,0.5096181676523059,0.5098619775506928,0.5101055451328963,0.5103488707599845,0.5105919547923081,0.5108347975895032,0.511077399510492,0.5113197609134852,0.5115618821559835,0.5120454055859596,0.5122868084849049,0.5125279726462942,0.5127688984241051,0.5130095861716154,0.5132500362414053,0.5134902489853591,0.513730224754667,0.5139699638998262,0.5142094667706433,0.514687765085033,0.5149265612247799,0.5151651224825361,0.5154034492046794,0.5156415417369066,0.5158794004242356,0.516117025611007,0.5163544176408854,0.5165915768568614,0.5168285036012533,0.5173016610412057,0.5175378924180553,0.5177738926859023,0.5180096621837277,0.5182452012498495,0.5184805102219247,0.5187155894369511,0.5189504392312688,0.5191850599405615,0.5194194518998585,0.5198875509053189,0.5201212586182824,0.5203547389148532,0.5205879921268116,0.5208210185852927,0.5210538186207883,0.5212863925631478,0.5215187407415809,0.5217508634846579,0.521982761120312,0.5224458823779076,0.5226771066525427,0.522908107125146,0.5231388841204871,0.5233694379627081,0.5235997689753239,0.5238298774812249,0.5240597638026778,0.5242894282613272,0.524518871178197,0.5249770936676006,0.5252058738790935,0.5254344338267275,0.5256627738284466,0.5258908942015829,0.5261187952628581
1.3131313131313131,0.09283385039636806,0.07860746667917422,0.06817465915362562,0.06019651860546006,0.05389788706834705,0.04879890484760082,0.0445866199684519,0.04104822508751354,0.03803396688829202,0.03543540331351738,0.03317207735282544,0.031183036724950784,0.02942126109844521,0.027849896699577444,0.026439649502741833,0.025166941389488082,0.02401258086783699,0.02296078826580978,0.021998469813340034,0.021114669498360335,0.020300149898556694,0.019547067919010144,0.0188487212789002,0.018199348367847153,0.017593968810538332,0.017028255395471193,0.01649843039815719,0.016001181044547064,0.01553359011556275,0.015093078620103988,0.014677358157559328,0.014284391110732033,0.013912357208041593,0.01355962529691249,0.01322472940453526,0.012906348345445176,0.01260328827714785,0.012314467718648366,0.01203890463537024,0.01177570526524501,0.011524054418698748,0.011283207029689053,0.011052480774569122,0.010831249603577207,0.010618938056743568,0.01041501625495151,0.010218995474560828,0.010030424227948578,0.00984888478343363,0.009673990068429521,0.009505380907273089,0.009342723552649122,0.009185707474314289,0.009034043374630969,0.00888746140462263,0.008745709556251154,0.008608552212292382,0.008475768834833775,0.008347152778024352,0.008222510211163903,0.008101659140430546,0.007984428518907523,0.007870657435646205,0.007760194375918619,0.007652896545148018,0.007548629250455058,0.007447265334161115,0.007348684654074883,0.007252773606268509,0.007159424686256331,0.007068536085062146,0.006980011316972028,0.006893758876085184,0.0068096919191355755,0.006727727972245983,0.006647788659516064,0.006569799451655097,0.006493689432819694,0.0064193910842420855,0.0063468400832380634,0.006275975116283924,0.006206737705082843,0.006139072044552123,0.006072924851795716,0.006008245225196353,0.0059449845128525716,0.005883096189649915,0.005822535742288113,0.005763260561709314,0.0057052298423379,0.005648404487657085,0.005592747021656843,0.005538221505734559,0.005484793460649752,0.005432429793190283,0.005381098727216006,0.005330769738778519,0.005281413495038316,0.005233001796722829,0.005185507523888625,0.5098589273425455,0.5101098312862281,0.5103604784851353,0.5106108693331478,0.5108610042233415,0.5113605076985597,0.5116098770657276,0.5118589920393669,0.5121078530085578,0.5123564603615868,0.5126048144859501,0.5128529157683543,0.5131007645947195,0.5133483613501807,0.5135957064190896,0.5140896430307549,0.5143362353383183,0.5145825774889468,0.514828669863107,0.5150745128404945,0.5153201068000358,0.5155654521198895,0.5158105491774496,0.5160553983493466,0.516300000011449,0.5167884623059512,0.5170323236862987,0.5172759390527515,0.5175193087773999,0.5177624332315844,0.5180053127858975,0.5182479478101852,0.5184903386735492,0.5187324857443488,0.5189743893902027,0.5194574678738564,0.5196986434432072,0.5199395770507179,0.5201802690603324,0.5204207198352643,0.5206609297379999,0.5209008991302995,0.5211406283731994,0.5213801178270137,0.5216193678513359,0.5220971510462866,0.5223356849325164,0.5225739808204598,0.522812039066135,0.5230498600248505,0.5232874440512071,0.5235247914990987,0.5237619027217155,0.5239987780715446,0.5242354179003723,0.5247079923986739,0.5249439277682315,0.5251796290169579,0.5254150964931609,0.5256503305444572,0.5258853315177752,0.5261200997593556,0.5263546356147542,0.5265889394288423,0.5268230115458101,0.5272904620617428,0.5275238411456916,0.5277569899024916,0.5279899086729474,0.5282225977971912,0.5284550576146853,0.528687288464223,0.5289192906839306,0.5291510646112689,0.5293826105830352,0.5298450200037301,0.5300758841229485,0.5303065216271776,0.5305369328499197,0.5307671181240231,0.5309970777816836,0.5312268121544462,0.5314563215732068,0.531685606368213,0.5319146668690671,0.532372116303504,0.5326005058930743,0.5328286725004701,0.5330566164520859,0.53328433807368,0.5335118376903756
1.3515151515151516,0.09239903879463698,0.078240306856508,0.06785710740400933,0.059916899594983884,0.0536482124151419,0.04857346856861357,0.04438120460154482,0.0408596253647456,0.0378596898264837,0.03527347172197748,0.03302089672529786,0.031041302467949988,0.029287892265345512,0.027723987634530656,0.026320433883152985,0.025053765039706053,0.02390488089391699,0.022858076828394833,0.021900321351754046,0.021020710562794576,0.020210050975751837,0.019460536800718242,0.01876549763506095,0.01811919927286706,0.0175166850273948,0.016953648268735733,0.016426329240708984,0.015931430925961845,0.015466049980676735,0.015027619680361988,0.01461386250880744,0.014222750540375933,0.013852472161246885,0.013501403977147608,0.01316808698789854,0.012851206291963884,0.012549573725123013,0.012262112950185089,0.011987846603383128,0.011725885173620974,0.011475417348550936,0.01123570160584578,0.011006058867167687,0.010785866060249782,0.01057455046224479,0.01037158471418106,0.01017648241681127,0.00998879422992687,0.009808104408569685,0.009634027721100669,0.009466206700145308,0.009304309185696389,0.009148026124339086,0.008997069594422749,0.008851171030270888,0.008710079622447853,0.008573560874236377,0.00844139529663422,0.008313377226501288,0.008189313755000283,0.008069023753789007,0.007952336989410669,0.007839093316189292,0.007729141939903023,0.007622340745051097,0.007518555679311764,0.007417660189675458,0.007319534705296956,0.00722406616247208,0.0071311475679284465,0.0070406775968340374,0.006952560222256241,0.006866704373439138,0.006783023620053087,0.006701435880382062,0.0066218631512108585,0.006544231257616511,0.0064684696209420835,0.006394511043462574,0.006322291508303958,0.006251749993475568,0.006182828298709229,0.006115470884239979,0.006049624720490706,0.005985239147840691,0.0059222657456816175,0.005860658210076261,0.005800372239339237,0.005741365426960623,0.005683597161341131,0.005627028531808266,0.005571622240492251,0.005517342519614776,0.00546415505382003,0.005412026907187847,0.0053609264546056025,0.005310823317197392,0.005261688301529193,0.005213493342343397,0.0051662114485784595,0.517059385758608,0.5173100932891714,0.5175605406566769,0.5178107282658775,0.5180606565206867,0.5185597365786029,0.5188088891853607,0.5190577840450334,0.5193064215573713,0.5195548021212986,0.5198029261349147,0.5200507939954983,0.5202984060995072,0.5205457628425816,0.5207928646195465,0.5212863048503821,0.5215326440898427,0.5217787299343788,0.5220245627747684,0.5222701430009864,0.5225154710022067,0.5227605471668042,0.5230053718823569,0.5232499455356477,0.523494268512667,0.5239821639778993,0.5242257372341466,0.5244690613501947,0.5247121367080999,0.5249549636891377,0.5251975426738046,0.5254398740418204,0.52568195817213,0.5259237954429057,0.5261653862315487,0.5266478298681996,0.526888683467173,0.5271292920859494,0.5273696560981052,0.5276097758764571,0.5278496517930651,0.5280892842192337,0.5283286735255139,0.5285678200817056,0.5288067242568584,0.5292838069365106,0.529521986175379,0.5297599245019504,0.529997622281555,0.5302350798787849,0.5304722976574956,0.5307092759808082,0.5309460152111108,0.5311825157100609,0.531418777838587,0.5318905884244461,0.5321261376000073,0.5323614498416042,0.5325965255065473,0.5328313649514294,0.5330659685321265,0.5333003366038004,0.5335344695209002,0.5337683676371641,0.5340020313056209,0.5344686567076941,0.5347016191438388,0.5349343485372363,0.5351668452373967,0.5353991095931309,0.5356311419525536,0.5358629426630841,0.5360945120714482,0.5363258505236805,0.5365569583651255,0.5370184835935924,0.5372489016678693,0.5374790905058722,0.5377090504495219,0.5379387818400594,0.5381682850180478,0.538397560323374,0.5386266080952501,0.5388554286722154,0.5390840223921378,0.5395405306089799,0.5397684457782941,0.5399961354353578,0.5402235999147078,0.540450839550219,0.5406778546751068
1.38989898989899,0.09199630638677431,0.07790027906176843,0.06756305979096816,0.059658010477954534,0.05341707748740557,0.048364799044151204,0.044191091381305996,0.040685097536678226,0.037698436684446085,0.03512366063978962,0.03288104978136974,0.030910210456224614,0.02916455327430957,0.02760756222717215,0.026210211768475742,0.02494913987369437,0.023805330940635337,0.022763149918031363,0.021809623040144333,0.02093389470648894,0.020126812155502525,0.0193806041743905,0.01868862990822151,0.01804518055175941,0.01744532137452646,0.016884764823832023,0.01635976779777626,0.015867047883627836,0.015403714598384664,0.014967212587259098,0.014555274422575442,0.014165881161696639,0.013797229215514184,0.013447702380788977,0.0131158481201687,0.012800357356549956,0.012500047188830275,0.012213846047503496,0.011940780898106398,0.011679966169728169,0.01143059414372078,0.011191926582291178,0.0109632874151321,0.010744056329969854,0.01053366314068292,0.010331582824245336,0.01013733113596977,0.009950460725855497,0.009770557690506132,0.009597238504585714,0.009430147284093256,0.009268953340251176,0.009113348988556027,0.008963047582629002,0.008817781746335707,0.008677301781101059,0.008541374228901237,0.008409780572808152,0.008282316060644921,0.008158788637956414,0.008039017978636376,0.00792283460316967,0.007810079075164289,0.007700601268269277,0.007594259696382388,0.0074909209008690815,0.007390458889204373,0.007292754620079833,0.007197695530513002,0.0071051751010466424,0.007015092455587972,0.006927351992469918,0.006841863044196189,0.006758539563210295,0.006677299831273472,0.006598066190571921,0.00652076479464885,0.00644532537736813,0.006371681038551854,0.0062997680448012095,0.00622952564429854,0.0061608958944798144,0.006093823501487064,0.006028255670532223,0.0059641419662860296,0.005901434182515858,0.005840086220280633,0.0057800539740216084,0.005721295224964593,0.005663769541291631,0.005607438184578111,0.005552264022058614,0.005498211444281087,0.005445246287782091,0.005393335762423496,0.005342448383068774,0.005292553905296957,0.005243623264878943,0.005195628520763368,0.005148542801337855,0.524051454024255,0.5243018711976106,0.5245520249988653,0.5248019158432964,0.5250515441453086,0.5255500147753476,0.5257988579278413,0.5260474401868555,0.5262957619624662,0.5265438236638905,0.5267916256994887,0.5270391684767666,0.527286452402378,0.5275334778821266,0.5277802453209681,0.5282730076915274,0.5285190034289378,0.5287647427368305,0.5290102260159555,0.5292554536662281,0.5295004260867311,0.5297451436757169,0.5299896068306099,0.5302338159480087,0.5304777714236877,0.5309649230288785,0.5312081199458395,0.5314510647959833,0.5316937579709974,0.5319361998617579,0.5321783908583321,0.5324203313499803,0.5326620217251581,0.5329034623715181,0.5331446536759125,0.5336262898022214,0.5338667353938552,0.5341069331829659,0.5343468835524332,0.5345865868843483,0.5348260435600158,0.5350652539599564,0.5353042184639081,0.5355429374508288,0.5357814112988981,0.5362576250873213,0.5364953657801609,0.5367328628391241,0.5369701166385291,0.5372071275519271,0.5374438959521055,0.5376804222110886,0.5379167067001406,0.5381527497897669,0.5383885518497161,0.5388594343558069,0.5390945155376798,0.5393293571613427,0.5395639595927898,0.5397983231972703,0.5400324483392895,0.5402663353826126,0.540499984690264,0.5407333966245312,0.5409665715469658,0.5414322117988758,0.5416646778477924,0.5418969083237622,0.5421289035846864,0.5423606639877405,0.5425921898893782,0.5428234816453317,0.543054539610614,0.5432853641395211,0.5435159555856331,0.5439764406402268,0.5442063349523074,0.544435997588795,0.5446654288997193,0.544894629234405,0.5451235989414741,0.5453523383688471,0.5455808478637453,0.5458091277726921,0.546037178441515,0.5464925934386297,0.5467199584551122,0.5469470956078563,0.5471740052392352,0.5474006876909374,0.5476271433039672
1.4282828282828284,0.09162312975358704,0.07758524853183459,0.06729066656560355,0.059418219456983334,0.05320302255464862,0.04817157583538691,0.044015074935329204,0.040523532886646195,0.037549181081456995,0.03498501466538901,0.032751642939489206,0.03078892143453723,0.029050452987861207,0.02749987225530502,0.026108273450171304,0.024852390938933922,0.023713287577667583,0.02267539282495361,0.021725786444684526,0.02085365762637348,0.020049891372682063,0.019306748534216607,0.018617615656514222,0.017976807488433045,0.017379409660279923,0.016821152309267617,0.016298307777611574,0.01580760719556608,0.015346172006254082,0.014911457398096881,0.014501205298482867,0.014113405095004932,0.013746260639931878,0.013398162398375196,0.013067663825988023,0.012753461246842512,0.012454376640160658,0.012169342857796566,0.011897390879826266,0.01163763878906478,0.01138928219935282,0.011151585918842577,0.010923876666440362,0.010705536689185296,0.010495998153430306,0.01029473820225373,0.010101274588793474,0.009915161808825346,0.0097359876664377,0.009563370218653151,0.009396955049730846,0.009236412835172085,0.009081437159855479,0.008931742559981986,0.00878706276248255,0.008647149098945468,0.008511769074420479,0.008380705073494372,0.008253753188659237,0.008130722157741766,0.008011432398563738,0.007895715130753283,0.007783411575621552,0.007674372226112003,0.0075684561797843,0.007465530528530955,0.007365469799560717,0.007268155442581017,0.007173475358944367,0.007081323468588664,0.00699159931148203,0.006904207680301834,0.006819058281544023,0.006736065422544076,0.006655147722114221,0.006576227842754895,0.006499232242561151,0.006424090945209697,0.006350737326431766,0.006279107915666945,0.0062091422116546625,0.006140782510775655,0.0060739737471988044,0.00600866334385175,0.00594480107338245,0.005882338928339622,0.005821230999871624,0.005761433364281207,0.005702903976873119,0.005645602572533468,0.005589490572558864,0.005534530997275601,0.005480688384040889,0.005427928710231852,0.005376219320890131,0.005325528860668742,0.005275827209821099,0.005227085423921489,0.005179275677088566,0.005132371208465848,0.5308440478125711,0.5310940889093935,0.5313438636246569,0.5315933723838198,0.5318426156114346,0.5323403071657179,0.5325887563369852,0.5328369416659077,0.5330848635725459,0.5333325224760698,0.5335799187947595,0.5338270529460097,0.5340739253463305,0.5343205364113498,0.5345668865558164,0.5350588057377034,0.5353043756002445,0.5355496861924793,0.535794737924794,0.5360395312067089,0.5362840664468811,0.5365283440531061,0.5367723644323215,0.5370161279906074,0.5372596351331901,0.537745881787893,0.5379886221062139,0.5382311076212382,0.5384733387339539,0.5387153158445083,0.5389570393522096,0.5391985096555303,0.5394397271521073,0.5396806922387464,0.5399214053114229,0.5404020769946525,0.5406420363930258,0.5408817453530813,0.5411212042666769,0.5413604135248531,0.5415993735178357,0.5418380846350375,0.5420765472650609,0.5423147617956995,0.54255272861394,0.5430279206571559,0.5432651466520915,0.5435021264745541,0.5437388605075296,0.5439753491332099,0.5442115927329945,0.5444475916874933,0.5446833463765285,0.5449188571791361,0.5451541244735686,0.5456239300470099,0.5458584690786227,0.5460927661072716,0.5463268215073206,0.5465606356523611,0.546794208915215,0.5470275416679367,0.5472606342818144,0.5474934871273728,0.5477261005743744,0.5481906107479604,0.5484225082102782,0.5486541677455101,0.5488855897196385,0.5491167744978958,0.5493477224447658,0.5495784339239862,0.5498089092985501,0.5500391489307077,0.5502691531819692,0.5507284569841504,0.5509577572544035,0.5511868235824307,0.5514156563260664,0.5516442558424162,0.5518726224878575,0.5521007566180426,0.5523286585878995,0.5525563287516345,0.5527837674627334,0.5532379519373769,0.5534646984043089,0.5536912148253835,0.5539175015505131,0.5541435589289005,0.5543693873090416
1.4666666666666668,0.09127723818887963,0.07729329431282211,0.06703826325749009,0.0591960581961362,0.05300473412349463,0.04799261079698388,0.04385207066664971,0.04037393379769519,0.03741099949466366,0.03485667414944133,0.03263187218210171,0.03067668027347549,0.028944879576956573,0.027400244509649663,0.026013980376815585,0.024762910960556127,0.023628171897113637,0.022594252486495332,0.021648282148219598,0.020779491620300492,0.019978800936476238,0.019238500690927758,0.018552002846078608,0.017913644000551652,0.017318528671581075,0.01676240340665994,0.016241554874114144,0.01575272676705481,0.015293051591567162,0.014859994316256953,0.014451305546870082,0.014064982397968098,0.013699235624893882,0.01335246187837648,0.01302322017343679,0.012710211844226969,0.012412263397552128,0.012128311786234636,0.01185739171448525,0.011598624654389511,0.011351209311150395,0.011114413318295609,0.010887565982211236,0.01067005192400613,0.010461305492210327,0.010260805839197496,0.010068072571500377,0.009882661896830323,0.009704163203335621,0.009532196015884984,0.009366407280692284,0.009206468938800156,0.009052075752601347,0.008902943355269088,0.00875880649696998,0.008619417464870651,0.008484544657434026,0.008353971295445461,0.00822749425498218,0.008104923008790779,0.007986078664750032,0.007870793091040709,0.007758908119075314,0.007650274816267819,0.00754475282158386,0.007442209737562123,0.0073425205735445954,0.007245567234738459,0.007151238053185642,0.007059427356393215,0.00697003507030991,0.006882966353390363,0.0067981312590340405,0.006715444423796869,0.006634824779135414,0.006556195284660702,0.006479482680989888,0.006404617260612208,0.006331532655197242,0.006260165637992365,0.006190455940148918,0.006122346079686297,0.0060557812022976444,0.005990708932854709,0.005927079236922911,0.005864844291440042,0.005803958363873453,0.005744377699218333,0.005686060414250444,0.005628966398487391,0.005573057221375403,0.0055182960452463715,0.005464647543631834,0.005412077824551125,0.005360554358426528,0.005310045910304959,0.005260522476078555,0.005211955222446282,0.005164316430351724,0.0051175794416722055,0.5374455814380072,0.5376951682678334,0.53794448589694,0.5381935347606263,0.5384423152932535,0.5389390730981005,0.5391870512343755,0.5394347627677065,0.5396822081278024,0.5399293877434495,0.5401763020425127,0.5404229514519396,0.5406693363977623,0.5409154573050992,0.5411613145981585,0.5416522400337379,0.5418973090201427,0.5421421160800438,0.5423866616331326,0.5426309460982042,0.5428749698931594,0.5431187334350083,0.5433622371398715,0.5436054814229831,0.5438484666986934,0.5443336618809003,0.5445758726116968,0.5448178259836951,0.5450595224068587,0.5453009622902809,0.5455421460421871,0.5457830740699369,0.5460237467800263,0.5462641645780908,0.5465043278689065,0.5469838925436169,0.5472232947327906,0.5474624440252781,0.5477013408215956,0.5479399855214143,0.5481783785235615,0.5484165202260248,0.5486544110259524,0.5488920513196559,0.5491294415026134,0.5496034731140435,0.54984011532932,0.5500765090074631,0.5503126545398122,0.5505485523168853,0.550784202728382,0.5510196061631846,0.5512547630093606,0.5514896736541655,0.5517243384840435,0.5521929322407584,0.5524268619364513,0.5526605473549336,0.5528939888786295,0.5531271868891648,0.5533601417673703,0.5535928538932822,0.5538253236461459,0.5540575514044166,0.5542895375457625,0.5547527864844263,0.5549840500331609,0.555215073467808,0.5554458571621289,0.555676401489109,0.5559067068209608,0.5561367735291252,0.556366601984274,0.5565961925563115,0.5568255456143769,0.5572835406613321,0.5575121833846914,0.5577405900630207,0.5579687610616617,0.5581966967452031,0.5584243974774815,0.558651863621584,0.5588790955398496,0.559106093593872,0.5593328581445005,0.5597856881752666,0.5600117543734008,0.5602375885041383,0.5604631909246377,0.5606885619913251,0.5609137020598959
1.5050505050505052,0.09095658283523753,0.07702268314390998,0.06680434804350124,0.05899020185341697,0.05282102707286438,0.04782683191556428,0.043701099998047895,0.04023540017879166,0.03728305869078357,0.03473786349551449,0.03252101211141037,0.030572805689369136,0.02884719083027988,0.02730807162650225,0.02592675645846422,0.024680152070616846,0.02354946162763468,0.022519229952600583,0.02157663253682261,0.020710938668594334,0.01991310088476545,0.01917543737647942,0.018491383688855213,0.01785529669350667,0.01726229843174284,0.016708150676678902,0.016189153389067932,0.01570206191850855,0.015244019035407317,0.014812498782839347,0.014405259818543712,0.014020306426519667,0.013655855766913527,0.013310310229714644,0.012982233988098517,0.012670333024895317,0.01237343804741488,0.012090489813748558,0.011820526483381355,0.011562672673069381,0.011316129956305297,0.01108016858807015,0.010854120275508106,0.010637371842380259,0.010429359661987754,0.010229564751053728,0.010037508435560743,0.009852748511700671,0.009674875837469335,0.009503511299448104,0.009338303107595598,0.009178924377143072,0.009025070963007658,0.008876459516183972,0.00873282573620428,0.008593922796844915,0.008459519925457315,0.00832940111879364,0.008203363979824716,0.008081218663218282,0.007962786917125438,0.007847901211430386,0.007736403943625736,0.007628146714112065,0.0075229896641845675,0.00742080087021933,0.007321455788803785,0.007224836747823085,0.007130832478893059,0.007039337687659408,0.006950252658204623,0.006863482888349291,0.006778938753354684,0.0066965351952219055,0.006616191435483563,0.006537830709410671,0.006461380019737347,0.006386769908363271,0.00631393424440845,0.0062428100273439,0.006173337203924434,0.0061054584978309035,0.0060391192509833425,0.00597426727562435,0.005910852716302603,0.005848827921029634,0.0057881473208596535,0.0057287673172946585,0.005670646176921225,0.005613743932717931,0.005558022291581152,0.005503444547589839,0.005449975500614498,0.005397581379877209,0.0053462297721284914,0.005295889554105077,0.005246530828986803,0.005198124866567725,0.00515064404689972,0.005104061807168349,0.5438640026035585,0.544113063873088,0.5443618533041127,0.5446103713414382,0.5448586184288996,0.5453543015247392,0.5456017384159626,0.5458489061230177,0.54609580508493,0.5463424357397709,0.5465887985246598,0.5468348938757673,0.5470807222283177,0.5473262840165914,0.5475715796739273,0.5480613743244505,0.5483058741796321,0.5485501096278697,0.5487940810978337,0.5490377890172685,0.549281233812995,0.5495244159109126,0.549767335736002,0.5500099937123283,0.5502523902630423,0.5507364007756832,0.5509780155793657,0.5512193706409515,0.5514604663790598,0.5517013032114105,0.5519418815548274,0.5521822018252389,0.5524222644376826,0.552662069806306,0.5529016183443699,0.5533799465774398,0.5536187270945531,0.5538572524253254,0.5540955229786174,0.5543335391624169,0.5545713013838404,0.5548088100491368,0.5550460655636889,0.5552830683320151,0.5555198187577733,0.5559925641919223,0.5562285600033416,0.5564643050782546,0.5566997998160459,0.5569350446152526,0.5571700398735661,0.5574047859878345,0.557639283354065,0.5578735323674261,0.5581075334222493,0.5585747932294397,0.5588080527663072,0.5590410659136421,0.5592738330616264,0.5595063545996183,0.5597386309161548,0.5599706623989544,0.5602024494349181,0.5604339924101323,0.5606652917098703,0.5611271608199642,0.5613577313968231,0.5615880598312175,0.5618181465043899,0.5620479917967828,0.562277596088041,0.5625069597570135,0.5627360831817558,0.5629649667395318,0.5631936108068155,0.5636501819718692,0.5638781098186589,0.5641057996730001,0.5643332519074505,0.5645604668937907,0.5647874450030259,0.5650141866053884,0.5652406920703391,0.5654669617665699,0.5656929960620054,0.5661443599183662,0.566369690211323,0.566594786567552,0.5668196493511719,0.5670442789255463,0.5672686756532854
1.5434343434343436,0.09065931024498108,0.0767718470889083,0.06658756236254022,0.058799451977262975,0.05265082935349845,0.047673269467214105,0.04356127773469898,0.04010711783948712,0.03716460496449428,0.03462788113879324,0.032418406576756285,0.03047668144006943,0.028756805853003758,0.027222804236643312,0.025846080617498268,0.024603618723926024,0.023476684380784207,0.022449873932492093,0.02151040562191561,0.020647584509088688,0.01985239329103356,0.019117175767216943,0.018435389365268052,0.01780140976900833,0.017210375280465363,0.016658061801440773,0.016140781626605767,0.015655300922033488,0.015198771982683743,0.014768677272071222,0.014362782919443484,0.013979099861658286,0.013615851201929825,0.013271444655889046,0.01294444918309718,0.012633575079885828,0.01233765695143209,0.012055639086752366,0.011786562851554787,0.011529555780715397,0.011283822109117159,0.011048634524354657,0.010823326961249942,0.010607288287422285,0.010399956755062905,0.010200815110730501,0.01000938627605652,0.009825229521194197,0.009647937067964518,0.009477131066544209,0.009312460899560122,0.0091536007717742,0.009000247551889804,0.00885211883532912,0.008708951202570836,0.008570498650063683,0.008436531174393944,0.008306833492143529,0.008181203880945198,0.00805945312819762,0.007941403576109554,0.00782688825294564,0.007715750081440066,0.007607841156574757,0.007503022085757816,0.0074011613849963576,0.007302134925970617,0.007205825428648639,0.007112121995486942,0.007020919683023953,0.0069321191075948675,0.006845626081954397,0.00676135127999809,0.0066792099271553475,0.006599121514121247,0.006521009531938507,0.0064448012265646715,0.006370427371322492,0.006297822055666488,0.006226922488953115,0.006157668818011941,0.00609000395733921,0.006023873430941208,0.005959225224910864,0.005896009649875149,0.005834179212573215,0.0057736884958460456,0.005714494046418613,0.005656554269875277,0.005599829332309608,0.0055442810681501755,0.005489872893719986,0.005436569726110682,0.005384337907003656,0.005333145131081312,0.005282960378714404,0.005233753852626921,0.005185496918268481,0.005138162047645357,0.005091722766373517,0.5501068242981386,0.5503552950371738,0.5506034914727375,0.550851414058812,0.5510990632483782,0.551593543244921,0.5518403749528782,0.5520869350662939,0.5523332240331844,0.5525792423005805,0.5528249903145316,0.5530704685201069,0.5533156773613996,0.5535606172815282,0.5538052887226401,0.554293827931562,0.5545376965788337,0.5547812985060169,0.555024634150442,0.5552677039484832,0.5555105083355623,0.55575304774615,0.5559953226137699,0.5562373333710002,0.5564790804494765,0.5569617852920115,0.5572027439146511,0.5574434405757039,0.5576838757021307,0.557924049719965,0.5581639630543153,0.5584036161293681,0.5586430093683895,0.5588821431937292,0.5591210180268209,0.5595979923974395,0.5598360927732827,0.5600739358335165,0.5603115219950379,0.5605488516738438,0.5607859252850335,0.5610227432428109,0.5612593059604872,0.5614956138504834,0.5617316673243318,0.5622030126652903,0.5624383053510469,0.5626733452579536,0.5629081327931387,0.5631426683628563,0.5633769523724892,0.5636109852265508,0.5638447673286885,0.5640782990816839,0.5643115808874577,0.5647773962607228,0.5650099306277643,0.5652422166466885,0.5654742547151391,0.565706045229911,0.5659375885869533,0.5661688851813711,0.5663999354074276,0.5666307396585465,0.5668612983273145,0.5673216804839712,0.5675515047528672,0.5677810850014308,0.5680104216180955,0.5682395149904713,0.568468365505346,0.5686969735486881,0.5689253395056482,0.5691534637605619,0.5693813466969517,0.569836390144197,0.5700635514180509,0.5702904728993822,0.5705171549676799,0.5707435980016324,0.5709698023791303,0.5711957684772677,0.5714214966723448,0.5716469873398697,0.5718722408545611,0.5723220379203791,0.572546582217012,0.5727708908518276,0.572994964195626,0.5732188026184297,0.5734424064894859
1.581818181818182,0.0903837396416745,0.07653936429978934,0.06638667424525561,0.05862272179971807,0.05249316883046551,0.047531044113522714,0.043431801196764104,0.03998834849210229,0.03705495488075128,0.03452609093170389,0.03232346061460169,0.030387748754424196,0.02867319792969547,0.027143944215205794,0.02577148038709476,0.024532861607129086,0.023409411843196604,0.022385775246184632,0.021449209728153642,0.020589053541732617,0.01979631737013527,0.01906336877379273,0.01838368548638225,0.017751660646702017,0.017162447645577377,0.016611835494339467,0.016096147932915517,0.015612161163573715,0.015157036319179163,0.014728263676681563,0.014323616298165618,0.013941111293600062,0.013578977280731857,0.013235626916994392,0.012909633603023012,0.012599711637868279,0.012304699243359718,0.012023543984958687,0.011755290203393338,0.011499068141251598,0.011254084502885913,0.011019614233133515,0.010794993333823102,0.010579612569224382,0.010372911934719438,0.010174375782180467,0.009983528513685431,0.009799930767137477,0.00962317602974283,0.009452887624349164,0.0092887160215044,0.009130336437089222,0.008977446680333685,0.008829765223101494,0.008687029463248681,0.00854899416063188,0.008415430025428359,0.008286122442356143,0.008160870314944009,0.008039485017708061,0.007921789444081347,0.0078076171404254215,0.007696811516853435,0.007589225127257031,0.007484719011515293,0.0073831620936035515,0.007284430630301089,0.007188407705451514,0.007094982765560023,0.007004051192727448,0.006915513911631349,0.006829277027207782,0.006745251490443471,0.006663352789762298,0.0065835006656182705,0.006505618846354635,0.006429634803619117,0.006355479525454534,0.0062830873057476535,0.006212395548617078,0.0061433445865249105,0.006075877511010891,0.006009940015031015,0.005945480245982134,0.005882448668590509,0.005820797936863884,0.005760482774485328,0.0057014598629149095,0.005643687736708266,0.005587126685462319,0.005531738661939313,0.005477487195878451,0.005424337313135011,0.005372255459730365,0.005321209430488225,0.0052711683019307344,0.005222102369140684,0.005173983086317494,0.005126783010782224,0.0050804757501975596,0.5561811541130989,0.5564289751523062,0.5566765195876967,0.5569237878821067,0.5571707804973397,0.5576639405323488,0.5579101088705981,0.5581560033666236,0.558401624477112,0.5586469726577349,0.5588920483631523,0.5591368520470146,0.5593813841619654,0.5596256451596452,0.5598696354906929,0.5603568059504624,0.5605999869754826,0.5608428991264741,0.5610855428491129,0.5613279185880905,0.5615700267871168,0.5618118678889227,0.5620534423352624,0.5622947505669172,0.5625357930236969,0.5630170823670322,0.5632573301283769,0.5634973138644302,0.5637370340101873,0.563976490999688,0.5642156852660202,0.5644546172413217,0.5646932873567833,0.5649316960426507,0.5651698437282281,0.5656453578110341,0.5658827250621836,0.56611983302089,0.5663566821117859,0.5665932727585766,0.5668296053840437,0.5670656804100469,0.567301498257527,0.5675370593465079,0.5677723640960994,0.5682422062489981,0.5684767444859767,0.5687110280509134,0.5689450573583846,0.5691788328220674,0.5694123548547414,0.5696456238682923,0.5698786402737135,0.5701114044811086,0.5703439168996944,0.5708081880028821,0.5710399475015023,0.5712714568393548,0.5715027164212553,0.5717337266511472,0.5719644879321031,0.5721950006663269,0.5724252652551572,0.5726552820990687,0.5728850515976747,0.5733438501531313,0.573572880004923,0.5738016641012962,0.5740302028375922,0.5742584966083053,0.574486545807084,0.5747143508267343,0.574941912059221,0.575169229895671,0.5753963047263743,0.5758497269275346,0.5760760750744112,0.5763021817683848,0.5765280473955977,0.5767536723413698,0.5769790569901996,0.5772042017257673,0.5774291069309369,0.5776537729877581,0.5778782002774683,0.5783263400764587,0.5785500533441731,0.5787735293616493,0.5789967685060967,0.5792197711539256,0.5794425376807493
1.6202020202020204,0.09012834330247634,0.07632394241435136,0.06620056392853052,0.058459023543641075,0.05234716192561701,0.047399356628513335,0.043311940839275365,0.039878421123847145,0.03695348728748068,0.03443191470423125,0.03223563349160858,0.030305499797448454,0.02859588836393364,0.027071038853368826,0.0257025263808461,0.02446747238093142,0.023347254764204926,0.02232656203477455,0.021392688908245527,0.020535004431827698,0.01974454525298059,0.01901370097744413,0.018335968177116562,0.017705756185315794,0.01711823239147284,0.0165691979696716,0.016054987277984916,0.015572385830018139,0.015118562958078736,0.014691016188036699,0.014287525014018594,0.013906112273083804,0.013545011699350644,0.013202640534758852,0.012877576300372767,0.012568537008707492,0.01227436423710434,0.011994008590601957,0.011726517170121471,0.011471022730240175,0.011226734266624603,0.010992928818003685,0.010768944304021644,0.010554173248530552,0.01034805726421027,0.010150082192216437,0.009959773808136348,0.009776694018806271,0.009600437485438991,0.00943062861872298,0.009266918898650214,0.00910898447900605,0.008956524041810306,0.008809256871884608,0.008666921125449851,0.008529272270552208,0.008396081679571081,0.008267135356908784,0.008142232786821135,0.008021185888507039,0.00790381806683712,0.007789963348815987,0.007679465596666673,0.007572177790079395,0.007467961370136563,0.00736668563931851,0.007268227211648516,0.007172469508557734,0.007079302295719292,0.006988621257311636,0.006900327604025559,0.006814327711876606,0.006730532788942946,0.006648858567606155,0.0065692250200050884,0.006491556094669749,0.006415779472606631,0.006341826341060428,0.00626963118357834,0.006199131584947242,0.006130268049850078,0.006062983834075203,0.005997224787306512,0.00593293920659253,0.005870077699597084,0.005808593056973882,0.005748440133043494,0.0056895757342674425,0.005631958514843168,0.005575548878946147,0.005520308889104327,0.005466202180276697,0.005413193879213177,0.005361250528727998,0.0053103400165449245,0.005260431508381006,0.005211495384996386,0.005163503182918614,0.005116427538612538,0.005070242135850167,0.5620937212182218,0.5623408387135435,0.5625876774614812,0.5628342379334078,0.5630805205996336,0.5635722543909326,0.5638177064513427,0.5640628825767318,0.5643077832321441,0.5645524088815795,0.564796759987996,0.5650408370133135,0.5652846404184158,0.5655281706631541,0.5657714282063498,0.5662571270182671,0.5664995691995078,0.5667417405042503,0.5669836413862096,0.5672252722980878,0.5674666336915775,0.5677077260173641,0.5679485497251284,0.5681891052635503,0.5684293930803104,0.5689091673345924,0.5691486546625073,0.5693878760495523,0.5696268319384566,0.5698655227709666,0.5701039489878496,0.570342111028896,0.5705800093329223,0.5708176443377736,0.5710550164803264,0.5715289739212149,0.5717655600884846,0.5720018851313282,0.5722379494818195,0.5724737535710783,0.5727092978292755,0.5729445826856336,0.5731796085684308,0.5734143759050028,0.5736488851217455,0.5741171308966446,0.5743508683029177,0.5745843492856004,0.5748175742664289,0.5750505436662149,0.5752832579048486,0.5755157174013005,0.5757479225736248,0.5759798738389612,0.5762115716135379,0.5766742083507796,0.5769051481413644,0.5771358360970337,0.5773662726294934,0.5775964581495536,0.5778263930671289,0.5780560777912425,0.5782855127300274,0.57851469829073,0.5787436348797111,0.5792007627635457,0.579428954866719,0.5796568996148159,0.5798845974098097,0.580112048652803,0.58033925374403,0.5805662130828594,0.5807929270677963,0.5810193960964847,0.5812456205657098,0.5816973374086309,0.5819228305716238,0.5821480807537521,0.5823730883475416,0.582597853744673,0.5828223773359842,0.5830466595114726,0.5832707006602975,0.583494501170782,0.5837180614304158,0.5841644627429337,0.5843873045666481,0.5846099076811773,0.5848322724698749,0.5850543993152753,0.5852762885990936
1.6585858585858588,0.08989172955163666,0.07612440417135391,0.06602821138741548,0.05830745742434011,0.052212003779137414,0.047277478996142236,0.04320103212586815,0.03977672452121417,0.03685963639254173,0.034344825822407166,0.03215443267806426,0.03022947200958865,0.028524441140853427,0.02700367581112579,0.025638827505358855,0.02440707912532098,0.02328985861372244,0.022271895611951722,0.02134051897075343,0.020485126299671298,0.01969677832774284,0.018967885107412572,0.018291960683348183,0.017663429409141132,0.017077471657695322,0.016529899884240886,0.016017058295052525,0.015535741039921565,0.015083125056421778,0.014656714593431366,0.014254295110898707,0.013873894757620082,0.013513752013263594,0.013172288371743397,0.012848085176205297,0.01253986388281455,0.012246469181414381,0.01196685449621258,0.011700069488292386,0.011445249241981124,0.011201604877968872,0.0109684153773641,0.010745020438377884,0.010530814216876612,0.010325239825618615,0.010127784486971856,0.009937975250555207,0.009755375200058663,0.00957958008556473,0.00941021532675084,0.009246933339832302,0.009089411148525937,0.008937348244293215,0.008790464665988174,0.008648499273213,0.008511208190863007,0.008378363405436262,0.008249751496128641,0.008125172485817012,0.008004438798854152,0.00788737431446069,0.007773813505398947,0.007663600653311794,0.007556589132707244,0.00745264075682309,0.00735162517913146,0.007253419345054492,0.007157906989086946,0.007064978172965031,0.006974528860971305,0.006886460529100326,0.006800679804776166,0.0067170981345058434,0.00663563147694449,0.006556200019110534,0.00647872791374068,0.006403143036010575,0.006329376757917671,0.0062573637389009085,0.0061870417313189775,0.00611835139957127,0.006051236151772149,0.005985641982971991,0.005921517328997625,0.005858812930098283,0.005797481703632479,0.005737478625093011,0.005678760616862804,0.005621286444100029,0.005565016617239055,0.005509913300609998,0.005455940226750888,0.005403062615981589,0.005351247100883717,0.005300461655332981,0.005250675527768097,0.005201859178403212,0.005153984220117718,0.005107023362770659,0.005060950360716758,0.5678509012122935,0.5680972662114074,0.5683433504688491,0.568589154464218,0.5688346786760216,0.5693248896575231,0.5695695773788053,0.5698139872196966,0.5700581196532921,0.5703019751516134,0.570545554185612,0.570788857225172,0.5710318847391133,0.5712746371951944,0.571517115060116,0.5720012488780094,0.5722429057591177,0.5724842899053458,0.5727254017781479,0.5729662418379373,0.5732068105440904,0.5734471083549486,0.5736871357278218,0.5739268931189913,0.5741663809837121,0.5746445499497171,0.5748832319564083,0.575121646247471,0.5753597932730737,0.5755976734823769,0.575835287323535,0.576072635243699,0.5763097176890202,0.5765465351046517,0.5767830879347523,0.5772554016100397,0.5774911633385954,0.5777266622483636,0.5779618987785714,0.5781968733674671,0.5784315864523238,0.578666038469442,0.5789002298541518,0.5791341610408166,0.5793678324628343,0.5798343977417145,0.5800672924605746,0.5802999291387877,0.5805323082049688,0.5807644300867841,0.5809962952109538,0.5812279040032544,0.5814592568885217,0.5816903542906533,0.5819211966326107,0.5823821178231874,0.5826121975130746,0.5828420238253291,0.583071597178273,0.583300917989307,0.5835299866749152,0.5837588036506659,0.5839873693312144,0.584215684130306,0.5844437484607781,0.58489912736269,0.5851264427552878,0.5853535093215879,0.5855803274699257,0.5858068976077442,0.5860332201415954,0.5862592954771433,0.5864851240191664,0.58671070617156,0.5869360423373381,0.587385978316715,0.5876105789319598,0.5878349351638855,0.5880590474111381,0.5882829160714967,0.5885065415418765,0.5887299242183306,0.5889530644960524,0.5891759627693787,0.5893986194317908,0.5898432094935381,0.5900651436755827,0.5902868378121369,0.590508292292442,0.5907295075048986,0.5909504838370687
1.696969696969697,0.08967262798400268,0.07593967490696434,0.0658686855009807,0.05816720208848134,0.05208695969649871,0.04716474667364058,0.043098468464775955,0.0396827007706049,0.03677288575009377,0.03426434358644084,0.0320794086085014,0.030159243185699687,0.028458458288348823,0.02694147872979919,0.02558002679763427,0.024351342380864605,0.023236899807370204,0.02222146685721763,0.02129240402811321,0.020439135409859675,0.019652744057882088,0.01892565898094015,0.018251410422689802,0.01762443666230998,0.017039930109886737,0.016493713679063316,0.015982140706825083,0.015502013349566213,0.015050515595570151,0.014625157926862824,0.014223731334227972,0.013844268891299605,0.013485013476913426,0.013144390527531214,0.01282098492899253,0.012513521330999746,0.012220847308464193,0.011941918899482451,0.011675788138382595,0.011421592269663723,0.011178544384153047,0.010945925263630854,0.010723076255249962,0.010509393027910492,0.01030432008515777,0.010107345929780052,0.00991799879261996,0.009735842848389147,0.009560474856730283,0.00939152117268955,0.009228635080437269,0.0090714944102588,0.008919799404001021,0.008773270799598427,0.008631648108742427,0.008494688065278184,0.00836216322505588,0.008233860700180062,0.008109581012839095,0.00798913705574373,0.007872353147831601,0.0077590641751760225,0.007649114808192398,0.007542358787467404,0.007438658271239176,0.007337883238390939,0.0072399109415483,0.0071446254054706405,0.00705191696632122,0.0069616818481106815,0.006873821772770611,0.006788243600774251,0.006704858999699922,0.006623584137961285,0.006544339401779881,0.006467049133206012,0.0063916413874157375,0.0063180477076817555,0.006246202916527015,0.0061760449216298665,0.006107514535463099,0.006040555307355731,0.005975113367115996,0.005911137279224178,0.005848577906840108,0.005787388284781996,0.0057275235008734495,0.005668940584959512,0.0056115984050616775,0.005555457570115694,0.005500480338825188,0.00544663053418518,0.005393873463253548,0.005342175841828024,0.005291505723648068,0.005241832433832233,0.005193126506248306,0.005145359624553171,0.005098504566641626,0.005052535152295169,0.5734587390410509,0.5737043070877772,0.5739495925406582,0.5741945958872168,0.574439317613855,0.574927918147394,0.5751717979215241,0.5754153980101986,0.575658718894264,0.5759017610534649,0.5761445249664475,0.5763870111107626,0.5766292199628691,0.5768711519981363,0.5771128076908483,0.577595291940329,0.5778361214402632,0.5780766764839788,0.5783169575403757,0.5785569650772867,0.5787966995614797,0.5790361614586614,0.5792753512334801,0.5795142693495284,0.5797529162693467,0.5802293983652094,0.580467234461099,0.5807048012004549,0.5809420990405993,0.5811791284378203,0.5814158898473739,0.5816523837234877,0.5818886105193628,0.5821245706871774,0.5823602646780898,0.5828308559287569,0.5830657540857527,0.5833003878603346,0.5835347576986024,0.5837688640456538,0.5840027073455853,0.5842362880414967,0.5844696065754925,0.5847026633886862,0.5849354589212012,0.5854002678997631,0.5856322822211373,0.5858640370124936,0.5860955327090516,0.5863267697450589,0.5865577485537932,0.5867884695675647,0.5870189332177191,0.5872491399346411,0.5874790901477552,0.5879382227754812,0.5881674060441716,0.5883963345172168,0.5886250086192862,0.5888534287741062,0.589081595404462,0.5893095089322017,0.5895371697782373,0.5897645783625486,0.5899917351041845,0.590445294730992,0.5906716984496344,0.5908978519925477,0.5911237557741689,0.5913494102080196,0.5915748157067092,0.5917999726819373,0.5920248815444962,0.5922495427042729,0.5924739565702528,0.5929220440522647,0.5931457184817772,0.5933691472444586,0.5935923307448191,0.5938152693864814,0.5940379635721832,0.5942604137037789,0.5944826201822432,0.5947045834076727,0.5949263037792882,0.5953690175535988,0.5955900117503801,0.5958107646815242,0.5960312767419107,0.5962515483255574,0.5964715798256236
1.7353535353535354,0.08946987657409837,0.07576877164828054,0.0657211346013506,0.0580375062772483,0.05197135768849002,0.04706055184283775,0.0430036950482178,0.03959583959285012,0.03669276301201747,0.034190028347411944,0.03201015011336994,0.030094427183423478,0.02839757583078939,0.026884103403872085,0.025525797794615945,0.02429995169576658,0.02318808241482146,0.02217499307067973,0.021248073484823778,0.020396772283092952,0.019612193208207014,0.018886782833583138,0.018214086412650068,0.017588555127713415,0.01700539254235497,0.01646043126111049,0.015950033080940687,0.015471007577194613,0.015020545271224761,0.014596162420602226,0.014195655140890828,0.01381706106885697,0.01345862715973486,0.013118782502884403,0.012796115267037547,0.012489353060618474,0.012197346132010305,0.011919052941154345,0.011653527721563155,0.011399909719165158,0.01115741385031694,0.010925322565154105,0.01070297873890702,0.01048977944228394,0.010285170467491762,0.010088641503854625,0.009899721876561152,0.009717976771338406,0.009543003883182173,0.009374430433823784,0.00921191051176343,0.009055122694515106,0.008903767919261158,0.008757567571683634,0.008616261767662281,0.008479607805278264,0.008347378767967697,0.008219362261544134,0.008095359270858644,0.007975183122596452,0.007858658543135435,0.007745620801461588,0.007635914928240941,0.007529395003247531,0.007425923504367469,0.007325370712017807,0.0072276141634569635,0.007132538152384349,0.007040033269226531,0.006949995978630425,0.00686232823043374,0.006776937101042704,0.006693734462821256,0.0066126366785618385,0.0065335643190458205,0.006456441901732906,0.006381197648577697,0.006307763261551643,0.006236073714238732,0.006166067058265405,0.0060976842432821,0.006030868949460049,0.005965567431452569,0.005901728372951807,0.005839302750980419,0.005778243709194664,0.005718506439484111,0.005660048071262001,0.005602827567847801,0.005546805629438513,0.005491944602176898,0.0054382083928565484,0.00538556238890518,0.00533397338321124,0.0052834095035056185,0.005233840145948632,0.005185235912647127,0.0051375685528259885,0.005090810907413114,0.005044936856804722,0.5789229701555858,0.5791677009285802,0.5794121473908321,0.5796563100374922,0.5799001893625614,0.5803871000182061,0.5806301323310681,0.5808728832869191,0.5811153533740644,0.5813575430796797,0.5815994528898152,0.5818410832893978,0.5820824347622351,0.5823235077910184,0.5825643028573257,0.583045061023279,0.5832850250805445,0.5835247130905794,0.5837641255294442,0.5840032628721056,0.5842421255924389,0.584480714163232,0.5847190290561879,0.5849570707419284,0.5851948396899965,0.5856695612459151,0.5859065147874872,0.5861431974588371,0.5863796097241618,0.5866157520465983,0.5868516248882265,0.5870872287100727,0.5873225639721112,0.5875576311332694,0.587792430651429,0.5882612285850725,0.5884952279111214,0.588728961415308,0.588962429550333,0.5891956327678702,0.589428571518569,0.5896612462520565,0.5898936574169421,0.5901258054608187,0.5903576908302668,0.5908206753271511,0.5910517753427089,0.5912826144600877,0.5915131931208457,0.5917435117655456,0.5919735708337571,0.5922033707640596,0.5924329119940449,0.5926621949603205,0.5928912200985111,0.593348498628247,0.5935767528861576,0.5938047510487205,0.5940324935466925,0.594259980809865,0.5944872132670664,0.5947141913461651,0.5949409154740722,0.5951673860767438,0.5953936035791841,0.5958452809786429,0.5960707417209331,0.5962959510535407,0.5965209093967493,0.5967456171699057,0.5969700747914237,0.5971942826787856,0.5974182412485455,0.5976419509163312,0.5978654120968475,0.59831159065029,0.5985343088480319,0.5987567802081413,0.5989790051407445,0.59920098405506,0.5994227173594002,0.5996442054611749,0.5998654487668935,0.6000864476821668,0.6003072026117101,0.6007479821280058,0.6009680075197333,0.6011877905356859,0.601407331576138,0.6016266310404832,0.6018456893272359
1.7737373737373738,0.08928241039975283,0.07561079357314042,0.06558477820580949,0.05791768153171828,0.05186458194742398,0.046964337506917225,0.04291620346243128,0.039515673383771516,0.03661883533753824,0.03412147723306527,0.03194628042170853,0.030034670168910496,0.028341460250218043,0.026831234434130123,0.025475841357573952,0.024252622605136085,0.023143135280025793,0.022132215222072395,0.021207279403877313,0.020357799169976123,0.019574897417761004,0.018851036984211467,0.018179777020437493,0.01755558065613148,0.016973661781915172,0.016429861975297482,0.015920550866719885,0.015442544900672222,0.014993040647643792,0.014569559712928788,0.014169902957152274,0.013792112242217276,0.013434438297695432,0.013095313595288418,0.012773329343396223,0.012467215889901406,0.012175825958677229,0.01189812025204657,0.011633155039770153,0.011380071420950004,0.011138086002197867,0.010906482778506952,0.010684606039759277,0.010471854154848477,0.010267674108931828,0.010071556690188919,0.00988303223695776,0.009701666870974306,0.009527059153456323,0.009358837108589186,0.009196655569474022,0.009040193805607007,0.008889153397926364,0.00874325633187981,0.008602243282772466,0.008465872071150855,0.008333916268792603,0.008206163938777187,0.008082416494314975,0.007962487663866567,0.007846202551067556,0.007733396779470142,0.007623915713251256,0.007517613746244616,0.007414353652307232,0.007314005991024719,0.007216448563192859,0.007121565911523511,0.007029248861876788,0.006939394101705584,0.006851903791784955,0.006766685208489648,0.006683650413823572,0.006602715950506766,0.006523802560226602,0.006446834922825479,0.006371741414669975,0.006298453884665147,0.006226907446274695,0.006157040284378705,0.006088793475634941,0.00602211082135776,0.0059569386917902745,0.005893225880984556,0.0058309234713929126,0.00576998470742832,0.00571036487733215,0.005652021202695525,0.005594912735067974,0.005539000259141288,0.005484246202000022,0.005430614548032001,0.0053780707590582255,0.005326581699342985,0.005276115565118279,0.005226641818313258,0.005178131124206001,0.005130555292725864,0.005083887223153544,0.0050381008519994365,0.5842490400667922,0.5844928970492532,0.5847364681328258,0.5849797538199986,0.5852227546120837,0.5857079035103764,0.5859500526133542,0.5861919188147929,0.5864335026101716,0.5866748044938129,0.5869158249588867,0.5871565644974132,0.587397023600266,0.5876372027571762,0.587877102456735,0.5883560654324845,0.5885951296801893,0.5888339164135772,0.5890724261155907,0.5893106592680523,0.5895486163516679,0.58978629784603,0.5900237042296206,0.5902608359798149,0.5904976935728843,0.5909705881872337,0.5912066261555657,0.5914423918608835,0.591677885773987,0.5919131083645909,0.5921480601013286,0.5923827414517546,0.5926171528823481,0.5928512948585156,0.5930851678445945,0.5935521086985076,0.5937851774896972,0.5940179791375151,0.5942505141009978,0.5944827828381306,0.5947147858058507,0.5949465234600501,0.5951779962555791,0.5954092046462485,0.5956401490848329,0.596101247911683,0.596331403200344,0.5965612963377164,0.5967909277714385,0.5970202979481294,0.5972494073133934,0.5974782563118213,0.5977068453869943,0.5979351749814864,0.5981632455368674,0.5986186112915719,0.5988459073690396,0.5990729461636906,0.5992997281121162,0.5995262536499204,0.5997525232117231,0.599978537231162,0.6002042961408963,0.6004298003726087,0.600655050357009,0.6011047893018594,0.6013292791188861,0.6015535164017589,0.6017775015763611,0.6020012350676189,0.6022247172995042,0.602447948695037,0.6026709296762885,0.6028936606643832,0.6031161420795019,0.6035603578668326,0.6037820930747112,0.6040035803809527,0.6042248202010587,0.6044458129496026,0.6046665590402328,0.6048870588856743,0.6051073128977321,0.6053273214872936,0.6055470850643307,0.6059858788161597,0.6062049098063429,0.6064236974147891,0.6066422420469326,0.6068605441073078,0.6070786039995513
1.8121212121212122,0.08910925174702418,0.07546491363784535,0.06545889976185809,0.057807095792416316,0.05176606711778262,0.04687559230940079,0.04283552695852794,0.03944177286419816,0.03655070536611691,0.034058320398217594,0.03188745365351204,0.02997964732220932,0.02828980537929786,0.026782582289725916,0.025429882885468037,0.024209093980928614,0.023101809494424197,0.022092895535673347,0.02116979419529514,0.020321997834426356,0.019540647070597262,0.018818219786122557,0.018148287988960777,0.017525325861037847,0.016944556847094235,0.01640183082512663,0.01589352467227645,0.015416461187783677,0.014967842538174243,0.01454519527586982,0.014146324651129367,0.0137692764345499,0.01341230484742384,0.01307384549026553,0.012752492383554422,0.012446978409460296,0.012156158581842633,0.011878995677529385,0.011614547849942376,0.011361957912613057,0.011120444035609045,0.01088929164322732,0.010667846334074518,0.010455507677818077,0.010251723763394083,0.010055986395285646,0.00986782684922457,0.009686812112971732,0.009512541548776485,0.009344643923342189,0.009182774758593922,0.009026613964107928,0.008875863716365886,0.008730246555699348,0.008589503674857906,0.008453393377685026,0.008321689687879195,0.008194181091339086,0.008070669397601307,0.007950968706825197,0.007834904471613802,0.007722312643485789,0.007613038895193063,0.007506937911074612,0.00740387273878329,0.007303714196120794,0.007206340327722953,0.007111635906596803,0.007019491976426071,0.006929805430747076,0.006842478625494062,0.006757419022032576,0.0066745388577379595,0.006593754841807861,0.006514987874002715,0.0064381627843790624,0.006363208092162176,0.006290055782159354,0.006218641097218655,0.006148902345487578,0.006080780721118981,0.0060142201374761796,0.0059491670717200275,0.005885570419997123,0.0058233813622724185,0.005762553236165147,0.0057030414190400525,0.005644803217752276,0.005587797765464903,0.005531985925019641,0.005477330198378181,0.005423794641691293,0.005371344785599879,0.005319947560386736,0.005269571225641471,0.005220185304126046,0.005171760519551498,0.00512426873799286,0.005077682912703179,0.005031977032095109,0.5894421224359228,0.5896850726133871,0.5899277354263444,0.5901701113843405,0.5904122009957175,0.5908955232059849,0.5911367568155718,0.5913777060999396,0.5916183715614635,0.5918587537013363,0.5920988530195712,0.5923386700150054,0.5925782051853039,0.5928174590269624,0.5930564320353113,0.5935335375275941,0.5937716709963916,0.5940095256016131,0.5942471018328126,0.594484400178398,0.5947214211256359,0.594958165160654,0.5951946327684452,0.5954308244328699,0.5956667406366606,0.5961377485876445,0.5963728412946883,0.5966076604608058,0.5968422065631355,0.5970764800777059,0.5973104814794405,0.5975442112421603,0.597777669838586,0.5980108577403428,0.5982437754179626,0.5987088019774726,0.5989409117949895,0.5991727532596298,0.599404326836507,0.5996356329896609,0.5998666721820599,0.6000974448756045,0.6003279515311302,0.6005581926084103,0.6007881685661597,0.6012473269526494,0.6014765102935521,0.6017054303392553,0.601934087543225,0.6021624823578862,0.6023906152346267,0.602618486623799,0.6028460969747242,0.6030734467356944,0.6033005363539755,0.6037539369464238,0.6039802488100201,0.6042063023097917,0.6044320978879187,0.6046576359855735,0.6048829170429223,0.6051079414991287,0.6053327097923564,0.6055572223597726,0.6057814796375495,0.6062292300639218,0.6064527240799169,0.6066759645410776,0.6068989518786476,0.6071216865228933,0.6073441689031067,0.6075663994476075,0.6077883785837467,0.6080101067379087,0.608231584335514,0.6086737895579372,0.6088945180288026,0.6091149976352126,0.6093352287978103,0.6095552119362918,0.609774947469408,0.6099944358149674,0.6102136773898397,0.6104326726099573,0.6106514218903184,0.6110881842871092,0.611306198228888,0.6115239678816136,0.6117414936556526,0.6119587759604525,0.612175815204545
1.8505050505050507,0.08894950140092985,0.07533037120987572,0.0653428402631945,0.05770516776648475,0.05167529325855813,0.0467938459764239,0.042761236290653266,0.03937374325184111,0.036488007672497776,0.03400021772615656,0.031833351733974134,0.0299290599386981,0.028242329669343796,0.026737880723514445,0.02538766986286416,0.024169125699630794,0.02306387617334525,0.02205681536680093,0.02113540858241855,0.02028916760306443,0.019509249421692233,0.0187881458241707,0.018119440699631242,0.01749761844372669,0.016917911329908466,0.01637617690702242,0.015868798748840996,0.01539260552736134,0.014944804580223132,0.014522927031597759,0.014124782188344802,0.013748419433026498,0.013392096213680298,0.01305425102223569,0.012733480477857178,0.012428519804575282,0.012138226132531238,0.011861564155583893,0.011597593767892345,0.01134545936717338,0.011104380568613133,0.010873644117076506,0.01065259682051245,0.01044063935836075,0.010237220839556915,0.010041834007762025,0.00985401100492811,0.009673319619009666,0.009499359952692306,0.009331761458677692,0.009170180295495798,0.009014296964216786,0.008863814191683361,0.008718455030869003,0.008577961152830287,0.008442091307981204,0.008310619937562134,0.008183335918309267,0.008060041425933655,0.007940550904078476,0.007824690127799627,0.007712295351751203,0.007603212533780268,0.007497296626671455,0.007394410931088565,0.007294426503487597,0.0071972216137743085,0.00710268124777886,0.007010696650478756,0.006921164905824411,0.006833988550132302,0.0067490752156527745,0.006666337301836411,0.006585691671726337,0.006507059371141408,0.00643036536894854,0.0063555383163640235,0.006282510323774486,0.006211216753603033,0.006141596027884618,0.006073589449343869,0.006007141034874874,0.005942197360446734,0.005878707416527296,0.005816622473193652,0.00575589595418218,0.005696483319210893,0.005638341953913725,0.005581431066868861,0.005525711593123317,0.0054711461038247245,0.005417698721435652,0.005365335040178014,0.005314022051334212,0.0052637280730363535,0.005214422684252079,0.005166076662679858,0.005118661926270893,0.005072151478144897,0.00502651935466831,0.5945071358275144,0.5947491494111158,0.594990874281186,0.5952323109540545,0.5954734599448199,0.5959548969343073,0.5961951859571075,0.596435189345969,0.596674907609893,0.596914341256672,0.5971534907928937,0.597392356723944,0.5976309395540111,0.5978692397860887,0.5981072579219794,0.5985824499064787,0.5988196247527698,0.599056519498247,0.5992931346388112,0.5995294706691934,0.5997655280829582,0.6000013073725075,0.6002368090290826,0.6004720335427699,0.6007069814025021,0.6011760491100893,0.6014101699300763,0.6016440160403798,0.6018775879242187,0.6021108860636805,0.602343910939722,0.6025766630321749,0.6028091428197482,0.6030413507800306,0.6032732873894957,0.6037363484563039,0.6039674738610414,0.6041983298097569,0.6044289167733907,0.6046592352217872,0.6048892856236964,0.6051190684467782,0.6053485841576055,0.6055778332216667,0.6058068161033692,0.6062639851719427,0.606492172282252,0.606720095057086,0.6069477539554942,0.6071751494354638,0.6074022819539227,0.6076291519667428,0.607855759928743,0.6080821062936917,0.6083081915143105,0.6087595803282277,0.6089848848217609,0.6092099299714402,0.609434716224797,0.609659244028333,0.6098835138275248,0.6101075260668251,0.6103312811896665,0.6105547796384644,0.6107780218546193,0.6112237393495497,0.6114462155060806,0.6116684371854858,0.6118904048241375,0.6121121188574105,0.6123335797196854,0.6125547878443517,0.6127757436638097,0.6129964476094744,0.6132169001117772,0.6136570525031272,0.6138767532481477,0.6140962042617595,0.6143154059695212,0.6145343587960246,0.6147530631648986,0.6149715194988108,0.6151897282194706,0.6154076897476322,0.6156254045030969,0.6160600953703935,0.6162770723170884,0.616493804160818,0.6167102913166603,0.6169265341987565,0.6171425332203134
1.888888888888889,0.08880233096462178,0.07520646556707591,0.06523599261614604,0.05761136195852261,0.051591781399811194,0.046718665293758184,0.042692936043740755,0.039311220882810756,0.036430405640505384,0.033946855916249415,0.03178368167002837,0.029882632871022597,0.02819877377957052,0.026696884491210167,0.02534896969648237,0.02413249658450527,0.02302912449467141,0.022023773327266634,0.021103929807695168,0.020259123644423727,0.019480526943815968,0.01876064432399338,0.018093070639787188,0.017472299713500773,0.016893571966978795,0.016352752028809734,0.01584622965353848,0.015370838933151783,0.014923791978068462,0.01450262413191683,0.014105148445514073,0.013729417635146091,0.01337369212686628,0.013036413081238658,0.012716179515720936,0.012411728816068557,0.012121920065403516,0.0118457197268569,0.011582189301245865,0.011330474648419742,0.01108979671720505,0.010859443471310959,0.01063876283496271,0.01042715651171755,0.010224074551925422,0.010029010566005359,0.009841497495413916,0.009661103866666361,0.009487430465768514,0.009320107378590648,0.009158791351097095,0.009003163430361623,0.008852926851124676,0.008707805139560217,0.008567540408071521,0.008431891819248543,0.008300634199715733,0.008173556786909151,0.0080504620944603,0.007931164883011122,0.007815491225304528,0.0077032776556565765,0.007594370395045592,0.007488624644047759,0.007385903936805953,0.007286079550015446,0.007189029961503644,0.007094640353540428,0.007002802156815162,0.006913412631059062,0.006826374479009958,0.006741595490658605,0.006658988215046449,0.006578469657152014,0.0064999609976132645,0.006423387333410333,0.006348677437551456,0.006275763536322151,0.00620458110249124,0.00613506866320222,0.006067167621366371,0.006000822089427997,0.00593597873453276,0.00587258663419781,0.005810597141655438,0.0057499637601124975,0.005690642025282974,0.005632589395503024,0.005575765148937729,0.005520130287275874,0.005465647445502565,0.005412280807269885,0.005359996025478034,0.005308760147695594,0.005258541546073319,0.0052093098514470115,0.005161035891330783,0.005113691631545196,0.005067250121224141,0.005021685440982693,0.5994487592386533,0.59968980941149,0.5999305696327126,0.6001710404251671,0.6004112223104432,0.6008907214395596,0.6011300397203315,0.6013690711677955,0.6016078162973159,0.6018462756230233,0.6020844496578178,0.6023223389133733,0.6025599439001406,0.602797265127351,0.603034303103021,0.6035075313257475,0.603743722582791,0.6039796326082745,0.6042152619041908,0.604450610971338,0.604685680309324,0.6049204704165697,0.6051549817903126,0.60538921492661,0.6056231703203435,0.6060902498537819,0.6063233749773985,0.6065562243262812,0.6067887983894813,0.6070210976548942,0.6072531226092633,0.6074848737381829,0.607716351526102,0.6079475564563274,0.6081784890110271,0.6086395389168484,0.6088696572266423,0.6090995050782626,0.6093290829482334,0.6095583913119603,0.6097874306437336,0.610016201416731,0.6102447041030213,0.6104729391735679,0.6107009070982311,0.6111560433838565,0.6113832126790566,0.6116101166968549,0.6118367559016477,0.6120631307567478,0.6122892417243878,0.6125150892657235,0.6127406738408365,0.6129659959087379,0.613191055927371,0.6136403916432854,0.6138646682511432,0.6140886846308911,0.6143124412351806,0.6145359385156136,0.6147591769227464,0.6149821569060917,0.6152048789141221,0.6154273433942733,0.6156495507929468,0.6160931961263136,0.6163146349486661,0.6165358184648653,0.6167567471161863,0.6169774213428885,0.6171978415842173,0.617418008278408,0.6176379218626882,0.6178575827732805,0.618076991445406,0.6185150538101487,0.6187337083682245,0.6189521124187561,0.6191702663919987,0.619388170717222,0.619605825822714,0.6198232321357838,0.6200403900827639,0.6202573000890135,0.6204739625789207,0.6209065467024247,0.621122469179969,0.6213381458290722,0.6215535770693098,0.6217687633193036,0.6219837049967236
1.9272727272727275,0.08866697605912943,0.07509255014690795,0.06513779665611755,0.0575251842730196,0.051515089604234086,0.04664965054863049,0.04263026138554809,0.03925387022390382,0.03637758869477559,0.033897945909095006,0.03173817314143779,0.02984011226618859,0.02815889844220617,0.026659367333646867,0.025313567801161244,0.024099002585396385,0.022997359962823514,0.021993583626595568,0.021075180045203302,0.02023169544650746,0.019454315865200664,0.018735557745104443,0.01806902604694113,0.01744922328023419,0.016871397376297344,0.016331419487952453,0.015825685066038698,0.015351033197309443,0.014904680390718999,0.014484165878403319,0.014087306161459097,0.013712157028457643,0.01335698164989661,0.01302022364572129,0.012700484243694077,0.012396502821384681,0.012107140261916298,0.011831364659009896,0.011568238994031255,0.011316910474313855,0.011076601277699985,0.01084660049115054,0.010626257067607099,0.010414973654405009,0.010212201169457076,0.010017434021998584,0.009830205890262083,0.009650085981310468,0.00947667571095664,0.009309605748458547,0.009148533381337776,0.00899314015966733,0.00884312978628903,0.0086982262234589,0.008558171990260066,0.008422726629226574,0.008291665321992832,0.008164777638462841,0.00804186640369821,0.007922746670456749,0.007807244785753136,0.007695197541680798,0.0075864514016967645,0.007480861794702896,0.007378292470014821,0.007278614907273947,0.007181707775889381,0.007087456439177202,0.006995752498976469,0.006906493376978811,0.006819581929290092,0.006734926091257095,0.006652438549765731,0.006572036440597784,0.006493641068623776,0.006417177648850017,0.0063425750665465465,0.006269765654792885,0.006198684988030809,0.006129271690257945,0.006061467256709687,0.005995215887872393,0.005930464334907689,0.005867161755542916,0.005805259579633213,0.005744711383617476,0.005685472773230187,0.005627501273802943,0.0055707562276144295,0.0055151986977571045,0.0054607913780395645,0.005407498508494424,0.005355285796085415,0.00530412034024384,0.005253970562893878,0.005204806142659549,0.005156597952955342,0.005109318003704827,0.005062939386437648,0.0050174362225382674,0.6042714465075864,0.6045115091920842,0.6047512807924398,0.6049907618377566,0.6052299528558561,0.6057074669153064,0.6059457910059276,0.6061838271678803,0.6064215759226366,0.6066590377904097,0.6068962132901583,0.6071331029395899,0.6073697072551655,0.6076060267521017,0.6078420619443763,0.6083132814646748,0.6085484668144886,0.6087833699032282,0.6090179912387287,0.6092523313276071,0.609486390675267,0.6097201697859016,0.609953669162497,0.6101868893068374,0.6104198307195066,0.6108848793461926,0.6111169875554129,0.6113488190233761,0.6115803742447228,0.6118116537129153,0.6120426579202418,0.6122733873578188,0.6125038425155954,0.6127340238823569,0.6129639319457272,0.6134229301070089,0.6136520211743962,0.613880840877351,0.6141093896977455,0.614337668116312,0.6145656766126448,0.614793415665206,0.6150208857513269,0.6152480873472119,0.6154750209279422,0.6159280859386651,0.6161542183132322,0.6163800845618,0.6166056851538816,0.616831020557886,0.6170560912411219,0.6172808976698009,0.6175054403090399,0.6177297196228654,0.617953736074216,0.6184009822358274,0.6186242128665556,0.6188471824757498,0.6190698915209575,0.6192923404586578,0.6195145297442638,0.6197364598321262,0.6199581311755363,0.620179544226729,0.6204006994368859,0.6208422381335708,0.6210626225172231,0.6212827508540945,0.621502623590146,0.6217222411703034,0.6219416040384605,0.6221607126374825,0.6223795674092079,0.6225981687944522,0.6228165172330112,0.6232524570241721,0.6234700492512906,0.623687390280763,0.6239044805473283,0.6241213204847225,0.624337910525682,0.6245542511019466,0.624770342644262,0.6249861855823827,0.6252017803450751,0.6256322270543155,0.6258470798534803,0.6260616861824562,0.6262760464651101,0.6264901611243384,0.6267040305820684
1.9656565656565659,0.08854273029525715,0.07498802744544873,0.06504773472700438,0.05744617811325663,0.051444809481853926,0.04658643237375732,0.04257287518471083,0.0392013812218599,0.036329269848697124,0.03385322060185788,0.031696576364098394,0.02980126355951643,0.028122482572131458,0.02662512018803498,0.025281265902749483,0.024068455164178833,0.02296840287009586,0.02196607460255595,0.021048994992841723,0.020206725466631697,0.01943046487227957,0.01871274053284225,0.018047166706279767,0.01742825389416507,0.01685125693614956,0.01631205298768401,0.01580704273956,0.015333069873709668,0.01488735494565455,0.014467440764816175,0.014071147006576634,0.013696532285784522,0.013341862297838085,0.013005582925132191,0.012686297428832632,0.012382747019158662,0.012093794235049589,0.011818408670220484,0.011555654668157856,0.01130468067584554,0.01106471000175616,0.010835032766231307,0.010614998868550694,0.010404011824358112,0.010201523349612851,0.010007028588478841,0.00982006189693309,0.009640193108285311,0.00946702421750437,0.009300186430754032,0.009139337533589482,0.00898415953891239,0.008834356580170906,0.008689653020748422,0.008549791753984435,0.00841453267178855,0.00828365128248438,0.008156937461780494,0.008034194321232218,0.007915237182348005,0.007799892644443853,0.007687997736737958,0.007579399145772864,0.007473952510466817,0.007371521778084422,0.007271978614981601,0.007175201866808058,0.0070810770633952715,0.006989495964033167,0.006900356139413183,0.006813560586717179,0.006729017375009019,0.006646639317967479,0.006566343671708702,0.006488051855373203,0.006411689192555049,0.006337184671779397,0.006264470724349848,0.006193483018250623,0.006124160266570715,0.006056444049464418,0.0059902786484105075,0.005925610891839421,0.005862390011274088,0.005800567507041181,0.005740097022941584,0.005680934229117418,0.00562303671252148,0.005566363874409468,0.0055108768343477,0.005456538340252963,0.005403312684016376,0.005351165622327292,0.00530006430231906,0.005249977191696318,0.0052008740130350395,0.005152725681967372,0.005105504248980787,0.005059182844598498,0.005013735627698357,0.6089794396948911,0.6092184933392603,0.6094572548673829,0.6096957248143681,0.609933903714018,0.6104093905000165,0.6106466994474747,0.6108837194698259,0.6111204510944009,0.6113568948472489,0.6115930512531393,0.6118289208355681,0.6120645041167592,0.6122998016176703,0.6125348138579956,0.6130039846293739,0.613238144193534,0.6134720205633303,0.6137056142521986,0.6139389257723342,0.6141719556346958,0.6144047043490087,0.6146371724237698,0.6148693603662497,0.6151012686824976,0.6155642484544067,0.6157953209160901,0.6160261157635931,0.6162566334969105,0.6164868746148371,0.6167168396149717,0.6169465289937198,0.6171759432462983,0.6174050828667379,0.6176339483478873,0.6180908588578221,0.6183189048664262,0.6185466786953849,0.6187741808316892,0.6190014117611693,0.6192283719684972,0.6194550619371912,0.6196814821496188,0.6199076330869999,0.6201335152294107,0.6205844750439264,0.6208095536704947,0.6210343654110256,0.6212589107399266,0.6214831901304809,0.6217072040548519,0.6219309529840856,0.6221544373881142,0.6223776577357594,0.6226006144947358,0.6230457391120241,0.6232679079002583,0.6234898149596751,0.6237114607525017,0.6239328457398774,0.6241539703818573,0.6243748351374149,0.6245954404644454,0.6248157868197688,0.6250358746591339,0.6254752766076407,0.6256945916229478,0.6259136499346333,0.6261324519931327,0.6263509982478284,0.626569289147053,0.6267873251380917,0.6270051066671856,0.6272226341795348,0.627439908119302,0.6278736970525675,0.6280902129292277,0.6283064769996359,0.62852248970281,0.6287382514767473,0.6289537627584288,0.6291690239838214,0.6293840355878803,0.6295987980045532,0.6298133116667823,0.6302415944546685,0.6304553644412099,0.6306688873950813,0.6308821637442422,0.6310951939156638,0.6313079783353325
2.004040404040404,0.08842893991478147,0.07489234448230767,0.0649653277535358,0.05737392091897415,0.05138056308692274,0.046528668941685516,0.042520465449966884,0.03915346694759831,0.03628518352108935,0.03381243281868895,0.03165866019082608,0.029765869689899915,0.028089321583999998,0.026593949595507742,0.025251880528844493,0.024040679859844243,0.02294208692829085,0.021941087412923777,0.021025222621043876,0.020184067931350254,0.01940883395676391,0.018692058009054584,0.018027362881974974,0.017409266414750314,0.016833029789963275,0.016294535673810385,0.015790189568191306,0.015316839374081475,0.014871709362125831,0.014452345626092575,0.014056570755756772,0.013682445960831504,0.013328239254824497,0.01299239859741939,0.012673529116635503,0.01237037370519486,0.012081796422303908,0.011806768238934751,0.011544354749097508,0.011293705537867649,0.01105404495183864,0.01082466406004664,0.010604913630670794,0.010394197976497575,0.010191969546194946,0.009997724158696137,0.009810996792218212,0.00963135785490792,0.009458409873643452,0.009291784547416177,0.009131140119005557,0.00897615902627648,0.008826545797993737,0.008682025165870322,0.008542340366754211,0.008407251613334521,0.008276534713964976,0.008149979824984666,0.008027390321020384,0.007908581770299532,0.007793381003775848,0.007681625268379756,0.0075731614554342165,0.007467845396696473,0.007365541221141081,0.007266120766530405,0.007169463040324461,0.007075453725227665,0.006983984725076997,0.0068949537473335255,0.006808263918727353,0.006723823431045843,0.006641545214383775,0.006561346635320343,0.006483149217902986,0.00640687838540675,0.006332463221142575,0.006259836246602757,0.006188933215625414,0.006119692923091985,0.006052057027104429,0.005985969883492076,0.005921378391635581,0.005858231850776464,0.005796481825939059,0.005736082022763354,0.005676988170512288,0.00561915791270048,0.0055625507047229695,0.005507127717988066,0.005452851750075752,0.005399687140479194,0.005347599691532217,0.0052965565941526715,0.005246526358068072,0.0051974787461961216,0.005149384712918148,0.005102216345955471,0.005055946811619202,0.005010550303202822,0.6135767815216724,0.6138148069037432,0.6140525392330012,0.6142899790503162,0.6145271268952276,0.6150005488193703,0.615236823971066,0.615472809295295,0.615708505325007,0.6159439125918453,0.6161790316261516,0.6164138629569696,0.6166484071120494,0.6168826646178504,0.6171166359995467,0.6175837224849136,0.6178168386325367,0.618049670743968,0.6182822193380096,0.6185144849322011,0.618746468042823,0.6189781691849006,0.6192095888722084,0.6194407276172733,0.6196715859313783,0.620132463305646,0.6203624833821907,0.6205922250605469,0.620821688845836,0.6210508752419576,0.6212797847515944,0.6215084178762149,0.6217367751160773,0.6219648569702334,0.622192663936532,0.6226474551909592,0.622874440468803,0.6231011528382278,0.6233275927911214,0.6235537608181906,0.6237796574089648,0.6240052830517984,0.6242306382338754,0.6244557234412123,0.624680539158662,0.6251293640575124,0.6253533742028313,0.6255771167861057,0.6258005922864213,0.6260238011817207,0.6262467439488071,0.6264694210633472,0.6266918329998749,0.6269139802317942,0.6271358632313836,0.6275788384170733,0.6277999315421292,0.6280207623127724,0.6282413311956999,0.6284616386565028,0.628681685159669,0.6289014711685866,0.6291209971455473,0.6293402635517495,0.6295592708473017,0.6299965099414587,0.6302147426548594,0.6304327180872079,0.6306504366932105,0.630867898926503,0.6310851052396528,0.6313020560841636,0.6315187519104769,0.6317351931679763,0.6319513803049901,0.6323829940056157,0.6325984214606357,0.6328135965779925,0.6330285198007841,0.6332431915710722,0.6334576123298845,0.6336717825172178,0.6338857025720415,0.6340993729322998,0.6343127940349154,0.634738890209818,0.6349515661508682,0.6351639945718079,0.6353761759044957,0.6355881105797853,0.63579979902753
2.0424242424242425,0.08832499901291922,0.07480498876115163,0.06489013173790537,0.057308021073145185,0.05132200015633963,0.04647604346493707,0.04247274304766627,0.03910986149619585,0.036245083595873175,0.03377535350030642,0.03162421041929819,0.029733729510543157,0.028059225894619018,0.02656567628696828,0.025225241664553387,0.024015515009518356,0.022918258049672496,0.02191847487172557,0.021003722057644114,0.020163587767007884,0.0193892933886352,0.018673385383843125,0.018009494364824335,0.01739214489203476,0.016816603957966168,0.016278759276340687,0.01577502075624475,0.01530224016294939,0.01485764517009937,0.014438784879886495,0.014043484551531054,0.013669807771599634,0.013316024676910414,0.012980585129868168,0.012662095968501319,0.01235930162660072,0.012071067555983226,0.011796365989007383,0.011534263665188171,0.01128391121211896,0.011044533927163027,0.010815423748405764,0.010595932239811796,0.010385464444355333,0.010183473481957488,0.009989455789412793,0.009802946914989364,0.00962351779337245,0.009450771438607286,0.009284340001032588,0.00912388214238218,0.00896908068961593,0.008819640533685431,0.00867528674356518,0.008535762870791401,0.00840082942192623,0.008270262479980322,0.008143852458491632,0.008021402972958327,0.007902729817585583,0.007787660035516658,0.007676031073061473,0.007567690009123289,0.007462492852073771,0.007360303897302181,0.007260995139603241,0.00716444573460335,0.007070541505031122,0.006979174487120186,0.006890242513593127,0.006803648829810596,0.006719301740003347,0.006637114280857098,0.00655700392012859,0.006478892277935744,0.006402704868861773,0.0063283708630178515,0.006255822864504228,0.006184996705776752,0.00611583125662756,0.006048268246559098,0.005982252099469041,0.005917729779729327,0.005854650648598374,0.005792966330350963,0.0057326305872498675,0.00567359920270895,0.00561582987203906,0.005559282100213551,0.005503917106112881,0.005449697732799733,0.0053965883633577206,0.005344554841918171,0.005293564399495607,0.005243585584292673,0.005194588196173831,0.005146543225001425,0.00509942279258976,0.005053200098021063,0.005007849366102196,0.6180673269413959,0.6183043069882918,0.6185409931366942,0.6187773859329961,0.6190134859222368,0.6194848096529484,0.6197200344777674,0.61995496866223,0.62018961274467,0.6204239672620924,0.6206580327501781,0.6208918097432871,0.6211252987744631,0.6213585003754375,0.6215914150766334,0.6220563858948635,0.6222884430662383,0.6225202154465231,0.6227517035596596,0.6229829079283044,0.6232138290738338,0.623444467516348,0.6236748237746736,0.6239048983663694,0.6241346918077288,0.6245934372983102,0.6248223903738293,0.6250510643516135,0.6252794597416893,0.6255075770528415,0.6257354167926165,0.6259629794673262,0.6261902655820519,0.6264172756406482,0.6266440101457462,0.6270966544998788,0.6273225653480932,0.6275482026411764,0.6277735668756991,0.6279986585470305,0.6282234781493431,0.6284480261756145,0.6286723031176329,0.6288963094659992,0.6291200457101312,0.6295667098374713,0.6297896386936314,0.6300122993914693,0.6302346924145404,0.6304568182452387,0.6306786773647991,0.6309002702533021,0.6311215973896763,0.6313426592517024,0.6315634563160166,0.6320042579523507,0.6322242634719506,0.6324440060890051,0.6326634862744783,0.63288270449821,0.6331016612289194,0.633320356934208,0.6335387920805629,0.6337569671333605,0.6339748825568695,0.6344099363675787,0.634627075677808,0.6348439572048132,0.6350605814073746,0.635276948743184,0.6354930596688482,0.635708914639893,0.6359245141107654,0.6361398585348377,0.6363549483644093,0.6367843660439101,0.6369986947931073,0.6372127707463471,0.6374265943506161,0.6376401660518487,0.6378534862949286,0.6380665555236927,0.6382793741809342,0.6384919427084047,0.6387042615468193,0.6391281519141657,0.639339724319365,0.6395510487880482,0.6397621257557863,0.6399729556571303,0.6401835389256149
2.080808080808081,0.0882303452749032,0.0747254846608778,0.06482173463422083,0.05724811514495005,0.05126879564009826,0.0464282619632639,0.04242943966364738,0.03907031811298373,0.036208741683013704,0.033741770088678354,0.03159302828031236,0.02970465636945999,0.0280320195843662,0.026540133913377915,0.02520119155181082,0.023992810607012225,0.022896773258639192,0.021898100408452494,0.02098436259231746,0.02014515964479164,0.019371722798519096,0.018656606872822255,0.017993449621860096,0.017376781745966432,0.01680187554466764,0.016264623343172135,0.01576143907588277,0.015289178038345333,0.014845071012733182,0.014426669849377127,0.014031802246037442,0.013658533960509025,0.013305137069196227,0.01297006317266347,0.012651920670970127,0.012349455405630419,0.012061534100566429,0.011787130140542921,0.01152531131133559,0.01127522919280255,0.011036109950928566,0.010807246317630208,0.010587990583768072,0.010377748459393796,0.010175973677462495,0.00998216323934201,0.009795853213935042,0.009616615016859698,0.009444052107206604,0.009277797047658505,0.009117508882543732,0.008962870794366464,0.008813588004730644,0.008669385890925125,0.008530008291796651,0.008395215982327826,0.008264785296481716,0.00813850688264734,0.008016184576450243,0.007897634378472811,0.007782683525631146,0.007671169646396786,0.007562939991004769,0.007457850729141766,0.007355766308250458,0.007256558866452394,0.007160107694814629,0.007066298743924615,0.0069750241709409955,0.006886181923013157,0.006799675353867908,0.006715412870395612,0.00663330760666663,0.0065532771228611975,0.006475243126841953,0.006399131216572714,0.006324870641457592,0.006252394081031588,0.006181637439568708,0.006112539655278756,0.006045042522864482,0.00597909052841499,0.005914630695627508,0.005851612442419226,0.005789987447179464,0.005729709523884423,0.0056707345053936655,0.0056130201343274535,0.005556525960933351,0.005501213247452198,0.005447044878478643,0.005393985276904886,0.005342000325032578,0.005291057290491047,0.0052411247566238285,0.0051921725570296074,0.005144171713972745,0.005097094380400624,0.005050913785320441,0.005005604182313296,0.6224547539149483,0.6226906735372018,0.6229262985017366,0.6231616293602391,0.623396666663018,0.6238658627957869,0.6241000227195522,0.6243338912751534,0.624567469006082,0.6248007564544783,0.6250337541611366,0.6252664626655086,0.625498882505707,0.625731014218511,0.6259628583393695,0.6264256859404203,0.626656670484897,0.6268873695660058,0.6271177837126064,0.6273479134522536,0.6275777593112003,0.6278073218144021,0.6280366014855207,0.6282655988469287,0.6284943144197127,0.628950902277352,0.6291787755979882,0.6294063692015708,0.6296336836028169,0.6298607193151831,0.6300874768508661,0.6303139567208095,0.6305401594347056,0.6307660855010006,0.6309917354268971,0.6314422088801153,0.6316670334156622,0.6318915838272693,0.6321158606159817,0.6323398642816239,0.6325635953228042,0.6327870542369177,0.6330102415201503,0.6332331576674824,0.6334558031726927,0.6339002842258734,0.634122120755424,0.63434368860602,0.6345649882654848,0.6347860202204616,0.6350067849564168,0.6352272829576437,0.6354475147072662,0.6356674806872418,0.6358871813783659,0.6363257888114482,0.6365446965092157,0.6367633408297572,0.6369817222481073,0.6371998412381592,0.6374176982726678,0.6376352938232532,0.637852628360404,0.6380697023534807,0.6382865162707192,0.6387193657450219,0.6389354022329645,0.6391511805068326,0.639366701029289,0.639581964261892,0.6397969706650979,0.6400117206982653,0.6402262148196585,0.6404404534864492,0.6406544371547215,0.641081641314625,0.6412948627130117,0.6415078309263973,0.6417205464054726,0.6419330095998594,0.6421452209581134,0.642357180927728,0.6425688899551362,0.6427803484857154,0.6429915569637892,0.6434132255344674,0.6436236865104805,0.643833899200812,0.6440438640445653,0.644253581479809,0.6444630519435801
2.1191919191919193,0.08814445615766535,0.07465339020509666,0.06475975354713887,0.05719386542138272,0.05122064749317057,0.046385051265889744,0.04239030597950591,0.03903460751524035,0.036175945566428495,0.03371148508124928,0.03156492908540767,0.02967847683914902,0.028007539199226637,0.026517167917206895,0.02517958361498824,0.023972427280446715,0.022877499716408033,0.02187983713759997,0.02096702278551475,0.020128667126541835,0.019356010357110955,0.018641614907464393,0.017979125035425408,0.01736307703236027,0.016788748030556664,0.01625203455421591,0.01574935420356736,0.015277565488539773,0.014833902022242265,0.014415918157358812,0.014021443812222192,0.013648546721780983,0.013295500728704968,0.012960759016181845,0.012642931406744249,0.01234076502392402,0.012053127749807473,0.011778994018579339,0.011517432568842616,0.011267595847631944,0.01102871081165738,0.010800070915874838,0.010581029113104021,0.010370991720709257,0.010169413029912906,0.009975790556140951,0.00978966084236705,0.009610595742272647,0.009438199120100894,0.00927210391399978,0.009111969516702472,0.008957479434408657,0.00880833919002179,0.008664274441213727,0.008525029288727004,0.008390364751845228,0.008260057393088644,0.00813389807467979,0.008011690832615626,0.007893251855432453,0.007778408556533587,0.007666998730219745,0.00755886978272337,0.007453878030618968,0.007351888059777806,0.007252772138907229,0.007156409682296805,0.007062686756991604,0.006971495630250298,0.0068827343534092,0.00679630637884573,0.006712120206951364,0.006630089060458382,0.006550130583664968,0.006472166564345063,0.006396122676380883,0.006321928241362811,0.006249516007506815,0.006178821944476688,0.006109785052764414,0.006042347186429422,0.005976452888193563,0.0059120492357631615,0.005849085698630708,0.005787514004449355,0.00572728801427691,0.005668363605992908,0.005610698565275946,0.00555425248359796,0.005498986662666444,0.005444864024885722,0.00539184902938702,0.005339907593218261,0.005289007017340586,0.005239115917082308,0.005190204156752055,0.0051422427881073285,0.005095203992433588,0.0050490610259775115,0.005003788168510659,0.6267425734521995,0.626977419391051,0.6272119699951979,0.6274462258213951,0.6276801874249991,0.6281472301788877,0.6283803124329319,0.6286131026719108,0.6288456014442542,0.6290778092970184,0.6293097267758921,0.6295413544252,0.6297726927879073,0.6300037424056234,0.6302345038186067,0.6306951641846787,0.6309250642115661,0.631154678181327,0.6313840066275266,0.6316130500824043,0.6318418090768773,0.6320702841405448,0.6322984758016925,0.632526384587296,0.6327540110230254,0.6332084189410372,0.6334352014681673,0.6336617037351269,0.6338879262611176,0.6341138695640594,0.6343395341605946,0.6345649205660919,0.6347900292946502,0.6350148608591016,0.6352394157710175,0.6356876976772367,0.6359114256884061,0.6361348790807789,0.6363580583596733,0.6365809640291685,0.6368035965921087,0.6370259565501063,0.6372480444035462,0.6374698606515896,0.6376914057921771,0.6381336847366699,0.6383544195303895,0.6385748851962894,0.6387950822262652,0.6390150111110147,0.6392346723400408,0.6394540664016566,0.639673193782987,0.6398920549699741,0.64011065044738,0.6405470462066174,0.6407648474521055,0.6409823849153322,0.6411996590752136,0.6414166704095067,0.6416334193948134,0.6418499065065842,0.6420661322191213,0.6422820970055824,0.6424978013379832,0.6429284305229842,0.6431433563139414,0.6433580235275594,0.6435724326301997,0.6437865840871027,0.6440004783623913,0.6442141159190744,0.6444274972190503,0.6446406227231097,0.6448534928909393,0.6452784690511548,0.6454905759574231,0.645702429355233,0.6459140296988,0.646125377441255,0.6463364730346478,0.6465473169299502,0.6467579095770591,0.6469682514248001,0.6471783429209301,0.6475977766440624,0.6478071197612651,0.6480162143072645,0.6482250607245229,0.6484336594544532,0.648642010937422
2.1575757575757577,0.08806684546584408,0.07458829416782294,0.06470383222788681,0.05714495769286067,0.05117727469520854,0.04634615721979237,0.042355110036563795,0.03900251638744199,0.03614649781217744,0.03368431473397602,0.031539741014297636,0.02965502957738862,0.027985632677633224,0.02649663451345008,0.02516028149747516,0.023954235376500065,0.02286031384963332,0.021863567024044888,0.0209515896695097,0.0201140018980283,0.019342052038714877,0.018628309426728724,0.017966424220802014,0.017350937784593748,0.016777131635174625,0.016240906106443544,0.015738682124228465,0.015267321115087629,0.014824059260201139,0.014406453182885819,0.014012334815927435,0.013639773688120527,0.013287045244562605,0.012952604104395471,0.012635061380683646,0.012333165359853213,0.012045784975150409,0.011771895612591399,0.011510566875276977,0.01126095199686239,0.011022278651840705,0.010793840950758827,0.010574992447152194,0.01036514000930241,0.010163738435003416,0.00997028570601293,0.009784318795457221,0.009605409954312756,0.009433163414479702,0.009267212454732022,0.009107216783919743,0.008952860201819892,0.00880384850465486,0.008659907604709216,0.008520781840054559,0.008386232451748854,0.008256036209584372,0.008129984169832556,0.008007880550243214,0.007889541709871994,0.007774795222221781,0.00766347903202361,0.007555440687046293,0.007450536637107216,0.007348631593670845,0.00724959794385411,0.00715331521380434,0.007059669576166898,0.006968553398092515,0.006879864825423877,0.006793507400027995,0.006709389707108802,0.006627425049829446,0.006547531148811807,0.006469629864282804,0.0063936469390138174,0.006319511760069412,0.006247157137971542,0.006176519101675128,0.006107536708183139,0.006040151865409039,0.005974309167418114,0.005909955740906866,0.005847041102160309,0.005785517023510203,0.005725337408715059,0.005666458176486176,0.005608837151560654,0.005552433962796303,0.0054972099476964555,0.005443128062953138,0.005390152800568093,0.005338250109099512,0.005287387319737483,0.0052375330768186235,0.0051886572724992065,0.00514073098528497,0.005093726422159026,0.005047616864069119,0.005002376614538363,0.6309341389776547,0.6311678996643977,0.6314013644176737,0.6316345337990908,0.6318674083688367,0.6323322753069912,0.6325642687887144,0.632795969685405,0.6330273785502164,0.6332584959349092,0.6334893223898544,0.6337198584640387,0.6339501047050681,0.6341800616591726,0.6344097298712104,0.6348682022416869,0.635097007483022,0.6353255261480925,0.6355537587749619,0.635781705900348,0.6360093680596267,0.636236745786836,0.6364638396146802,0.6366906500745345,0.6369171776964486,0.6373693865400536,0.6375950688152547,0.6378204703595443,0.6380455916964071,0.6382704333480278,0.6384949958352935,0.6387192796777996,0.6389432853938523,0.6391670135004728,0.6393904645134022,0.6398365373147719,0.6400591601283259,0.6402815078984245,0.6405035811344645,0.6407253803445849,0.6409469060356722,0.6411681587133631,0.641389138882049,0.6416098470448793,0.6418302837037655,0.642270344511186,0.6424899696573881,0.6427093252949897,0.6429284119197698,0.6431472300262918,0.643365780107908,0.6435840626567626,0.6438020781637956,0.6440198271187467,0.6442373100101587,0.6446714795505745,0.6448881671707127,0.6451045906695878,0.6453207505298131,0.6455366472328268,0.6457522812588956,0.6459676530871183,0.6461827631954293,0.646397612060602,0.6466122001582527,0.6470405959476863,0.6472544045849465,0.6474679543456457,0.6476812456996659,0.647894279115752,0.6481070550615168,0.6483195740034425,0.6485318364068858,0.6487438427360804,0.6489555934541404,0.6493783299037368,0.6495893165559347,0.6498000494383277,0.6500105290084833,0.6502207557228696,0.6504307300368584,0.6506404524047289,0.6508499232796708,0.6510591431137874,0.651268112358099,0.6516853008759935,0.6518935210462311,0.6521014924199798,0.6523092154428936,0.6525166905595623,0.6527239182135155
2.195959595959596,0.08799706027962685,0.07452981347031917,0.06465363881370184,0.05710109926261911,0.0511384154707701,0.046311343079645476,0.04232363576663183,0.038973846030024704,0.036120214515633166,0.0336600878962929,0.03151730402494677,0.029634164303926718,0.027966158385156037,0.0264783997785004,0.025143158195944593,0.023938114136332685,0.022845100563026653,0.021849180133194715,0.020937958030533,0.02010106308080192,0.0193297509598948,0.018616597241020605,0.017955257413147945,0.01734027742235354,0.01676694274659818,0.016231157161365424,0.015729344596882387,0.015258369114354409,0.014815469214994737,0.014398203573246091,0.014004405941539098,0.013632147469404299,0.013279705049301187,0.012945534597746182,0.012628248393467148,0.012326595773587253,0.012039446620625456,0.011765777180698267,0.011504657837701365,0.011255242536100218,0.011016759598530624,0.010788503727874479,0.01056982902031589,0.010360142841829876,0.010158900447787016,0.00996560024122019,0.009779779583793422,0.009601011085420583,0.00942889931009908,0.009263077844292,0.00910320668236586,0.008948969889400225,0.008800073508432751,0.008656243681698768,0.00851722496172943,0.008382778789883518,0.008252682123212363,0.008126726193173164,0.008004715381830325,0.007886466202172433,0.007771806372328818,0.007660573972954593,0.00755261667958781,0.007447791062481485,0.00734596194646104,0.007247001825699119,0.007150790327275359,0.007057213719271751,0.006966164459060603,0.006877540777823559,0.006791246298279857,0.006707189682226594,0.00662528430546816,0.006545447957552805,0.006467602564186483,0.006391673930314558,0.0063175915021515296,0.0062452881464860445,0.006174699945837794,0.006105766008232205,0.006038428290216993,0.0059726314322254195,0.005908322605221386,0.00584545136772022,0.005783969532410702,0.005723831041615081,0.005664991850912737,0.005607409820320295,0.005551044612447756,0.005495857597124929,0.005441811762010179,0.00538887162878083,0.005337003174451436,0.005286173757504857,0.005236352048471298,0.005187507964652076,0.005139612608701961,0.00509263821080825,0.005046558074219244,0.005001346523902748,0.6350326550726869,0.635265320499026,0.6354976894675388,0.635729762544476,0.6359615402946468,0.6364242120667486,0.6366551072111336,0.6368857092736695,0.6371160188120282,0.6373460363824677,0.6375757625398364,0.6378051978375777,0.6380343428277347,0.6382631980609541,0.6384917640864911,0.6389480307046055,0.6391757323887739,0.6394031470484507,0.6396302752259978,0.6398571174624115,0.6400836742973273,0.6403099462690229,0.6405359339144239,0.640761637769107,0.6409870583673047,0.6414370519244784,0.6416616259452358,0.6418859188330791,0.6421099311155823,0.6423336633190003,0.6425571159682727,0.6427802895870282,0.6430031846975884,0.6432258018209722,0.6434481414768999,0.6438919904587969,0.6441135008177488,0.6443347357752178,0.6445556958444902,0.6447763815375778,0.6449967933652218,0.6452169318368961,0.6454367974608122,0.645656390743922,0.6458757121919229,0.6463135415991338,0.6465320505634974,0.6467502897030666,0.6469682595173211,0.6471859605045082,0.6474033931616471,0.6476205579845326,0.6478374554677387,0.6480540861046226,0.6482704503873281,0.648702381852736,0.6489179500136938,0.6491332537769912,0.6493482936287617,0.6495630700539481,0.6497775835363053,0.6499918345584049,0.6502058236016379,0.650419551146219,0.65063301767119,0.6510591695726252,0.6512718559013404,0.6514842831149543,0.6516964516866975,0.6519083620886487,0.6521200147917383,0.6523314102657524,0.6525425489793357,0.652753431399995,0.6529640579941033,0.6533845455625065,0.6535944074639062,0.6538040153929711,0.6540133698104539,0.6542224711759933,0.6544313199481178,0.6546399165842479,0.6548482615407015,0.6550563552726952,0.6552641982343488,0.6556791336576485,0.6558862270220779,0.6560930714217403,0.6562996673053192,0.6565060151204202,0.6567121153135749
2.2343434343434345,0.08793467818199202,0.07447759083852473,0.06460886380440768,0.05706201715940129,0.05110382568691975,0.046280388059095665,0.0422956816690579,0.038948411141683806,0.03609692417516846,0.033638644962860585,0.031497468872659105,0.029615740878915497,0.02794898424617463,0.02646233882930038,0.02512809528129984,0.02392395095559845,0.022831752534811334,0.02183657395583717,0.02092602976256243,0.020089756612536137,0.01931901678482899,0.01860639145921104,0.017945540915698235,0.01733101521880025,0.016758103406653686,0.016222712347816817,0.015721268672914835,0.015250638811205617,0.01480806334900759,0.014391102804140861,0.013997592565055728,0.013625605237360068,0.013273419014793824,0.012939490979636694,0.012622434458413679,0.012320999732579638,0.012034057537915326,0.011760584893424146,0.011499652884888538,0.011250416095514835,0.011012103430490083,0.010784010125215173,0.010565490763415382,0.01035595315844121,0.010154852976932145,0.009961689000474212,0.009775998940012893,0.009597355727983226,0.00942536422683206,0.00925965829965268,0.009099898197336745,0.008945768223476924,0.008796974642863347,0.008653243804433473,0.008514320453406244,0.008379966211197456,0.008249958203100339,0.008124087818131691,0.008002159585878306,0.00788399015776813,0.007769407381835196,0.00765824946090478,0.007550364185409457,0.0074456082337247065,0.007343846532651807,0.007244951672471094,0.007148803371036341,0.007055287982154807,0.00696429804428059,0.006875731865296521,0.006789493140565237,0.00670549060071828,0.006623637686827023,0.006543852250390193,0.006466056275920736,0.006390175624264535,0.0063161397947574405,0.006243881704771526,0.006173337484944355,0.0061044462891460816,0.006037150117615344,0.005971393652461259,0.005907124104403828,0.005844291069915464,0.0057828463979386424,0.005722744065440345,0.005663940061130071,0.0056063922767104635,0.00555006040512142,0.0054949058452298406,0.005440891612516294,0.005387982255314561,0.0053361437762023635,0.00528534355818111,0.005235550295308422,0.0051867339274742465,0.005138865579025479,0.005091917500991202,0.005045863016651346,0.005000676470233215,0.6390411856422238,0.6392727472407138,0.6395040119277827,0.6397349802741205,0.6399656528489553,0.6404261129537497,0.6406559016148997,0.640885396766937,0.6411145989718515,0.6413435087901997,0.641572126781108,0.641800453502279,0.6420284895099945,0.642256235359121,0.6424836916031135,0.6429377374824888,0.6431643282177666,0.6433906315477091,0.6436166480187828,0.6438423781760695,0.644067822563271,0.6442929817227132,0.6445178561953504,0.6447424465207704,0.6449667532371977,0.645414517989185,0.6456379770944194,0.6458611547300178,0.6460840514274555,0.6463066677168704,0.6465290041270673,0.646751061185522,0.6469728394183859,0.6471943393504901,0.6474155615053488,0.6478571745708313,0.6480775665219392,0.6482976827767785,0.6485175238523436,0.6487370902643369,0.6489563825271728,0.6491754011539824,0.6493941466566169,0.6496126195456514,0.6498308203303893,0.6502664076178541,0.6504837951328645,0.6507009125681527,0.6509177604267222,0.6511343392103284,0.6513506494194816,0.6515666915534521,0.6517824661102732,0.6519979735867455,0.6522132144784402,0.6526428984836595,0.6528573425822155,0.6530715220660642,0.6532854374246883,0.6534990891463636,0.6537124777181637,0.6539256036259625,0.6541384673544389,0.6543510693870801,0.6545634102061848,0.6549873101270627,0.655198870187526,0.655410170951841,0.6556212128964204,0.6558319964965111,0.6560425222261969,0.6562527905584022,0.656462801964896,0.656672556916295,0.6568820558820669,0.6573002877288796,0.6575090215431441,0.6577175012382364,0.6579257272779335,0.658133700124884,0.658341420240613,0.6585488880855235,0.6587561041189014,0.6589630687989187,0.6591697825826358,0.6595824592838794,0.6597884231100032,0.6599941378570289,0.6601996039765131,0.6604048219189217,0.6606097921336332
2.272727272727273,0.08787930476310184,0.07443129269099245,0.06456921822236393,0.0570274565191124,0.05107327740932534,0.046253086023173504,0.0422710596168441,0.03892603872256098,0.03607646667649549,0.03361983692730422,0.031480096225646764,0.0295996284722929,0.0279339869603271,0.026448335081215753,0.02511498219575021,0.023911640715236198,0.02282016957827031,0.02182565279959836,0.020915713284720083,0.020079994687974785,0.01930976518763123,0.018597610972290433,0.017937196602090935,0.017323075820908574,0.01675054084734024,0.01621550131339368,0.015714386262036598,0.015244064238033768,0.014801777690566658,0.014385088784358274,0.013991834369096123,0.013620088351576576,0.013268130087765014,0.01293441770157187,0.01261756545555589,0.012316324474755835,0.01202956625723076,0.011756268512496209,0.011495502953304386,0.01124642473348888,0.011008263278687376,0.010780314300001481,0.01056193281666665,0.010352527041805877,0.010151553009315901,0.009958509839051808,0.009772935553922049,0.009594403374531466,0.009422518429938591,0.009256914830298097,0.009097253055717942,0.008943217622799482,0.00879451499446493,0.008650871704247593,0.008512032669623002,0.00837775967269819,0.00824782998916145,0.008122035148670048,0.008000179812654646,0.007882080756173089,0.007767565943388581,0.0076564736861603555,0.007548651877527924,0.007443957292543371,0.007342254949009038,0.007243417523094875,0.007147324813711751,0.007053863251261766,0.006962925446592414,0.006874409776118052,0.0067882200000687655,0.006704264910554789,0.006622458006955917,0.0065427171960708965,0.006464964514962764,0.006389125874383466,0.006315130821145891,0.006242912317744351,0.0061724065378276904,0.006103552676191004,0.006036292772102777,0.0059705715448861475,0.005906336240757537,0.00584353649008754,0.0057821241741930875,0.005722053300981902,0.005663279888735907,0.005605761857460423,0.005549458927174161,0.0054943325226718565,0.005440345684274459,0.0053874629841151244,0.0053356504475972856,0.005284875479611254,0.005235106795221528,0.00518631435448296,0.005138469301107554,0.005091543904730179,0.005045511506512937,0.005000346467876441,0.6429626615496147,0.6431931120833306,0.6434232653193324,0.6436531218325522,0.643882682196441,0.6443409167626488,0.6445695921045048,0.6447979735761125,0.6450260617435863,0.6452538571715877,0.6454813604233292,0.6457085720605796,0.6459354926436689,0.646162122731492,0.6463884628815135,0.64684027559089,0.6470657492580657,0.6472909352030907,0.6475158339763483,0.6477404461268182,0.6479647722020826,0.648188812748329,0.6484125683103557,0.6486360394315757,0.6488592266540216,0.6493047515638436,0.64952709032842,0.6497491473486325,0.6499709231596752,0.6501924182953877,0.6504136332882591,0.6506345686694327,0.6508552249687097,0.6510756027145538,0.651295702434095,0.6517350698961486,0.651954338686292,0.6521733315454034,0.6523920489940085,0.6526104915513249,0.6528286597352659,0.6530465540624444,0.6532641750481769,0.6534815232064886,0.6536985990501156,0.6541319358378472,0.654348197801021,0.6545641894876572,0.6547799114041122,0.6549953640554788,0.6552105479455891,0.6554254635770197,0.6556401114510944,0.6558544920678886,0.6560686059262336,0.6564960353567004,0.6567093519202967,0.6569224037083998,0.657135191213676,0.6573477149275703,0.6575599753403093,0.6577719729409063,0.6579837082171641,0.6581951816556791,0.6584063937418448,0.6588280357927122,0.6590384667222207,0.6592486382290013,0.6594585507924894,0.6596682048909399,0.6598776010014303,0.6600867395998653,0.6602956211609791,0.66050424615834,0.660712615064354,0.6611285864861715,0.6613361899410054,0.6615435391825596,0.6617506346774803,0.6619574768912715,0.6621640662882997,0.6623704033317968,0.6625764884838636,0.6627823222054738,0.6629879049564763,0.6633983193804557,0.6636031519675412,0.6638077354122432,0.6640120701688415,0.6642161566905121,0.6644199954293307
2.3111111111111113,0.0878305713644077,0.07439060722936931,0.06453443196862847,0.05699717912650529,0.05104655759602857,0.04622924430771121,0.04224959377980659,0.03890656708217401,0.036058692374159575,0.03360352452760456,0.031465055865417334,0.02958570481269037,0.027921051295547686,0.026436279579344864,0.02510371561811491,0.02390108517786625,0.02281025806724084,0.02181632723890863,0.020906923014500478,0.020071695254059576,0.01930191736778557,0.018590179986611007,0.01793015146679877,0.017316388815467265,0.01674418707197448,0.016209458319266075,0.01570863373990269,0.015238583754726975,0.01479655246531616,0.014380103496832322,0.013987074995073614,0.013615542020759857,0.013263784960770344,0.01293026286269418,0.012613590819299643,0.012312520703793706,0.012025924690279854,0.011752781100644656,0.011492162203759211,0.011243223659498638,0.011005195355086974,0.010777373423468834,0.010559113270249736,0.010349823462886328,0.010148960361139754,0.009956023384839172,0.00977055083349373,0.009592116183342372,0.009420324799918754,0.009254811012403568,0.00909523550415224,0.008941282980721832,0.008792660080760089,0.008649093501479355,0.008510328313086417,0.008376126440241596,0.008246265291943753,0.008120536522625088,0.007998744910607114,0.007880707340619804,0.007766251879711614,0.007655216936495781,0.007547450495033026,0.007442809415998539,0.007341158797958745,0.007242371393222638,0.007146327072583891,0.00705291233436551,0.006962019853597995,0.0068735480674570705,0.006787400793694696,0.006703486878925302,0.006621719874204171,0.006542017735412155,0.006464302546172251,0.006388500261489785,0.0063145404702488195,0.006242356174981367,0.006171883587441853,0.006103061938719742,0.006035833302682076,0.005970142431626174,0.005905936603256873,0.005843165477985182,0.00578178096582598,0.005721737102107343,0.005662989931339465,0.005605497398604751,0.005549219247918259,0.0054941169270636015,0.005440153498372854,0.0053872935550792755,0.0053355031428085065,0.005284749685853002,0.005235001917893167,0.005186229816852445,0.005138404543606066,0.00509149838427414,0.0050454846958640455,0.0050003378550321775,0.6467998877596423,0.6470292212203125,0.6472582570609805,0.6474869958606302,0.6477154381967445,0.6481714357808233,0.648398992176293,0.6486262544032478,0.6488532230317389,0.6490798986303454,0.6493062817661798,0.6495323730048917,0.6497581729106733,0.6499836820462634,0.6502089009729525,0.650658470437576,0.6508828220908912,0.6511068857660769,0.651330662017251,0.6515541513971107,0.6517773544569377,0.6520002717466014,0.6522229038145642,0.652445251207886,0.6526673144722289,0.6531105907896605,0.6533318049271223,0.6535527371043596,0.6537733878601104,0.6539937577317405,0.6542138472552492,0.6544336569652722,0.654653187395087,0.6548724390766167,0.6550914125404346,0.6555285269305033,0.6557466689111893,0.6559645347830417,0.6561821250699483,0.6563994402944715,0.6566164809778537,0.6568332476400214,0.6570497407995886,0.6572659609738615,0.6574819086788428,0.6579129887384472,0.6581281221185931,0.6583429850805018,0.6585575781337186,0.658771901786509,0.6589859565458631,0.6591997429175,0.6594132614058713,0.659626512514165,0.6598394967443099,0.6602646665715941,0.6604768531663291,0.6606887748781141,0.6609004322026389,0.6611118256343583,0.6613229556664939,0.6615338227910393,0.6617444274987637,0.6619547702792152,0.6621648516207256,0.6625842319341855,0.6627935318767472,0.6630025723215992,0.6632113537510445,0.6634198766461918,0.6636281414869589,0.6638361487520766,0.6640438989190923,0.6642513924643735,0.6644586298631117,0.6648723381158654,0.665078809914416,0.6652850274555002,0.6654909912084831,0.6656967016415749,0.665902159221835,0.6661073644151753,0.6663123176863637,0.6665170194990275,0.6667214703156572,0.6671296208051126,0.6673333213972656,0.6675367728320464,0.6677399755663126,0.6679429300558056,0.668145636755154
2.3494949494949497,0.08778813303597706,0.07435524271134351,0.06450425231879219,0.05697096209581185,0.051023466916239775,0.04620868265076741,0.042231119648032896,0.03888984494243833,0.0360434612610835,0.033589577473058664,0.03145222596363915,0.029573855508205682,0.027910069445657944,0.02642607039279957,0.02509419888924994,0.023892192441570242,0.02280193041439471,0.021808513617293062,0.02089957889191604,0.020064781553203206,0.019295399611176576,0.018584027601669866,0.01792433721821488,0.017310888336478883,0.016738978475925124,0.01620452187362144,0.015703951593275405,0.015234139704798382,0.014792331762456042,0.014376092675350385,0.013983261728531354,0.013611914997252814,0.013260333774349002,0.012926977919699798,0.012610463255739604,0.012309542313423832,0.01202308786113155,0.011750078759036029,0.01148958776489425,0.011240770983436264,0.011002858707624581,0.01077514744120202,0.010556992929380948,0.010347804051231844,0.010147037452837149,0.009954192817731545,0.009768808688614754,0.009590458766393433,0.00941874862438425,0.009253312784380257,0.009093812108512756,0.00893993146821922,0.00879137765669169,0.008647877515045095,0.008509176247662216,0.008375035904575794,0.008245234011921088,0.00811956233383006,0.007997825751307997,0.007879841245497772,0.007765436973920054,0.007654451430152134,0.007546732678305983,0.007442137654300526,0.0073405315276857674,0.0072417871176914585,0.007145784358278601,0.007052409807419882,0.006961556196606338,0.006873122016389978,0.006787011135067379,0.006703132447160872,0.006621399549156779,0.006541730440020249,0.006464047244306841,0.006388275955913799,0.006314346200696073,0.006242191016355163,0.006171746648127569,0.006102952358999523,0.006035750253230728,0.0059700851120937206,0.00590590424095486,0.00584315732661684,0.005781796304307894,0.005721775233445842,0.005663050181577153,0.005605579115813164,0.005549321801259888,0.005494239705881191,0.005440295911348599,0.005387455029424598,0.005335683123500443,0.005284947634908134,0.005235217313675282,0.005186462153420335,0.005138653330089116,0.005091763144279409,0.005045764966913985,0.005000633188024144,0.650555550026251,0.6507837615401529,0.6510116751726313,0.6512392915065368,0.6514666111232003,0.6519203625225568,0.6521467954603583,0.6523729339911443,0.6525987786887216,0.6528243301254072,0.6530495888720321,0.6532745554979471,0.6534992305710274,0.653723614657677,0.6539477083228339,0.6543950266411179,0.6546182524168325,0.6548411900162383,0.6550638399970131,0.6552862029153963,0.6555082793261944,0.6557300697827845,0.65595157483712,0.6561727950397346,0.6563937309397466,0.6568347520213904,0.6570548382942247,0.6572746424468714,0.6574941650214413,0.6577134065586578,0.6579323675978604,0.6581510486770095,0.6583694503326906,0.6585875731001188,0.6588054175131435,0.6592402734045747,0.6594572859438886,0.6596740222506223,0.65989048285186,0.6601066682733456,0.660322579039487,0.6605382156733608,0.6607535786967162,0.6609686686299789,0.6611834859922557,0.661612305073709,0.6618263078245417,0.6620400400677089,0.6622535023157847,0.6624666950800495,0.6626796188704925,0.6628922741958179,0.663104661563447,0.6633167814795241,0.6635286344489189,0.6639515415607953,0.664162596706683,0.6643733869127084,0.6645839126774316,0.6647941744981625,0.6650041728709645,0.6652139082906592,0.6654233812508292,0.6656325922438233,0.6658415417607589,0.6662586583247952,0.6664668263480122,0.6666747348474112,0.6668823843080138,0.6670897752136337,0.6672969080468806,0.6675037832891634,0.6677104014206952,0.6679167629204954,0.668122868266395,0.6685343124018894,0.6687396521412328,0.6689447376261789,0.6691495693286675,0.6693541477194709,0.6695584732681976,0.6697625464432962,0.669966367712059,0.6701699375406248,0.6703732563939834,0.6707791430293125,0.6709817117355477,0.6711840313151113,0.6713861022272992,0.6715879249302791,0.6717894998810932
2.387878787878788,0.0877516666852354,0.07432492588460878,0.06447844256950691,0.05694859667219854,0.051003818680068265,0.04619123222389563,0.042215483147784984,0.03887573062369814,0.03603064221538486,0.03357787374312428,0.03144149242672773,0.029563973430958717,0.027900940453249215,0.02641761206561204,0.02508634149111972,0.02388487644437033,0.022795104599152682,0.021802133596428335,0.020893605947010965,0.020059181709288266,0.01929014289224248,0.018579087427464804,0.01791968991003047,0.01730651271006386,0.01673485550293314,0.016200634399316738,0.01570028409813438,0.015230678103536097,0.014789063232548312,0.01437300551089658,0.013980345213843772,0.01360915929890505,0.013257729847063715,0.012924517423883135,0.012608138486586071,0.012307346137692972,0.012021013662605502,0.011748120389358668,0.0114877395007892,0.011239027488403741,0.011001214997968705,0.010773598855627484,0.01055553510184077,0.010346432886575996,0.010145749104892203,0.00995298366956795,0.009767675334739481,0.00958939799662831,0.009417757409310976,0.00925238826193077,0.009092951571948544,0.008939132355240765,0.008790637539214417,0.008647194090107866,0.008508547328954816,0.008374459414770124,0.008244707975534575,0.008119084870728195,0.007997395070664421,0.007879455640231292,0.00776509481561906,0.007654151164332085,0.007546472819957525,0.007441916783888597,0.007340348287352654,0.007241640207737749,0.007145672533909455,0.007052331875737981,0.0069615110137448855,0.0068731084848684555,0.006787028201353906,0.0067031790993514586,0.006621474814819244,0.006541833384189835,0.006464176967582692,0.006388431592688695,0.00631452691749122,0.006242396010257714,0.006171975145316945,0.006103203613370324,0.0060360235450788,0.0059703797469154996,0.00590621954825494,0.005843492658839845,0.005782151035806482,0.005722148759498993,0.005663441917471193,0.0056059884959812935,0.00554974827844206,0.005494682750359501,0.005440755010199218,0.005387929685818502,0.005336172856038173,0.005285451976988518,0.005235735812895159,0.005186994371006797,0.005139198840355075,0.005092321534110782,0.005046335835277852,0.005001216145502069,0.65423222115849,0.6544593068994724,0.6546860945554883,0.6549125847130767,0.6551387779572384,0.6555902760376252,0.655815582036208,0.6560405934460892,0.6562653108446558,0.6564897348077864,0.656713865909857,0.6569377047237456,0.6571612518208365,0.6573845077710263,0.6576074731427277,0.6580525344169278,0.6582746314488781,0.6584964401612524,0.658717961115118,0.6589391948700873,0.659160141984323,0.6593808030145417,0.6596011785160197,0.659821269042597,0.6600410751466824,0.6604798362898819,0.6606987924266978,0.6609174663364338,0.6611358585644103,0.6613539696545436,0.6615718001493507,0.6617893505899534,0.662006621516083,0.6622236134660853,0.6624403269769237,0.6628729208220827,0.6630888022234629,0.6633044073198069,0.6635197366412368,0.663734790716519,0.6639495700730697,0.6641640752369575,0.6643783067329097,0.6645922650843148,0.6648059508132278,0.665232506485154,0.6654453774656464,0.6656579778986133,0.6658703082995041,0.6660823691824599,0.6662941610603169,0.6665056844446114,0.6667169398455834,0.6669279277721808,0.6671386487320636,0.6675592917759102,0.6677692148687909,0.6679788730127986,0.6681882667092143,0.6683973964580552,0.6686062627580787,0.6688148661067865,0.6690232070004284,0.669231285934006,0.6694391034012773,0.6698539559057353,0.6700609919242525,0.6702677684391323,0.6704742859379706,0.6706805449071429,0.6708865458318072,0.6710922891959086,0.671297775482183,0.6715030051721601,0.6717079787461685,0.6721171594616048,0.6723213675577137,0.6725253214472228,0.6727290216045072,0.6729324685027621,0.673135662614007,0.6733386044090892,0.6735412943576871,0.6737437329283142,0.6739459205883228,0.6743495450401076,0.6745509827608134,0.6747521714287671,0.6749531115055677,0.6751538034516739,0.6753542477264082
2.4262626262626266,0.08772086939725308,0.0742994005643184,0.0644567808044362,0.05692988714518262,0.05098743786527723,0.04617673475214158,0.04220253983948482,0.03886409130684676,0.03602011231688571,0.03356829895107985,0.03143274829998229,0.029555958157851343,0.02789356967909419,0.026410815118390114,0.02508005857412251,0.023879056514842754,0.022789703738872503,0.02179711374626422,0.020888933908395586,0.020054828351109024,0.01928608251279973,0.018575297236813216,0.017916149606266814,0.017303204130429118,0.016731762333424056,0.01619774193219825,0.015697579027969484,0.015228148355031215,0.014786697812903251,0.014370794384622885,0.013978279195223937,0.013607229958237693,0.01325592943037414,0.012922838782624266,0.012606575016215489,0.012305891724191751,0.012019662634841697,0.011746867477641356,0.011486579799760293,0.011237956424463647,0.011000228299934332,0.01077269252880778,0.010554705404702887,0.010345676309754739,0.010145062352616648,0.00995236364260172,0.009767119115106367,0.009588902833854003,0.00941732070779533,0.00925200756963743,0.009092624570059691,0.00893885684867411,0.008790411447990183,0.008647015441515138,0.008508414250336549,0.008374370126853221,0.008244660786369096,0.008119078170091101,0.007997427324883288,0.007879525387467057,0.0077652006614556,0.007654291777689868,0.007546646929347953,0.0074421231739354755,0.007340585795531492,0.007241907721402398,0.0071459689874689815,0.0070526562480634405,0.0069618623257196345,0.006873485797175727,0.006787430612303992,0.006703605742950956,0.006621924858904765,0.006542306028693085,0.00646467144291247,0.006388947158218297,0.006315062860118117,0.006242951643071743,0.006172549806337349,0.006103796664362449,0.0060366343704307025,0.005971007752590216,0.0059068641607993135,0.005844153324447923,0.005782827219430226,0.005722839944027177,0.005664147602929151,0.005606708198784124,0.00555048153069948,0.005495429099191699,0.005441514017112205,0.005388700926101616,0.0053369559181940685,0.0052862464621881156,0.005236541334467841,0.005187810553951455,0.0051400253208734314,0.005093157959167665,0.005047181862177547,0.005002071441492831,0.6578323668953797,0.6580583240044308,0.6582839828800067,0.6585093441121613,0.6587344082893926,0.6591836478253309,0.6594078243533025,0.6596317061648901,0.6598552938408907,0.6600785879605763,0.6603015891016983,0.6605242978404934,0.6607467147516882,0.6609688404085038,0.6611906753826613,0.6616334755624134,0.6618544419039928,0.6620751198348926,0.6622955099194061,0.6625156127203546,0.6627354287990934,0.6629549587155165,0.6631742030280602,0.6633931622937096,0.6636118370680023,0.664048335357458,0.6642661599765013,0.6644837023119574,0.664700962912197,0.6649179423241713,0.665134641093417,0.6653510597640597,0.6655671988788201,0.6657830589790172,0.6659986406045737,0.6664289705844978,0.6666437200117674,0.6668581931102091,0.6670723904128294,0.6672863124512642,0.6674999597557847,0.6677133328553003,0.6679264322773638,0.668139258548176,0.668351812192589,0.6687761036949119,0.6689878425958249,0.6691993109563528,0.669410509294672,0.6696214381276363,0.669832097970781,0.6700424893383276,0.6702526127431876,0.670462468696967,0.6706720577099701,0.6710904369483812,0.6712992281879276,0.6715077545149818,0.6717160164334022,0.6719240144457703,0.6721317490533943,0.672339220756314,0.6725464300533041,0.672753377441878,0.6729600634182931,0.6733726531134127,0.673578557818382,0.6737842030837301,0.6739895893994885,0.6741947172544551,0.6743995871361991,0.6746041995310635,0.6748085549241699,0.6750126537994219,0.675216496639509,0.6756234161388989,0.6758264937575443,0.6760293172597182,0.676231887122096,0.6764342038201625,0.6766362678282141,0.6768380796193637,0.6770396396655435,0.677240948437509,0.6774420064048432,0.6778433717981043,0.6780436801573643,0.6782437395786662,0.6784435505257822,0.6786431134613329,0.6788424288467917
2.464646464646465,0.08769545690544912,0.07427842634088942,0.06443905877638836,0.05691464986104653,0.05097416023368425,0.04616504171499973,0.04219215418553671,0.038854802360570755,0.03601175622511051,0.033560745765197325,0.031425893226954105,0.02954971546190001,0.0278878683254601,0.026405595594673557,0.025075270527104628,0.02387465696273892,0.022785655700185235,0.021793385173043838,0.020885496846228327,0.020051658271149218,0.01928315777370691,0.018572598649700494,0.01791366007738412,0.017300908367266308,0.016729646600526227,0.016195793846824347,0.015695787388381573,0.015226502994798552,0.014785189477838894,0.014369414626579351,0.013977020281355184,0.013606084792608893,0.013254891485963054,0.012921902042314009,0.012605733920845994,0.012305141127771875,0.012018997764274016,0.011746283897895036,0.011486073382715296,0.011237523321156429,0.010999864916070792,0.010772395502976848,0.010554471588606593,0.010345502750774171,0.01014494627778157,0.009952302444433092,0.009767110338810867,0.009588944165625675,0.00941740996427536,0.009252142688333647,0.009092803600600528,0.008939077944901785,0.00879067286062342,0.008647315511622755,0.008508751403178716,0.008374742866332947,0.008245067689888419,0.008119517883870315,0.007997898559559726,0.007880026914186813,0.007765731308063382,0.007654850425368715,0.007547232509464509,0.007442734665066302,0.007341222220727115,0.007242568145714509,0.007146652515540031,0.00705336202195569,0.0069625895228714,0.006874233628482305,0.006788198320373901,0.006704392600377441,0.006622730166782799,0.00654312911510903,0.006465511661605741,0.006389803887289459,0.0063159355008242735,0.0062438396187114754,0.006173452561182069,0.006104713662648753,0.006037565095432612,0.005971951705730806,0.0059078208608051965,0.005845122306581946,0.005783808034719562,0.00572383215858888,0.005665150797285991,0.005607721967248347,0.005551505480766661,0.005496462850988672,0.00544255720285558,0.005389753189594274,0.005338016914343292,0.005287315856553826,0.005237618802827296,0.005188895781885051,0.0051411180033787175,0.005094257800283116,0.0050482885746334005,0.005003184746369341,0.6613583514178811,0.661583177928717,0.6618077061098939,0.6620319365548133,0.6622558698553037,0.6627028473824803,0.6629258927850067,0.6631486433947956,0.6633710997958896,0.6635932625707898,0.6638151323004602,0.6640367095643336,0.6642579949403161,0.6644789890047921,0.6646996923326295,0.665140229070307,0.6653600636223448,0.6655796097221492,0.66579886793708,0.6660178388330092,0.6662365229743274,0.666454920923948,0.6666730332433114,0.666890860492391,0.667108403229697,0.6675426373957447,0.6677593299342359,0.6679757401804625,0.6681918686856917,0.6684077159997568,0.6686232826710613,0.6688385692465832,0.6690535762718807,0.6692683042910952,0.6694827538469572,0.6699108197325176,0.6701244371406616,0.6703377782423534,0.6705508435733354,0.6707636336679657,0.6709761490592229,0.6711883902787097,0.6714003578566592,0.671612052321937,0.6718234742020474,0.6722455023099985,0.6724561095860767,0.6726664463734715,0.6728765131929424,0.6730863105639132,0.6732958390044758,0.6735050990313945,0.6737140911601115,0.6739228159047488,0.6741312737781145,0.6745473909557141,0.6747550512790281,0.6749624467692388,0.6751695779326434,0.675376445274249,0.6755830492977775,0.675789390505669,0.6759954693990863,0.6762012864779187,0.676406842240786,0.6768171718067825,0.6770219466008407,0.6772264620608004,0.6774307186789944,0.6776347169465106,0.6778384573531953,0.6780419403876569,0.6782451665372704,0.6784481362881811,0.6786508501253082,0.6790555119917826,0.6792574609848734,0.6794591559916756,0.6796605974910367,0.679861785960601,0.6800627218768137,0.6802634057149245,0.6804638379489917,0.6806640190518854,0.6808639494952917,0.6812630602844867,0.6814622415677594,0.6816611740665203,0.6818598582465892,0.6820582945726245,0.6822564835081251
2.5030303030303034,0.0876751622003628,0.07426177740294661,0.06442508088405356,0.05690271232091935,0.05096383152602111,0.04615601361739038,0.04218419888759382,0.03884774673185046,0.03600546561339624,0.03355511338178604,0.03142083295619183,0.029545156849280683,0.027883752998038278,0.026401874648861044,0.02507190258589772,0.02387160670725411,0.02278289274272619,0.02179088317986463,0.020883232848148237,0.020049612113482773,0.019281311675767503,0.018570936845185102,0.01791216852224104,0.017299574497597763,0.01672845913193775,0.016194742606550117,0.01569486317413257,0.015225697455551515,0.014784495011641568,0.01436882429404716,0.013976527730971402,0.013605684196213996,0.013254577482741297,0.012921669690688309,0.01260557865556679,0.012305058722867673,0.012018984300416844,0.011746335733456958,0.011486187128186418,0.011237695816499502,0.011000093210618725,0.0107726768372578,0.010554803378319806,0.010345882572259546,0.01014537185509983,0.009952771637701616,0.009767621133475686,0.009589494662997125,0.009417998372827719,0.009252767315853259,0.009093462846996001,0.008939770295634879,0.008791396880849145,0.008648069840637485,0.008509534749467156,0.008375554002932202,0.008245905450296845,0.008120381157996721,0.007998786290398787,0.007880938094251626,0.007766664976507115,0.007655805665185993,0.00754820844481896,0.00744373045889051,0.0073422370725166565,0.007243601289420872,0.007147703217623448,0.007054429579608413,0.006963673262328908,0.006875332903463268,0.006789312510606088,0.006705521110243282,0.006623872424018137,0.006544284569626127,0.0064666797843781565,0.006390984169278127,0.006317127452009502,0.00624504276714274,0.0061746664521268625,0.006105937857760289,0.006038799171981452,0.005973195255873967,0.005909073490908079,0.005846383636554303,0.005785077697432956,0.0057251097992621226,0.005666436072966843,0.005609014546286277,0.005552805042330165,0.0054977690845958395,0.0054438698079384285,0.0053910718750835385,0.005339341398273745,0.0052886458656864,0.0052389540722997474,0.0051902360548691075,0.005142463030759856,0.005095607340357109,0.005049642392812549,0.005004542614907364,0.6648124425238555,0.6650361372940442,0.6652595336881355,0.6654826323027168,0.6657054337327859,0.6661501474114634,0.6663720608421679,0.666593679452563,0.6668150038297782,0.6670360345593854,0.6672567722254036,0.667477217410304,0.6676973706950152,0.6679172326589287,0.6681368038799033,0.6685750763968402,0.668793778840904,0.6690121928382419,0.6692303189591267,0.6694481577723285,0.6696657098451207,0.6698829757432837,0.6700999560311106,0.6703166512714118,0.6705330620255203,0.6709650323131299,0.671180592961951,0.6713958713552293,0.6716108680469808,0.671825583589773,0.6720400185347286,0.6722541734315315,0.6724680488284303,0.6726816452722434,0.6728949633083642,0.6733207663320012,0.6735332524032182,0.6737454622341527,0.6739573963631399,0.674169055327117,0.6743804396616278,0.6745915499008268,0.674802386577485,0.6750129502229928,0.6752232413673653,0.6756430082659162,0.6758524850732877,0.6760616914859199,0.6762706280270175,0.6764792952184361,0.6766876935806867,0.67689582363294,0.6771036858930308,0.6773112808774622,0.6775186091014096,0.677932467321944,0.6781389983422834,0.6783452646496523,0.6785512667526526,0.6787570051585847,0.6789624803734506,0.6791676929019586,0.6793726432475274,0.6795773319122901,0.6797817593970986,0.6801898328238767,0.6803934797611795,0.6805968675092019,0.6807999965624498,0.6810028674141713,0.6812054805563617,0.6814078364797671,0.6816099356738883,0.6818117786269847,0.6820133658260789,0.6824157749041856,0.6826165977510908,0.6828171667797873,0.6830174824711689,0.6832175453049154,0.6834173557594966,0.6836169143121757,0.6838162214390133,0.6840152776148714,0.6842140833134165,0.684610945167282,0.6848090022639945,0.6850068107661855,0.6852043711416023,0.6854016838568197,0.6855987493772436
2.541414141414142,0.08765973425971284,0.07424924146193031,0.06441466324430674,0.0568939123629821,0.05095630672728904,0.046149519325731234,0.04217855427948718,0.03884281438597675,0.036001138652109375,0.03355130704437549,0.03141747889187088,0.02954219913744178,0.02788114530905764,0.02639957816912256,0.02506988447616322,0.023869838937043353,0.022781351195544315,0.021789546957630832,0.0208820837226433,0.02004863409124613,0.01928049064694177,0.01857026029944426,0.01791162531610267,0.017299154662207977,0.0167281537143485,0.01619454353603925,0.015694763150374134,0.015225689853450455,0.014784573801145822,0.014368983970787024,0.013976763257207725,0.013605990949470919,0.01325495121189898,0.012922106476811546,0.01260607487865065,0.012305611032264161,0.012019589588703796,0.011746991113581953,0.011486889913275558,0.011238443501788771,0.011000883457429729,0.010773507458679697,0.01055567232641303,0.010346787926688179,0.010146311812655002,0.009953744503097257,0.009768625310918202,0.009590528648635284,0.00941906074782179,0.00925385674017801,0.009094578053690372,0.008940910085620177,0.008792560118316195,0.00864925544851271,0.008510741705599527,0.008376781336461215,0.008247152238186235,0.008121646522062613,0.008000069394434173,0.007882238141447109,0.0077679812070570176,0.007657137353921626,0.007549554899291686,0.007445091017422856,0.007343611102378054,0.007244988185189514,0.007149102399710783,0.007055840492743246,0.0069650953742854205,0.006876765703770366,0.006790755509431042,0.006706973837285769,0.0066253344275017945,0.006545755415341826,0.0064681590547857205,0.006392471462693791,0.006318622381795052,0.006246544960997714,0.006176175551371795,0.006107453516705068,0.006040321057295572,0.0059747230460208845,0.005910606875596826,0.0058479223162242345,0.005786621382765549,0.005726658210734195,0.005667988940407399,0.0056105716084682445,0.005554366046580502,0.00549933378643695,0.00544543797073246,0.0053926432697049,0.005340915802794911,0.005290223065084008,0.005240533858168773,0.00519181822515529,0.005144047389506737,0.00509719369746258,0.00505123056379713,0.005006132420696315,0.6681968164898061,0.6684193791369888,0.6686416434089251,0.6688636099052313,0.6690852792239183,0.669527728712483,0.6697485100704026,0.6699689966267978,0.6701891889717319,0.670409087693694,0.6706286933796054,0.6708480066148236,0.6710670279831487,0.6712857580668272,0.6715041974465586,0.6719402064092693,0.672157777145955,0.6723750594861162,0.6725920540027905,0.6728087612674983,0.673025181850248,0.6732413163195405,0.6734571652423751,0.6736727291842532,0.6738880087091847,0.674317716756814,0.6745321464001136,0.6747462938676804,0.6749601597161355,0.6751737445006382,0.6753870487748883,0.6756000730911331,0.6758128180001708,0.6760252840513556,0.676237471792603,0.6766610145297777,0.6768723706143814,0.6770834505664102,0.6772942549266531,0.6775047842344887,0.6777150390278882,0.6779250198434212,0.6781347272162601,0.6783441616801839,0.6785533237675831,0.6789708329354567,0.6791791810738108,0.6793872589514097,0.6795950670937694,0.679802606025044,0.6800098762680316,0.680216878344176,0.6804236127735738,0.6806300800749767,0.6808362807657972,0.6812478843786675,0.6814532883288821,0.6816584277248525,0.6818633030773568,0.6820679148958593,0.6822722636885141,0.6824763499621703,0.6826801742223748,0.682883736973378,0.6830870387181365,0.6834928611943072,0.683695382925205,0.6838976456488377,0.6840996498617589,0.6843013960592533,0.6845028847353413,0.684704116382783,0.6849050914930819,0.6851058105564894,0.6853062740620086,0.6857064363491747,0.6859061361026215,0.6861055822417865,0.6863047752494904,0.6865037156073281,0.6867024037956747,0.6869008402936875,0.6870990255793105,0.6872969601292791,0.6874946444191224,0.6878892641145468,0.6880862004651931,0.6882828884458526,0.6884793285260842,0.6886755211742633,0.6888714668575865
2.57979797979798,0.08764893688951074,0.07424061877253237,0.06440763284018719,0.05688809740924123,0.050951449396031245,0.04614543546113807,0.04217510777158013,0.0388399017983181,0.03599867953759144,0.03354923760517386,0.03141574768192621,0.029540764069307404,0.027879971513141824,0.026398636433916756,0.025069150087547412,0.02386929080033216,0.022780971162497537,0.021789319302316708,0.020881994729445453,0.02004867172582801,0.019280644293459975,0.01857052054586001,0.017911983779083523,0.017299603842936193,0.016728686878308672,0.016195154613011176,0.015695446649520464,0.015226440792942757,0.0147853876464789,0.014369856583279573,0.013977690849315216,0.013606970046317866,0.01325597861786441,0.012923179246502514,0.012607190291685793,0.0123067665707699,0.012020782917952133,0.011748220064731101,0.011488152468050333,0.01123973777898695,0.011002207700809159,0.010774860026198587,0.010557051680639125,0.01034819262612003,0.010147740503975329,0.009955195914161321,0.009770098244446046,0.009592021976540108,0.009420573405884631,0.009255387723549993,0.009096126412419065,0.008942474920908257,0.008794140578828704,0.008650850727174324,0.008512351036615231,0.008378403992576134,0.008248787528110804,0.00812329378824902,0.008001728010914191,0.007883907511847215,0.007769660762767844,0.007658826552489236,0.007551253222775135,0.00744679797098632,0.0073453262130017995,0.007246711000350855,0.007150832486249386,0.00705757743582044,0.006966838776350308,0.006878515183623907,0.006792510701366375,0.00670873439026506,0.006627100004385679,0.006547525692190859,0.006469933720174237,0.006394250217074118,0.006320404936945856,0.006248331039428757,0.006177964885825306,0.006109245849654078,0.006042116140495181,0.00597652064006336,0.005912406749502314,0.005849724247060904,0.005788425155280694,0.005728463617007279,0.00566979577952734,0.005612379686222762,0.005556175175172896,0.005501143784193355,0.005447248661854135,0.0053944544840139885,0.005342727375501153,0.005292034836559124,0.005242345673735683,0.005193629934886209,0.00514585884803122,0.005099004763785029,0.00505304110112351,0.005007942296269123,0.6715135626412986,0.6717349934841071,0.6719561259974695,0.67217696078388,0.6723974984442114,0.6728376847820559,0.6730573346532575,0.673276689785768,0.6734957507724356,0.6737145182045193,0.6739329926716944,0.6741511747620581,0.6743690650621348,0.6745866641568807,0.6748039726296899,0.675237720035292,0.675454160127107,0.6756703119150397,0.675886175974749,0.6761017528803626,0.6763170432044816,0.6765320475181856,0.6767467663910381,0.6769612003910913,0.6771753500848908,0.6776027988124104,0.6778160989717352,0.6780291170760262,0.6782418536843717,0.6784543093543841,0.6786664846422036,0.6788783801025035,0.6790899962884951,0.6793013337519324,0.6795123930431168,0.6799336793026994,0.680143907364481,0.6803538594407861,0.680563536074725,0.680772937807984,0.6809820651808296,0.6811909187321141,0.6813994989992791,0.681607806518361,0.6818158418239948,0.6822310979264821,0.6824383197856423,0.6826452715559771,0.6828519537651851,0.6830583669395912,0.683264511604151,0.683470388282455,0.6836759974967337,0.683881339767861,0.6840864156153598,0.6844957701108293,0.6847000497911266,0.6849040651124567,0.6851078165876492,0.6853113047282083,0.6855145300443172,0.6857174930448414,0.6859201942373342,0.68612263412804,0.6863248132218989,0.6867283910323398,0.6869297907523182,0.6871309316822503,0.687331814320617,0.6875324391646201,0.6877328067101859,0.6879329174519692,0.688132771883358,0.6883323704964771,0.6885317137821925,0.688929636328603,0.6891282165647709,0.6893265434244872,0.6895246173923829,0.6897224389518533,0.6899200085850624,0.6901173267729471,0.6903143939952211,0.6905112107303781,0.6907077774556967,0.6911001627798764,0.6912959823272508,0.6914915537618208,0.6916868775548438,0.6918819541763854,0.6920767840953213
2.618181818181818,0.08764254766106284,0.07423572123433334,0.06440382674499014,0.05688512378209222,0.05094913105151463,0.046143645844544647,0.04217375334870599,0.03883891148842406,0.03599799806073662,0.033548821123303534,0.03141556084589974,0.02954077796087974,0.027880162175112196,0.02639898379772714,0.025069637175076043,0.023869903121176393,0.02278169625096192,0.021790146357253196,0.020882914331174854,0.02004967561076536,0.01928172517207603,0.018571671956096356,0.017913199965907425,0.01730087965901875,0.016730017701588107,0.016196536277737428,0.015696875388657508,0.015227913188462679,0.01478690058811454,0.014371407232585913,0.013979276609226725,0.013608588534569872,0.01325762764398064,0.012924856792001138,0.012608894492575675,0.012308495702256164,0.012022535381014022,0.011749994374342099,0.011489947242563914,0.011241551730899182,0.011004039628439766,0.010776708806337758,0.010558916261878595,0.01035007202292718,0.010149633791371094,0.009957102222911303,0.00977201675672861,0.00959395192194328,0.009422514058023397,0.009257338396586092,0.009098086458307215,0.00894444372663832,0.008796117564053645,0.008652835341826115,0.008514342758975921,0.00838040232732719,0.008250792004691365,0.008125303959239223,0.008003743450412928,0.007885927814354852,0.007771685541777984,0.007660855439432861,0.0075532858658904824,0.007448834034336905,0.007347365375564732,0.007248752955194083,0.007152876939679285,0.007059624106692839,0.006968887395332777,0.006880565492621742,0.006794562452840777,0.006710787346747809,0.006629153937877488,0.006549580383739063,0.006471988959386704,0.006396305801688563,0.00632246067240302,0.0062503867385307645,0.00618002036834962,0.006111300942030463,0.006044170675479037,0.005978574456446593,0.005914459691828212,0.005851776165355847,0.005790475904809347,0.005730513058026314,0.005671843777076191,0.005614426109898659,0.005558219898933696,0.005503186686174649,0.005449289624181849,0.005396493392637448,0.005344764120029488,0.005294069310110433,0.005244377772788966,0.005195659559144535,0.005147885900289187,0.005101029149802768,0.0050550627295104745,0.005009961078367201,0.6747646876522237,0.6749849876555256,0.6752049894179022,0.6754246935445795,0.6756441006391465,0.6760820261381574,0.676300545741647,0.6765187707111285,0.6767367016420912,0.6769543391284208,0.6771716837624044,0.6773887361347367,0.6776054968345242,0.677821966449292,0.6780381455649879,0.6784696346351012,0.6786849457535777,0.6788999687011096,0.6791147040558392,0.679329152394363,0.6795433142917375,0.6797571903214842,0.6799707810555936,0.6801840870645319,0.6803971089172457,0.6808223024222144,0.6810344752048078,0.6812463660918632,0.6814579756448028,0.6816693044235588,0.6818803529865789,0.6820911218908303,0.6823016116918057,0.6825118229435269,0.6827217561985509,0.6831407909214368,0.6833498934871289,0.6835587202517941,0.6837672717607348,0.6839755485578165,0.6841835511854731,0.6843912801847116,0.6845987360951159,0.6848059194548528,0.6850128308006753,0.6854258395905534,0.6856319381010912,0.6858377667306895,0.686043326009105,0.6862486164647087,0.686453638624491,0.6866583930140654,0.6868628801576736,0.6870671005781894,0.6872710547971238,0.6876781667095027,0.687881325439193,0.6880842200398023,0.6882868510260922,0.6884892189114874,0.6886913242080798,0.6888931674266339,0.6890947490765899,0.6892960696660685,0.6894971297018755,0.689898470133146,0.6900987515356826,0.6902987743987024,0.6904985392224978,0.690698046506072,0.6908972967471421,0.6910962904421432,0.6912950280862332,0.6914935101732965,0.6916917371959481,0.6920874280121538,0.6922848927846279,0.6924821044505378,0.6926790634962128,0.6928757704067368,0.6930722256659524,0.6932684297564653,0.6934643831596478,0.6936600863556427,0.6938555398233679,0.694245699483576,0.6944404066278024,0.6946348659472535,0.6948290779147787,0.6950230430020247,0.6952167616794398
2.6565656565656566,0.08764035694808166,0.07423437157279401,0.06440309140943659,0.05688485607625496,0.05094923061162007,0.0461440409891755,0.042174391101405036,0.038839751593215045,0.03599900921193146,0.03354997849701453,0.03141684442688993,0.029542171377633056,0.02788165186576484,0.026400558403092377,0.025071287086735006,0.023871620139909542,0.022783473324367205,0.02179197737614572,0.020884793968531015,0.020051599194225927,0.01928368858134788,0.018573671539474073,0.017915232471951415,0.017302942180675834,0.01673210762915819,0.016198651259913533,0.015699013299875997,0.015230072100923054,0.014789078748194111,0.014373603040652303,0.013981488602213836,0.013610815370954177,0.01325986809095617,0.012927109713984569,0.01261115884150808,0.01231077050882071,0.012024819747037126,0.011752287466211058,0.011492248285084359,0.011243860002161312,0.011006354455078882,0.010779029559364828,0.01056124235289075,0.01035240290077677,0.010151968939114138,0.00995944115515341,0.009774359017082821,0.00959629708083376,0.009424861710718895,0.009259688161268795,0.009100437974523756,0.00894679665369629,0.008798471579591,0.008655190140720581,0.008516698052008798,0.008382757840200546,0.0082531474770353,0.008127659143671322,0.008006098111819768,0.00788828172899019,0.007774038496640727,0.007663207231589276,0.007555636301869442,0.007451182929579263,0.007349712553900949,0.007251098248320455,0.007155220186773963,0.007061965153968793,0.006971226095630072,0.006882901705066303,0.006796896042502633,0.00671311818429635,0.006631481899346338,0.006551905350183922,0.006474310816642165,0.006398624440145653,0.006324775986771153,0.006252698627605643,0.006182328734823256,0.006113605692302793,0.006046471719482535,0.0059808717074621345,0.005916753066337971,0.005854065582891508,0.005792761287806575,0.0057327943317005805,0.005674120869280049,0.005616698951016558,0.005560488421762583,0.005505450825817627,0.005451549317947779,0.005398748579939811,0.005347014742302925,0.005296315310718455,0.005246619096942763,0.005197896153826455,0.005150117714175014,0.005103256133195511,0.005057284834269434,0.005012178257846087,0.6779521195914829,0.6781712903156174,0.678390162927946,0.678608738036284,0.6788270162467959,0.6792626843907759,0.6794800755283669,0.6796971721763884,0.6799139749328321,0.680130484394072,0.6803467011548693,0.6805626258083783,0.6807782589461517,0.6809936011581461,0.6812086530327268,0.6816378881151883,0.6818520724918944,0.6820659688688481,0.6822795778265407,0.6824928999439046,0.6827059357983188,0.6829186859656133,0.6831311510200745,0.6833433315344513,0.6835552280799588,0.6839781715415939,0.684189219592533,0.6843999859442366,0.684610471160331,0.6848206758029404,0.685030600432691,0.6852402456087171,0.6854496118886644,0.6856586998286964,0.6858675099834988,0.6862842991487976,0.6864922792613205,0.6866999837926762,0.6869074132902344,0.6871145682999168,0.6873214493662001,0.687528057032123,0.6877343918392896,0.6879404543278739,0.6881462450366251,0.6885570132625312,0.6887619918501021,0.6889667007986827,0.689171140639968,0.6893753119042558,0.6895792151204521,0.6897828508160743,0.6899862195172571,0.6901893217487559,0.6903921580339527,0.6907970348521204,0.6909990764250236,0.6912008541314972,0.6914023684881189,0.6916036200101181,0.6918046092113814,0.6920053366044568,0.6922058027005576,0.6924060080095671,0.6926059530400429,0.6930050642930204,0.6932042315260474,0.6934031405015988,0.6936017917216684,0.6938001856869485,0.6939983228968362,0.6941962038494366,0.6943938290415673,0.6945911989687623,0.6947883141252765,0.6951817820969097,0.6953781358941789,0.6955742368850756,0.6957700855575197,0.6959656823981766,0.69616102789246,0.6963561225245382,0.6965509667773355,0.6967455611325384,0.6969399060705979,0.6973278496109424,0.6975214491679916,0.6977148012174339,0.6979079062336058,0.6981007646896323,0.6982933770574313
2.694949494949495,0.08764216702611709,0.07423640258370746,0.06440528201024172,0.056887166582178926,0.050951633878267955,0.04614651763399251,0.0421769268039274,0.038842335475769256,0.0360016328191955,0.033552635127498634,0.03141952868027065,0.029544878839631493,0.027884378882485055,0.026403301916556772,0.02507404451262036,0.023874389275171982,0.022786252276064026,0.0217947645064978,0.020887587851367906,0.020054398580279287,0.019286492370785658,0.018576478758904558,0.017918042256329536,0.017305753758023613,0.016734920307746228,0.016201464417884472,0.015701826376231267,0.015232884588100142,0.01479189018564337,0.014376413009201275,0.013984296719691003,0.013613621287914957,0.013262671487235509,0.012929910295643561,0.012613956337914827,0.012313564670769366,0.012027610344399205,0.011755074286136487,0.011495031130529694,0.011246638690121704,0.011009128815836948,0.01078179943488349,0.01056400759612619,0.010355163374508052,0.010154724515389886,0.00996219171435629,0.009777104447331517,0.009599037277404077,0.009427596575450448,0.009262417602102764,0.009103161905058617,0.008949514992780372,0.008801184250863466,0.00865789707240226,0.008519399176513485,0.008385453093839708,0.008255836799807426,0.008130342478935244,0.008008775406152016,0.0078909529319372,0.007776703560551601,0.0076658661114112105,0.0075582889550018,0.007453829315725008,0.007352352634905968,0.007253731988086114,0.007157847551086044,0.007064586110416191,0.006973840613488713,0.006885509755220128,0.0067994975972975715,0.006715713217527206,0.006634070386135393,0.006554487266913702,0.006476886140890322,0.006401193150598854,0.006327338063199691,0.006255254050772763,0.006184877486455622,0.0061161477550198485,0.006049007076758197,0.0059834003435793905,0.005919274966346968,0.005856580732565103,0.005795269673604695,0.0057352959407366445,0.0056766156892853305,0.005619186970306944,0.005562969629212068,0.005507925210823487,0.0054540168704102976,0.005401209290235084,0.005349468601254768,0.005298762309579977,0.00524905922737021,0.005200329407861907,0.005152544084226099,0.005105675612014915,0.005059697414938866,0.005014583933757866,0.6810777117342435,0.6812957552879435,0.6815135008975322,0.6817309491732778,0.6819481007237835,0.6823815160751937,0.6825977810850279,0.6828137517874923,0.683029428782947,0.6832448126701208,0.6834599040461155,0.6836747035064122,0.6838892116448777,0.6841034290537679,0.6843173563237349,0.6847443428015184,0.6849574031826664,0.6851701757715641,0.6853826611509235,0.6855948599018835,0.685806772604017,0.686018399835335,0.6862297421722922,0.6864408001897923,0.6866515744611937,0.6870722740514338,0.6872822005093063,0.6874918454991573,0.6877012095866936,0.6879102933361064,0.6881190973100775,0.6883276220697837,0.688535868174902,0.6887438361836143,0.6889515266526132,0.6893660771908205,0.689572938366009,0.689779524213454,0.6899858352824731,0.6901918721209233,0.6903976352752058,0.6906031252902718,0.6908083427096264,0.6910132880753336,0.691217961928021,0.6916264972496955,0.6918303597927995,0.6920339529711271,0.6922372773181961,0.6924403333661154,0.6926431216455916,0.6928456426859314,0.6930478970150483,0.6932498851594658,0.6934516076443223,0.6938542577290094,0.6940551863722331,0.6942558514426909,0.6944562534586646,0.6946563929370774,0.6948562703934997,0.6950558863421522,0.6952552412959115,0.6954543357663134,0.6956531702635581,0.6960500613727227,0.6962481189984027,0.6964459186784535,0.6966434609164611,0.6968407462147012,0.6970377750741432,0.6972345479944557,0.6974310654740099,0.6976273280098836,0.6978233360978661,0.6982145909068933,0.6984098386131097,0.6986048338417853,0.6987995770823272,0.6989940688228782,0.699188309550321,0.6993822997502828,0.6995760399071382,0.6997695305040148,0.6999627720227956,0.7003485097474078,0.7005410069108228,0.7007332569113164,0.7009252602246124,0.7011170173252147,0.7013085286864108
2.7333333333333334,0.0876477912617827,0.07424165644314039,0.064410261849785,0.05689193475874943,0.05095623306427952,0.04615097831639496,0.042181271522587195,0.038846581366925585,0.036005793215751175,0.03355672060847711,0.03142354778160312,0.029548838548983346,0.0278882849935599,0.026407159286873316,0.02507785725551838,0.02387816090510405,0.022789985820061642,0.021798462590585026,0.020891252768761626,0.020058032346098247,0.01929009676496927,0.01858005536232467,0.017921592479358935,0.01730927886445063,0.016738421434939865,0.016204942592743157,0.01570528252974149,0.015236319567001586,0.01479530476231437,0.014379807890334249,0.013987672553690138,0.013616978671277329,0.01326601097000768,0.012933232386198906,0.012617261507466797,0.012316853356520694,0.012030882953189086,0.01175833119711849,0.011498272697648105,0.011249865244727247,0.011012340668105603,0.010784996876043713,0.010567190899853394,0.010358332798467318,0.01015788030238572,0.009965334093584053,0.009780233635440021,0.009602153479366422,0.009430699985491127,0.00926550840444394,0.009106240274630282,0.008952581095856218,0.008804238245739218,0.008660939109764143,0.008522429400085312,0.008388471640795718,0.00825884380115944,0.008133338059966617,0.008011759686668847,0.007893926026738773,0.007779665579649661,0.007668817160278674,0.007561229134911576,0.007456758723934856,0.007355271364895316,0.007256640129763886,0.007160745190994394,0.007067473331879927,0.006976717496805823,0.0068883763778019936,0.006802354033849687,0.006718559540140381,0.0066369066644350605,0.006557313568166943,0.006479702530141898,0.006403999690749895,0.006330134815120553,0.00625804107339345,0.006187654836850798,0.006118915488489037,0.006051765246906236,0.005986149002389933,0.005922014164246552,0.005859310518491978,0.005797990095072567,0.005738007043873569,0.005679317518920352,0.005621879569996807,0.005565653041297858,0.005510599476480328,0.0054566820296852205,0.005403865382093666,0.005352115663617548,0.005301400379361093,0.005251688340515973,0.0052029495993800735,0.005155155388221485,0.005108278061719334,0.005062291042738507,0.005017168771224997,0.6841432461535846,0.6843601651502993,0.6845767864072451,0.6847931105370115,0.6850091381505083,0.6854403062639712,0.6856554479774117,0.6858702956015438,0.6860848497389661,0.6862991109906326,0.6865130799558573,0.6867267572323206,0.6869401434160739,0.6871532391015462,0.687366044881549,0.6877907890883376,0.6880027286927088,0.688214380746792,0.6884257458353938,0.688636824541736,0.6888476174474611,0.6890581251326376,0.6892683481757652,0.68947828715378,0.6896879426420607,0.6901064054431724,0.6903152138990166,0.6905237411511629,0.6907319877672774,0.690939954313499,0.6911476413544452,0.6913550494532165,0.6915621791714022,0.6917690310690848,0.6919756057048456,0.6923879254174489,0.6925936716039913,0.6927991427480222,0.6930043394006905,0.6932092621116732,0.6934139114291811,0.6936182878999628,0.6938223920693105,0.6940262244810638,0.6942297856776152,0.6946360965874757,0.694838847378377,0.6950413291092702,0.6952435423153837,0.6954454875305266,0.6956471652870947,0.695848576116074,0.6960497205470464,0.6962505991081932,0.6964512123263008,0.6968516448335941,0.6970514651694167,0.6972510222554833,0.6974503166116718,0.6976493487564926,0.697848119207092,0.6980466284792578,0.6982448770874229,0.6984428655446703,0.6986405943627371,0.6990352751215758,0.6992322280791331,0.6994289234310894,0.6996253616825195,0.699821543337178,0.700017468897505,0.7002131388646292,0.700408553738373,0.700603714017256,0.7007986201985001,0.7011876722504929,0.7013818191092324,0.7015757138463224,0.7017693569525575,0.7019627489174582,0.7021558902292767,0.7023487813750002,0.7025414228403554,0.7027338151098118,0.7029259586665871,0.7033095015687243,0.7035009018742941,0.7036920553876067,0.7038829625856766,0.7040736239442903,0.704264039938009
2.771717171717172,0.08765705335808525,0.07424998407162697,0.06441790180736497,0.05689904674642605,0.05096292635881269,0.04615733097946208,0.0421873412577479,0.038852412034475946,0.03601141893462451,0.033562168443012214,0.031428839561936206,0.029553992140398062,0.027893315202394908,0.02641207852173025,0.025082676019502235,0.023882888166904058,0.022794629300136537,0.021803028982541668,0.020895747914431398,0.020062461373887768,0.01929446420276296,0.01858436522741886,0.017925848352679328,0.01731348395218971,0.01674257861899624,0.016209054473251206,0.015709351461026966,0.015240347687605784,0.01479929402078336,0.014383760067523526,0.013991589281117814,0.013620861447756727,0.013269861175820978,0.012937051295339523,0.01262105029832702,0.012320613121420044,0.012034614706541085,0.011762035882870026,0.011501951195668403,0.011253518376469642,0.011015969201972056,0.010788601531680026,0.010570772352309266,0.0103618916820826,0.010161417213679294,0.009968849594555558,0.009783728256102837,0.00960562772018877,0.009434154319608923,0.009268943279589967,0.009109656115073639,0.008955978303962204,0.008807617203505456,0.008664300180240272,0.008525772928574767,0.008391797956043215,0.008262153216416735,0.008136630873992681,0.00801503618466583,0.007897186481074403,0.007782910250708588,0.007672046297208348,0.0075644429761943435,0.007459957498053013,0.007358455290907078,0.007259809417789348,0.007163900042758654,0.007070613941133888,0.006979844049736743,0.006891489053488702,0.0068054530045931205,0.006721644971809461,0.006639978716807151,0.006560372395234659,0.006482748280369812,0.006407032507384486,0.006333154836400876,0.006261048432812277,0.0061906496633648,0.006121897906732073,0.0060547353773839265,0.005989106961669797,0.005924960065125122,0.0058622444701611955,0.005800912203276387,0.005740917411065368,0.00568221624438273,0.005624766749985069,0.005568528769160649,0.00551346384278138,0.005459535122311755,0.005406707286363134,0.005354946462379693,0.005304220153091256,0.0052544971674072394,0.005205747555428606,0.005157942547310073,0.005111054495693094,0.0050650568214819815,0.005019923962730385,0.6871504371071603,0.6873662346245207,0.6875817346412668,0.687796937772181,0.6880118446303528,0.6884407719723975,0.688654793674038,0.6888685215384823,0.6890819561704429,0.6892950981729742,0.6895079481474781,0.6897205066937094,0.6899327744097821,0.6901447518921743,0.690356439735734,0.6907789488776325,0.6909897713575673,0.6912003065618733,0.6914105550773315,0.6916205174891259,0.6918301943808493,0.6920395863345081,0.6922486939305279,0.6924575177477592,0.6926660583634822,0.6930822922917058,0.6932899867509648,0.693497400302242,0.6937045335150472,0.6939113869573512,0.6941179611955917,0.6943242567946782,0.6945302743179977,0.694736014327419,0.6949414773832983,0.6953515748683219,0.6955562104106611,0.6957605712258572,0.6959646578667791,0.6961684708848126,0.6963720108298663,0.6965752782503766,0.6967782736933112,0.6969809977041763,0.6971834508270194,0.6975875465775707,0.6977891902861288,0.6979905652683746,0.6981916720611391,0.6983925111998244,0.6985930832184084,0.69879338864945,0.6989934280240927,0.6991932018720703,0.6993927107217112,0.6997909355322968,0.6999896525429132,0.7001881066545456,0.7003862983885646,0.7005842282649635,0.7007818968023624,0.7009793045180129,0.7011764519278023,0.7013733395462585,0.7015699678865537,0.7019624487786033,0.702158302349967,0.7023538986823977,0.7025492382823588,0.702744321654985,0.7029391493040867,0.7031337217321545,0.7033280394403632,0.703522102928576,0.7037159126953494,0.7041027730522941,0.7042958246330814,0.7044886244736693,0.7046811730661431,0.7048734709013056,0.7050655184686824,0.7052573162565259,0.7054488647518191,0.7056401644402798,0.705831215806365,0.7062125755029561,0.7064028847961074,0.7065929476921824,0.7067827646693939,0.7069723362047182,0.7071616627738988
2.81010101010101,0.08766978666715408,0.07426124454943213,0.06442807983070546,0.05690839492132469,0.050971617528319954,0.04616548860938783,0.04219505661301102,0.03885975448025022,0.036018442427453314,0.033568915780578835,0.03143534526287824,0.029560284451119023,0.027899417530872262,0.026418010483607035,0.025088454215303223,0.02388852677172034,0.02280014051344703,0.021808423380088496,0.02090103472433158,0.020067648696770704,0.019299559188512654,0.018589374218642405,0.0179307770022153,0.017318337319722845,0.016747361251511755,0.01621377047230166,0.01571400453936248,0.015244941216777186,0.014803831071871696,0.014388243446224674,0.0139960215573597,0.013625244981675784,0.013274198140011722,0.0129413436943344,0.012625299985702243,0.012324821814587494,0.012038783999842546,0.011766167259192328,0.011506046036653917,0.011257577971754147,0.011019994756899028,0.01079259417499791,0.010574733142189437,0.01036582161212775,0.010165317218193264,0.009972720553079135,0.009787570997676067,0.009609443027339253,0.009437942931611503,0.009272705895783218,0.009113393397663134,0.008959690880556877,0.008811305669705323,0.008667965101675905,0.00852941484292935,0.008395417374927263,0.008265750627038333,0.008140206740685416,0.008018590950389133,0.007900720568623072,0.007786424064028138,0.007675540222488619,0.007567917382904299,0.007463412739922681,0.007361891706823284,0.0072632273326333876,0.007167299768148561,0.007073995776202348,0.006983208281770792,0.0068948359585770625,0.006808782848164028,0.00672495800925862,0.006643275193952548,0.00656365254881546,0.006486012338488603,0.006410280689940936,0.006336387355487694,0.006264265493078902,0.006193851462367347,0.00612508463528581,0.006057907219846749,0.00599226409623334,0.0059281026641079095,0.005865372700267784,0.005804026225834915,0.005744017382260158,0.0056853023154748,0.0056278390675255875,0.005571587475179971,0.005516509074978787,0.005462567014230074,0.005409725967559731,0.005357952058580012,0.005307212786345462,0.00525747695622693,0.005208714614929475,0.0051608969893368285,0.005113996428943263,0.005067986351625784,0.005022841192518628,0.6901009342323937,0.690315613774585,0.6905299960883783,0.6907440817906253,0.6909578714964718,0.6913845653710535,0.6915974707616046,0.6918100825993986,0.6920224014911406,0.6922344280418652,0.6924461628549414,0.6926576065320795,0.6928687596733359,0.6930796228771194,0.6932901967401962,0.6937104788231179,0.6939201882283348,0.6941296106636007,0.6943387467175541,0.6945475969772259,0.694756162028043,0.6949644424538345,0.6951724388368372,0.6953801517577011,0.6955875817954943,0.6960015955302663,0.6962081803775221,0.6964144846422718,0.6966205088957566,0.6968262537076668,0.6970317196461497,0.697236907277813,0.6974418171677299,0.6976464498794458,0.6978508059749818,0.6982586905580135,0.6984622201619801,0.6986654753827194,0.6988684567747119,0.6990711648909448,0.6992736002829176,0.6994757635006464,0.69967765509267,0.6998792756060532,0.7000806255863935,0.7004825161230234,0.7006830577632112,0.7008833310381621,0.7010833364862064,0.7012830746442352,0.7014825460477061,0.7016817512306468,0.7018806907256608,0.7020793650639319,0.7022777747752289,0.7026738024289274,0.7028714214238336,0.7030687778967838,0.7032658723705416,0.7034627053664839,0.7036592774046049,0.7038555890035207,0.7040516406804747,0.7042474329513406,0.7044429663306289,0.7048332584657178,0.7050280182437574,0.7052225211747065,0.7054167677663209,0.7056107585250191,0.7058044939558865,0.7059979745626799,0.7061912008478314,0.7063841733124533,0.7065768924563428,0.7069615727745577,0.7071535349419374,0.7073452457747006,0.7075367057661305,0.7077279154082197,0.7079188751916753,0.7081095856059227,0.7083000471391101,0.7084902602781119,0.708680225508534,0.7090594141797407,0.7092486385854283,0.70943761701235,0.7096263499398276,0.7098148378459385,0.7100030812075192
2.8484848484848486,0.08768583355126647,0.07427530457752594,0.06444068047016192,0.056919877482735824,0.05098221554754924,0.04617536890515302,0.04220434249094258,0.038868539659708774,0.03602679980570023,0.03357690317728607,0.031443009311167086,0.029567663309468646,0.02790654281997936,0.026424908700125052,0.0250951477825336,0.023895034834538316,0.022806479548392256,0.02181460766949006,0.020907076729513543,0.020073559356216433,0.019305348155581697,0.01859505005624865,0.017936347341163242,0.01732380898955467,0.016752740388941176,0.016219062612741055,0.0157192146921733,0.015250073930789618,0.014808890490158353,0.014393233353021085,0.014000945418587778,0.01363010597966769,0.0132789992039373,0.0129460875262783,0.012629989083813725,0.012329458493090306,0.012043370406874625,0.011770705392322356,0.011510537756619397,0.011262025014918431,0.011024398746095588,0.010796956629310857,0.01057905548565165,0.01037010518155333,0.010169563270204685,0.009976930270419808,0.009791745495074031,0.009613583356417646,0.009442050085913827,0.00927678081470765,0.009117436970584472,0.008963703950334585,0.008815289035801817,0.008671919523089067,0.008533341041101023,0.008399316036036926,0.008269622404353296,0.008144052256675027,0.008022410798597175,0.007904515315493346,0.007790194250564264,0.0076792863657450606,0.0075716399774198775,0.007467112258985014,0.00736556860372777,0.007266882041808507,0.007170932706192099,0.007077607342837894,0.006986798860824983,0.0068984059187181535,0.006812332543823978,0.006728487781241814,0.0066467853702365355,0.006567143445147813,0.006489484259007765,0.006413733927747641,0.006339822193173258,0.0062676822032383195,0.006197250308062586,0.006128465870497217,0.006061271089886109,0.005995610838159375,0.005931432507073842,0.0058686858658773934,0.005807322928479947,0.005747297829437186,0.0056885667080725745,0.00563108760010998,0.0055748203362633465,0.0055197264472618725,0.0054657690748501275,0.005412912888308078,0.005361124006124016,0.0053103699224249035,0.005260619437852276,0.00521184259456407,0.005164010615070594,0.005117095844661832,0.00507107169716327,0.005025912603813639,0.6929963255627177,0.6932098910255388,0.6934231595635717,0.6936361317956183,0.6938488083387615,0.6942732768181152,0.6944850699799544,0.6946965699041591,0.6949077771993102,0.6951186924723053,0.6953293163283655,0.6955396493710401,0.695749692202213,0.6959594454221084,0.6961689096292966,0.6965869733915949,0.6967955741356264,0.6970038882448037,0.6972119163095121,0.6974196589185155,0.697627116658964,0.6978342901163982,0.6980411798747551,0.6982477865163734,0.6984541106219994,0.6988659135403277,0.6990713935066075,0.6992765932440609,0.6994815133255514,0.6996861543223826,0.6998905168043027,0.7000946013395101,0.7002984084946591,0.7005019388348639,0.7007051929237055,0.7011108745939825,0.7013133032949552,0.7015154579836506,0.7017173392160563,0.701918947546657,0.7021202835284396,0.7023213477128976,0.7025221406500368,0.7027226628883801,0.7029229149749718,0.7033226108737198,0.7035220557726204,0.7037212326932677,0.7039201421753908,0.7041187847572704,0.7043171609757434,0.7045152713662078,0.7047131164626285,0.7049106967975401,0.7051080129020538,0.7055018545372376,0.7056983811230502,0.7058946455887596,0.7060906484584256,0.7062863902547127,0.7064818714988932,0.7066770927108529,0.7068720544090952,0.7070667571107461,0.7072612013315587,0.7076493163868424,0.7078429882459948,0.708036403673681,0.7082295631788565,0.7084224672691309,0.7086151164507724,0.7088075112287121,0.708999652106548,0.7091915395865507,0.7093831741696659,0.7097656866424249,0.7099565655273804,0.7101471935060808,0.7103375710729172,0.7105276987209831,0.7107175769420785,0.7109072062267134,0.7110965870641129,0.7112857199422203,0.7114746053477031,0.7118516356811014,0.7120397815760039,0.7122276819322629,0.7124153372302234,0.7126027479489776,0.7127899145663701
2.886868686868687,0.08770504479224418,0.0742920379812665,0.06445559444782918,0.05693339807386439,0.05099463426002951,0.04618689396614834,0.042215127814289426,0.03887870222473391,0.03603643060146847,0.03358607437241564,0.03145177911072085,0.029576079339496398,0.02791464454580913,0.02643272919064884,0.025102715022860256,0.023902372717193754,0.022813608634840797,0.02182154578244219,0.020913839419103897,0.020080160270816255,0.019311799340215874,0.018601362194499274,0.017942529953226188,0.01732987059551581,0.016758688644297495,0.01622490442158432,0.015724956303147852,0.015255721017184483,0.014814448218641592,0.014398706442686243,0.014006338191084305,0.013635422402835407,0.013284242929477035,0.012951261922670772,0.012635097264899245,0.012334503343183898,0.012048354602950109,0.011775631423423432,0.011515407941279048,0.011266841516288411,0.011029163585683273,0.010801671699094706,0.010583722559123035,0.010374725923259625,0.010174139244723577,0.00998146295014698,0.009796236267422558,0.009618033530287355,0.009446460897505638,0.009281153432902001,0.009121772501741541,0.008968003442742114,0.008819553483634961,0.008676149870272161,0.008537538184445565,0.008403480828489518,0.00827375565781355,0.008148154744602953,0.008026483258410964,0.00790855845087281,0.007794208733390793,0.007683272838061948,0.007575599053197268,0.007471044525771916,0.007369474624115762,0.007270762354850913,0.007174787828724858,0.00708143777071408,0.006990605069999045,0.006902188366367547,0.0068160916692917885,0.00673222400701017,0.006650499102730205,0.006570835075577509,0.0064931541641396785,0.00641738247059574,0.006343449723671163,0.006271289058871865,0.00620083681447189,0.006132032341996393,0.006064817830030068,0.005999138140196179,0.005934940654445077,0.005872175132632829,0.005810793579701601,0.005750750121623151,0.0056920008895167285,0.005634503911246948,0.0055782190099929385,0.0055231077092768865,0.005469133143920724,0.005416259976572246,0.005364454319347686,0.00531368366026273,0.005263916794085507,0.005215123757328941,0.005167275767077809,0.005120345163402682,0.0050743053551086815,0.005029130768600089,0.6958381403764424,0.6960505960148528,0.6962627550618884,0.6964746181381855,0.6966861858626495,0.6971084377230851,0.6973191230882699,0.6975295155600603,0.6977396157487994,0.6979494242631362,0.6981589417100308,0.69836816869476,0.6985771058209244,0.6987857536904525,0.6989941129036072,0.6994099677535585,0.6996174645826052,0.6998246751397922,0.7000316000171409,0.7002382398050416,0.7004445950922592,0.7006506664659383,0.7008564545116088,0.7010619598131919,0.7012671829530052,0.7016767850686085,0.7018811652010659,0.702085265485099,0.7022890864950901,0.7024926288038508,0.7026958929826274,0.7028988796011055,0.7031015892274167,0.7033040224281428,0.7035061797683211,0.7039096691194962,0.7041110022528941,0.7043120617705579,0.7045128482298826,0.70471336218675,0.7049136041955348,0.7051135748091082,0.7053132745788444,0.7055127040546246,0.7057118637848427,0.7061093761947602,0.7063077299638549,0.7065058161661877,0.7067036353427898,0.7069011880332348,0.7070984747756435,0.7072954961066885,0.7074922525616001,0.7076887446741699,0.707884972976756,0.7082766402742735,0.7084720803267981,0.7086672586845354,0.7088621758727486,0.7090568324152964,0.7092512288346373,0.7094453656518347,0.7096392433865609,0.7098328625571022,0.7100262236803633,0.7104121738457844,0.7106047639148877,0.7107970979906069,0.7109891765830078,0.7111810002008019,0.7113725693513517,0.7115638845406739,0.7117549462734446,0.7119457550530035,0.7121363113813587,0.712516668685856,0.712706470659394,0.7128960221765287,0.713085323732674,0.7132743758219383,0.7134631789371287,0.713651733569755,0.7138400402100338,0.7140280993468934,0.7142159114679777,0.7145907966069988,0.7147778705938389,0.7149646995027188,0.715151283814923,0.715337624010477,0.7155237205681506
2.9252525252525254,0.08772727905738553,0.07431132525196982,0.06447271826031283,0.056948865430360436,0.051008792064664465,0.046199990014109994,0.042227345264980204,0.03889018028486866,0.03604727754788079,0.03359637608478932,0.03146160485104722,0.029585485780805346,0.027923678649455424,0.026441430306103273,0.025111116449281226,0.023910502883471834,0.02282149200615007,0.02182920356452871,0.020921290113301936,0.020087420115305066,0.019318882665228947,0.018608281710125265,0.017949296984917634,0.017336495278705986,0.016765180085604472,0.01623127083367962,0.015731205118194654,0.015261858982902015,0.014820481480250216,0.014404640612343207,0.01401217840815364,0.013641173385724839,0.013289909020386324,0.012956847126720024,0.01264060528422693,0.012339937607011003,0.012053718293426274,0.011780927499412983,0.011520639158574549,0.011272010445894811,0.011034272630067272,0.01080672310663809,0.010588718437134492,0.010379668249490246,0.010179029878042327,0.009986303639613931,0.009801028661163487,0.009622779182889467,0.009451161277167877,0.009285809927711997,0.009126386425410669,0.008972576039895715,0.008824085934568102,0.008680643295401524,0.008541993648279502,0.008407899343332303,0.008278138187122213,0.008152502206146557,0.008030796527096451,0.007912838361442376,0.007798456082822385,0.007687488387855918,0.007579783531456227,0.007475198629174847,0.007373599019675301,0.00727485768161091,0.0071788546993341185,0.0070854767728049575,0.006994616767674671,0.006906173301302878,0.0068200503620281985,0.006736156957999989,0.006654406793376683,0.006574717969221996,0.0064970127069338135,0.0064212170923553715,0.0063472608386827235,0.0062750770666371025,0.006204602100395687,0.006135775278073249,0.006068538775435799,0.006002837441907216,0.005938618647756434,0.0058758321417138795,0.005814429918060391,0.005754366092594736,0.005695596786685329,0.005638080018868039,0.005581775603395043,0.005526645055221237,0.005472651500964225,0.005419759595399547,0.005367935443090903,0.0053171465248023865,0.005267361628336457,0.005218550783515075,0.005170685200989939,0.005123737214645889,0.005077680227335774,0.005032488659736473,0.6986278518889868,0.6988392022869571,0.6990502564552534,0.6992610150162348,0.6994714785905185,0.6998915232527854,0.7001011055733467,0.7003103953723777,0.7005193932618756,0.7007280998521314,0.7009365157517361,0.7011446415675863,0.701352477904891,0.7015600253671761,0.7017672845562916,0.702180940514064,0.70238733847809,0.7025934505596957,0.7027992773524349,0.703004819448219,0.703210077437324,0.7034150519083946,0.7036197434484504,0.7038241526428918,0.7040282800755054,0.7044356919823587,0.7046389776161521,0.7048419838072358,0.70504471113141,0.7052471601628938,0.7054493314743311,0.7056512256367956,0.7058528432197967,0.7060541847912839,0.7062552509176534,0.7066565590928842,0.7068568022668152,0.707056772245778,0.7072564695884781,0.7074558948520983,0.7076550485923039,0.7078539313632487,0.7080525437175793,0.7082508862064406,0.7084489593794802,0.7088442999692344,0.7090415684778067,0.709238569854284,0.709435304640906,0.7096317733784466,0.7098279766062177,0.7100239148620746,0.7102195886824207,0.710414998602213,0.7106101451549659,0.7109996502862318,0.7111940099246078,0.71138810831568,0.7115819459858258,0.7117755234600088,0.7119688412617852,0.7121618999133063,0.7123546999353253,0.7125472418472008,0.7127395261669015,0.7131233240947346,0.7133148387318982,0.713506097834959,0.7136971019150071,0.7138878514817704,0.7140783470436194,0.7142685891075714,0.7144585781792953,0.7146483147631162,0.714837799362019,0.7152160146103413,0.7154047462590734,0.7155932279215219,0.7157814600940406,0.7159694432716701,0.7161571779481423,0.7163446646158845,0.7165319037660237,0.7167188958883914,0.7169056414715269,0.7172783949678274,0.7174644038516518,0.7176501681375709,0.7178356883077298,0.7180209648430069,0.7182059982230186
2.963636363636364,0.08775240238770741,0.07433305312208516,0.06449195381181931,0.05696619305851743,0.051024611625427055,0.04621458712710835,0.04224093104589729,0.03890291518739194,0.03605928637451034,0.03360775782150279,0.03147243932950033,0.02959583832191762,0.0279336033801992,0.026450972579290744,0.025120314643836364,0.02391938976509135,0.022830095771237114,0.021837548652869448,0.02092939784715353,0.020095309208575194,0.019326569632459854,0.018615781198418287,0.01795662204575618,0.017343657591577886,0.016772190144128927,0.016238138101273693,0.015737938158547325,0.015268465570912246,0.014826968696169951,0.01441101492222401,0.014018445733074536,0.01364733916141127,0.013295978249109282,0.012962824422247339,0.012646494911124018,0.012345743514955938,0.012059444148057073,0.01178657670842888,0.011526214895766947,0.011277515672155259,0.01103971011193502,0.01081209543320611,0.010594028034782883,0.01038491739553363,0.010184220712365069,0.009991438176067291,0.009806108796903261,0.009627806707429099,0.009456137880413868,0.009290737207339686,0.009131265893288752,0.008977409128375746,0.008828874001802893,0.008685387630592234,0.008546695476200128,0.0084125598285805,0.008282758438063729,0.008157083278464506,0.008035339427152477,0.007917344049255592,0.0078029254749590405,0.007691922359980428,0.00758418292079426,0.007479564236707592,0.007377931612234006,0.007279157993851989,0.007183123435408945,0.00708971460817831,0.006998824350621269,0.006910351254326612,0.0068241992832493515,0.006740277422431519,0.0066584993541050075,0.006578783158502529,0.006501051037241634,0.006425229057380838,0.006351246914216687,0.006279037711450599,0.006208537757051166,0.006139686373662927,0.006072425722344375,0.006006700638432607,0.005942458478788334,0.005879648979318744,0.005818224122044643,0.005758138011047789,0.005699346756489912,0.005641808366174339,0.005585482644075862,0.005530331095302638,0.005476316837031964,0.005423404514986605,0.005371560225044639,0.005320751439630226,0.005270946938540403,0.005222116743900479,0.0051742320589686875,0.005127265210518856,0.0050811895945636855,0.005035979625196434,0.7013668797984322,0.7015771298409273,0.7017870840422912,0.7019967430264982,0.7022061074157694,0.7026239548896577,0.7028324392100044,0.7030406314068867,0.70324853209385,0.7034561418827224,0.7036634613836215,0.7038704912049593,0.7040772319534493,0.7042836842341116,0.7044898486502791,0.7049013162940613,0.7051066207199584,0.705311639677938,0.7055163737629843,0.7057208235684298,0.7059249896859603,0.7061288727056205,0.7063324732158203,0.7065357918033394,0.7067388290533345,0.7071440618732915,0.7073462586054966,0.7075481763246759,0.7077498156079496,0.7079511770308478,0.7081522611673152,0.7083530685897176,0.7085535998688455,0.7087538555739217,0.7089538362726049,0.7093529749136436,0.709552133983548,0.7097510203021682,0.7099496344294259,0.7101479769237119,0.71034604834189,0.7105438492393032,0.7107413801697787,0.710938641685633,0.7111356343376765,0.7115288152460773,0.7117250045965742,0.7119209272715497,0.712116583814363,0.7123119747668983,0.7125071006695696,0.7127019620613256,0.7128965594796551,0.7130908934605913,0.7132849645387171,0.7136723201176481,0.7138656056804116,0.7140586304642912,0.7142513949966914,0.7144438998035958,0.7146361454095709,0.7148281323377718,0.715019861109947,0.7152113322464424,0.7154025462662065,0.7157842050243758,0.7159746507937325,0.7161648415082708,0.7163547776800214,0.716544459819646,0.7167338884364407,0.7169230640383414,0.7171119871319279,0.7173006582224286,0.717489077813725,0.7178651645075227,0.7180528326110924,0.7182402512176037,0.7184274208242702,0.7186143419269854,0.7188010150203263,0.7189874405975594,0.7191736191506429,0.7193595511702331,0.7195452371456867,0.719915872915147,0.7201008236814137,0.7202855303480731,0.7204699933980534,0.7206542133130099,0.7208381905733294
3.0020202020202023,0.08778028774482037,0.07435711417320318,0.06451320807347717,0.05698529893219087,0.05104201960391661,0.04623061899837084,0.04225582465926463,0.03891685131390219,0.03607240561924679,0.033620171703156565,0.031484237787540836,0.029607094946308372,0.027944379150003393,0.026461318588262537,0.025130274128616965,0.023928999637968476,0.0228393877969281,0.021846550363582802,0.02093813326259678,0.02010379941000706,0.01933483322331429,0.01862383467816613,0.017964480116098427,0.017351333408607315,0.016779695528004113,0.016245483711138826,0.01574513364039695,0.015275519681613304,0.01483388941028994,0.014417809522263299,0.014025120887531606,0.013653900992267327,0.013302432389587662,0.01296917606811419,0.012652748864701007,0.012351904224079691,0.01206551574007464,0.011792563020450222,0.011532119501394955,0.011283341904966698,0.011045461086803281,0.010817774064924044,0.010599637054941442,0.010390459367576146,0.010189698045391049,0.009996853136721415,0.009811463520639234,0.009633103208389313,0.009461378060552028,0.009295922864633226,0.00913639872920042,0.008982490754631993,0.008833905946840366,0.008690371344888688,0.008551632337755037,0.008417451147694353,0.008287605461629844,0.008161887194079271,0.008040101366837558,0.007922065092838675,0.007807606653358001,0.007696564658032954,0.007588787280049397,0.00748413155790763,0.007382462757687788,0.007283653789547095,0.007187584673145365,0.0070941420473413465,0.007003218719944471,0.006914713253596335,0.0068285295847942485,0.006744576672565719,0.006662768174433865,0.006583022147198017,0.006505260770227236,0.006429410089392589,0.006355399779872,0.006283162926200553,0.006212635818094883,0.006143757760815279,0.006076470898815467,0.006010720051635943,0.005946452561018857,0.005883618148438121,0.0058221687821354996,0.005762058553005584,0.0057032435585971765,0.005645681794637599,0.00558933305354197,0.005534158829339481,0.005480122228592049,0.005427187886838539,0.005375321890184684,0.005324491701679273,0.0052746660921134505,0.005225815074960782,0.005177909845165101,0.0051309227215040444,0.005084827092300276,0.005039597364247084,0.7040565926936307,0.7042657475405715,0.7044746069603871,0.7046831715785635,0.7048914420188219,0.7053071028516855,0.7055144944829668,0.7057215944136943,0.7059284032588602,0.7061349216317283,0.7063411501438414,0.7065470894050263,0.706752740023401,0.7069581026053796,0.7071631777556785,0.7075724681716528,0.7077766846383271,0.7079806160753318,0.7081842630789847,0.708387626243941,0.7085907061631997,0.7087935034281091,0.708996018628372,0.7091982523520528,0.7094002051855818,0.7098032705197715,0.7100043841851764,0.710205219289928,0.7104057764123738,0.7106060561292609,0.7108060590157419,0.711005785645381,0.7112052365901586,0.7114044124204773,0.711603313705167,0.7120002949051508,0.712198375950291,0.7123961847095058,0.7125937217438437,0.7127909876128129,0.7129879828743859,0.7131847080850064,0.7133811637995929,0.7135773505715448,0.7137732689527472,0.7141643027429045,0.7143594192481055,0.7145542695550597,0.7147488542081585,0.7149431737503104,0.715137228722945,0.7153310196660193,0.7155245471180213,0.7157178116159758,0.7159108136954495,0.7162960327339589,0.7164882507568802,0.7166802084891019,0.7168719064589726,0.7170633451934117,0.7172545252179148,0.7174454470565579,0.7176361112320023,0.7178265182655,0.7180166686768974,0.7183962017057814,0.7185855853559787,0.7187747144495064,0.7189635894992563,0.7191522110167438,0.7193405795121114,0.7195286954941346,0.719716559470225,0.7199041719464359,0.7200915334274667,0.7204655054160424,0.7206521169262562,0.7208384794466371,0.7210245934751816,0.7212104595085593,0.7213960780421169,0.7215814495698829,0.7217665745845717,0.7219514535775884,0.7221360870390324,0.722504619321101,0.7226885191154377,0.7228721753256346,0.7230555884353296,0.7232387589268813,0.723421687281373
3.0404040404040407,0.08781081457457922,0.07438340647386078,0.06453639276895899,0.05700610521763814,0.05106094641092127,0.046248022711883864,0.04227196870176843,0.03893193589176103,0.03608658645363055,0.033633572301812645,0.03149695775771386,0.02961921578964848,0.027955968399331295,0.02647243282913038,0.025140961244279857,0.023939300507397232,0.022849337598160956,0.021856179586419024,0.020947468508040523,0.02011286402367342,0.01934364780664948,0.01863241750254864,0.017972847461904338,0.01735949984442304,0.016787674142539788,0.01625328630788636,0.01575277090019145,0.015283001301048742,0.014841224219220833,0.014425005584236966,0.014032185586066162,0.01366084110538893,0.013309254154625487,0.01297588523746616,0.012659350755010044,0.012358403759464492,0.01207191748987424,0.011798871232444812,0.0115383381315319,0.011289474643543984,0.011051511381645982,0.010823745142439889,0.010605531938707913,0.010396280894978667,0.010195448882667133,0.010002535792569838,0.009817080358332049,0.009638656457065011,0.009466869824935371,0.009301355134357163,0.009141773387024503,0.00898780958401086,0.008839170638782732,0.00869558350437665,0.00855679348944151,0.008422562741095208,0.008292668876190052,0.008166903743575236,0.008045072303465009,0.007926991611121901,0.0078124898935224086,0.007701405709378542,0.007593587183918528,0.007488891310477475,0.007387183312560766,0.0072883360601552205,0.007192229535010831,0.0070987503401371355,0.007007791249438923,0.006919250793514044,0.006833032878424151,0.006749046434404216,0.006667205091649198,0.006587426881020605,0.006509633957231206,0.006433752342751564,0.006359711690445976,0.006287445063664806,0.006216888731919992,0.006147981981229027,0.006080666937688051,0.006014888403325425,0.005950593703172936,0.005887732542737714,0.005826256875011021,0.005766120776294062,0.00570728033017739,0.005649693519037832,0.005593320122496612,0.0055381216223310105,0.005484061113355532,0.005431103219845951,0.0053792140171034265,0.005328360957802186,0.005278512802774519,0.005229639555926892,0.005181712403006323,0.005134703653950523,0.005088586688578827,0.0050433359054012595,0.7066983103334563,0.706906375395513,0.7071141454686001,0.7073216211796145,0.7075288031536772,0.7079422883825967,0.7081485928788772,0.7083546061210667,0.7085603287255048,0.7087657613067937,0.7089709044778033,0.7091757588496785,0.7093803250318446,0.7095846036320128,0.7097885952561878,0.7101957199920731,0.7103988543073083,0.7106017040536121,0.7108042698285405,0.7110065522279782,0.7112085518461432,0.7114102692755939,0.7116117051072343,0.711812859930319,0.7120137343324605,0.7124146442161825,0.712614680864824,0.7128144394266561,0.7130139204811617,0.7132131246062149,0.7134120523780864,0.7136107043714489,0.7138090811593834,0.7140071833133838,0.7142050114033623,0.7145998476630318,0.7147968569646905,0.7149935944662746,0.7151900607298719,0.7153862563160212,0.7155821817837181,0.7157778376904201,0.7159732245920517,0.7161683430430097,0.7163631935961687,0.7167520932130069,0.7169461433748704,0.7171399278353129,0.7173334471396754,0.717526701831807,0.7177196924540704,0.7179124195473475,0.7181048836510437,0.7182970853030938,0.7184890250399657,0.7188721209067487,0.7190632781023105,0.7192541755140065,0.7194448136710487,0.719635193101213,0.7198253143308441,0.720015177884859,0.7202047842867537,0.7203941340586067,0.7205832277210842,0.7209606487935452,0.7211489772378423,0.7213370516414014,0.7215248725178983,0.721712440379625,0.7218997557374943,0.722086819101044,0.7222736309784425,0.7224601918764924,0.722646502300635,0.7230183737421895,0.7232039357637217,0.7233892493195963,0.723574314908519,0.7237591330278617,0.7239437041736668,0.7241280288406524,0.7243121075222154,0.7244959407104373,0.7246795288960878,0.7250459722162211,0.7252288283257241,0.7254114413827051,0.7255938118714403,0.7257759402749213,0.7259578270748569
3.078787878787879,0.08784386841204427,0.0744118332415639,0.06456142408374578,0.05702853801615534,0.051081325974514376,0.04626673853396179,0.042289308674409734,0.03894811881892547,0.0361017825213717,0.03364791648988233,0.031510558925410735,0.029632163007501187,0.027968335472499786,0.02648428159806815,0.02515234403846911,0.02395026200172883,0.02285991623666082,0.02186640868996781,0.020957377146399066,0.020122477709508178,0.01935298905341777,0.018641506277263225,0.01798170155544219,0.017368135176927604,0.016796105017037575,0.016261525622416766,0.015760830326037097,0.015290891433953551,0.014848954707495317,0.01443258523879633,0.014039622474608738,0.01366814263398765,0.013316427138176077,0.012982935961004305,0.012666285027688247,0.012365226961162552,0.012078634612674966,0.011805486917212504,0.011544856700082762,0.011295900127310916,0.011057847547334599,0.010829995514638717,0.010611699820176719,0.01040236938524497,0.010201460894156902,0.010008474065541426,0.009822947474169817,0.00964445485043711,0.009472601794685342,0.009307022853509277,0.00914737891183965,0.008993354862219067,0.008844657517130292,0.008701013735529466,0.008562168738211662,0.008427884590478352,0.008297938832428813,0.008172123241143359,0.008050242709612647,0.007932114229996352,0.007817565970039226,0.0077064364327905,0.0075985736910411895,0.007493834688792278,0.007392084603057878,0.007293196259914504,0.007197049599702751,0.007103531186249321,0.007012533756454006,0.006923955805854333,0.00683770120731567,0.006753678859592025,0.006671802363038564,0.006591989720164202,0.006514163058773345,0.0064382483757337485,0.006364175299595241,0.00629187687052335,0.0062212893359721655,0.0061523519609431344,0.00608500685148518,0.006019198790493793,0.005954875084760653,0.0058919854223513,0.005830481739594455,0.005770318096862601,0.005711450562507927,0.005653837104321118,0.005597437487957602,0.0055422131818150255,0.005488127267881789,0.005435144358136999,0.00538323051608577,0.005332353183075471,0.005282481109066531,0.005233584287521551,0.005185633894149991,0.00513860222923885,0.005092462663325826,0.005047189585990295,0.7092933058051631,0.7095002867212525,0.7097069731094231,0.7099133655978853,0.710119464813064,0.7105307859203818,0.710736009056501,0.7109409414073099,0.711145583590401,0.7113499362216196,0.7115539999150694,0.7117577752831189,0.7119612629364069,0.7121644634838495,0.712367377532646,0.7127723485545461,0.7129744067335169,0.7131761808255868,0.71337767142946,0.7135788791421588,0.7137798045590311,0.7139804482737546,0.7141808108783441,0.7143808929631561,0.7145806951168958,0.7149794619777524,0.7151784278540715,0.7153771161377337,0.7155755274092704,0.7157736622475956,0.7159715212300111,0.7161691049322121,0.7163664139282934,0.7165634487907542,0.7167602100905044,0.7171529142775958,0.7173488582988571,0.7175445310252591,0.7177399330198452,0.7179350648441015,0.7181299270579632,0.7183245202198183,0.7185188448865151,0.718712901613365,0.71890669095415,0.7192934696850325,0.7194864601750892,0.71967918547901,0.7198716461430038,0.7200638427117801,0.720255775728555,0.7204474457350558,0.7206388532715257,0.7208299988767298,0.7210208830879593,0.7214018694703228,0.721591972708717,0.7217818166876672,0.721971401937172,0.7221607289857868,0.7223497983606278,0.7225386105873779,0.7227271661902903,0.7229154656921948,0.7231035096145016,0.7234788327988955,0.7236661130967499,0.7238531398865506,0.7240399136826836,0.7242264349981434,0.7244127043445395,0.7245987222320992,0.7247844891696736,0.7249700056647417,0.7251552722234149,0.7255250575492141,0.7257095773217676,0.7258938491687903,0.7260778735896255,0.7262616510822765,0.726445182143411,0.7266284672683654,0.7268115069511495,0.7269943016844512,0.7271768519596403,0.727541221094598,0.7277230409305568,0.727904618260793,0.7280859535701528,0.7282670473421916,0.7284479000591768
3.1171717171717175,0.08787934051106341,0.07444230253150345,0.06458822239293631,0.05705252712524167,0.051103095530418426,0.0462867097201254,0.04230779280630549,0.03896535250232865,0.03611794978776133,0.033663163300709585,0.03152500299527313,0.0296459006527421,0.02798144650185698,0.026496832881580206,0.02516439216219284,0.02396185527377007,0.022871096227414137,0.021877211429607253,0.02096783406843794,0.02013261640075573,0.01936283385773582,0.01865107878421517,0.017991021002062353,0.017377218777104377,0.016804968235967378,0.01627018240595238,0.015769293293559725,0.01529917204175316,0.014857063387395182,0.014440531517075948,0.014047415073876935,0.013675789561389626,0.01332393576160995,0.01299031307557514,0.0126735369135965,0.012372359434454788,0.012085653070295632,0.011812396376188646,0.011551661832459781,0.011302605291179102,0.011064456814477699,0.010836512694958824,0.010618128484047496,0.01040871288289047,0.010207722373686405,0.010014656488815039,0.009829053631363216,0.009650487372963479,0.009478563167216514,0.009312915424607215,0.00915320490382424,0.008999116380040282,0.008850356556577572,0.008706652190658724,0.008567748408219198,0.008433407185849855,0.008303405980825938,0.00817753649260238,0.008055603541483998,0.007937424051432527,0.00782282612612222,0.0077116482083905424,0.007603738314405433,0.007498953334812319,0.007397158396335162,0.007298226277618415,0.007202036874196166,0.007108476707600873,0.007017438474662328,0.006928820633046609,0.006842527019709316,0.006758466499397994,0.0066765526402085,0.0065967034140049785,0.006518840919498122,0.006442891125882223,0.006368783635420768,0.006296451463226279,0.00622583083291731,0.006156860986765647,0.006089484009162173,0.0060236446623394,0.005959290233349687,0.005896370391417454,0.005834837054869059,0.0057746442668605525,0.005715748079275567,0.005658106444145217,0.005601679112031893,0.005546427536874525,0.005492314786807577,0.005439305460520453,0.005387365608769893,0.005336462660672019,0.005286565354439435,0.0052376436722501975,0.005189668778969155,0.005142612964459995,0.0050964495892331175,0.005051153033221979,0.7118428075692759,0.7120487101856342,0.712254318756824,0.7124596339122755,0.7126646562796236,0.7130738251516116,0.7132779729026026,0.7134818303582054,0.7136853981371745,0.7138886768565067,0.7140916671314482,0.7142943695755006,0.7144967848004263,0.714698913416256,0.7149007560312934,0.7153035856836123,0.7155045739289253,0.7157052785895202,0.715905700265161,0.7161058395539204,0.7163056970521882,0.716505273354675,0.7167045690544195,0.7169035847427938,0.7171023210095099,0.717498957628545,0.7176968591520365,0.7178944835962263,0.7180918315426099,0.7182889035710566,0.7184857002598157,0.7186822221855216,0.7188784699231999,0.7190744440462725,0.7192701451265637,0.7196607304381422,0.7198556158051387,0.7200502304007828,0.7202445747889922,0.72043864953212,0.7206324551909599,0.7208259923247516,0.7210192614911862,0.7212122632464112,0.7214049981450366,0.72178966958327,0.7219816072244555,0.7221732802122074,0.7223646890935248,0.7225558344139009,0.7227467167173277,0.7229373365463007,0.7231276944418248,0.7233177909434192,0.7235076265891224,0.7238865174576353,0.7240755737491642,0.7242643713222497,0.7244529107076026,0.724641192434483,0.7248292170307056,0.7250169850226441,0.7252044969352369,0.7253917532919911,0.7255787546149882,0.7259519942409354,0.7261382335809619,0.7263242199613934,0.7265099538972539,0.72669543590217,0.7268806664883758,0.7270656461667179,0.7272503754466598,0.7274348548362867,0.7276190848423097,0.7279867987235504,0.7281702836053642,0.7283535211167758,0.7285365117576974,0.7287192560266954,0.7289017544209943,0.7290840074364814,0.7292660155677115,0.7294477793079116,0.7296292991489844,0.7299916090947693,0.7301724001767089,0.7303529493139854,0.7305332569919496,0.7307133236946551,0.7308931499048628
3.155555555555556,0.0879171275019498,0.07447472694555389,0.06461671201181497,0.05707800581533708,0.051126195420005335,0.04630788233541229,0.04232737189100317,0.038983591707029586,0.03613504640161607,0.033679273798392195,0.03154025357163002,0.029660394561585517,0.027995269300108077,0.026510056255848645,0.025177076773527825,0.023974052909187415,0.022882851450541617,0.021888562865386776,0.020978815413275745,0.020143257227551326,0.019373160262240435,0.01866111391090446,0.018000785471985595,0.017386731042812423,0.0168142448755967,0.016279238368616125,0.015778142106428677,0.01530782598503474,0.01486553364312764,0.014448828296500293,0.01405554772670273,0.013683766670262117,0.013331765223914611,0.012998002174619184,0.01268109238071007,0.012379787503663562,0.012092959525915697,0.011819586595448144,0.011558740822788738,0.01130957772341926,0.011071327052467304,0.010843284821944537,0.010624806326333494,0.010415300030992367,0.010214222201229932,0.010021072169951437,0.009835388156087579,0.009656743561204335,0.009484743681461587,0.009319022781528963,0.009159241484719772,0.00900508444044333,0.008856258234983847,0.00871248951651636,0.008573523309259819,0.008439121494742114,0.00830906144145051,0.00818313476566801,0.008061146209772463,0.007942912624580927,0.007828262045151142,0.0077170328497774745,0.0076090729938979185,0.007504239310986902,0.007402396873868931,0.0073034184103611,0.0072071837679497566,0.007113579422839712,0.007022498028916762,0.0069338380032639224,0.006847503144380318,0.006763402280540096,0.006681448945242521,0.006601561077522807,0.006523660744923482,0.006447673886994695,0.006373530077801726,0.006301162305626796,0.0062305067685374405,0.006161502684463883,0.006094092114559389,0.006028219798933595,0.005963833003487351,0.005900881377259922,0.005839316819279247,0.005779093354258588,0.0057201670164365006,0.005662495740956928,0.005606039262211164,0.005550759018653143,0.005496618063567905,0.005443580981409005,0.0053916138092792954,0.005340683963188034,0.005290760168763905,0.005241812396096525,0.005193811798437459,0.005146730654481901,0.005100542314000906,0.005055221146595671,0.7143480013979001,0.7145528317486234,0.7147573685574871,0.7149616124550504,0.7151655640700681,0.7155725929585001,0.7157756714804577,0.7159784602169695,0.7161809597878628,0.7163831708111982,0.7165850939032765,0.7167867296786445,0.7169880787501014,0.7171891417287048,0.7173899192237775,0.7177906201919806,0.7179905448751353,0.7181901864948192,0.7183895456517708,0.7185886229450289,0.7187874189719408,0.7189859343281658,0.7191841696076835,0.719382125402798,0.7195798023041449,0.7199743217797665,0.7201711655270202,0.7203677327264748,0.7205640239605088,0.720760039809866,0.7209557808536622,0.7211512476693904,0.7213464408329271,0.7215413609185365,0.7217360084988781,0.7221244884263991,0.7223183219109186,0.7225118851648616,0.7227051787529423,0.7228982032383028,0.7230909591825179,0.7232834471456012,0.7234756676860105,0.7236676213606521,0.723859308724888,0.7242418867358945,0.72443277848571,0.7246234061312201,0.7248137702201398,0.7250038712986712,0.7251937099115071,0.7253832866018383,0.7255726019113571,0.7257616563802637,0.7259504505472698,0.7263272601230237,0.7265152766018038,0.7267030349187593,0.726890535605241,0.727077779191142,0.7272647662049043,0.7274514971735221,0.7276379726225469,0.7278241930760937,0.7280101590568446,0.728381329683555,0.7285665353677604,0.7287514886556722,0.7289361900628835,0.7291206401035837,0.7293048392905639,0.7294887881352217,0.7296724871475647,0.7298559368362171,0.7300391377084224,0.7304047950255982,0.7305872524781999,0.7307694631296268,0.7309514274802942,0.731133146029265,0.7313146192742553,0.7314958477116382,0.7316768318364483,0.7318575721423863,0.732038069121824,0.7323983350640649,0.7325781050050049,0.7327576335757267,0.732936921262022,0.7331159685483802,0.7332947759179914
3.1939393939393943,0.08795713107280619,0.07450902336359591,0.06464682095920828,0.057104910625602835,0.05115056890728922,0.046330205088634877,0.042347999134159445,0.03900279341602093,0.036153032563074526,0.033696210958097175,0.03155627604512399,0.02967561224758993,0.028009773261406967,0.026523922791463126,0.025190370447898354,0.023986828841229726,0.022895157071004722,0.021900439284128038,0.020990298494128114,0.020154378445642145,0.01938394739193464,0.018671591584580014,0.018010975636956052,0.017396653338153243,0.016823916945070128,0.016288676122379702,0.015787359941108373,0.015316836969982173,0.014874349678945391,0.014457460250357006,0.014064005548964014,0.013692059494908149,0.01333990145539895,0.013005989563847891,0.012688938091185382,0.012387498169380054,0.012100541302505152,0.01182704520506856,0.011566081594045468,0.011316805626646687,0.011078446731363678,0.01085030062151382,0.010631722318021342,0.01042212003528136,0.010220949808018496,0.010027710756594699,0.009841940903977846,0.00966321347075681,0.009491133585537928,0.009325335357770945,0.009165479266741461,0.009011249827960437,0.00886235350317415,0.008718516824490144,0.008579484707838298,0.008445018933710842,0.008314896775968241,0.008188909762419847,0.00806686255248428,0.007948571919219145,0.007833865824526878,0.007722582578119006,0.007614570070781717,0.007509685075142777,0.007407792606660325,0.007308765339048181,0.0072124830687224,0.007118832223575058,0.007027705411871936,0.006939001007444172,0.006852622767894159,0.006768479482659351,0.006686484648466598,0.006606556169419725,0.006528616079858741,0.00645259028781112,0.006378408337335653,0.0063060031881663516,0.006235311011185034,0.006166270998407116,0.006098825186306904,0.006032918291405144,0.00596849755712384,0.005905512611017809,0.005843915331591517,0.005783659723930483,0.005724701803502643,0.005666999487489261,0.005610512493079136,0.005555202242248337,0.005501031772484589,0.005447965653104426,0.005395969906680992,0.005345011935283821,0.005295060451155353,0.005246085411528679,0.005198057957299582,0.005150950355287454,0.005104735943839692,0.005059389081569237,0.7168100322128858,0.7170137965018314,0.717217267771696,0.7174204466540809,0.717623333778773,0.7180282352651972,0.7182302508774923,0.7184319772332338,0.7186334149532364,0.7188345646565392,0.7190354269604126,0.7192360024803646,0.7194362918301465,0.7196362956217593,0.7198360144654609,0.7202345997414775,0.7204334673856442,0.7206320525056142,0.7208303557030189,0.7210283775777817,0.7212261187281256,0.7214235797505784,0.7216207612399789,0.7218176637894834,0.7220142879905705,0.7224067037050597,0.7226024963930878,0.7227980130819623,0.7229932543548659,0.7231882207933388,0.7233829129772853,0.7235773314849794,0.7237714768930704,0.723965349776589,0.7241589507089523,0.7245453390058499,0.7247381275092034,0.7249306463390512,0.7251228960608288,0.7253148772383919,0.7255065904340223,0.7256980362084329,0.7258892151207734,0.7260801277286362,0.7262707745880608,0.7266512732780254,0.7268411262129316,0.7270307156081433,0.7272200420120187,0.7274091059713965,0.7275979080316,0.7277864487364425,0.7279747286282335,0.7281627482477826,0.7283505081344053,0.7287252508586938,0.7289122347675662,0.7290989610859356,0.7292854303457238,0.7294716430773887,0.7296575998099302,0.729843301070894,0.730028747386378,0.7302139392810363,0.730398877278084,0.7307679936650467,0.7309521730942438,0.7311361007044044,0.7313197770116248,0.7315032025305913,0.7316863777745862,0.7318693032554916,0.7320519794837952,0.732234406968594,0.7324165862175998,0.7327802020321791,0.7329616396062909,0.7331428309616953,0.7333237765992465,0.7335044770184418,0.7336849327174249,0.7338651441929916,0.7340451119405939,0.7342248364543441,0.7344043182270202,0.7347625555136158,0.7349413120064576,0.7351198277160796,0.7352981031286534,0.7354761387290423,0.7356539350008061
3.2323232323232327,0.08799925767280914,0.07454511269209017,0.06467848074451804,0.057133181171487246,0.05117616200820656,0.046353629176341206,0.04236963001220571,0.03902291670098568,0.03617187040557917,0.03371393955296188,0.03157303748814734,0.029691522803369015,0.02802492926715973,0.026538404966062284,0.02520424709491187,0.024000158271878035,0.022907989462815945,0.021912818127168592,0.02100226172929384,0.020165959370252576,0.019395175388367023,0.018682492711134265,0.018021573111365808,0.017406967936117845,0.016833967331462297,0.01629847912797834,0.01579693079553639,0.015326189498623188,0.014883496470760942,0.014466412801067086,0.014072774384397801,0.013700654277012581,0.013348331074534241,0.013014262218994455,0.01269706135976586,0.012395479068698707,0.01210838634380727,0.011834760440990045,0.011573672660896641,0.01132427778185666,0.011085804886541333,0.0108575493724296,0.010638865971093567,0.010429162631405364,0.010227895144034818,0.010034562404628822,0.00984870222882428,0.00966988764574715,0.00949772360671711,0.009331844057034673,0.009171909323593574,0.009017603780276162,0.00886863375705544,0.008724725663275168,0.008585624300361487,0.008451091341834653,0.008320903961477333,0.008194853593545104,0.00807274480968786,0.00795439430065316,0.007839629951110141,0.007728289998064455,0.0076202222639766915,0.007515283457095717,0.007413338532207381,0.007314260105804604,0.007217927920275693,0.007124228352402878,0.007033053962185961,0.006944303077766516,0.006857879413393553,0.006773691717526794,0.006691653447934589,0.0066116824717881,0.006533700788319845,0.006457634272197984,0.006383412435761269,0.0063109682085459775,0.006240237732679232,0.0061711601727740175,0.006103677539183902,0.006037734523510656,0.005973278345385381,0.005910258609650426,0.005848627173092313,0.005788338020054834,0.005729347146148176,0.00567161244955659,0.005615093629280936,0.005559752089868856,0.005505550852113366,0.005452454469312592,0.005400428948682645,0.005349441677549725,0.0052994613540042436,0.00525045792168469,0.005202402508423853,0.0051552673684832784,0.005109025828133884,0.005063652234369664,0.7192300058298238,0.7194327104137763,0.7196351225198578,0.719837242780627,0.7200390718268186,0.7204418587893379,0.7206428179580812,0.7208434884170921,0.72104387078809,0.7212439656910106,0.7214437737440118,0.721643295563481,0.7218425317640402,0.7220414829585534,0.7222401497581323,0.7226366326082114,0.7228344498722306,0.7230319851683658,0.7232292390990614,0.723426212265047,0.7236229052653428,0.7238193186972666,0.7240154531564392,0.7242113092367906,0.7244068875305664,0.7247972131189839,0.724991961589746,0.7251864346261852,0.7253806328122117,0.7255745567300868,0.7257682069604283,0.7259615840822163,0.7261546886727988,0.7263475213078974,0.7265400825616138,0.7269243932132369,0.7271161437512951,0.7273076251882854,0.7274988380902919,0.7276897830218116,0.727880460545761,0.7280708712234807,0.7282610156147415,0.7284508942777492,0.728640507769151,0.7290189414559614,0.7292077627569173,0.7293963210973725,0.7295846170262597,0.7297726510909842,0.7299604238374308,0.7301479358099673,0.7303351875514507,0.7305221796032326,0.7307089125051637,0.7310816030114059,0.7312675616879627,0.7314532633591709,0.7316387085574562,0.7318238978137747,0.7320088316576181,0.7321935106170187,0.7323779352185534,0.732562105987351,0.7327460234470947,0.7331131005269614,0.7332962611872735,0.7334791706189194,0.7336618293384342,0.7338442378609376,0.7340263967001394,0.7342083063683438,0.7343899673764547,0.7345713802339798,0.734752545449036,0.735114134977283,0.7352945602997948,0.7354747399984897,0.7356546745745998,0.735834364527995,0.7360138103571866,0.7361930125593326,0.7363719716302414,0.7365506880643774,0.736729162354865,0.7370853864707203,0.7372631372756778,0.7374406478961759,0.737617918818707,0.7377949505284506,0.737971743509278
3.270707070707071,0.08804341823629469,0.0745829196312449,0.06471162616180684,0.057162759966345164,0.05120292332996442,0.04637810813871161,0.04239222214032728,0.03904392259947383,0.03619152388388615,0.033732426050235215,0.031590506556856336,0.029708096808645675,0.02804070960120145,0.026553476582409075,0.025218681880894978,0.02401401759780489,0.022921326138367153,0.021925677923832803,0.021014684577839043,0.020177980314517372,0.01940682535160771,0.018693799118293542,0.01803256039740012,0.017417657966187883,0.016844379748733856,0.01630863164555878,0.01580683944136171,0.015335868822485546,0.014892959721332515,0.014475672076413504,0.014081840761758557,0.013709537924414348,0.013357041347987588,0.013022807746717997,0.012705450115928479,0.012403718437962601,0.01211648317813352,0.011842721109817971,0.01158150309539574,0.011331983514336157,0.011093391085647948,0.010865020874159557,0.01064622730699259,0.010436418053550112,0.01023504864769677,0.010041617748497988,0.009855662953485405,0.00967675709015503,0.009504504923433053,0.00933854022571358,0.009178523163523664,0.009024137961742047,0.008875090811643283,0.008731107993375604,0.008591934187827728,0.008457330955922682,0.008327075366267216,0.008200958754526644,0.008078785600023904,0.007960372506901943,0.007845547278463094,0.007734148075298073,0.007626022647924636,0.007521027636857659,0.007419027933055393,0.007319896092751204,0.00722351180145878,0.007129761382277848,0.007038537344308926,0.006949737967621217,0.006863266920963174,0.006779032909525719,0.006696949350162629,0.0066169340711508895,0.006538909034803062,0.006462800080677724,0.006388536687726495,0.006316051753719567,0.006245281390523255,0.006176164733922605,0.006108643766786642,0.006042663154491724,0.005978170091635576,0.005915114159165378,0.005853447191033264,0.005793123149737503,0.0057340980100078565,0.005676329650037837,0.005619777749692736,0.005564403695187387,0.0055101704897434324,0.005457042669815535,0.0054049862264584315,0.005353968531491663,0.005303958268115916,0.0052549253656683425,0.005206840938240436,0.005159677226883597,0.005113407545165776,0.00506800622785911,0.721608990613458,0.7218106419864719,0.7220120014402652,0.7222130696082713,0.7224138471220927,0.7228145327044745,0.7230144420271426,0.7232140632038544,0.7234133968571546,0.7236124436077955,0.7238112040747439,0.7240096788751872,0.7242078686245405,0.724405773936452,0.7246033954228098,0.7249977893576544,0.7251945630211735,0.7253910552892162,0.7255872667649639,0.7257831980498759,0.7259788497436941,0.7261742224444508,0.7263693167484736,0.7265641332503916,0.7267586725431421,0.727146921864464,0.7273406330705023,0.7275340694223192,0.7277272315044807,0.7279201198998954,0.7281127351898222,0.7283050779538749,0.7284971487700281,0.7286889482146235,0.7288804768623749,0.7292627240580998,0.7294534437474156,0.7296438949225841,0.7298340781502674,0.7300239939955349,0.7302136430218678,0.7304030257911651,0.7305921428637497,0.7307809947983728,0.7309695821522201,0.7313459653385354,0.7315337622775959,0.731721296849077,0.731908569602418,0.7320955810855252,0.7322823318447771,0.7324688224250301,0.7326550533696233,0.7328410252203837,0.7330267385176321,0.7333973916053738,0.7335823324690224,0.7337670169254801,0.7339514455076125,0.73413561874681,0.7343195371729924,0.7345032013146142,0.7346866116986698,0.734869768850698,0.7350526732947876,0.7354177261482857,0.7355998755986656,0.7357817744230599,0.7359634231383809,0.7361448222601205,0.7363259723023549,0.7365068737777493,0.7366875271975634,0.7368679330716554,0.7370480919084872,0.7374076704972653,0.7375870912591967,0.7377662670038476,0.7379451982327696,0.7381238854461463,0.7383023291427978,0.738480529820186,0.7386584879744179,0.7388362041002522,0.7390136786911016,0.7393679052348026,0.7395446581677971,0.7397211715261026,0.7398974457964758,0.7400734814643561,0.7402492790138698
3.3090909090909095,0.088089527925395,0.07462237245568505,0.06474619510238222,0.057193592255074234,0.05123080392273616,0.046403597725371594,0.04241573515013497,0.03906577400436279,0.03621195866693145,0.03375163851379701,0.0316086534004248,0.02972530624508829,0.028057087867772324,0.02656911269240371,0.025233651156496482,0.024028384341425464,0.02293514568332395,0.02193899822813136,0.021027547479863445,0.02019042253215543,0.019418879285022107,0.0187054935021668,0.018043920833942018,0.017428707364509282,0.016855138689998106,0.016319118688602887,0.01581707137911324,0.015345860899464419,0.014902725818469536,0.01448522486908924,0.01409119185568045,0.013718697972829794,0.01336602015314327,0.013031614348370857,0.012714092868516325,0.012412205078327583,0.01212482088480601,0.011850916555814208,0.01158956249458874,0.01133991266266654,0.011101195397947834,0.010872705416707595,0.010653796827186113,0.010443877005910698,0.010242401217645223,0.010048867873645053,0.009862814342808286,0.00968381324149803,0.009511469139235047,0.009345415627314628,0.009185312704236519,0.009030844438754966,0.008881716876806563,0.008737656163188825,0.008598406852512832,0.008463730387755337,0.008333403727227684,0.008207218103374372,0.008084977898782517,0.007966499626835757,0.007851611005646733,0.007740150115680109,0.007631964632100632,0.007526911124484067,0.007424854416847735,0.00732566700236581,0.007229228506947325,0.0071354251973978645,0.007044149529587667,0.006955299733178971,0.006868779429179548,0.006784497277585153,0.0067023666522873105,0.006622305340856964,0.006544235266913691,0.006468082233240722,0.006393775683820252,0.00632124848312884,0.0062504367113512815,0.006181279474059236,0.0061137187253317606,0.006047699103078975,0.005983167775684433,0.00592007429904868,0.0058583704831977525,0.0057980102677658765,0.005738949605602537,0.005681146353961997,0.00562456017266631,0.005569152428726655,0.005514886106962189,0.005461725726182436,0.005409637260516892,0.005358588065542552,0.005308546808864564,0.005259483404843612,0.005211368953177451,0.005164175681082992,0.005117876888823623,0.00507244689837102,0.723948019049717,0.7241486238285532,0.7243489372633125,0.7245489599882253,0.7247486926356828,0.725147290218637,0.725346156409778,0.7255447350347645,0.7257430267168892,0.7259410320776447,0.7261387517367299,0.7263361863120572,0.7265333364197578,0.726730202674189,0.7269267856879402,0.7273191044349597,0.7275148413846249,0.7277102975264165,0.7279054734641797,0.7281003698000293,0.7282949871343569,0.7284893260658358,0.7286833871914277,0.7288771711063892,0.7290706784042769,0.7294568655145987,0.7296495465057041,0.7298419532370906,0.7300340862939084,0.7302259462596445,0.7304175337161284,0.7306088492435378,0.7307998934204045,0.7309906668236208,0.7311811700284445,0.7315613681358096,0.7317510641807483,0.7319404923120997,0.7321296530970374,0.7323185471011351,0.7325071748883722,0.7326955370211395,0.7328836340602453,0.7330714665649195,0.7332590350928211,0.7336333824411148,0.733820162369014,0.7340066805351667,0.7341929374894542,0.7343789337802191,0.7345646699542702,0.7347501465568879,0.7349353641318296,0.735120323221335,0.7353050243661314,0.7356736549769758,0.7358575855169637,0.7360412602601326,0.7362246797397263,0.7364078444875074,0.7365907550337627,0.7367734119073077,0.7369558156354927,0.7371379667442071,0.7373198657578842,0.7376829095906138,0.7378640554513003,0.7380449513002284,0.7382255976546283,0.7384059950303047,0.7385861439416415,0.7387660449016068,0.7389456984217572,0.7391251050122435,0.7393042651818145,0.7396618482862298,0.7398402722316084,0.7400184517771503,0.7401963874246692,0.7403740796746059,0.7405515290260334,0.740728735976661,0.7409057010228391,0.7410824246595639,0.7412589073804821,0.7416111520427644,0.7417869149647154,0.7419624389320421,0.7421377244317114,0.7423127719493687,0.7424875819693411
3.347474747474748,0.08813750589027741,0.07466340281370423,0.0647821283798018,0.057225625859451706,0.05125975714099054,0.04643005576945103,0.04244013057448833,0.039088435555442516,0.03623314204300221,0.03377154651350635,0.03162744957605653,0.02974312441629177,0.02807403891768835,0.026585289525890992,0.02524913238949362,0.024043237087976413,0.022949427695664913,0.021952759560955198,0.021040831800557904,0.020203268163280615,0.019431320043630542,0.01871755937846166,0.018055638548965205,0.01744010082838963,0.016866229383359212,0.016329925981068874,0.015827612797098736,0.015356152353518789,0.014912781795781973,0.01449505859853912,0.014100815449758624,0.013728122549836273,0.013375255943326019,0.013040670786039368,0.012722978672689312,0.012420928323325768,0.01213338906260459,0.01185933663032019,0.011597840950700091,0.011348055549105831,0.011109208365489136,0.01088059375271095,0.010661565485827798,0.010451530635766948,0.010249944186491484,0.010056304290601352,0.009870148078397747,0.009691047945839637,0.009518608258478722,0.009352462418644783,0.009192270249473873,0.00903771565672884,0.008888504534698518,0.00874436288691043,0.008605035136163952,0.008470282602348547,0.008339882128687715,0.008213624839866413,0.008091315017520837,0.00797276908030864,0.007857814657443998,0.007746289745755561,0.007638041941780098,0.007532927741021227,0.00743081189769463,0.007331566839115923,0.007235072129018336,0.007141213975433626,0.007049884778699246,0.006960982715863999,0.006874411358126322,0.006790079318262301,0.006707899925410796,0.006627790924608301,0.006549674199107188,0.006473475513321907,0.006399124274730217,0.006326553313086799,0.006255698675480623,0.006186499435982548,0.0061188975186245356,0.006052837532636809,0.005988266619065786,0.005925134307673369,0.005863392383526733,0.005802994762389118,0.005743897374277067,0.00568605805460671,0.005629436442279423,0.005573993884270695,0.005519693346198348,0.005466499328460581,0.005414377787526974,0.005363296062027123,0.005313222803295745,0.005264127910066061,0.005215982467019439,0.005168758686938921,0.005122429856206637,0.0050769702834412445,0.7262480892392238,0.7264476541498021,0.7266469283070385,0.7268459123458839,0.7270446068994421,0.7274411300739141,0.7276389599518578,0.7278365028585878,0.7280337594180705,0.7282307302524643,0.728427415982127,0.7286238172256218,0.7288199345997235,0.7290157687194254,0.7292113201979459,0.7296015776754773,0.7297962848921058,0.7299907119028012,0.7301848593120007,0.7303787277224051,0.7305723177349833,0.7307656299489805,0.7309586649619225,0.731151423369623,0.7313439057661895,0.7317280448938543,0.731919702804691,0.7321110870638816,0.7323021982570933,0.7324930369683229,0.7326836037799033,0.7328738992725087,0.7330639240251615,0.7332536786152378,0.7334431636184727,0.7338213271591917,0.7340100068399956,0.7341984192206098,0.7343865648686534,0.7345744443501397,0.7347620582294816,0.7349494070694975,0.7351364914314167,0.7353233118748848,0.7355098689579697,0.7358821952674058,0.7360679656020536,0.736253474792922,0.7364387233902726,0.7366237119428221,0.7368084409977474,0.7369929111006921,0.7371771227957702,0.7373610766255728,0.7375447731311733,0.7379113963265012,0.7380943240908324,0.7382769966801793,0.738459414628104,0.7386415784666822,0.7388234887265082,0.7390051459367001,0.739186550624905,0.7393677033173041,0.7395486045386174,0.7399096546595942,0.7400898046014396,0.7402697051565728,0.7404493568424853,0.7406287601752379,0.7408079156694656,0.7409868238383823,0.7411654851937861,0.7413439002460639,0.7415220695041962,0.7418776726669445,0.7420551075825338,0.7422322987259335,0.7424092465991656,0.7425859517028738,0.7427624145363291,0.7429386355974343,0.7431146153827294,0.7432903543873949,0.7434658531052576,0.7438161316491387,0.7439909124560813,0.7441654549380788,0.7443397595822566,0.744513826874413,0.7446876572990244
3.3858585858585863,0.08818727504470908,0.07470594553764194,0.06481936956505137,0.05725881103313138,0.0512897385138291,0.04645744207106564,0.04246537174130947,0.03911187354464283,0.03625504282674363,0.03379212104019047,0.03164686796985367,0.02976152587362354,0.02809153877624147,0.02660198442443427,0.025265104101867584,0.024058555424371755,0.022964152728443224,0.021966943355462166,0.021054519778076486,0.020216500186056665,0.01944413128605398,0.018729981035757515,0.018067698414963234,0.01745182377330848,0.01687763775035527,0.016341039917196216,0.015838450532512427,0.0153667304371574,0.01492311529626833,0.014505161275720895,0.014110699902123325,0.013737800341739104,0.013384737715314041,0.013049966350848778,0.01273209709904699,0.012429878009245648,0.012142177800217535,0.011867971663030155,0.01160632902324026,0.01135640295239653,0.011117420976863222,0.010888677071181812,0.010669524663980745,0.010459370508471311,0.01025766929631552,0.010063918911108138,0.009877656235021046,0.00969845343471406,0.009525914663642832,0.00935967312755229,0.0091993884671705,0.009044744418669504,0.008895446718700382,0.008751221223785846,0.008611812219661659,0.008476980898164906,0.008346503982804914,0.008220172486221962,0.008097790585009828,0.007979174599323544,0.007864152065883612,0.00775256089457686,0.007644248600133272,0.007539071600998489,0.007436894578800669,0.007337589892361662,0.007241037040735643,0.007147122170844613,0.007055737625234909,0.006966781526250219,0.006880157393294062,0.006795773790054058,0.006713543999042971,0.006633385721133446,0.006555220797567207,0.006478974952859492,0.006404577556510582,0.0063319614021693105,0.006261062502521167,0.006191819898854264,0.006124175483953466,0.006058073837253906,0.005993462071325815,0.005930289688773579,0.005868508448700047,0.0058080722420452225,0.005748936975088492,0.005691060460526143,0.005634402315507983,0.00557892386617187,0.005524588058168848,0.005471359372753099,0.005419203748027813,0.005368088505000527,0.005317982278086901,0.005268854949770013,0.005220677589115771,0.005173422393899031,0.0051270626360688165,0.005081572610358163,0.7285101663168233,0.7287086981816229,0.7289069398985447,0.7291048921031869,0.7293025554292923,0.7296970179716303,0.7298938184461342,0.7300903325586572,0.7302865609337678,0.7304825041942191,0.7306781629609566,0.7308735378531231,0.7310686294880668,0.7312634384813468,0.7314579654467397,0.7318461757400991,0.7320398602867658,0.7322332652429582,0.7324263912136378,0.7326192388020221,0.7328118086095904,0.7330041012360913,0.7331961172795471,0.7333878573362619,0.7335793220008262,0.7339614275233391,0.73415206956196,0.734342438569787,0.7345325351329381,0.7347223598358545,0.7349119132613077,0.7351011959904037,0.7352902086025908,0.7354789516756642,0.7356674257857726,0.7360435694134901,0.7362312400752155,0.7364186440622196,0.736605781942505,0.7367926542824618,0.7369792616468746,0.7371656045989264,0.7373516837002067,0.7375374995107146,0.737723052588866,0.738093372773879,0.7382781409897045,0.7384626486911127,0.738646896428685,0.7388308847514521,0.7390146142069002,0.7391980853409754,0.7393812986980904,0.7395642548211288,0.7397469542514504,0.7401115851918005,0.7402935177769805,0.7404751958197578,0.7406566198539555,0.7408377904119049,0.741018708024451,0.7411993732209575,0.7413797865293122,0.7415599484759314,0.741739859585766,0.742098931387586,0.7422780931221894,0.7424570061052548,0.7426356708544793,0.7428140878861252,0.7429922577150241,0.7431701808545815,0.7433478578167828,0.7435252891121971,0.7437024752499827,0.7440561140822765,0.7442325677880904,0.7444087783588974,0.7445847462968735,0.7447604721028137,0.744935956276135,0.745111199314882,0.7452862017157319,0.7454609639739983,0.7456354865836367,0.7459838148260869,0.746157621440059,0.7463311903677332,0.7465045220963423,0.7466776171117878,0.7468504758986456
3.4242424242424243,0.0882387618579217,0.074749938464058,0.0648578648312689,0.05729310032531355,0.051320705624197105,0.04648571828673034,0.04249142367238418,0.039136055820487785,0.036277631275659084,0.03381333442732843,0.031666882722859446,0.02978048634668773,0.028109564580820368,0.02661917577964458,0.02528154581100195,0.024074319884387206,0.022979302236643684,0.021981531906131214,0.0210685944751454,0.02023010236780452,0.019457297430360176,0.01874274349256493,0.0180800860075412,0.0174638622927327,0.016889350367049336,0.016352447524269578,0.015849572034681337,0.015377582996332628,0.014933714538562673,0.014515521470227118,0.014120834113457848,0.01374772056215082,0.013394454978980015,0.013059490833470988,0.012741438204607063,0.012439044446577745,0.0121511776495342,0.011876812435284172,0.011615017712467217,0.011364946082246157,0.011125824641742244,0.01089694697319949,0.010677666146095888,0.010467388584038617,0.010265568675682813,0.010071704025594763,0.009885331258629115,0.009706022303670776,0.00953338109422121,0.009367040632124346,0.009206660368938802,0.009051923865153284,0.008902536693707806,0.008758224558802834,0.008618731603973702,0.008483818888316919,0.008353263011175052,0.00822685486898419,0.00810439852944259,0.007985710210528359,0.007870617353063507,0.007758957776740373,0.007650578911515993,0.007545337095892287,0.00744309693625435,0.007343730720353705,0.007247117880193229,0.007153144499350941,0.007061702860404195,0.006972691028983441,0.006886012470794217,0.00680157569858927,0.00671929394660967,0.006639084869858282,0.006560870266048156,0.006484575818300055,0.006410130856771461,0.006337468137634155,0.0062665236379211755,0.0061972363649186925,0.0061295481790210994,0.006063403628753936,0.00599874979718378,0.005935536158738827,0.005873714445607564,0.005813238522990173,0.0057540642725573445,0.005696149483443784,0.00563945375024853,0.005583938377504498,0.005529566290162261,0.005476301949625878,0.00542411127495793,0.005372961568896122,0.005322821448311421,0.005273660778842646,0.005225450613367544,0.005178163134099673,0.005131771598024645,0.0050862502854808036,0.7307351838013648,0.7309326895277062,0.7311299057255402,0.731326833031041,0.7315234720785202,0.7319158879273894,0.7321116659881519,0.7323071583096513,0.7325023655169884,0.7326972882334424,0.7328919270804772,0.7330862826777473,0.7332803556431059,0.7334741465926098,0.7336676561405269,0.7340538334797658,0.7342465024907361,0.7344388925394292,0.7346310042312643,0.7348228381699097,0.7350143949572896,0.73520567519359,0.7353966794772655,0.7355874084050446,0.7357778625719373,0.7361579489945421,0.7363475824317326,0.7365369434710056,0.7367260326988666,0.7369148507001385,0.737103398057968,0.7372916753538307,0.7374796831675382,0.7376674220772431,0.7378548926594458,0.738229031139117,0.7384157001813754,0.738602103185723,0.7387882407204849,0.7389741133523682,0.7391597216464683,0.7393450661662743,0.7395301474736748,0.7397149661289643,0.739899522690847,0.7402678517613009,0.7404516253793865,0.7406351391231062,0.7408183935433029,0.7410013891892646,0.7411841266087282,0.7413666063478866,0.7415488289513931,0.7417307949623668,0.7419125049223989,0.7422751588483913,0.7424561038899394,0.7426367950317317,0.7428172328077969,0.742997417750667,0.7431773503913829,0.7433570312594987,0.7435364608830887,0.7437156397887503,0.743894568501611,0.7442516774421164,0.7444298587127085,0.744607791876405,0.7447854774510567,0.7449629159530742,0.7451401078974327,0.7453170537976778,0.7454937541659296,0.7456702095128876,0.7458464203478365,0.7461981105117981,0.7463735908523469,0.7465488287039689,0.746723824568945,0.7468985789481698,0.7470730923411566,0.7472473652460417,0.7474213981595896,0.7475951915771978,0.7477687459929007,0.748115139787945,0.7482879801485852,0.7484605834699267,0.7486329502392616,0.7488050809425468,0.7489769760644093
3.4626262626262627,0.08829189615838345,0.07479532227289146,0.0648975628164025,0.057328448457106475,0.051352617995846894,0.04651484782908977,0.042518252992119435,0.039160951705914604,0.03630087901032619,0.03383516027612996,0.0316874691619039,0.02979998267849223,0.02812809451738101,0.02663684297437563,0.025298437974946575,0.02409051189542756,0.02299485852760671,0.02199650832159667,0.021083039733166956,0.020244059223522806,0.019470803611174193,0.018755832457149495,0.01809278756655687,0.017476203120957514,0.01690135442852647,0.016364136427445986,0.015860965332378716,0.015388698437636492,0.014944568285000142,0.014526128279169975,0.014131207496949166,0.013757872922872543,0.013404397728870825,0.01306923449644748,0.01275099250648196,0.012448418394027088,0.012160379599209601,0.011885850155132167,0.011623898435668197,0.01137367655545775,0.01113441116769452,0.010905395449026847,0.010685982097319191,0.010475577195313049,0.010273634818253432,0.010079652282190337,0.009893165945758318,0.009713747491980998,0.009541000626867071,0.009374558141327578,0.009214079291366051,0.009059247455582493,0.008909768037815402,0.008765366584607548,0.008625787092464372,0.008490790483160846,0.008360153227655343,0.008233666102167247,0.008111133061795417,0.007992370218882423,0.007877204914996787,0.007765474876613767,0.007657027445911869,0.007551718878835386,0.007449413703863428,0.0073499841353081375,0.007253309535795742,0.007159275923365007,0.007067775518643349,0.006978706328601805,0.006891971763356287,0.00680748028301554,0.006725145071881663,0.006644883737542287,0.006566618032677265,0.006490273597613561,0.006415779721804404,0.006343069122683152,0.006272077740392099,0.006202744547087421,0.006135011369640611,0.0060688227246132875,0.006004125664569806,0.005940869634803114,0.005879006339661176,0.00581848961773195,0.005759275325231762,0.00570132122693894,0.00564458689412915,0.005589033608998475,0.005534624275087091,0.005481323333275254,0.005429096682934612,0.005377911607911773,0.005327736706942706,0.005278541828239581,0.005230298007946388,0.005182977412184494,0.0051365532824695515,0.0050909998842555105,0.7329240448797081,0.733120531448855,0.7333167291219856,0.7335126385357814,0.7337082603250545,0.7340986435599755,0.7342934062659615,0.7344878838681155,0.7346820769920043,0.7348759862613662,0.7350696122981171,0.7352629557223576,0.7354560171523795,0.7356487972046722,0.7358412964939297,0.7362254552331743,0.7364171159036291,0.7366084982519969,0.7367996028840905,0.7369904304039655,0.7371809814139272,0.7373712565145367,0.7375612563046169,0.7377509813812595,0.7379404323398304,0.7383185142756323,0.7385071464350244,0.7386955068406795,0.7388835960794299,0.7390714147364192,0.7392589633951087,0.7394462426372832,0.7396332530430579,0.739819995190883,0.7400064696575507,0.7403786178463257,0.7405642927137791,0.7407497021907785,0.7409348468459132,0.7411197272461485,0.7413043439568336,0.7414886975417054,0.7416727885628954,0.7418566175809346,0.7420401851547598,0.7424065381975784,0.7425893247765241,0.7427718521311724,0.7429541208125725,0.7431361313702134,0.743317884352028,0.7434993803044003,0.7436806197721697,0.7438616032986364,0.744042331425568,0.7444030236402593,0.7445829888039353,0.7447627007199183,0.7449421599223898,0.7451213669440291,0.7453003223160196,0.7454790265680545,0.7456574802283409,0.7458356838236055,0.7460136378791005,0.746368799464443,0.7465460080374645,0.7467229691570746,0.7468996833412261,0.7470761511064274,0.7472523729677476,0.7474283494388211,0.7476040810318526,0.747779568257623,0.7479548116254929,0.7483045688179069,0.748479083654119,0.748653356655777,0.7488273883252174,0.7490011791633864,0.7491747296698449,0.7493480403427728,0.7495211116789744,0.7496939441738825,0.7498665383215637,0.7502110135447068,0.7503828956015117,0.7505545412737846,0.7507259510488299,0.7508971254126136,0.7510680648497674
3.501010101010101,0.0883466109507086,0.0748420403288097,0.06493841448202042,0.05736481220037373,0.05138543698771929,0.04654479576948819,0.04254582783959329,0.03918653191489242,0.03632475893964174,0.033857573387251844,0.031708603734821504,0.029819992764536965,0.028147107762970833,0.026654966330393482,0.025315761941129705,0.024107113730989567,0.023010804714294886,0.022011856479819483,0.021097840130138996,0.02025835597361387,0.019484635641362092,0.018769234289750525,0.01810578995986627,0.017488833597676657,0.016913637714263415,0.016376094817777496,0.01587261900086085,0.015400065697746814,0.014955665811513419,0.01453697129851691,0.014141809950271905,0.01376824760685629,0.013414556417780648,0.013079188048392143,0.012760750956135363,0.012457991033940945,0.01216977505128869,0.011895076433816343,0.011632963003715318,0.011382586373603627,0.0111431727386028,0.010914014856818881,0.010694465042790114,0.010483929027485786,0.010281860562847316,0.010087756667097205,0.009901153424355458,0.009721622263869807,0.00954876665684661,0.00938221917681646,0.009221638877755052,0.00906670895075063,0.00891713462508722,0.008772641284621248,0.008632972774230379,0.008497889873965048,0.008367168922313007,0.008240600571495067,0.008117988660397066,0.007999149192354671,0.007883909406579253,0.00777210693335468,0.007663589024279549,0.007558211850119717,0.0074558398589970355,0.007356345189425231,0.007259607132475706,0.007165511638566696,0.007073950864383655,0.006984822756374972,0.006898030667338453,0.0068134830030563654,0.006731092896298981,0.006650777905736982,0.006572459737597077,0.006496063988049551,0.006421519904554687,0.006348760164578431,0.006277720670214973,0.006208340357346393,0.00614056101828288,0.006074327136615725,0.006009585733430784,0.005946286223960682,0.0058843802838362625,0.005823821724194028,0.00576456637499047,0.005706571975870497,0.005649798074053778,0.005594205928688946,0.005539758421236282,0.005486419971394604,0.005434156458234069,0.005382935146104614,0.005332724615033773,0.00528349469526498,0.0052352164056734185,0.005187861895783638,0.005141404391152594,0.0050958181418800765,0.7350776236286592,0.7352730980856856,0.735468284291557,0.7356631828833964,0.7358577944964506,0.73624615931785,0.7364399137873692,0.736633383800465,0.7368265699831055,0.7370194729594236,0.737212093351724,0.7374044317804891,0.7375964888643859,0.7377882652202734,0.7379797614632083,0.7383619160614757,0.7385525756379708,0.738742957543851,0.738933062385261,0.7391228907665826,0.7393124432904409,0.7395017205577111,0.7396907231675243,0.7398794517172742,0.7400679068026232,0.7404439989541495,0.7406316372030518,0.7408190043530156,0.7410061009911406,0.7411929277028326,0.7413794850718094,0.741565773680107,0.7417517941080854,0.741937546934435,0.7421230327361826,0.7424932055656949,0.7426778937392478,0.7428623171797866,0.7430464764561082,0.7432303721353812,0.7434140047831518,0.7435973749633493,0.7437804832382926,0.7439633301686948,0.7441459163136698,0.7445103084758318,0.7446921156033004,0.7448736641659172,0.7450549547148836,0.7452359877998362,0.7454167639688509,0.7455972837684495,0.7457775477436043,0.7459575564377446,0.7461373103927612,0.7464960562453304,0.7466750492190234,0.7468537896058844,0.7470322779401956,0.7472105147547327,0.7473885005807714,0.7475662359480918,0.7477437213849846,0.7479209574182552,0.7480979445732298,0.748451174342229,0.7486274179995551,0.7488034148651983,0.7489791654571648,0.7491546702920114,0.7493299298848525,0.749504944749363,0.7496797153977846,0.74985424234093,0.7500285260881889,0.7503763660255166,0.7505499232272909,0.7507232392565991,0.750896314615787,0.7510691498058054,0.7512417453262166,0.7514141016751976,0.7515862193495463,0.7517580988446854,0.7519297406546673,0.752272313188547,0.7524432448937415,0.752613940876381,0.7527844016237378,0.7529546276217421,0.7531246193549863
3.5393939393939395,0.08840284224515475,0.07489003853785824,0.06498037299218666,0.05740215026918458,0.051419125694504096,0.04657552874939506,0.04257411778552706,0.03921276847951887,0.03634924519138573,0.033880549695439015,0.031730263950241255,0.02984049549632528,0.028166584434248576,0.02667352705575743,0.025333499897911192,0.024124108463851855,0.02302712467192366,0.022027560986718413,0.021112980940307034,0.02027297850649369,0.019498779974948897,0.01878293596733609,0.018119080649358535,0.01750174163550628,0.016926188557133837,0.016388311420338555,0.015884522133212103,0.015411674214504605,0.014966996880340342,0.014548040595977568,0.014152631829437934,0.013778835242368908,0.013424921931824572,0.013089342619863085,0.012770704916044928,0.012467753949229577,0.01217935579856447,0.011904483264121808,0.011642203600081929,0.011391667902212861,0.0111521018939748,0.010922797902689081,0.010703107848092237,0.010492437099045475,0.010290239074514524,0.010096010486330829,0.009909287135708949,0.00972964019076193,0.009556672881000467,0.00939001755596163,0.00922933306176927,0.0090743023964025,0.00892463060942342,0.008780042917269335,0.008640283008609828,0.008505111517629591,0.00837430464642649,0.00824765291955652,0.008124960056262525,0.008006041947636718,0.007890725727518635,0.007778848927131781,0.007670258704937221,0.007564811143841411,0.0074623706093259745,0.007362809161863508,0.007266006018831919,0.007171847061049801,0.007080224379371549,0.006991035857944313,0.006904184790543666,0.006819579527027624,0.006737133147104351,0.006656763159100496,0.006578391221411778,0.006501942884754855,0.006427347353337117,0.006354537263505401,0.006283448478160345,0.006214019895875952,0.0061461932733572556,0.0060799130602481955,0.0060151262452380495,0.005951782212622697,0.005889832608454643,0.00582923121562113,0.005769933837033042,0.005711898186478008,0.00565508378640359,0.005599451872242025,0.005544965302706999,0.005491588475710899,0.005439287249412846,0.00538802886810181,0.005337781892544096,0.005288516134484079,0.005240202595025223,0.005192813406606695,0.005146321778357277,0.005100701944573555,0.7371967661783114,0.73739123562268,0.7375854174724095,0.7377793123650002,0.7379729209360696,0.7383592816467428,0.7385520350482303,0.7387445046519778,0.7389366910842925,0.73912859496964,0.7393202169306515,0.7395115575881297,0.7397026175610564,0.7398933974665981,0.740083897920114,0.7404640629235022,0.7406537286951116,0.7408431174581817,0.7410322298191299,0.7412210663826049,0.7414096277514926,0.7415979145269233,0.7417859273082779,0.7419736666931939,0.7421611332775722,0.7425352504196723,0.7427219021605678,0.7429082834672862,0.7430943949271377,0.7432802371257339,0.7434658106469925,0.7436511160731442,0.743836153984739,0.7440209249606515,0.7442054295780876,0.7445736420380442,0.7447573510266855,0.7449407959491036,0.745123977374249,0.7453068958694389,0.7454895520003633,0.7456719463310902,0.7458540794240724,0.7460359518401524,0.7462175641385679,0.746580010611372,0.7467608458962673,0.7469414232845227,0.7471217433274409,0.7473018065747538,0.747481613574629,0.747661164873675,0.7478404610169466,0.7480195025479507,0.7481982900086515,0.7485551048793214,0.7487331333655555,0.7489109099340274,0.7490884351190702,0.7492657094535073,0.7494427334686572,0.7496195076943385,0.7497960326588763,0.7499723088891065,0.7501483369103814,0.7504996504200876,0.7506749369518521,0.7508499773613382,0.7510247721665576,0.7511993218840699,0.7513736270289867,0.7515476881149772,0.751721505654273,0.7518950801576738,0.7520684121345512,0.7524143505391166,0.7525869579784561,0.7527593249145849,0.7529314518498122,0.7531033392850495,0.7532749877198147,0.7534463976522382,0.7536175695790666,0.7537885039956683,0.7539592013960379,0.7542998871172187,0.7544698764191929,0.7546396306672705,0.7548091503486483,0.7549784359491777,0.755147487953369
3.577777777777778,0.08846052889682189,0.07493926521476868,0.06502339359547651,0.05744042321527733,0.05145364885471583,0.04660701489609409,0.04260309375701922,0.039239634678515815,0.036374313047445664,0.03390406620934916,0.031752428320624394,0.029861470707900444,0.028186505535338236,0.026692507198671285,0.02535163483031203,0.024141479924306104,0.023043802996849477,0.02204360713721579,0.021128448097593018,0.02028791334235767,0.01951322367284877,0.01879692505062537,0.018132647658992442,0.017514915689228947,0.01693899581345829,0.01640077546652225,0.015896664312171228,0.015423513900371522,0.014978551713939914,0.014559326685712502,0.014163663923813756,0.013789626879227324,0.013435485567255361,0.013099689740612009,0.012780846137613258,0.012477699102103421,0.01218911400365958,0.011914062999636122,0.011651612760617134,0.011400913851108672,0.011161191510068367,0.010931737621974429,0.010711903700938837,0.010501094743757378,0.010298763827297315,0.010104407348366769,0.009917560817699391,0.00973779513490106,0.009564713281183943,0.009397947375919749,0.009237156051648765,0.00908202210791182,0.008932250409636078,0.00878756600110383,0.008647712410602755,0.008512450122380333,0.008381555198404349,0.008254818032005387,0.00813204221951239,0.008013043536706002,0.007897649009123564,0.007785696066208222,0.007677031770647427,0.007571512115231898,0.0074690013803920974,0.007369371546420747,0.007272501755044569,0.007178277815504682,0.0070865917510406495,0.0069973413817572905,0.006910429940806293,0.006825765720572696,0.006743261746256676,0.006662835474433898,0.006584408514368462,0.006507906370056984,0.00643325820130336,0.006360396602166489,0.006289257395295447,0.006219779440911122,0.0061519044591523365,0.006085576864780284,0.00602074361320288,0.005957354056904308,0.005895359811581862,0.0058347146310695165,0.005775374290515381,0.005717296477119176,0.005660440687886831,0.005604768133872545,0.0055502416504400465,0.00549682561309888,0.005444485858533188,0.005393189610417903,0.005342905409732305,0.0052936030492147625,0.005245253511709045,0.005197828912102948,0.005151302442647451,0.005105648321402193,0.739282291820041,0.7394757633968473,0.7396689480465002,0.739861846406816,0.7400544591137217,0.7404388301016078,0.74063058964506,0.7408220660600594,0.7410132599731922,0.7412041720091972,0.741394802790972,0.7415851529395807,0.7417752230742599,0.7419650138124256,0.7421545257696804,0.7425327157948374,0.7427213950849346,0.7429097980385247,0.7430979252622399,0.7432857773609385,0.7434733549377107,0.7436606585938854,0.7438476889290364,0.7440344465409893,0.7442209320258271,0.7445930889898169,0.7447787616524814,0.7449641645550676,0.7451492982850425,0.7453341634281685,0.7455187605685089,0.7457030902884356,0.7458871531686339,0.7460709497881093,0.7462544807241932,0.7466207478471792,0.746803485180429,0.7469859591229945,0.7471681702439276,0.7473501191106422,0.7475318062889201,0.7477132323429168,0.7478943978351671,0.7480753033265913,0.748255949376501,0.7486164653810127,0.748796336446245,0.7489759502912348,0.7491553074673352,0.7493344085243246,0.7495132540104126,0.749691844472245,0.7498701804549099,0.7500482625019435,0.7502260911553342,0.7505809904414432,0.7507580621504548,0.7509348826184213,0.75111145237968,0.7512877719670537,0.7514638419118564,0.7516396627438988,0.7518152349914934,0.7519905591814595,0.7521656358391297,0.7525150486515024,0.7526893858494785,0.7528634776017152,0.753037324426185,0.7532109268394036,0.7533842853564356,0.7535574004908995,0.7537302727549725,0.7539029026593957,0.7540752907134792,0.7544193433007419,0.7545910088454307,0.7547624345628092,0.7549336209551065,0.7551045685231511,0.7552752777663744,0.7554457491828164,0.7556159832691304,0.7557859805205878,0.7559557414310829,0.7562945561979063,0.7564636110351804,0.7566324314933935,0.7568010180596255,0.7569693712196078,0.7571374914577277
3.6161616161616164,0.08851961245556175,0.07498967095022598,0.06506743351343469,0.0574795933304717,0.05148897276325262,0.046639223744702286,0.042632727965592476,0.03926710497146663,0.03639993888251141,0.033928100954520986,0.031775076309196564,0.02988289912563004,0.028206852911762326,0.026711889602427714,0.025370150476679152,0.024159212658963414,0.02306082496884706,0.02205998087851643,0.0211442281599395,0.02030314760024627,0.019527954370771452,0.018811189652934473,0.018146479545070284,0.017528344727009593,0.016952048835256407,0.016413476667259865,0.015909035584173937,0.015435575116977096,0.014990320970213022,0.014570820504645563,0.014174897433797929,0.013800613966543116,0.013446239008607593,0.013110221318293471,0.012791166740554312,0.012487818813650891,0.012199042179424293,0.011923808335835886,0.011661183354951175,0.01141031725620759,0.011170434781721797,0.010940827361624335,0.010720846094033676,0.010509895594013559,0.010307428587496321,0.010112941148211152,0.009925968488864845,0.009746081233739512,0.009572882109245562,0.009406002998748815,0.009245102315635785,0.009089862655944199,0.008939988695110526,0.008795205301004812,0.008655255837261058,0.008519900634397622,0.008388915610580035,0.008262091024602338,0.008139230346678801,0.008020149234310221,0.007904674601951718,0.0077926437746452006,0.007683903716863402,0.007578310328891589,0.007475727803984961,0.007376028040195373,0.007279090101604308,0.007184799724086746,0.0070930488614738985,0.007003735268239988,0.0069167621153104165,0.006832037636124213,0.006749474799985634,0.006668991010399511,0.006590507826208497,0.006513950703506735,0.006439248756549998,0.006366334536010289,0.006295143823266918,0.00622561543919864,0.00615769106643552,0.006091315083970554,0.006026434413047716,0.00596299837356765,0.005900958550057963,0.005840268666570455,0.005780884469766228,0.0057227636195865995,0.005665865586937935,0.005610151557876236,0.0055555843438073816,0.00550212829727646,0.005449749232933382,0.005398414353315529,0.005348092179105621,0.005298752483553286,0.005250366230771891,0.0052029055176501405,0.005156343519128748,0.005110654436617068,0.7413349940622056,0.7415274749540391,0.7417196695965221,0.7419115786277272,0.7421032026838311,0.7424855984060125,0.7426763713350323,0.7428668618148501,0.7430570704722728,0.7432469979322543,0.7434366448179018,0.7436260117504828,0.7438150993494322,0.7440039082323586,0.7441924390150512,0.7445686687338356,0.7447563688924692,0.744943793395966,0.745130942851118,0.7453178178629379,0.7455044190346652,0.7456907469677728,0.7458768022619732,0.7460625855152254,0.7462480973237409,0.7466183089827096,0.7468030100169066,0.7469874419738671,0.7471716054411611,0.7473555010046489,0.7475391292484879,0.7477224907551382,0.7479055861053692,0.748088415878265,0.7482709806512318,0.7486353174986438,0.7488170907195615,0.7489986012335073,0.7491798496095841,0.7493608364152522,0.7495415622163353,0.7497220275770262,0.749902233059893,0.7500821792258843,0.7502618666343359,0.7506204674079304,0.7507993818837303,0.7509780398233157,0.7511564417780423,0.7513345882976872,0.7515124799304538,0.7516901172229782,0.7518675007203348,0.7520446309660409,0.7522215085020636,0.7525745076052046,0.7527506302485519,0.7529265023346844,0.7531021243978975,0.7532774969709677,0.7534526205851595,0.7536274957702298,0.7538021230544334,0.7539765029645289,0.7541506360257834,0.754498163695412,0.7546715593469108,0.7548447102358284,0.7550176168800539,0.7551902797960158,0.755362699498689,0.7555348765015971,0.7557068113168202,0.7558785044549982,0.7560499564253365,0.7563921388921744,0.7565628703999573,0.7567333627624779,0.756903616481844,0.7570736320587589,0.7572434099925263,0.7574129507810546,0.757582254920863,0.7577513229070847,0.757920155233473,0.7582571148748902,0.7584252431705673,0.7585931377677169,0.7587607991532623,0.7589282278127754,0.7590954242304807
3.6545454545454548,0.08858003702460497,0.07504120849440693,0.06511245183893687,0.05751962455642621,0.05152506518955195,0.0466721261639972,0.04266299383970085,0.039295154937087476,0.036426100106929066,0.03395263291990748,0.031798188279592146,0.0299047623219714,0.028227609206003628,0.026731657864025694,0.025389031291008002,0.024177291894117197,0.02307817651493425,0.02207666877620167,0.02116030827694821,0.02031866896602073,0.01954296024889644,0.018825718411360284,0.01816056536848917,0.017542018203451058,0.01696533744420606,0.01642640518717856,0.015921626435117218,0.015447848651302077,0.01500229571936432,0.014582513390215735,0.01418632394856364,0.013811788331486186,0.013457174308315405,0.013120929619109394,0.012801659193512345,0.012498105745099526,0.01220913317021358,0.011933712291844778,0.011670908568693144,0.011419871462314664,0.011179825205792176,0.010950060763997483,0.010729928808995877,0.010518833564924905,0.010316227398372076,0.010121606052155603,0.009934504433743932,0.009754492885466481,0.009581173872817523,0.009414179037363397,0.009253166568234446,0.009097818852887534,0.008947840372807285,0.008802955815158156,0.008662908374913823,0.008527458225185936,0.008396381136892133,0.008269467231035672,0.008146519848672762,0.008027354526157469,0.007911798064213145,0.007799687680948884,0.007690870240253944,0.007585201547693249,0.007482545707242668,0.0073827745327142025,0.0072857670086905624,0.007191408795903964,0.007099591777130423,0.007010213639582461,0.0069231774905282074,0.0068383915030109255,0.006755768589078638,0.006675226097887208,0.006596685536667193,0.006520072312452171,0.006445315492825279,0.0063723475840786106,0.0063011043252954035,0.006231524497067399,0.0061635497436284105,0.006097124407324525,0.006032195374440171,0.00596871193148266,0.005906625631077672,0.005845890166771236,0.0057864612560596385,0.005728296530967941,0.005671355435677998,0.0056155991306457665,0.005560990402747712,0.0055074935810092785,0.0054550744575208344,0.0054037002131742985,0.005353339347869238,0.005303961614898893,0.005255537959198943,0.005208040459226959,0.005161442272199184,0.005115717582475611,0.7433556416364051,0.7435471390557891,0.7437383509133186,0.7439292778472645,0.744119920493997,0.7445003554618408,0.7446901490462523,0.7448796608700641,0.7450688915602484,0.7452578417419177,0.7454465120383337,0.745634903070912,0.7458230154592306,0.7460108498210356,0.7461984067722488,0.7465726908975033,0.746759419294325,0.7469458727261287,0.7471320517998132,0.7473179571204921,0.7475035892915014,0.747688948914405,0.7478740365890018,0.7480588529133319,0.7482433984836833,0.7486116797388791,0.7487954166075959,0.7489788850900909,0.749162085773987,0.749345019245192,0.7495276860879061,0.7497100868846281,0.7498922222161608,0.7500740926616176,0.7502556987984292,0.7506181204474585,0.7507989371061756,0.7509794917492585,0.7511597849458124,0.7513398172632959,0.7515195892675263,0.7516991015226859,0.751878354591328,0.7520573490343823,0.7522360854111612,0.7525927861950905,0.7527707517128306,0.7529484613854869,0.7531259157643709,0.7533031153992122,0.7534800608381629,0.7536567526278031,0.7538331913131476,0.7540093774376505,0.7541853115432112,0.7545364258573645,0.7547116071420321,0.7548865385599192,0.7550612206452345,0.7552356539306648,0.7554098389473811,0.7555837762250429,0.7557574662918044,0.7559309096743193,0.7561041068977468,0.7564497649605328,0.7566222268427824,0.7567944446517372,0.7569664189051607,0.7571381501193529,0.7573096388091558,0.757480885487958,0.7576518906677004,0.7578226548588805,0.7579931785705585,0.7583335065844888,0.7585033118977175,0.7586728787534066,0.7588422076535022,0.7590112990985429,0.7591801535876647,0.7593487716186047,0.759517153687708,0.7596853002899311,0.759853211918847,0.760188332224162,0.7603555418808342,0.7605225185247548,0.7606892626426522,0.7608557747199003,0.761022055240523
3.692929292929293,0.08864174912899313,0.07509383264512162,0.065158409437508,0.05756048239871185,0.051561895301878186,0.04670569428706379,0.04269386596176914,0.03932376121510522,0.03645277511259435,0.033977642008336924,0.031821745450734996,0.02992704267124903,0.028248757816273687,0.026751796294719115,0.02540826240326477,0.02419570349973743,0.023095844175720158,0.022093657981614587,0.021176676159004506,0.020334465663276995,0.01955823000369337,0.018840500459758682,0.018174894668046067,0.017555926034246463,0.01697885190724421,0.016439551621039397,0.015934427767318793,0.015460325694397179,0.015014467423486015,0.014594397059481956,0.014197935426254978,0.013823142159711588,0.01346828386750311,0.013131807248252992,0.012812316295701183,0.012508552879929373,0.01221938013507871,0.011943768193630362,0.01168078188731333,0.011429570107020661,0.011189356565262303,0.01095943175121943,0.010739145901269516,0.010527902839715686,0.010325154565712083,0.010130396483638464,0.009943163188926851,0.00976302473539032,0.009589583321846831,0.00942247034260324,0.00926134375734847,0.009105885740343418,0.008955800574693425,0.008810812762785359,0.008670665327138132,0.00853511827983785,0.00840394724130725,0.008276942191523782,0.008153906339573929,0.008034655097901482,0.007919015150895515,0.007806823607355596,0.007697927228292528,0.007592181722409369,0.0074894511023887445,0.007389607095906937,0.007292528606248722,0.007198101217295265,0.007106216739171254,0.007016772790332002,0.0069296724128824795,0.006844823718181197,0.0067621395596877245,0.006681537230997752,0.006602938186559738,0.006526267783233238,0.00645145504089525,0.006378432420430711,0.0063071356176853345,0.006237503372067204,0.006169477288524096,0.006103001671944219,0.0060380233728642985,0.005974491643642277,0.005912358004278251,0.0058515761171408056,0.005792101669889875,0.005733892266010843,0.005676907322358291,0.005621107973212548,0.005566456980367538,0.0055129186488007366,0.005460458747536486,0.005409044435332157,0.00535864419083974,0.005309227746944454,0.005260766028975469,0.005213231096544654,0.005166596088744924,0.005120835172505531,0.7453449794569804,0.7455355006393495,0.7457257369564573,0.7459156890467176,0.7461053575466383,0.7464838463120035,0.746672667840996,0.7468612083067592,0.7470494683363756,0.7472374485550639,0.7474251495861851,0.7476125720512504,0.7477997165699277,0.7479865837600477,0.7481731742376119,0.7485455275099704,0.7487312915276793,0.7489167812786749,0.7491019973699109,0.7492869404065511,0.7494716109919766,0.7496560097277911,0.7498401372138298,0.7500239940481634,0.7502075808271061,0.7505739465953293,0.7507567267685111,0.7509392392541179,0.7511214846397749,0.7513034635113892,0.7514851764531553,0.7516666240475615,0.7518478068753964,0.7520287255157546,0.7522093805460431,0.7525699020776395,0.7527497697253789,0.7529293760559245,0.7531087216383369,0.7532878070400262,0.7534666328267571,0.7536451995626554,0.7538235078102133,0.7540015581302959,0.754179351082147,0.7545341671100565,0.7547111912965475,0.7548879603356838,0.7550644747786892,0.7552407351752006,0.755416742073274,0.7555924960193905,0.755767997558461,0.7559432472338327,0.7561182455872942,0.7564674904878838,0.756641738110847,0.7568157365635825,0.75698948638017,0.7571629880931643,0.7573362422336003,0.7575092493309984,0.75768200991337,0.7578545245072231,0.7580267936375673,0.7583705976003069,0.7585421334752781,0.7587134259719016,0.758884475607775,0.7590552828990292,0.7592258483603336,0.7593961725049012,0.7595662558444939,0.7597360988894274,0.7599057021485769,0.7602441913378488,0.760413078278562,0.7605817274546828,0.760750139367957,0.7609183145187199,0.7610862534059013,0.7612539565270294,0.7614214243782371,0.7615886574542656,0.7617556562484707,0.7620889529579298,0.7622552518530069,0.7624213184259168,0.7625871531631558,0.7627527565498639,0.7629181290698273
3.7313131313131316,0.08870469759021055,0.0751475001463209,0.0652052688578621,0.05760213384643145,0.051599433595724636,0.0467399014470863,0.04272532000886475,0.03935290145159528,0.03647994322308488,0.03400310898884218,0.03184572985074791,0.02994972330842952,0.028270282857439804,0.02677228988331196,0.025427829587148603,0.024214433956839053,0.023113815073805832,0.0221109362022642,0.021193320048316342,0.020350526425406735,0.019573752821076252,0.018855525401989235,0.01818945743590012,0.017570058572388168,0.016992582913557843,0.01645290697245148,0.015947430878164793,0.015472997819215056,0.015026827915233194,0.014606463589608328,0.014209724174229959,0.013834667976751385,0.01347956041801468,0.013142847133088869,0.012823131160028072,0.012519153507419578,0.012229776531051315,0.011953969658199884,0.011690797080294808,0.011439407105388884,0.011199022914486314,0.01096893451086478,0.010748491685953265,0.010537097855775024,0.01033420464418422,0.010139307109975713,0.009951939529795673,0.009771671663104569,0.009598105436112185,0.009430871990667689,0.009269629052210673,0.009114058577172623,0.008963864646165196,0.008818771572786115,0.008678522203490158,0.008542876385943372,0.008411609586782902,0.008284511642133887,0.008161385626122104,0.008042046824743219,0.007926321803584957,0.007814047559802273,0.0077050707493099115,0.007599246981947757,0.007496440177131881,0.007396521974619247,0.007299371194617527,0.007204873342567855,0.007112920154378334,0.0070234091782794186,0.006936243389877861,0.006851330837473515,0.006768584314750533,0.006687921058542783,0.006609262469393592,0.006532533852938599,0.006457664180315681,0.00638458586606402,0.006313234561873382,0.006243548965066831,0.006175470640507956,0.006108943854832976,0.006043915422052562,0.005980334559662515,0.0059181527543507185,0.005857323636638029,0.005797802863726537,0.005739548009953957,0.005682518464272273,0.005626675334227687,0.005571981356006894,0.00551840081002949,0.005465899441763154,0.005414444387366807,0.005364004103793594,0.005314548303091447,0.005266047890569551,0.0052184749065938675,0.005171802471753988,0.0051260047351787364,0.7473037295362697,0.7474932817334505,0.7476825497704908,0.7478715342858941,0.7480602359162527,0.7484367930586887,0.7486246498344569,0.7488122262525759,0.7489995229401869,0.7491865405225618,0.7493732796231104,0.7495597408633876,0.7497459248630993,0.7499318322401106,0.7501174636104518,0.7504879007861123,0.7506727078143801,0.7508572412818879,0.7510415017955947,0.7512254899606644,0.751409206380474,0.7515926516566194,0.7517758263889215,0.7519587311754335,0.7521413666124477,0.7525058318143816,0.7526876627631363,0.7528692267300757,0.7530505243027813,0.7532315560671115,0.7534123226072085,0.7535928245055035,0.7537730623427239,0.7539530366978994,0.7541327481483677,0.754491384636113,0.7546703108196625,0.7548489763910625,0.7550273819192845,0.7552055279716449,0.7553834151138111,0.7555610439098075,0.7557384149220214,0.755915528711209,0.7560923858365011,0.756445332323832,0.7566214227960593,0.7567972588247796,0.7569728409610857,0.7571481697544797,0.757323245752879,0.7574980695026226,0.7576726415484758,0.7578469624336368,0.7580210326997415,0.7583684235335508,0.7585417451767684,0.7587148183519672,0.758887643593057,0.7590602214324201,0.7592325524009145,0.7594046370278811,0.7595764758411486,0.7597480693670389,0.7599194181303718,0.7602613834611716,0.7604320010708192,0.7606023760022823,0.7607725087729531,0.7609423998987542,0.7611120498941443,0.7612814592721221,0.7614506285442323,0.7616195582205707,0.7617882488097891,0.7621249147542849,0.7622928911196922,0.7624606304182502,0.762628133151467,0.762795399819438,0.7629624309208496,0.7631292269529844,0.7632957884117264,0.7634621157915663,0.7636282095856052,0.7639596983817702,0.7641250943631986,0.7642902587174395,0.7644551919307231,0.7646198944879183,0.7647843668725399
3.76969696969697,0.08876883340901556,0.07520216957977094,0.06525299424499123,0.05764454729697467,0.051637651825004995,0.046774722114331535,0.04275733269693552,0.0393825542478455,0.03650758464550352,0.03402901545268829,0.0318701242769723,0.02997278809024584,0.028292169124655042,0.02679312426179452,0.025447719225238093,0.024233470325642936,0.02313207688422604,0.02212849167301746,0.021210228691929678,0.020366840469707284,0.01958951835185212,0.018870783289903104,0.018204244094974516,0.017584406585876757,0.017006521552980037,0.016466462631841847,0.015960627439759647,0.01548585696244209,0.015039369379363818,0.01461870539923076,0.014221682832068419,0.013846358630774769,0.013490997005400778,0.013154042506353119,0.012834097196916621,0.012529901206839849,0.012240316098089335,0.011964310578617845,0.011700948186709064,0.011449376635981206,0.01120881856529037,0.010978563482251331,0.010757960724490201,0.010546413291569212,0.01034337242459233,0.010148332829807665,0.00996082845879731,0.009780428770517846,0.009606735413407397,0.009439379271714517,0.009278017831890464,0.009122332828333175,0.008972028134994854,0.008826827872911478,0.008686474709004584,0.00855072832318095,0.008419364025273799,0.008292171504626767,0.008168953697772785,0.008049525761696152,0.00793371414081231,0.00782135571837477,0.00771229704321227,0.0076063936242071984,0.007503509285692782,0.007403515577730002,0.007306291235825443,0.0072117216853887335,0.007119698586639094,0.007030119416183922,0.006942887081805698,0.006857909567479781,0.0067750996059196935,0.0066943743760787345,0.006615655223510042,0.00653886740160143,0.006463939831805011,0.006390804881355666,0.006319398156917082,0.00624965831291164,0.006181526873287577,0.006114948065682563,0.006049868666857892,0.005986237858738038,0.005924007094047231,0.005863129970823372,0.0058035621152029105,0.005745261071796134,0.0056881862010897954,0.005632298583380895,0.0055775609287246975,0.00552393749249653,0.005471393996147774,0.005419897552780145,0.005369416597223675,0.005319920820270044,0.00527138110681188,0.00522376947758837,0.005177059034317627,0.005131223907975284,0.7492325918579829,0.7494211823321426,0.7496094893592666,0.7497975135778966,0.749985255624657,0.7503598957395304,0.7505467950713749,0.7507334147588273,0.7509197554290373,0.7511058177072801,0.7512916022169644,0.7514771095796384,0.751662340414998,0.7518472953408923,0.7520319749733314,0.7524005108127295,0.7525843682425738,0.7527679528247473,0.7529512651661654,0.7531343058719457,0.7533170755454132,0.7534995747881073,0.7536818041997893,0.7538637643784476,0.7540454559203054,0.7544080354697221,0.7545889246609572,0.7547695475827566,0.7549499048226126,0.7551299969662894,0.7553098245978309,0.7554893882995672,0.7556686886521196,0.7558477262344077,0.7560265016236556,0.7563832681234863,0.7565612603800949,0.7567389927357271,0.7569164657592216,0.757093680017758,0.7572706360768633,0.7574473345004179,0.7576237758506613,0.7577999606881981,0.7579758895720042,0.7583269817062195,0.7585021460664891,0.7586770566927611,0.7588517141359552,0.7590261189453975,0.7592002716688261,0.7593741728523968,0.7595478230406889,0.7597212227767105,0.7598943726019051,0.760239924677793,0.7604123280035975,0.7605844835688075,0.7607563919071244,0.7609280535507175,0.7610994690302301,0.7612706388747844,0.7614415636119872,0.7616122437679358,0.7617826798672225,0.7621228219866899,0.762292529048581,0.762461994137242,0.7626312177698228,0.7628002004620006,0.7629689427279855,0.7631374450805252,0.7633057080309102,0.76347373208898,0.763641517763126,0.7639763759860151,0.764143449544355,0.7643102867379764,0.7644768880681143,0.7646432540345881,0.7648093851358059,0.7649752818687691,0.7651409447290783,0.7653063742109375,0.7654715708071592,0.7658012673070131,0.7659657681893571,0.7661300381434973,0.7662940776553618,0.7664578872095171,0.766621467289171
3.8080808080808084,0.08883410965780361,0.07525780128224242,0.06530155126021542,0.05768769248442537,0.05167652293790896,0.046810131842266754,0.04278988172820322,0.03941269911209073,0.036535680426553134,0.034055343773294965,0.03189491225690486,0.029996221558942358,0.028314402058901154,0.026814285672750553,0.025467918279388702,0.024252800217201775,0.023150617806374965,0.022146313129418838,0.02122739131602009,0.020383397472833242,0.019605516687540004,0.018886264598433185,0.01821924547639524,0.01759896123664381,0.017020659295738275,0.01648021035750004,0.015974009480122713,0.0154988954049049,0.015052084334865934,0.014631115231503511,0.01423380435448483,0.013858207276066823,0.013502586973190716,0.013165386890826167,0.012845208099194838,0.012540789832834798,0.012250992844694377,0.011974785109993231,0.01171122950154719,0.011459473127345266,0.01121873807381105,0.010988313343700318,0.010767547812171025,0.010555844054572834,0.010352652921877386,0.010157468761345012,0.009969825193195923,0.009789291370572273,0.009615468658452435,0.009447987678906089,0.009286505674846948,0.009130704154432416,0.008980286781046183,0.008834977479624773,0.008694518734134198,0.008558670053545825,0.008427206587935197,0.00829991787708449,0.008176606717453983,0.008057088134460155,0.007941188449113068,0.007828744428638979,0.007719602512722269,0.007613618107426905,0.007510654940224848,0.007410584469773194,0.007313285345282606,0.007218642910628157,0.007126548748924853,0.007036900263807924,0.006949600293947025,0.006864556757806807,0.0067816823259709835,0.00670089411841977,0.006622113424697286,0.006545265444953786,0.006470279050017259,0.006397086558938637,0.006325623532515375,0.006255828581437806,0.006187643188014315,0.006121011540094938,0.006055880376529329,0.005992198843014923,0.005929918357650554,0.005868992485388112,0.005809376820716979,0.005751028877959276,0.005693907988615592,0.00563797520520445,0.0055831932111726846,0.005529526236379938,0.005476939977806548,0.005425401525072648,0.0053748792904641275,0.005325342943123828,0.005276763347143665,0.005229112503268756,0.005182363493993084,0.005136490431799232,0.7511322452109113,0.7513198812289442,0.7515072345205109,0.751694305724141,0.7518810954764423,0.7522538331639277,0.7524397823627859,0.752625452637678,0.752810844615713,0.7529959589221216,0.7531807961802625,0.7533653570116301,0.7535496420358617,0.7537336518707435,0.7539173871322182,0.7542840363895401,0.754466951608116,0.7546495946987557,0.7548319662682863,0.7550140669217315,0.755195897262319,0.7553774578914867,0.75555874940889,0.7557397724124078,0.7559205274981493,0.7562812362919298,0.7564611911833972,0.7566408805239576,0.7568203049009691,0.7569994649000586,0.7571783611051287,0.7573569940983638,0.7575353644602362,0.7577134727695125,0.7578913196032605,0.7582462311439818,0.7584232969966492,0.758600103665189,0.7587766517182648,0.7589529417228779,0.7591289742443732,0.7593047498464459,0.7594802690911464,0.7596555325388872,0.7598305407484481,0.7601797936800255,0.760354039511494,0.760528032323699,0.7607017726673476,0.76087526109155,0.7610484981438254,0.7612214843701073,0.7613942203147495,0.7615667065205319,0.7617389435286657,0.7620826721090257,0.7622541647558839,0.7624254103543685,0.7625964094379338,0.7627671625384992,0.7629376701864544,0.7631079329106663,0.7632779512384825,0.7634477256957385,0.7636172568067621,0.7639555910799185,0.7641243952832186,0.764292958222631,0.764461280415027,0.7646293623758026,0.7647972046188836,0.7649648076567308,0.7651321720003457,0.7652992981592749,0.7654661866416159,0.765799252601708,0.7659654310884538,0.7661313739166115,0.7662970815871083,0.766462554599454,0.7666277934517436,0.7667927986406639,0.766957570661498,0.7671221100081298,0.76728641717305,0.7676143369207767,0.767777950481639,0.7679413338169105,0.7681044874121856,0.7682674117516943,0.7684301073183062
3.846464646464647,0.0889004813755652,0.07531435725163485,0.06535090700558593,0.0577315404132981,0.05171602102177045,0.046846107209507104,0.042822945742233914,0.03944331641416579,0.0365642124096065,0.034082077064508165,0.031920078011396354,0.030020008907877656,0.028336967714650264,0.026835760938613822,0.025488414261286625,0.02427241176492064,0.023169426537879123,0.022164389782913574,0.021244797601942977,0.02040018754779506,0.019621738339101236,0.018901960206313833,0.018234452799412684,0.0176137140608938,0.017034987973196403,0.016494142256926723,0.01598756936516399,0.015512105754872479,0.01506496561804863,0.01464368613751061,0.014246081994993061,0.013870207357752906,0.013514323947456741,0.01317687408454834,0.012856457828051051,0.012551813501410419,0.012261801034412783,0.011985387656378972,0.01172163556283726,0.011469691245464549,0.011228776228379,0.010998179000485497,0.01077724796631141,0.010565385269382206,0.010362041363859065,0.010166710231334546,0.009978925154960239,0.0097982549763616,0.009624300772478,0.009456692898209463,0.009295088348706118,0.009139168401842352,0.008988636506724546,0.008843216388703778,0.00870265034545205,0.008566697712116536,0.008435133476118906,0.008307747025052832,0.008184341012700538,0.008064730330699035,0.00794874117445846,0.00783621019307482,0.007726983715152347,0.007620917042137488,0.007517873802895638,0.0074177253630753415,0.007320350284056023,0.007225633826735514,0.007133467495762174,0.007043748620487669,0.006956379969248677,0.00687126939386424,0.006788329501654723,0.006707477352595644,0.006628634179221342,0.0065517251275136745,0.006476679016767215,0.006403428117005211,0.00633190794233123,0.006262057058963734,0.006193816906783445,0.006127131633202189,0.006061947938452319,0.005998214931363829,0.005935883994809488,0.005874908660064142,0.005815244489410493,0.0057568489663505995,0.005699681392878575,0.005643702793252357,0.005588875823834573,0.005535164688521475,0.005482535059386641,0.0054309540021560965,0.005380389906172971,0.0053308124185489835,0.005282192382207427,0.005234501777547584,0.005187713667500308,0.005141802145728743,0.7530033479850609,0.7531900368133839,0.7533764436427783,0.7535625691117138,0.7537484138567333,0.7541192637116114,0.7543042700849919,0.7544889982615148,0.7546734488682018,0.7548576225301917,0.7550415198707476,0.7552251415112637,0.7554084880712726,0.7555915601684515,0.7557743584186305,0.7561391358321087,0.75632111621789,0.7565028252016487,0.7566842633900779,0.7568654313880637,0.7570463297986927,0.7572269592232569,0.7574073202612622,0.7575874135104339,0.7577672395667242,0.7581260924756384,0.7583051205113572,0.7584838837203965,0.7586623826899384,0.7588406180054299,0.75901859025059,0.759196300007416,0.7593737478561894,0.7595509343754828,0.7597278601421656,0.7600809317167017,0.7602570786698356,0.7604329671609334,0.7606085977584436,0.7607839710291491,0.7609590875381728,0.7611339478489844,0.761308552523406,0.7614829021216181,0.7616569972021657,0.7620044260363058,0.7621777608988644,0.7623508434617021,0.7625236742752759,0.7626962538884416,0.7628685828484613,0.7630406617010086,0.763212490990174,0.7633840712584711,0.7635554030468424,0.7638973233397544,0.764067912918374,0.7642382561652371,0.7644083536135143,0.7645782057948387,0.7647478132393108,0.7649171764755054,0.7650862960304755,0.765255172429759,0.7654238061973836,0.7657603479262483,0.7659282569280417,0.7660959253792936,0.7662633537965617,0.7664305426949259,0.7665974925879938,0.7667642039879049,0.7669306774053369,0.7670969133495106,0.7672629123281949,0.7675942014129434,0.767759492527333,0.7679245486928945,0.7680893704102151,0.7682539581784608,0.7684183124953818,0.7685824338573175,0.7687463227592004,0.7689099796945631,0.7690734051555412,0.7693995636159371,0.7695622975926906,0.7697248020497407,0.7698870774723167,0.7700491243442809,0.7702109431481333
3.884848484848485,0.0889679054725653,0.0753718010673214,0.06540102995230938,0.05777606329569089,0.05175612124068263,0.04688262577200843,0.04285650426923693,0.03947438734283331,0.03659316319679793,0.03410919914595608,0.03194560642063702,0.0300441359490541,0.028359852729467266,0.026857537433058028,0.025509195205160658,0.024292293599298662,0.023188492249698274,0.022182711297004807,0.021262437663824185,0.020417201222296986,0.01963817421521931,0.01891786137471645,0.01824985765196872,0.01762865695027427,0.01704949976044534,0.01650825076953999,0.016001299781906134,0.01552548093214182,0.015078006366950574,0.014656411460969663,0.014258509291475001,0.013882352597296801,0.013526201823590274,0.013188498147255232,0.012867840599419682,0.012562966577123254,0.012272735173063803,0.011996112858192734,0.011732161139541864,0.011480025881834562,0.01123892803772857,0.011008155573451235,0.010787056415246432,0.010575032267412361,0.0103715331805372,0.01017605276458522,0.009988123959967588,0.009807315291589545,0.009633227543399268,0.009465490798747223,0.009303761800865562,0.009147721593394846,0.008997073407682505,0.008851540766071864,0.008710865776902466,0.008574807598500711,0.008443141052930092,0.008315655373017055,0.008192153067536003,0.008072448892104074,0.00795636891434992,0.007843749663338973,0.007734437354693495,0.007628287183496507,0.007525162678363451,0.007424935110362574,0.00732748295158449,0.007232691378554566,0.007140451816125009,0.007050661518152495,0.0069632231814478664,0.006878044590046055,0.006795038286983531,0.006714121271206186,0.006635214717292511,0.006558243716137684,0.0064831370346567965,0.006409826893011156,0.006338248757834603,0.0062683411501265485,0.006200045466646748,0.0061333058136713615,0.006068068852181157,0.006004283653520697,0.005941901564746943,0.005880876082896922,0.005821162737506974,0.005762718980748268,0.00570550408461106,0.005649479044623651,0.005594606489611187,0.005540850597070879,0.005488177013759936,0.005436552781106853,0.005385946265131558,0.005336327090547353,0.005287666078755161,0.005239935189470999,0.005193107465734219,0.005147156982076604,0.7548465389321689,0.755032287831898,0.7552177554667305,0.7554029424750289,0.7555878494932259,0.7559568260954349,0.7561408969427257,0.7563246903264855,0.7565082068736041,0.7566914472090832,0.7568744119560454,0.7570571017357401,0.7572395171675507,0.7574216588690017,0.757603527455766,0.7579664477387066,0.7581475006570313,0.758328282904979,0.7585087950890665,0.7586890378139997,0.75886901168268,0.7590487172962123,0.7592281552539103,0.7594073261533044,0.7595862305901472,0.7599432424503426,0.7601213510563738,0.7602991955652232,0.7604767765638558,0.760654094637498,0.7608311503696451,0.7610079443420665,0.7611844771348131,0.7613607493262231,0.7615367614929283,0.7618880080502591,0.7620632435856738,0.7622382213859744,0.7624129420193555,0.7625874060523425,0.7627616140497984,0.7629355665749288,0.7631092641892893,0.7632827074527905,0.7634558969237047,0.7638015167127036,0.7639739481391933,0.7641461279899181,0.7643180568150463,0.7644897351631437,0.7646611635811784,0.7648323426145274,0.7650032728069818,0.765173954700753,0.7653443888364785,0.7656845159885043,0.7658542100782602,0.7660236585568917,0.766192861957251,0.7663618208106493,0.7665305356468638,0.7666990069941417,0.7668672353792078,0.7670352213272674,0.7672029653620142,0.767537729778811,0.767704751200733,0.7678715327890969,0.7680380750601135,0.7682043785285135,0.7683704437075527,0.7685362711090168,0.7687018612432269,0.7688672146190452,0.7690323317438793,0.7693618592629876,0.7695262706648537,0.7696904478309298,0.7698543912614308,0.7700181014551483,0.7701815789094555,0.7703448241203126,0.7705078375822718,0.7706706197884816,0.770833171230693,0.771157583783161,0.7713194458699726,0.7714810791459047,0.7716424840957908,0.771803661203096,0.7719646109499206
3.9232323232323236,0.08903634063254444,0.07543009781210963,0.06545188987365068,0.057821234491723224,0.05179679978574406,0.046919666013149876,0.04289053768586364,0.03950589386553928,0.03662251611023134,0.03413669450738519,0.031971482991382194,0.03006858908310515,0.028383044295360028,0.026879603053786005,0.02553024964237771,0.0243124348230607,0.02320780456293492,0.022201267764799328,0.021280302026677078,0.02043442941821029,0.019654815603430742,0.018933959728962436,0.018265451972706948,0.017643782134717668,0.01706418715877979,0.016522528650162745,0.016015193722815013,0.015539014151814292,0.015091200006261851,0.014669284824035938,0.014271080052265421,0.013894636978795687,0.013538214752236027,0.013200253387451122,0.012879350871640683,0.012574243660694515,0.012283789996890742,0.01200695558084876,0.01174280121998063,0.011490472142486725,0.011249188720176296,0.011018238388610173,0.010796968587813949,0.01058478057612027,0.01038112399415,0.010185492074300924,0.009997417408757845,0.00981646820081193,0.009642244936581215,0.009474377423735532,0.009312522149471456,0.009156359919694641,0.009005593744322367,0.008859946939555068,0.008719161421397788,0.008582996168524013,0.008451225835089076,0.008323639496646051,0.008200039514692867,0.008080240506600484,0.007964068410286232,0.007851359632824049,0.0077419602750939,0.007635725424121513,0.007532518506682826,0.007432210697779456,0.007334680378766976,0.007239812640500378,0.007147498826772141,0.007057636114724731,0.006970127128521186,0.006884879583336675,0.0068018059569145495,0.0067208231861966795,0.006641852386898564,0.006564818593950369,0.006489650521057068,0.006416280337736811,0.0063446434624052,0.006274678370121697,0.006206326413831754,0.006139531658048638,0.006074240723869148,0.006010402644563142,0.005947968730804371,0.005886892444850871,0.005827129282982726,0.005768636665533431,0.005711373834024948,0.005655301754797495,0.005600383028706785,0.005546581806438459,0.005493863709027285,0.005442195753223308,0.005391546281356963,0.005341884895388258,0.005293182394858257,0.005245410718472097,0.005198542889066975,0.005152552961740046,0.7566624378924496,0.7568472541149324,0.7570317898125917,0.7572160456236388,0.7574000221843497,0.7577671400902415,0.7579502826983686,0.7581331485820669,0.7583157383680498,0.7584980526811392,0.7586800921442738,0.7588618573785147,0.7590433490030539,0.7592245676352205,0.7594055138904873,0.7597665917229787,0.7599467245219337,0.7601265873874637,0.7603061809258677,0.7604855057416292,0.7606645624374254,0.7608433516141314,0.7610218738708291,0.7612001298048124,0.7613781200115949,0.7617333056167459,0.7619105021972967,0.7620874354150244,0.7622641058566372,0.7624405141071018,0.7626166607496503,0.7627925463657859,0.7629681715352897,0.7631435368362275,0.7633186428449551,0.7636680792826944,0.7638424108559274,0.7640164854254059,0.7641903035590326,0.7643638658230385,0.7645371727819888,0.7647102249987893,0.7648830230346915,0.7650555674492997,0.765227858800577,0.7655716845368188,0.7657432200295554,0.7659145046745174,0.7660855390215499,0.7662563236188921,0.7664268590131833,0.7665971457494689,0.7667671843712056,0.7669369754202677,0.7671065194369532,0.7674448685265347,0.7676136746721935,0.7677822359310126,0.7679505528354911,0.7681186259165856,0.7682864557037153,0.7684540427247682,0.7686213875061055,0.7687884905725687,0.7689553524474835,0.7692883547084293,0.769454496133586,0.7696203984454565,0.7697860621598729,0.7699514877911844,0.7701166758522631,0.7702816268545093,0.770446341307856,0.7706108197207754,0.7707750626002825,0.771102843779873,0.7712663830867529,0.7714296888738239,0.7715927616408984,0.7717556018863626,0.771918210107183,0.7720805867989106,0.7722427324556864,0.7724046475702461,0.7725663326339254,0.7728890145670139,0.773050012412138,0.7732107821578215,0.7733713242884731,0.7735316392871312,0.773691727635468
3.961616161616162,0.08910574723497429,0.07548921399893178,0.065503457781582,0.05786702845312782,0.051838033826357335,0.04695720729963935,0.04292502717522489,0.03953781869045672,0.03665225515635757,0.03416454827641181,0.03199769382675435,0.0300933552702231,0.028406530131710604,0.026901946197664107,0.02555156657670489,0.02433282498832266,0.02322735352687003,0.022220049688625596,0.021298381607219783,0.020451863432530533,0.019671654151429272,0.018950247240577017,0.01828122803364499,0.01765908216550928,0.0170790429798785,0.01653696895388991,0.016029244470602735,0.015552698910391603,0.015104540233405175,0.014682300113190319,0.014283788342569586,0.013907054736197815,0.013550357126843444,0.013212134350179872,0.012890983333435364,0.012585639577337365,0.012294960461073383,0.01201791090328614,0.011753551001440297,0.011501025337371977,0.011259553693579465,0.011028422966736085,0.010806980103680053,0.010594625909793383,0.010390809609777896,0.010195024052691078,0.01000680147735354,0.009825709760466404,0.009651349086136882,0.009483348981930784,0.009321365675329436,0.009165079730845016,0.0090141939336846,0.008868431390833962,0.00872753382305737,0.00859126002670661,0.00845938448545542,0.008331696115295066,0.008207997128167633,0.008088102001229842,0.007971836540635269,0.007859037029702682,0.007749549452800771,0.007643228787326055,0.00753993835666365,0.007439549238315912,0.007341939721550569,0.007246994810260571,0.007154605765950822,0.0070646696879194905,0.0069770891265985725,0.006891771727267562,0.006808629901382836,0.0067275805229732545,0.006648544647997673,0.006571447254594702,0.006496217002459154,0.006422786009713656,0.006351089645811087,0.006281066339204317,0.0062126573983762225,0.006145806845433532,0.006080461261003763,0.006016569639709582,0.005954083255298987,0.00589295553473452,0.005833141940529323,0.005774599860719423,0.005717288505898096,0.005661168812779813,0.005606203353835421,0.005552356252535457,0.0054995931038119205,0.005447880899368651,0.005397187957489161,0.0053474838570442,0.005298739375389335,0.005250926429904291,0.005204018022922046,0.00515798818981691,0.7584516464893035,0.7586355372719856,0.7588191482755258,0.75900248013794,0.7591855334953063,0.7595508072295574,0.7597330288689713,0.7599149745284104,0.7600966448343696,0.7602780404114491,0.7604591618823616,0.7606400098679392,0.7608205849871409,0.7610008878570587,0.7611809190929254,0.7615401691141829,0.7617193891208057,0.7618983399358553,0.7620770221653721,0.7622554364135788,0.7624335832828872,0.7626114633739045,0.7627890772854407,0.7629664256145149,0.7631435089563621,0.7634968830504356,0.7636731749842711,0.7638492042941118,0.7640249715663715,0.7642004773857195,0.7643757223350872,0.764550706995674,0.7647254319469543,0.7648998977666835,0.7650741050309052,0.7654217461884734,0.7655951812254008,0.7657683599939948,0.7659412830618308,0.7661139509948095,0.7662863643571627,0.7664585237114596,0.7666304296186136,0.7668020826378872,0.766973483326899,0.767315529936426,0.7674861769640113,0.7676565738754868,0.7678267212203396,0.767996619546449,0.7681662694000913,0.7683356713259462,0.7685048258671028,0.7686737335650649,0.7688423949597571,0.7691789809911687,0.7693469066998929,0.7695145882493678,0.7696820261717078,0.769849220997482,0.7700161732557197,0.7701828834739167,0.77034935217804,0.7705155798925345,0.7706815671403268,0.7710128223199598,0.7711780912901172,0.7713431218702169,0.7715079145756809,0.7716724699204468,0.7718367884169725,0.7720008705762418,0.7721647169077697,0.7723283279196077,0.7724917041183488,0.7728177540956531,0.772980428880158,0.7731428708634601,0.7733050805449387,0.7734670584225463,0.7736288049928131,0.7737903207508522,0.7739516061903646,0.7741126618036444,0.7742734880815834,0.7745944545880277,0.7747545957913515,0.7749145096089823,0.7750741965248764,0.7752336570216176,0.7753928915804225
4.0,0.08917608726683174,0.07554911750207231,0.06555570586709121,0.05791342067235102,0.05187980145852604,0.04699522983871185,0.0429599546867871,0.039570145230688546,0.036682364996728625,0.03419274618763241,0.03202422559721953,0.030118422003262185,0.02843029845962879,0.02692455573464747,0.02557313546182695,0.024353454074743063,0.02324712959803727,0.022239047959726786,0.021316667694120866,0.020469494919021596,0.01968868184894287,0.018966716210696167,0.018297178424122942,0.01767454990018805,0.017094060330874048,0.016551565021185995,0.016043445584367575,0.015566528971947402,0.015118021005275166,0.014695451466933691,0.0142966284720132,0.013919600341207095,0.013562623572421629,0.013224135805581856,0.012902732892881335,0.01259714936615695,0.012306241729375094,0.012028974108076192,0.011764405879603812,0.011511680970390934,0.011270018565087452,0.011038705014118633,0.010817086763704598,0.010604564160235093,0.010400586006255865,0.010204644762311628,0.010016272308662453,0.009835036190847262,0.009660536286664474,0.009492401839567122,0.009330288813697398,0.009173877528619612,0.00902287054182154,0.008876990747971563,0.00873597966985616,0.008599595918922532,0.008467613805922964,0.008339822085040772,0.008216022816544448,0.008096030335348923,0.007979670314018646,0.007866778910312606,0.007757201990505922,0.00765079442074206,0.0075474194195825585,0.007446947965607345,0.007349258254767906,0.007254235202681932,0.00716176998744714,0.007071759629402699,0.006984106604178221,0.006898718486195403,0.006815507619673882,0.006734390814847644,0.006655289067050421,0.006578127296840422,0.006502834109129837,0.006429341569918479,0.006357584999024707,0.006287502777593981,0.006219036169053203,0.006152129152471875,0.006086728267456217,0.006022782469425844,0.005960242994683768,0.005899063234395754,0.005839198616834446,0.005780606497273061,0.005723246054945039,0.005667078196517524,0.005612065465677638,0.005558171958292716,0.0055053632428253875,0.005453606285577862,0.00540286938045106,0.00535312208289529,0.0053043351477677836,0.005256480470824213,0.0052095310336033795,0.005163460851478039,0.7602147487936299,0.7603977213562312,0.7605804148905666,0.7607628300344159,0.7609449674236165,0.7613084114717545,0.7614897193927217,0.7616707520831151,0.7618515101691707,0.7620319942752269,0.7622122050237303,0.7623921430352435,0.7625718089284526,0.7627512033201731,0.7629303268253584,0.7632877636266645,0.7634660781434406,0.7636441242150062,0.7638219024471052,0.7639994134436607,0.7641766578067811,0.7643536361367678,0.7645303490321209,0.764706797089547,0.7648829809039657,0.7652345581745612,0.7654099528117007,0.7655850855677709,0.7657599570288548,0.7659345677792875,0.7661089184016637,0.7662830094768429,0.7664568415839568,0.7666304153004154,0.7668037312019134,0.767149591854268,0.7673221377479945,0.767494428112513,0.7676664635150368,0.7678382445211014,0.7680097716945709,0.7681810455976446,0.7683520667908623,0.7685228358331114,0.7686933532816324,0.7690336356182531,0.7692034016126541,0.7693729182259408,0.7695421860072101,0.7697112055039479,0.7698799772620347,0.7700485018257528,0.7702167797377903,0.770384811539249,0.770552597769648,0.7708874356674728,0.7710544884060816,0.7712212977160086,0.7713878641289516,0.7715541881750608,0.7717202703829453,0.7718861112796775,0.7720517113908,0.7722170712403292,0.7723821913507636,0.7727117144367732,0.7728761184497964,0.7730402847986305,0.7732042139982583,0.7733679065621756,0.7735313630023967,0.7736945838294597,0.7738575695524326,0.7740203206789171,0.7741828377150552,0.7745071715335904,0.7746689893210172,0.7748305750281677,0.7749919291539609,0.7751530521958869,0.7753139446500121,0.7754746070109834,0.7756350397720344,0.7757952434249898,0.7759552184602707,0.7762744846325045,0.7764337767433258,0.7765928421842194,0.7767516814386622,0.7769102949887576,0.7770686833152393
