Geometric_AR,BOR_LF_0.05,BOR_LF_0.20,BOR_LF_0.35,BOR_LF_0.50,BOR_LF_0.65,BOR_LF_0.80,BOR_LF_0.95,Thermal_AR_LF_0.05,Thermal_AR_LF_0.20,Thermal_AR_LF_0.35,Thermal_AR_LF_0.50,Thermal_AR_LF_0.65,Thermal_AR_LF_0.80,Thermal_AR_LF_0.95
0.2,0.0605687019809561,0.015257722073617308,0.008784652770252088,0.006195294924081884,0.00480077907167531,0.003928770171159224,0.003331467649753006,0.42010905148399447,0.42411898782310953,0.42807384772764195,0.4319747581695157,0.4358228155822047,0.4396190868881776,0.44336461048513937
0.20180180180180182,0.0604337757126695,0.015224366377548426,0.00876580739038435,0.006182253755073641,0.004790862727178324,0.0039208047344434505,0.0033248328443570285,0.422295993831359,0.42631145857309716,0.43027148780717756,0.43417722163629646,0.4380297691124396,0.44183020928681743,0.44557959221748217
0.2036036036036036,0.06030150362051101,0.015191672163483716,0.008747338815618844,0.006169475515173328,0.004781147993453416,0.003913002593139314,0.0033183351223100566,0.4244665084142907,0.4284873039711602,0.4324523090791666,0.43636267691634406,0.44021952909690354,0.44402395674381645,0.44777702151795606
0.20540540540540542,0.060171819628993095,0.01515962294264872,0.008729237641123877,0.006156953633176254,0.004771629824990353,0.003905359655057894,0.003311971044167805,0.4266207796098513,0.430646712374057,0.4346165038498334,0.43853132023412794,0.4423922956461754,0.44620053322288755,0.4499571061696614
0.2072072072072072,0.06004465982909746,0.015128202767183074,0.008711494770755723,0.006144681753678105,0.004762303342068952,0.0038978719625463176,0.0033057372835233467,0.4287589890467127,0.43278986930440505,0.4367642615052319,0.44068334480768084,0.4445482657779367,0.448360139508231,0.45212005068945504
0.209009009009009,0.05991996238968966,0.015097396208016867,0.008694101404431165,0.006132653728240789,0.004753163823967177,0.0038905356869795016,0.0032996306224822858,0.4308813156561668,0.43491695750377607,0.4388957685664538,0.44281894090594726,0.4466876334764858,0.4505029732662382,0.45426605639186735
0.21081081081081082,0.059797667473267646,0.015067188333828918,0.008677049026115546,0.0061208636069940425,0.004744206702509746,0.0038833471235183437,0.003293647947250733,0.4329879357220031,0.4370281569846028,0.4410112087435893,0.4449382959048239,0.4488105897508822,0.4526292291057647,0.45639532145152517
0.21261261261261263,0.05967771715580383,0.01503756469102846,0.008660329392392585,0.006109305630647821,0.004735427555923488,0.0038763026861279304,0.003287786243854729,0.43507902292928535,0.4391236450809262,0.4431107629884725,0.44704159434192764,0.45091732269176044,0.4547390986370105,0.4585080409641203
0.21441441441441442,0.05956005535044462,0.015008511284698267,0.008643934521591956,0.006097974222878055,0.004726822102997019,0.0038693989028301123,0.003282042594343171,0.4371547484120523,0.441203596498016,0.44519460954624446,0.44912901797012383,0.45300801752684544,0.4568327705290452,0.4606044070059629
0.21621621621621623,0.05944462773485648,0.01498001456045328,0.008627856683428914,0.006086863983092772,0.004718386197511304,0.0038626324111894483,0.00327641417279001,0.43921528079997346,0.44326818336089213,0.44726292400576456,0.45120074580984904,0.4550828566752078,0.45891043056601366,0.462684608692159
0.218018018018018,0.0593313816820088,0.01495206138715166,0.008612088389136408,0.006075969679527726,0.004710115822940453,0.0038559999540069834,0.0032708982418298005,0.4412607862639838,0.4453175752617761,0.4493158793488986,0.453256954200258,0.45714201980028896,0.46097226170205946,0.4647488322334475
0.21981981981981985,0.05922026619421117,0.01492463904042396,0.008596622382066599,0.006065286242673773,0.004702007087395987,0.0038494983752190848,0.0032654921489920774,0.4432914285609258,0.4473519393064989,0.45135364599871497,0.45529781684922666,0.45918568386173025,0.46301844411499743,0.4667972609917341
0.22162162162162163,0.05911123184022493,0.014897735186965244,0.008581451628718928,0.0060548087590046595,0.004694056218814691,0.0038431246159897903,0.003260193323725291,0.44530736907722035,0.4493714401598918,0.45337639186661405,0.45732350488223933,0.46121402316603577,0.465049155258769,0.46883007553435496
0.22342342342342342,0.059004230695277826,0.014871337869559409,0.008566569310197503,0.0060445324650031385,0.004686259560358841,0.0038368757109791263,0.003254999274010517,0.44730876687159626,0.4513762400901883,0.4553842823984224,0.4593341868901929,0.46322720941610296,0.467064569914715,0.4708474536871064
0.22522522522522523,0.0588992162838371,0.014845435492782388,0.008551968814047517,0.006034452741451979,0.004678613566039824,0.0038307487847877297,0.0032499075834226954,0.44929577871689663,0.4533664990124592,0.4573774806194733,0.46133002897614056,0.4652254117596452,0.46906486024169275,0.4728495705860712
0.22702702702702704,0.058796143524974864,0.014820016809364622,0.0085376437264717,0.006024565107994984,0.004671114796525377,0.003824741048560565,0.0032449159083576262,0.4512685591409885,0.4553423745311073,0.4593561471787045,0.4633111948010064,0.46720879683654,0.47105019582507096,0.47483659872827316
0.22882882882882885,0.05869496868021251,0.014795070907162589,0.008523587824893042,0.0060148652179311535,0.004663759915154553,0.003818849796741741,0.003240021975240537,0.4532272604667977,0.45730402198144465,0.46132044039179293,0.4652778456282956,0.46917752882512725,0.47302074372463054,0.47680870802119274
0.23063063063063066,0.05859564930369221,0.014770587196716312,0.008509795070855808,0.006005348853255432,0.00465654568411622,0.0038130724039836528,0.0032352235778853045,0.45517203285148955,0.4592515944703755,0.4632705162833559,0.4672301403678266,0.4711317694874863,0.4749766685213992,0.4787660658311718
0.23243243243243242,0.05849814419456956,0.01474655539936276,0.008496259603236633,0.005996011919911726,0.004649468960804648,0.0038074063221819054,0.0032305185750696186,0.4571030243248172,0.4611852429162069,0.4652065286282383,0.4691682356185085,0.47307167821371743,0.4769181323634478,0.48070883703073564
0.23423423423423426,0.05840241335149954,0.014722965535869048,0.008482975731761044,0.005986850443255309,0.0046425266943345145,0.0038018490776499103,0.0032259048882147257,0.45902038082665964,0.4631051160876102,0.46712862899191127,0.47109228571019107,0.47499741206525337,0.4788452950106766,0.4826371840448642
0.23603603603603607,0.058308417929123,0.01469980791556691,0.00846993793079831,0.005977860563719961,0.004635715922209793,0.0037963982684148245,0.0032213804989121853,0.4609242462437647,0.465011360641751,0.46903696677000245,0.47300244274460573,0.4769091258172246,0.48075831387861345,0.4845512668962333
0.23783783783783785,0.05821612019643796,0.014677073125956563,0.008457140833428745,0.005969038532667725,0.0046290337671361925,0.0037910515616293994,0.0032169434469794256,0.4628147624457238,0.46690412116161406,0.47093168922698264,0.47489885663542697,0.47880697199990485,0.48265734408125477,0.48645124324946054
0.23963963963963966,0.05812548349696944,0.014654752022762785,0.008444579225770243,0.005960380708419422,0.004622477433970484,0.003785806691096849,0.0032125918281841193,0.46469206932018997,0.4687835401925359,0.4728129415340257,0.47678167514747,0.4806911009392569,0.4845425384729685,0.4883372684543736
0.24144144144144145,0.05803647221064134,0.014632835720412851,0.008432248041542079,0.005951883552458015,0.004616044206803727,0.0037806614549036333,0.0032083237923984376,0.46655630480736193,0.4706497582779705,0.4746808668060658,0.47865104393505004,0.48256166079660356,0.486414047689486,0.49020949558833105
0.24324324324324326,0.057949051717273714,0.014611315582922613,0.008420142356860838,0.005943543625788417,0.004609731446163279,0.0037756137131488288,0.0032041375416034246,0.46840760493375105,0.47250291399450295,0.4765356061380703,0.48050710657952295,0.4844187976074456,0.48827202018800436,0.492068075497618
0.24504504504504507,0.05786318836161308,0.01459018321516281,0.008408257385259521,0.005935357585454715,0.004603536586338164,0.0037706613857731996,0.003200031328080555,0.47024610384524745,0.4743431439861325,0.4783772986405464,0.482350004626027,0.48626265531944635,0.49011660228642306,0.49391315683794024
0.24684684684684685,0.057778849419835354,0.014569430454496657,0.008396588472914357,0.005927322181202399,0.004597457132815341,0.00376580245047764,0.0031960034527104275,0.4720719338395042,0.47617058299783954,0.48020608147430327,0.48417987761944703,0.4880933758296061,0.49194793820173527,0.4957448861140395
0.24864864864864866,0.05769600306743472,0.01454904936276169,0.008385131094066578,0.005919434252279143,0.004591490659819342,0.003761034940727437,0.003192052263202294,0.4738852253976532,0.47798536390845625,0.48202208988448514,0.4859968631396181,0.4899110990206439,0.4937661700875944,0.4975634077184524
0.25045045045045045,0.05761461834844239,0.014529032218583482,0.008373880846636372,0.00591169072436859,0.00458563480795815,0.003756356943842909,0.003188176152586597,0.475686107215372,0.47978761776285744,0.48382545723389414,0.48780109683578915,0.49171596279660923,0.4955714380710805,0.49936886396943503
0.2522522522522523,0.057534665145904884,0.014509371510003088,0.008362833448016582,0.005904088606648261,0.004579887281962347,0.003751766599160433,0.0031843735575881604,0.4774747062333141,0.4815774738034867,0.48561631503562047,0.48959271246036373,0.4935081031177392,0.49736388028868,0.5011613951480721
0.25405405405405407,0.05745611415356744,0.01449005992741026,0.008351984731037931,0.00589662498896848,0.0045742458485174,0.0037472620962797354,0.003180642957242963,0.47925114766691945,0.48335505950123453,0.48739479298499616,0.4913718419019354,0.4952876540345829,0.499143632921504,0.5029411395345936
0.25585585585585585,0.05737893684869688,0.014471090356753535,0.008341330640097233,0.005889297039145536,0.004568708334185989,0.0037428416733708003,0.00317698287129331,0.48101555503562,0.4851205005856848,0.48916101899088843,0.49313861521763613,0.497054747721409,0.5009108302297609,0.5047082334439176
0.2576576576576577,0.0573031054660017,0.014452455873031345,0.008330867227436145,0.005882102000364653,0.004563272623410497,0.003738503615556499,0.0031733918591292376,0.48276805019145347,0.4868739210747429,0.49091511920634956,0.49489316066481226,0.4988095145089146,0.5026656045865021,0.5064628112604362
0.2594594594594595,0.0572285929725862,0.014434149734037005,0.008320590649578907,0.0058750371886829855,0.004557936656593209,0.0037342462533572762,0.0031698685181178465,0.4845087533470994,0.4886154433036614,0.4926572180586373,0.4966356047320461,0.5005520829162522,0.5044080865106595,0.5082050054720679
0.26126126126126126,0.05715537304390095,0.014416165374355638,0.00831049716390253,0.0058680999906353115,0.004552698428261337,0.0037300679611962373,0.003166411482731668,0.48623778310335375,0.4903451879534774,0.4943874382786226,0.49836607216953827,0.5022825796823915,0.5061384046993914,0.5099349467035909
0.26306306306306304,0.05708342004063516,0.014398496399593896,0.008300583125344319,0.005861287860930875,0.004547555985296103,0.003725967155965071,0.0031630194229370634,0.48795525647604954,0.4920632740788747,0.49610590092959655,0.5000846860188657,0.504001129796833,0.5078566860597528,0.5116527637492743
0.2648648648648649,0.05701270898651789,0.014381136580835951,0.008290844983238399,0.005854598320243931,0.004542507425233211,0.00372194229564482,0.0031596910434109615,0.4896612889224429,0.49376981913548534,0.4978127254354939,0.5017915676421305,0.5057078565296856,0.5095630557397091,0.5133585836048288
0.26666666666666666,0.05694321554697179,0.014364079849316425,0.00828127927827571,0.005848028953088447,0.004537550894630371,0.003717991877982052,0.0031564250821704,0.49135599436707184,0.4954649390066427,0.49950802960854457,0.5034868367505144,0.5074028814611284,0.5112576371585051,0.5150525314986885
0.26846846846846845,0.05687491600859651,0.014347320291296817,0.008271882639579564,0.005841577405770959,0.004532684587499114,0.00371411443921299,0.0031532203096268363,0.4930394852271026,0.4971487480295992,0.5011919296763674,0.5051706114322526,0.5090863245102675,0.5129405520364092,0.5167347309226423
0.2702702702702703,0.0568077872594378,0.014330852143140116,0.008262651781895336,0.005835241384428813,0.004527906743790666,0.003710308552840047,0.0031500755274286307,0.4947118724371759,0.4988213590212224,0.5028645403085203,0.5068430081800414,0.5107583039634038,0.5146119204238448,0.5184053036618325
0.27207207207207207,0.05674180677000229,0.014314669786569256,0.008253583502886297,0.005829018653137119,0.004523215647948109,0.0037065728284515487,0.003146989567703762,0.4963732654737611,0.5004828833031784,0.5045259746425166,0.5085041419178904,0.5124189365017263,0.5162718607299241,0.5200643698241305
0.2738738738738739,0.05667695257499472,0.014298767744108876,0.008244674680528807,0.005822907032093316,0.004518609627507608,0.0037029059105894158,0.0031439612918418014,0.49802377237903395,0.5021334307266185,0.5061763443093238,0.5101541260274377,0.5140683372284421,0.5179204897503994,0.5217120478689115
0.2756756756756757,0.05661320325573915,0.014283140674698047,0.008235922270611096,0.005816904395861022,0.004514087051751603,0.0036993064776574824,0.0031409895897325235,0.4996634997842855,0.5037731096963768,0.5078157594583532,0.5117930723737333,0.5157066196953602,0.5195579226950445,0.5233484546352348
0.2774774774774775,0.056550537923255595,0.014267783369460219,0.008227323304321854,0.005811008671690154,0.004509646330417061,0.003695773240869449,0.0031380733788850534,0.501292552932875,0.5054020271946926,0.5094443287819553,0.5134210913305102,0.5173338959289377,0.5211842732144817,0.524973705369453
0.2792792792792793,0.056488936201964046,0.014252690747641461,0.008218874885926652,0.005805217837889898,0.004505285912447032,0.0036923049432405763,0.0031352116034707445,0.5029110357027357,0.5070202888044668,0.5110621595394301,0.5150382918049504,0.5189502764558047,0.5227996534264651,0.5265879137522541
0.2810810810810811,0.056428378213990715,0.014237857852687164,0.008210574190534059,0.005799529922270064,0.004501004284791388,0.0036889003586108027,0.0031324032336307317,0.5045190506284444,0.5086279987320648,0.5126693575805639,0.5166447812619592,0.5205558703277777,0.5244041739416337,0.5281911919251573
0.2828828828828829,0.056368844564047116,0.014223279848470605,0.008202418461940364,0.0057939430006318515,0.004496799971248855,0.003685558290706825,0.003129647264573321,0.5061166989228638,0.5102252598296728,0.514266027368704,0.5182406657479594,0.5221507851463733,0.5259979438887487,0.5297836505164712
0.28468468468468466,0.05631031632485972,0.014208952015652643,0.008194405010556127,0.005788455195318454,0.004492671531353465,0.0036822775722384904,0.003126942715901526,0.5077040804983696,0.511812173617223,0.5158522720033826,0.5198260499142157,0.5237351270868369,0.527581070939424,0.5313653986667303
0.2864864864864865,0.056252775023125645,0.014194869748177186,0.008186531211402892,0.005783064673815508,0.004488617559300079,0.003679057064027047,0.0031242886308765483,0.5092812939876665,0.513388840303891,0.5174281932424984,0.5214010370397008,0.5253090009216931,0.5291536613323634,0.5329365440536172
0.2882882882882883,0.056196202625973246,0.014181028549892893,0.008178794502186726,0.0057777696474066165,0.004484636682909993,0.003675895654164374,0.003121684075554132,0.5108484367642108,0.5149553588091808,0.518993891524066,0.522965729053513,0.5268725100438317,0.5307158198971167,0.534497192916389
0.2900900900900901,0.05614058152791057,0.014167424031289788,0.008171192381437153,0.005772568369868614,0.004480727562630071,0.0036727922572031835,0.0031191281384079783,0.5124056049622372,0.5165118267836024,0.520549465987545,0.5245202265568558,0.5284257564891406,0.532267650077363,0.5360474500798132
0.2918918918918919,0.05608589453822688,0.014154051906360987,0.008163722406713925,0.0057674591362220085,0.004476888890572073,0.0036697458133763128,0.00311661992938983,0.5139528934964099,0.5180583406289548,0.5220950144947563,0.5260646288445898,0.5299688409586918,0.5338092539537354,0.5375874189776289
0.2936936936936937,0.0560321248688509,0.014140907989565354,0.00815638219287751,0.005762440281517955,0.004473119389581948,0.003666755287842216,0.0031141585793874604,0.5154903960810974,0.5195949955182189,0.5236306336503944,0.5275990339263654,0.5315018628404968,0.5353407322661957,0.5391172016755411
0.29549549549549553,0.055979256122624665,0.014127988192904839,0.00814916941041921,0.00575751017967463,0.0044694178123466655,0.0036638196699578796,0.003111743239703757,0.5170182052492855,0.5211218854150733,0.5251564188221491,0.529123538547349,0.5330249202308366,0.5368621844359698,0.5406368988937633
0.2972972972972973,0.05592727228199268,0.014115288523098846,0.00814208178384801,0.005752667242348686,0.004465782940523244,0.0036609379725758284,0.0031093730812979947,0.5185364123711316,0.5226391030930388,0.5266724641604371,0.5306382382085449,0.5345381099551756,0.5383737085870537,0.5421466100291116
0.2990990990990991,0.055876157698079965,0.014102805078858083,0.008135117090138255,0.0057479099178489035,0.0044622135839098576,0.0036581092313701102,0.0031070472943734995,0.5200451076721722,0.52414674015426,0.5281788626177618,0.5321432271867328,0.5360415275886736,0.5398754015673004,0.543646433176669
0.30090090090090094,0.05582589708014751,0.014090534048252001,0.008128273157223864,0.005743236690086362,0.004458708579636372,0.0036553325041774887,0.003104765087770356,0.5215443802511883,0.5256448870479327,0.5296757059677017,0.5336385985540171,0.5375352674763003,0.5413673589690968,0.5451364651510234
0.3027027027027027,0.05577647548540676,0.014078471706167606,0.008121547862551814,0.005738646077559584,0.004455266791384971,0.003652606870368391,0.003102525688347346,0.523034318097738,0.527133633088384,0.5311630848235404,0.5351244441970062,0.5390194227525612,0.5428496751496387,0.5466168015070904
0.3045045045045045,0.0557278783091858,0.014066614411852751,0.008114939131678822,0.0057341366323800935,0.004451887108642083,0.0036499314302378405,0.003100328340627345,0.524515008109363,0.528613066472816,0.5326410886565441,0.5366008548356276,0.5404940853608496,0.5443224432508177,0.548087536560535
0.3063063063063063,0.055680091275420285,0.01405495860654482,0.008108444936917647,0.005729706939317181,0.0044485684459661945,0.0036473053044115966,0.0030981723062167843,0.525986536108474,0.5300832742987126,0.5341098058138946,0.5380679200415812,0.5419593460724228,0.5457857552187197,0.5495487634077915
0.3081081081081081,0.055633100427473936,0.01404350081117789,0.008102063296030249,0.005725355614893846,0.004445309742289405,0.0036447276332822742,0.0030960568632555363,0.5274489868589264,0.5315443425809268,0.5355693235362853,0.5395257282564493,0.543415294505022,0.5472397018227552,0.5510005739457022
0.30990990990990996,0.0555868921192586,0.014032237624164723,0.008095792270963353,0.005721081306494735,0.0044421099602399705,0.0036421975764540093,0.0030939813061084953,0.5289024440822883,0.5329963562684477,0.5370197279751878,0.54097436680946,0.5448620191411345,0.5486843726744179,0.5524430588907739
0.3117117117117117,0.05554145300665336,0.014021165719258821,0.008089629966624878,0.005716882691520375,0.00443896808548061,0.0036397143122121056,0.003091944944828451,0.53034699047381,0.5344393992608572,0.5384611042097969,0.5424139219349192,0.5462996073459125,0.5501198562456903,0.5538763077980666
0.31351351351351353,0.05549677003920728,0.014010281843480854,0.008083574529704762,0.005712758476552393,0.004435883126080342,0.0036372770370094454,0.0030899471047153293,0.5317827077181024,0.5358735544244846,0.5398935362636598,0.543844478789317,0.5477281453847532,0.5515462398870972,0.5553004090797209
0.3153153153153153,0.055452830452112356,0.01399958281511371,0.008077624147529328,0.005708707396563262,0.004432854111898865,0.003634884964966667,0.0030879871259069658,0.5332096765045257,0.5372989036082603,0.5413171071209955,0.5452661214681097,0.5491477184405461,0.5529636098454158,0.5567154500231288
0.31711711711711715,0.05540962175844444,0.013989065521768596,0.008071777046958384,0.0057047282141361455,0.0044298800939927,0.003632537327392993,0.003086064363019836,0.5346279765423004,0.5387155276592823,0.5427318987427155,0.5466789330221958,0.5505584106306,0.554372051281055,0.5581215168087645
0.31891891891891894,0.05536713174165109,0.01397872691850921,0.008066031493313974,0.005700819718724048,0.004426960144040537,0.0036302333723194913,0.0030841781847159577,0.5360376865753438,0.5401235064380947,0.5441379920821463,0.5480829954740798,0.5519603050232506,0.5557716482851033,0.5595186945276717
0.3207207207207207,0.05532534844828496,0.013968564026036967,0.00806038578934809,0.005696980725922618,0.004424093353790237,0.0036279723640477712,0.0030823279732614672,0.5374388843968354,0.5415229188336896,0.5455354671004637,0.5494783898337402,0.5533534836541596,0.5571624838960593,0.5609070671986228
0.3225225225225225,0.055284260180971434,0.013958573928935958,0.008054838274236586,0.005693210076771149,0.004421278834519482,0.003625753582715441,0.0030805131243450967,0.5388316468635227,0.5429138427782352,0.5469244027818453,0.5508651961142054,0.5547380275423122,0.5585446401162484,0.5622867177849561
0.32432432432432434,0.055243855491599825,0.013948753773974532,0.008049387322616175,0.005689506637076125,0.004418515716515525,0.0036235763238741114,0.003078733046560145,0.5402160499097669,0.5442963552615365,0.5483048771483446,0.5522434933468394,0.5561140167057151,0.5599181979279336,0.5636577282110942
0.3261261261261261,0.05520412317473222,0.013939100768460388,0.008044031343639735,0.00568586929675341,0.004415803148572706,0.0036214398980786155,0.0030769871610155652,0.5415921685613381,0.5456705323452351,0.5496769672744958,0.5536133595963502,0.5574815301768068,0.5612832373091249,0.5650201793787539
0.32792792792792796,0.055165052261221925,0.013929612178645301,0.008038768780072147,0.005682296969196643,0.004413140297503726,0.0036193436304939874,0.0030752749012681324,0.5429600769489624,0.5470364491767535,0.5510407493016516,0.5549748719755233,0.5588406460175842,0.5626398372490984,0.5663741511828556
0.3297297297297297,0.055126632012028054,0.013920285328184678,0.008033598107406337,0.005678788590656514,0.004410526347667698,0.003617286860510549,0.003073595712698607,0.5443198483216289,0.548394180002987,0.5523962984520634,0.5563281066596849,0.5601914413344501,0.5639880757636261,0.5677197225271335
0.33153153153153153,0.05508885191223123,0.01391111759664132,0.008028517833013948,0.005675343119652343,0.004407960500512287,0.0036152689413743166,0.003071949052379064,0.5456715550596594,0.5497437981837533,0.5537436890427065,0.5576731389009048,0.5615339922927906,0.565328029909927,0.5690569713394589
0.33333333333333337,0.05505170166522977,0.013902106418037796,0.008023526495316013,0.005671959536387106,0.004405441974130175,0.003613289239824513,0.0030703343887080736,0.5470152686875449,0.5510853762049978,0.5550829944988553,0.5590100430419389,0.5628683741312841,0.5666597758013419,0.5703859745868782
0.33513513513513515,0.05501517118711707,0.013893249279454345,0.008018622662986918,0.005668636842193986,0.004402970002831186,0.0036113471357490656,0.0030687512011482454,0.5483510598865575,0.5524189856917678,0.5564142873674175,0.5603388925299223,0.5641946611759533,0.5679833886217399,0.5717068082903755
0.33693693693693694,0.05497925060123432,0.013884543719668185,0.00801380493417403,0.005665374058991368,0.00440054383672317,0.0036094420218437673,0.003067198979895047,0.5496789985071384,0.553744697420953,0.557737639330027,0.5616597599298148,0.5655129268539592,0.5692989426396629,0.5730195475393616
0.3387387387387388,0.05494393023288757,0.013875987327833683,0.008009071935748402,0.005662170228757923,0.004398162741310663,0.0036075733032866486,0.003065677225653207,0.550999153581069,0.5550625813338032,0.5590531212159061,0.5629727169376045,0.5668232437071479,0.5706065112222114,0.5743242665059005
0.34054054054054056,0.054909200604228325,0.013867577742206927,0.008004422322574145,0.005659024413023128,0.004395825997103198,0.0036057403974193436,0.0030641854493558274,0.5523115933334282,0.5563727065482218,0.5603608030144964,0.5642778343932761,0.5681256834053514,0.5719061668486785,0.5756210384586732
0.34234234234234234,0.0548750524292867,0.013859312648907052,0.007999854776804538,0.005655935692373548,0.004393532899236607,0.0036039427334414453,0.0030627231718822756,0.5536163851943402,0.5576751413708462,0.5616607538878675,0.5655751822935458,0.569420316759451,0.5731979811239377,0.5769099357766888
0.3441441441441442,0.05484147660915606,0.013851189780709872,0.00799536800719336,0.005652903165974998,0.004391282757102988,0.0036021797521096355,0.003061289923823929,0.5549135958105197,0.5589699533089146,0.5629530421829064,0.5668648298043722,0.570707213734206,0.5744820247915897,0.5781910299627466
0.34594594594594597,0.05480846422732377,0.013843206915887696,0.007990960748429865,0.005649925951106138,0.004389074893996536,0.0036004509054502476,0.0030598852452430325,0.5562032910566138,0.5602572090819241,0.5642377354432898,0.5681468452732428,0.5719864434608516,0.5757583677468697,0.5794643916566533
0.34774774774774775,0.05477600654513848,0.01383536187707557,0.007986631760496965,0.005647003182706389,0.0043869086467670515,0.0035987556564780476,0.0030585086854427734,0.5574855360463495,0.5615369746330873,0.5655149004212493,0.5694212962412436,0.5732580742494755,0.5770270790493282,0.5807300906482038
0.34954954954954953,0.054744094997413395,0.01382765253017415,0.00798237982804273,0.0056441340129436135,0.004384783365481093,0.003597093478923674,0.003057159802713927,0.5587603951434874,0.5628093151405885,0.5667846030891281,0.5706882494549174,0.5745221736011716,0.5782882269352806,0.581988195889926
0.35135135135135137,0.05471272118816062,0.01382007678328534,0.00797820375977254,0.0056413176107840135,0.004382698413100572,0.00359546385696885,0.0030558381641367927,0.5600279319725879,0.5640742950286454,0.5680469086507369,0.571947770877911,0.5757788082199808,0.5795418788300377,0.583238775509599
0.35315315315315315,0.05468187688644943,0.01381263258567933,0.007974102387863446,0.005638553161584459,0.00438065316516234,0.0035938662849896996,0.0030545433453528226,0.5612882094295905,0.5653319779783775,0.5693018815525105,0.5731999257024201,0.5770280440246194,0.5807881013599169,0.584481896822546
0.354954954954955,0.05465155402238675,0.013805317926790628,0.007970074567384966,0.005635839866691694,0.004378647009476433,0.003592300267310944,0.0030532749303783246,0.5625412896922152,0.5665824269384908,0.5705495854944737,0.574444778360433,0.5782699461600022,0.5820269603640428,0.5857176263437097
0.3567567567567568,0.054621744683214235,0.013798130835244282,0.007966119175752184,0.005633176943051432,0.004376679345821866,0.003590765317958766,0.003052032511363323,0.5637872342301822,0.5678257041357734,0.571790083441013,0.5756823925347782,0.5795045790085613,0.5832585209059367,0.58694602979951
0.35855855855855856,0.05459244110951933,0.01379106937791208,0.007962235112179528,0.005630563622836204,0.00437474958566153,0.0035892609604308845,0.003050815688406816,0.565026103815261,0.5690618710854165,0.5730234376314663,0.5769128311699809,0.5807320062013703,0.5844828472849037,0.588167172139495
0.36036036036036034,0.0545636356915542,0.013784131658990173,0.0079584212971604,0.005627999153074992,0.004372857151860088,0.003587786727466402,0.0030496240693909105,0.5662579585311476,0.5702909886011555,0.574249709590528,0.5781361564829305,0.5819522906290705,0.58570000304722,0.589381117547784
0.3621621621621622,0.05453532096566105,0.013777315819110791,0.007954676671957484,0.00562548279529973,0.004371001478410186,0.0035863421608239854,0.0030484572697587753,0.5674828577831734,0.5715131168052391,0.5754689601384755,0.5793524299733632,0.58316549445261,0.5869100509971229,0.5905879294543088
0.36396396396396397,0.05450748961080121,0.013770620034475045,0.00795100019810846,0.005623013825201362,0.004369182010168449,0.0035849268110687005,0.0030473149124033982,0.5687008603078519,0.5727283151382289,0.5766812494012212,0.5805617124341652,0.5843716791137941,0.5881130532076095,0.5917876705458583
0.36576576576576575,0.054480134445180184,0.013764042516008712,0.007947390856945624,0.005620591532291441,0.004367398202597572,0.0035835402373616265,0.0030461966273488406,0.5699120241822642,0.573936642368633,0.577886636820193,0.5817640639614973,0.5855709053456553,0.5893090710310479,0.59298040277693
0.3675675675675676,0.0544532484229695,0.013757581508547445,0.007943847649130031,0.005618215219578504,0.004365649521514969,0.0035821820072569066,0.0030451020517240357,0.5711164068332859,0.5751381566023768,0.5790851811620467,0.5829595439647485,0.5867632331826429,0.5904981651096042,0.5941661873803896
0.36936936936936937,0.05442682463112036,0.01375123529003952,0.007940369594196528,0.005615884203249322,0.004363935442851963,0.0035808516965060155,0.003044030829546296,0.5723140650466602,0.5763329152921128,0.5802769405282111,0.5841482111763148,0.5879487219706374,0.5916803953854871,0.5953450848779477
0.3711711711711712,0.05440085628626867,0.01374500217077379,0.007936955730116324,0.005613597812363813,0.004362255452414532,0.0035795488888634708,0.003042982611541345,0.5735050549759204,0.5775209752463761,0.5814619723642764,0.5853301236612175,0.5891274303767947,0.5928558211110185,0.5965171550904531
0.37297297297297294,0.05437533673172257,0.013738880492628613,0.007933605112864561,0.005611355388551842,0.00436060904565605,0.0035782731759028685,0.0030419570550400676,0.5746894321511625,0.5787023926385853,0.5826403334692191,0.5865053388265533,0.5902994163992198,0.5940245008585296,0.5976824571480085
0.3747747747747748,0.05435025943453653,0.01373286862834211,0.007930316816005867,0.005609156285724781,0.004358995727453019,0.003577024156834252,0.0030409538237251565,0.5758672514876719,0.579877223015891,0.583812080004474,0.5876739134307855,0.5914647373764766,0.595186492530085,0.5988410494999096
0.3765765765765766,0.054325617982666,0.013726964980800505,0.00792708993029001,0.005606999869794405,0.00435741501188569,0.0035758014383292513,0.0030399725875810413,0.5770385672944098,0.5810455213078808,0.584977267502855,0.5888359035928794,0.5926234499969363,0.596341853367045,0.5999929899244166
0.3783783783783784,0.054301406082200354,0.013721167982349458,0.007923923563256996,0.005604885518392888,0.004355866422030119,0.003574604634348555,0.0030390130227165857,0.5782034332823554,0.5822073418351358,0.5861359508773234,0.5899913648012824,0.5937756103079661,0.5974906399594595,0.6011383355383547
0.3801801801801802,0.05427761755466831,0.013715476094120715,0.007920816838853706,0.005602812620609243,0.004354349489750886,0.0035734333659745987,0.0030380748112185385,0.5793619025727144,0.5833627383176476,0.5872881844296127,0.5911403519227542,0.5949212737249644,0.5986329082553069,0.6022771428065516
0.38198198198198197,0.05425424633442266,0.013709887805380294,0.007917768897061195,0.005600780576726083,0.004352863755502812,0.0035722872612529155,0.0030371576410421763,0.5805140277049908,0.5845117638830947,0.5884340218587083,0.5922829192110474,0.5960604950402405,0.5997687135695717,0.6034094675511137
0.3837837837837838,0.054231286466090545,0.013704401632891106,0.00791477889353509,0.0055987887979698225,0.004351408768133447,0.0035711659550300423,0.003036261205828006,0.5816598606449273,0.5856544710749831,0.5895735162691874,0.5934191203154459,0.5971933284317494,0.6008981105931732,0.604535364960545
0.3855855855855856,0.05420873210209565,0.013699016120296559,0.00791184599924799,0.005596836706260988,0.004349984084697334,0.003570069088803862,0.003035385204802399,0.5827994527923145,0.586790911860653,0.5907067201794197,0.5945490082891578,0.5983198274716757,0.6020211534017387,0.6056548895987098
0.3873873873873874,0.05418657750024625,0.013693729837516933,0.007908969400150956,0.005594923733975743,0.004348589270268821,0.00356899631057106,0.0030345293426610187,0.5839328549886762,0.5879211376391544,0.5918336855296337,0.5956726355975712,0.5994400451348768,0.6031378954642329,0.6067680954136453
0.3891891891891892,0.05416481702138687,0.013688541380164287,0.007906148296835891,0.005593049323713184,0.004347223897767427,0.0035679472746846796,0.003033693329440479,0.5850601175248249,0.5890451992489925,0.5929544636898494,0.596790054126372,0.6005540338071842,0.6042483896514409,0.6078750357462236
0.390990990990991,0.05414344512711455,0.013683449368972256,0.007903381904212248,0.005591212928067413,0.004345887547777649,0.0035669216417122396,0.003032876880406543,0.5861812901482999,0.5901631469757486,0.5940691054676813,0.5979013151895277,0.6016618452935668,0.605352688244309,0.6089757633386704
0.3927927927927928,0.054122456377552086,0.013678452449242373,0.007900669451190723,0.005589414009405713,0.004344579808384208,0.0035659190782956207,0.0030320797159024693,0.5872964220706819,0.5912750305595765,0.5951776611160139,0.5990064695371403,0.6027635308261595,0.6064508429421468,0.6100703303429379
0.3945945945945946,0.05410184542918495,0.01367354929030129,0.007898010180374393,0.005587652039656499,0.004343300275003514,0.003564939257020172,0.0030313015612872807,0.5884055619747914,0.5923808992025766,0.5962801803405511,0.6001055673631693,0.6038591410721581,0.6075429048706937,0.6111587883289399
0.3963963963963964,0.05408160703275078,0.013668738584976192,0.007895403347757624,0.005585926500094041,0.0043420485502251305,0.0035639818562828163,0.003030542146779447,0.58950875802177,0.5934808015760503,0.5973767123072418,0.6011986583130281,0.604948726141584,0.6086289245900488,0.6122411882926473
0.3981981981981982,0.05406173603118636,0.013664019049082543,0.007892848222437743,0.005584236881141624,0.004340824243653341,0.0035630465601648176,0.00302980120738483,0.5906060578580503,0.5945747858276402,0.5984673056495889,0.602285791491058,0.6060323355949226,0.6097089521024739,0.613317580664052
0.4,0.054042227357625316,0.013659389420923262,0.00789034408632494,0.005582582682165826,0.0043396269717547176,0.0035621330583087696,0.00302907848277556,0.5916975086222115,0.5956628995883513,0.5995520084758341,0.603367015467877,0.6071100184506348,0.6107830368600626,0.6143880153149944
0.4018018018018018,0.05402307603345413,0.01365484846080578,0.007887890233870154,0.005580963411286999,0.00433845635771235,0.0035612410457976917,0.0030283737171976632,0.5927831569517286,0.5967451899794625,0.6006308683760311,0.6044423782876119,0.6081818231925459,0.6118512277722877,0.6154525415668647
0.4036036036036036,0.05400427716641021,0.013650394950565636,0.007885485971791173,0.00557937858518931,0.004337312031274965,0.0035603702230370127,0.0030276866593595964,0.5938630489896125,0.5978217036193264,0.6017039324290031,0.6055119274750131,0.6092477977771145,0.6129135732134222,0.6165112081981757
0.40540540540540543,0.053985825948733246,0.01364602769310641,0.007883130618812295,0.005577827728938223,0.004336193628623586,0.0035595202956411054,0.00302701706236963,0.5949372303909455,0.5988924866300611,0.6027712472091891,0.6065757100424527,0.6103079896405837,0.6139701210298398,0.6175640634520112
0.4072072072072072,0.053967717655365455,0.013641745511949632,0.007880823505406975,0.005576310375799642,0.004335100792227653,0.003558690974322709,0.0030263646835761993,0.5960057463293125,0.599957584644134,0.603832858793379,0.6076337724968104,0.6113624457060144,0.6150209185471953,0.6186111550433517
0.409009009009009,0.05394994764219252,0.013637547250797577,0.007878563973547026,0.005574826067066385,0.0043340331707144575,0.003557881974781796,0.0030257292845409234,0.5970686415031327,0.6010170428108427,0.6048888127673435,0.6086861608462496,0.6124112123902061,0.6160660125774895,0.6196525301662813
0.41081081081081083,0.053932511344334855,0.013633431773106053,0.007876351376461366,0.005573374351887539,0.004332990418736804,0.0035570930176012094,0.0030251106309240328,0.598125960141889,0.6020709058026927,0.6059391542323563,0.6097329206068836,0.6134543356105068,0.6171054494260183,0.6206882355010748
0.4126126126126126,0.05391540427447794,0.013629397961667178,0.007874185078396767,0.005571954787104927,0.004331972196847889,0.0035563238281443033,0.003024508492399325,0.5991777460122621,0.6031192178216742,0.6069839278116134,0.6107740968093357,0.6144918607915102,0.6181392748982095,0.6217183172211714
0.41441441441441446,0.05389862202124518,0.013625444718203705,0.007872064454387928,0.005570566937087573,0.004330978171375732,0.0035555741364525772,0.003023922642568566,0.6002240424241672,0.6041620226054396,0.6080231776565505,0.611809734005195,0.6155238328716497,0.61916753430635,0.6227428210000354
0.41621621621621624,0.053882160247614386,0.013621570962976226,0.007869988890029322,0.005569210373578715,0.004330008014303388,0.0035548436771489778,0.003023352858885664,0.6012648922366965,0.605199363433385,0.6090569474530607,0.612839876273368,0.6165502963096833,0.6201902724762031,0.6237617920179026
0.418018018018018,0.05386601468937102,0.013617775634393925,0.007867957781259705,0.005567884675537038,0.004329061403147816,0.003554132189341752,0.003022798922564962,0.6023003378639703,0.6062312831326356,0.610085280427614,0.6138645672263321,0.6175712950910769,0.6212075337535212,0.6247752749684223
0.4198198198198198,0.05385018115360041,0.013614057688640768,0.007865970534143618,0.005566589428991353,0.004328138020850081,0.0035534394165327443,0.0030222606185066336,0.6033304212808955,0.6072578240839378,0.61110821935328,0.6148838500162864,0.6185868727342848,0.6222193620104535,0.6257833140651885
0.42162162162162165,0.05383465551721678,0.013610416099307798,0.007864026564664228,0.005565324226894264,0.004327237555659447,0.003552765106523026,0.0030217377352242947,0.6043551840288363,0.6082790282274587,0.612125806555657,0.6158977673412094,0.6195970722969311,0.6232258006518502,0.6267859530481676
0.42342342342342343,0.053819433725530996,0.013606849857035974,0.007862125298519596,0.005564088668976064,0.004326359701024796,0.003552109011326965,0.003021230064785607,0.6053746672211967,0.6092949370684971,0.6131380839187083,0.6169063614508177,0.6206019363818935,0.624226892621469,0.6277832351900243
0.42522522522522527,0.053804511790849996,0.013603357969165897,0.007860266170921393,0.005562882361608734,0.00432550415548949,0.0035514708870866274,0.003020737402696372,0.6063889115489169,0.6103055916831046,0.614145092890506,0.6179096741524346,0.6216015071432903,0.6252226804080798,0.6287752033023438
0.427027027027027,0.05378988579111277,0.013599939459399635,0.007858448626404835,0.005561704917670607,0.00432467062258457,0.00355085049398407,0.0030202595478734384,0.6073979572858855,0.6113110327236188,0.6151468744888868,0.6189077468167627,0.6225958262923726,0.6262132060514746,0.6297618997417571
0.42882882882882883,0.0537755518685592,0.01359659336746688,0.007856672118635055,0.005560555956412361,0.004323858810730052,0.0035502475961625146,0.003019796302555222,0.6084018442942689,0.6123113004241144,0.6161434693070205,0.619900620383571,0.6235849351033262,0.6271985111483827,0.6307433664159678
0.4306306306306307,0.0537615062284299,0.01359331874880021,0.00785493611022492,0.0055594351033292355,0.004323068433135013,0.003549661961642969,0.003019347472240752,0.6094006120297578,0.6133064346057668,0.6171349175188897,0.620888335367289,0.6245688744189795,0.6281786368582907,0.631719644789684
0.43243243243243246,0.05374774513769909,0.013590114674222109,0.007853240072555279,0.0055583419900344655,0.00432229920769911,0.0035490933622496224,0.0030189128656107345,0.610394299546736,0.6142964746821354,0.6181212588846875,0.6218709318625169,0.6255476846564241,0.629153623909173,0.6326907758904553
0.43423423423423424,0.05373426492383793,0.013586980229631895,0.007851583485594782,0.005557276254137045,0.004321550856921652,0.003548541573528907,0.003018492294479258,0.6113829455033686,0.6152814596643658,0.6191025327561309,0.6228484495494492,0.6265214058125474,0.6301235126031314,0.6336568003144194
0.436036036036036,0.05372106197360327,0.013583914515708062,0.007849965837734452,0.005556237539119935,0.0043208231078059045,0.0035480063746788915,0.0030180855737275136,0.6123665881666139,0.616261428166311,0.6200787780816925,0.623820927699214,0.6274900774694797,0.6310883428219467,0.6346177582319564
0.43783783783783786,0.05370813273186381,0.013580916647612518,0.007848386625614934,0.005555225494227045,0.004320115691772042,0.003547487548471895,0.003017692521233961,0.6133452654171587,0.6172364184095777,0.6210500334117519,0.6247884051791313,0.628453738799954,0.6320481540325436,0.6355736893932561
0.43963963963963965,0.053695473700444474,0.013577985754703703,0.007846845353963627,0.005554239774343439,0.00431942834456811,0.003546984881189541,0.0030173129578245916,0.6143190147542807,0.6182064682284922,0.6220163369036691,0.6257509204578887,0.6294124285725881,0.6330029852923708,0.6365246331337974
0.44144144144144143,0.053683081437006064,0.013575120980255595,0.0078453415354377,0.005553280039888531,0.0043187608061836524,0.0035464981625475955,0.003016946707207202,0.6152878733006348,0.6191716150749944,0.6229777263267796,0.6267085116106397,0.6303661851570792,0.633952875254697,0.637470628379742
0.44324324324324327,0.05367095255394505,0.013572321481186145,0.007843874690465769,0.005552345956704952,0.004318112820769215,0.003546027185632461,0.003016593595934536,0.616251877806971,0.6201318960234549,0.6239342390673138,0.6276612163240217,0.6313150465293234,0.6348978621738263,0.6384117136532443
0.44504504504504505,0.05365908371732442,0.013569586427787717,0.007842444347095245,0.005551437195950859,0.004317484136550864,0.003545571746829901,0.00301625345330625,0.6172110646567787,0.6210873477754216,0.6248859121332427,0.6286090719010998,0.6322590502764537,0.635837983910231,0.6393479270776796
0.44684684684684683,0.053647471645825506,0.013566915003467739,0.007841050040844122,0.005550553433998573,0.004316874505752355,0.0035451316457668636,0.003015926111352929,0.6181654698708625,0.622038006664294,0.6258327821590479,0.629552115266233,0.633198233601802,0.6367732779356075,0.6402793063827896
0.4486486486486487,0.05363611310972727,0.013564306404492132,0.007839691314556418,0.005549694352332102,0.004316283684516531,0.003544706685242649,0.0030156114047698024,0.6191151291118505,0.6229839086599266,0.6267748854104221,0.6304903829698678,0.6341326333297849,0.637703781337852,0.64120588890975
0.45045045045045046,0.05362500492990541,0.013561759839736953,0.00783836771825952,0.005548859637447445,0.004315711432831382,0.0035442966711716206,0.00301530917086823,0.6200600776886355,0.6239250893731662,0.6277122577888987,0.6314239111932605,0.635062285910716,0.6386295308259641,0.6421277116161607
0.4522522522522523,0.053614143976860706,0.01355927453044703,0.007837078809023956,0.005548048980757558,0.004315157514452217,0.003543901412519479,0.0030150192495081996,0.6210003505607478,0.624861584060317,0.6286449348364085,0.6323527357531239,0.6359872274255429,0.6395505627348695,0.6430448110809559
0.4540540540540541,0.05360352716976258,0.013556849709995045,0.00783582415083195,0.00554726207849332,0.004314621696831167,0.003543520721245308,0.003014741483091221,0.621935982342667,0.6257934276275435,0.6295729517397727,0.6332768921062092,0.6369074935905152,0.6404669130301756,0.6439572235092428
0.45585585585585586,0.05359315147551991,0.013554484623651053,0.007834603314440747,0.0055464986316180465,0.004314103751047682,0.0035431544122459524,0.00301447571646829,0.622867007308068,0.6267206546352053,0.6304963433351257,0.6341964153538149,0.6378231197617797,0.6413786173128492,0.6448649847370643
0.45765765765765765,0.05358301390787035,0.013552178528356107,0.0078334158772555,0.00554575834572979,0.004313603451735815,0.003542802303298398,0.003014221796902139,0.6237934593940039,0.6276432993021287,0.6314151441122728,0.6351113402462305,0.6387341409399073,0.6422857108238275,0.6457681302360893
0.4594594594594595,0.05357311152649136,0.013549930692498213,0.007832261423202258,0.005545040930980072,0.004313120577018381,0.0035424642150049257,0.0030139795740296016,0.6247153722050292,0.6285613955098148,0.6323293882189837,0.6360217011871121,0.639640591774351,0.6431882284485565,0.6466666951182316
0.46126126126126127,0.053563441436132564,0.013547740395698948,0.007831139542604837,0.005544346101979625,0.004312654908440461,0.003542139970737712,0.0030137488998160933,0.6256327790172612,0.629474976806586,0.6332391094652211,0.6369275322377945,0.6405425065678386,0.6440862047214624,0.6475607141401998
0.46306306306306305,0.053554000785763445,0.013545606928599296,0.007830049832063812,0.005543673577723007,0.004312206230906113,0.0035418293965913117,0.0030135296285134228,0.6265457127823837,0.6303840764116716,0.634144341327308,0.6378288671215375,0.6414399192806987,0.6449796738303556,0.6484502217079768
0.46486486486486484,0.05354478676774532,0.01354352959265237,0.007828991894338277,0.005543023081498566,0.004311774332612095,0.00354153232132548,0.003013321616615272,0.6274542061315884,0.6312887272192308,0.6350451169520319,0.6387257392277094,0.6423328635351198,0.6458686696207673,0.6493352518812321
0.4666666666666667,0.05353579661702024,0.01354150769992224,0.007827965338230713,0.0055423943408131615,0.00431135900498858,0.0035412485763200996,0.0030131247228003533,0.6283582913794646,0.6321889618023221,0.6359414691606904,0.6396181816159092,0.6432213726193508,0.6467532256002231,0.6502158383776686
0.4684684684684685,0.05352702761031469,0.013539540572885422,0.007826969778473969,0.005541787087309236,0.004310960042637757,0.003540977995521888,0.003012938807916088,0.629258000527828,0.6330848124168096,0.6368334304530759,0.6405062270200282,0.6441054794918353,0.6476333749424511,0.6510920145773031
0.4702702702702703,0.053518477065365944,0.013537627544237929,0.007826004835621125,0.005541201056692757,0.004310577243275104,0.0035407204153994343,0.0030127637349187664,0.630153365269495,0.6339763110052147,0.6377210330114028,0.6413899078522495,0.6449852167852854,0.6485091504915279,0.6519638135266829
0.4720720720720721,0.05351014234016305,0.013535767956704858,0.007825070135937917,0.005540635988650622,0.004310210407671988,0.0035404756748960153,0.0030125993688480124,0.6310444169920044,0.634863489200512,0.6386043087041766,0.6422692562069922,0.6458606168106963,0.6493805847659636,0.6528312679430391
0.4738738738738739,0.053502020832203234,0.013533961162856656,0.007824165311297038,0.005540091626786259,0.004309859339595934,0.0035402436153829653,0.0030124455767788216,0.6319311867812835,0.63574637832987,0.6394832890900074,0.6431443038647943,0.6467317115613008,0.650247709962725,0.6536944102183799
0.4756756756756757,0.0534941099777686,0.013532206524927037,0.007823289999074001,0.005539567718538918,0.004309523845761221,0.00354002408061449,0.0030123022277823708,0.6328137054252609,0.6366250094183358,0.6403580054213661,0.6440150822961405,0.647598532716465,0.6511105579611995,0.6545532724235188
0.4774774774774775,0.053486407251214785,0.013530503414636463,0.007822443842048776,0.005539064015118056,0.004309203735770484,0.0035398169166853677,0.0030121691928970407,0.6336920034174308,0.6374994131924705,0.6412284886482893,0.6448816226652349,0.648461111645529,0.6519691603271023,0.6554078863120484
0.47927927927927927,0.05347891016427697,0.013528851213020832,0.007821626488303979,0.005538580271434612,0.004308898822061091,0.0035396219719872057,0.0030120463450898916,0.6345661109603622,0.6383696200839278,0.6420947694220275,0.6457439558337168,0.6493194794115893,0.6528235483163232,0.6562582833242508
0.4810810810810811,0.05347161626539121,0.01352724931025806,0.00782083759113017,0.005538116246031399,0.004308608919858736,0.0035394390971662526,0.003011933559221136,0.6354360579691607,0.6392356602329851,0.6429568780986415,0.6466021123643242,0.6501736667752264,0.6536737528787188,0.6571044945909532
0.4828828828828829,0.05346452313902905,0.013525697105505552,0.00782007680893182,0.005537671701018154,0.0043083338471207044,0.0035392681450832075,0.003011830712008279,0.6363018740748805,0.6400975634920211,0.643814844742548,0.6474561225245024,0.6510237041981783,0.6545198046618491,0.6579465509373249
0.4846846846846847,0.05345762840504831,0.013524194006737766,0.00781934380513416,0.005537246402007812,0.0043080734244898,0.0035391089707722534,0.003011737681992588,0.6371635886278872,0.6409553594289458,0.6446686991300133,0.6483060162899631,0.6518696218469617,0.6553617340146589,0.6587844828866202
0.4864864864864865,0.05345092971805643,0.013522739430586128,0.007818638248091259,0.00553684011805089,0.004307827475245607,0.003538961431402199,0.0030116543495093406,0.6380212307011737,0.6418090773305803,0.6455184707525967,0.6491518233481894,0.6527114495964382,0.6561995709911057,0.6596183206638649
0.4882882882882883,0.05344442476678857,0.013521332802185593,0.007817959811001418,0.005536452621577981,0.004307595825256305,0.003538825386238842,0.0030115805966495213,0.638874829093628,0.6426587462059885,0.646364188820545,0.6499935731018921,0.6535492170333309,0.657033345353734,0.6604480941994894
0.4900900900900901,0.05343811127349729,0.013519973555021214,0.007817308171816806,0.005536083688334026,0.004307378302933373,0.003538700696606445,0.0030115163072349516,0.6397244123332576,0.6435043947897633,0.6472058822661391,0.6508312946724161,0.65438295345969,0.6578630865772008,0.6612738331329098
0.4918918918918919,0.053431986993357605,0.013518661130780707,0.007816683013160408,0.005535733097324247,0.004307174739184738,0.0035385872258498763,0.0030114613667859835,0.6405700086803647,0.6443460515452629,0.6480435797469917,0.6516650169030969,0.6552126878963078,0.6586888238517454,0.662095566816055
0.4936936936936937,0.05342604971388265,0.013517394979207564,0.007816084022242431,0.005535400630752085,0.004306984967370919,0.0035384848393018586,0.0030114156624819755,0.6414116461306806,0.6451837446678056,0.6488773096492996,0.6524947683625716,0.6560384490860853,0.6595105860866134,0.6629133243168448
0.4954954954954955,0.053420297254353155,0.01351617455796017,0.007815510890781474,0.005535086073966244,0.004306808823263508,0.0035383934042449994,0.0030113790831481912,0.6422493524184527,0.6460175020878157,0.6497071000910485,0.6533205773480396,0.6568602654973499,0.6603284019134285,0.6637271344226158
0.4972972972972973,0.053414727465255996,0.013514999332471578,0.007814963314921042,0.005534789215401403,0.004306646144998871,0.0035383127898767075,0.0030113515192098372,0.6430831550194919,0.6468473514739279,0.6505329789251735,0.6541424718884796,0.6576781653271266,0.661142299689518,0.6645370256434987
0.4990990990990991,0.05340933822774063,0.013513868775812732,0.007814440995155159,0.005534509846527258,0.004306496773038848,0.0035382428672789956,0.0030113328626797387,0.6439130811541738,0.6476733202360462,0.6513549737426744,0.6549604797478196,0.6584921765043616,0.6619523075011878,0.6653430262157468
0.5009009009009009,0.05340412745307932,0.013512782368558685,0.007813943636249765,0.00553424776179301,0.0043063605501314495,0.0035381835093821756,0.003011323007115041,0.644739157790402,0.6484954355283622,0.6521731118756879,0.6557746284280618,0.6593023266931008,0.6627584531669548,0.666145164105017
0.5027027027027027,0.05339909308214408,0.013511739598659145,0.007813470947170331,0.005534002758576739,0.004306237321266226,0.0035381345909332174,0.0030113218476053305,0.6455614116465266,0.6493137242523288,0.6529874204005159,0.6565849451723651,0.6601086432956227,0.6635607642407284,0.6669434670096029
0.5045045045045046,0.05339423308489322,0.013510739961308693,0.007813022641007583,0.005533774637133004,0.004306126933640075,0.0035380959884659946,0.0030113292807331105,0.646379869194225,0.6501282130595943,0.6537979261406117,0.6573914569680822,0.6609111534555268,0.6643592680149502,0.6677379623636225
0.5063063063063064,0.053389545459866294,0.013509782958822547,0.007812598434906337,0.005533563200545655,0.00430602923661616,0.00353806758026598,0.0030113452045569256,0.6471945566613411,0.6509389283548951,0.6546046556695241,0.6581941905497545,0.6617098840607797,0.6651539915236876,0.6685286773401595
0.5081081081081081,0.05338502823369262,0.013508868100511773,0.0078121980499946675,0.00553336825467432,0.004305944081686941,0.003538049246345376,0.0030113695185743916,0.6480055000346878,0.6517458962989081,0.6554076353138022,0.6589931724020667,0.6625048617467162,0.6659449615456847,0.6693156388543616
0.5099099099099099,0.05338067946060754,0.013507994902565268,0.007811821211315517,0.005533189608112665,0.004305871322438315,0.00353804086840781,0.0030114021237116484,0.648812725062807,0.6525491428110638,0.6562068911558562,0.6597884287627573,0.6632961128989997,0.6667322046073679,0.6700988735664923
0.5117117117117117,0.053376497221980346,0.013507162887930635,0.0078114676477618605,0.005533027072134655,0.004305810814512312,0.0035380423298240204,0.0030114429222932726,0.6496162572586959,0.6533486935723211,0.657002449036783,0.6605799856254911,0.6640836636565406,0.6675157469858117,0.6708784078849419
0.5135135135135135,0.0533724796258499,0.01350637158619905,0.007811137092007647,0.005532880460654921,0.004305762415572345,0.0035380535155997705,0.003011491818008194,0.6504161219024932,0.6541445740279027,0.6577943345591485,0.6613678687426899,0.6648675399143741,0.6682956147116611,0.6716542679691939
0.5153153153153153,0.05336862480647153,0.013505620533490692,0.007810829280444298,0.005532749590178243,0.0043057259852689045,0.0035380743123503144,0.00301154871590259,0.6512123440441302,0.6549368093899948,0.6585825730897351,0.6621521036283247,0.6656477673264971,0.6690718335720138,0.6724264797327512
0.5171171171171172,0.05336493092387384,0.013504909272346599,0.007810543953118199,0.005532634279760695,0.004305701385205918,0.0035381046082706424,0.003011613522347578,0.6520049485059445,0.655725424640407,0.6593671897622483,0.662932715560669,0.6664243713086669,0.6698444291132615,0.6731950688460202
0.518918918918919,0.053361396163419283,0.013504237351617432,0.007810280853669305,0.005532534350962348,0.004305688478908221,0.0035381442931115004,0.0030116861450165677,0.6527939598852587,0.6565104445331991,0.6601482094799876,0.6637097295850143,0.6671973770411594,0.6706134266438917,0.6739600607391542
0.5207207207207207,0.05335801873538071,0.013503604326358554,0.007810039729268747,0.005532449627806413,0.004305687131785141,0.003538193258150635,0.0030117664928647203,0.6535794025569254,0.6572918935972697,0.6609256569184812,0.6644831705163479,0.6679668094714907,0.6713788512372508,0.6747214806048579
0.5225225225225225,0.05335479687452149,0.013503009757725004,0.007809820330559991,0.005532379936738385,0.004305697211105186,0.003538251396167258,0.0030118544761106314,0.6543613006758348,0.6580697961389104,0.6616995565280832,0.6652530629419936,0.6687326933170991,0.6721407277342688,0.6754793534011525
0.5243243243243243,0.053351728839685975,0.013502453212870025,0.007809622411602546,0.005532325106584968,0.004305718585959961,0.0035383186014174006,0.0030119500062086857,0.6551396781793919,0.6588441762443252,0.6624699325365371,0.6660194312242174,0.6694950530679928,0.6728990807461449,0.6762337038541014
0.5261261261261262,0.05334881291339855,0.013501934264844473,0.007809445729811237,0.005532284968512324,0.00430575112723508,0.0035383947696108198,0.0030120529958412856,0.6559145587899571,0.659615057782116,0.663236808951502,0.6667822995027949,0.6702539129893581,0.673653934656998,0.6769845564604984
0.527927927927928,0.05334604740146698,0.013501452492498234,0.007809290045903694,0.005532259355990887,0.004305794707579302,0.003538479797883687,0.0030121633588645613,0.6566859660172568,0.660382464405734,0.6640002095630476,0.6675416916975471,0.6710092971241343,0.6744053136264792,0.6777319354905196
0.5297297297297298,0.053343430632600275,0.013501007480384741,0.007809155123844058,0.005532248104753723,0.004305849201377776,0.003538573584775939,0.0030122810103376807,0.6574539231607593,0.6611464195558984,0.6647601579461115,0.6682976315108382,0.6717612292955509,0.6751532415923478,0.6784758649903369
0.5315315315315315,0.05334096095802732,0.013500598818666498,0.007809040730788808,0.005532251052761006,0.004305914484720175,0.003538676030209631,0.0030124058664686704,0.6582184533120212,0.6619069464629828,0.665516677462928,0.6690501424300422,0.6725097331096336,0.675897742273015,0.679216368784697
0.5333333333333333,0.0533386367511276,0.013500226103022372,0.007808946637034797,0.00553226804016127,0.004305990435375162,0.0035387870354632867,0.00301253784460076,0.6589795793569998,0.6626640681493688,0.6662697912654187,0.6697992477299743,0.6732548319576716,0.6766388391700479,0.6799534704794638
0.5351351351351351,0.053336456407066524,0.013499888934556892,0.007808872615966966,0.005532298909258437,0.004306076932760194,0.003538906503150585,0.0030126768632029455,0.6597373239783368,0.6634178074317688,0.6670195222975559,0.67054497047529,0.6739965490186552,0.6773765555706432,0.680687193464126
0.5369369369369369,0.05333441834244024,0.01349958691971076,0.007808818444008714,0.0055323435044729585,0.004306173857916762,0.003539034337200375,0.0030128228418477843,0.6604917096576116,0.6641681869235171,0.6677658932976904,0.6712873335228515,0.6747349072616785,0.6781109145500662,0.6814175609142704
0.5387387387387388,0.05333252099492325,0.013499319670176035,0.007808783900571936,0.005532401672309506,0.004306281093482189,0.0035391704428328064,0.003012975701184528,0.6612427586775631,0.6649152290368314,0.6685089268008512,0.672026359524063,0.6754699294483094,0.6788419389740548,0.6821445957940226
0.5405405405405406,0.05333076282293048,0.013499086802807425,0.007808768768007179,0.005532473261323334,0.004306398523663657,0.003539314726537457,0.00301313536293335,0.6619904931242833,0.6656589559850427,0.6692486451410112,0.6727620709271728,0.6762016381349283,0.679569651501193,0.6828683208584514
0.5423423423423424,0.05332914230527508,0.013498887939541904,0.007808772831556787,0.0055325581220827535,0.004306526034213554,0.0035394670960556818,0.003013301749863251,0.6627349348893822,0.666399389784797,0.669985070453326,0.6734944899795471,0.6769300556750345,0.6802940745852517,0.6835887586559435
0.5441441441441441,0.05332765794084393,0.013498722707313004,0.0078087958793091605,0.005532656107143374,0.004306663512404163,0.0035396274603579636,0.0030134747857725186,0.663476105672123,0.6671365522582275,0.6707182246763399,0.674223638729911,0.6776552042215228,0.6810152304774967,0.6843059315305443
0.5459459459459459,0.05332630824827178,0.013498590737972882,0.007808837702150795,0.00553276707101058,0.0043068108470026845,0.0035397957296253724,0.0030136543954782935,0.6642140269815303,0.6678704650350973,0.6714481295541649,0.6749495390305602,0.6783771057289277,0.6817331412289671,0.6850198616242674
0.5477477477477477,0.053325091765622945,0.013498491668212709,0.00780889809372165,0.0055328908701094415,0.004306967928247474,0.003539971815228027,0.003013840504790477,0.6649487201384701,0.6686011495549146,0.6721748066386288,0.6756722125395448,0.6790957819556391,0.6824478286927215,0.6857305708793725
0.5495495495495496,0.05332400705008411,0.013498425139484072,0.007808976850373073,0.005533027362754628,0.0043071346478245065,0.0035401556297093295,0.003014033040505848,0.6656802062777026,0.6693286270690203,0.6728982772913973,0.6763916807228215,0.679811254466088,0.683159314526056,0.6864380810406137
0.5513513513513514,0.05332305267765536,0.013498390797923587,0.007809073771121944,0.005533176409119989,0.004307310898842509,0.0035403470867619857,0.003014231930386635,0.6664085063499089,0.670052918642647,0.6736185626860652,0.677107964856379,0.6805235446329023,0.6838676201926905,0.6871424136574554
0.5531531531531532,0.053322227242852516,0.013498388294278962,0.007809188657608823,0.00553333787120891,0.004307496575813197,0.0035405461012161243,0.003014437103147971,0.6671336411236893,0.6707740451569524,0.6743356838102224,0.6778210860283344,0.6812326736390344,0.6845727669649263,0.6878435900862603
0.554954954954955,0.05332152935841361,0.013498417283834496,0.007809321314057094,0.005533511612824671,0.0043076915746270705,0.003540752589016094,0.0030146484884365776,0.6678556311875384,0.6714920273110248,0.675049661467491,0.6785310651410025,0.6819386624798611,0.6852747759257759,0.6885416314924476
0.5567567567567567,0.053320957655010104,0.013498477426341138,0.007809471547231106,0.005533697499543244,0.004307895792530658,0.003540966467204587,0.0030148660168246577,0.6685744969517928,0.6722068856238639,0.675760516279538,0.6792379229129378,0.682641531965255,0.6859736679710632,0.689236558852622
0.5585585585585586,0.053320510780964114,0.0134985683859431,0.0078096391663966536,0.005533895398680988,0.004308109128108528,0.0035411876539043208,0.003015089619786915,0.6692902586505527,0.672918640436334,0.6764682686880585,0.6799416798809487,0.6833413027216282,0.6866694638114963,0.6899283929566741
0.5603603603603604,0.05332018740197275,0.013498689831111355,0.007809823983282338,0.005534105179274218,0.004308331481257199,0.0035414160683038265,0.0030153192296956677,0.6700029363435815,0.673627311913094,0.6771729389567359,0.6806423564020861,0.6840379951939501,0.687362183974713,0.6906171544098533
0.5621621621621622,0.053319986200832226,0.013498841434575137,0.007810025812037824,0.005534326712046345,0.004308562753169043,0.0035416516306363555,0.0030155547797955373,0.6707125499181791,0.6743329200445,0.6778745471731744,0.6813399726556066,0.684731629647738,0.6880518488072993,0.6913028636348133
0.563963963963964,0.05331990587717439,0.013499022873253774,0.007810244469199312,0.005534559869385669,0.004308802846310189,0.003541894262167,0.0030157962041973407,0.6714191190910297,0.6750354846484854,0.6785731132508082,0.682034548644908,0.6854222261710211,0.68873847847678,0.6919855408736302
0.5657657657657658,0.05331994514720306,0.01349923382819418,0.00781047977365068,0.005534804525313963,0.004309051664397434,0.00354214388517482,0.003016043437867433,0.6721226634100294,0.6757350253724153,0.6792686569307838,0.6827261041994412,0.6861098046762796,0.6894220929735851,0.6926652061897929
0.5675675675675675,0.05332010274343657,0.013499473984504018,0.00781073154658718,0.005535060555466265,0.0043093091123868055,0.0035424004229377415,0.003016296416602282,0.6728232022560872,0.6764315616949175,0.6799611977838206,0.6834146589765971,0.6867943849023579,0.690102712112989,0.6933418794701692
0.5693693693693693,0.05332037741445439,0.013499743031290756,0.007810999611480796,0.005535327837064008,0.0043095750964448065,0.003542663799716128,0.003016555077027694,0.6735207548449048,0.6771251129276906,0.6806507552120452,0.6841002324635689,0.6874759864163535,0.6907803555370244,0.6940155804269448
0.5711711711711712,0.053320767924651014,0.0135000406615986,0.0078112837940419455,0.005535606248889269,0.004309849523937093,0.0035429339407384575,0.00301681935657927,0.6742153402287332,0.6778156982172876,0.6813373484508026,0.6847828439791891,0.6881546286154802,0.6914550427163719,0.6946863285995367
0.572972972972973,0.05332127305399181,0.013500366572347544,0.00781158392218817,0.0055358956712628915,0.004310132303404601,0.0035432107721856676,0.003017089193491085,0.6749069772981056,0.6785033365468776,0.682020996570445,0.6854625126757442,0.6888303307289081,0.6921267929522235,0.6953541433564815
0.5747747747747748,0.05332189159777312,0.013500720464276084,0.00781189982600905,0.0055361959860184,0.004310423344549674,0.003543494221177501,0.0030173645267818072,0.6755956847835515,0.6791880467379846,0.6827017184780962,0.6861392575407658,0.6895031118195789,0.6927956253781236,0.6960190438973002
0.5765765765765766,0.05332262236638974,0.013501102041880042,0.007812231337732012,0.005536507076480901,0.004310722558215407,0.003543784215757184,0.0030176452962549227,0.6762814812572856,0.6798698474522051,0.6833795329193953,0.6868130973987978,0.6901729907859989,0.6934615589617849,0.6966810492543369
0.5783783783783784,0.053323464185102254,0.013501511013356282,0.007812578291690686,0.0055368288274419974,0.004311029856369886,0.0035440806848762163,0.0030179314424633175,0.6769643851348776,0.6805487571929021,0.6840544584802162,0.6874840509131419,0.6908399863640077,0.6941246125068807,0.6973401782945748
0.5801801801801801,0.053324415893812205,0.013501947090546862,0.007812940524293155,0.005537161125140355,0.004311345152087753,0.0035443835583827132,0.0030182229067176047,0.6776444146768993,0.6812247943068788,0.6847265135883652,0.6881521365875798,0.6915041171285242,0.6947848046548151,0.6979964497214277
0.581981981981982,0.05332547634684082,0.013502409988883524,0.0078133178739892,0.0055375038572378354,0.004311668359532561,0.003544692767006974,0.0030185196310686946,0.678321587990553,0.681897976986031,0.6853957165152602,0.688817372768074,0.692165401495271,0.6954421538864685,0.6986498820765091
0.5837837837837838,0.05332664441270929,0.01350289942733185,0.007813710181239997,0.005537856912797179,0.004311999393944332,0.0035450082423474916,0.0030188215582921396,0.6789959230312773,0.6825683232689792,0.6860620853775833,0.6894797776444469,0.6928238577224761,0.6960966785239228,0.6993004937413779
0.5855855855855856,0.053327918973925414,0.013503415128341079,0.00781411728848802,0.005538220182261799,0.004312338171617802,0.0035453299168577423,0.003019128631883583,0.679667437604334,0.6832358510426778,0.6867256381389171,0.6901393692520378,0.6934795039125528,0.696748396732162,0.6999483029392616
0.5873873873873874,0.05332929892677396,0.013503956817787932,0.00781453904012619,0.005538593557436022,0.004312684609890316,0.0035456577238335285,0.003019440796043882,0.6803361493663751,0.6839005780440073,0.687386392611358,0.69079616547334,0.6941323580137579,0.697397326520754,0.7005933277367571
0.5891891891891892,0.05333078318110862,0.013504524224927539,0.007814975282469772,0.00553897693146288,0.004313038627124732,0.00354599159740121,0.00301975799567078,0.681002075826989,0.6845625218613436,0.6880443664571094,0.6914501840396162,0.6947824378218301,0.6980434857455076,0.7012355860455102
0.590990990990991,0.053332370660151285,0.013505117082342921,0.007815425863728187,0.005539370198805238,0.004313400142694546,0.0035463314725040496,0.003020080176344697,0.6816652343502295,0.6852216999361095,0.6886995771900549,0.692101442532493,0.695429760981605,0.69868689211011,0.7018750956238731
0.5927927927927928,0.053334060300290975,0.013505735125894258,0.007815890633972922,0.005539773255224145,0.004313769076967566,0.0035466772848889994,0.003020407284323623,0.6823256421561246,0.6858781295643066,0.689352042177313,0.6927499583855375,0.6960743449886129,0.6993275631677446,0.7025118740785404
0.5945945945945946,0.05333585105088834,0.013506378094670701,0.007816369445114435,0.005540185997761737,0.004314145351293708,0.003547028971098376,0.0030207392665294597,0.6829833163221654,0.6865318278980269,0.6900017786407697,0.6933957488858116,0.6967162071906532,0.6999655163226853,0.7031459388661654
0.5963963963963964,0.05333774187408469,0.013507045730941969,0.007816862150873183,0.005540608324721696,0.004314528887986113,0.0035473864684533174,0.0030210760705439155,0.6836382737847788,0.6871828119469469,0.6906488036585942,0.6940388311754074,0.6973553647893511,0.7006007688318729,0.7037773072949536
0.5981981981981982,0.05333973174461171,0.013507737780112827,0.007817368606750197,0.005541040135649489,0.004314919610311385,0.0035477497150462334,0.003021417644579527,0.6842905313407812,0.6878310985798015,0.6912931341667344,0.6946792222529641,0.6979918348416937,0.7012333378064708,0.7044059965262384
0.6,0.05334181964960716,0.013508453990674352,0.007817888670005546,0.0055414813313142686,0.004315317442471822,0.003548118649726262,0.003021763937498978,0.6849401056488129,0.6884767045258428,0.6919347869603955,0.6953169389751653,0.698625634261547,0.7018632402134009,0.7050320235760352
0.6018018018018019,0.053344004588430805,0.013509194114160294,0.007818422199628805,0.005541931813693557,0.004315722309595094,0.0035484932120904977,0.0030221148987865654,0.6855870132307571,0.6891196463762768,0.6925737786954966,0.6959519980582181,0.6992567798211538,0.70249049287686,0.7056554053165764
0.6036036036036037,0.053346285572488106,0.01350995790510301,0.007818969056314962,0.005542391485949261,0.0043161341377172535,0.003548873342471559,0.003022470478541206,0.6862312704731399,0.6897599405856849,0.6932101258901141,0.6965844160793123,0.6998852881526126,0.7031151124798181,0.7062761584778262
0.6054054054054054,0.05334866162505081,0.01351074512098771,0.007819529102439216,0.005542860252417459,0.004316552853770528,0.0035492589819270393,0.0030228306274729944,0.6868728936285132,0.6903976034734279,0.693843844925903,0.6972142094780635,0.7005111757493387,0.7037371155654958,0.706894299648978
0.6072072072072072,0.053351131781086636,0.013511555522210172,0.007820102202032664,0.005543338018586197,0.004316978385572989,0.0035496500722288493,0.003023195296888992,0.6875118988168214,0.6910326512250315,0.6944749520495025,0.6978413945579366,0.7011344589675065,0.704356518538826,0.7075098452799307
0.609009009009009,0.053353695087088426,0.013512388872034875,0.00782068822075821,0.005543824691080945,0.004317410661810461,0.0035500465558534477,0.0030235644386865657,0.6881483020267511,0.6916650998935552,0.6951034633739248,0.6984659874876527,0.7017551540274732,0.7049733376678942,0.7081228116827483
0.6108108108108108,0.0533563506009066,0.013513244936552371,0.007821287025886248,0.005544320177649054,0.004317849612028413,0.0035504483759707384,0.0030239380053459497,0.6887821191170647,0.6922949654009453,0.6957293948799255,0.6990880043025781,0.7023732770151871,0.7055875890853641,0.7087332150331005
0.6126126126126126,0.053359097391586396,0.013514123484640761,0.007821898486272127,0.005544824387138436,0.004318295166615194,0.0035508554764344114,0.00302431594991881,0.6894133658179157,0.69292226353937,0.6963527624173577,0.699707460906096,0.7029888438835751,0.7061992887898825,0.7093410713716847
0.6144144144144144,0.05336193453920468,0.01351502428792195,0.00782252247233206,0.005545337229488689,0.004318747256796374,0.003551267801770508,0.003024698226022915,0.6900420577321523,0.6935470099725398,0.6969735817065096,0.7003243730709621,0.7036018704539163,0.7068084526474684,0.7099463966056316
0.6162162162162163,0.05336486113471295,0.01351594712072468,0.007823158856023471,0.005545858615708998,0.004319205814615645,0.0035516852971719803,0.0030250847878305898,0.6906682103365999,0.69416922023701,0.6975918683394257,0.7009387564406419,0.7042123724171959,0.7074150963928844,0.7105492065098915
0.618018018018018,0.053367876279781234,0.013516891760044225,0.007823807510819014,0.005546388457868812,0.00431967077292561,0.0035521079084837037,0.003025475590069382,0.691291838983333,0.6947889097434692,0.6982076377812121,0.7015506265306345,0.704820365335445,0.7080192356309915,0.7111495167286056
0.6198198198198198,0.0533709790866439,0.013517857985507087,0.007824468311687816,0.005546926669076857,0.004320142065378896,0.0035525355821974802,0.003025870587994972,0.6919129589009285,0.6954060937780101,0.6988209053713251,0.7021599987297762,0.7054258646430612,0.7086208858380861,0.7117473427764575
0.6216216216216216,0.05337416867794942,0.013518845579328365,0.00782514113507149,0.005547473163469929,0.00432061962641217,0.0035529682654388273,0.0030262697374142666,0.6925315851957051,0.6960207875033873,0.699431686324845,0.7027668883015323,0.7060288856481156,0.7092200623632222,0.7123427000400108
0.6234234234234234,0.0533774441866145,0.013519854326281,0.007825825858867819,0.005548027856195792,0.004321103391237924,0.0035534059059613154,0.0030266729946388793,0.6931477328529475,0.6966330059602579,0.700039995733734,0.7033713103852697,0.7066294435336412,0.7098167804295152,0.7129356037790282
0.6252252252252253,0.053380804755674194,0.013520884013653811,0.007826522362403443,0.0055485906634027415,0.004321593295833148,0.0035538484521359104,0.0030270803165114435,0.6937614167381169,0.6972427640684089,0.7006458485680787,0.7039732799975166,0.7072275533589086,0.7104110551354321,0.713526069127775
0.6270270270270271,0.0533842495381428,0.013521934431219629,0.00782723052641865,0.005549161502220845,0.004322089276927343,0.003554295852942757,0.0030274916603816315,0.6943726515980448,0.6978500766279673,0.7012492596773181,0.7045728120332048,0.7078232300606824,0.7110029014560638,0.7141141110963067
0.6288288288288288,0.053387777696870864,0.01352300537119877,0.00782795023304661,0.00554974029075006,0.004322591271991638,0.003554748057961743,0.003027906984102935,0.694981452062116,0.6984549583205991,0.7018502437914567,0.7051699212668987,0.7084164884544665,0.7115923342443827,0.7146997445717406
0.6306306306306306,0.05339138840440816,0.013524096628224958,0.007828681365791512,0.005550326948047024,0.004323099219231463,0.0035552050173652816,0.0030283262460237825,0.6955878326434329,0.6990574237106906,0.7024488155222625,0.7057646223540085,0.7090073432357299,0.7121793682324851,0.7152829843195111
0.6324324324324324,0.05339508084286626,0.01352520799931134,0.007829423809511571,0.005550921394111286,0.00432361305757023,0.0035556666819087646,0.0030287494049813235,0.696191807739971,0.6996574872465182,0.7030449893644508,0.7063569298319889,0.7095958089811223,0.712764018032819,0.7158638449846122
0.6342342342342342,0.05339885420378676,0.013526339283816191,0.007830177450398823,0.0055515235498697635,0.004324132726647223,0.003556133002923012,0.003029176420296764,0.6967933916357165,0.7002551632614024,0.7036387796968545,0.7069468581215235,0.71018190014967,0.7133462981393948,0.7164423410928209
0.6360360360360361,0.05340270768800637,0.013527490283412824,0.007830942175961142,0.005552133337170306,0.004324658166799722,0.003556603932305946,0.0030296072517638217,0.6973925985017924,0.7008504659748487,0.7042302007835789,0.7075344215276939,0.7107656310839614,0.7139262229289839,0.7170184870519088
0.6378378378378379,0.05340664050553223,0.013528660802053838,0.007831717875003474,0.005552750678759377,0.004325189319057898,0.0035570794225144864,0.003030041859647503,0.6979894423975714,0.7014434094936758,0.7048192667751445,0.7081196342411373,0.7113470160113166,0.7145038066623014,0.717592297152838
0.6396396396396397,0.053410651875410387,0.013529850645942365,0.007832504437609522,0.005553375498277835,0.004325726125133711,0.003557559426557999,0.00303048020467378,0.6985839372717751,0.7020340078131287,0.7054059917096152,0.708702510339188,0.7119260690449426,0.7150790634851747,0.7181637855709422
0.6414414414414414,0.05341474102560273,0.013531059623498876,0.007833301755125865,0.005554007720243281,0.00432626852741258,0.0035580438979878615,0.0030309222480255915,0.6991760969635605,0.7026222748179805,0.7059903895137123,0.709283063787005,0.7125028041850753,0.7156520074296981,0.7187329663670938
0.6432432432432432,0.053418907192863685,0.013532287545332089,0.007834109720140536,0.005554647270040958,0.004326816468942063,0.003558532790893354,0.003031367951332964,0.6997659352035926,0.7032082242836187,0.7065724740039173,0.7098613084386884,0.713077235320107,0.7162226524153732,0.7192998534888568
0.645045045045045,0.05342314962261829,0.013533534224207444,0.00783492822647014,0.0055552940739094225,0.004327369893424526,0.0035590260598912238,0.003031817276672566,0.7003534656151071,0.7037918698771226,0.7071522588875598,0.7104372580383806,0.7136493762277023,0.7167910122502364,0.7198644607716258
0.6468468468468469,0.05342746756884531,0.013534799475018344,0.007835757169140756,0.005555948058931448,0.0043279287452065995,0.003559523660120578,0.0030322701865528323,0.7009387017149578,0.7043732251583231,0.7077297577638935,0.7110109262213551,0.7142192405758978,0.7173571006319724,0.7204268019397517
0.6486486486486487,0.05343186029395741,0.013536083114756625,0.007836596444371291,0.005556609153020142,0.004328492969270625,0.0035600255472338915,0.003032726643916628,0.7015216569146531,0.7049523035808544,0.7083049841251591,0.7115823265150919,0.7147868419241913,0.7179209311490139,0.7209868906076526
0.6504504504504505,0.05343632706868684,0.013537384962484023,0.007837445949558819,0.005557277284908513,0.004329062511229109,0.003560531677391565,0.0030331866121308115,0.7021023445213801,0.7055291184931903,0.7088779513576345,0.7121514723403407,0.7153521937246164,0.7184825172816282,0.7215447402809131
0.6522522522522523,0.053440867171972606,0.013538704839303639,0.007838305583259597,0.005557952384137033,0.004329637317309953,0.003561042007253601,0.00303365005498224,0.7026807777390179,0.7061036831396708,0.7094486727426739,0.7127183770121723,0.7159153093228058,0.7190418724029929,0.7221003643573692
0.654054054054054,0.053445479890849024,0.013540042568332522,0.007839175245175412,0.005558634381046312,0.00433021733435246,0.003561556493975049,0.0030341169366725484,0.703256969669137,0.7066760106615145,0.7100171614577322,0.7132830537410151,0.71647620195904,0.7195990097802555,0.7226537761281808
0.6558558558558559,0.053450164520334686,0.013541397974673464,0.00784005483613781,0.005559323206759892,0.00433080250979867,0.0035620750951941282,0.0030345872218073833,0.703830933311989,0.7072461140978216,0.7105834305773815,0.7138455156336828,0.7170348847692862,0.7201539425755834,0.7232049887788916
0.6576576576576576,0.053454920363325664,0.013542770885389466,0.007840944258093119,0.005560018793180244,0.004331392791684485,0.0035625977690321164,0.003035060875394624,0.7044026815674828,0.7078140063865617,0.7111474930743097,0.7144057756943862,0.7175913707862219,0.7207066838471988,0.7237540153904749
0.6594594594594595,0.05345974673048848,0.013544161129476762,0.007841843414085004,0.005560721072973784,0.0043319881286303374,0.003563124474084356,0.0030355378628453833,0.7049722272361528,0.7083797003655546,0.7117093618203142,0.7149638468257372,0.7181456729402497,0.7212572465504042,0.7243008689403697
0.6612612612612613,0.05346464294015696,0.01354556853783817,0.007842752208242931,0.005561429979563548,0.004332588469836307,0.0035636551694093743,0.003036018149954023,0.7055395830201128,0.708943208773436,0.7122690495872788,0.7155197418297378,0.7186978040604973,0.7218056435385932,0.7248455623035016
0.6630630630630631,0.05346960831822711,0.013546992943257563,0.007843670545764514,0.0055621454471150855,0.00433319376507002,0.0035641898145308826,0.003036501702906258,0.7061047615239995,0.7095045442506137,0.7128265690481417,0.7160734734087586,0.7192477768758078,0.7223518875642508,0.7253881082532941
0.6648648648648648,0.05347464219805709,0.013548434180375213,0.007844598332904074,0.005562867410531358,0.00433380396466454,0.0035647283694236753,0.00303698848826639,0.7066677752559071,0.7100637193402136,0.7133819327778526,0.7166250541665079,0.7197956040157174,0.7228959912799428,0.7259285194626661
0.6666666666666666,0.053479743920368694,0.013549892085663706,0.007845535476956322,0.005563595805438082,0.004334419019505487,0.0035652707945132978,0.003037478472975197,0.7072286366283088,0.7106207464890122,0.7139351532543167,0.7171744966089856,0.7203412980114221,0.7234379672392903,0.7264668085050191
0.6684684684684684,0.053484912833146936,0.013551366497400963,0.007846481886243928,0.005564330568177955,0.004335038881026376,0.0035658170506668307,0.003037971624344271,0.7077873579589691,0.7111756380483604,0.7144862428593294,0.7177218131454288,0.7208848712967324,0.7239778278979373,0.7270029878552109
0.6702702702702703,0.053490148291544415,0.013552857255647921,0.00784743747010097,0.005565071635799668,0.004335663501201958,0.003566367099187784,0.0030384679100494694,0.7083439514718455,0.7117284062750971,0.7150352138795003,0.7182670160892469,0.7214263362090184,0.7245155856145027,0.7275370698905207
0.6720720720720721,0.053495449657788186,0.013554364202226,0.00784840213886484,0.005565818946047019,0.004336292832538224,0.003566920901810988,0.003038967298130024,0.7088984292979789,0.7122790633324502,0.7155820785071655,0.7188101176589431,0.7219657049901419,0.7250512526515243,0.7280690668915999
0.6738738738738739,0.053500816301083165,0.013555887180691228,0.007849375803857028,0.005566572437351813,0.004336926828067189,0.003567478420694159,0.0030394697569787743,0.709450803476376,0.7128276212909291,0.7161268488412904,0.7193511299790282,0.7225029897873795,0.7255848411763904,0.7285989910434141
0.6756756756756757,0.053506247597522094,0.013557426036313935,0.007850358377374689,0.005567332048823093,0.004337565441341229,0.0035680396184182284,0.0030399752553422754,0.7100010859548801,0.7133740921292072,0.7166695368883618,0.7198900650809225,0.7230382026543346,0.7261163632622614,0.7291268544361728
0.6774774774774774,0.05351174292999428,0.013558980616052763,0.007851349772674876,0.005568097720240139,0.004338208626423756,0.003568604457974134,0.003040483762309587,0.7105492885910314,0.7139184877349919,0.717210154563269,0.7204269349038467,0.7235713555518374,0.7266458308889785,0.7296526690662486
0.6792792792792793,0.05351730168809665,0.013560550768536683,0.007852349903962663,0.005568869392042597,0.004338856337882335,0.0035691729027628183,0.0030409952473176016,0.7110954231529195,0.714460819905888,0.7177487136901772,0.7209617512957044,0.7241024603488373,0.7271732559439658,0.7301764468370859
0.6810810810810811,0.05352292326804531,0.013562136344040132,0.00785335868637993,0.00556964700532081,0.004339508530784575,0.0035697449165875694,0.0030415096801357233,0.7116395013200244,0.7150011003502483,0.7182852260033868,0.7214945260139524,0.7246315288232813,0.7276986502231175,0.7306981995600987
0.6828828828828829,0.053528607072589995,0.0135637371944618,0.007854376035991262,0.005570430501808055,0.004340165160690135,0.003570320463650911,0.0030420270308680886,0.7121815346840504,0.715539340688018,0.7188197031481888,0.722025270726463,0.7251585726629871,0.7282220254316794,0.7312179389555593
0.6846846846846847,0.053534352510929084,0.013565353173305539,0.007855401869773737,0.005571219823873319,0.004340826183642399,0.0035708995085448336,0.0030425472699500133,0.7127215347497473,0.7160755524515654,0.7193521566817038,0.7225539970123754,0.7256836034665014,0.7287433931851158,0.7317356766534738
0.6864864864864865,0.05354015899862341,0.013566984135655491,0.007856436105602382,0.005572014914511647,0.004341491556166255,0.0035714820162510152,0.003043070368136669,0.7132595129357252,0.7166097470865065,0.7198825980737172,0.7230807163629369,0.7262066327439515,0.7292627650099699,0.7322514241944511
0.6882882882882883,0.053546025957518006,0.013568629938160659,0.007857478662242401,0.005572815717335811,0.004342161235258546,0.00357206795213183,0.003043596296505968,0.713795480575259,0.7171419359525192,0.7204110387075016,0.723605440182336,0.7267276719178861,0.7297801523447132,0.7327651930305595
0.6900900900900901,0.05355195281565639,0.013570290439010035,0.00785852945933374,0.005573622176568871,0.004342835178383075,0.0035726572819284597,0.003044125026452016,0.7143294489170845,0.7176721303241478,0.720937489880631,0.7241281797885251,0.727246732324107,0.7302955665405839,0.7332769945261746
0.6918918918918919,0.05355793900720385,0.013571965497915062,0.00785958841738188,0.0055744342370366295,0.004343513343463834,0.003573249971752457,0.003044656529680667,0.7148614291261839,0.7182003413915995,0.7214619628057859,0.7246489464140335,0.7277638252124897,0.7308090188624181,0.7337868399588154
0.6936936936936937,0.05356398397236717,0.013573654976090532,0.007860655457746613,0.00557525184415919,0.004344195688880559,0.003573845988084523,0.0030451907782044207,0.715391432284565,0.718726580261531,0.7219844686115486,0.7251677512067727,0.7282789617477977,0.7313205204894693,0.7342947405199751
0.6954954954954955,0.053570087157316815,0.013575358736233611,0.00786173050263006,0.005576074943943521,0.00434488217346074,0.0035744452977677366,0.003045727744340865,0.7159194693920302,0.7192508579578275,0.7225050183431914,0.7256846052308307,0.7287921530104848,0.7318300825162203,0.7348007073159378
0.6972972972972973,0.05357624801411154,0.013577076642505181,0.007862813475066899,0.005576903482975459,0.004345572756476401,0.0035750478680020015,0.0030462674007067925,0.7164455513669373,0.7197731854223716,0.7230236229634533,0.7261995194672595,0.7293034099974897,0.732337715953185,0.7353047513685889
0.6990990990990991,0.05358246600062255,0.013578808560511746,0.007863904298913038,0.005577737408413497,0.0043462673976362165,0.003575653666342271,0.0030468097202153155,0.7169696890469516,0.7202935735158047,0.7235402933533103,0.7267125048148513,0.7298127436230213,0.7328434317277008,0.735806883616214
0.700900900900901,0.05358874058045893,0.013580554357287111,0.007865002898835294,0.005578576667979451,0.004346966057080404,0.003576262660691887,0.0030473546760716452,0.7174918931897901,0.7208120330182795,0.7240550403127358,0.7272235720909083,0.730320164719335,0.7333472406847132,0.7363071149142918
0.7027027027027027,0.05359507122289653,0.013582313901273735,0.007866109200300508,0.0055794212099541385,0.0043476686953769494,0.003576874819297915,0.003047902241768763,0.7180121744739576,0.7213285746302038,0.7245678745614531,0.7277327320320022,0.7308256840375006,0.7338491535875504,0.7368054560362746
0.7045045045045045,0.0536014574028032,0.013584087062304073,0.007867223129567447,0.005580270983166602,0.004348375273512395,0.0035774901107485935,0.0030484523910870864,0.7185305434994743,0.7218432089729778,0.7250788067396796,0.7282399952947267,0.7313293122481619,0.7343491811186897,0.7373019176743625
0.7063063063063063,0.05360789860057047,0.013585873711584484,0.007868344613673584,0.005581125936991116,0.004349085752891169,0.0035781085039666705,0.0030490050980839234,0.7190470107885948,0.72235594658972,0.7255878474088617,0.7287453724564397,0.731831059942286,0.7348473338805154,0.7377965104402674
0.7081081081081081,0.053614394302042734,0.013587673721676796,0.007869473580427333,0.005581986021337082,0.004349800095325818,0.003578729968207628,0.0030495603370965796,0.7195615867865212,0.7228667979459888,0.7260950070524037,0.7292488740159995,0.7323309376319076,0.7353436223960674,0.7382892448659695
0.7099099099099099,0.053620943998448745,0.01358948696648199,0.007870609958399721,0.005582851186643367,0.004350518263036118,0.0035793544730533533,0.003050118082738029,0.720074281862106,0.7233757734304933,0.7266002960763859,0.7297505103944906,0.7328289557508607,0.7358380571097833,0.7387801314044641
0.7117117117117117,0.05362754718633378,0.013591313321222431,0.007871753676910065,0.005583721383872753,0.004351240218639418,0.003579981988408698,0.003050678309888588,0.7205851063085491,0.7238828833557979,0.7271037248102771,0.7302502919359433,0.7333251246555058,0.7363306483882291,0.7392691804305007
0.7135135135135136,0.05363420336749314,0.013593152662425445,0.007872904666020752,0.0055845965645026086,0.004351965925149859,0.0035806124844977028,0.0030512409936988005,0.7210940703440858,0.7243881379590181,0.727605303507638,0.7307482289080443,0.733819454625448,0.7368214065208258,0.7397564022413146
0.7153153153153153,0.053640912048905975,0.013595004867908211,0.007874062856526587,0.0055854766805208955,0.004352695345970048,0.003581245931859711,0.003051806109580335,0.7216011841126685,0.7248915474025097,0.7281050423468166,0.7312443315028392,0.7343119558642447,0.7373103417205631,0.7402418070573477
0.7171171171171171,0.05364767274267157,0.01359686981676056,0.007875228179944793,0.005586361684419838,0.004353428444889396,0.0035818823013445966,0.0030523736332059848,0.7221064576846404,0.7253931217745502,0.7286029514316382,0.7317386098374287,0.73480263850011,0.7377974641247097,0.740725405022965
0.7189189189189189,0.05365448496594494,0.013598747389327648,0.007876400568508024,0.00558725152918893,0.004354165186075232,0.003582521564109986,0.0030529435405062255,0.722609901057402,0.7258928710900114,0.7290990407920844,0.7322310739546554,0.7352915125866073,0.7382827837955133,0.7412072062071602
0.7207207207207207,0.05366134824087376,0.013600637467197307,0.007877579955154146,0.005588146168306052,0.004354905534072473,0.0035831636916154874,0.0030535158076677726,0.7231115241560696,0.7263908052910274,0.7295933203849672,0.7327217338237838,0.7357785881033357,0.7387663107208924,0.7416872206042534
0.7225225225225226,0.053668262094537345,0.013602539933183722,0.007878766273516358,0.0055890455557361385,0.004355649453795296,0.0035838086556214677,0.0030540904111209244,0.7236113368341286,0.7268869342476522,0.7300858000945948,0.7332105993411737,0.7362638749566104,0.7392480548151226,0.7421654581345841
0.7243243243243244,0.053675226058883974,0.013604454671310884,0.007879959457916863,0.0055899496459218545,0.004356396910525029,0.0035844564281836133,0.0030546673275518854,0.7241093488740777,0.7273812677585131,0.7305764897334311,0.733697680330945,0.7367473829801322,0.7397280259195136,0.7426419286451933
0.7261261261261261,0.05368223967067309,0.013606381566797943,0.007881159443356212,0.0055908583937799294,0.004357147869902933,0.0035851069816504877,0.0030552465338865575,0.724605569988067,0.7278738155514541,0.7310653990427459,0.7341829865456342,0.7372291219356526,0.7402062338030782,0.7431166419104983
0.7279279279279279,0.05368930247141457,0.013608320506046101,0.007882366165507304,0.005591771754691721,0.004357902297929539,0.0035857602886570916,0.0030558280072943145,0.7251000098185297,0.7283645872841757,0.7315525376932605,0.7346665276668478,0.737709101513631,0.7406826881631966,0.743589607632963
0.7297297297297297,0.053696414007310844,0.01361027137662274,0.007883579560703957,0.00559268968450255,0.004358660160956318,0.0035864163221248635,0.0030564117251810075,0.7255926779388058,0.7288535925448643,0.7320379152857843,0.7351483133059042,0.7381873313338833,0.7411573986262708,0.7440608354437568
0.7315315315315315,0.05370357382919844,0.013612234067246987,0.007884799565936684,0.00559361213951215,0.004359421425684018,0.003587075055255684,0.0030569976651909636,0.7260835838537605,0.7293408408528174,0.7325215413518467,0.7356283530044706,0.7386638209462254,0.7416303747483728,0.7445303349034098
0.7333333333333334,0.05371078149249342,0.01361420846777639,0.007886026118840928,0.005594539076468341,0.004360186059157334,0.003587736461530988,0.0030575858051993254,0.7265727370003952,0.7298263416590611,0.7330034253543192,0.7361066562351931,0.7391385798311082,0.7421016260158859,0.7449981155024584
0.7351351351351352,0.05371803655713325,0.013616194469191933,0.007887259157691617,0.0055954704525658094,0.004360954028760133,0.0035884005147047704,0.003058176123308942,0.7270601467484513,0.7303101043469608,0.7334835766880338,0.7365832324023195,0.739611617400246,0.7425711618461388,0.7454641866620846
0.736936936936937,0.05372533858752304,0.013618191963585935,0.007888498621393847,0.005596406225438888,0.004361725302213237,0.003589067188802586,0.0030587685978550327,0.7275458224010095,0.7307921382328252,0.7339620046803924,0.7370580908423153,0.7400829429972386,0.7430389915880325,0.7459285577347482
0.7387387387387387,0.05373268715248081,0.013620200844147057,0.007889744449475877,0.005597346353152122,0.00436249984756687,0.0035897364581189972,0.0030593632073943056,0.728029773195081,0.7312724525665055,0.7344387185919722,0.7375312408244743,0.7405525658981875,0.7435051245226612,0.7463912380048132
0.7405405405405405,0.05374008182518408,0.013622221005147539,0.007890996582081589,0.0055982907942006,0.0043632776332015455,0.003590408297211245,0.0030599599307008507,0.7285120083021924,0.7317510565319852,0.7349137276171205,0.7380026915515193,0.7410204953123014,0.743969569863925,0.7468522366891654
0.7423423423423423,0.053747522183118845,0.013624252341929655,0.007892254959964151,0.005599239507503517,0.004364058627820189,0.003591082680899249,0.0030605587467745776,0.7289925368289664,0.732227959247967,0.7353870408845485,0.7384724521602015,0.7414867403825014,0.7444323367591383,0.7473115629378251
0.7441441441441441,0.053755007808023,0.013626294750894385,0.007893519524476145,0.005600192452396624,0.004364842800443469,0.003591759584260057,0.0030611596348270043,0.7294713678176934,0.7327031697684504,0.7358586674579143,0.7389405317218887,0.7419513101860141,0.7448934342896286,0.7477692258345515
0.745945945945946,0.05376253828583977,0.013628348129486656,0.007894790217563563,0.005601149588627896,0.004365630120411135,0.0035924389826264003,0.0030617625742827004,0.729948510246899,0.7331766970833056,0.7363286163364011,0.7394069392431492,0.7424142137349613,0.7453528714713313,0.7482252343974419
0.7477477477477478,0.053770113206666914,0.013630412376183676,0.007896066981759153,0.005602110876355759,0.0043664205573723525,0.0035931208515830315,0.0030623675447803977,0.7304239730319053,0.7336485501188391,0.7367968964552905,0.7398716836663299,0.7428754599769424,0.7458106572553773,0.7486795975795237
0.7495495495495496,0.05377773216470272,0.013632487390482284,0.007897349760175865,0.005603076276138652,0.004367214081284931,0.003593805166962727,0.0030629745261644414,0.7308977650253866,0.7341187377383562,0.7372635166865285,0.7403347738701281,0.7433350577956115,0.7462668005286739,0.749132324269341
0.7513513513513513,0.05378539475820199,0.013634573072886624,0.007898638496497301,0.005604045748935582,0.00436801066241177,0.003594491904844399,0.0030635834984872323,0.7313698950179175,0.7345872687427141,0.7377284858392847,0.7407962186701557,0.7437930160112465,0.7467213101144795,0.7495834232915326
0.7531531531531531,0.05379310058942821,0.013636669324898043,0.007899933134972614,0.005605019256098243,0.00436881027131697,0.0035951810415503216,0.0030641944420013445,0.7318403717385171,0.7350541518708718,0.7381918126605078,0.7412560268194986,0.7442493433813141,0.7471741947729732,0.7500329034074065
0.7549549549549549,0.05380084926459927,0.013638776048999879,0.007901233620411952,0.005605996759367127,0.00436961287885973,0.003595872553642132,0.0030648073371620788,0.7323092038551868,0.735519395800433,0.7386535058354731,0.7417142070092714,0.7447040486010277,0.7476254632018164,0.7504807733155067
0.7567567567567568,0.0538086403938417,0.013640893148647582,0.00790253989817491,0.005606978220865977,0.004370418456195457,0.003596566417918945,0.003065422164623244,0.7327763999754422,0.7359830091481838,0.739113573988325,0.7421707678691628,0.745157140303899,0.7480751240367107,0.7509270416521736
0.7585585585585586,0.05381647359115005,0.013643020528257499,0.007903851914167759,0.00560796360309912,0.004371226974766884,0.0035972626114145756,0.00306603890523538,0.7332419686468405,0.7364450004706246,0.7395720256826148,0.7426257179679789,0.7456086270622851,0.7485231858519472,0.7513717169920999
0.7603603603603604,0.05382434847433781,0.013645158093195442,0.007905169614835339,0.005608952868945916,0.004372038406306511,0.0035979611113931,0.0030666575400407625,0.733705918357501,0.7369053782644961,0.7400288694218311,0.7430790658141788,0.7460585173879289,0.748969657160953,0.7518148078488793
0.7621621621621621,0.05383226466499269,0.013647305749763916,0.007906492947156396,0.005609945981656761,0.00437285272282828,0.0035986618953475213,0.0030672780502752905,0.7341682575366207,0.7373641509673,0.7404841136499258,0.7435308198564042,0.7465068197324932,0.749414546416829,0.7522563226755494
0.7639639639639639,0.05384022178843173,0.013649463405193019,0.007907821858634478,0.0056109429048456505,0.004373669896625465,0.0035993649409977735,0.003067900417362046,0.7346289945549852,0.7378213269578152,0.7409377667518339,0.7439809884840052,0.7469535424880906,0.7498578620128838,0.7526962698651298
0.7657657657657657,0.053848219473658254,0.01365163096762867,0.007909156297293496,0.00561194360249051,0.0043744899002694515,0.0036000702262872775,0.003068524622911961,0.7350881377254735,0.7382769145566064,0.7413898370539884,0.7444295800275582,0.7473986939878068,0.7502996122831613,0.7531346577511532
0.7675675675675676,0.05385625735331756,0.01365380834612162,0.007910496211672502,0.005612948038927756,0.004375312706604073,0.0036007777293785015,0.0030691506487199316,0.735545695303558,0.7387309220265301,0.7418403328248296,0.7448766027593813,0.7478422825062181,0.7507398055029633,0.7535714946081913
0.7693693693693694,0.053864335063654845,0.01365599545061702,0.0079118415508177,0.005613956178844526,0.00437613828874428,0.0036014874286527387,0.0030697784767655945,0.7360016754877987,0.7391833575732331,0.7422892622753093,0.7453220648940408,0.7482843162599048,0.7511784498893649,0.7540067886523764
0.7711711711711712,0.05387245224447379,0.013658192191943974,0.007913192264276225,0.005614967987279451,0.004376966620069922,0.003602199302707443,0.0030704080892062224,0.7364560864203336,0.7396342293456472,0.742736633559389,0.7457659745888562,0.7487248034079583,0.7516155536017274,0.7544405480419153
0.772972972972973,0.05388060853909393,0.013660398481806335,0.007914548302094038,0.00561598342961489,0.0043777976742260805,0.003602913330352564,0.0030710394683793885,0.7369089361873622,0.7400835454364781,0.7431824547745339,0.7462083399443964,0.7491637520524828,0.7520511247422028,0.7548727808775997
0.7747747747747747,0.05388880359431081,0.013662614232769044,0.007915909614805372,0.005617002471575261,0.004378631425120072,0.003603629490608551,0.0030716725967966374,0.737360232819626,0.74053131388269,0.7436267339622015,0.7466491690049732,0.7496011702390912,0.7524851713562347,0.7553034952033093
0.7765765765765766,0.05389703706035465,0.013664839358254133,0.007917276153429298,0.005618025079220823,0.00437946784691301,0.0036043477627031306,0.0030723074571451514,0.7378099842928827,0.7409775426659841,0.7440694791083243,0.7470884697591289,0.7500370659573983,0.7529177014330536,0.7557326990065119
0.7783783783783784,0.053905308590851186,0.01366707377252363,0.007918647869465056,0.005619051218946902,0.004380306914024135,0.003605068126071309,0.00307294403228342,0.7382581985283757,0.7414222397132726,0.7445106981437891,0.7475262501401179,0.7504714471415053,0.7533487229061671,0.7561604002187561
0.7801801801801802,0.05391361784278248,0.013669317390675562,0.0079200247148844,0.0056200808574767835,0.0043811486011225975,0.0036057905603492646,0.0030735823052413513,0.7387048833932991,0.7418654128971487,0.7449503989449093,0.747962518026385,0.7509043216704824,0.7537782436538444,0.7565866067161604
0.781981981981982,0.0539219644764487,0.013671570128632293,0.007921406642127482,0.005621113961859936,0.004381992883126906,0.003606515045375791,0.0030742222592156088,0.7391500467012587,0.7423070700363505,0.7453885893338948,0.7483972812420376,0.7513356973688445,0.754206271499597,0.7570113263198965
0.7837837837837838,0.05393034815542841,0.013673831903128764,0.007922793604096534,0.005622150499466905,0.0043828397352012605,0.003607241561186747,0.003074863877567613,0.7395936962127263,0.7427472188962216,0.7458252770793149,0.7488305475573137,0.7517655820070229,0.7546328142126527,0.7574345667966671
0.7855855855855856,0.05393876854654145,0.013676102631707265,0.007924185554151753,0.005623190437986203,0.00438368913275311,0.0036079700880148335,0.003075507143825873,0.7400358396354917,0.7431858671891646,0.7462604698965574,0.7492623246890439,0.7521939833018312,0.7550578795084264,0.75785633585918
0.7873873873873873,0.05394722531981333,0.013678382232706232,0.00792558244610464,0.005624233745421758,0.004384541051430602,0.0036087006062867077,0.003076152041678437,0.7404764846251075,0.7436230225750923,0.7466941754482829,0.7496926203011098,0.7526209089169273,0.7554814750489842,0.7582766411666155
0.7891891891891892,0.05395571814843725,0.013680670625249358,0.007926984234214896,0.005625280390087917,0.004385395467117692,0.003609433096620984,0.0030767985549775556,0.7409156387853328,0.744058692661874,0.7471264013448745,0.7501214420048979,0.7530463664632704,0.7559036084435048,0.7586954903250909
0.790990990990991,0.05396424670873712,0.01368296772923927,0.00792839087318209,0.0056263303406053344,0.004386252355935816,0.0036101675398244604,0.0030774466677297996,0.7413533096685687,0.7444928850057759,0.7475571551448833,0.7505487973597477,0.753470363499573,0.7563242872487344,0.7591128908881187
0.7927927927927928,0.053972810680134264,0.013685273465348091,0.007929802318143109,0.005627383565899424,0.004387111694235335,0.0036109039168931156,0.003078096364099725,0.741789504776292,0.7449256071118984,0.7479864443554679,0.7509746938733958,0.7538929075327484,0.7567435189694373,0.7595288503570611
0.7945945945945946,0.05398140974511001,0.01368758775500789,0.007931218524667272,0.005628440035194804,0.0043879734585985375,0.0036116422090064493,0.003078747628408429,0.7422242315594839,0.7453568664346077,0.7484142764328313,0.7513991390024155,0.7543140060183539,0.7571613110588428,0.7599433761815781
0.7963963963963964,0.05399004358917192,0.013689910520402693,0.007932639448750223,0.005629499718013409,0.004388837625833086,0.0036123823975275915,0.003079400445127667,0.7426574974190534,0.7457866703779651,0.7488406587826522,0.7518221401526525,0.754733666361029,0.7575776709190863,0.7603564757600739
0.7981981981981983,0.05399871190081906,0.013692241684458262,0.00793406504680938,0.0056305625841711615,0.004389704172971354,0.00361312446400075,0.0030800547988835136,0.743089309706258,0.7462150262961487,0.7492655987605119,0.7522437046796544,0.7551518959149294,0.7579926059016464,0.7607681564401352
0.8,0.05400741437150969,0.013694581170837883,0.007935495275678273,0.005631628603773531,0.004390573077267312,0.003613868390149655,0.0030807106744485946,0.7435196757231183,0.746641941493875,0.7496891036723179,0.7526638398890981,0.7555687019841562,0.7584061233077779,0.761178425518968
0.8018018018018018,0.05401615069562615,0.013696928903928485,0.007936930092604766,0.005632697747212423,0.00439144431619376,0.0036146141578732305,0.0030813680567439716,0.7439486027228309,0.7470674232268116,0.7501111807747217,0.7530825530372105,0.7559840918231814,0.7588182303889388,0.7615872902438278
0.8036036036036036,0.05402492057044295,0.013699284808836865,0.007938369455243732,0.005633769985162407,0.004392317867440654,0.0036153617492459267,0.003082026930840809,0.7443760979101749,0.7474914787019906,0.7505318372755339,0.7534998513311878,0.756398072637269,0.759228934347216,0.7619947578124471
0.8054054054054054,0.05403372369609327,0.013701648811379918,0.007939813321653055,0.0056348452885817135,0.004393193708912224,0.0036161111465158324,0.003082687281949381,0.7448021684419152,0.7479141150782137,0.7509510803341336,0.7539157419296071,0.7568106515828902,0.7596382423357424,0.7624008353734569
0.8072072072072072,0.054042559775538734,0.013704020838076425,0.007941261650288856,0.005635923628701911,0.004394071818723644,0.003616862332101567,0.003083349095426735,0.745226821427202,0.7483353394664556,0.7513689170618754,0.7543302319428372,0.7572218357681373,0.7600461614591146,0.7628055300268053
0.809009009009009,0.054051428514535815,0.013706400816139164,0.007942714400002049,0.00563700497703179,0.004394952175199918,0.0036176152885901702,0.003084012356768695,0.7456500639279662,0.7487551589302627,0.7517853545224908,0.7547433284334428,0.757631632253131,0.7604526987738021,0.7632088488241706
0.8108108108108107,0.05406032962160612,0.013708788673468364,0.007944171530032684,0.0056380893053481485,0.004395834756873884,0.003618369998735549,0.003084677051613749,0.7460719029593105,0.7491735804861477,0.7522003997324864,0.7551550384165859,0.7580400480504241,0.7608578612885543,0.7636107987693713
0.8126126126126126,0.054069262808004614,0.01371118433864249,0.007945633000007946,0.005639176585698347,0.004396719542482108,0.003619126445458254,0.003085343165734611,0.7464923454898974,0.7495906111039805,0.7526140596615377,0.7555653688604227,0.7584470901254023,0.7612616559648041,0.7640113868187711
0.8144144144144144,0.05407822778769,0.013713587740912692,0.007947098769932825,0.005640266790392978,0.0043976065109629925,0.003619884611840929,0.003086010685045437,0.7469113984423319,0.7500062577073753,0.753026341232879,0.7559743266864964,0.7588527653966789,0.7616640897170656,0.7644106198816802
0.8162162162162162,0.05408722427729429,0.01371599881019192,0.007948568800192679,0.00564135989200687,0.004398495641457001,0.003620644481127533,0.003086679595593278,0.7473290686935427,0.7504205271740735,0.7534372513236903,0.7563819187701275,0.7592570807364885,0.7620651694133294,0.764808504820753
0.818018018018018,0.05409625199609336,0.013718417477050604,0.007950043051543232,0.005642455863370421,0.0043993869133007735,0.003621406036722896,0.0030873498835561897,0.7477453630751569,0.7508334263363228,0.7538467967654788,0.7567881519407971,0.7596600429710727,0.7624649018754525,0.7652050484523801
0.8198198198198199,0.05410531066597701,0.013720843672710203,0.00795152148510958,0.005643554677572826,0.004400280306028681,0.0036221692621887236,0.003088021535247343,0.7481602883738735,0.7512449619812529,0.7542549843444578,0.7571930329825298,0.7600616588810662,0.7628632938795455,0.7656002575470785
0.8216216216216217,0.054114400011422537,0.013723277329031447,0.007953004062381308,0.005644656307956408,0.00440117579936572,0.0036229341412433724,0.003088694537110248,0.7485738513318315,0.7516551408512478,0.7546618208019215,0.7575965686342706,0.7604619352018762,0.7632603521563558,0.7659941388298767
0.8234234234234235,0.05412351975946217,0.013725718378511775,0.007954490745208265,0.0056457607281132915,0.004402073373230397,0.003623700657759521,0.0030893688757173132,0.7489860586469752,0.7520639696443125,0.7550673128346155,0.7579987655902586,0.7608608786240582,0.7636560833916449,0.7663866989806949
0.8252252252252252,0.05413266963965957,0.013728166754276794,0.007955981495796571,0.005646867911884512,0.00440297300773107,0.0036244687957628363,0.0030900445377677332,0.7493969169734157,0.7524714550144393,0.7554714670951049,0.7583996305003977,0.7612584957936899,0.7640504942265658,0.7667779446347246
0.827027027027027,0.05414184938407829,0.013730622390072056,0.0079574762767054,0.0056479778333555775,0.004403874683161169,0.0036252385394286435,0.0030907215100873797,0.7498064329217886,0.7528776035719674,0.7558742901921377,0.7587991699706225,0.7616547933127399,0.764443591258033,0.7671678823828009
0.8288288288288288,0.05415105872725734,0.013733085220259067,0.007958975050841977,0.00564909046685258,0.004404778380000529,0.0036260098730845902,0.0030913997796281345,0.7502146130596093,0.753282421883941,0.756275788691005,0.759197390563261,0.762049777739432,0.7648353810390902,0.7675565187717724
0.8306306306306306,0.05416029740618189,0.013735555179805403,0.007960477781458475,0.005650205786945195,0.0044056840789128415,0.003626782781202431,0.003092079333464448,0.750621463911623,0.7536859164744625,0.7566759691138971,0.7595942987973943,0.7624434555886085,0.7652258700792753,0.7679438603048688
0.8324324324324325,0.05416956516025806,0.013738032204280937,0.007961984432148905,0.005651323768435801,0.0044065917607408744,0.003627557248403024,0.0030927601587940057,0.7510269919601528,0.754088093825044,0.7570748379402575,0.7599899011492118,0.7628358333320869,0.7656150648449801,0.7683299134420623
0.8342342342342343,0.05417886173128661,0.013740516229849065,0.007963494966843121,0.005652444386365252,0.004407501406508141,0.0036283332594494455,0.003093442242932287,0.7514312036454439,0.7544889603749527,0.7574724016071321,0.7603842040523641,0.7632269173990153,0.7660029717598074,0.7687146846004269
0.836036036036036,0.05418818686343496,0.013743007193261603,0.007965009349806373,0.005653567616004551,0.00440841299741479,0.0036291107992489913,0.0030941255733176742,0.7518341053660045,0.754888522521556,0.7578686665095149,0.7607772138983102,0.763616714176223,0.766389597204924,0.7690981801544945
0.8378378378378378,0.05419754030321455,0.01374550503185168,0.007966527545632873,0.005654693432853408,0.00440932651483561,0.0036298898528503987,0.003094810137506676,0.752235703478943,0.7552867866206612,0.7582636390006917,0.7611689370366648,0.7640052300085688,0.7667749475194112,0.7694804064366065
0.8396396396396396,0.05420692179945297,0.013748009683528517,0.007968049519243348,0.005655821812639017,0.004410241940319581,0.00363067040544085,0.003095495923170377,0.7526360043003024,0.7556837589868517,0.758657325392579,0.7615593797755379,0.764392471199284,0.7671590290006104,0.7698613697372618
0.8414414414414414,0.054216331103271065,0.013750521086769885,0.007969575235881932,0.005656952731313947,0.00441115925558655,0.003631452442347527,0.0030961829180942146,0.7530350141053921,0.7560794458938221,0.7590497319560606,0.761948548381876,0.7647784440103149,0.7675418479044672,0.7702410763054628
0.8432432432432433,0.05422576796805623,0.013753039180615545,0.007971104661111283,0.005658086165050924,0.004412078442526779,0.003632235949032614,0.003096871110183863,0.7534327391291142,0.7564738535747071,0.7594408649213195,0.7623364490817942,0.765163154662658,0.7679234104458693,0.7706195323490558
0.8450450450450451,0.05423523214943948,0.013755563904663703,0.007972637760811807,0.005659222090243943,0.0044129994831970665,0.003633020911095519,0.0030975604874539098,0.7538291855662898,0.7568669882224099,0.7598307304781692,0.7627230880609116,0.7655466093366968,0.7683037227989845,0.7709967440350705
0.8468468468468469,0.0542447234052702,0.013758095199063125,0.00797417450117488,0.0056603604835037125,0.004413922359820521,0.0036338073142675453,0.0030982510380319628,0.7542243595719793,0.7572588559899257,0.760219334776378,0.7631084714646766,0.7659288141725302,0.7686827910975922,0.7713727174900534
0.8486486486486486,0.0542542414955941,0.013760633004506695,0.007975714848700965,0.005661501321656326,0.004414847054784454,0.003634595144414332,0.0030989427501521005,0.7546182672618019,0.757649462990663,0.7606066839259948,0.7634926053986955,0.7663097752703021,0.7690606214354144,0.7717474588004017
0.8504504504504504,0.05426378618262795,0.013763177262226867,0.00797725877019706,0.005662644581739706,0.004415773550639157,0.003635384387530083,0.003099635612165752,0.7550109147122501,0.7580388152987607,0.7609927839976672,0.7638754959290525,0.7666894986905246,0.7694372198664411,0.7721209740126892
0.8522522522522522,0.05427335723073756,0.01376572791399,0.007978806232773583,0.0056637902410018315,0.0044167018300944605,0.0036361750297411177,0.003100329612528374,0.7554023079610029,0.7584269189494042,0.7613776410229595,0.7642571490826305,0.7670679904544001,0.7698125924052541,0.772493269133993
0.854054054054054,0.054282954406414397,0.013768284902089922,0.007980357203838717,0.005664938276899623,0.004417631876019623,0.003636967057299989,0.0031010247397990076,0.7557924530072344,0.758813779939135,0.7617612609946661,0.764637570847426,0.7674452565441388,0.770186745027347,0.7728643501322144
0.8558558558558559,0.05429257747825278,0.013770848169341932,0.007981911651098295,0.005666088667094837,0.004418563671440334,0.0036377604565862587,0.003101720982649936,0.7561813558119209,0.7591994042261626,0.7621436498671238,0.7650167671728636,0.7678213029032743,0.7705596836694423,0.7732342229363991
0.8576576576576577,0.05430222621692815,0.013773417659078024,0.007983469542549804,0.005667241389454847,0.004419497199539935,0.00363855521410561,0.0031024183298531405,0.7565690222981443,0.7595837977306671,0.7625248135565182,0.765394743970105,0.768196135436976,0.7709314142298052,0.7736028934370517
0.8594594594594595,0.054311900395175194,0.013775993315141788,0.007985030846482055,0.005668396422045974,0.004420432443652533,0.0036393513164872937,0.00310311677028674,0.7569554583513922,0.7599669663351042,0.7629047579411898,0.7657715071123563,0.768569760012357,0.7713019425685547,0.7739703674864489
0.8612612612612612,0.05432159978776474,0.013778575081882627,0.007986595531469631,0.0056695537431356025,0.004421369387267116,0.003640148750483574,0.003103816292929884,0.7573406698198567,0.7603489158845045,0.7632834888619359,0.7661470624351726,0.7689421824587813,0.771671274507971,0.7743366508989489
0.863063063063063,0.05433132417148401,0.013781162904148991,0.007988163566371553,0.005670713331187627,0.004422308014020437,0.0036409475029669514,0.0031045168868634176,0.757724662514728,0.7607296521867706,0.7636610121223092,0.7665214157367586,0.7693134085681662,0.7720394158328013,0.7747017494512979
0.8648648648648649,0.0543410733251144,0.013783756727285157,0.00798973492032684,0.005671875164861784,0.00442324830770191,0.0036417475609323846,0.003105218541269439,0.7581074422104882,0.7611091810129714,0.7640373334889152,0.7668945727782674,0.7696834440952829,0.7724063722905606,0.7750656688829343
0.8666666666666667,0.05435084702941051,0.013786356497125896,0.007991309562753846,0.005673039223008325,0.004424190252245608,0.0036425489114917387,0.0031059212454301877,0.7584890146451988,0.7614875080976342,0.7644124586917054,0.7672665392840959,0.7700522947580534,0.7727721495918318,0.7754284148962886
0.8684684684684685,0.05436064506708016,0.013788962159988816,0.007992887463344367,0.005674205484673123,0.004425133831732042,0.003643351541874784,0.003106624988722495,0.7588693855207893,0.7618646391390325,0.7647863934242674,0.767637320942177,0.7704199662378453,0.773136753410561,0.7757899931570819
0.8702702702702703,0.0543704672227624,0.013791573662673029,0.007994468592063098,0.005675373929086902,0.004426079030385388,0.0036441554394288644,0.0031073297606257766,0.7592485605033396,0.7622405797994725,0.7651591433441136,0.7680069234042701,0.7707864641797635,0.7735001893843514,0.7761504092946201
0.872072072072072,0.05438031328300896,0.013794190952450602,0.007996052919143404,0.005676544535669237,0.004427025832574594,0.0036449605916146766,0.0031080355507118185,0.759626545223362,0.7626153357055772,0.7655307140729667,0.7683753522862481,0.7711517941929388,0.7738624631147537,0.7765096689020868
0.8738738738738738,0.054390183036264195,0.013796813977064337,0.007997640415084217,0.005677717284024553,0.004427974222807829,0.0036457669860081587,0.003108742348648108,0.7600033452760802,0.7629889124485654,0.7659011111970413,0.7687426131683813,0.771515961850814,0.7742235801675539,0.776867777536832
0.8756756756756757,0.054400076272844045,0.013799442684720664,0.007999231050651257,0.00567889215394024,0.004428924185734484,0.003646574610297826,0.003109450144197501,0.7603789662217042,0.7633613155845312,0.7662703402673245,0.7691087115956196,0.7718789726914274,0.7745835460730576,0.7772247407206586
0.8774774774774775,0.054409992784918204,0.01380207702408709,0.008000824796867256,0.005680069125385656,0.004429875706141173,0.0036473834522814386,0.003110158927215445,0.7607534135857047,0.7637325506347183,0.7666384067998531,0.7694736530778707,0.7722408322176934,0.7749423663263731,0.7775805639401062
0.8792792792792793,0.0544199323664889,0.013804716944284978,0.008002421625014744,0.005681248178507348,0.004430828768951844,0.003648193499871666,0.003110868687647872,0.761126692859084,0.764102623085794,0.767005316275988,0.7698374430902784,0.7726015458976806,0.7753000463876911,0.7779352526467328
0.8810810810810811,0.0544298948133739,0.013807362394887002,0.008004021506632042,0.005682429293631164,0.004431783359226782,0.0036490047410860926,0.0031115794155376353,0.7614988094986437,0.7644715383901184,0.7673710741426866,0.7702000870734936,0.7729611191648874,0.7756565916825606,0.7782888122573922
0.8828828828828829,0.05443987992318733,0.013810013325910697,0.008005624413509382,0.005683612451259146,0.00443273946215883,0.003649817164052549,0.0031122911010110776,0.7618697689272506,0.7648393019660118,0.7677356858127712,0.7705615904339475,0.7733195574185135,0.7760120076021637,0.7786412481545095
0.8846846846846846,0.05444988749531987,0.013812669687815138,0.008007230317687908,0.00568479763206553,0.004433697063073505,0.0036506307570052243,0.003113003734286135,0.762239576534101,0.7652059191980217,0.7680991566651978,0.7709219585441194,0.7736768660237324,0.7763662995035877,0.778992565686356
0.8864864864864865,0.05445991733092237,0.013815331431496047,0.00800883919145523,0.005685984816897083,0.00443465614742955,0.0036514455082837793,0.0031137173056721146,0.7626082376749804,0.7655713954371836,0.768461492045319,0.7712811967428032,0.7740330503119566,0.7767194727100933,0.7793427701673176
0.8882882882882883,0.05446996923288494,0.013817998508280915,0.008010451007345765,0.005687173986770544,0.004435616700812606,0.003652261406333901,0.0031144318055627007,0.762975757672523,0.7659357360012824,0.7688226972651467,0.7716393103353706,0.7743881155811042,0.7770715325113824,0.7796918668781636
0.8900900900900901,0.05448004300582332,0.013820670869924445,0.008012065738133956,0.005688365122871075,0.004436578708939876,0.0036530784397027505,0.0031151472244392853,0.7633421418164671,0.7662989461751101,0.7691827776036114,0.7719963045940326,0.7747420670958612,0.7774224841638605,0.7800398610663124
0.8918918918918919,0.05449013845605666,0.013823348468605112,0.008013683356836498,0.005689558206551704,0.0044375421576542395,0.0036538965970422943,0.003115863552868192,0.7637073953639092,0.7666610312107206,0.7695417383068194,0.7723521847580975,0.7750949100879416,0.7777723328908999,0.7803867579460938
0.8936936936936937,0.05450025539159353,0.013826031256919835,0.008015303836706456,0.005690753219328881,0.004438507032924144,0.003654715867105196,0.0031165807815011215,0.7640715235395552,0.7670219963276841,0.7698995845883075,0.7727069560342282,0.775446649756345,0.7781210838830978,0.7807325626990097
0.8954954954954955,0.05451039362211285,0.013828719187880423,0.008016927151232367,0.005691950142883373,0.00443947332084349,0.00365553623874304,0.0031172989010752605,0.7644345315359697,0.7673818467133364,0.7702563216292955,0.7730606235966954,0.7757972912676121,0.7784687422985329,0.7810772804739919
0.8972972972972972,0.054520552958946866,0.013831412214908578,0.00801855327413492,0.005693148959056482,0.004440441007629192,0.0036563577009087744,0.0031180179024069554,0.7647964245138225,0.7677405875230281,0.7706119545789356,0.7734131925876284,0.776146839756077,0.7788153132630202,0.7814209163876573
0.8990990990990991,0.05453073321506585,0.013834110291832458,0.008020182179365731,0.005694349649850605,0.004441410079620733,0.0036571802426537126,0.0031187377763977064,0.7651572076021335,0.7680982238803711,0.7709664885545612,0.7737646681172661,0.7764953003241191,0.7791608018703627,0.781763475524562
0.9009009009009009,0.05454093420505979,0.013836813372882895,0.008021813841104342,0.005695552197426013,0.004442380523276723,0.0036580038531259795,0.0031194585140313924,0.7655168858985141,0.7684547608774814,0.7713199286419311,0.7741150552642022,0.7768426780424098,0.7795052131826007,0.7821049629374508
0.9027027027027027,0.054551155745122926,0.013839521412687183,0.00802344823375467,0.005696756584099516,0.004443352325178007,0.0036588285215690686,0.003120180106370052,0.7658754644694082,0.7688102035752218,0.7716722798954734,0.7744643590756304,0.7771889779501592,0.7798485522302588,0.7824453836475063
0.9045045045045045,0.054561397653037136,0.01384223436626797,0.008025085331946125,0.0056979627923438025,0.004444325472021671,0.0036596542373232843,0.003120902544555215,0.76623294835033,0.7691645570034407,0.7720235473385262,0.7748125845675871,0.7775342050553598,0.7801908240125915,0.7827847426445949
0.9063063063063063,0.054571659748156365,0.013844952189036142,0.00802672511052771,0.005699170804783771,0.004445299950622816,0.0036604809898231894,0.00312162581980846,0.7665893425460988,0.7695178261612095,0.7723737359635764,0.7751597367251902,0.7778783643350276,0.7805320334978252,0.7831230448875104
0.9081081081081082,0.05458194185138876,0.013847674836789725,0.008028367544567816,0.005700380604197863,0.004446275747912787,0.003661308768596272,0.003122349923429746,0.7669446520310732,0.7698700160170575,0.7727228507324958,0.7755058205028788,0.7782214607354412,0.7808721856233987,0.7834602953042156
0.9099099099099099,0.05459224378518568,0.013850402265708883,0.008030012609350545,0.005701592173513181,0.004447252850936612,0.003662137563263279,0.003123074846796303,0.7672988817493824,0.7702211315092049,0.7730708965767757,0.7758508408246466,0.7785634991723789,0.7812112852962009,0.7837964987920811
0.9117117117117117,0.05460256537352026,0.013853134432352254,0.008031660280376052,0.005702805495807595,0.004448231246853784,0.003662967363534886,0.003123800581360636,0.7676520366151551,0.7705711775457936,0.7734178783977588,0.7761948025842774,0.778904484531353,0.7815493373928077,0.7841316602181232
0.9135135135135135,0.054612906441876774,0.013855871293651845,0.008033310533354876,0.005704020554305078,0.004449210922936486,0.003663798159214693,0.003124527118651965,0.7680041215127474,0.7709201590051158,0.7737638010668697,0.7765377106455753,0.7792444216678431,0.7818863467597149,0.7844657844192379
0.9153153153153153,0.054623266817233174,0.013858612806910364,0.00803496334420939,0.005705237332375046,0.004450191866567366,0.0036646299401944527,0.0031252544502740065,0.7683551412969675,0.7712680807358405,0.7741086694258427,0.7768795698425945,0.7795833154075261,0.7822223182135701,0.7847988762024338
0.9171171171171171,0.05463364632804679,0.013861358929798562,0.008036618689069575,0.005706455813533351,0.0044511740652409815,0.0036654626964557346,0.0031259825679057496,0.7687051007932982,0.7716149475572379,0.7744524882869466,0.7772203849798656,0.779921170546504,0.7825572565414015,0.7851309403450627
0.918918918918919,0.054644044804240344,0.013864109620350229,0.008038276544270473,0.005707675981437621,0.004452157506558363,0.0036662964180665947,0.003126711463297016,0.7690540047981194,0.7719607642594024,0.7747952624332105,0.7775601608326216,0.7802579918515312,0.7828911665008464,0.785461981595048
0.9207207207207208,0.054654462077185384,0.013866864836957427,0.00803993688635174,0.005708897819887149,0.0044531421782307845,0.0036671310951834624,0.003127441128273123,0.7694018580789257,0.7723055356034723,0.7751369966186437,0.7778989021470201,0.7805937840602375,0.7832240528203751,0.7857920046711101
0.9225225225225225,0.05466489797969021,0.013869624538370484,0.008041599692055312,0.005710121312822003,0.004454128068076213,0.0036679667180485875,0.0031281715547307742,0.7697486653745448,0.7726492663218488,0.7754776955684562,0.7782366136403648,0.7809285518813512,0.7835559201995153,0.7861210142629923
0.9243243243243243,0.05467535234598364,0.013872388683689896,0.008043264938320749,0.005711346444319476,0.004455115164017309,0.003668803276989041,0.0031289027346370624,0.7700944313953514,0.7729919611184125,0.775817363979277,0.7785733000013241,0.7812622999949187,0.7838867733090722,0.7864490150316812
0.9261261261261261,0.054685825011701605,0.013875157232367874,0.008044932602289334,0.005712573198594972,0.004456103454081317,0.003669640762417048,0.00312963466002969,0.7704391608234813,0.7733336246687375,0.7761560065193683,0.7789089658901482,0.7815950330525219,0.784216616791348,0.7867760116096275
0.9279279279279279,0.05469631581387491,0.01387793014419958,0.008046602661294755,0.005713801560000786,0.004457092926401507,0.0036704791648275448,0.003130367323016081,0.7707828583130426,0.7736742616203042,0.7764936278288413,0.779243615938884,0.7819267556774955,0.7845454552603593,0.787102008600964
0.9297297297297298,0.05470682459091214,0.013880707379323454,0.008048275092865875,0.0057150315130231055,0.004458083569212068,0.003671318474799179,0.0031311007157730497,0.7711255284903246,0.77401387659271,0.7768302325198664,0.7795772547515881,0.7822574724651402,0.7848732933020515,0.7874270105817216
0.9315315315315316,0.05471735118258936,0.013883488898217,0.00804994987472385,0.005716263042281788,0.00445907537084933,0.003672158682991644,0.003131834830546576,0.7714671759540055,0.7743524741778784,0.7771658251768839,0.7799098869045381,0.7825871879829354,0.7852001354745123,0.7877510221000434
0.9333333333333333,0.05472789543003409,0.013886274661693454,0.008051626984780125,0.005717496132528144,0.004460068319749766,0.0036729997801467906,0.00313256965965103,0.7718078052753591,0.7746900589402658,0.7775004103568125,0.7802415169464414,0.7829159067707487,0.7855259863081833,0.788074047676397
0.9351351351351351,0.05473845717571313,0.013889064630896453,0.008053306401133664,0.005718730768644931,0.004461062404449989,0.0036738417570860715,0.0031333051954649527,0.7721474209984567,0.7750266354170654,0.7778339925892545,0.7805721493986426,0.7832436333410451,0.7858508503060684,0.788396091803784
0.9369369369369369,0.05474903626342109,0.013891858767301257,0.008054988102069616,0.005719966935642362,0.004462057613586423,0.003674684604709655,0.0031340414304349418,0.7724860276403709,0.7753622081184125,0.7781665763767011,0.7809017887553298,0.7835703721790929,0.7861747319439423,0.7887171589479491
0.9387387387387387,0.05475963253826366,0.013894657032705315,0.008056672066059312,0.005721204618661768,0.004463053935890748,0.0036755283139982,0.003134778357073209,0.7728236296913747,0.7756967815275844,0.7784981661947343,0.7812304394837366,0.7838961277431683,0.7864976356705549,0.7890372535475862
0.9405405405405406,0.05477024584664758,0.013897459389231148,0.008058358271754829,0.005722443802969157,0.004464051360193566,0.003676372876009526,0.0031355159679571365,0.7731602316151409,0.7760303601012003,0.7788287664922284,0.7815581060243454,0.7842209044647586,0.7868195659078354,0.7893563800145428
0.9423423423423424,0.0547808760362678,0.013900265799320133,0.008060046697990209,0.005723684473956658,0.00446504987542129,0.0036772182818780585,0.0031362542557304973,0.7734958378489372,0.7763629482694191,0.7791583816915475,0.7818847927910857,0.7845447067487618,0.7871405270510944,0.7896745427340219
0.9441441441441442,0.054791522956093575,0.013903076225729283,0.008061737323778573,0.005724926617141524,0.00446604947059237,0.00367806452281505,0.0031369932130956846,0.7738304528038235,0.7766945504361367,0.7794870161887445,0.7822105041715346,0.7848675389736881,0.7874605234692239,0.7899917460647853
0.9459459459459459,0.05480218645635704,0.013905890631528028,0.008063430128310678,0.005726170218162685,0.0044670501348228475,0.00367891159010747,0.003137732832823925,0.7741640808648425,0.7770251709791779,0.7798146743537546,0.7825352445271104,0.7851894054918543,0.7877795595048943,0.7903079943393491
0.9477477477477477,0.05481286638854088,0.013908708980097328,0.008065125090952585,0.0057274152627830865,0.004468051857318689,0.003679759475117672,0.0031384731077447325,0.7744967263912135,0.7773548142504912,0.7801413605305908,0.7828590181932698,0.7855103106295819,0.7880976394747529,0.7906232918641839
0.9495495495495496,0.054823562605366805,0.013911531235125119,0.008066822191244216,0.005728661736883689,0.00446905462738123,0.0036806081692818404,0.0031392140307539007,0.7748283937165206,0.777683484576339,0.7804670790375342,0.7831818294796985,0.7858302586873891,0.7884147676696163,0.7909376429199085
0.9513513513513513,0.05483427496078119,0.013914357360601426,0.008068521408898577,0.005729909626467911,0.004470058434400737,0.003681457664108434,0.003139955594804067,0.775159087148902,0.7780111862574862,0.7807918341673254,0.7835036826705046,0.7861492539401841,0.7887309483546654,0.7912510517614848
0.9531531531531532,0.054845003309945684,0.013917187320819924,0.00807022272379887,0.005731158917655632,0.004471063267857178,0.003682307951180519,0.0031406977929119284,0.7754888109712353,0.7783379235693888,0.7811156301873524,0.7838245820244063,0.7864673006374545,0.7890461857696348,0.7915635226184083
0.954954954954955,0.05485574750922573,0.013920021080370382,0.00807192611599672,0.005732409596685528,0.0044720691173224525,0.003683159022152549,0.0031414406181500265,0.775817569441324,0.7786637007623793,0.781438471339838,0.7841445317749207,0.786784403003457,0.7893604841290036,0.7918750596948999
0.9567567567567568,0.054866507416175936,0.013922858604139665,0.008073631565711725,0.005733661649909627,0.004473075972453944,0.0036840108687496986,0.0031421840636589593,0.7761453667920786,0.7789885220618504,0.7817603618420242,0.7844635361305493,0.7871005652374029,0.7896738476221821,0.7921856671700926
0.9585585585585585,0.05487728288953264,0.013925699857305296,0.008075339053328467,0.005734915063798196,0.0044740838229998525,0.00368486348276853,0.0031429281226267314,0.7764722072317,0.7793123916684386,0.7820813058863565,0.784781599274963,0.787415791513645,0.7899862804136984,0.7924953491982205
0.9603603603603603,0.05488807378919891,0.01392854480533623,0.00807704855939717,0.005736169824934523,0.004475092658793534,0.0036857168560749942,0.003143672788309182,0.7767980949438592,0.7796353137582049,0.782401307640666,0.7850987253671852,0.7877300859818606,0.7902977866433838,0.7928041099088023
0.9621621621621621,0.054898879976236103,0.01393139341398697,0.008078760064629487,0.0057374259200134725,0.004476102469753829,0.00368657098060432,0.003144418054016107,0.777123034087875,0.7799572924828141,0.7827203712483491,0.7854149185417716,0.788043452767233,0.7906083704265535,0.7931119534068254
0.963963963963964,0.05490970131285078,0.01393424564929635,0.008080473549897604,0.005738683335842598,0.004477113245886066,0.0036874258483605704,0.0031451639131144793,0.7774470287988914,0.7802783319697126,0.7830385008285466,0.7857301829089919,0.7883558959706329,0.7909180358541895,0.7934188837729275
0.9657657657657658,0.05492053766238625,0.013937101477585867,0.008082188996234141,0.005739942059340253,0.004478124977279396,0.0036882814514160867,0.0031459103590291138,0.7777700831880534,0.7805984363223052,0.7833557004763213,0.7860445225550059,0.7886674196687968,0.7912267869931197,0.7937249050635775
0.9675675675675676,0.05493138888930793,0.013939960865453349,0.008083906384829254,0.005741202077533258,0.004479137654106347,0.0036891377819099347,0.0031466573852393376,0.7780922013426804,0.7809176096201295,0.7836719742628334,0.7863579415420419,0.7889780279145043,0.7915346278861958,0.7940300213112538
0.9693693693693693,0.05494225485919735,0.013942823779775293,0.008085625697029197,0.005742463377558238,0.004480151266623045,0.0036899948320477938,0.0031474049852816544,0.7784133873264382,0.7812358559190288,0.7839873262355139,0.7866704439085695,0.7892877247367536,0.7918415625524694,0.7943342365246208
0.9711711711711711,0.05495313543873681,0.013945690187699977,0.008087346914335325,0.005743725946658618,0.0044811658051655545,0.0036908525941020676,0.0031481531527473017,0.7787336451795103,0.7815531792513251,0.7843017604182387,0.7869820336694753,0.789596514140936,0.792147594987368,0.7946375546887057
0.972972972972973,0.05496403049570264,0.013948560056646797,0.008089070018402755,0.0057449897721835175,0.004482181260153317,0.0036917110604096637,0.00314890188128214,0.7790529789187677,0.7818695836259881,0.7846152808114987,0.7872927148162331,0.7899044001090088,0.7924527291628668,0.7949399797650714
0.9747747747747748,0.05497493989895319,0.01395143335430371,0.008090794991037598,0.005746254841589193,0.004483197622084822,0.0036925702233716606,0.003149651164585765,0.7793713925379359,0.7821850730288048,0.7849278913925694,0.7876024913170752,0.7902113865996655,0.7927569690276619,0.7952415156919892
0.9765765765765766,0.05498586351841872,0.013954310048623575,0.008092521814198061,0.0057475211424354855,0.004484214881539272,0.003693430075455306,0.003150400996409619,0.7796888900077616,0.782499651422546,0.7852395961156794,0.7879113671171604,0.7905174775485062,0.7930603185073394,0.7955421663846101
0.9783783783783784,0.054996801225090985,0.013957190107823259,0.008094250469989905,0.005748788662387039,0.00448523302917303,0.0036942906091896877,0.003151151370562877,0.7800054752761785,0.7828133227471334,0.7855503989121773,0.7882193461387429,0.790822676868206,0.7933627815045454,0.7958419357351336
0.9801801801801802,0.05500775289101412,0.013960073500380865,0.008095980940666991,0.005750057389207641,0.004486252055722173,0.0036951518171663977,0.003151902280900565,0.7803211522684697,0.7831260909198027,0.785860303690696,0.7885264322813368,0.7911269884486803,0.7936643618991522,0.7961408276129762
0.9819819819819819,0.05501871838927408,0.01396296019503096,0.008097713208630286,0.00575132731076633,0.00448727195200016,0.003696013692041311,0.0031526537213361072,0.7806359248874304,0.7834379598352675,0.7861693143373177,0.7888326294218816,0.7914304161572517,0.7939650635484248,0.7964388458649376
0.9837837837837838,0.055029697593989346,0.013965850160765347,0.008099447256424308,0.005752598415029286,0.004488292708895503,0.0036968762265303656,0.003153405685830113,0.7809497970135297,0.7837489333658811,0.786477434715736,0.7891379414149052,0.7917329638388129,0.7942648902871854,0.7967359943153656
0.9855855855855856,0.055040690380299795,0.013968743366829184,0.00810118306673846,0.005753870690065055,0.004489314317373649,0.0036977394134105612,0.0031541581683958153,0.7812627725050681,0.7840590153617961,0.7867846686674156,0.7894423720926849,0.792034635315989,0.7945638459279759,0.7970322767663198
0.9873873873873874,0.05505169662435938,0.013971639782717982,0.008102920622403254,0.00575514412403888,0.004490336768475878,0.0036986032455199602,0.00315491116309774,0.7815748551983371,0.784368209651123,0.7870910200117539,0.7897459252654085,0.7923354343892991,0.7948619342612201,0.7973276969977336
0.9891891891891892,0.05506271620332481,0.013974539378175721,0.00810465990639031,0.005756418705216038,0.004491360053316296,0.003699467715756688,0.003155664664047375,0.7818860489077754,0.784676520040089,0.787396492546238,0.7900486047213333,0.7926353648373148,0.795159159055383,0.7976222587675754
0.990990990990991,0.05507374899534734,0.013977442123194184,0.008106400901811472,0.005757694421954951,0.004492384163084839,0.0037003328170786,0.0031564186654104986,0.7821963574261239,0.7849839503131931,0.7877010900466019,0.7903504142269429,0.7929344304168198,0.7954555240571307,0.7979159658120071
0.9927927927927928,0.05508479487956275,0.013980347988007069,0.008108143591915695,0.00575897126271363,0.004493409089042832,0.0037011985425006166,0.0031571731613958542,0.7825057845245805,0.7852905042333609,0.7880048162669817,0.7906513575271036,0.7932326348629651,0.7957510329914864,0.7982088218455423
0.9945945945945945,0.05509585373608228,0.01398325694309177,0.008109887960089934,0.005760249216042679,0.004494434822523652,0.0037020648850979443,0.0031579281462674746,0.7828143339529524,0.7855961855420989,0.7883076749400709,0.7909514383452202,0.7935299818894264,0.7960456895619883,0.7985008305612037
0.9963963963963964,0.05510692544598417,0.013986168959164047,0.008111633989855038,0.005761528270587513,0.004495461354934838,0.003702931838002632,0.0031586836143334684,0.7831220094398073,0.7859009979596454,0.7886096697772714,0.7912506603833882,0.793826475188556,0.7963394974508419,0.7987919956306769
0.9981981981981982,0.05511800989130344,0.013989084007177466,0.008113381664866415,0.005762808415087584,0.0044964886777524304,0.003703799394403573,0.003159439559950683,0.7834288146926244,0.7862049451851233,0.7889108044688473,0.7915490273225471,0.7941221184315377,0.796632460319076,0.7990823207044657
1.0,0.05512910695502504,0.013992002058320407,0.00811513096891514,0.005764089638372383,0.004497516782524191,0.003704667547546947,0.003160195977521152,0.7837347533979422,0.7865080308966873,0.7892110826840731,0.7918465428226301,0.7944169152685367,0.7969245818066921,0.7993718094120432
1.0018018018018018,0.055140216521072705,0.013994923084013955,0.008116881885922855,0.005765371929365548,0.004498545660866715,0.0037055362907341127,0.0031609528614976456,0.7840398292215067,0.7868102587516744,0.7895105080713841,0.7921432105227151,0.7947108693288508,0.7972158655328173,0.7996604653620041
1.0036036036036036,0.05515133847430187,0.013997847055910229,0.008118634399941427,0.005766655277080424,0.004499575304467318,0.003706405617323383,0.003161710206377011,0.7843440458084185,0.78711163238675,0.789809084258524,0.7924390340411724,0.7950039842210591,0.7975063150958529,0.7999482921422145
1.0054054054054054,0.055162472700491016,0.014000773945890055,0.008120388495151953,0.00576793967061906,0.004500605705078153,0.003707275520728248,0.003162468006701391,0.7846474067832764,0.7874121554180532,0.7901068148526902,0.7927340169758115,0.795296263533169,0.7977959340736217,0.8002352933199597
1.0072072072072071,0.05517361908633178,0.014003703726060968,0.008122144155864652,0.005769225099173103,0.004501636854524316,0.003708145994413603,0.0031632262570597813,0.7849499157503221,0.7877118314413427,0.7904037034406808,0.7930281629040269,0.7955877108327633,0.7980847260235164,0.8005214724420924
1.009009009009009,0.055184777519422745,0.014006636368753655,0.00812390136651675,0.005770511552023239,0.0045026687446934055,0.0037090170319027393,0.0031639849520862517,0.7852515762935834,0.7880106640321392,0.7906997535890369,0.7933214753829436,0.795878329667145,0.7983726944826441,0.8008068330351783
1.010810810810811,0.05519594788825899,0.014009571846522073,0.008125660111670374,0.005771799018535861,0.004503701367542523,0.00370988862676902,0.003164744086457949,0.7855523919770155,0.7883086567458681,0.7909949688441872,0.7936139579495598,0.796168123563482,0.7986598429679717,0.801091378605642
1.0126126126126127,0.05520713008222544,0.01401251013214111,0.00812742037601244,0.005773087488165518,0.004504734715093051,0.0037107607726408753,0.0031655036548995374,0.7858523663446397,0.7886058131179998,0.7912893527325874,0.7939056141208884,0.7964570960289478,0.7989461749764672,0.8013751126399082
1.0144144144144145,0.05521832399158799,0.01401545119860248,0.008129182144354985,0.005774376950451021,0.0045057687794319845,0.0037116334631986936,0.003166263652174539,0.7861515029206856,0.7889021366641904,0.7915829087608626,0.7941964473940994,0.7967452505508649,0.7992316939852442,0.8016580386045469
1.0162162162162163,0.05522952950748472,0.01401839501911506,0.008130945401630618,0.0057756673950172255,0.0045068035527119354,0.0037125066921743777,0.003167024073095659,0.7864498052097263,0.7891976308804198,0.7918756404159455,0.7944864612466586,0.7970325905968446,0.7995164034517005,0.8019401599464128
1.018018018018018,0.05524074652191957,0.014021341567101775,0.008132710132894405,0.005776958811572697,0.004507839027148353,0.003713380453352122,0.0031677849125129054,0.7867472766968168,0.789492299243129,0.7921675511652144,0.7947756591364663,0.7973191196149253,0.7998003068136587,0.8022214800927853
1.0198198198198198,0.055251974927754355,0.014024290816197937,0.008134476323321427,0.005778251189909156,0.004508875195021078,0.003714254740567413,0.0031685461653246927,0.7870439208476286,0.7897861452093566,0.7924586444566304,0.7950640445019946,0.7976048410337109,0.8000834074895037,0.802502002451508
1.0216216216216216,0.05526321461869832,0.01402724274024958,0.008136243958205336,0.005779544519899038,0.004509912048671794,0.003715129547705698,0.0031693078264658503,0.7873397411085861,0.7900791722168745,0.7927489237188732,0.795351620762425,0.7978897582625082,0.8003657088783214,0.8027817304111262
1.0234234234234234,0.055274465489303704,0.014030197313310233,0.008138013022958579,0.005780838791501819,0.0045109495805061295,0.0037160048687021607,0.003170069890916949,0.7876347409069977,0.7903713836843208,0.793038392361475,0.7956383913177812,0.7981738746914611,0.8006472143600328,0.8030606673410227
1.0252252252252252,0.05528572743495708,0.014033154509641266,0.008139783503110065,0.005782133994752359,0.004511987782990334,0.003716880697543168,0.0031708323537003036,0.7879289236511898,0.7906627830113337,0.7933270537749552,0.7959243595490649,0.798457193691686,0.8009279272955305,0.8033388165915532
1.027027027027027,0.05529700035187024,0.014036114303707548,0.008141555384303834,0.0057834301197701166,0.004513026648652496,0.0037177570282628247,0.0031715952098745337,0.7882222927306373,0.7909533735786828,0.7936149113309511,0.7962095288183878,0.7987397186154048,0.801207851026811,0.8036161814941807
1.0288288288288288,0.05530828413707467,0.014039076670178119,0.008143328652301163,0.005784727156751046,0.004514066170080322,0.003718633854945197,0.003172358454545332,0.788514851516094,0.7912431587484002,0.7939019683823508,0.7964939024691037,0.7990214527960777,0.8014869888771089,0.8038927653616089
1.0306306306306305,0.05531957868841375,0.01404204158392075,0.008145103292974576,0.00578602509597137,0.004515106339922359,0.0037195111717223117,0.00317312208285514,0.7888066033597217,0.7915321418639097,0.7941882282634226,0.7967774838259388,0.7993023995485329,0.8017653441510266,0.804168571487913
1.0324324324324323,0.05533088390453467,0.014045009020005939,0.008146879292310616,0.005787323927787358,0.0045161471508868845,0.0037203889727726036,0.0031738860899868104,0.789097551595218,0.7918203262501554,0.7944736942899433,0.7970602761951215,0.7995825621690976,0.802042920134666,0.8044436031486709
1.0342342342342343,0.05534219968488219,0.014047978953698692,0.008148656636407403,0.00578862364262811,0.0045171885957414615,0.0037212672523253554,0.003174650471161944,0.7893876995379435,0.7921077152137301,0.7947583697593281,0.7973422828645113,0.7998619439357273,0.8023197200957579,0.8047178636010938
1.0360360360360361,0.05535352592968967,0.01405095136045964,0.00815043531147297,0.0057899242310034404,0.004518230667310497,0.0037221460046533705,0.0031754152216427745,0.7896770504850475,0.792394312043,0.7950422579507554,0.7976235071037245,0.8001405481081323,0.8025957472837887,0.8049913560841525
1.037837837837838,0.0553648625399743,0.014053926215945367,0.008152215303826593,0.005791225683498213,0.0045192733584783484,0.0037230252240784134,0.0031761803367305053,0.7899656077155931,0.7926801200082321,0.7953253621252946,0.7979039521642632,0.8004183779279055,0.8028710049301291,0.8052640838187076
1.0396396396396397,0.05537620941752919,0.014056903496003526,0.008153996599894908,0.005792527990771457,0.004520316662185331,0.0037239049049669903,0.0031769458117625327,0.7902533744906802,0.7929651423617164,0.7956076855260288,0.7981836212796376,0.8006954366186474,0.8031454962481592,0.8055360500076336
1.0414414414414415,0.05538756646491638,0.014059883176670507,0.00815577918621313,0.005793831143559691,0.004521360571429711,0.003724785041731793,0.0031777116421194407,0.7905403540535701,0.7932493823378917,0.7958892313781815,0.7984625176654933,0.8009717273860919,0.8034192244333948,0.8058072578359463
1.0432432432432432,0.055398933585458554,0.01406286523417366,0.008157563049422167,0.005795135132669826,0.004522405079264824,0.003725665628832031,0.0031784778232136768,0.7908265496298055,0.7935328431534655,0.7961700028892361,0.7987406445197315,0.8012472534182282,0.8036921926636091,0.8060777104709249
1.045045045045045,0.055410310683234654,0.014065849644926742,0.008159348176270398,0.005796439948984822,0.0045234501788015136,0.0037265466607693254,0.0031792443504987666,0.7911119644273321,0.7938155280075372,0.7964500032490607,0.7990180050226339,0.801522017885425,0.8039644040989583,0.8063474110622374
1.0468468468468468,0.05542169766307192,0.01406883638552825,0.008161134553609672,0.005797745583459135,0.004524495863204359,0.0037274281320923697,0.003180011219463208,0.7913966016366186,0.7940974400817171,0.7967292356300266,0.7992946023369819,0.801796023940551,0.8042358618821015,0.8066163627420612
1.0486486486486486,0.055433094430539454,0.014071825432760865,0.008162922168396869,0.005799052027120055,0.00452554212569356,0.0037283100373931566,0.0031807784256350224,0.7916804644307752,0.7943785825402468,0.7970077031871294,0.799570439608178,0.8020692747190961,0.8045065691383226,0.8068845686252053
1.0504504504504504,0.05544450089194075,0.01407481676358957,0.008164711007690562,0.005800359271064259,0.0045265889595444975,0.003729192371305645,0.0031815459645764266,0.7919635559656716,0.7946589585301167,0.7972854090581071,0.7998455199643641,0.8023417733392905,0.80477652897565,0.8071520318092302
1.0522522522522522,0.05545591695430874,0.014077810355158427,0.00816650105865313,0.00580166730646281,0.004527636358084508,0.003730075128510202,0.003182313831885164,0.7922458793800544,0.7949385711811842,0.7975623563635587,0.8001198465165412,0.802613522902224,0.8050457444849758,0.8074187553745674
1.0540540540540542,0.05546734252539898,0.014080806184791461,0.008168292308546765,0.005802976124553272,0.004528684314697218,0.003730958303727494,0.0031830820231990575,0.7925274377956616,0.7952174236062888,0.7978385482070598,0.8003934223586843,0.8028845264919624,0.8053142187401725,0.8076847423846367
1.055855855855856,0.05547877751368113,0.014083804229990338,0.008170084744733686,0.005804285716645707,0.00452973282281488,0.003731841891722154,0.0031838505341850176,0.79280823431734,0.7954955189013697,0.7981139876752803,0.8006662505678612,0.8031547871756659,0.8055819547982123,0.8079499958859652
1.0576576576576577,0.05549022182833607,0.014086804468430691,0.00817187835467692,0.005805596074115349,0.004530781875926149,0.003732725887302002,0.003184619360550367,0.793088272033157,0.7957728601455782,0.7983886778380974,0.8009383342043462,0.8034243080037028,0.8058489556992805,0.8082145189083013
1.0594594594594595,0.055501675379246884,0.01408980687796424,0.008173673125937309,0.005806907188409816,0.004531831467570524,0.0037336102853129383,0.003185388498036623,0.7933675540145148,0.7960494504013926,0.798662621748711,0.8012096763117347,0.8036930920097655,0.8061152244668922,0.8084783144647322
1.0612612612612613,0.05551313807699432,0.014092811436613006,0.008175469046172834,0.005808219051041896,0.004532881591338134,0.0037344950806462718,0.003186157942415613,0.7936460833162634,0.796325292714731,0.7989358224437568,0.801480279917058,0.8039611422109847,0.8063807641080066,0.8087413855517972
1.063063063063063,0.05552460983284957,0.014095818122572656,0.008177266103138958,0.005809531653592548,0.004533932240871952,0.00373538026823228,0.0031869276894977983,0.7939238629768103,0.7966003901150616,0.7992082829434173,0.8017501480308934,0.8042284616080406,0.8066455776131385,0.8090037351496008
1.0648648648648649,0.05553609055876885,0.014098826914206275,0.008179064284687065,0.005810844987707786,0.004534983409862359,0.003736265843041875,0.0031876977351272817,0.7942008960182323,0.7968747456155155,0.799480006251534,0.8020192836474784,0.8044950531852765,0.8069096679564721,0.8092653662219262
1.0666666666666667,0.05554758016738659,0.014101837790046368,0.008180863578762132,0.0058121590451013505,0.004536035092052915,0.0037371518000879345,0.0031884680751801397,0.7944771854463845,0.7971483622129957,0.799750995355718,0.8022876897448196,0.8047609199108089,0.807173038095972,0.8095262817163462
1.0684684684684684,0.05555907857201192,0.014104850728791085,0.008182663973405835,0.005813473817550485,0.004537087281236141,0.0037380381344217506,0.0031892387055653115,0.7947527342510092,0.7974212428882862,0.800021253227459,0.8025553692848034,0.8050260647366382,0.8074356909734932,0.8097864845643344
1.0702702702702702,0.05557058568661888,0.01410786570930378,0.008184465456751444,0.005814789296898826,0.004538139971253297,0.00373892484113425,0.003190009622225598,0.7950275454058435,0.7976933906061601,0.8002907828222335,0.8028223252133048,0.8052904905987571,0.8076976295148907,0.810045977681374
1.072072072072072,0.055582101425843744,0.014110882710611894,0.00818626801702571,0.005816105475052735,0.004539193155994714,0.003739811915356661,0.003190780821136996,0.7953016218687268,0.7979648083154878,0.8005595870796135,0.8030885604602952,0.8055542004172602,0.8079588566301287,0.8103047639670677
1.0738738738738738,0.05559362570497817,0.014113901711905075,0.008188071642546313,0.005817422343983303,0.004540246829398575,0.003740699352257515,0.0031915522983094746,0.7955749665817052,0.7982354989493421,0.8008276689233722,0.8033540779399494,0.80581719709645,0.8082193752133872,0.810562846305245
1.0756756756756756,0.055605158439963276,0.014116922692533174,0.008189876321722411,0.005818739895723901,0.004541300985453467,0.003741587147045866,0.0031923240497809813,0.7958475824711398,0.7985054654251051,0.8010950312615915,0.8036188805507527,0.806079483524945,0.8084791881431703,0.81082022756407
1.0774774774774776,0.05561669954738435,0.014119945632006248,0.008191682043054094,0.005820058122369298,0.004542355618190719,0.00374247529496774,0.00319309607162388,0.7961194724478082,0.7987747106445728,0.8013616769867656,0.8038829711756059,0.8063410625757841,0.8087382982824113,0.811076910596147
1.0792792792792794,0.055628248944465164,0.014122970509992006,0.008193488795128712,0.005821377016079765,0.0045434107216949515,0.0037433637913067974,0.003193868359942287,0.7963906394070095,0.7990432374940581,0.8016276089759059,0.8041463526819295,0.8066019371065326,0.8089967084785776,0.8113328982386259
1.0810810810810811,0.055639806549061865,0.014125997306314475,0.008195296566624766,0.005822696569073527,0.004544466290091642,0.0037442526313860025,0.0031946409108706275,0.7966610862286668,0.799311048844495,0.8018928300906449,0.8044090279217678,0.8068621099593851,0.809254421563776,0.811588193313307
1.082882882882883,0.05565137227965933,0.01412902600095356,0.008197105346306688,0.005824016773630092,0.004545522317557338,0.0037451418105628465,0.003195413720575413,0.7969308157774289,0.79957814755154,0.802157343177338,0.8046709997318923,0.80712158396127,0.8095114403548548,0.8118427986267446
1.0846846846846847,0.055662946055362705,0.014132056574042706,0.008198915123026618,0.0058253376220918085,0.004546578798310219,0.0037460313242342336,0.003196186785253019,0.7971998309027717,0.7998445364556744,0.8024211510671657,0.8049322709339027,0.8073803619239505,0.8097677676535076,0.8120967169703497
1.0864864864864865,0.05567452779589588,0.014135089005868351,0.008200725885723958,0.0058266591068572016,0.004547635726618093,0.0037469211678323733,0.003196960101131463,0.7974681344390987,0.8001102183823049,0.8026842565762351,0.8051928443343297,0.8076384466441273,0.8100234062463748,0.8123499511204924
1.0882882882882883,0.055686117421591796,0.014138123276867587,0.00820253762342149,0.005827981220387413,0.004548693096791512,0.0037478113368255572,0.0031977336644662957,0.7977357292058401,0.8003751961418624,0.8029466625056791,0.8054527227247338,0.8078958409035388,0.810278358905144,0.812602503838602
1.09009009009009,0.05569771485339192,0.014141159367627942,0.00820435032522926,0.0058293039551995385,0.004549750903185434,0.0037487018267191585,0.0031985074715465966,0.7980026180075517,0.8006394725299025,0.8032083716417565,0.8057119088818062,0.8081525474690612,0.8105326283866507,0.8128543778712689
1.0918918918918918,0.055709320012835906,0.014144197258885605,0.008206163980339354,0.005830627303870628,0.0045508091402010065,0.003749592633052856,0.0031992815186874246,0.7982688036340125,0.8009030503272029,0.8034693867559501,0.8059704055674669,0.8084085690928068,0.8107862174329774,0.8131055759503428
1.0936936936936936,0.05572093282206125,0.014147236931523977,0.008207978578028241,0.0058319512590347955,0.004551867802281007,0.0037504837514020783,0.0032000558022389214,0.7985342888603227,0.8011659322998609,0.8037297106050652,0.8062282155289635,0.8086639085122237,0.8110391287715523,0.813356100793032
1.0954954954954954,0.055732553203795,0.0141502783665729,0.008209794107655322,0.00583327581338422,0.004552926883913733,0.0037513751773780024,0.003200830318571879,0.798799076447,0.8014281211993912,0.8039893459313259,0.8064853414989681,0.8089185684501927,0.8112913651152471,0.813605955102002
1.0972972972972972,0.05574418108135015,0.014153321545206876,0.008211610558661042,0.005834600959666925,0.004553986379629449,0.0037522669066256675,0.0032016050640939486,0.799063169140074,0.8016896197628203,0.8042482954624717,0.8067417861956735,0.8091725516151237,0.8115429291624737,0.813855141565471
1.0990990990990992,0.055755816378619594,0.014156366448743851,0.008213427920568006,0.005835926690687665,0.004555046284001607,0.003753158934824641,0.003202380035237873,0.7993265696711828,0.8019504307127828,0.8045065619118532,0.8069975523228898,0.8094258607010523,0.8117938235972807,0.8141036628573082
1.100900900900901,0.055767459020073074,0.014159413058644765,0.008215246182978642,0.005837252999305931,0.004556106591646847,0.003754051257688573,0.0032031552284635945,0.7995892807576658,0.8022105567576155,0.8047641479785262,0.8072526425701384,0.8096784983877345,0.8120440510894485,0.8143515216371278
1.1027027027027028,0.05577910893074922,0.014162461356511225,0.008217065335575202,0.00583857987843861,0.004557167297222886,0.0037549438709655325,0.0032039306402621426,0.7998513051026582,0.8024700005914515,0.8050210563473471,0.8075070596127474,0.8099304673407418,0.8122936142945848,0.8145987205503853
1.1045045045045045,0.0557907660362541,0.014165511324084834,0.008218885368118656,0.0058399073210551045,0.004558228395428632,0.003755836770435894,0.003204706267152302,0.800112645395183,0.8027287648943121,0.8052772896890639,0.8077608061119438,0.8101817702115541,0.8125425158542169,0.8148452622284701
1.1063063063063063,0.055802430262753555,0.01416856294324631,0.008220706270450684,0.005841235320180438,0.004559289881006623,0.0037567299519146724,0.003205482105677948,0.8003733043102436,0.8029868523322011,0.8055328506604111,0.8080138847149478,0.8104324096376541,0.8127907583958871,0.8150911492888003
1.1081081081081081,0.05581410153697075,0.014171616196013925,0.008222528032488685,0.005842563868894257,0.004560351748737701,0.003757623411248412,0.0032062581524100464,0.8006332845089138,0.8032442655571941,0.8057877419042,0.8082662980550632,0.8106823882426174,0.8130383445332431,0.8153363843349145
1.10990990990991,0.05582577978617975,0.0141746710645414,0.008224350644226885,0.005843892960327279,0.004561413993444674,0.003758517144317741,0.0032070344039520915,0.80089258863843,0.8035010072075307,0.8060419660494104,0.8085180487517704,0.8109317086362064,0.8132852768661311,0.8155809699565636
1.1117117117117117,0.05583746493820041,0.01417772753112001,0.00822617409573767,0.005845222587666177,0.004562476609990873,0.003759411147034375,0.0032078108569293384,0.8011512193322796,0.8037570799077041,0.8062955257112805,0.808769139410815,0.811180373414459,0.8135315579806855,0.8158249087298021
1.1135135135135135,0.05584915692139669,0.014180785578172483,0.008227998377167589,0.005846552744145694,0.0045635395932797085,0.0037603054153431126,0.003208587507994576,0.8014091792102913,0.8040124862685507,0.8065484234913972,0.8090195726242997,0.8114283851597803,0.8137771904494209,0.8160682032170788
1.1153153153153152,0.055860855664669584,0.01418384518825655,0.008229823478739906,0.005847883423057976,0.004564602938252671,0.0037611999452196176,0.003209364353828903,0.8016664708787223,0.8042672288873389,0.8068006619777846,0.8092693509707722,0.811675746441031,0.8140221768313198,0.8163108559673263
1.117117117117117,0.05587256109745209,0.014186906344060168,0.008231649390750828,0.005849214617743681,0.004565666639892552,0.0037620947326723053,0.0032101413911390653,0.8019230969303475,0.8045213103478569,0.8070522437449921,0.8095184770153143,0.8119224598136164,0.814266519671923,0.81655286951605
1.1189189189189188,0.05588427314970712,0.014189969028404414,0.008233476103572612,0.005850546321595318,0.004566730693219445,0.0037629897737385676,0.0032109186166559,0.8021790599445453,0.8047747332205001,0.8073031713541828,0.8097669533096293,0.8121685278195747,0.8145102215034165,0.8167942463854162
1.1207207207207208,0.055895991751921614,0.01419303322423704,0.008235303607648903,0.005851878528055576,0.00456779509329297,0.0037638850644904354,0.0032116960271392214,0.8024343624873849,0.8050275000623578,0.8075534473532197,0.8100147823921295,0.8124139529876637,0.8147532848447199,0.81703498908434
1.1225225225225226,0.05590771683510132,0.014196098914636579,0.008237131893496508,0.005853211230618216,0.0045688598352102705,0.00376478060102714,0.003212473619372158,0.802689007111711,0.805279613417299,0.8078030742767514,0.8102619667880219,0.8126587378334474,0.8149957122015725,0.8172751001085721
1.1243243243243244,0.055919448330767785,0.014199166082808135,0.0082389609517044,0.005854544422825847,0.004569924914107348,0.0037656763794808867,0.0032132513901639292,0.80294299635723,0.8055310758160579,0.8080520546462989,0.8105085090093944,0.8129028848593824,0.8152375060666197,0.8175145819407847
1.1261261261261262,0.05593118617095416,0.014202234712083261,0.008240790772932716,0.005855878098272704,0.004570990325157509,0.003766572396012524,0.003214029336348845,0.8031963327505941,0.8057818897763191,0.8083003909703403,0.8107544115553017,0.8131463965549036,0.8154786689194988,0.8177534370506582
1.127927927927928,0.0559429302882003,0.014205304785919082,0.008242621347913981,0.005857212250599653,0.004572056063569807,0.003767468646813321,0.003214807454787416,0.8034490188054845,0.8060320578028004,0.8085480857443939,0.8109996769118484,0.8133892753965071,0.8157192032269228,0.8179916678949644
1.1297297297297297,0.05595468061554798,0.014208376287896618,0.008244452667448554,0.0058585468734971835,0.004573122124593709,0.0037683651281041897,0.003215585742361249,0.8037010570226952,0.8062815823873372,0.8087951414511027,0.8112443075522731,0.8136315238478358,0.8159591114427653,0.8182292769176517
1.1315315315315315,0.05596643708653737,0.014211449201720683,0.008246284722407626,0.005859881960704638,0.004574188503512211,0.0037692618361363506,0.0032163641959808142,0.8039524498902151,0.8065304660089645,0.8090415605603172,0.8114883059370323,0.813873144359762,0.8161983960081436,0.818466266549929
1.1333333333333333,0.05597819963520323,0.01421452351121788,0.008248117503732,0.00586121750600721,0.004575255195646277,0.0037701587671893355,0.003217142812578566,0.8042031998833097,0.8067787111339995,0.8092873455291775,0.8117316745138815,0.8141141393704698,0.8164370593515015,0.8187026392103477
1.135135135135135,0.055989968196070605,0.014217599200336273,0.008249951002430311,0.0058625535032410525,0.004576322196351956,0.00377105591757132,0.0032179215891130486,0.8044533094646034,0.8070263202161233,0.8095324988021955,0.8119744157179588,0.8143545113055382,0.8166751038886915,0.8189383973048846
1.1369369369369369,0.05600174270415048,0.014220676253143494,0.008251785209579254,0.005863889946284395,0.0045773895010216,0.003771953283620233,0.0032187005225610132,0.8047027810841582,0.8072732956964606,0.8097770228113348,0.8122165319718644,0.8145942625780207,0.8169125320230562,0.8191735432270232
1.1387387387387387,0.05601352309493479,0.014223754653827525,0.00825362011632258,0.005865226829066761,0.004578457105083533,0.0037728508617014267,0.003219479609930853,0.8049516171795555,0.8075196400036609,0.8100209199760925,0.8124580256857422,0.8148333955885276,0.8171493461455096,0.8194080793578347
1.1405405405405404,0.056025309304394866,0.014226834386693588,0.008255455713871318,0.005866564145561193,0.004579525003999718,0.003773748648209563,0.003220258848249058,0.8051998201759748,0.8077653555539781,0.8102641927035777,0.8126988992573595,0.8150719127253054,0.8173855486346163,0.8196420080660586
1.1423423423423424,0.056037101268975986,0.014229915436164031,0.008257291993502225,0.005867901889787808,0.00458059319326809,0.0037746466395667255,0.0032210382345683186,0.8054473924862718,0.8080104447513484,0.8105068433885917,0.8129391550721861,0.8153098163643163,0.8176211418566723,0.8198753317081823
1.1441441441441442,0.05604889892559195,0.014232997786778223,0.00825912894655867,0.005869240055811464,0.004581661668421666,0.0037755448322218665,0.003221817765960977,0.8056943365110577,0.8082549099874704,0.8107488744137059,0.8131787955034734,0.8155471088693172,0.8178561281657835,0.8201080526285198
1.145945945945946,0.05606070221162385,0.014236081423189662,0.008260966564448302,0.005870578637741319,0.004582730425026993,0.0037764432226533584,0.0032225974395263535,0.8059406546387763,0.8084987536418813,0.81099028814934,0.8134178229123324,0.8157837925919382,0.8180905099039437,0.8203401731592913
1.1477477477477478,0.056072511064916064,0.014239166330168085,0.00826280483864339,0.005871917629733381,0.0045837994586831465,0.003777341807364998,0.0032233772523837523,0.8061863492457804,0.8087419780820347,0.8112310869538393,0.813656239647811,0.8160198698717593,0.8183242894011131,0.8205716956206994
1.1495495495495496,0.05608432542376962,0.014242252492594698,0.008264643760680257,0.005873257025986511,0.004584868765026617,0.003778240582889447,0.0032241572016755704,0.8064314226964093,0.8089845856633777,0.8114712731735517,0.8138940480469715,0.8162553430363891,0.8185574689752952,0.8208026223210084
1.1513513513513514,0.05609614522694217,0.014245339895463727,0.008266483322159068,0.00587459682074476,0.004585938339723428,0.003779139545784016,0.0032249372845664093,0.806675877343064,0.809226578729426,0.8117108491429036,0.8141312504349661,0.8164902144015398,0.8187900509326131,0.8210329555566191
1.1531531531531531,0.05610797041364113,0.01424842852388064,0.008268323514743603,0.005875937008293253,0.004587008178474794,0.0037800386926349905,0.0032257174982457393,0.8069197155262826,0.8094679596118405,0.811949817184476,0.8143678491251138,0.8167244862711038,0.8190220375673863,0.8212626976121464
1.154954954954955,0.056119800923521534,0.014251518363063043,0.00827016433015848,0.005877277582962748,0.0045880782770150175,0.003780938020053304,0.003226497839919573,0.8071629395748146,0.8097087306305003,0.8121881796090786,0.8146038464189743,0.8169581609372292,0.819253431162205,0.8214918507604939
1.1567567567567567,0.05613163669668242,0.014254609398335671,0.008272005760191603,0.00587861853912619,0.0045891486311100405,0.0037818375246760905,0.003227278306820458,0.8074055518056954,0.8099488940935793,0.8124259387158252,0.8148392446064235,0.8171912406803934,0.8194842339880055,0.8217204172629289
1.1585585585585585,0.056143477673663345,0.014257701615134843,0.008273847796691713,0.005879959871199825,0.004590219236558224,0.0037827372031680184,0.003228058896201591,0.80764755452432,0.8101884522976179,0.8126630967922074,0.8150740459657273,0.817423727769479,0.8197144483041454,0.8219483993691573
1.1603603603603603,0.05615532379543842,0.014260794999002013,0.008275690431568616,0.005881301573639197,0.004591290089189681,0.0037836370522180696,0.003228839605334821,0.807888950024516,0.810427407527598,0.8128996561141674,0.8153082527636152,0.817655624461846,0.8199440763584755,0.8221757993173971
1.162162162162162,0.056167175003416836,0.014263889535587326,0.008277533656793512,0.005882643640945706,0.004592361184868721,0.003784537068541316,0.0032296204315164223,0.8081297405886153,0.8106657620570143,0.8131356189461716,0.8155418672553529,0.8178869330034056,0.8201731203874146,0.8224026193344518
1.163963963963964,0.05617903123943657,0.014266985210647176,0.008279377464395443,0.005883986067659608,0.004593432519488183,0.0037854372488769217,0.0032304013720624303,0.8083699284875271,0.8109035181479468,0.8133709875412823,0.8157748916848153,0.8181176556286924,0.820401582616021,0.8226288616357823
1.1657657657657658,0.05619089244575981,0.014270082010041762,0.008281221846465181,0.005885328848361349,0.004594504088972773,0.003786337589991695,0.003231182424309864,0.8086095159808083,0.8111406780511321,0.8136057641412295,0.8160073282845572,0.8183477945609361,0.8206294652580648,0.8228545284255802
1.1675675675675676,0.056202758565073396,0.014273179919737977,0.008283066795151117,0.005886671977675673,0.00459557588928039,0.003787238088674316,0.003231963585615616,0.8088485053167351,0.8113772440060353,0.813839950976482,0.8162391792758859,0.8185773520121333,0.8208567705160997,0.8230796218968383
1.1693693693693694,0.056214629540482064,0.014276278925803965,0.008284912302660818,0.005888015450265405,0.004596647916396579,0.0037881387417409984,0.0032327448533597813,0.8090868987323732,0.8116132182409195,0.8140735502663183,0.8164704468689311,0.8188063301831187,0.8210835005815339,0.8233041442314224
1.1711711711711712,0.05622650531550599,0.014279379014411564,0.008286758361258473,0.005889359260833338,0.004597720166339636,0.0037890395460302706,0.0032335262249396646,0.809324698453647,0.8118486029729162,0.8143065642188965,0.8167011332627157,0.8190347312636342,0.8213096576347001,0.8235280976001416
1.172972972972973,0.0562383858340787,0.01428248017183531,0.00828860496326811,0.005890703404123343,0.004598792635156612,0.0037899404984054197,0.003234307697773886,0.8095619066954093,0.8120834004080946,0.8145389950313239,0.8169312406452245,0.8192625574324002,0.8215352438449258,0.8237514841628177
1.1747747747747748,0.056250271040540256,0.014285582384449325,0.008290452101068269,0.005892047874917372,0.0045998653189263106,0.0037908415957552677,0.0032350892693027156,0.8097985256615103,0.8123176127415304,0.8147708448897256,0.8171607711934744,0.8194898108571833,0.8217602613706025,0.8239743060683558
1.1765765765765765,0.056262160879638756,0.014288685638728094,0.008292299767096445,0.005893392668037456,0.004600938213755179,0.00379174283499073,0.0032358709369829652,0.8100345575448653,0.8125512421573745,0.8150021159693139,0.8173897270735829,0.8197164936948663,0.8219847123592543,0.8241965654548113
1.1783783783783783,0.05627405529652285,0.01429178992124669,0.008294147953845199,0.005894737778345149,0.004602011315781085,0.003792644213046259,0.003236652698294318,0.810270004527523,0.8127842908289209,0.815232810434456,0.8176181104408357,0.8199426080915164,0.8222085989476068,0.8244182644494609
1.1801801801801801,0.05628595423674099,0.014294895218677883,0.008295996653861937,0.005896083200738866,0.004603084621169984,0.0037935457268813977,0.0032374345507346636,0.8105048687807318,0.8130167609186734,0.8154629304387405,0.8178459234397542,0.8201681561824515,0.8224319232616539,0.8246394051688674
1.181981981981982,0.05629785764623796,0.014298001517792258,0.00829784585975124,0.005897428930155768,0.004604158126117475,0.003794447373478893,0.003238216491821544,0.8107391524650079,0.8132486545784134,0.8156924781250464,0.8180731682041638,0.8203931400923093,0.8226546874167266,0.8248599897189498
1.1837837837837837,0.056309765471349804,0.014301108805457985,0.008299695564170428,0.005898774961571651,0.00460523182684669,0.003795349149842142,0.003238998519091263,0.8109728577302002,0.8134799739492655,0.8159214556256074,0.8182998468572591,0.8206175619351125,0.8228768935175579,0.8250800201950486
1.1855855855855857,0.056321677658803804,0.014304217068638936,0.008301545759832551,0.005900121289999505,0.004606305719611958,0.003796251052999966,0.0032397806300985543,0.811205986715557,0.8137107211617641,0.8161498650620798,0.818525961511671,0.8208414238143357,0.8230985436583509,0.8252994986819923
1.1873873873873875,0.056333594155711375,0.014307326294394684,0.008303396439504174,0.005901467910487956,0.0046073798006934785,0.0037971530800038344,0.003240562822418802,0.8114385415497904,0.8139408983359181,0.8163777085456064,0.8187515142695316,0.8210647278229711,0.823319639922843,0.8255184272541635
1.1891891891891893,0.056345514909569294,0.014310436469879062,0.008305247596005816,0.005902814818126045,0.004608454066400314,0.0037980552279259783,0.003241345093645376,0.8116705243511423,0.8141705075812762,0.8166049881768832,0.8189765072225401,0.8212874760435939,0.8235401843843723,0.8257368079755644
1.190990990990991,0.05635743986825348,0.014313547582340713,0.008307099222209735,0.005904162008036784,0.004609528513069061,0.003798957493862276,0.003242127441390963,0.8119019372274472,0.8143995509969914,0.8168317060462225,0.8192009424520266,0.8215096705484262,0.823760179105942,0.8259546428998811
1.1927927927927928,0.05636936898001654,0.01431665961912032,0.008308951311042478,0.005905509475380599,0.004610603137065183,0.003799859874930478,0.0032429098632834608,0.8121327822761972,0.8146280306718844,0.8170578642336171,0.8194248220290168,0.8217313133994016,0.8239796261402845,0.8261719340705485
1.1945945945945946,0.05638130219348747,0.014319772567652711,0.008310803855479998,0.005906857215353223,0.004611677934779568,0.0038007623682712044,0.0032436923569738596,0.8123630615846051,0.8148559486845084,0.8172834648088056,0.819648148014296,0.8219524066482303,0.8241985275299258,0.8263886835208138
1.1963963963963964,0.056393239457663724,0.014322886415461755,0.008312656848554534,0.005908205223186691,0.004612752902633077,0.003801664971044838,0.0032444749201270273,0.8125927772296665,0.8150833071032101,0.8175085098313329,0.8198709224584709,0.8221729523364599,0.8244168853072481,0.8266048932738002
1.1981981981981982,0.05640518072191181,0.014326001150165468,0.008314510283345289,0.0059095534941497885,0.00461382803707,0.0038025676804359643,0.003245257550428815,0.8128219312782234,0.8153101079861942,0.8177330013506151,0.8200931474020345,0.8223929524955406,0.8246347014945533,0.8268205653425695
1.2,0.056417125935964596,0.014329116759469573,0.008316364152984312,0.005910902023543718,0.004614903334564824,0.0038034704936482644,0.0032460402455828374,0.813050525787026,0.8155363533815845,0.8179569414060005,0.8203148248754266,0.8226124091468858,0.8248519781041254,0.8270357017301853
1.2018018018018017,0.056429075049915456,0.014332233231170277,0.008318218450654391,0.005912250806706987,0.004615978791616682,0.003804373407907402,0.003246823003307031,0.813278562802793,0.8157620453274856,0.8181803320268316,0.8205359568990965,0.8228313243019353,0.8250687171382918,0.8272503044297738
1.2036036036036035,0.056441028014219685,0.01433535055315227,0.008320073169588382,0.0059135998390112965,0.004617054404750687,0.0038052764204621337,0.003247605821340316,0.8135060443622739,0.8159871858520442,0.8184031752325066,0.8207565454835637,0.8230496999622157,0.8252849205894855,0.8274643754245863
1.2054054054054053,0.056452984779686965,0.014338468713389618,0.008321928303068327,0.005914949115865209,0.0046181301705192634,0.003806179528578757,0.0032483886974375986,0.8137329724923094,0.8162117769735098,0.8186254730325399,0.8209765926294798,0.8232675381194021,0.8255005904403062,0.82767791668806
1.2072072072072073,0.056464945297481584,0.01434158769994165,0.008323783844426447,0.005916298632707706,0.00461920608550026,0.0038070827295473286,0.003249171629371439,0.8139593492098914,0.8164358207002953,0.8188472274266226,0.8211961003276881,0.8234848407553786,0.8257157286635802,0.8278909301838787
1.209009009009009,0.0564769095191191,0.014344707500956622,0.008325639787041816,0.00591764838501474,0.004620282146297616,0.003807986020676335,0.0032499546149336034,0.8141851765222228,0.8166593190310365,0.8190684404046832,0.8214150705592841,0.8237016098422979,0.8259303372224212,0.8281034178660327
1.2108108108108109,0.056488877396463355,0.014347828104666172,0.008327496124344247,0.005918998368293904,0.00462135834953914,0.0038088893992965778,0.0032507376519269604,0.8144104564267769,0.8168822739546514,0.8192891139469456,0.8216335052956749,0.8239178473426414,0.8261444180702895,0.8283153816788791
1.2126126126126127,0.056500848881723575,0.01435094949939042,0.008329352849811955,0.005920348578086987,0.004622434691880728,0.0038097928627575106,0.0032515207381781375,0.8146351909113558,0.8171046874503995,0.8195092500239893,0.8218514064986384,0.824133555209278,0.8263579731510515,0.8285268235572002
1.2144144144144144,0.05651282392745083,0.014354071673531088,0.00833120995696901,0.0059216990099685285,0.0046235111699994835,0.0038106964084294592,0.0032523038715249752,0.8148593819541496,0.8173265614879405,0.8197288505968077,0.8220687761203818,0.8243487353855231,0.8265710043990387,0.8287377454262631
1.2162162162162162,0.05652480248653835,0.014357194615575941,0.008333067439388775,0.005923049659545598,0.004624587780602152,0.0038116000337028444,0.0032530870498259645,0.8150830315237942,0.8175478980273918,0.8199479176168666,0.8222856161036005,0.8245633898051978,0.826783513739106,0.8289481492018782
1.218018018018018,0.05653678451221489,0.014360318314095677,0.00833492529069002,0.005924400522459461,0.0046256645204163505,0.003812503735988071,0.003253870270954917,0.8153061415794283,0.817768699019387,0.8201664530261614,0.8225019283815352,0.8247775203926849,0.8269955030866892,0.8291580367904565
1.2198198198198198,0.0565487699580447,0.014363442757742817,0.008336783504538703,0.005925751594379913,0.0046267413861965645,0.0038134075127144174,0.003254653532799412,0.8155287140707518,0.8179889664051326,0.8203844587572755,0.8227177148780302,0.8249911290629883,0.8272069743478634,0.829367410089068
1.2216216216216216,0.05656075877792366,0.014366567935252927,0.00833864207464785,0.005927102871012835,0.004627818374719039,0.003814311361330036,0.003255436833265901,0.815750750938081,0.818208702116465,0.8206019367334358,0.8229329775075892,0.8252042177217889,0.8274179294193993,0.8295762709854979
1.2234234234234234,0.05657275092607883,0.014369693835442177,0.008340500994775124,0.005928454348093748,0.004628895482785889,0.003815215279305284,0.0032562201702769356,0.8159722541124066,0.8184279080759073,0.8208188888685705,0.8231477181754333,0.8254167882655016,0.8276283701888202,0.8297846213583043
1.2252252252252251,0.05658474635706168,0.014372820447208223,0.008342360258725368,0.005929806021389483,0.004629972707224095,0.00381611926412595,0.0032570035417696097,0.8161932255154483,0.8186465861967245,0.8210353170673644,0.8233619387775558,0.8256288425813315,0.8278382985344583,0.8299924630768738
1.227027027027027,0.05659674502574996,0.014375947759528218,0.008344219860346946,0.005931157886698291,0.004631050044881402,0.0038170233132996945,0.0032577869456985598,0.8164136670597115,0.8188647383829807,0.8212512232253156,0.8235756412007799,0.8258403825473303,0.828047716325511,0.8301997980014777
1.2288288288288287,0.05660874688734285,0.014379075761458693,0.008346079793534522,0.005932509939851283,0.00463212749263231,0.00381792742435183,0.0032585703800315224,0.8166335806485416,0.8190823665295924,0.8214666092287898,0.8237888273228116,0.8260514100324509,0.8282566254220957,0.8304066279833275
1.2306306306306307,0.05662075189735849,0.014382204442136004,0.0083479400522255,0.0059338621767077715,0.004633205047372524,0.003818831594826544,0.003259353842753665,0.8168529681761793,0.8192994725223852,0.8216814769550755,0.8240014990122968,0.8262619268966027,0.8284650276753046,0.8306129548646298
1.2324324324324325,0.05663276001163209,0.014385333790773225,0.00834980063040347,0.005935214593158378,0.004634282706021953,0.003819735822285897,0.003260137331865698,0.8170718315278145,0.8195160582381469,0.8218958282724393,0.8242136581288749,0.8264719349907065,0.828672924927261,0.8308187804786413
1.2342342342342343,0.056644771186313614,0.014388463796662143,0.008351661522094878,0.005936567185124697,0.004635360465523153,0.0038206401043119342,0.0032609208453827643,0.817290172579641,0.8197321255446821,0.8221096650401789,0.8244253065232332,0.8266814361567486,0.8288803190111713,0.8310241066497229
1.236036036036036,0.05665678537786489,0.014391594449171374,0.008353522721368467,0.005937919948557302,0.004636438322839775,0.003821544438504132,0.0032617043813361057,0.8175079931989091,0.8199476763008662,0.8223229891086774,0.8246364460371605,0.8268904322278342,0.8290872117513808,0.8312289351933934
1.2378378378378379,0.05666880254305595,0.014394725737745806,0.008355384222338169,0.005939272879436852,0.004637516274961118,0.003822448822479174,0.0032624879377705085,0.8177252952439796,0.8201627123566978,0.8225358023194567,0.8248470785036006,0.8270989250282414,0.8292936049634259,0.831433267916383
1.2396396396396396,0.05668082263896623,0.014397857651906487,0.008357246019159326,0.005940625973774538,0.004638594318896905,0.003823353253873618,0.0032632715127484113,0.817942080564377,0.820377235553353,0.8227481065052307,0.825057205746706,0.8273069163734748,0.8294995004540882,0.8316371066166871
1.2414414414414414,0.05669284562297838,0.014400990181249074,0.008359108106030022,0.005941979227610639,0.004639672451679733,0.003824257730339675,0.003264055104342578,0.8181583510008407,0.8205912477232363,0.8229599034899573,0.8252668295818897,0.8275144080703165,0.8297049000214465,0.8318404530836185
1.2432432432432432,0.05670487145277814,0.014404123315444162,0.008360970477191088,0.005943332637012078,0.00464075067036418,0.0038251622495492077,0.0032648387106460897,0.8183741083853777,0.8208047506900342,0.8231711950888909,0.8254759518158772,0.8277214019168798,0.829909805454929,0.8320433090978593
1.245045045045045,0.05671690008635044,0.014407257044236621,0.008362833126923541,0.005944686198078641,0.004641828972026807,0.003826066809190398,0.003265622329762019,0.8185893545413151,0.8210177462687659,0.8233819831086345,0.8256845742467596,0.827927899702661,0.830114218535366,0.8322456764315137
1.2468468468468468,0.05672893148197944,0.014410391357444485,0.008364696049551812,0.005946039906935097,0.004642907353765602,0.00382697140696997,0.0032664059598108697,0.8188040912833501,0.8212302362658356,0.8235922693471909,0.8258926986640444,0.8281339032085903,0.8303181410350412,0.8324475568481593
1.2486486486486486,0.05674096559824304,0.014413526244959063,0.008366559239440186,0.00594739375973663,0.004643985812700535,0.003827876040610967,0.0032671895989243582,0.8190183204176019,0.8214422224790828,0.8238020555940139,0.8261003268487063,0.8283394142070837,0.8305215747177424,0.832648952102898
1.2504504504504503,0.05675300239401393,0.014416661696743494,0.008368422690994914,0.00594874775266685,0.004645064345973671,0.0038287807078536407,0.003267973245252631,0.8192320437416619,0.8216537066978336,0.8240113436300586,0.8263074605732387,0.828544434462093,0.8307245213388127,0.832849863942407
1.2522522522522523,0.05676504182845399,0.01441979770283397,0.008370286398660332,0.005950101881936343,0.004646142950746279,0.003829685406454675,0.0032687568969556047,0.8194452630446447,0.8218646907029507,0.824220135227833,0.8265141016017041,0.8287489657291577,0.8309269826452017,0.8330502941049901
1.2540540540540541,0.05677708386101554,0.014422934253336073,0.00837215035692418,0.005951456143783784,0.004647221624201725,0.0038305901341901816,0.0032695405522100707,0.8196579801072363,0.8220751762668832,0.8244284321514466,0.8267202516897832,0.828953009755453,0.831128960375514,0.8332502443206262
1.255855855855856,0.05678912845143591,0.014426071338427549,0.008374014560311394,0.005952810534475272,0.004648300363545355,0.003831494888849818,0.0032703242092065876,0.8198701967017461,0.822285165153717,0.8246362361566609,0.8269259125848262,0.8291565682798416,0.8313304562600603,0.8334497163110205
1.2576576576576577,0.05680117555973896,0.014429208948355532,0.008375879003388098,0.005954165050305105,0.004649379166001721,0.0038323996682423367,0.003271107866149592,0.8200819145921541,0.8224946591192233,0.824843548990939,0.8271310860259006,0.8293596430329221,0.8315314720209068,0.8336487117896536
1.2594594594594595,0.05681322514622644,0.01443234707343699,0.008377743680759275,0.005955519687592781,0.004650458028816806,0.0038333044701908126,0.0032718915212538446,0.8202931355341604,0.8227036599109075,0.8250503723934932,0.827335773743841,0.8295622357370773,0.8317320093719232,0.8338472324618297
1.2612612612612613,0.05682527717148522,0.014435485704058282,0.0083796085870681,0.005956874442686666,0.004651536949257018,0.003834209292536639,0.003272675172752759,0.820503861275234,0.8229121692680585,0.8252567080953352,0.8275399774612979,0.8297643481065248,0.8319320700188321,0.8340452800247263
1.263063063063063,0.05683733159637605,0.01443862483067393,0.008381473716997823,0.005958229311961105,0.004652615924608083,0.003835114133136086,0.003273458818891184,0.8207140935546611,0.8231201889217964,0.8254625578193239,0.8277436988927858,0.8299659818473637,0.8321316556592578,0.8342428561674425
1.2648648648648648,0.056849388382037014,0.014441764443806848,0.008383339065268447,0.005959584291816533,0.004653694952176601,0.003836018989862855,0.0032742424579236262,0.8209238341035919,0.8233277205951203,0.8256679232802123,0.8279469397447307,0.8301671386576229,0.8323307679827732,0.8344399625710461
1.2666666666666666,0.056861447489879535,0.014444904534046676,0.008385204626640053,0.005960939378680474,0.004654774029289932,0.003836923860604302,0.0032750260881253546,0.8211330846450897,0.8235347660029562,0.8258728061846969,0.8281497017155186,0.8303678202273098,0.8325294086709484,0.8346366009086224
1.2684684684684684,0.05687350888158693,0.01444804509205111,0.00838707039590747,0.005962294569006099,0.004655853153293421,0.003837828743266547,0.003275809707778521,0.8213418468941764,0.823741326852204,0.8260772082314636,0.8283519864955423,0.8305680282384559,0.8327275793973976,0.8348327728453204
1.2702702702702702,0.05688557251911108,0.014451186108543235,0.008388936367906608,0.005963649859271003,0.004656932321552509,0.0038387336357698087,0.003276593315180487,0.8215501225578807,0.8239474048417845,0.8262811311112348,0.8285537957672481,0.8307677643651653,0.832925281827826,0.8350284800384011
1.272072072072072,0.056897638364671876,0.014454327574313086,0.008390802537508235,0.005965005245982313,0.004658011531453399,0.0038396385360489615,0.003277376908641938,0.8217579133352839,0.8241530016626863,0.826484576506817,0.8287551312051835,0.8309670302736607,0.8331225176200772,0.8352237241372833
1.273873873873874,0.056909706380754765,0.014457469480215424,0.008392668899620204,0.005966360725668474,0.004659090780400721,0.003840543442056865,0.0032781604864852154,0.8219652209175662,0.824358118998011,0.8266875460931457,0.828955994476042,0.8311658276223295,0.8333192884241781,0.8354185067835896
1.2756756756756757,0.05692177653010766,0.014460611817171176,0.008394535449187335,0.005967716294885905,0.00466017006581787,0.003841448351760146,0.0032789440470472053,0.8221720469880529,0.8245627585230209,0.8268900415373325,0.8291563872387107,0.8313641580617706,0.833515595882387,0.8356128296111938
1.2774774774774775,0.05693384877574059,0.014463754576163668,0.008396402181191642,0.005969071950214011,0.004661249385147448,0.003842353263140197,0.003279727588675896,0.822378393222259,0.8247669219051819,0.8270920644987098,0.8293563111443139,0.8315620232348386,0.8337114416292365,0.8358066942462643
1.2792792792792793,0.05694592308092239,0.01446689774824228,0.008398269090650112,0.005970427688259838,0.004662328735851817,0.003843258174194397,0.003280511109733708,0.8225842612879363,0.8249706108042119,0.8272936166288771,0.8295557678362611,0.8317594247766914,0.8339068272915819,0.8360001023073123
1.281081081081081,0.05695799940918078,0.01447004132451879,0.00840013617261548,0.005971783505652861,0.004663408115411882,0.003844163082935781,0.003281294608592833,0.822789652845116,0.8251738268721236,0.8274946995717448,0.8297547589502895,0.8319563643148328,0.8341017544886438,0.8361930554052344
1.2828828828828829,0.05697007772429663,0.014473185296167923,0.008402003422176674,0.005973139399048311,0.004664487521326088,0.0038450679873910376,0.0032820780836397834,0.8229945695461548,0.8253765717532696,0.8276953149635803,0.8299532861145104,0.832152843469159,0.834296224832054,0.8363855551433584
1.2846846846846847,0.05698215799030637,0.01447632965442791,0.008403870834457483,0.005974495365124288,0.004665566951112199,0.003845972885601845,0.0032828615332728406,0.8231990130357795,0.8255788470843878,0.8278954644330512,0.8301513509494527,0.8323488638520022,0.8344902399259001,0.8365776031174881
1.2864864864864864,0.05699424017149679,0.01447947439059738,0.008405738404617114,0.005975851400584875,0.00466664640230563,0.0038468777756254235,0.0032836449559027203,0.8234029849511296,0.8257806544946436,0.8280951496012697,0.8303489550681075,0.8325444270681749,0.8346838013667686,0.8367692009159463
1.2882882882882882,0.05700632423240515,0.014482619496038573,0.00840760612784841,0.0059772075021568005,0.004667725872461892,0.003847782655531873,0.0032844283499501303,0.8236064869218019,0.8259819956056752,0.8282943720818366,0.8305461000759713,0.8327395347150135,0.8348769107437894,0.8369603501196193
1.29009009009009,0.05701841013781628,0.014485764962173464,0.00840947399938019,0.005978563666591219,0.004668805359151373,0.0038486875234078344,0.0032852117138525427,0.8238095205698942,0.8261828720316365,0.828493133480885,0.8307427875710904,0.8329341883824222,0.8350695696386797,0.8371510523020004
1.2918918918918918,0.0570304978527616,0.014488910780485309,0.008411342014474021,0.005979919890663377,0.004669884859964779,0.0038495923773533836,0.003285995046053647,0.8240120875100472,0.8263832853792398,0.8286914353971222,0.8309390191441027,0.8331283896529155,0.8352617796257857,0.8373413090292323
1.2936936936936936,0.057042587342514994,0.01449205694251654,0.008413210168426222,0.005981276171170169,0.004670964372509689,0.0038504972154814743,0.0032867783450137855,0.8242141893494884,0.8265832372477991,0.8288892794218742,0.8311347963782822,0.8333221401016618,0.8354535422721272,0.8375311218601514
1.2954954954954956,0.057054678572595385,0.01449520343987154,0.008415078456567748,0.0059826325049330276,0.0046720438944116705,0.0038514020359206036,0.003287561609201295,0.8244158276880744,0.8267827292292731,0.8290866671391272,0.8313301208495804,0.8335154412965259,0.835644859137439,0.837720492346329
1.2972972972972974,0.05706677150875972,0.014498350264211646,0.008416946874260423,0.005983988888797809,0.004673123423313719,0.0038523068368135904,0.003288344837098056,0.8246170041183328,0.826981762908306,0.82928360012557,0.8315249941266686,0.8337082947981104,0.8358357317742134,0.8379094220321139
1.2990990990990992,0.05707886611700508,0.014501497407258479,0.008418815416901593,0.005985345319629576,0.00467420295687615,0.0038532116163169094,0.0032891280271964973,0.8248177202255039,0.827180339862271,0.829480079950636,0.8317194177709804,0.8339007021597986,0.8360261617277428,0.8380979124546748
1.300900900900901,0.05709096236356481,0.014504644860791394,0.008420684079919472,0.005986701794319926,0.004675282492775934,0.0038541163725992478,0.0032899111780035906,0.8250179775875831,0.8273784616613109,0.8296761081765456,0.8319133933367536,0.8340926649277963,0.8362161505361605,0.8382859651440419
1.3027027027027027,0.057103060214908186,0.014507792616648252,0.008422552858777799,0.005988058309781219,0.0046763620287083585,0.0038550211038451687,0.003290694288032081,0.8252177777753616,0.8275761298683801,0.8298716863583463,0.8321069223710705,0.8342841846411724,0.8364056997304826,0.8384735816231477
1.3045045045045045,0.0571151596377365,0.014510940666724648,0.008424421748969957,0.005989414862946463,0.0046774415623837,0.003855925808251337,0.0032914773558110344,0.8254171223524681,0.8277733460392854,0.830066816043955,0.8323000064139007,0.8344752628319007,0.8365948108346496,0.8386607634078691
1.3063063063063063,0.05712726059898443,0.01451408900297213,0.008426290746022858,0.005990771450775645,0.004678521091531662,0.0038568304840286283,0.0032922603798773986,0.8256160128754084,0.8279701117227269,0.8302614987741983,0.8324926469981399,0.8346659010249003,0.836783485365566,0.838847512007067
1.308108108108108,0.05713936306581613,0.014517237617400536,0.008428159845495053,0.005992128070245184,0.004679600613896828,0.003857735129401463,0.0032930433587813335,0.8258144508936073,0.8281664284603385,0.8304557360828526,0.8326848456496521,0.8348561007380768,0.8369717248331419,0.8390338289226278
1.3099099099099099,0.0571514670056229,0.014520386502073879,0.008430029042977516,0.005993484718357922,0.0046806801272401,0.0038586397426065844,0.003293826291084101,0.8260124379494479,0.8283622977867279,0.8306495294966852,0.8328766038873092,0.8350458634823615,0.8371595307403327,0.8392197156495035
1.3117117117117116,0.05716357238602421,0.014523535649114905,0.008431898334091525,0.005994841392135686,0.004681759629340809,0.0038595443218943926,0.0032946091753554008,0.8262099755783118,0.8285577212295171,0.8308428805354942,0.8330679232230312,0.8352351907617526,0.8373469045831793,0.8394051736757511
1.3135135135135134,0.05717567917486288,0.014526685050699206,0.008433767714489449,0.005996198088623839,0.00468283911799261,0.0038604488655289426,0.0032953920101798095,0.8264070653086193,0.8287527003093821,0.8310357907121475,0.833258805161826,0.8354240840733542,0.8375338478508484,0.839590204482573
1.3153153153153152,0.057187787340206575,0.01452983469905822,0.008435637179856514,0.005997554804886951,0.004683918591006364,0.0038613533717863913,0.003296174794146123,0.8266037086618678,0.8289472365400914,0.8312282615326229,0.8334492512018281,0.8356125449074159,0.8377203620256706,0.8397748095443562
1.3171171171171172,0.05719989685034321,0.014532984586478892,0.008437506725907151,0.005998911538012464,0.004684998046208477,0.003862257838956551,0.003296957525862121,0.8267999071526717,0.8291413314285464,0.8314202944960472,0.833639262834339,0.8358005747473719,0.8379064485831805,0.8399589903287111
1.318918918918919,0.05721200767378043,0.01453613470530124,0.00843937634838643,0.0060002682851079125,0.004686077481442674,0.0038631622653410025,0.003297740203939248,0.8269956622888012,0.8293349864748196,0.8316118910947349,0.833828841543865,0.8359881750698804,0.838092108992156,0.840142748296511
1.3207207207207208,0.05722411977924624,0.014539285047919903,0.008441246043070394,0.006001625043302039,0.0046871568945658915,0.0038640666492545384,0.0032985228270032696,0.8271909755712202,0.8295282031721932,0.8318030528142268,0.8340179888081566,0.8361753473448613,0.8382773447146554,0.8403260849019301
1.3225225225225226,0.05723623313568338,0.014542435606782145,0.008443115805764068,0.006002981809745567,0.004688236283453939,0.0038649709890251627,0.003299305393689833,0.8273858484941259,0.8297209830071978,0.8319937811333289,0.8342067060982465,0.8363620930355355,0.8384621572060577,0.8405090015924819
1.3243243243243243,0.057248347712249514,0.014545586374389186,0.00844498563230378,0.006004338581607871,0.0046893156459956176,0.003865875282992981,0.003300087902643911,0.8275802825449864,0.8299133274596506,0.8321840775241502,0.8343949948784887,0.8365484135984632,0.8386465479150994,0.8406914998090586
1.3261261261261261,0.05726046347831748,0.014548737343293427,0.008446855518555174,0.006005695356079865,0.004690394980097268,0.003866779529508868,0.0033008703525214678,0.8277742792045775,0.8301052380026928,0.8323739434521402,0.8345828566065941,0.8367343104835803,0.8388305182839125,0.8408735809859667
1.327927927927928,0.05727258040347105,0.014551888506100119,0.008448725460411532,0.006007052130372559,0.004691474283678665,0.0038676837269391307,0.0033016527419874597,0.8279678399470216,0.8302967161028271,0.832563380376127,0.8347702927336705,0.8369197851342373,0.8390140697480625,0.8410552465509662
1.3297297297297297,0.05728469845750439,0.014555039855467578,0.008450595453798115,0.006008408901717388,0.004692553554676571,0.0038685878736596235,0.0033024350697201665,0.8281609662398249,0.8304877632199559,0.8327523897483544,0.8349573047042588,0.8371048389872364,0.8391972037365854,0.8412364979253074
1.3315315315315315,0.05729681761042016,0.014558191384104413,0.00845246549466716,0.006009765667364109,0.00469363279104118,0.003869491968059302,0.003303217334404196,0.8283536595439137,0.8306783808074177,0.8329409730145193,0.8351438939563701,0.8372894734728684,0.8393799216720249,0.841417336523768
1.3333333333333333,0.05730893783242985,0.014561343084770972,0.008454335578999883,0.006011122424584903,0.004694711990739564,0.003870396008539001,0.003303999534736146,0.8285459213136719,0.8308685703120242,0.8331291316138083,0.8353300619215231,0.8374736900149498,0.8395622249704695,0.8415977637546901
1.335135135135135,0.05732105909394902,0.014564494950277784,0.008456205702807695,0.006012479170670382,0.004695791151752449,0.0038712999935124337,0.003304781669421941,0.8287377529969774,0.8310583331740966,0.8333168669789345,0.8355158100247803,0.837657490030859,0.8397441150415885,0.8417777810200161
1.3369369369369368,0.05733318136559851,0.014567646973486448,0.0084580758621281,0.0060138359029303645,0.0046968702720759925,0.0038722039214038606,0.003305563737177053,0.8289291560352382,0.8312476708275023,0.8335041805361734,0.835701139684784,0.837840874931573,0.839925593288669,0.8419573897153257
1.3387387387387388,0.05734530461820131,0.01457079914730719,0.008459946053027467,0.006015192618694543,0.004697949349720898,0.0038731077906489775,0.0033063457367270566,0.8291201318634291,0.8314365846996911,0.8336910737053996,0.8358860523137934,0.8380238461217034,0.8401066611086512,0.8421365912298722
1.3405405405405406,0.0573574288227825,0.014573951464700752,0.008461816271601474,0.006016549315311925,0.004699028382711967,0.003874011599697358,0.00330712766680874,0.8293106819101266,0.8316250762117302,0.8338775479001221,0.8360705493177193,0.8382064049995318,0.8402873198921644,0.8423153869466163
1.3423423423423424,0.05736955395056664,0.014577103918676837,0.008463686513972224,0.006017905990150285,0.0047001073690887685,0.003874915347007568,0.003307909526164443,0.8295008075975459,0.8318131467783413,0.8340636045275209,0.836254632096161,0.8383885529570467,0.8404675710235641,0.8424937782422653
1.3441441441441442,0.057381679972976496,0.014580256502295108,0.008465556776289573,0.006019262640597267,0.004701186306905858,0.0038758190310512752,0.003308691313552381,0.8296905103415747,0.8320007978079346,0.8342492449884811,0.8364383020424404,0.8385702913799773,0.8406474158809646,0.8426717664873049
1.345945945945946,0.05739380686163187,0.014583409208662412,0.008467427054729804,0.006020619264057281,0.0047022651942313365,0.0038767226503110264,0.003309473027733323,0.8298797915518094,0.8321880307026445,0.8344344706776287,0.8366215605436378,0.8387516216478292,0.8408268558362765,0.8428493530460357
1.3477477477477477,0.05740593458834864,0.014586562030933448,0.008469297345498616,0.006021975857955941,0.00470334402914796,0.003877626203281026,0.0033102546674805833,0.8300686526315896,0.8323748468583648,0.8346192829833655,0.8368044089806271,0.8389325451339201,0.8410058922552405,0.8430265392766089
1.3495495495495495,0.05741806312513642,0.014589714962312206,0.00847116764482625,0.006023332419736294,0.004704422809751474,0.003878529688466803,0.00331103623157758,0.830257094978033,0.832561247664783,0.8348036832879044,0.8369868487281099,0.8391130632054135,0.8411845264974621,0.8432033265310592
1.3513513513513513,0.05743019244419678,0.014592867996049197,0.008473037948971252,0.006024688946859369,0.0047055015341535,0.003879433104383434,0.003311817718816834,0.8304451199820698,0.8327472345054149,0.8349876729673026,0.8371688811546503,0.8392931772233531,0.8413627599164464,0.8433797161553409
1.353153153153153,0.057442322517923916,0.014596021125442782,0.008474908254217262,0.00602604543680485,0.004706580200477317,0.0038803364495593184,0.0033125991279974176,0.8306327290284767,0.8329328087576385,0.8351712533914966,0.8373505076227088,0.839472888542698,0.8415405938596319,0.8435557094893605
1.3549549549549549,0.05745445331890131,0.014599174343837285,0.008476778556876341,0.006027401887070849,0.0047076588068616365,0.0038812397225328477,0.003313380457931281,0.8308199234959108,0.8331179717927286,0.8353544259243357,0.8375317294886765,0.8396521985123552,0.8417180296684242,0.8437313078670116
1.3567567567567567,0.057466584819900635,0.014602327644623214,0.008478648853284532,0.006028758295173686,0.004708737351458048,0.003882142921853182,0.0033141617074380347,0.8310067047569443,0.8333027249758903,0.835537191923617,0.837712548102909,0.8398311084752149,0.8418950686782309,0.8439065126162085
1.3585585585585584,0.057478716993881185,0.014605481021238376,0.008480519139804743,0.006030114658646335,0.004709815832432018,0.00388304604608003,0.003314942875342397,0.8311930741780963,0.833487069666292,0.8357195527411172,0.8378929648097596,0.8400096197681829,0.8420717122184935,0.8440813250589192
1.3603603603603602,0.05749084981398822,0.01460863446716576,0.008482389412826419,0.006031470975041309,0.004710894247961894,0.0038839490937848664,0.003315723960486072,0.831379033119868,0.8336710072170999,0.8359015097226272,0.8380729809476128,0.8401877337222142,0.842247961612722,0.8442557465111991
1.3621621621621622,0.057502983253550966,0.014611787975933321,0.008484259668762317,0.00603282724192733,0.0047119725962396775,0.00388485206354916,0.0033165049617105424,0.8315645829367749,0.8338545389755098,0.8360830642079847,0.8382525978489178,0.8403654516623463,0.8424238181785271,0.844429778283224
1.363963963963964,0.05751511728608272,0.014614941541114868,0.008486129904053952,0.00603418345689144,0.0047130508754711364,0.003885754953964926,0.0033172858778733882,0.8317497249773793,0.834037666282781,0.8362642175311071,0.8384318168402201,0.8405427749077318,0.8425992832276534,0.8446034216793223
1.3657657657657658,0.0575272518852773,0.014618095156328836,0.008488000115164929,0.006035539617537666,0.004714129083874474,0.0038866577636347266,0.003318066707836409,0.8319344605843234,0.8342203904742682,0.8364449710200244,0.8386106392421955,0.8407197047716709,0.8427743580660121,0.8447766779980086
1.3675675675675676,0.057539387025009936,0.01462124881523763,0.008489870298585833,0.006036895721486912,0.004715207219681328,0.003887560491171782,0.0033188474504737275,0.8321187910943622,0.8344027128794548,0.8366253259969109,0.838789066369682,0.8408962425616444,0.8429490439937128,0.8449495485320149
1.3693693693693694,0.05755152267933572,0.01462440251154884,0.008491740450830232,0.0060382517663775115,0.004716285281135546,0.00388846313519986,0.0033196281046633525,0.8323027178383948,0.8345846348219843,0.8368052837781188,0.838967099531712,0.8410723895793455,0.8431233423050969,0.845122034568324
1.3711711711711712,0.05756365882248604,0.014627556239012462,0.008493610568438337,0.006039607749866116,0.004717363266495966,0.003889365694351943,0.003320408669295727,0.8324862421414975,0.8347661576196928,0.8369848456742088,0.8391447400315444,0.8412481471207115,0.843297254288768,0.8452941373882003
1.372972972972973,0.05757579542887015,0.014630709991423019,0.008495480647974119,0.0060409636696237,0.004718441174030974,0.0038902681672728923,0.003321189143267844,0.8326693653229542,0.8349472825846406,0.837164012989983,0.8393219891666962,0.841423516475956,0.8434707812276248,0.845465858267222
1.3747747747747747,0.05758793247307259,0.014633863762617993,0.00849735068602575,0.0060423195233391125,0.00471951900202483,0.003891170552615786,0.003321969525486357,0.8328520886962895,0.835128011023144,0.8373427870245155,0.8394988482289742,0.8415984989296006,0.8436439243988921,0.8456371984753129
1.3765765765765765,0.05760006992985134,0.014637017546477171,0.008499220679204722,0.006043675308719965,0.004720596748771455,0.0038920728490455803,0.0033227498148655776,0.8330344135692992,0.8353083442358066,0.8375211690711846,0.8396753185045066,0.8417730957605057,0.8438166850741524,0.8458081592767731
1.3783783783783783,0.05761220777413889,0.014640171336923968,0.008501090624147833,0.0060450310234864135,0.004721674412579202,0.003892975055236003,0.003323530010327591,0.8332163412440818,0.8354882835175508,0.8376991604177041,0.8398514012737741,0.8419473082419024,0.8439890645193773,0.845978741930311
1.38018018018018,0.05762434598103727,0.014643325127923545,0.008502960517514757,0.006046386665377823,0.004722751991769414,0.003893877169870996,0.0033243101108029194,0.833397873017069,0.8356678301576475,0.8378767623461527,0.8400270978116399,0.8421211376414223,0.8441610639949568,0.8461489476890722
1.381981981981982,0.057636484525820486,0.014646478913482475,0.008504830355990034,0.006047742232149322,0.004723829484672981,0.003894779191643938,0.0033250901152314105,0.8335790101790579,0.8358469854397491,0.8380539761330075,0.8402024093873826,0.8422945852211295,0.8443326847557331,0.8463187778006733
1.3837837837837839,0.05764862338393195,0.014649632687650516,0.008506700136280076,0.0060490977215716946,0.00472490688963545,0.003895681119259753,0.0033258700225583526,0.8337597540152393,0.8360257506419182,0.8382308030491719,0.8403773372647243,0.8424676522375506,0.8445039280510275,0.8464882335072295
1.3855855855855856,0.05766076253098129,0.01465278644451673,0.008508569855113945,0.006050453131431155,0.004725984205014022,0.003896582951430916,0.003326649831740136,0.8339401058052301,0.8362041270366586,0.8384072443600072,0.8405518827018627,0.8426403399417046,0.8446747951246735,0.8466573160453862
1.3873873873873874,0.05767290194274721,0.014655940178213034,0.008510439509247458,0.006051808459531904,0.004727061429177337,0.003897484686880337,0.0033274295417403676,0.834120066823103,0.8363821158909456,0.8385833013253634,0.8407260469515005,0.8428126495791339,0.8448452872150455,0.8468260266463491
1.3891891891891892,0.05768504159517274,0.014659093882910978,0.008512309095455528,0.0060531637036918,0.004728138560506245,0.0038983863243400307,0.0033282091515280943,0.8342996383374158,0.8365597184662562,0.8387589751996076,0.8408998312608758,0.8429845823899336,0.8450154055550892,0.8469943665359138
1.390990990990991,0.05769718146436553,0.014662247552823304,0.008514178610537493,0.0060545188617456835,0.004729215597393477,0.0038992878625523364,0.003328988660083576,0.8344788216112417,0.8367369360185981,0.8389342672316553,0.841073236871791,0.8431561396087812,0.8451851513723513,0.8471623369344954
1.3927927927927928,0.057709321526597135,0.014665401182202276,0.00851604805131545,0.0060558739315438315,0.004730292538244085,0.003900189300268808,0.0033297680663932905,0.834657617902199,0.8369137697985404,0.8391091786649989,0.8412462650206438,0.8433273224649669,0.8453545258890086,0.8473299390571583
1.3945945945945946,0.057721461758300285,0.014668554765340902,0.008517917414632592,0.006057228910950396,0.004731369381473671,0.003901090636250215,0.003330547369449932,0.8348360284624804,0.8370902210512419,0.8392837107377378,0.8414189169384549,0.843498132182422,0.8455235303218979,0.8474971741136452
1.3963963963963963,0.057733602136069595,0.01467170829657194,0.008519786697356313,0.0060585837978474055,0.004732446125510381,0.003901991869265764,0.0033313265682560766,0.8350140545388824,0.8372662910164815,0.8394578646826075,0.8415911938508991,0.843668569979749,0.845692165882545,0.8476640433084068
1.3981981981981981,0.05774574263665899,0.014674861770265668,0.008521655896375213,0.0060599385901305425,0.004733522768793463,0.003902892998095653,0.0033321056618230704,0.8351916973728337,0.8374419809286858,0.8396316417270078,0.8417630969783321,0.8438386370702495,0.8458604337771933,0.8478305478406295
1.4,0.057757883236981944,0.014678015180833115,0.008523525008599653,0.006061293285710367,0.004734599309773935,0.00390379402152663,0.0033328846491652575,0.8353689582004251,0.8376172920169592,0.8398050430930329,0.8419346275358212,0.844008334661954,0.8460283352068328,0.8479966889042653
1.4018018018018017,0.057770023914108015,0.014681168522724164,0.008525394030961975,0.006062647882513983,0.004735675746913803,0.0039046949383578777,0.0033336635293096384,0.8355458382524369,0.837792225505112,0.8399780699974992,0.8421057867331727,0.8441776639576497,0.8461958713672287,0.8481624676880597
1.4036036036036037,0.057782164645264866,0.014684321790426447,0.008527262960416171,0.006064002378482369,0.0047367520786867345,0.0039055957473946856,0.0033344423012875435,0.8357223387543689,0.837966782611689,0.8401507236519743,0.8422765757749614,0.8443466261549097,0.8463630434489501,0.8483278853755806
1.4054054054054055,0.05779430540783492,0.014687474978466009,0.008529131793937772,0.00606535677157094,0.004737828303577274,0.0039064964474523345,0.003335220964139518,0.8358984609264665,0.8381409645499974,0.8403230052628041,0.8424469958605577,0.8445152224461205,0.8465298526373968,0.8484929431452454
1.4072072072072073,0.05780644617935482,0.014690628081407642,0.008531000528523958,0.006066711059750651,0.004738904420081513,0.003907397037355986,0.003335999516909216,0.8360742059837519,0.838314772528136,0.8404949160311431,0.8426170481841568,0.8446834540185107,0.8466963001128296,0.8486576421703508
1.409009009009009,0.05781858693751407,0.014693781093851666,0.008532869161192558,0.0060680652410070035,0.004739980426705981,0.003908297515937353,0.003336777958654058,0.8362495751360488,0.8384882077490213,0.8406664571529795,0.8427867339348053,0.8448513220541779,0.846862387050396,0.8488219836190981
1.4108108108108108,0.05783072766015551,0.0146969340104387,0.00853473768898294,0.0060694193133378205,0.004741056321968529,0.003909197882038806,0.003337556288433574,0.8364245695880128,0.8386612714104176,0.8408376298191658,0.8429560542964305,0.8450188277301177,0.8470281146201593,0.8489859686546235
1.4126126126126126,0.0578428683252713,0.014700086825844894,0.008536606108955014,0.0060707732747598,0.004742132104397445,0.003910098134511153,0.0033383345053181745,0.8365991905391569,0.8388339647049619,0.8410084352154436,0.8431250104478661,0.8451859722182499,0.8471934839871248,0.8491495984350231
1.4144144144144144,0.0578550089110057,0.014703239534783141,0.008538474418189224,0.006072127123300741,0.00474320777253312,0.003910998272213195,0.0033391126083819334,0.8367734391838804,0.8390062888201936,0.8411788745224732,0.8432936035628814,0.8453527566854466,0.8473584963112686,0.8493128741133822
1.4162162162162162,0.05786714939564974,0.014706392132003976,0.008540342613787333,0.00607348085700099,0.004744283324924603,0.003911898294012728,0.0033398905967075843,0.8369473167114952,0.8391782449385807,0.8413489489158598,0.8434618348102071,0.8455191822935596,0.8475231527475634,0.8494757968378007
1.418018018018018,0.05787928975764456,0.014709544612293235,0.008542210692871421,0.006074834473919766,0.004745358760133489,0.0039127981987848726,0.003340668469386965,0.8371208243062539,0.8393498342375468,0.8415186595661805,0.843629705353563,0.8456852501994464,0.8476874544460061,0.8496383677514217
1.4198198198198198,0.05789142997557617,0.014712696970473726,0.00854407865258311,0.006076187972125835,0.004746434076730921,0.003913697985415632,0.003341446225514355,0.8372939631473751,0.8395210578894978,0.8416880076390113,0.8437972163516844,0.8458509615549977,0.8478514025516444,0.8498005879924561
1.4216216216216215,0.05790357002817781,0.014715849201403897,0.008545946490085443,0.006077541349705506,0.004747509273299699,0.003914597652797225,0.0033422238641953594,0.8374667344090718,0.8396919170618495,0.8418569942949538,0.8439643689583491,0.8460163175071641,0.8480149982046034,0.8499624586942113
1.4234234234234233,0.05791570989432726,0.01471900129997783,0.008547814202559234,0.006078894604755081,0.004748584348430396,0.003915497199830864,0.00334300138453969,0.8376391392605763,0.839862412917053,0.8420256206896615,0.8441311643224038,0.8461813191979818,0.8481782425401119,0.8501239809851162
1.4252252252252253,0.05792784955304586,0.014722153261124582,0.008549681787208607,0.006080247735388067,0.004749659300726461,0.0039163966254259774,0.0033437787856649415,0.8378111788661684,0.8400325466126219,0.8421938879738667,0.8442976035877905,0.8463459677646002,0.8483411366885292,0.8502851559887483
1.427027027027027,0.05793998898349717,0.01472530507980907,0.00855154924125423,0.006081600739730408,0.004750734128801226,0.0039172959285006526,0.003344556066696147,0.8379828543851997,0.840202319301158,0.842361797293406,0.8444636878935722,0.8465102643393065,0.8485036817753702,0.8504459848238586
1.428828828828829,0.057952128164988626,0.014728456751030072,0.00855341656193842,0.006082953615918818,0.004751808831278126,0.0039181951079801935,0.0033453332267635583,0.8381541669721212,0.8403717321303775,0.8425293497892467,0.8446294183739594,0.8466742100495527,0.8486658789213324,0.8506064686043988
1.4306306306306307,0.057964267076966336,0.014731608269822671,0.008555283746522035,0.006084306362107217,0.0047528834067894765,0.0039190941627995635,0.0033461102650045316,0.8383251177765082,0.8405407862431371,0.8426965465975124,0.844794796158336,0.8468378060179812,0.848827729242321,0.8507666084395463
1.4324324324324325,0.057976405699016964,0.014734759631254146,0.008557150792284918,0.006085658976461739,0.0047539578539790295,0.003919993091900165,0.0033468871805650835,0.8384957079430865,0.8407094827774589,0.8428633888495088,0.8449598223712838,0.84700105336245,0.8489892338494743,0.8509264054337294
1.4342342342342342,0.05798854401086695,0.014737910830428191,0.008559017696527449,0.006087011457160174,0.004755032171499862,0.003920891894231282,0.003347663972594339,0.8386659386117579,0.8408778228665572,0.8430298776717499,0.84512449813261,0.8471639531960587,0.8491503938491901,0.851085860686654
1.436036036036036,0.05800068199237973,0.014741061862480254,0.008560884456567663,0.006088363802395413,0.004756106358015488,0.003921790568751415,0.0033484406402501943,0.8388358109176249,0.8410458076388627,0.8431960141859813,0.8452888245573704,0.8473265066271733,0.8493112103431497,0.851244975293327
1.4378378378378378,0.058012819623555756,0.01474421272258164,0.008562751069743912,0.006089716010373114,0.00475718041219908,0.003922689114426503,0.003349217182695874,0.8390053259910171,0.8412134382180478,0.8433617995092079,0.845452802755896,0.8474887147594516,0.8494716844283438,0.8514037503440828
1.4396396396396396,0.058024956884531464,0.014747363405934522,0.008564617533411645,0.006091068079309925,0.004758254332733247,0.003923587530229367,0.0033499935991042618,0.8391744849575156,0.8413807157230533,0.8435272347537176,0.8456164338338178,0.8476505786918688,0.8496318171970977,0.851562186924608
1.4414414414414414,0.058037093755579194,0.014750513907777152,0.008566483844946404,0.006092420007436705,0.0047593281183100355,0.003924485815141376,0.003350769888649574,0.8393432889379775,0.8415476412681102,0.8436923210271059,0.8457797188920906,0.8478120995187404,0.8497916097370947,0.8517202861159651
1.4432432432432432,0.05804923021710462,0.014753664223379093,0.008568350001741165,0.006093771792997749,0.004760401767632705,0.0039253839681517855,0.00335154605051613,0.8395117390485617,0.8417142159627677,0.8438570594323014,0.8459426590270193,0.8479732783297492,0.8499510631314025,0.8518780489946186
1.445045045045045,0.05806136624964642,0.014756814348042546,0.008570216001208442,0.006095123434250005,0.004761475279412508,0.003926281988256397,0.0033523220838937995,0.8396798364007526,0.8418804409119157,0.8440214510675899,0.846105255330282,0.8481341162099683,0.8501101784584963,0.8520354766324582
1.446846846846847,0.05807350183387672,0.014759964277103133,0.008572081840778178,0.006096474929461193,0.004762548652369802,0.003927179874460673,0.00335309798797645,0.839847582101385,0.84204631721581,0.8441854970266394,0.8462675088889557,0.848294614239886,0.8502689567922843,0.8521925700968239
1.4486486486486487,0.05808563695059765,0.014763114005927558,0.008573947517898972,0.006097826276913354,0.004763621885236269,0.003928077625775184,0.0033538737619686065,0.8400149772526678,0.842211845970096,0.8443491983985227,0.8464294207855387,0.8484547734954294,0.8504273992021301,0.8523493304505292
1.4504504504504505,0.05809777158074336,0.014766263529915502,0.008575813030037072,0.006099177474899298,0.004764694976751915,0.003928975241218491,0.0033546494050767928,0.8401820229522095,0.842377028265834,0.8445125562677444,0.846590992097977,0.8486145950479898,0.8505855067528789,0.8525057587518865
1.4522522522522523,0.058109905705376,0.014769412844499508,0.0085776783746766,0.006100528521725268,0.004765767925665854,0.0039298727198183725,0.003355424916515193,0.8403487202930401,0.8425418651895216,0.8446755717142612,0.8467522238996859,0.8487740799644445,0.8507432805048796,0.852661856054729
1.454054054054054,0.05812203930568738,0.014772561945141205,0.008579543549319557,0.006101879415710054,0.004766840730736077,0.0039307700606081575,0.003356200295504652,0.8405150703636372,0.8427063578231186,0.8448382458135091,0.8469131172595755,0.8489332293071827,0.850900721514009,0.8528176234084361
1.4558558558558559,0.058134172362997116,0.014775710827335309,0.008581408551486258,0.006103230155184325,0.004767913390730905,0.003931667262629168,0.0033569755412722335,0.8406810742479476,0.8428705072440706,0.8450005796364247,0.8470736732420737,0.8490920441341278,0.851057830831696,0.8529730618579561
1.4576576576576576,0.05814630485875105,0.014778859486607732,0.008583273378713452,0.006104580738489074,0.004768985904426981,0.0039325643249293885,0.0033577506530482193,0.8408467330254128,0.8430343145253322,0.8451625742494703,0.8472338929071493,0.8492505254987608,0.8512146095049441,0.8531281724438294
1.4594594594594594,0.05815843677452204,0.014782007918514695,0.00858513802855565,0.006105931163979728,0.004770058270610833,0.003933461246564907,0.003358525630072662,0.841012047770991,0.8431977807353904,0.8453242307146558,0.8473937773103362,0.8494086744501445,0.8513710585763558,0.8532829562022126
1.4612612612612612,0.05817056809200771,0.014785156118643838,0.008587002498584795,0.006107281430023148,0.004771130488075537,0.003934358026598361,0.0033593004715900543,0.8411770195551803,0.8433609069382878,0.8454855500895628,0.8475533275027551,0.8495664920329455,0.8515271790841534,0.8534374141649
1.463063063063063,0.058182698793029175,0.01478830408261389,0.00858886678639037,0.006108631534995412,0.0047722025556269365,0.00393525466409983,0.003360075176850663,0.841341649444043,0.8435236941936457,0.8456465334273675,0.8477125445311384,0.849723979287458,0.851682972062205,0.8535915473593482
1.4648648648648648,0.058194828859532866,0.014791451806071332,0.008590730889577292,0.006109981477287474,0.0047732744720764275,0.003936151158145718,0.0033608497451073083,0.8415059384992273,0.8436861435566875,0.8458071817768638,0.8478714294378517,0.8498811372496266,0.8518384385400453,0.8537453568086979
1.4666666666666666,0.058206958273586906,0.01479459928469573,0.00859259480577046,0.006111331255302277,0.004774346236245064,0.003937047507820979,0.003361624175625466,0.8416698877779909,0.8438482560782609,0.8459674961824855,0.848029983260917,0.8500379669510685,0.8519935795428984,0.8538988435317969
1.4684684684684686,0.05821908701737988,0.01479774651419552,0.008594458532607763,0.006112680867450204,0.004775417846964558,0.003937943712216008,0.0033623984676716123,0.8418334983332236,0.8440100328048608,0.8461274776843295,0.8481882070340357,0.8501944694190968,0.8521483960917017,0.8540520085432225
1.4702702702702704,0.05823121507322426,0.01480089349030822,0.008596322067746964,0.0061140303121569595,0.004776489303071618,0.003938839770428415,0.0033631726205179957,0.8419967712134694,0.8441714747786516,0.8462871273181779,0.8483461017866102,0.8503506456767421,0.8523028892031262,0.8542048528533036
1.4720720720720721,0.05824334242355034,0.014804040208801772,0.008598185408860926,0.0061153795878589046,0.004777560603414943,0.003939735681562806,0.003363946633445636,0.8421597074629489,0.8443325830374901,0.8464464461155207,0.8485036685437667,0.8505064967427752,0.8524570598896005,0.8543573774681431
1.473873873873874,0.05825546905090817,0.014807186665472982,0.008600048553639161,0.006116728693002282,0.004778631746850448,0.003940631444731224,0.0033647205057355523,0.8423223081215822,0.8444933586149472,0.8466054351035776,0.8486609083263774,0.8506620236317298,0.8526109091593324,0.8545095833896404
1.4756756756756757,0.05826759493796685,0.0148103328561483,0.008601911499787396,0.006118077626045437,0.0047797027322417085,0.003941527059052152,0.003365494236680866,0.8424845742250107,0.8446538025403303,0.8467640953053205,0.848817822151083,0.8508172273539236,0.8527644380163305,0.8546614716155129
1.4774774774774775,0.05827972006751292,0.014813478776681932,0.008603774245027784,0.00611942638545826,0.004780773558462292,0.003942422523649403,0.0033662678255769185,0.8426465068046187,0.8448139158387049,0.8469224277394953,0.8489744110303135,0.8509721089154804,0.8529176474604262,0.8548130431393173
1.4792792792792793,0.05829184442245028,0.014816624422957947,0.00860563678709858,0.006120774969722409,0.00478184422439365,0.003943317837655447,0.003367041271723936,0.8428081068875556,0.8449736995309168,0.8470804334206433,0.8491306759723105,0.851126669318352,0.8530705384872956,0.8549642989504723
1.481081081081081,0.058303967985797955,0.014819769790888504,0.008607499123754359,0.0061221233773277595,0.004782914728924226,0.003944213000208419,0.003367814574428807,0.8429693754967578,0.8451331546336139,0.8472381133591235,0.8492866179811495,0.85128090956034,0.8532231120884812,0.8551152400342794
1.4828828828828828,0.058316090740690885,0.014822914876414406,0.008609361252764791,0.006123471606778286,0.004783985070952568,0.003945108010453557,0.003368587733002637,0.8431303136509699,0.8452922821592674,0.8473954685611338,0.8494422380567607,0.8514348306351174,0.8533753692514131,0.855265867371945
1.4846846846846846,0.05832821267038302,0.0148260596755041,0.008611223171916427,0.006124819656586178,0.004785055249384218,0.003946002867541432,0.003369360746765082,0.8432909223647661,0.845451083116193,0.8475525000287321,0.8495975371949497,0.8515884335322483,0.8535273109594294,0.8554161819406001
1.4864864864864864,0.058340333758234664,0.014829204184153788,0.008613084879010469,0.006126167525276838,0.0047861252631336,0.00394689757063027,0.0033701336150364636,0.8434512026485722,0.8456095585085731,0.8477092087598584,0.8497525163874207,0.851741719237212,0.8536789381917995,0.8555661847133238
1.4882882882882882,0.05835245398772093,0.01483234839838854,0.00861494637186433,0.006127515211384549,0.0047871951111226885,0.003947792118884519,0.003370906337147428,0.843611155508686,0.8457677093364773,0.8478655957483552,0.8499071766217956,0.8518946887314214,0.8538302519237433,0.8557158766591622
1.49009009009009,0.05836457334243039,0.014835492314260068,0.00861680764831041,0.006128862713455474,0.004788264792281671,0.003948686511474175,0.003371678912430731,0.8437707819472985,0.8459255365958831,0.8480216619839888,0.8500615188816361,0.8520473429922453,0.8539812531264525,0.8558652587431501
1.491891891891892,0.05837669180606264,0.014838635927847399,0.008618668706197541,0.006130210030045213,0.004789334305548176,0.0039495807475773415,0.0033724513402220158,0.8439300829625151,0.8460830412786976,0.8481774084524696,0.8502155441464639,0.8521996829930287,0.8541319427671118,0.8560143319263319
1.4936936936936938,0.05838880936242896,0.014841779235257535,0.008620529543387656,0.0061315571597191365,0.004790403649869601,0.003950474826376671,0.003373223619870025,0.8440890595483767,0.8462402243727781,0.8483328361354743,0.8503692533917826,0.8523517097031142,0.8542823218089194,0.856163097165782
1.4954954954954955,0.05840092599544999,0.01484492223262368,0.008622390157760895,0.006132904101056713,0.004791472824198895,0.003951368747061701,0.0033739957507206153,0.8442477126948791,0.846397086861952,0.8484879460106647,0.8505226475890962,0.8525034240878613,0.8544323912111071,0.8563115554146248
1.4972972972972973,0.058413041689154954,0.01484806491610624,0.008624250547209722,0.006134250852644296,0.004792541827497665,0.003952262508828519,0.003374767732128414,0.8444060433879952,0.8465536297260386,0.8486427390517097,0.8506757277059324,0.8526548271086685,0.8545821519289617,0.8564597076220564
1.499099099099099,0.05842515642768298,0.014851207281892154,0.008626110709642809,0.00613559741307923,0.004793610658736069,0.003953156110879097,0.00337553956345249,0.8445640526096942,0.8467098539408683,0.848797216228305,0.8508284947058598,0.8528059197229919,0.8547316049138437,0.8566075547333633
1.500900900900901,0.058437270195280444,0.014854349326194893,0.008627970642983929,0.006136943780968629,0.004794679316889927,0.003954049552421068,0.003376311244058794,0.8447217413379626,0.8468657604783035,0.848951378506193,0.8509809495485108,0.8529567028843666,0.854880751113209,0.8567550976899432
1.5027027027027027,0.05844938297629976,0.014857491045254023,0.008629830345170397,0.00613828995493193,0.0047957478009457155,0.00395494283266884,0.0033770827733146103,0.8448791105468236,0.8470213503062585,0.8491052268471833,0.8511330931895996,0.8531071775424259,0.855029591470628,0.856902337429325
1.5045045045045045,0.05846149475520135,0.014860632435336196,0.00863168981415574,0.0061396359335963435,0.004796816109895796,0.003955835950843145,0.0033778541505955495,0.8450361612063583,0.84717662438872,0.8492587622091734,0.8512849265809442,0.8532573446429222,0.8551781269258056,0.8570492748851889
1.5063063063063062,0.05847360551655012,0.01486377349273249,0.00863354904790603,0.006140981715599847,0.004797884242738193,0.003956728906169826,0.003378625375280442,0.8451928942827244,0.8473315836857662,0.8494119855461671,0.8514364506704843,0.8534072051277459,0.8553263584146016,0.8571959109873853
1.508108108108108,0.05848571524501556,0.014866914213760296,0.008635408044404214,0.006142327299590855,0.0047989521984816985,0.003957621697880498,0.0033793964467532245,0.8453493107381768,0.8474862291535872,0.8495648978082957,0.8515876664023023,0.8535567599349454,0.8554742868690491,0.8573422466619554
1.5099099099099098,0.05849782392537306,0.014870054594762983,0.008637266801646226,0.006143672684226109,0.004800019976141323,0.003958514325214102,0.003380167364404052,0.8455054115310869,0.8476405617445045,0.8497174999418361,0.8517385747166424,0.8537060099987467,0.8556219132173755,0.8574882828311495
1.5117117117117118,0.05850993154250006,0.014873194632109121,0.008639125317641216,0.006145017868174785,0.004801087574738849,0.003959406787414799,0.0033809381276257433,0.8456611976159631,0.8477945824069909,0.8498697928892325,0.8518891765499303,0.8538549562495735,0.855769238384021,0.8576340204134483
1.5135135135135136,0.05852203808137668,0.014876334322191709,0.008640983590415097,0.006146362850112719,0.004802154993304164,0.003960299083731633,0.003381708735818112,0.8458166699434684,0.8479482920856888,0.8500217775891132,0.8520394728347922,0.854003599614065,0.8559162632896579,0.8577794603235795
1.5153153153153154,0.05853414352708641,0.014879473661430942,0.008642841618005326,0.006147707628728183,0.004803222230873483,0.003961191213420423,0.0033824791883828587,0.8459718294604414,0.8481016917214309,0.8501734549763119,0.8521894645000745,0.8541519410150964,0.8560629888512101,0.8579246034725395
1.5171171171171172,0.058546247864812884,0.01488261264627011,0.008644699398464795,0.006149052202715444,0.00480428928649157,0.003962083175742981,0.003383249484730566,0.8461266771099146,0.8482547822512583,0.8503248259818857,0.8523391524708626,0.8542999813717975,0.8562094159818721,0.8580694507676105
1.518918918918919,0.05855835107984131,0.014885751273177483,0.008646556929860605,0.006150396570782979,0.004805356159209739,0.003962974969966115,0.003384019624273149,0.8462812138311345,0.8484075646084405,0.8504758915331354,0.8524885376685002,0.8544477215995723,0.8563555455911278,0.858214003112381
1.5207207207207207,0.058570453157556934,0.014888889538645533,0.008648414210271627,0.006151740731644595,0.004806422848085634,0.0039638665953620755,0.0033847896064276295,0.8464354405595795,0.8485600397224936,0.8506266525536226,0.8526376210106079,0.8545951626101166,0.8565013785847695,0.8583582614067632
1.5225225225225225,0.058582554083443705,0.014892027439192268,0.008650271237792495,0.006153084684027421,0.004807489352185335,0.003964758051209993,0.0033855594306178016,0.846589358226979,0.8487122085191996,0.8507771099631901,0.8527864034111023,0.8547423053114378,0.8566469158649164,0.8585022265470121
1.5243243243243243,0.05859465384308582,0.014895164971358898,0.008652128010529503,0.006154428426662806,0.004808555670580916,0.003965649336793886,0.003386329096269902,0.8467429677613327,0.8488640719206249,0.8509272646779802,0.8529348857802144,0.8548891506078735,0.8567921583300334,0.8586458994257449
1.526126126126126,0.0586067524221634,0.014898302131711727,0.008653984526605263,0.006155771958296308,0.0048096218023531145,0.003966540451403433,0.003387098602815386,0.8468962700869286,0.8490156308451389,0.8510771176104525,0.853083069024508,0.8550356994001093,0.8569371068749494,0.858789280931958
1.5279279279279279,0.05861884980645593,0.01490143891684037,0.008655840784152824,0.0061571152776803695,0.0048106877465866615,0.003967431394332643,0.0033878679496902597,0.8470492661243623,0.8491668862074327,0.8512266696694035,0.8532309540468989,0.8551819525851979,0.8570817623908759,0.8589323719510467
1.5297297297297296,0.058630945981839044,0.014904575323357983,0.008657696781320112,0.006158458383575649,0.004811753502375282,0.003968322164883187,0.0033886371363365253,0.8472019567905545,0.8493178389185375,0.8513759217599843,0.8533785417466724,0.8553279110565774,0.8572261257654247,0.8590751733648222
1.5315315315315314,0.05864304093428452,0.014907711347901142,0.008659552516268376,0.006159801274754462,0.004812819068820473,0.003969212762360397,0.0033894061621966287,0.8473543429987701,0.8494684898858429,0.8515248747837193,0.8535258330195019,0.8554735757040888,0.8573701978826274,0.859217686051531
1.5333333333333332,0.058655134649859386,0.014910846987131188,0.008661407987170855,0.0061611439499966725,0.004813884445027394,0.003970103186076601,0.003390175026722675,0.8475064256586357,0.8496188400131144,0.8516735296385234,0.853672828757467,0.8556189474139946,0.8575139796229513,0.8593599108858715
1.5351351351351352,0.05866722711472616,0.014913982237731327,0.008663263192215775,0.006162486408089363,0.004814949630110976,0.0039709934353474585,0.003390943729368767,0.8476582056761586,0.8497688902005128,0.8518218872187218,0.8538195298490717,0.8557640270689971,0.8576574718633199,0.8595018487390133
1.536936936936937,0.05867931831514128,0.014917117096408417,0.00866511812960169,0.006163828647832825,0.004816014623190812,0.003971883509495733,0.0033917122695914514,0.8478096839537438,0.8499186413446107,0.8519699484150657,0.8539659371792618,0.8559088155482556,0.8578006754771281,0.8596435004786136
1.5387387387387388,0.058691408237454334,0.014920251559892073,0.00866697279754225,0.006165170668032904,0.004817079423394488,0.003972773407849073,0.003392480646855045,0.8479608613902125,0.8500680943384116,0.852117714114752,0.854112051629443,0.8560533137274043,0.8579435913342621,0.8597848669688362
1.5405405405405406,0.05870349686810894,0.014923385624935337,0.008668827194263429,0.006166512467503327,0.004818144029856142,0.003973663129740124,0.0033932488606259747,0.8481117388808198,0.8502172500713666,0.85226518520144,0.8542578740774988,0.8561975224785703,0.8580862203011157,0.8599259490703679
1.5423423423423424,0.05871558419364087,0.014926519288313123,0.008670681318002638,0.006167854045068921,0.00481920844171535,0.00397455267450586,0.0033940169103759965,0.8482623173172724,0.8503661094293933,0.8524123625552696,0.8544034053978075,0.8563414426703909,0.8582285632406085,0.860066747640437
1.5441441441441441,0.05872767020067626,0.014929652546823435,0.008672535167011941,0.006169195399563732,0.004820272658119018,0.0039754420414905844,0.003394784795580752,0.8484125975877458,0.8505146732948917,0.8525592470528782,0.8545486464612602,0.856485075168031,0.8583706210122024,0.8602072635328298
1.545945945945946,0.0587397548759343,0.014932785397286041,0.008674388739554284,0.006170536529828463,0.004821336678220156,0.0039763312300417075,0.0033955525157196575,0.8485625805769021,0.8506629425467631,0.8527058395674185,0.8546935981352781,0.8566284208332003,0.8585123944719204,0.8603474975979084
1.5477477477477477,0.05875183820622487,0.014935917836544244,0.008676242033905601,0.006171877434712814,0.004822400501179325,0.003977220239513524,0.003396320070279124,0.8487122671659074,0.8508109180604267,0.852852140968576,0.8548382612838296,0.8567714805241713,0.8586538844723622,0.8604874506826277
1.5495495495495495,0.05876392017844634,0.014939049861461662,0.00867809504835415,0.006173218113075918,0.00482346412616208,0.003978109069263325,0.003397087458744341,0.8488616582324485,0.8509586007078368,0.8529981521225851,0.854982636767447,0.8569142550957949,0.8587950918627223,0.8606271236305519
1.5513513513513513,0.058776000779586335,0.014942181468925342,0.008679947781201292,0.006174558563783905,0.0048245275523404185,0.00397899771865573,0.0033978546806099352,0.8490107546507509,0.8511059913575003,0.853143873892248,0.8551267254432449,0.8570567453995191,0.8589360174888063,0.8607665172818727
1.553153153153153,0.05878807999672364,0.014945312655842868,0.008681800230759262,0.0061758987857123415,0.004825590778893996,0.003979886187058468,0.00339862173537242,0.8491595572915955,0.8512530908744934,0.8532893071369501,0.8552705281649358,0.8571989522834054,0.8590766621930489,0.8609056324734252
1.554954954954955,0.05880015781702308,0.014948443419144142,0.008683652395352404,0.006177238777744787,0.004826653805007353,0.003980774473845261,0.003399388622533417,0.8493080670223351,0.8513999001204787,0.8534344527126776,0.8554140457828475,0.8573408765921445,0.8592170268145292,0.8610444700387044
1.5567567567567568,0.05881223422773718,0.014951573755780379,0.008685504273318712,0.006178578538773016,0.00482771662987147,0.00398166257839494,0.0034001553415945462,0.8494562847069116,0.8515464199537218,0.853579311472034,0.8555572791439399,0.8574825191670746,0.8593571121889884,0.8611830308078827
1.5585585585585586,0.05882430921620685,0.014954703662724445,0.008687355863007062,0.00617991806769691,0.004828779252684767,0.003982550500090332,0.003400921892066977,0.8496042112058733,0.8516926512291085,0.8537238842642576,0.8557002290918219,0.8576238808461973,0.8594969191488462,0.8613213156078261
1.5603603603603604,0.058836382769859474,0.014957833136970078,0.00868920716277799,0.006181257363425008,0.0048298416726495486,0.003983438238320369,0.003401688273465542,0.8497518473763904,0.8518385947981608,0.8538681719352365,0.855842896466767,0.8577649624641939,0.8596364485232171,0.8614593252621102
1.5621621621621622,0.05884845487620616,0.014960962175532222,0.008691058171004018,0.0061825964248724,0.004830903888976001,0.003984325792476651,0.003402454485304074,0.8498991940722728,0.8519842515090539,0.8540121753275269,0.8559852821057312,0.8579057648524424,0.8597757011379269,0.8615970605910375
1.563963963963964,0.05886052552284571,0.014964090775446914,0.00869290888606955,0.006183935250965056,0.004831965900879975,0.003985213161959322,0.0034032205271049554,0.8500462521439851,0.8521296222066321,0.8541558952803681,0.8561273868423678,0.8580462888390333,0.8599146778155287,0.861734522411652
1.5657657657657658,0.058872594697461644,0.014967218933770066,0.008694759306370758,0.00618527384063372,0.004833027707583204,0.003986100346169308,0.0034039863983924556,0.8501930224386646,0.852274707732426,0.8542993326296995,0.856269211507045,0.8581865352487862,0.8600533793753199,0.8618717115377579
1.5675675675675675,0.0588846623878192,0.014970346647580013,0.00869660943031525,0.006186612192819352,0.004834089308313083,0.003986987344514303,0.0034047520986969504,0.8503395058001364,0.852419508924668,0.8544424882081769,0.8564107569268615,0.8583265049032658,0.8601918066333575,0.862008628779933
1.5693693693693693,0.05889672858177142,0.014973473913973745,0.00869845925632129,0.006187950306470347,0.004835150702303892,0.003987874156407112,0.003405517627548371,0.8504857030689299,0.8525640266183085,0.8545853628451882,0.8565520239256623,0.8584661986207979,0.8603299604024741,0.8621452749455465
1.571171171171171,0.0589087932672504,0.014976600730069567,0.008700308782820576,0.006189288180541763,0.0048362118887935734,0.0039887607812642,0.0034062829844857534,0.8506316150822948,0.8527082616450323,0.854727957366869,0.8566930133240551,0.8586056172164852,0.8604678414922944,0.8622816508387736
1.572972972972973,0.058920856432273405,0.014979727093006212,0.008702158008254024,0.006190625813997319,0.004837272867029507,0.003989647218506698,0.0034070481690470222,0.8507772426742174,0.8528522148332742,0.8548702725961201,0.8568337259394261,0.8587447615022236,0.8606054507092504,0.8624177572606124
1.5747747747747747,0.0589329180649395,0.01498285299994162,0.008704006931075536,0.00619196320580917,0.004838333636261627,0.003990533467561508,0.0034078131807789847,0.8509225866754363,0.8529958870082354,0.8550123093526218,0.8569741625859556,0.8588836322867177,0.8607427888565979,0.8625535950088993
1.5765765765765765,0.05894497815342781,0.01498597844805527,0.008705855549748565,0.006193300354956022,0.004839394195747082,0.003991419527858975,0.0034085780192278925,0.8510676479134578,0.8531392789918982,0.85515406845285,0.8571143240746343,0.8590222303754962,0.8608798567344311,0.8626891648783235
1.5783783783783785,0.0589570366860005,0.01498910343454496,0.00870770386274844,0.0061946372604239075,0.004840454544748907,0.003992305398833107,0.0034093426839454377,0.8512124272125724,0.8532823916030431,0.8552955507100924,0.8572542112132778,0.8591605565709279,0.8610166551396988,0.862824467660444
1.5801801801801802,0.058969093650998894,0.014992227956628468,0.008709551868562482,0.006195973921208187,0.004841514682535242,0.003993191079926017,0.003410107174487975,0.8513569253938696,0.853425225657263,0.8554367569344633,0.8573938248065432,0.859298611672237,0.8611531848662198,0.8629595041437039
1.581981981981982,0.05898114903684404,0.014995352011544116,0.008711399565686895,0.006197310336309547,0.0048425746083803345,0.003994076570580263,0.003410871490413969,0.8515011432752542,0.8535677819669798,0.8555776879329197,0.8575331656559444,0.8594363964755184,0.8612894467046983,0.8630942751134469
1.5837837837837838,0.05899320283203824,0.014998475596548766,0.008713246952630871,0.006198646504738892,0.00484363432156365,0.003994961870245506,0.003411635631285437,0.8516450816714606,0.853710061341459,0.8557183445092758,0.8576722345598662,0.8595739117737532,0.8614254414427385,0.8632287813519309
1.5855855855855856,0.059005255025160186,0.015001598708918928,0.008715094027913373,0.006199982425510231,0.004844693821370316,0.0039958469783739625,0.0034123995966709453,0.8517887413940696,0.8538520645868253,0.8558587274642195,0.8578110323135814,0.8597111583568235,0.8615611698648605,0.8633630236383444
1.5873873873873874,0.059017305604869064,0.015004721345950767,0.008716940790063799,0.00620131809765001,0.00484575310709201,0.0039967318944234,0.003413163386139506,0.8519321232515225,0.8539937925060783,0.8559988375953269,0.8579495597092646,0.8598481370115286,0.8616966327525157,0.8634970027488214
1.5891891891891892,0.05902935455990088,0.015007843504958318,0.008718787237623316,0.006202653520188672,0.004846812178023185,0.003997616617857025,0.0034139269992632393,0.8520752280491369,0.8541352458991068,0.8561386756970771,0.8580878175360077,0.8599848485215984,0.8618318308841005,0.8636307194564555
1.590990990990991,0.059041401879069366,0.015010965183275826,0.008720633369142528,0.0062039886921647636,0.004847871033467177,0.003998501148139266,0.0034146904356220364,0.8522180565891213,0.8542764255627043,0.8562782425608678,0.8582258065798352,0.8601212936677095,0.8619667650349726,0.8637641745313162
1.5927927927927927,0.05905344755126474,0.01501408637825552,0.00872247918318314,0.0062053236126242695,0.004848929672731428,0.003999385484742102,0.00341545369479479,0.8523606096705904,0.8544173322905838,0.8564175389750295,0.8583635276237183,0.8602574732274998,0.8621014359774645,0.8638973687404619
1.5945945945945945,0.05906549156545493,0.015017207087268947,0.008724324678318074,0.006206658280620392,0.004849988095127378,0.004000269627140063,0.0034162167763674978,0.8525028880895801,0.8545579668733931,0.8565565657248417,0.8585009814475907,0.8603933879755834,0.8622358444808995,0.8640303028479562
1.5963963963963963,0.059077533910682045,0.015020327307705972,0.00872616985312924,0.006207992695212772,0.0048510462999736825,0.0040011535748119,0.003416979679927268,0.8526448926390618,0.8546983300987289,0.8566953235925461,0.8586381688283625,0.8605290386835647,0.8623699913116056,0.8641629776148819
1.5981981981981983,0.05908957457606456,0.015023447036975002,0.008728014706209763,0.006209326855468933,0.0048521042865936614,0.004002037327241692,0.003417742405064428,0.852786624108958,0.8548384227511521,0.8568338133573622,0.8587750905399352,0.8606644261200539,0.8625038772329303,0.8642953937993553
1.6,0.059101613550795684,0.01502656627250254,0.008729859236162762,0.0062106607604639485,0.0048531620543156295,0.0040029208839164054,0.0034185049513751897,0.8529280832861557,0.8549782456122017,0.8569720357955014,0.8589117473532161,0.8607995510506804,0.8626375030052547,0.8644275521565403
1.6018018018018019,0.05911365082414333,0.015029685011734406,0.00873170344160179,0.006211994409277333,0.004854219602473564,0.004003804244328002,0.0034192673184566535,0.8530692709545222,0.8551177994604106,0.8571099916801821,0.859048140036133,0.8609344142381086,0.8627708693860086,0.8645594534386642
1.6036036036036037,0.05912568638544846,0.015032803252132632,0.008733547321149948,0.006213327800999036,0.004855276930406882,0.0040046874079728845,0.0034200295059122476,0.8532101878949191,0.8552570850713185,0.8572476817816435,0.8591842693536484,0.8610690164420509,0.8629039771296839,0.8646910983950304
1.6054054054054054,0.05913772022412722,0.015035920991178675,0.00873539087344144,0.006214660934722782,0.004856334037459553,0.004005570374349898,0.003420791513344734,0.8533508348852162,0.8553961032174872,0.8573851068671601,0.8593201360677739,0.8612033584192826,0.8630368269878499,0.8648224877720336
1.6072072072072072,0.059149752329666905,0.015039038226370982,0.008737234097119129,0.006215993809551401,0.0048573909229812084,0.004006453142964217,0.0034215533403629816,0.8534912127003066,0.8555348546685148,0.8575222677010563,0.8594557409375841,0.8613374409236566,0.8631694197091665,0.8649536223131732
1.609009009009009,0.059161782691628306,0.015042154955227094,0.008739076990837313,0.006217326424592717,0.004858447586325476,0.004007335713324234,0.0034223149865804103,0.8536313221121207,0.8556733401910501,0.8576591650447202,0.8595910847192315,0.8614712647061166,0.8633017560393991,0.8650845027590679
1.6108108108108108,0.05917381129964483,0.015045271175281205,0.008740919553258841,0.006218658778963659,0.004859504026853756,0.0040082180849408955,0.0034230764516112178,0.8537711638896397,0.8558115605488056,0.8577957996566176,0.8597261681659595,0.861604830514711,0.8634338367214314,0.8652151298474691
1.6126126126126126,0.05918583814341971,0.015048386884084941,0.008742761783057329,0.006219990871785375,0.004860560243928225,0.004009100257331366,0.0034238377350737093,0.8539107387989107,0.855949516502573,0.8579321722923062,0.859860992028117,0.8617381390946081,0.8635656624952804,0.8653455043132754
1.6144144144144144,0.059197863212729684,0.015051502079207357,0.00874460367891483,0.006221322702187226,0.004861616236920496,0.004009982230015474,0.0034245988365886326,0.8540500476030598,0.8560872088102361,0.8580682837044499,0.8599955570531725,0.8618711911881084,0.86369723409811,0.8654756268885458
1.6162162162162161,0.059209886497420317,0.015054616758235495,0.008746445239525502,0.006222654269304462,0.004862672005205182,0.0040108640025176,0.0034253597557818427,0.8541890910623068,0.8562246382267855,0.8582041346428316,0.8601298639857274,0.8620039875346598,0.863828552264244,0.8656054983025137
1.618018018018018,0.05922190798740801,0.01505773091877316,0.008748286463589938,0.0062239855722792115,0.004863727548161334,0.00401174557436601,0.003426120492281748,0.8543278699339784,0.8563618055043316,0.8583397258543684,0.8602639135675301,0.8621365288708703,0.8639596177251814,0.8657351192816005
1.6198198198198197,0.05923392767267899,0.015060844558441033,0.008750127349821057,0.006225316610260601,0.004864782865173667,0.004012626945092634,0.0034268810457184218,0.8544663849725218,0.8564987113921186,0.8584750580831237,0.860397706537489,0.8622688159305217,0.8640904312096075,0.8658644905494289
1.6216216216216217,0.059245945543289213,0.015063957674877004,0.008751967896939106,0.006226647382403194,0.004865837955631558,0.004013508114232289,0.0034276414157274893,0.8546046369295195,0.8566353566365388,0.8586101320703224,0.8605312436316874,0.862400849444584,0.8642209934434101,0.8659936128268368
1.6234234234234235,0.05925796158936303,0.015067070265735727,0.008753808103674321,0.006227977887868663,0.004866892818928714,0.00401438908132612,0.0034284016019472396,0.8547426265537015,0.8567717419811448,0.858744948554363,0.8606645255833953,0.8625326301412275,0.8643513051496906,0.8661224868318903
1.6252252252252253,0.05926997580109317,0.015070182328689175,0.008755647968767377,0.00622930812582545,0.004867947454465837,0.0040152698459162695,0.0034291616040174056,0.8548803545909595,0.8569078681666643,0.8588795082708318,0.8607975531230844,0.8626641587458372,0.864481367048779,0.866251113279897
1.627027027027027,0.05928198816874075,0.01507329386142453,0.008757487490968607,0.006230638095447882,0.0048690018616449615,0.004016150407552432,0.0034299214215817164,0.8550178217843606,0.8570437359310129,0.8590138119525166,0.8609303269784402,0.8627954359810264,0.8646111798582464,0.8663794928834198
1.6288288288288288,0.0592939986826343,0.015076404861647297,0.008759326669036893,0.006231967795916282,0.00487005603987567,0.0040170307657826365,0.0034306810542880095,0.8551550288741597,0.8571793460093073,0.8591478603294189,0.8610628478743759,0.8629264625666483,0.8647407442929184,0.8665076263522891
1.6306306306306306,0.05930600733316982,0.01507951532707874,0.008761165501738666,0.006233297226417411,0.0048711099885715425,0.004017910920164014,0.0034314405017853433,0.8552919765978144,0.857314699133879,0.8592816541287684,0.861195116533046,0.863057239219811,0.8648700610648878,0.8666355143936166
1.6324324324324324,0.05931801411080995,0.01508262525545545,0.008763003987852458,0.006234626386146136,0.004872163707150046,0.004018790870254252,0.0034321997637284385,0.8554286656899963,0.8574497960342874,0.8594151940750354,0.8613271336738583,0.8631877666548897,0.8649991308835289,0.8667631577118088
1.6342342342342342,0.05933001900608248,0.015085734644532,0.008764842126163241,0.006235955274299876,0.004873217195034418,0.004019670615616033,0.003432958839773015,0.8555650968826054,0.8575846374373319,0.8595484808899436,0.8614589000134875,0.8633180455835395,0.8651279544555083,0.8668905570085779
1.636036036036036,0.05934202200958261,0.015088843492077508,0.008766679915466091,0.006237283890086154,0.004874270451651563,0.004020550155814484,0.003433717729577568,0.8557012709047831,0.8577192240670669,0.8596815152924843,0.8615904162658887,0.863448076714709,0.8652565324848002,0.8670177129829574
1.6378378378378378,0.05935402311197058,0.015091951795877745,0.008768517354565963,0.006238612232715157,0.004875323476433491,0.004021429490419948,0.0034344764328052557,0.8558371884829241,0.8578535566448129,0.8598142979989275,0.8617216831423093,0.8635778607546521,0.8653848656726973,0.8671446263313123
1.6396396396396395,0.059366022303971255,0.015095059553735024,0.008770354442274475,0.006239940301404734,0.004876376268816651,0.004022308619005099,0.003435234949120791,0.8559728503406911,0.8579876358891703,0.8599468297228368,0.861852701351303,0.8637073984069426,0.865512954717825,0.8672712977473538
1.6414414414414413,0.05937801957637501,0.015098166763466203,0.008772191177414013,0.006241268095380392,0.004877428828243158,0.004023187541147943,0.003435993278194216,0.8561082571990261,0.8581214625160318,0.8600791111750805,0.8619834715987408,0.8638366903724845,0.8656408003161528,0.8673977279221509
1.6432432432432433,0.05939001492003526,0.01510127342290457,0.008774027558815178,0.0062425956138706384,0.0048784811541566775,0.004024066256427483,0.0034367514196930182,0.8562434097761636,0.8582550372385961,0.8602111430638452,0.8621139945878257,0.8639657373495269,0.8657684031610077,0.8675239175441429
1.6450450450450451,0.059402008325869615,0.015104379529899625,0.008775863585317234,0.006243922856112194,0.0048795332460092045,0.004024944764428384,0.003437509373293901,0.8563783087876442,0.8583883607673792,0.8603429260946485,0.8622442710191041,0.8640945400336753,0.8658957639430872,0.867649867299153
1.646846846846847,0.05941399978485995,0.015107485082315186,0.008777699255767879,0.0062452498213458885,0.00488058510325462,0.004025823064737866,0.0034382671386740116,0.8565129549463253,0.8585214338102276,0.8604744609703506,0.8623743015904779,0.864223099117904,0.8660228833504698,0.8677755778703988
1.6486486486486487,0.059425989288049874,0.015110590078031061,0.00877953456902325,0.006246576508820101,0.004881636725350691,0.004026701156947143,0.0034390247155128284,0.8566473489623957,0.8586542570723312,0.8606057483911682,0.8625040869972187,0.8643514152925694,0.86614976206863,0.8679010499385067
1.6504504504504505,0.0594379768265465,0.015113694514942266,0.008781369523948923,0.006247902917788206,0.004882688111762734,0.004027579040650209,0.0034397821034906073,0.8567814915433869,0.8587868312562353,0.8607367890546858,0.8626336279319786,0.864479489245422,0.8662764007804485,0.8680262841815228
1.6522522522522523,0.059449962391518785,0.015116798390959252,0.008783204119418575,0.006249229047509464,0.004883739261957398,0.004028456715445827,0.003440539302297152,0.8569153833941859,0.8589191570618531,0.8608675836558685,0.8627629250848029,0.864607321661618,0.8664028001662258,0.8681512812749258
1.654054054054054,0.05946194597419796,0.015119901704007344,0.008785038354313657,0.0062505548972487945,0.004884790175406772,0.004029334180934985,0.0034412963116178252,0.857049025217047,0.8590512351864775,0.8609981328870739,0.8628919791431424,0.864734913223732,0.866528960903693,0.8682760418916383
1.6558558558558558,0.05947392756587544,0.015123004452026745,0.008786872227525055,0.0062518804662774485,0.004885840851587275,0.004030211436721998,0.0034420531311449842,0.857182417711605,0.8591830663247948,0.8611284374380656,0.8630207907918661,0.86486226461177,0.8666548836680258,0.8684005667020404
1.6576576576576576,0.05948590715790536,0.015126106632973091,0.008788705737951541,0.006253205753871449,0.004886891289979212,0.004031088482415401,0.0034428097605720964,0.8573155615748871,0.8593146511688953,0.8612584979960235,0.8631493607132729,0.86498937650318,0.8667805691318548,0.8685248563739801
1.6594594594594594,0.059497884741701146,0.015129208244816672,0.008790538884499322,0.006254530759315369,0.004887941490067327,0.004031965317626729,0.003443566199597403,0.8574484575013241,0.8594459904082861,0.8613883152455569,0.8632776895871032,0.8651162495728649,0.8669060179652783,0.8686489115727861
1.6612612612612612,0.05950986030873717,0.01513230928554199,0.008792371666084375,0.006255855481892558,0.0048889914513416954,0.004032841941971399,0.0034443224479172585,0.8575811061827641,0.8595770847299034,0.8615178898687168,0.8634057780905514,0.8652428844931944,0.8670312308358744,0.8687727329612797
1.663063063063063,0.05952183385054788,0.015135409753148865,0.00879420408163012,0.006257179920901135,0.004890041173295279,0.004033718355066163,0.0034450785052377864,0.8577135083084828,0.8597079348181236,0.8616472225450069,0.863533626898278,0.8653692819340164,0.867156208408712,0.8688963211997858
1.664864864864865,0.05953380535872632,0.015138509645651221,0.008796036130067852,0.006258504075636662,0.0048910906554257005,0.00403459455653421,0.0034458343712603368,0.8578456645651972,0.8598385413547763,0.8617763139513965,0.8636612366824209,0.8654954425626695,0.8672809513463635,0.8690196769461461
1.6666666666666667,0.059545774824925624,0.015141608961077857,0.008797867810337756,0.006259827945405028,0.004892139897233139,0.004035470545999731,0.0034465900456943643,0.8579775756370757,0.8599689050191553,0.8619051647623315,0.8637886081126076,0.8656213670439941,0.8674054603089157,0.8691428008557291
1.6684684684684685,0.05955774224085697,0.015144707697471005,0.008799699121386118,0.006261151529516784,0.004893188898225209,0.004036346323090356,0.003447345528250101,0.8581092422057512,0.8600990264880308,0.8620337756497463,0.8639157418559665,0.8657470560403442,0.8675297359539824,0.8692656935814429
1.6702702702702703,0.05956970759829039,0.01514780585288844,0.008801530062170104,0.0062624748272869235,0.004894237657910749,0.004037221887437936,0.003448100818641997,0.8582406649503324,0.860228906435661,0.8621621472830759,0.8640426385771393,0.8658725102115997,0.867653778936715,0.8693883557737464
1.672072072072072,0.05958167088905397,0.01515090342540204,0.008803360631652435,0.006263797838034879,0.004895286175803593,0.004038097238676097,0.003448855916582283,0.8583718445474152,0.8603585455338036,0.8622902803292675,0.8641692989382913,0.8659977302151769,0.8677775899098145,0.8695107880806603
1.6738738738738739,0.05959363210503332,0.015154000413096447,0.008805190828804266,0.006265120561090076,0.004896334451422679,0.0040389723764433505,0.0034496108217921817,0.858502781671095,0.8604879444517277,0.862418175452791,0.8642957235991244,0.8661227167060408,0.8679011695235428,0.8696329911477794
1.6756756756756757,0.059605591238170774,0.015157096814070847,0.008807020652605746,0.006266442995781163,0.004897382484288171,0.004039847300380317,0.0034503655339901407,0.8586334769929772,0.8606171038562249,0.8625458333156519,0.8644219132168874,0.8662474703367159,0.8680245184257341,0.8697549656182831
1.6774774774774774,0.059617548280466726,0.015160192626439306,0.008808850102042798,0.00626776514144578,0.004898430273927001,0.0040407220101320585,0.003451120052902268,0.85876393118219,0.8607460244116213,0.862673254577402,0.8645478684463881,0.8663719917572981,0.8681476372618069,0.8698767121329475
1.6792792792792792,0.05962950322397731,0.015163287848329543,0.008810679176111003,0.006269086997426787,0.0048994778198693245,0.0040415965053437475,0.0034518743782511185,0.8588941449053943,0.860874706779788,0.8628004398951507,0.864673589940004,0.8664962816154655,0.8682705266747734,0.8699982313301553
1.681081081081081,0.059641456060814946,0.015166382477881046,0.008812507873811826,0.0062704085630717055,0.0049005251216487355,0.004042470785666885,0.003452628509769018,0.8590241188267966,0.8610031516201535,0.8629273899235763,0.8647990783476943,0.8666203405564903,0.8683931873052531,0.8701195238459088
1.6828828828828828,0.059653406783148455,0.01516947651324918,0.008814336194156058,0.006271729837731721,0.004901572178802049,0.004043344850754638,0.0034533824471844055,0.8591538536081595,0.8611313595897147,0.8630541053149381,0.8649243343170107,0.8667441692232492,0.8685156197914823,0.8702405903138397
1.6846846846846846,0.059665355383201724,0.015172569952602077,0.00881616413616082,0.006273050820766235,0.004902618990872187,0.004044218700263724,0.003454136190231938,0.8592833499088125,0.8612593313430468,0.8631805867190859,0.8650493584931079,0.8668677682562347,0.8686378247693254,0.8703614313652202
1.6864864864864866,0.05967730185325404,0.015175662794121192,0.008817991698851446,0.006274371511537535,0.004903665557404069,0.004045092333853528,0.003454889738647382,0.8594126083856639,0.8613870675323165,0.8633068347834726,0.8651741515187561,0.8669911382935668,0.8687598028722864,0.8704820476289742
1.6882882882882884,0.05968924618563898,0.015178755036002078,0.008819818881260044,0.00627569190941224,0.004904711877946388,0.00404596575118632,0.0034556430921699466,0.8595416296932118,0.8615145688072916,0.8634328501531645,0.8652987140343509,0.8671142799710028,0.8688815547315193,0.8706024397316886
1.6900900900900901,0.05970118837274507,0.015181846676452504,0.008821645682427048,0.006277012013765959,0.004905757952052614,0.004046838951927367,0.0034563962505400614,0.8596704144835549,0.8616418358153527,0.8635586334708526,0.8654230466779246,0.8672371939219494,0.8690030809758396,0.8707226082976236
1.691891891891892,0.05971312840701559,0.01518493771369378,0.008823472101399887,0.006278331823975303,0.004906803779280433,0.004047711935746046,0.003457149213501376,0.8597989634064034,0.8617688692015036,0.8636841853768633,0.8655471500851569,0.8673598807774728,0.8691243822317344,0.8708425539487233
1.6936936936936937,0.05972506628094654,0.015188028145961652,0.008825298137232984,0.006279651339423986,0.004907849359189087,0.004048584702312508,0.003457901980798761,0.8599272771090906,0.8618956696083829,0.8638095065091695,0.8656710248893863,0.8674823411663101,0.869245459123374,0.8709622773046277
1.6954954954954955,0.059737001987087535,0.015191117971502743,0.008827123788987978,0.006280970559499721,0.004908894691342813,0.004049457251302679,0.0034586545521836376,0.8600553562365827,0.8620222376762743,0.8639345975034011,0.8657946717216202,0.8676045757148788,0.8693663122726215,0.8710817789826814
1.6972972972972973,0.059748935518041946,0.015194207188578557,0.008828949055734725,0.006282289483595438,0.004909939775311178,0.004050329582392931,0.0034594069274047623,0.8601832014314906,0.8621485740431175,0.864059458992856,0.8659180912105461,0.8677265850472895,0.8694869422990449,0.8712010595979459
1.699099099099099,0.0597608668664652,0.01519729579546203,0.00883077393654963,0.00628360811110984,0.004910984610664637,0.004051201695263962,0.0034601591062145554,0.86031081333408,0.862274679344519,0.8641840916085106,0.8660412839825414,0.8678483697853543,0.8696073498199258,0.8713201197632094
1.7009009009009008,0.05977279602506658,0.015200383790440641,0.008832598430515426,0.006284926441445626,0.004912029196979306,0.0040520735895985815,0.003460911088369434,0.8604381925822825,0.8624005542137626,0.8643084959790308,0.8661642506616858,0.8679699305485992,0.869727535450272,0.8714389600889973
1.7027027027027026,0.05978472298660542,0.015203471171812533,0.00883442253672384,0.006286244474009939,0.004913073533833523,0.004052945265083929,0.0034616628736289234,0.8605653398117058,0.8625261992818204,0.864432672730782,0.8662869918697695,0.8680912679542734,0.8698474998028265,0.871557581183583
1.7045045045045044,0.059796647743894815,0.015206557937890275,0.008836246254271707,0.006287562208215691,0.004914117620810843,0.004053816721407588,0.0034624144617502184,0.8606922556556447,0.8626516151773627,0.86455662248784,0.8664095082263056,0.8682123826173604,0.8699672434880784,0.8716759836529976
1.7063063063063062,0.05980857028979791,0.015209644086997876,0.008838069582264407,0.0062888796434801275,0.004915161457496153,0.0040546879582615825,0.0034631658524978404,0.8608189407450915,0.8627768025267692,0.8646803458720016,0.8665318003485396,0.8683332751505884,0.8700867671142734,0.8717941681010412
1.7081081081081082,0.05982049061723027,0.015212729617471887,0.008839892519813097,0.00629019677922571,0.004916205043480115,0.004055558975340934,0.0034639170456374213,0.860945395708746,0.8629017619541387,0.8648038435027942,0.8666538688514597,0.8684539461644397,0.8702060712874234,0.8719121351292918
1.70990990990991,0.05983240871915718,0.015215814527662519,0.008841715066037037,0.00629151361487823,0.004917248378355499,0.0040564297723435505,0.003464668040934149,0.8610716211730265,0.8630264940813,0.8649271159974871,0.8667757143478075,0.8685743962671622,0.870325156611318,0.8720298853371171
1.7117117117117118,0.059844324588595676,0.015218898815931081,0.008843537220061148,0.006292830149870254,0.004918291461720625,0.004057300348968229,0.0034654188381583184,0.86119761776208,0.863150999527822,0.8650501639711012,0.8668973374480882,0.8686946260647788,0.8704440236875334,0.8721474193216835
1.7135135135135136,0.059856238218611746,0.015221982480650986,0.008845358981018125,0.006294146383637456,0.004919334293173816,0.00405817070491854,0.0034661694370820006,0.8613233860977927,0.8632752789110242,0.8651729880364198,0.8670187387605807,0.8688146361610983,0.8705626731154436,0.8722647376779665
1.7153153153153153,0.05986814960232201,0.015225065520208969,0.00884718034804688,0.006295462315620837,0.004920376872320387,0.004059040839900607,0.003466919837477933,0.8614489267997992,0.8633993328459865,0.8652955888039979,0.8671399188913476,0.8689344271577248,0.8706811054922292,0.872381840998761
1.7171171171171171,0.05988005873289304,0.0152281479330032,0.008849001320293648,0.006296777945265175,0.004921419198765986,0.004059910753621443,0.003467670039124515,0.8615742404854936,0.8635231619455591,0.8654179668821727,0.867260878444245,0.8690539996540677,0.8707993214128887,0.8724987298746908
1.718918918918919,0.0598919656035396,0.015231229717443284,0.008850821896910444,0.006298093272020577,0.004922461272122591,0.004060780445793943,0.003468420041798481,0.86169932777004,0.8636467668203741,0.8655401228770743,0.8673816180209339,0.8691733542473526,0.870917321470248,0.872615404894219
1.7207207207207207,0.059903870207526744,0.015234310871951817,0.008852642077056827,0.006299408295342923,0.004923503092004844,0.004061649916130561,0.003469169845281228,0.8618241892663815,0.8637701480788536,0.8656620573926347,0.8675021382208886,0.8692924915326302,0.87103510625497,0.8727318666436574
1.7225225225225225,0.05991577253816749,0.015237391394963606,0.008854461859898244,0.0063007230146898685,0.004924544658029162,0.004062519164348077,0.0034699194493557073,0.8619488255852507,0.8638933063272211,0.8657837710305984,0.8676224396414074,0.869411412102787,0.8711526763555648,0.8728481157071772
1.7243243243243243,0.0599276725888227,0.01524047128492323,0.008856281244608466,0.006302037429525842,0.004925585969816182,0.004063388190166273,0.0034706688538059804,0.8620732373351796,0.86401624216951,0.865905264390532,0.8677425228776219,0.8695301165485542,0.8712700323583991,0.8729641526668174
1.726126126126126,0.05993957035290265,0.015243550540289141,0.008858100230365373,0.006303351539318158,0.004926627026991093,0.004064256993306148,0.003471418058420994,0.8621974251225102,0.8641389562075756,0.866026538069834,0.8678623885225079,0.8696486054585185,0.8713871748477067,0.8730799781024956
1.7279279279279278,0.059951465823865124,0.015246629159530345,0.008859918816354173,0.006304665343539573,0.0049276678291804155,0.0040651255734922564,0.003472167062988585,0.8623213895514027,0.8642614490411028,0.8661475926637453,0.8679820371668939,0.8697668794191316,0.8715041044055976,0.8731955925920176
1.7297297297297298,0.05996335899521421,0.015249707141127944,0.008861737001768288,0.006305978841666282,0.004928708376015667,0.004065993930451706,0.0034729158673003635,0.8624451312238471,0.8643837212676169,0.8662684287653576,0.8681014693994716,0.8698849390147189,0.8716208216120673,0.8733109967110861
1.7315315315315316,0.05997524986050229,0.015252784483574033,0.008863554785804695,0.006307292033180034,0.0049297486671301405,0.004066862063914045,0.003473664471150828,0.8625686507396716,0.8645057734824929,0.8663890469656242,0.8682206858068053,0.8700027848274904,0.8717373270450074,0.8734261910333113
1.7333333333333334,0.059987138413329144,0.01525586118537281,0.008865372167668584,0.006308604917567351,0.004930788702162681,0.004067729973611489,0.003474412874334587,0.8626919486965535,0.8646276062789665,0.8665094478533697,0.8683396869733419,0.8701204174375499,0.8718536212802147,0.8735411761302203
1.7351351351351352,0.05999902464733886,0.015258937245039239,0.00886718914657103,0.00630991749431653,0.004931828480751466,0.004068597659278694,0.003475161076648914,0.8628150256900272,0.8647492202481409,0.8666296320152983,0.868458473481419,0.8702378374229035,0.8719697048913998,0.8736559525712654
1.736936936936937,0.06001090855622526,0.015262012661100055,0.008869005721730105,0.006311229762922421,0.0049328680025427785,0.004069465120653093,0.0034759090778962998,0.8629378823134958,0.8648706159789998,0.8667496000360049,0.8685770459112768,0.8703550453594712,0.8720855784501982,0.873770520923835
1.7387387387387387,0.06002279013372547,0.015265087432092539,0.00887082189236843,0.006312541722883425,0.004933907267181792,0.004070332357474227,0.0034766568778764606,0.8630605191582391,0.8649917940584142,0.8668693524979837,0.8686954048410656,0.8704720418210938,0.8722012425261784,0.8738848817532622
1.7405405405405405,0.06003466937362267,0.015268161556566184,0.008872637657716287,0.006313853373702605,0.004934946274319452,0.004071199369484524,0.003477404476394219,0.8631829368134232,0.8651127550711528,0.8669888899816375,0.8688135508468554,0.8705888273795443,0.8723166976868514,0.8739990356228338
1.7423423423423423,0.06004654626974748,0.015271235033080699,0.008874453017009842,0.006315164714887134,0.00493598502360959,0.004072066156428411,0.003478151873254731,0.8633051358661109,0.8652334995998918,0.8671082130652875,0.8689314845026463,0.870705402604536,0.8724319444976804,0.8741129830938001
1.744144144144144,0.06005842081597401,0.01527430786020667,0.008876267969491258,0.00631647574594596,0.004937023514707151,0.004072932718053757,0.003478899068269148,0.8634271169012704,0.865354028225224,0.867227322325183,0.8690492063803771,0.8708217680637323,0.8725469835220901,0.8742267247253844
1.7459459459459459,0.06007029300622124,0.015277380036527122,0.00887808251440847,0.006317786466397468,0.004938061747273403,0.004073799054109428,0.003479646061242181,0.8635488805017845,0.8654743415256675,0.8673462183355094,0.8691667170499343,0.8709379243227561,0.8726618153214754,0.8743402610747911
1.7477477477477477,0.060082162834453556,0.015280451560634067,0.008879896651016073,0.006319096875758379,0.004939099720969731,0.004074665164348512,0.003480392851989089,0.8636704272484602,0.8655944400776759,0.8674649016683985,0.8692840170791618,0.8710538719451979,0.8727764404552104,0.8744535926972155
1.7495495495495494,0.06009403029467986,0.015283522431131402,0.00888171037857488,0.006320406973553294,0.004940137435461844,0.004075531048524872,0.003481139440326242,0.863791757720038,0.8657143244556471,0.8675833728939376,0.8694011070338697,0.8711696114926263,0.8728908594806584,0.8745667201458527
1.7513513513513512,0.060105895380952346,0.015286592646633568,0.008883523696350593,0.0063217167593102586,0.004941174890420008,0.004076396706396035,0.0034818858260661223,0.8639128724932007,0.8658339952319318,0.8677016325801781,0.8695179874778437,0.8712851435245962,0.8730050729531799,0.8746796439719068
1.7531531531531532,0.060117758087367745,0.015289662205765997,0.00888533660361579,0.006323026232560758,0.004942212085514486,0.004077262137720639,0.003482632009026765,0.8640337721425828,0.8659534529768442,0.867819681293145,0.8696346589728539,0.8714004685986582,0.8731190814261425,0.8747923647245995
1.754954954954955,0.060129618408065855,0.015292731107164004,0.008887149099649272,0.0063243353928398305,0.004943249020419649,0.004078127342261206,0.0034833779890289795,0.8641544572407795,0.8660726982586691,0.8679375195968455,0.8697511220786635,0.8715155872703669,0.8732328854509286,0.8749048829511791
1.7567567567567568,0.06014147633722999,0.015295799349474448,0.008888961183733834,0.006325644239686845,0.004944285694814754,0.004078992319781594,0.003484123765895797,0.8642749283583562,0.8661917316436726,0.868055148053279,0.869867377353039,0.8716305000932911,0.8733464855769462,0.8750171991969297
1.7585585585585586,0.06015333186908656,0.015298866931353294,0.008890772855160711,0.00632695277264661,0.004945322108380945,0.004079857070047765,0.00348486933944947,0.8643951860638565,0.8663105536961099,0.8681725672224445,0.8699834253517574,0.8717452076190213,0.8734598823516355,0.8751293140051793
1.7603603603603604,0.06016518499790491,0.01530193385146883,0.008892584113224355,0.0063282609912656,0.004946358260800365,0.0040807215928289065,0.003485614709515694,0.8645152309238118,0.8664291649782349,0.8682897776623507,0.8700992666286163,0.8718597103971794,0.8735730763204793,0.8752412279173095
1.7621621621621621,0.06017703571799571,0.015305000108497668,0.008894394957227658,0.00632956889509706,0.004947394151760709,0.004081585887896644,0.003486359875923273,0.8646350635027507,0.8665475660503089,0.8684067799290246,0.8702149017354422,0.8719740089754269,0.8736860680270114,0.8753529414727633
1.763963963963964,0.060188884023714695,0.01530806570112797,0.008896205386477063,0.006330876483694015,0.0049484297809507805,0.004082449955023937,0.0034871048385001213,0.8647546843632065,0.8666657574706094,0.8685235745765197,0.8703303312220995,0.8720881038994744,0.8737988580128249,0.8754644552090545
1.7657657657657657,0.0602007299094558,0.015311130628058223,0.008898015400285342,0.006332183756617593,0.004949465148063714,0.004083313793985743,0.0034878495970797063,0.8648740940657271,0.8667837397954383,0.8686401621569254,0.8704455556364986,0.8722019957130895,0.8739114468175809,0.8755757696617754
1.7675675675675675,0.06021257336965724,0.015314194887996013,0.008899824997971928,0.006333490713429923,0.004950500252794754,0.004084177404561129,0.003488594151493829,0.8649932931688834,0.8669015135791317,0.8687565432203754,0.8705605755246056,0.8723156849581056,0.8740238349790177,0.8756868853646066
1.7693693693693693,0.06022441439879922,0.015317258479660145,0.008901634178859918,0.0063347973536985736,0.004951535094842807,0.004085040786530492,0.003489338501576622,0.8651122822292782,0.867019079374068,0.8688727183150566,0.87067539143045,0.8724291721744311,0.8741360230329587,0.8757978028493246
1.771171171171171,0.060236252991400785,0.01532032140177908,0.00890344294227996,0.006336103676994775,0.004952569673907559,0.004085903939675228,0.003490082647167436,0.8652310618015543,0.8671364377306763,0.8689886879872174,0.8707900038961339,0.8725424579000571,0.8742480115133211,0.8759085226458106
1.772972972972973,0.06024808914202329,0.015323383653091271,0.008905251287567473,0.006337409682891648,0.004953603989693578,0.004086766863780844,0.0034908265881018474,0.8653496324384038,0.8672535891974454,0.8691044527811762,0.87090441346184,0.8726555426710664,0.8743598009521248,0.876019045282059
1.7747747747747749,0.06025992284526971,0.015326445232344721,0.008907059214063096,0.0063387153709686395,0.004954638041908432,0.004087629558633621,0.0034915703242234253,0.8654679946905762,0.8673705343209323,0.8692200132393304,0.8710186206658406,0.8727684270216419,0.8744713918795002,0.8761293712841854
1.7765765765765766,0.06027175409578178,0.015329506138298532,0.008908866721112907,0.006340020740808194,0.004955671830260688,0.0040884920240233935,0.0034923138553719646,0.8655861491068874,0.8674872736457704,0.8693353699021645,0.8711326260445055,0.872881111484075,0.8745827848236967,0.8762395011764357
1.7783783783783784,0.060283582888242204,0.015332566369719025,0.00891067380806898,0.0063413257919952,0.004956705354462354,0.004089354259741218,0.0034930571813945877,0.8657040962342271,0.8676038077146782,0.8694505233082582,0.8712464301323107,0.8729935965887735,0.8746939803110912,0.8763494354811934
1.7801801801801802,0.060295409217373974,0.015335625925385399,0.008912480474288942,0.006342630524118542,0.004957738614229212,0.004090216265580482,0.003493800302134642,0.865821836617569,0.8677201370684678,0.8695654739942961,0.8713600334618473,0.8731058828642709,0.874804978866197,0.8764591747189888
1.781981981981982,0.06030723307793939,0.015338684804084401,0.008914286719134634,0.006343934936773321,0.004958771609279267,0.004091078041336682,0.003494543217439916,0.8659393707999774,0.8678362622460529,0.8696802224950738,0.8714734365638283,0.8732179708372337,0.8749157810116702,0.8765687194085067
1.7837837837837838,0.06031905446474095,0.015341743004613217,0.008916092541974563,0.006345239029555194,0.004959804339332297,0.00409193958680798,0.003495285927161418,0.866056699322617,0.8679521837844577,0.8697947693435086,0.8715866399670986,0.8733298610324703,0.8750263872683204,0.8766780700665946
1.7855855855855856,0.060330873372618776,0.015344800525778468,0.008917897942181896,0.006346542802063593,0.004960836804111857,0.0040928009017943134,0.0034960284311489342,0.8661738227247601,0.8680679022188245,0.8699091150706464,0.8716996441986422,0.873441553972939,0.8751367981551167,0.8767872272082712
1.7873873873873873,0.060342689796454074,0.01534785736639599,0.008919702919135242,0.006347846253904166,0.004961869003343611,0.0040936619860970636,0.0034967707292553607,0.8662907415437954,0.868183418082422,0.8700232602056697,0.8718124497835904,0.8735530501797554,0.8752470141891967,0.8768961913467338
1.7891891891891891,0.060354503731165465,0.015350913525291054,0.008921507472217538,0.006349149384684893,0.0049629009367564425,0.004094522839521053,0.003497512821336035,0.8664074563152363,0.8682987319066547,0.8701372052759067,0.8719250572452304,0.8736643501722022,0.8753570358858753,0.8770049629933672
1.790990990990991,0.06036631517171054,0.015353969001299816,0.008923311600819939,0.006350452194014644,0.00496393260408079,0.004095383461872104,0.0034982547072465175,0.8665239675727289,0.8684138442210693,0.8702509508068388,0.8720374671050127,0.8737754544677354,0.8754668637586511,0.8771135426577505
1.7927927927927927,0.060378124113085296,0.015357023793265312,0.008925115304334486,0.006351754681509503,0.004964964005052197,0.004096243852958814,0.0034989963868459206,0.8666402758480598,0.8685287555533634,0.8703644973221085,0.8721496798825601,0.8738863635819937,0.8755764983192158,0.8772219308476668
1.7945945945945945,0.060389930550323934,0.015360077900041347,0.00892691858216177,0.0063530568467873305,0.0049659951394053214,0.004097104012591446,0.003499737859993357,0.8667563816711649,0.8686434664293945,0.8704778453435282,0.8722616960956748,0.8739970780288056,0.8756859400774614,0.8773301280691091
1.7963963963963965,0.06040173447849784,0.015363131320490941,0.008928721433705933,0.0063543586894697635,0.004967026006880371,0.004097963940582261,0.003500479126549383,0.8668722855701368,0.8687579773731869,0.8705909953910878,0.8723735162603471,0.8741075983201977,0.8757951895414884,0.87743813482629
1.7981981981981983,0.060413535892716586,0.015366184053485554,0.00893052385837656,0.006355660209182323,0.00496805660721833,0.004098823636746296,0.003501220186378662,0.8669879880712336,0.86887228890694,0.8707039479829619,0.8724851408907625,0.8742179249664028,0.8759042472176136,0.8775459516216482
1.8,0.06042533478812695,0.015369236097906191,0.008932325855588563,0.006356961405553085,0.004969086940163847,0.004099683100898699,0.0035019610393434153,0.8671034896988854,0.8689864015510362,0.870816703635519,0.8725965704993102,0.8743280584758673,0.8760131136103777,0.8776535789558567
1.8018018018018018,0.06043713115991278,0.015372287452643296,0.008934127424761407,0.006358262278213678,0.004970117005463237,0.0041005423328590584,0.003502701685312082,0.8672187909757041,0.8691003158240495,0.8709292628633287,0.872707805596591,0.8744379993552592,0.8761217892225537,0.8777610173278314
1.8036036036036036,0.060448925003295684,0.015375338116595527,0.00893592856531955,0.006359562826799947,0.0049711468028669215,0.004101401332448074,0.0035034421241513236,0.86733389242249,0.869214032242752,0.8710416261791694,0.8728188466914246,0.8745477481094761,0.8762302745551537,0.8778682672347373
1.8054054054054054,0.060460716313533114,0.015378388088670869,0.008937729276692674,0.006360863050950627,0.004972176332125211,0.004102260099487776,0.0035041823557321328,0.8674487945582399,0.8693275513221227,0.8711537940940365,0.872929694290858,0.8746573052416526,0.8763385701074374,0.8779753291719973
1.8072072072072072,0.06047250508591839,0.015381437367785855,0.008939529558315562,0.0063621629503081145,0.004973205592993635,0.004103118633802083,0.0035049223799249463,0.8675634979001547,0.869440873575355,0.8712657671171493,0.8730403489001721,0.8747666712531679,0.8764466763769195,0.878082203633299
1.809009009009009,0.060484291315783145,0.015384485952867122,0.008941329409627552,0.006363462524517582,0.004974234585228721,0.004103976935218023,0.0035056621966017554,0.8676780029636483,0.8695539995138649,0.8713775457559605,0.873150811022891,0.8748758466436539,0.8765545938593774,0.8781888911106035
1.8108108108108107,0.06049607499849263,0.015387533842848078,0.008943128830074087,0.006364761773226757,0.004975263308589106,0.004104835003563734,0.003506401805638548,0.8677923102623537,0.8696669296472977,0.8714891305161615,0.8732610811607885,0.8749848319110025,0.8766623230488584,0.8782953920941515
1.8126126126126125,0.06050785612945053,0.015390581036672235,0.008944927819102166,0.0063660606960894706,0.004976291762837648,0.004105692838669461,0.0035071412069100916,0.8679064203081316,0.8697796644835364,0.8716005219016919,0.8733711598138953,0.8750936275513733,0.8767698644376873,0.8784017070724719
1.8144144144144143,0.060519634704093495,0.01539362753329132,0.008946726376167002,0.006367359292759667,0.004977319947737202,0.004106550440367784,0.003507880400294261,0.8680203336110781,0.869892204528709,0.8717117204147461,0.8734810474805081,0.8752022340592007,0.8768772185164748,0.8785078365323885
1.816216216216216,0.060531410717895695,0.015396673331665611,0.008948524500727917,0.006368657562896618,0.004978347863055843,0.0041074078084926136,0.00350861938566982,0.868134050679532,0.8700045502871964,0.8718227265557813,0.873590744657196,0.8753106519272024,0.8769843857741237,0.8786137809590282
1.818018018018018,0.06054318416636573,0.015399718430764486,0.008950322192247673,0.006369955506161595,0.004979375508561756,0.004108264942879414,0.0035093581629175308,0.8682475720200822,0.8701167022616395,0.8719335408235247,0.8737002518388077,0.8754188816463853,0.877091366697837,0.8787195408358276
1.8198198198198199,0.06055495504504671,0.015402762829564876,0.008952119450194806,0.0063712531222199775,0.004980402884026014,0.004109121843366759,0.0035100967319191545,0.8683608981375757,0.8702286609529472,0.8720441637149813,0.8738095695184801,0.8755269237060547,0.8771981617731255,0.878825116644541
1.8216216216216217,0.060566723349517404,0.015405806527053478,0.008953916274042295,0.006372550410739919,0.004981429989223685,0.004109978509793999,0.003510835092559561,0.8684740295351248,0.8703404268603033,0.872154595725441,0.8739186981876447,0.87563477859382,0.8773047714838141,0.8789305088652474
1.8234234234234235,0.06057848907539021,0.015408849522223766,0.008955712663267557,0.0063738473713929045,0.004982456823929948,0.004110834942003261,0.003511573244723065,0.8685869667141144,0.8704520004811742,0.872264837348486,0.8740276383360351,0.8757424467956033,0.8774111963120504,0.8790357179763575
1.8252252252252252,0.06059025221831249,0.015411891814079537,0.008957508617353116,0.006375144003853528,0.004983483387923204,0.00411169113983767,0.003512311188296202,0.86869971017421,0.8705633823113165,0.8723748890759989,0.8741363904516952,0.8758499287956463,0.8775174367383114,0.8791407444546218
1.827027027027027,0.0606020127739656,0.015414933401630249,0.008959304135785051,0.006376440307798492,0.004984509680985516,0.004112547103142017,0.0035130489231679496,0.8688122604133643,0.8706745728447839,0.8724847513981686,0.8742449550209854,0.8759572250765169,0.8776234932414103,0.879245588775137
1.8288288288288288,0.060613770738064954,0.015417974283896685,0.008961099218056656,0.006377736282908719,0.004985535702899946,0.004113402831764312,0.0035137864492281734,0.868924617927825,0.8707855725739349,0.8725944248034989,0.8743533325285903,0.8760643361191175,0.8777293662985045,0.8793502514113533
1.8306306306306306,0.060625526106359295,0.01542101445990507,0.00896289386366178,0.006379031928869905,0.004986561453450555,0.004114258325552678,0.0035145237663674056,0.8690367832121421,0.8708963819894395,0.8727039097788151,0.8744615234575257,0.8761712624026914,0.8778350563851021,0.8794547328350817
1.8324324324324324,0.060637278874631884,0.015424053928691839,0.008964688072102378,0.006380327245365858,0.00498758693242618,0.004115113584358676,0.0035152608744773994,0.8691487567591747,0.8710070015802874,0.8728132068092711,0.8745695282891462,0.8762780044048304,0.8779405639750693,0.8795590335165013
1.8342342342342342,0.060649029038697955,0.015427092689300537,0.00896648184288329,0.006381622232089934,0.004988612139616988,0.004115968608034204,0.003515997773453128,0.8692605390600989,0.871117431833794,0.8729223163783572,0.8746773475031523,0.8763845626014813,0.8780458895406376,0.8796631539241657
1.836036036036036,0.060660776594406496,0.015430130740781811,0.008968275175513574,0.006382916888732493,0.004989637074815034,0.004116823396434155,0.003516734463191118,0.8693721306044143,0.8712276732356086,0.8730312389679064,0.8747849815775967,0.8764909374669541,0.8781510335524105,0.8797670945250106
1.8378378378378377,0.060672521537640134,0.015433168082197413,0.008970068069507176,0.006384211214990887,0.004990661737813928,0.004117677949414644,0.0035174709435861207,0.869483531879952,0.8713377262697206,0.873139975058102,0.8748924309888925,0.8765971294739278,0.8782559964793709,0.8798708557843605
1.8396396396396397,0.06068426386431347,0.015436204712613533,0.008971860524383368,0.006385505210564135,0.004991686128411388,0.00411853226683212,0.00351820721453866,0.8695947433728806,0.8714475914184677,0.873248525127485,0.8749996962118195,0.8767031390934578,0.8783607787888879,0.8799744381659359
1.8414414414414415,0.060696003570372636,0.015439240631106466,0.008973652539663313,0.006386798875153588,0.004992710246406462,0.004119386348547804,0.003518943275948372,0.8697057655677141,0.8715572691625417,0.87335688965296,0.8751067777195312,0.8768089667949835,0.8784653809467233,0.8800778421318598
1.8432432432432433,0.06070774065179818,0.015442275836758945,0.00897544411487583,0.006388092208465146,0.00499373409160031,0.004120240194422253,0.003519679127715447,0.8698165989473189,0.8716667599809965,0.8734650691098033,0.8752136759835621,0.8769146130463344,0.8785698034170394,0.8801810681426651
1.845045045045045,0.06071947510460185,0.015445310328663031,0.00897723524955052,0.0063893852102060444,0.004994757663795979,0.004121093804318687,0.0035204147697429633,0.8699272439929201,0.8717760643512545,0.8735730639716691,0.8753203914738348,0.8770200783137375,0.8786740466624052,0.8802841166573006
1.8468468468468469,0.06073120692482703,0.015448344105917444,0.008979025943224528,0.006390677880086515,0.004995780962799401,0.004121947178102214,0.003521150201934997,0.8700377011841095,0.8718851827491136,0.8736808747105972,0.8754269246586658,0.8771253630618238,0.8787781111438034,0.8803869881331389
1.8486486486486486,0.06074293610854942,0.015451377167629121,0.00898081619543778,0.006391970217822007,0.00499680398841873,0.004122800315638386,0.0035218854241965136,0.8701479709988517,0.8719941156487546,0.873788501797019,0.8755332760047736,0.8772304677536352,0.8788819973206373,0.8804896830259824
1.8504504504504504,0.06075466265187612,0.015454409512912437,0.008982606005734306,0.006393262223126972,0.004997826740462452,0.004123653216795975,0.0035226204364358082,0.870258053913491,0.8721028635227474,0.8738959456997647,0.8756394459772849,0.8773353928506317,0.8789857056507371,0.8805922017900701
1.8522522522522522,0.060766386550944906,0.015457441140889094,0.008984395373662468,0.006394553895723076,0.004998849218743939,0.004124505881444418,0.0035233552385592892,0.870367950402759,0.872211426842058,0.8740032068860704,0.8757454350397414,0.8774401388126976,0.8790892365903674,0.8806945448780846
1.854054054054054,0.06077810780192605,0.015460472050689233,0.008986184298774957,0.006395845235331765,0.004999871423077451,0.004125358309455485,0.0035240898304774726,0.8704776609397809,0.8723198060760557,0.8741102858215843,0.8758512436541068,0.8775447060981484,0.8791925905942333,0.8807967127411586
1.8558558558558558,0.06078982640102004,0.015463502241449545,0.00898797278062835,0.00639713624167737,0.005000893353277913,0.0041262105007026095,0.0035248242121019846,0.870587185996082,0.8724280016925197,0.8742171829703742,0.8759568722807732,0.8776490951637378,0.8792957681154873,0.8808987058288813
1.8576576576576576,0.060801542344458004,0.015466531712315157,0.008989760818784664,0.006398426914488775,0.005001915009165581,0.004127062455060115,0.0035255583833435633,0.870696526041595,0.872536014157645,0.8743238987949332,0.8760623213785678,0.8777533064646639,0.8793987696057354,0.8810005245893052
1.8594594594594593,0.06081325562850248,0.015469560462437637,0.008991548412808581,0.006399717253497306,0.005002936390558932,0.004127914172404545,0.0035262923441158334,0.8708056815446666,0.8726438439360508,0.8744304337561875,0.8761675914047597,0.8778573404545759,0.879501595515045,0.8811021694689531
1.8612612612612613,0.06082496624944567,0.015472588490976769,0.00899333556226889,0.006401007258434732,0.005003957497282108,0.00412876565261433,0.0035270260943337517,0.870914652972064,0.8727514914907853,0.8745367883135019,0.876272682815067,0.877961197585581,0.87960424629195,0.881203640912824
1.8630630630630631,0.060836674203610275,0.015475615797099551,0.008995122266739486,0.006402296929039375,0.0050049783291584715,0.004129616895568011,0.003527759633915606,0.871023440788982,0.872858957283334,0.8746429629246875,0.8763775960636621,0.8780648783082508,0.879706722383458,0.8813049393643996
1.864864864864865,0.06084837948734956,0.015478642379979535,0.008996908525797487,0.0064035862650493325,0.005005998886015828,0.004130467901147572,0.0035284929627761308,0.8711320454590482,0.8729662417736244,0.874748958046007,0.8764823316031791,0.878168383071627,0.8798090242350566,0.8814060652656508
1.8666666666666667,0.06086008209704663,0.015481668238799151,0.008998694339024449,0.006404875266207033,0.005007019167681981,0.004131318669236106,0.0035292260808357234,0.871240467444332,0.8730733454200348,0.874854774132183,0.8765868898847208,0.8782717123232299,0.8799111522907203,0.881507019057045
1.8684684684684685,0.060871782029113586,0.015484693372746161,0.009000479706006148,0.006406163932256015,0.005008039173987622,0.00413216919971815,0.0035299589880133375,0.8713487072053491,0.8731802686793988,0.8749604116364025,0.8766912713578637,0.8783748665090623,0.8800131069929161,0.8816078011775508
1.8702702702702703,0.06088347927999227,0.015487717781015653,0.009002264626331358,0.006407452262944369,0.005009058904765662,0.0041330194924789065,0.0035306916842323677,0.8714567652010687,0.8732870120070134,0.8750658710103246,0.876795476470666,0.8784778460736179,0.8801148887826109,0.8817084120646462
1.872072072072072,0.06089517384615484,0.015490741462812596,0.00900404909959307,0.006408740258021184,0.005010078359851344,0.004133869547406577,0.003531424169413766,0.8715646418889201,0.873393575856644,0.8751711527040871,0.8768995056696729,0.878580651459887,0.8802164980992768,0.8818088521543236
1.8738738738738738,0.060906865724101755,0.015493764417344957,0.009005833125389495,0.006410027917240102,0.0050110975390808,0.004134719364390804,0.003532156443481149,0.8716723377247994,0.8734999606805322,0.8752762571663119,0.8770033593999236,0.8786832831093625,0.8803179353808985,0.8819091218810967
1.8756756756756756,0.06091855491036269,0.01549678664383125,0.009007616703321397,0.006411315240355209,0.005012116442292158,0.004135568943321011,0.0035328885063612425,0.8717798531630749,0.873606166929401,0.8753811848441122,0.8771070381049574,0.8787857414620466,0.8804192010639784,0.8820092216780064
1.8774774774774774,0.060930241401496166,0.015499808141494764,0.009009399832994092,0.0064126022271252525,0.0050131350693268795,0.004136418284090726,0.0035336203579784398,0.8718871886565949,0.873712195052462,0.8754859361830984,0.8772105422268199,0.8788880269564571,0.8805202955835438,0.8821091519766275
1.8792792792792792,0.060941925194089586,0.015502828909566668,0.009011182514016003,0.006413888877309981,0.005014153420026757,0.004137267386592147,0.003534351998263463,0.8719943446566928,0.8738180454974217,0.8755905116273852,0.8773138722060697,0.8789901400296337,0.8806212193731532,0.8822089132070747
1.881081081081081,0.06095360628475943,0.015505848947285017,0.009012964745999885,0.006415175190673472,0.005015171494236581,0.004138116250721913,0.0035350834271412612,0.8721013216131942,0.8739237187104869,0.8756949116195962,0.8774170284817842,0.8790920811171438,0.8807219728649014,0.8823085057980085
1.882882882882883,0.060965284670148834,0.015508868253894192,0.009014746528562934,0.0064164611669806915,0.005016189291802919,0.0041389648763759945,0.003535814644545443,0.872208119974423,0.8740292151363723,0.8757991366008723,0.877520011491566,0.8791938506530894,0.8808225564894271,0.8824079301766418
1.8846846846846848,0.060976960346930786,0.015511886828646793,0.009016527861325119,0.006417746805999491,0.005017206812574004,0.004139813263453362,0.003536545650403844,0.8723147401872074,0.8741345352183055,0.875903187010876,0.877622821671549,0.8792954490701125,0.8809229706759174,0.8825071867687453
1.8864864864864865,0.060988633311805485,0.0155149046708003,0.009018308743910075,0.006419032107500944,0.005018224056399512,0.004140661411853208,0.003537276444651849,0.8724211826968866,0.8742396793980342,0.8760070632877989,0.8777254594564051,0.8793968767994018,0.8810232158521161,0.8826062759986547
1.8882882882882883,0.06100030356150121,0.015517921779620636,0.0090200891759461,0.006420317071258785,0.005019241023131782,0.004141509321476833,0.003538007027223844,0.8725274479473164,0.8743446481158316,0.8761107658683669,0.8778279252793493,0.8794981342706983,0.8811232924443272,0.8827051982892755
1.89009009009009,0.061011971092773454,0.01552093815437905,0.00902186915706471,0.006421601697048862,0.005020257712626042,0.004142356992226981,0.0035387373980522163,0.872633536380876,0.874449441810503,0.8762142951878471,0.8779302195721465,0.8795992219123021,0.8812232008774231,0.8828039540620902
1.8918918918918919,0.06102363590240634,0.015523953794354117,0.009023648686901531,0.006422885984647242,0.005021274124735631,0.004143204424007951,0.0035394675570739054,0.8727394484384738,0.8745540609193919,0.8763176516800537,0.8780323427651177,0.8797001401510777,0.8813229415748496,0.8829025437371633
1.8936936936936937,0.06103529798721008,0.015526968698831856,0.009025427765094407,0.00642416993383832,0.005022290259320439,0.004144051616724709,0.003540197504227627,0.8728451845595536,0.8746585058783859,0.8764208357773535,0.8781342952871456,0.8798008894124603,0.8814225149586316,0.8830009677331475
1.8954954954954955,0.06104695734402288,0.015529982867103054,0.009027206391286846,0.006425453544403048,0.005023306116238246,0.004144898570284994,0.0035409272394494318,0.8729507451821005,0.8747627771219229,0.8765238479106727,0.8782360775656806,0.8799014701204618,0.88152192144938,0.8830992264672903
1.8972972972972972,0.061058613969709796,0.015532996298466717,0.009028984565125131,0.0064267368161278204,0.005024321695351497,0.004145745284596658,0.0035416567626801454,0.8730561307426467,0.8748668750829967,0.876626688509502,0.878337690026747,0.8800018826976767,0.8816211614662968,0.8831973203554387
1.899099099099099,0.06107026786116243,0.015536008992227845,0.009030762286258542,0.006428019748800251,0.0050253369965224115,0.004146591759570439,0.0035423860738603707,0.8731613416762789,0.8749708001931638,0.8767293580019039,0.8784391330949491,0.8801021275652883,0.8817202354271814,0.8832952498120467
1.9009009009009008,0.06108191901529947,0.015539020947697213,0.00903253955434058,0.006429302342212173,0.0050263520196172085,0.004147437995117187,0.0035431151729325983,0.8732663784166425,0.8750745528825487,0.8768318568145173,0.8785404071934768,0.8802022051430739,0.8818191437484364,0.8833930152501789
1.9027027027027026,0.06109356742906635,0.015542032164193031,0.00903431636902785,0.006430584596154754,0.005027366764500996,0.004148283991149193,0.0035438440598395404,0.8733712413959482,0.8751781335798499,0.8769341853725638,0.8786415127441113,0.8803021158494113,0.8819178868450733,0.8834906170815185
1.9045045045045046,0.061105213099434064,0.015545042641039397,0.009036092729981626,0.006431866510425044,0.005028381231043544,0.004149129747581193,0.003544572734525686,0.8734759310449789,0.8752815427123463,0.8770363440998543,0.8787424501672314,0.8804018601012846,0.8820164651307184,0.8835880557163721
1.9063063063063064,0.06111685602340067,0.015548052377566624,0.009037868636865953,0.006433148084820206,0.005029395419114957,0.00414997526432781,0.003545301196935302,0.8735804477930941,0.8753847807059025,0.8771383334187941,0.8788432198818195,0.8805014383142897,0.8821148790176188,0.8836853315636752
1.9081081081081082,0.061128496197989546,0.015551061373111463,0.009039644089346988,0.006434429319139734,0.005030409328586005,0.004150820541306999,0.003546029447016541,0.8736847920682362,0.8754878479849747,0.8772401537503883,0.8789438223054662,0.8806008509026397,0.8822131289166474,0.883782445030998
1.90990990990991,0.06114013362025139,0.015554069627017886,0.009041419087097768,0.006435710213187673,0.005031422959332343,0.004151665578436714,0.003546757484715557,0.8737889642969375,0.875590744972617,0.8773418055142492,0.8790442578543779,0.8807000982791718,0.8823112152373096,0.883879396524552
1.9117117117117117,0.061151768287260544,0.01555707713863419,0.009043193629790669,0.006436990766767847,0.005032436311228072,0.004152510375635909,0.003547485309981835,0.8738929649043241,0.8756934720904866,0.8774432891286001,0.8791445269433809,0.8807991808553521,0.8824091383877483,0.8839761864491945
1.9135135135135135,0.06116340019611943,0.015560083907317224,0.009044967717104835,0.006438270979687077,0.005033449384150845,0.00415335493282587,0.0035482129227637493,0.8739967943141232,0.8757960297588501,0.8775446050102829,0.8792446299859279,0.8808980990412816,0.8825068987747497,0.8840728152084348
1.9153153153153153,0.06117502934395358,0.015563089932426943,0.009046741348720744,0.0064395508517550715,0.005034462177979981,0.004154199249928436,0.003548940323013672,0.8741004529486683,0.8758984183965886,0.877645753574762,0.8793445673941036,0.8809968532457014,0.8826044968037495,0.8841692832044398
1.917117117117117,0.061186655727915595,0.015566095213333075,0.009048514524323314,0.006440830382783758,0.005035474692595132,0.004155043326868002,0.0035496675106825304,0.8742039412289048,0.876000638421204,0.8777467352361316,0.8794443395786304,0.8810954438759993,0.8827019328788374,0.8842655908380392
1.9189189189189189,0.061198279345182405,0.015569099749408455,0.009050287243601352,0.006442109572588062,0.005036486927878947,0.00415588716356885,0.003550394485724251,0.8743072595743958,0.8761026902488245,0.8778475504071201,0.8795439469488738,0.8811938713382144,0.8827992074027636,0.8843617385087318
1.9207207207207206,0.06120990019295636,0.015572103540033466,0.009052059506246102,0.006443388420983132,0.00503749888371674,0.004156730759958371,0.003551121248091871,0.8744104084033281,0.8762045742942098,0.8779481994990967,0.8796433899128481,0.8812921360370432,0.8828963207769439,0.8844577266146902
1.9225225225225224,0.061221518268464226,0.015575106584594045,0.009053831311951033,0.006444666927788223,0.005038510559993825,0.0041575741159622925,0.003551847797740426,0.8745133881325171,0.8763062909707575,0.8780486829220764,0.879742668877222,0.8813902383758451,0.8829932734014656,0.884553555552767
1.9243243243243242,0.06123313356895754,0.0155781088824829,0.009055602660415052,0.006445945092823924,0.005039521956595516,0.004158417231510336,0.0035525741346279505,0.8746161991774132,0.8764078406905081,0.8781490010847253,0.8798417842473243,0.8814881787566476,0.8830900656750926,0.8846492257184996
1.9261261261261262,0.06124474609171271,0.0155811104330974,0.009057373551339287,0.006447222915911266,0.005040533073413012,0.004159260106533114,0.0035533002587092577,0.8747188419521069,0.8765092238641509,0.8782491543943671,0.879940736427149,0.8815859575801527,0.8831866979952709,0.884744737506116
1.927927927927928,0.06125635583403144,0.01558411123584158,0.009059143984429086,0.006448500396878942,0.005041543910335289,0.00416010274096168,0.003554026169944713,0.8748213168693346,0.8766104409010289,0.8783491432569879,0.8800395258193611,0.8816835752457408,0.8832831707581342,0.8848400913085406
1.9297297297297298,0.06126796279323754,0.015587111290124911,0.009060913959390682,0.006449777535552759,0.005042554467256544,0.004160945134728533,0.0035547518682916834,0.874923624340484,0.8767114922091453,0.8784489680772415,0.8801381528253022,0.8817810321514776,0.8833794843585095,0.8849352875173985
1.9315315315315316,0.061279566966680576,0.015590110595364082,0.009062683475936861,0.006451054331761519,0.0050435647440693065,0.0041617872877677264,0.0035554773537116446,0.8750257647755993,0.8768123781951683,0.8785486292584557,0.8802366178449953,0.8818783286941188,0.883475639189922,0.8850303265230219
1.9333333333333333,0.06129116835173387,0.015593109150979112,0.009064452533780964,0.006452330785338689,0.0050445747406691055,0.004162629200014534,0.0035562026261655166,0.8751277385833879,0.8769130992644368,0.8786481272026371,0.8803349212771513,0.8819754652691157,0.8835716356446008,0.8851252087144554
1.9351351351351351,0.061302766945794396,0.015596106956398237,0.00906622113264055,0.00645360689611707,0.005045584456953467,0.00416347087140545,0.003556927685617106,0.8752295461712238,0.8770136558209655,0.8787474623104762,0.8804330635191729,0.8820724422706205,0.8836674741134841,0.8852199344794605
1.936936936936937,0.061314362746283435,0.015599104011054243,0.009067989272236399,0.006454882663933126,0.0050465938928210274,0.0041643123018780814,0.003557652532026445,0.8753311879451555,0.8771140482674509,0.8788466349813541,0.8805310449671618,0.8821692600914917,0.8837631549862249,0.8853145042045214
1.9387387387387387,0.06132595575064437,0.01560210031438547,0.009069756952291841,0.006456158088624764,0.005047603048171534,0.004165153491371809,0.003558377165360671,0.8754326643099086,0.8772142770052759,0.8789456456133459,0.8806288660159218,0.8822659191232989,0.8838586786511952,0.8854089182748504
1.9405405405405405,0.061337545956345774,0.015605095865836693,0.009071524172534762,0.006457433170033333,0.005048611922907176,0.004165994439825904,0.003559101585585145,0.875533975668894,0.877314342434516,0.879044494603228,0.8807265270589664,0.8823624197563289,0.8839540454954926,0.8855031770743926
1.9423423423423423,0.06134913336087866,0.015608090664858243,0.009073290932694378,0.006458707907999628,0.005049620516932363,0.004166835147182524,0.0035598257926645616,0.875635122424211,0.877414244953944,0.879143182346482,0.8808240284885221,0.8824587623795905,0.8840492559049448,0.8855972809858321
1.944144144144144,0.06136071796175724,0.015611084710904999,0.00907505723250479,0.006459982302369882,0.005050628830150283,0.0041676756133838255,0.003560549786567724,0.8757361049766541,0.8775139849610354,0.8792417092373005,0.8809213706955351,0.8825549473808199,0.8841443102641144,0.8856912303905958
1.9459459459459458,0.061372299756519144,0.015614078003437837,0.009076823071700879,0.006461256352989553,0.005051636862468234,0.004168515838374187,0.003561273567262213,0.8758369237257174,0.877613562851974,0.8793400756685925,0.8810185540696759,0.8826509751464853,0.8842392089563057,0.8857850256688597
1.9477477477477478,0.06138387874272411,0.015617070541924627,0.009078588450022296,0.0064625300597073165,0.005052644613794399,0.0041693558220978755,0.0035619971347172763,0.8759375790696001,0.8777129790216566,0.8794382820319883,0.8811155789993441,0.882746846061793,0.8843339523635675,0.8858786671995534
1.9495495495495496,0.061395454917955394,0.015620062325836681,0.009080353367211913,0.0064638034223747365,0.005053652084038074,0.0041701955645016,0.0035627204889029374,0.8760380714052124,0.877812233863699,0.8795363287178448,0.8812124458716747,0.8828425605106921,0.8844285408667004,0.8859721553603658
1.9513513513513514,0.061407028279818365,0.015623053354651972,0.009082117823014824,0.006465076440843487,0.005054659273109996,0.0041710350655326245,0.0035634436297909966,0.8761384011281793,0.8779113277704401,0.8796342161152508,0.8813091550725421,0.8829381188758795,0.8845229748452604,0.8860654905277492
1.9531531531531532,0.06141859882594147,0.01562604362785336,0.009083881817179673,0.006466349114969905,0.005055666180923457,0.004171874325139102,0.0035641665573535875,0.8762385686328473,0.8780102611329483,0.8797319446120322,0.8814057069865658,0.883033521538805,0.8846172546775649,0.8861586730769252
1.954954954954955,0.06143016655397504,0.015629033144930138,0.009085645349456772,0.006467621444608773,0.005056672807391416,0.004172713343271406,0.0035648892715628433,0.8763385743122885,0.8781090343410255,0.8798295145947563,0.8815021019971153,0.8831287688796767,0.884711380740697,0.8862517033818895
1.9567567567567568,0.06144173146159215,0.01563202190537505,0.009087408419601428,0.006468893429620093,0.005057679152430605,0.004173552119879798,0.003565611772393229,0.8764384185583063,0.8782076477832131,0.8799269264487385,0.8815983404863156,0.8832238612774659,0.8848053534105114,0.886344581815417
1.9585585585585585,0.06145329354648699,0.015635009908688824,0.009089171027370613,0.006470165069864975,0.005058685215957981,0.004174390654916427,0.0035663340598205417,0.8765381017614404,0.8783061018467967,0.8800241805580457,0.8816944228350515,0.8833187991099118,0.8848991730616386,0.8864373087490662
1.9603603603603603,0.06146485280637659,0.015637997154374528,0.009090933172524185,0.006471436365206307,0.005059690997890498,0.004175228948334997,0.0035670561338199125,0.8766376243109719,0.878404396917811,0.8801212773055025,0.8817903494229734,0.8834135827535272,0.8849928400674902,0.886529884553185
1.962162162162162,0.06147640923899933,0.015640983641942663,0.009092694854825556,0.006472707315507753,0.00506069649814922,0.004176067000089323,0.0035677779943681376,0.8767369865949279,0.8785025333810453,0.8802182170726954,0.8818861206285016,0.8835082125836026,0.885086354800264,0.8866223095969151
1.9639639639639639,0.06148796284211622,0.015643969370908506,0.00909445607404058,0.00647397792063642,0.005061701716655098,0.004176904810133997,0.0035684996414430126,0.8768361890000875,0.8786005116200484,0.8803150002399788,0.881981736828832,0.8836026889742119,0.8851797176309487,0.886714584248197
1.9657657657657657,0.061499513613508694,0.01564695434079244,0.009096216829937998,0.006475248180461302,0.005062706653331972,0.004177742378427163,0.003569221075022888,0.8769352319119859,0.8786983320171328,0.8804116271864787,0.8820771983999401,0.883697012298217,0.8852729289293291,0.8868067088737749
1.9675675675675675,0.06151106155097996,0.015649938551119402,0.009097977122289547,0.0064765180948527235,0.005063711308102459,0.0041785797049256335,0.003569942295087003,0.8770341157149197,0.8787959949533811,0.8805080982900989,0.8821725057165872,0.8837911829272727,0.8853659890639902,0.8868986838392017
1.9693693693693695,0.06152260665235543,0.01565292200142021,0.009099736950870296,0.00647778766368412,0.005064715680893617,0.0041794167895883305,0.0035706633016164835,0.8771328407919525,0.87889350080865,0.8806044139275251,0.8822676591523243,0.8838852012318317,0.8854588984023235,0.8869905095088435
1.9711711711711712,0.06153414891548059,0.015655904691230682,0.009101496315456759,0.006479056886828594,0.005065719771631727,0.004180253632374398,0.003571384094593122,0.8772314075249187,0.8789908499615751,0.8807005744742298,0.8823626590794967,0.8839790675811491,0.8855516573105301,0.8870821862458848
1.972972972972973,0.06154568833822238,0.01565888662009174,0.009103255215829775,0.0064803257641620204,0.005066723580244958,0.0041810902332461986,0.003572104673996046,0.877329816294429,0.8790880427895763,0.8807965803044778,0.8824575058692504,0.8840727823432878,0.8856442661536268,0.8871737144123328
1.9747747747747748,0.06155722491846882,0.015661867787549855,0.009105013651771854,0.006481594295564386,0.005067727106663922,0.004181926592164542,0.0035728250398129324,0.8774280674798756,0.8791850796688626,0.8808924317913307,0.8825521998915352,0.8841663458851231,0.8857367252954503,0.8872650943690229
1.9765765765765766,0.06156875865412914,0.015664848193154834,0.009106771623069831,0.00648286248091412,0.00506873035081945,0.004182762709093568,0.003573545192024352,0.8775261614594367,0.8792819609744369,0.8809881293066514,0.8826467415151108,0.884259758572347,0.8858290350986625,0.8873563264756227
1.9783783783783784,0.06158028954313233,0.015667827836463477,0.009108529129510878,0.00648413032009465,0.005069733312644487,0.004183598583995751,0.0035742651306163165,0.8776240986100814,0.8793786870801006,0.8810836732211095,0.8827411311075508,0.8843530207694739,0.8859211959247544,0.8874474110906372
1.9801801801801802,0.06159181758342902,0.015670806717036245,0.009110286170886384,0.006485397812988181,0.005070735992072195,0.00418443421683834,0.0035749848555736152,0.8777218793075744,0.8794752583584585,0.8811790639041855,0.8828353690352476,0.8844461328398442,0.8860132081340514,0.887538348571413
1.981981981981982,0.06160334277298862,0.015673784834439486,0.009112042746991622,0.0064866649594812475,0.005071738389038627,0.0041852696075860285,0.003575704366883814,0.8778195039264813,0.879571675180924,0.8812743017241766,0.8829294556634176,0.8845390951456304,0.8861050720857181,0.8876291392741439
1.9837837837837837,0.06161486510980374,0.015676762188243765,0.00911379885762198,0.006487931759461163,0.0050727405034800555,0.004186104756207731,0.003576423664533257,0.8779169728401726,0.8796679379177231,0.8813693870481997,0.8830233913561052,0.8846319080478402,0.8861967881377624,0.8877197835538742
1.9855855855855855,0.06162638459188474,0.015679738778024754,0.009115554502577283,0.006489198212817238,0.005073742335335307,0.004186939662670586,0.003577142748510398,0.8780142864208291,0.8797640469379001,0.8814643202421978,0.8831171764761883,0.8847245719063226,0.8862883566470409,0.8878102817645046
1.9873873873873873,0.06163790121726276,0.015682714603363346,0.009117309681659691,0.0064904643194397815,0.005074743884542654,0.0041877743269446155,0.003577861618806244,0.8781114450394466,0.8798600026093212,0.8815591016709438,0.8832108113853819,0.8848170870797716,0.8863797779692626,0.8879006342587961
1.989189189189189,0.06164941498398946,0.015685689663843982,0.009119064394673693,0.006491730079222213,0.005075745151043365,0.004188608749000178,0.0035785802754075835,0.8782084490658403,0.8799558052986801,0.8816537316980455,0.8833042964442444,0.8849094539257314,0.8864710524589947,0.8879908413883748
1.990990990990991,0.06166092589013594,0.015688663959057436,0.009120818641426776,0.006492995492059617,0.005076746134779486,0.004189442928808962,0.003579298718307422,0.8783052988686495,0.8800514553715024,0.8817482106859499,0.8833976320121799,0.8850016728006006,0.8865621804696658,0.8880809035037361
1.9927927927927929,0.06167243393379318,0.01569163748859881,0.009122572421729425,0.006494260557847298,0.0050777468356937305,0.004190276866342546,0.0035800169474949906,0.8784019948153425,0.88014695319215,0.8818425389959483,0.8834908184474454,0.8850937440596371,0.8866531623535718,0.8881708209542502
1.9945945945945946,0.061683939113071684,0.01569461025206731,0.009124325735393235,0.0064955252764845595,0.005078747253731475,0.004191110561576172,0.003580734962965404,0.8784985372722213,0.8802422991238257,0.8819367169881805,0.883583856107153,0.8851856680569624,0.8867439984618792,0.8882605940881652
1.9963963963963964,0.061695441426101616,0.01569758224906792,0.009126078582233466,0.006496789647870149,0.005079747388838207,0.004191944014482529,0.0035814527647091143,0.8785949266044261,0.8803374935285789,0.88203074502164,0.8836767453472767,0.8852774451455666,0.8868346891446309,0.8883502232526131
1.9981981981981982,0.061706940871032234,0.015700553479209067,0.009127830962069372,0.0064980536719065896,0.005080747240960859,0.004192777225038524,0.0035821703527213478,0.8786911631759393,0.8804325367673084,0.8821246234541775,0.8837694865226549,0.8853690756773119,0.8869252347507496,0.8884397087936131
2.0,0.06171843744603345,0.015703523942104947,0.009129582874719766,0.006499317348496181,0.005081746810048027,0.004193610193219843,0.0035828877269979964,0.8787872473495917,0.8805274291997682,0.8822183526425064,0.8838620799869962,0.8854605600029385,0.8870156356280428,0.8885290510560767
