Geometric_AR,BOR_LF_0.05,BOR_LF_0.09,BOR_LF_0.12,BOR_LF_0.16,BOR_LF_0.20,BOR_LF_0.24,BOR_LF_0.28,BOR_LF_0.31,BOR_LF_0.35,BOR_LF_0.39,BOR_LF_0.42,BOR_LF_0.46,BOR_LF_0.50,BOR_LF_0.54,BOR_LF_0.57,BOR_LF_0.61,BOR_LF_0.65,BOR_LF_0.69,BOR_LF_0.72,BOR_LF_0.76,BOR_LF_0.80,BOR_LF_0.84,BOR_LF_0.88,BOR_LF_0.91,BOR_LF_0.95,Thermal_AR_LF_0.05,Thermal_AR_LF_0.09,Thermal_AR_LF_0.12,Thermal_AR_LF_0.16,Thermal_AR_LF_0.20,Thermal_AR_LF_0.24,Thermal_AR_LF_0.28,Thermal_AR_LF_0.31,Thermal_AR_LF_0.35,Thermal_AR_LF_0.39,Thermal_AR_LF_0.42,Thermal_AR_LF_0.46,Thermal_AR_LF_0.50,Thermal_AR_LF_0.54,Thermal_AR_LF_0.57,Thermal_AR_LF_0.61,Thermal_AR_LF_0.65,Thermal_AR_LF_0.69,Thermal_AR_LF_0.72,Thermal_AR_LF_0.76,Thermal_AR_LF_0.80,Thermal_AR_LF_0.84,Thermal_AR_LF_0.88,Thermal_AR_LF_0.91,Thermal_AR_LF_0.95
0.2,0.18577924164548154,0.10622311835026887,0.07440065899730008,0.0572654780428099,0.046555978580171464,0.039228413952369756,0.033899262620525894,0.02984909314808637,0.026666801704184007,0.024100421337396316,0.021986914566131777,0.020216120913948643,0.01871092804472041,0.017415743346859358,0.016289476633853717,0.015301100626989417,0.014426748193695937,0.013647759580444063,0.012949335676736506,0.012319588676578341,0.011748859741414153,0.011229219977498595,0.010754099733357947,0.010318009303350806,0.009916325780308988,0.13729325796568176,0.137783768223409,0.138273721018025,0.1387631172993222,0.13925195801493667,0.13974024411035413,0.1402279765289161,0.140715156211826,0.14120178409815515,0.14168786112484877,0.14217338822673212,0.14265836633651638,0.14314279638480468,0.14362667930009806,0.14411001600880136,0.14459280743522912,0.14507505450161154,0.14555675812810026,0.14603791923277434,0.14651853873164597,0.14699861753866636,0.1474781565657315,0.1479571567226879,0.1484356189173384,0.148913544055448
0.23838383838383842,0.1695906274118133,0.09697653786524008,0.06793089651296946,0.05229092943342373,0.04251594251728208,0.035827784693569065,0.030963659461821003,0.02726691216550492,0.024362311202042575,0.022019875654251564,0.02009079418384263,0.01847451850904691,0.01710066480060024,0.01591849122105815,0.014890492937397859,0.013988349980337933,0.013190277765491976,0.012479244715965843,0.011841743036285157,0.011266922208685193,0.010745966193508094,0.010271637948906509,0.009837941074029244,0.009439864882676341,0.009073189854178043,0.15944646886156041,0.16000144732733035,0.16055569342362846,0.1611092085991903,0.16166199429893297,0.16221405196396746,0.16276538303161134,0.16331598893540117,0.16386587110510498,0.16441503096673452,0.16496346994255778,0.165511189451111,0.16605819090721122,0.16660447572196826,0.1671500453027968,0.16769490105342866,0.1682390443739247,0.16878247666068685,0.1693251993064701,0.16986721370039437,0.1704085212279562,0.1709491232710408,0.17148902120793388,0.17202821641333285,0.17256671025835912
0.2767676767676768,0.15744336996344765,0.0900389009223006,0.06307711032599106,0.04855921941374208,0.039485532922071576,0.03327721511704729,0.02876206726476105,0.025330545359182555,0.02263433793782843,0.020459963290638372,0.018669285840167138,0.017168970518617765,0.015893682667377007,0.014796320513092542,0.01384206969353352,0.013004641818368912,0.012263815058491057,0.011603779630494415,0.01101199675064679,0.010478394290647897,0.009994788655062203,0.009554461975263662,0.0091518480249011,0.008782295580858523,0.008441887830314743,0.18049142662065945,0.18110387301657122,0.18171540469238967,0.18232602369585765,0.18293573206861027,0.1835445318461978,0.1841524250581081,0.18475941372778928,0.18536549987267234,0.18597068550419316,0.18657497262781503,0.18717836324305068,0.18778085934348435,0.18838246291679378,0.18898317594477207,0.18958300040334938,0.19018193826261467,0.1907799914868372,0.19137716203448796,0.19197345185826134,0.19256886290509595,0.19316339711619626,0.19375705642705335,0.19434984276746614,0.19494175806156216
0.3151515151515152,0.1479779724119341,0.08463344458745459,0.059295631792962045,0.045652192001803815,0.03712503925910271,0.03129066765524291,0.027047482930739886,0.02382265532801897,0.02128885279083681,0.01924545173018055,0.0175626362895811,0.016152692627245724,0.014954220798227169,0.013922955603322906,0.013026179245362313,0.012239186445808459,0.01154297315439301,0.010922681672421497,0.010366528321399837,0.009865047536521399,0.00941054855856338,0.008996718089034683,0.00861832511971139,0.00827099854393576,0.007951057438874143,0.2005091749128501,0.2011728717431738,0.2018354675524558,0.20249696507818712,0.20315736704879098,0.20381667618366053,0.20447489519319662,0.20513202677884415,0.20578807363312965,0.2064430384396978,0.20709692387334797,0.20774973260007093,0.20840146727708464,0.20905213055287067,0.20970172506720997,0.21035025345121847,0.21099771832738268,0.21164412230959506,0.2122894680031892,0.2129337580049748,0.2135769949032724,0.21421918127794826,0.2148603197004486,0.21550041273383425,0.21613946293281436
0.3535353535353536,0.1403904362698214,0.08030080312448029,0.05626494885341593,0.04332256448538763,0.035233572454473006,0.029698996372961473,0.025673846391174315,0.02261472706281009,0.020211125868735413,0.01827272780721767,0.016676387056443254,0.01533889631169938,0.014202009999439769,0.013223736867252978,0.01237303979355664,0.011626482557516082,0.010966037303228315,0.010377609540980881,0.00985002089983733,0.009374292049710853,0.00894312730099145,0.008550537669686387,0.00819156086865136,0.007862050342029248,0.007558514265276317,0.21957306143909155,0.2202824742740971,0.2209905985592367,0.22169743780203252,0.22240299549728812,0.22310727512714587,0.22381028016114435,0.22451201405627508,0.22521248025703947,0.22591168219550506,0.2266096232913615,0.22730630695197646,0.2280017365724509,0.2286959155356744,0.22938884721237993,0.23008053496119826,0.23077098212871258,0.23146019204951213,0.23214816804624602,0.2328349134296766,0.23352043149873272,0.23420472554056232,0.23488779883058497,0.23556965463254448,0.23625029619856042
0.39191919191919194,0.13417276267841327,0.07675073531997123,0.05378192368437995,0.041414101179855,0.0336842109343769,0.02839533692581475,0.024548880485265823,0.021625569655157273,0.019328676777349063,0.01747633555469985,0.01595086679783675,0.014672756633837158,0.013586344649716198,0.012651503125507668,0.01183857222242124,0.011125155661666497,0.010494025530652928,0.009931712750665955,0.00942753497033455,0.008972911306004416,0.008560869810199101,0.008185687261523578,0.007842621579898568,0.007527710221616468,0.007237616322903095,0.23774962513835785,0.2384998173329927,0.23924853432995874,0.2399957804762833,0.2407415601019308,0.2414858775198868,0.24222873702624095,0.2429701429002696,0.24371009940451813,0.2444486107848825,0.2451856812706904,0.2459213150747823,0.24665551639359132,0.2473882894072234,0.2481196382795363,0.24884956715821863,0.24957808017486827,0.25030518144507025,0.25103087506847443,0.25175516512887225,0.25247805569427356,0.25319955081698275,0.25391965453367443,0.25463837086546875,0.25535570381800615
0.43030303030303035,0.12898717450008834,0.07379025808575723,0.051711490986629416,0.03982292346958438,0.03239256794775147,0.027308639277173308,0.023611234743763587,0.020801204382232763,0.018593318876269915,0.016812759287611723,0.015346406372082066,0.014117827096894686,0.013073517386917421,0.012174903863251485,0.011393475392401431,0.010707703008573377,0.010101025938254793,0.009560496681684683,0.009075846557234701,0.008638826978155434,0.008242735993073458,0.00788207202376734,0.007552276641585642,0.0072495407688206726,0.006970656779765161,0.25509936524004684,0.2558859247494223,0.25667082491459403,0.25745407098091583,0.2582356681716566,0.2590156216881163,0.25979393670974193,0.26057061839424145,0.2613456718776981,0.2621191022746837,0.2628909146783709,0.26366111416064497,0.26442970577221525,0.26519669454272526,0.2659620854808622,0.2667258835744667,0.2674880937906403,0.26824872107585385,0.26900777035605405,0.26976524653676986,0.2705211545032185,0.27127549912041005,0.2720282852332521,0.27277951766665326,0.27352920122562646
0.4686868686868687,0.12459976997635791,0.07128573807426153,0.049960124859243615,0.038477101868776176,0.03130021188149157,0.026389707322977962,0.022818429914054805,0.02010425689095019,0.017971688850653145,0.016251870386931655,0.014835540962604421,0.013648874625719287,0.012640192023231744,0.011772235023675748,0.011017464437698576,0.010355085106523942,0.009769100681976894,0.009247004934618053,0.00877887915874842,0.008356755900876811,0.007974161635671662,0.007625782303849915,0.007307214854209709,0.007014780049206637,0.006745379606057478,0.2716774093730677,0.2724963857428092,0.27331352235378625,0.2741288253983292,0.2749423010410099,0.27575395541879655,0.2765637946412087,0.2773718247904699,0.2781780519216604,0.27898248206286813,0.2797851212153393,0.28058597535362734,0.28138505042574086,0.2821823523532917,0.2829778870316406,0.2837716603300427,0.2845636780917916,0.2853539461343633,0.28614247024955825,0.28692925620364274,0.28771430973748985,0.2884976365667186,0.2892792423818333,0.2900591328483606,0.290837313606987
0.5070707070707071,0.12084312524558816,0.06914152399066231,0.048460883073720096,0.03732515292809557,0.030365321088186015,0.025603330200550944,0.022140063062693782,0.01950797835542395,0.01743990901897985,0.015772106632253147,0.01439861517753993,0.013247841384987913,0.012269668576421422,0.011427964946289837,0.010696023581391545,0.010053677633119706,0.009485414007102788,0.00897910427567239,0.008525129370630546,0.00811576253604862,0.007744725818982001,0.007406865710076982,0.0070979121901930675,0.006814297190118168,0.006553016046644045,0.28753409548484865,0.2883819454309172,0.2892277798556908,0.2900716059376272,0.2909134308211354,0.29175326161677784,0.29259110540147004,0.2934269692186796,0.29426086007862373,0.2950927849584649,0.29592275080250585,0.29675076452238247,0.29757683299725546,0.29840096307400166,0.2992231615674023,0.3000434352603315,0.30086179090394244,0.30167823521785264,0.302492774890328,0.30330541657846516,0.30411616690837323,0.3049250324753537,0.30573201984407916,0.30653713554877104,0.30734038609337605
0.5454545454545455,0.11759405515855836,0.06728723995674213,0.04716451347952533,0.036329198838577215,0.02955712675889144,0.02492360320155984,0.021553767067365337,0.018992690281596447,0.01698041343727219,0.015357605784746209,0.014021169833084102,0.012901443695034098,0.011949662496578695,0.011130668746041072,0.010418475430613805,0.009793459126267612,0.009240524673918449,0.008747870371435651,0.008306136277407505,0.007907803792048584,0.0075467640951996096,0.007218002523631695,0.006917364107484669,0.006641376919447328,0.006387117262327546,0.3027154800690704,0.3035890203344081,0.304460374640323,0.30532955118182475,0.30619655811301066,0.307061403547321,0.30792409555779177,0.30878464217730606,0.30964305139884335,0.31049933117572687,0.31135348942186936,0.3122055340120169,0.31305547278199075,0.3139033135289277,0.3147490640115184,0.3155927319502443,0.31643432502761215,0.3172738508883874,0.3181113171398258,0.3189467313519031,0.3197801010575428,0.3206114337528433,0.32144073689730185,0.3222680179140382,0.323093284190016
0.5838383838383839,0.1147597909569047,0.06566988802302864,0.04603392646034621,0.03546071602349743,0.028852459112180595,0.024331019696659295,0.021042699447570312,0.0185435749877092,0.01657997538392686,0.014996424192716296,0.013692317940312115,0.012599679869464309,0.011670924573447428,0.010871744652491966,0.010176781169807025,0.009566884763814842,0.009027324832862504,0.008546584658080558,0.00811553031624701,0.007726824768100382,0.007374506717586771,0.007053682609454048,0.0067602978261052105,0.006490964301374635,0.006242828962597091,0.3172637832505483,0.31816014964762196,0.3190541654466183,0.31994583988161174,0.3208351821383734,0.3217222013546865,0.3226069066206585,0.323489306979033,0.3243694114254967,0.32524722890898533,0.3261227683319875,0.3269960385508451,0.3278670483760519,0.3287358065725503,0.32960232186002486,0.33046660291319446,0.33132865836210146,0.33218849679239887,0.33304612674563594,0.3339015567195403,0.334754795168299,0.33560585050283703,0.3364547310910936,0.3373014452582964,0.3381460012872338
0.6222222222222222,0.11226906448838214,0.06424875411500008,0.045040629577639546,0.03469779293278785,0.028233519664945694,0.02381059542393338,0.020593922672429654,0.01814925049056848,0.0162284351281623,0.01467938784676992,0.013403697282381,0.012334867844349562,0.011426350855529233,0.010644586130541978,0.0099647667698608,0.00936816003796137,0.00884035568734065,0.008370087411893934,0.007948419885328573,0.007568175601682103,0.0072235228920638495,0.006909674617976869,0.006622664341649376,0.006359177686809936,0.006116423640316837,0.331217779626362,0.3321343913555776,0.33304849396570296,0.3339600977452933,0.33486921292673016,0.3357758496866039,0.33668001814609416,0.3375817283713458,0.3384809903738428,0.33937781411077883,0.3402722094854245,0.34116418634749224,0.3420537544934973,0.3429409236671171,0.3438257035595466,0.3447081038098513,0.3455881340053169,0.34646580368179725,0.3473411223240581,0.3482140993661192,0.34908474419159286,0.34995306613402066,0.35081907447720656,0.3516827784555478,0.3525441872543634
0.6606060606060606,0.11006617244088712,0.06299201665260168,0.04416235394676371,0.03402330444502444,0.02768639815447571,0.023350619771478787,0.02019732589208023,0.017800821781536635,0.015917852992503922,0.014399327526309458,0.013148773155125193,0.012101004546287708,0.011210390147740945,0.010444030790207615,0.009777607908000752,0.009192757275788832,0.008675351968458811,0.008214347128517208,0.007800983051202692,0.00742822330771431,0.007090350860863515,0.00678267267946131,0.006501300306569258,0.006242984533588736,0.006004989230485203,0.3446131423804859,0.3455476708625948,0.34647953801596326,0.34740875519273345,0.34833533368057434,0.3492592847031387,0.35018061942051665,0.35109934892968453,0.35201548426495066,0.35292903639839723,0.35384001624031797,0.354748434639653,0.3556543023844189,0.35655763020213616,0.3574584287602525,0.35835670866656305,0.3592524804696261,0.3601457546591768,0.36103654166653604,0.3619248518650168,0.36281069557032675,0.36369408304096734,0.3645750244786303,0.36545353002858977,0.3663296097800921
0.698989898989899,0.10810691517636872,0.06187442623941819,0.043381430269367804,0.03342366285543341,0.027200057875962136,0.022941801462027733,0.01984488724143696,0.017491231764020343,0.015641929932892262,0.014150555542888466,0.012922361360143686,0.011893327631917083,0.011018638682088078,0.010265983391690714,0.00961147761081138,0.009037084903112946,0.008528930324881667,0.0080761659521833,0.007670188254568,0.007304086258219433,0.006972244864750232,0.00667005473095994,0.006393696747817534,0.006139979660804817,0.005906216148552579,0.35748274703520766,0.3584330886176161,0.35938062306838037,0.36032536280677296,0.3612673201789139,0.36220650745830824,0.36314293684638,0.36407662047300016,0.36500757039701004,0.36593579860674114,0.36686131702052904,0.36778413748722416,0.36870427178669696,0.3696217316303393,0.37053652866156145,0.3714486744562844,0.37235818052342834,0.3732650583053967,0.3741693191785559,0.37507097445371107,0.37597003537657764,0.37686651312824926,0.3777604188256605,0.37865176352204727,0.3795405582074016
0.7373737373737375,0.10635575118634533,0.06087567990287934,0.042683650988034394,0.03288794275459028,0.02676562476480937,0.022576669986816622,0.019530156986347302,0.017214806503021318,0.015395601585525442,0.013928499140432038,0.012720294012920075,0.011708008446158491,0.010847556151240001,0.010107151732738018,0.009463299405058745,0.008898255744644645,0.008398371024144646,0.007952973316075695,0.007553598654501004,0.0071934481775133285,0.006866997884363624,0.00656971322055111,0.0062978370514861215,0.006048229915510461,0.0058182481116881846,0.36985694023932675,0.37082119223671384,0.37178249772438027,0.37274087018740276,0.3736963230286955,0.3746488695696343,0.3755985230506763,0.3765452966319729,0.3774892033939781,0.3784302563380506,0.37936846838705107,0.3803038523859331,0.3812364211023303,0.3821661872271364,0.38309316337508115,0.38401736208530124,0.38493879582190527,0.385857476974534,0.38677341785891595,0.38768663071741777,0.3885971277195894,0.3895049209627048,0.39041002247229784,0.39131244420269323,0.3922121980375325
0.7757575757575759,0.10478376107953524,0.05997925786067393,0.04205745616449885,0.03240725489028784,0.02637587874905023,0.02224914734714223,0.019247887731314917,0.01696692986871584,0.015174747825731139,0.013729438212436662,0.0125391804488717,0.011541932355805473,0.010694262553715639,0.009964857700121454,0.009330570721669762,0.008773921267613227,0.00828146178499689,0.007842678317249163,0.007449232162135333,0.007094425081246358,0.006772814837173291,0.006479934001813348,0.0062120810664245685,0.0059661630574050495,0.005739575427167409,0.3817637781880395,0.3827402178009228,0.3837135779085667,0.38468387305629714,0.3856511176979823,0.3866153261967501,0.38757651282569916,0.388534691768603,0.3894898771206079,0.390442082888924,0.39139132299351,0.3923376112677513,0.3932809614591322,0.39422138722990174,0.3951589021577328,0.3960935197363761,0.3970252533763071,0.39795411640536793,0.39888012206940243,0.39980328353288597,0.40072361387954925,0.40164112611299657,0.402555833157318,0.4034677478576966,0.4043768829810092
0.8141414141414142,0.10336716346581243,0.05917157561054931,0.04149334005193106,0.0319742897691091,0.026024882994553966,0.02195423589847101,0.01899376488177107,0.016743806389535765,0.014975981072130162,0.013550314131958618,0.01237623295737822,0.011392538645561112,0.010556390126454485,0.009836899558046674,0.009211234188607031,0.008662150776162614,0.008176383961486344,0.007743562127719761,0.007355459434474021,0.007005468303744822,0.006688220166456871,0.006399308075888399,0.006135080643449697,0.0058924867830709715,0.005668957226513394,0.3932292385952651,0.39421630431932286,0.3952001638362365,0.3961808327423777,0.39715832653312494,0.3981326606036803,0.3991038502498773,0.4000719106689813,0.4010368569604824,0.4019987041268805,0.40295746707446245,0.40391316061407273,0.40486579946187545,0.40581539824011015,0.4067619714778397,0.4077055336116917,0.40864609898659165,0.40958368185649074,0.41051829638508547,0.4114499566465309,0.412378676626147,0.41330447022111905,0.41422735124119003,0.4151473334093477,0.41606443036250484
0.8525252525252526,0.10208621502417836,0.05844135552002605,0.040983411293433525,0.03158297941361843,0.02570770913663134,0.021687787012247606,0.01876420689200131,0.016542285506264465,0.014796489403463564,0.013388588081190367,0.012229137639571785,0.011257701872287473,0.010431973620382395,0.009721449899355639,0.009103582255802989,0.008561341892544982,0.008081628204513525,0.007654198271136892,0.007270928288687806,0.0069252926428833295,0.006611989366932081,0.006326666195110686,0.006065717053101771,0.005826128726621471,0.005605363845217148,0.40427740957326846,0.40527368476992426,0.40626663322655343,0.4072562715782468,0.4082426163493701,0.4092256839544832,0.4102054906992513,0.4111820527813457,0.412155386291337,0.4131255072135787,0.41409243142708185,0.41505617470638195,0.41601675272239647,0.41697418104327416,0.41792847513523657,0.4188796503634102,0.4198277219926518,0.4207727051883645,0.42171461501730667,0.42265346644839263,0.42358927435348565,0.4245220535081829,0.42545181859259384,0.42637858419210956,0.4273023647981657
0.890909090909091,0.10092438304772,0.05777915409195389,0.040521062075869585,0.03122824291765358,0.025420230586357118,0.021446327054180037,0.01855621500519522,0.016359729371483223,0.014633918548193403,0.013242134485192958,0.012095957267201696,0.011135642620571096,0.010319367767532617,0.00961697888700308,0.009006185457405946,0.008470153225066612,0.007995931026919978,0.007573392659799616,0.007194506851764482,0.006852822316167684,0.006543097484125626,0.006261029677889329,0.006003053917583934,0.00576619133468248,0.005547933487291656,0.4149306582981741,0.4159348566452234,0.4169356137370331,0.41793294723243757,0.4189268746696553,0.4199174134673173,0.42090458092548466,0.42188839422665525,0.4228688704367612,0.42384602650615555,0.4248198792705889,0.4257904454521766,0.42675774166035535,0.42772178439283143,0.428682590036518,0.42964017486846373,0.43059455505677247,0.4315457466615124,0.4324937656356176,0.4334386278257794,0.4343803489733299,0.43531894471511534,0.43625443058436253,0.43718682201153497,0.4381161343251816
0.9292929292929294,0.0998677145157596,0.05717700151211513,0.04010071586767627,0.030905792440444113,0.02515896493495484,0.021226924701035932,0.01836725868857636,0.016193912054965898,0.014486281909788401,0.013109159763361689,0.011975057220735774,0.011024859461994385,0.01021718435819663,0.009522195734535499,0.008917837720691324,0.008387453036299508,0.007918226443344611,0.0075001378818335684,0.007125240221115492,0.006787149761232625,0.00648067985412859,0.006201572914006803,0.005946301330264525,0.0057119174674034046,0.005495939190939714,0.4252097819380376,0.42622073451962117,0.427228137177466,0.42823200857694554,0.4292323672528066,0.43022923161030935,0.4312226199263571,0.43221255035061223,0.4331990409066026,0.43418210949281455,0.43516177388377586,0.436138051731127,0.43711096056468096,0.4380805177934729,0.4390467407067984,0.4400096464752407,0.4409692521516888,0.4419255746723432,0.4428786308577127,0.4438284374136005,0.4447750109320807,0.4457183678924636,0.44665852466225303,0.44759549749809213,0.44852930254670076
0.9676767676767678,0.0989043490878414,0.056628123423104304,0.0397176327047255,0.030611983460477,0.024920952312720512,0.021027088529426807,0.018195187207664887,0.016042941747109074,0.014351891121963112,0.01298813962041323,0.011865048327567296,0.010924076441287234,0.01012424367759035,0.009436003541665405,0.008837514156891935,0.008312279627211927,0.00784760864813383,0.007433577922596024,0.007062317018001085,0.006727503841046811,0.006424001805679369,0.006147594429528391,0.0058947881665816215,0.005662663852991301,0.005448763336378226,0.4351341429799925,0.4361507868093502,0.4371637777083761,0.43817313532992636,0.4391788791861321,0.4401810286496569,0.44117960295494124,0.44217462119943224,0.44316610234480136,0.4441540652181496,0.445138528513198,0.4461195107914678,0.44709703048344607,0.448071105889741,0.4490417551822229,0.450008996405155,0.45097284747631117,0.4519333261880826,0.4528904502085722,0.4538442370826788,0.4547947042331682,0.45574186896173474,0.4566857484500507,0.457626359760806,0.45856371983873523
1.006060606060606,0.09802413896516637,0.056126723753843644,0.03936775720705299,0.030343697893071786,0.024703660444641784,0.020844687081724933,0.018038160608876863,0.01590520003835527,0.014229301847214604,0.012877770102493802,0.011764742248279614,0.010832202090615528,0.010039536603945187,0.009357464045626207,0.00876433811950661,0.008243810419496178,0.007783302888247912,0.007372980632699866,0.007005043285570833,0.006673225031281316,0.006372435015955524,0.006098494306354896,0.005847940476154223,0.005617880372419393,0.005405877752719501,0.4447217908043433,0.445743158601604,0.44676077592979946,0.44777466340869104,0.4487848415071627,0.44979133054459774,0.450794150692242,0.4517933219745504,0.452788864270521,0.4537807973150122,0.45476914070004776,0.45575391387610575,0.4567351361533956,0.4577128267031192,0.4586870045587204,0.45965768861711936,0.46062489763993525,0.46158865025469403,0.46254896495602543,0.463505860106845,0.46445935393952537,0.4654094645570534,0.466356209934177,0.4672996079185373,0.4682396762317915
1.0444444444444445,0.0972183491157701,0.05566781346217442,0.039047598728452204,0.030098251920650965,0.024504909781116524,0.02067788583396113,0.017894595296322757,0.01577929403886502,0.014117271037515478,0.012776929004042925,0.01167311629818446,0.010748297112237237,0.009962194723062145,0.009285769828125234,0.008697555230456233,0.008181337578238468,0.007724642497867418,0.007317716020534881,0.006952821909138596,0.006623745857356367,0.006325438869022371,0.006053756379551523,0.005805264447096059,0.0055770937276886645,0.005366828034570004,0.4539895711078425,0.4550147821795212,0.45603615051166063,0.45705369766912446,0.4580674450557188,0.4590774139156939,0.46008362533522773,0.46108610024389357,0.4620848594161109,0.46307992347258087,0.4640713128817054,0.4650590479609903,0.4660431488784335,0.4670236356538978,0.4680005281604685,0.4689738461257954,0.46994360913342187,0.4709098366240976,0.4718725478970775,0.4728317621114074,0.4737874982871945,0.47473977530686473,0.4756886119164059,0.4766340267265985,0.47757603821423183
1.082828282828283,0.0964794186384319,0.05524707420669639,0.0387541359514727,0.02987332262330389,0.02432281390076252,0.02052509702175387,0.017763120710987845,0.015664018266223767,0.014014722914509115,0.0126846451485787,0.01158928544638016,0.010671548655125429,0.009891466540936422,0.009220222193783156,0.00863651270686705,0.008124248609387319,0.007671050620036812,0.007267238975281254,0.006905136236936782,0.006578575324602154,0.006282545619513025,0.0060129340688119814,0.005766332848021749,0.00553989444415115,0.005331221060506541,0.46295322456880955,0.46398147665642225,0.465005798800062,0.4660262134869215,0.4670427430329573,0.4680554095845164,0.46906423511994544,0.47006924145117956,0.47107045022531524,0.47206788292616436,0.4730615608757906,0.4740515052360293,0.4750377370099891,0.4760202770435379,0.4769991460267713,0.47797436449546477,0.4789459528325103,0.47991393126933585,0.48087831988731017,0.4818391386191309,0.4827964072501986,0.48375014541997424,0.4847003726233223,0.4856471082118398,0.4865903713951691
1.1212121212121213,0.09580076913924618,0.05486074887722947,0.038484740279433494,0.029666889065494306,0.024155731656295254,0.020384939353041975,0.017642544546605965,0.015558324043779104,0.013920721654175017,0.012600073723696203,0.011512479833529987,0.010601249661722711,0.009826698385160038,0.009160213409089346,0.008580642763050816,0.008072010782308237,0.007622025531812904,0.007221075396226739,0.006861536930339973,0.006537286418423882,0.006243348481779432,0.005975639003865885,0.005730774143685391,0.005505926436162101,0.005298714973169583,0.47162747596745214,0.47265803795032457,0.4736845876483101,0.47470714844741535,0.47572574355225594,0.47674039598781115,0.47775112860115976,0.47875796406319415,0.4797609248703158,0.4807600333461106,0.4817553116430051,0.48274678174390434,0.48373446546380916,0.4847183844514172,0.4856985601907045,0.48667501400248875,0.4876477670459755,0.4886168403202866,0.4895822546659712,0.49054403076649966,0.49150218914974064,0.49245675018942214,0.49340773410657446,0.4943551609709593,0.49529905070248076
1.1595959595959597,0.09517664961734762,0.0545055529829761,0.03823711382558259,0.029477184608812657,0.024002228439558237,0.020256205398323957,0.017531824594666512,0.015461294731276665,0.013834449277645433,0.01252247631729575,0.011442026575037456,0.01053678215154874,0.009767318946950043,0.009105212327356504,0.008529449176981396,0.008024158522309977,0.007577128767530805,0.007178810966921079,0.006821631321573651,0.006499505988178056,0.006207491990563696,0.005941531819200652,0.005698263686605198,0.005474878562927499,0.005269011070538232,0.48002611482097507,0.4810583201734026,0.48208643556254965,0.48311048524917655,0.484130493302543,0.48514648360229357,0.48615847984032196,0.4871665055226118,0.48817058397105667,0.4891707383252596,0.49016699154430965,0.4911593664085392,0.49214788552126026,0.4931325713104806,0.49411344603059987,0.49509053176408624,0.49606385042313367,0.49703342375129966,0.49799927332512495,0.4989614205557333,0.4999198866904143,0.5008746928141872,0.5018258598513471,0.5027734085669933,0.5037173595685406
1.1979797979797981,0.09460200996352697,0.054178602387136676,0.03800923884208385,0.0293026580225777,0.02386104459311622,0.02013783499769839,0.017430045784496473,0.015372125526092129,0.013755187621955045,0.012451204638027402,0.011377334922430205,0.010477603590069329,0.00971282667638973,0.009054752666959986,0.008482496336343015,0.007980283130472055,0.0075359754345640795,0.007140082001865666,0.006785074736335828,0.006464906498852674,0.0061746641415107995,0.00591031464859193,0.005668516535213053,0.0054464777436595835,0.005241847194752847,0.4881620684608332,0.48919530937666544,0.49022438711528105,0.4912493267877603,0.49227015330363877,0.49328689137292464,0.4942995655080929,0.4953082000260551,0.4963128190501053,0.49731344651184445,0.49831010615307947,0.4993028215277018,0.5002916160035425,0.5012765127642063,0.5022575348108824,0.5032347049641369,0.5042080458656807,0.5051775799801188,0.506143329596679,0.5071053168309195,0.5080635636264172,0.5090180917564363,0.5099689228255774,0.5109160782714074,0.5118595793660708
1.2363636363636366,0.09407239707480142,0.05387735396178628,0.037799336191054245,0.02914194154816374,0.02373106947039294,0.020028893423405636,0.017336401329377304,0.015290106876879594,0.013682303535362372,0.012385687147469682,0.011317884078950069,0.010423235695753652,0.009662779432346502,0.009008423386597686,0.008439400244402595,0.00794002434281027,0.007498226261894114,0.007104567931039307,0.006751563369179259,0.0064331992588495535,0.006144589938281264,0.005881724962935486,0.005641281557487776,0.005420483305214274,0.005216992304373003,0.4960474683655126,0.4970811904743189,0.4981106804623882,0.4991359642664637,0.5001570676117817,0.5011740160142228,0.5021868347824373,0.5031955490199448,0.504200183627208,0.5052007633036821,0.5061973125498387,0.5071898556691661,0.5081784167701435,0.5091630197681952,0.5101436883876175,0.5111204461634848,0.5120933164435324,0.5130623223900167,0.5140274869815533,0.5149888330149336,0.5159463831069199,0.5169001596960183,0.5178501850442319,0.5187964812387931,0.5197390701938746
1.2747474747474747,0.09358386898705073,0.05359955653624282,0.037605831019187574,0.028993824503170895,0.023611319995827884,0.019928553330905263,0.01725017714375432,0.015214610775061255,0.013615236641504769,0.01232541801196052,0.011263213129507843,0.010373255189674024,0.00961678592872417,0.00896586073099459,0.008399821086977566,0.007903063354613549,0.007463581028996247,0.007071985089158295,0.006720828395825773,0.006404128823550792,0.0061170260600731385,0.005855530478060311,0.005616336558475599,0.005396682311165302,0.005194241989204373,0.503693710463763,0.5047274080722675,0.5057568086977283,0.5067819390778,0.507802825728765,0.5088194949478209,0.5098319728153379,0.5108402851970888,0.5118444577464526,0.512844515906589,0.5138404849125879,0.5148323897935919,0.5158202553748931,0.516804106280004,0.5177839669327035,0.518759861559058,0.519731814189418,0.520699848660391,0.5216639886167884,0.5226242575135535,0.5235806786176606,0.5245332750099962,0.525482069587215,0.5264270850635742,0.5273683439727465
1.3131313131313131,0.09313292346920465,0.053343210107025696,0.03742732421404327,0.02885723133188156,0.0235009228366605,0.019836079750537472,0.01717073888573628,0.015145079355961322,0.013553489165183397,0.012269947916047297,0.011212912667568187,0.010327286103877675,0.00957449862224502,0.008926741617188982,0.008363457052185552,0.007869117020558036,0.007431773102373196,0.007042081551908108,0.006692631078068612,0.006377468342464443,0.006091756428246109,0.005831524921185327,0.00559348422939876,0.005374885678673946,0.0051734147415707366,0.5111115100379322,0.5121447218386271,0.5131735756914245,0.5141980991101532,0.5152183193775183,0.5162342635475214,0.5172459584478541,0.5182534306822573,0.5192567066328546,0.5202558124624549,0.5212507741168262,0.5222416173269422,0.5232283676111997,0.5242110502776104,0.5251896904259633,0.526164312949963,0.5271349425393395,0.5281016036819335,0.5290643206657559,0.5300231175810217,0.5309780183221597,0.5319290465897971,0.5328762258927208,0.5338195795498141,0.5347591306919708
1.3515151515151516,0.09271643830513066,0.05310653172471014,0.03726256853288601,0.028731203249011905,0.023399099493526476,0.019750817536484444,0.01709752112120899,0.015081015366451123,0.013496617424246793,0.012218876380373445,0.01116661779328898,0.010284993349571447,0.009535607765130516,0.008890778104178265,0.008330039162626646,0.007837933004980036,0.007402564867191375,0.007014632818229893,0.006666758670759165,0.006353015668755679,0.006068588499442473,0.005809524491164453,0.005572548760741425,0.005354924931718852,0.005154348838737777,0.5183109517830484,0.5193432569789994,0.5203711469817544,0.5213946500566924,0.5224137942284394,0.5234286072834249,0.5244391167724085,0.5254453500129723,0.5264473340919827,0.5274450958680218,0.5284386619737855,0.5294280588184556,0.5304133125900372,0.5313944492576714,0.5323714945739154,0.5333444740769969,0.5343134130930384,0.5352783367382545,0.5362392699211236,0.5371962373445288,0.5381492635078773,0.539098372709189,0.540043589047163,0.5409849364232164,0.5419224385434993
1.38989898989899,0.09233162108303317,0.05288792681214716,0.03711044853243317,0.028614882806441422,0.023305153765290854,0.01967218081450617,0.017030018213709752,0.0150219741508546,0.013444224676650185,0.012171845303249329,0.011124002227057783,0.010246077309911561,0.00949983640530827,0.008857712743676416,0.00829932693097768,0.007809285704951652,0.007375743886946617,0.006989438180716512,0.0066430209811172425,0.0063305900889212285,0.0060473501495976745,0.005789364883006298,0.005553372995201977,0.005336649472015509,0.005136899722370414,0.5253015355129288,0.526332550313934,0.5273590962242516,0.5283812022363791,0.5293988970925646,0.530412209287502,0.5314211670709902,0.5324257984505576,0.533426131194055,0.5344221928322126,0.535414010661167,0.5364016117449536,0.5373850229179687,0.5383642707874003,0.5393393817356272,0.5403103819225886,0.5412772972881237,0.542240153554281,0.5431989762276002,0.5441537906013633,0.5451046217578199,0.5460514945703826,0.5469944337057968,0.5479334636262819,0.5488686085916473
1.4282828282828284,0.09197596676618414,0.052685964927891904,0.0369699636093519,0.02850750085213649,0.023218461156985892,0.019599644065535715,0.01696777662667559,0.014967556879366128,0.013395955076597632,0.012128533503676264,0.01108477333587854,0.010210269271363925,0.009466936162043416,0.008827314651993268,0.008271104689449915,0.0077829728057705605,0.007351119658871363,0.006966317659121701,0.006621247461901847,0.00631002955986526,0.006027887041455626,0.005770898774144717,0.005535816022532503,0.00531992427346073,0.005120937784798718,0.5320922179484914,0.5331215923990963,0.5341464476438975,0.5351668133783399,0.5361827190382665,0.537194193802751,0.5382012665968903,0.5392039660945617,0.5402023207211452,0.541196358656209,0.5421861078361608,0.5431715959568657,0.5441528504762285,0.5451298986167447,0.5461027673680177,0.5470714834892438,0.5480360735116663,0.5489965637409965,0.5499529802598063,0.550905348929889,0.5518536953945892,0.5527980450811059,0.5537384232027639,0.5546748547612591,0.5556073645488725
1.4666666666666668,0.09164722166902894,0.05249935918875148,0.036840213601397886,0.02840836545821146,0.02313845988720664,0.019532734555773867,0.01691038838821468,0.014917404799197564,0.013351488543564383,0.012088652088660057,0.011048667911038645,0.01017732754524503,0.00943668363973127,0.008799376175363971,0.008245178473852643,0.007758812356932321,0.0073285208596607365,0.006945109397297866,0.006601284743904534,0.0062911883636143084,0.006010060390015282,0.005753993690693626,0.005519751137969209,0.005304627925145855,0.005106346489911706,0.5386914509744405,0.5397188660789493,0.5407417148858784,0.5417600277697676,0.5427738348363547,0.5437831659255429,0.544788050614328,0.5457885182196881,0.5467845978014343,0.5477763181650243,0.5487637078643391,0.5497467952044245,0.5507256082441938,0.5517001747990999,0.5526705224437679,0.5536366785145972,0.554598670112328,0.5555565241045756,0.5565102671283314,0.5574599255924324,0.5584055256799989,0.5593470933508401,0.5602846543438308,0.5612182341792558,0.5621478581611261
1.5050505050505052,0.09134335273462169,0.052326948720753386,0.0367203865077923,0.028316852478689203,0.02306464321923074,0.01947102588114813,0.016857485518029014,0.01487119433215267,0.013310536386807348,0.012051940502691094,0.011015448567592623,0.010147034160425505,0.009408877369955437,0.00877371004649019,0.008221373366658957,0.007736640278858342,0.007307792996977147,0.006925667443649974,0.006582994532004172,0.006273935107604878,0.005993745057282895,0.005738530188175606,0.005505064101563928,0.005290650962844534,0.0050930207710961906,0.5451072167076173,0.5461323818212876,0.5471529366163077,0.5481689121228277,0.5491803390931533,0.550187248004848,0.551189669063795,0.552187632207217,0.5531811671066572,0.5541703031709194,0.5551550695489704,0.5561354951328028,0.5571116085602608,0.5580834382178287,0.5590510122433827,0.560014358528906,0.56097350472317,0.5619284782343783,0.5628793062327784,0.5638260156532381,0.564768633197789,0.5657071853381367,0.5666416983181394,0.5675721981562535,0.5684987106479488
1.5434343434343436,0.09106252122227088,0.05216768362944468,0.0366097479725791,0.028232397462960135,0.02299655289329361,0.01941413243880219,0.016808735254654206,0.014828632876263903,0.013272837558319317,0.012018163144665861,0.010984900661028751,0.010119192031166957,0.009383335192786335,0.008750146949599191,0.008199531221792178,0.007716308227922131,0.007288796398429165,0.006907859850608711,0.006566251803649337,0.006258151012424884,0.00597882792087745,0.00572440029379262,0.005491651647775653,0.005277894440398612,0.0050808656595293655,0.5513470596826994,0.5523697101418357,0.5533877091856715,0.554401088476891,0.5554098793914535,0.5564141130218324,0.5574138201802092,0.558409031401625,0.5593997769470894,0.5603860868066477,0.5613679907024068,0.5623455180915218,0.5633186981691399,0.5642875598713084,0.5652521318778428,0.5662124426151557,0.5671685202590498,0.5681203927374738,0.569068087733242,0.570011632686717,0.570951054798459,0.5718863810318395,0.5728176381156211,0.5737448525465032,0.5746680505916354
1.581818181818182,0.09080306008187033,0.05202061207618258,0.036507632241707944,0.02815448870252002,0.022933773479365316,0.01936170467345022,0.016763835951729034,0.014789455195971968,0.013238155431098075,0.011987106459131924,0.010956829636261434,0.010093622522097334,0.009359892005338155,0.00872853342695068,0.008179508708585193,0.007697681760878927,0.0072714044826882596,0.006891567040669733,0.006550943260070996,0.006243728439778273,0.005965206471579165,0.005711506167267011,0.005479420204197227,0.0052662687015669896,0.00506979510495853,0.5574181164279087,0.5584380113946541,0.5594532166338397,0.5604637644180458,0.5614696867244162,0.5624710152380323,0.5634677813552389,0.5644600161869263,0.5654477505617664,0.5664310150294066,0.5674098398636188,0.5683842550654064,0.5693542903660699,0.5703199752302301,0.5712813388588124,0.5722384101919895,0.5731912179120856,0.5741397904464417,0.5750841559702429,0.5760243424093077,0.5769603774428412,0.5778922885061513,0.5788201027933286,0.5797438472598929,0.5806635486254018
1.6202020202020204,0.09056345442433344,0.05188486912304313,0.03641343435771649,0.02808266122939762,0.022875927502903126,0.019313424974486404,0.016722513536058026,0.014753420306548026,0.013206275018538216,0.01195857642582454,0.010931058739654276,0.010070163346641126,0.009338397818678956,0.00870873007213846,0.008161175623563999,0.007680638750793278,0.007255502267414338,0.006876680396354917,0.006536965989698995,0.006230569622184046,0.0059527876030565086,0.005699758945245437,0.005468284785965727,0.005255692320278449,0.005059730958194342,0.563327142674304,0.5643440631746395,0.5653562582856402,0.5663637608676112,0.5673666034768817,0.568364818369312,0.5693584375037524,0.5703474925454528,0.5713320148694275,0.5723120355637727,0.5732875854329387,0.574258695000957,0.5752253945146252,0.5761877139466457,0.5771456829987248,0.5780993311046277,0.5790486874331939,0.5799937808913105,0.5809346401268463,0.5818712935315467,0.5828037692438893,0.5837320951519023,0.5846562988959441,0.5855764078714467,0.5864924492316232
1.6585858585858588,0.09034232460350355,0.051759667069496196,0.03632660339832827,0.028016491617296024,0.022822671222605173,0.019269004121918343,0.01668451843952856,0.014720308775315605,0.013177000565859132,0.011932396385133659,0.010907427037235573,0.010048666746709012,0.009318716074819822,0.008690609965186002,0.008144413428375463,0.007665068015019427,0.0072409850769874495,0.006863101038933284,0.006524226310595571,0.006218585562784096,0.005941486563686649,0.005689077740472115,0.005458168038163347,0.005246091182794066,0.005050602089889944,0.5690805384166133,0.5700942855524401,0.5711032741597043,0.5721075376647505,0.573107109181583,0.574102021515505,0.5750923071667083,0.5760779983338118,0.5770591269173515,0.5780357245232215,0.5790078224660687,0.5799754517726394,0.5809386431850802,0.5818974271641937,0.5828518338926502,0.5838018932781547,0.5847476349565706,0.5856890882950013,0.5866262823948307,0.5875592460947212,0.5884880079735714,0.5894125963534348,0.5903330393023992,0.5912493646374261,0.592161599927153
1.696969696969697,0.09013841150996393,0.05164428705256752,0.03624663659915184,0.027955593462601902,0.022773690960343762,0.019228178197167045,0.0166496229323283,0.014689920375946963,0.01315015345664361,0.01190840514808067,0.010885787692195725,0.010028997910605852,0.009300722183916976,0.008674057312473948,0.008129113978946556,0.007650868122773158,0.007227757419379088,0.00685073876705955,0.00651263876439323,0.006207695079206932,0.005931226045638116,0.005679388772022342,0.005448999403740995,0.005237397690137646,0.0050423436247091225,0.574684371020915,0.5756947643391881,0.5767003683900734,0.577701217144772,0.5786973442539568,0.5796887830515446,0.5806755665584141,0.5816577274860719,0.5826352982402672,0.5836083109245555,0.584576797343814,0.585540789007706,0.5865003171340987,0.5874554126524327,0.5884061062070461,0.5893524281604515,0.590294408596568,0.5912320773239099,0.5921654638787308,0.5930945975281249,0.5940195072730857,0.5949402218515242,0.5958567697412444,0.5967691791628802,0.5976774780827917
1.7353535353535354,0.08995056374570543,0.05153807172141067,0.03617307422820093,0.027899613443490123,0.022728699900645966,0.019190705889112536,0.01661761879741608,0.014662072042912255,0.013125570387299001,0.011886455348183889,0.010866006462884492,0.010011033593453122,0.009284302248771636,0.008658966260766565,0.008115178417406055,0.007637946355389724,0.0072157320068662045,0.006839511131320419,0.006502125239161938,0.006197823969919414,0.005921935390648114,0.005670624606988195,0.00544071439797289,0.005229550062692434,0.005034896273740541,0.5801443965544532,0.5811512725581659,0.5821533308395282,0.5831506058939281,0.5841431318882168,0.585130942664611,0.5861140717445397,0.5870925523324347,0.5880664173194712,0.5890356992872506,0.5900004305114362,0.5909606429653352,0.5919163683234299,0.5928676379648619,0.5938144829768659,0.5947569341581564,0.5956950220222667,0.5966287768008421,0.5975582284468884,0.5984834066379737,0.5994043407793875,0.6003210600072566,0.6012335931916168,0.6021419689394446,0.6030462155976464
1.7737373737373738,0.08977772640418391,0.051440418828882395,0.036105495102099594,0.027848227872455444,0.02268743529092898,0.019156366137488945,0.016588315296214295,0.01463659608213419,0.01310310177016527,0.011866411999795545,0.010847960388973066,0.00999466091041512,0.009269351949136473,0.008645239859880638,0.008102516202884047,0.007626217796909307,0.007204828899492144,0.006829342624805612,0.006492614202173508,0.006188904285079788,0.0059135498953832855,0.005662723497224187,0.005433253973965435,0.005222491732028267,0.005028205750531312,0.5854660794951262,0.5864692902825672,0.587467657065426,0.5884612148431287,0.5894499982787362,0.5904340417029748,0.5914133791182102,0.5923880442023636,0.593358070312772,0.5943234904899942,0.5952843374615621,0.5962406436456786,0.5971924411548643,0.5981397617995511,0.599082637091627,0.6000210982479298,0.6009551761936922,0.6018849015659388,0.6028103047168363,0.6037314157169957,0.6046482643587302,0.6055608801592667,0.606469292363914,0.6073735299491864,0.6082736216258849
1.8121212121212122,0.0896189312255875,0.05135077560866885,0.03604351265193606,0.027801139671495,0.02264965598501134,0.019124956065255105,0.016561537383797065,0.014613338601096038,0.013082610332503464,0.01184815123327243,0.010831536638771233,0.00997977627803448,0.009255775562904578,0.008632789152612785,0.008091044261231417,0.007615604536254317,0.007194974753649275,0.006820163973033866,0.0064840400268879606,0.006180873686928212,0.005906010202093137,0.005655628797583967,0.005426563966015374,0.005216170807407217,0.0050222222589264565,0.590654610962434,0.5916540229825721,0.5926485667826987,0.5936382778466559,0.5946231913142704,0.5956033419855151,0.5965787643246067,0.5975494924640444,0.5985155602085931,0.5994770010392058,0.6004338481168928,0.6013861342865338,0.6023338920806357,0.6032771537230383,0.6042159511325654,0.6051503159266259,0.6060802794247631,0.607005872652154,0.60792712634306,0.6088440709442281,0.6097567366182456,0.6106651532468476,0.6115693504341775,0.612469357510004,0.6133652035328913
1.8505050505050507,0.08947328793416598,0.05126863382761604,0.03598677146158713,0.027758075710590413,0.022615140281686763,0.01909628915934669,0.016537124138469306,0.014592158127560317,0.013063969883808202,0.011831559182136964,0.010816631495095486,0.009966284482778365,0.009243485104959204,0.008621532374095242,0.00808068623696645,0.007606034965319086,0.007186102161017782,0.006811911509259971,0.006476342400866919,0.00617367488709708,0.005899261762550401,0.005649288454087742,0.005420594600006767,0.005210539606513853,0.005016900042505101,0.5957149255976686,0.5967104185107812,0.5977010209543279,0.5986867688774693,0.5996676978778844,0.6006438432060556,0.6016152397694909,0.6025819221368859,0.6035439245422235,0.6045012808888163,0.6054540247532882,0.6064021893895013,0.6073458077324235,0.6082849124019428,0.609219535706626,0.6101497096474237,0.6110754659213231,0.6119968359249478,0.6129138507581081,0.6138265412272995,0.6147349378491527,0.615639070853835,0.6165389701884036,0.6174346655201126,0.6183261862396721
1.888888888888889,0.0893399765949543,0.051193525420315744,0.03593494421348131,0.027718784459457746,0.022583684017732697,0.019070193665580604,0.01651492737626792,0.01457292439093516,0.01304706422829982,0.011816531001300312,0.010803149460570038,0.009954097859304012,0.009232399567470129,0.00861139424544688,0.008071371833352714,0.007597443159824913,0.007178149065414807,0.006804526623407581,0.006469465803492058,0.00616725515024541,0.005893254365198164,0.005643654552474731,0.005415300061497819,0.005205554241468624,0.005012196987145723,0.6006517172086681,0.6016431828424559,0.6026297376268622,0.603611417957798,0.6045882598724048,0.605560299053464,0.6065275708337422,0.6074901102002723,0.6084479517985718,0.6094011299367995,0.6103496785898525,0.611293631403402,0.6122330216978721,0.6131678824723605,0.6140982464085023,0.6150241458742787,0.6159456129277704,0.6168626793208579,0.6177753765028691,0.6186837356241727,0.6195877875397244,0.6204875628125592,0.6213830917172352,0.6222744042432303,0.6231615300982897
1.9272727272727275,0.08921824085234431,0.05112501862744301,0.03588772898679937,0.027683033910323784,0.02255509888103102,0.01904651116886824,0.016494810425401685,0.014555517244339011,0.01303178620297163,0.011802969998656376,0.010791002466258526,0.009943135563637018,0.009222444247922068,0.008602305349035166,0.008063036228719067,0.007589768331633939,0.007171058247017914,0.006797955274693734,0.006463359044014405,0.006161565855093087,0.005887941716967937,0.005638682918933879,0.005410638113742872,0.005201174252776886,0.005008074269576612,0.6054694532833382,0.6064567946757597,0.6074392066171777,0.6084167259322091,0.6093893890795922,0.6103572321567196,0.6113202909041049,0.6122786007097809,0.6132321966136345,0.6141811133116782,0.6151253851602575,0.6160650461801974,0.6170001300608885,0.6179306701643131,0.618856699529013,0.6197782508739996,0.6206953566026078,0.6216080488062934,0.6225163592683766,0.6234203194677315,0.624319960582423,0.6252153134932906,0.6261064087874828,0.6269932767619393,0.6278759474268248
1.9656565656565659,0.08910738193384593,0.051062714571111556,0.03584484686149936,0.02765060973583533,0.022529210914657316,0.01902509533415886,0.016476647039459946,0.014539825708738352,0.013018036824588464,0.011790786865039538,0.010780109169936658,0.009933322928685318,0.00921355015332681,0.008594201574545268,0.00805561955893741,0.0075829543431968904,0.0071647768650506816,0.00679214755950075,0.006457974852016379,0.006156562105185337,0.005883281072484259,0.005634332766109251,0.0054065697590686135,0.005197362284737661,0.005004496045774243,0.6101723884662217,0.6111555189871671,0.6121337031465253,0.6131069781800932,0.6140753809508591,0.6150389479536579,0.6159977153197533,0.6169517188213567,0.6179009938760738,0.6188455755512894,0.6197854985684852,0.6207207973074936,0.6216515058106902,0.622577657787124,0.623499286616587,0.6244164253536245,0.6253291067314871,0.6262373631660247,0.6271412267595244,0.6280407293044932,0.6289359022873848,0.6298267768922747,0.6307133840044803,0.6315957542141305,0.6324739178196842
2.004040404040404,0.08900675331969699,0.05100624421058875,0.03580603978846453,0.027621313651590373,0.022505859187156307,0.01900581078728325,0.016460320431386677,0.014525747123286692,0.013005724531491403,0.011779898989762172,0.010770394332369815,0.009924590891414287,0.009205653470599984,0.008587023626599244,0.008049066457422649,0.007576949275953426,0.007159256051328278,0.006787057327298784,0.006453269513400972,0.006152202382998295,0.005879232904562048,0.005630566378511004,0.005403058937892169,0.00519408379701769,0.005001429174061878,0.6147645770835253,0.6157434196282373,0.6167173005088522,0.6176862573553368,0.6186503274180959,0.619609547572746,0.6205639543248175,0.621513583814385,0.6224584718206301,0.6233986537663341,0.6243341647223052,0.6252650394117394,0.6261913122145161,0.6271130171714311,0.6280301879883666,0.6289428580404006,0.6298510603758538,0.63075482772028,0.6316541924803969,0.6325491867479586,0.6334398423035734,0.634326190620466,0.6352082628681839,0.6360860899162517,0.6369597023377724
2.0424242424242425,0.08891575599349077,0.05095526562986019,0.035771068691835106,0.027594961957201125,0.02248489460781422,0.018988532117826695,0.01644572241281006,0.014513186388366739,0.01299476450809256,0.011770229850835312,0.010761788261632876,0.009916875482487875,0.009198695094793319,0.008580716586151116,0.008043325645366473,0.007571705045892996,0.0071544505482008525,0.006782641838524173,0.006449202546128241,0.0061484482417926145,0.005875760610660752,0.005627348832275558,0.0054000722606644125,0.005191306807720952,0.004998842968438666,0.6192498847940662,0.620224371041911,0.6211938818522619,0.6221584552327509,0.6231181288048709,0.6240729398088659,0.6250229251085484,0.6259681211960438,0.6269085641964638,0.6278442898725074,0.6287753336289955,0.6297017305173359,0.6306235152399217,0.6315407221544652,0.6324533852782666,0.6333615382924187,0.6342652145459514,0.6351644470599134,0.636059268531394,0.636949711337487,0.6378358075391952,0.6387175888852783,0.6395950868160455,0.6404683324670918,0.6413373566729803
2.080808080808081,0.08883383420115742,0.05090946161555787,0.03573971177452728,0.027571384233581187,0.022466178868792097,0.018973142988805147,0.016432752625551217,0.014502055289698612,0.012985078081752421,0.011761708470514831,0.0107542263170044,0.009910117370663052,0.009192620207872038,0.008575229518876348,0.008038349565875347,0.007567177060287866,0.007150318385283905,0.006778861459134422,0.006445736410759517,0.006145264030544606,0.005872830250867489,0.005624647744994826,0.005397578768547184,0.005189001664036796,0.004996708978419306,0.6236319994364751,0.6246020691692995,0.625567151145199,0.6265272837334673,0.6274825049108538,0.6284328522665698,0.629378363007221,0.6303190739616616,0.6312550215857775,0.6321862419671941,0.6331127708299162,0.6340346435388958,0.6349518951045309,0.6358645601870991,0.636772673101122,0.6376762678196668,0.6385753779785827,0.639470036880674,0.6403602774998132,0.6412461324849907,0.6421276341643072,0.6430048145489058,0.6438777053368471,0.6447463379169278,0.6456107433724425
2.1191919191919193,0.08876047165583767,0.05086853748956033,0.0357117630019137,0.027550422177216927,0.022449583498524994,0.018959535339990063,0.016421317853991146,0.01449227189356872,0.01297659218311864,0.011754268928140466,0.010747648465022186,0.009904261455072838,0.00918737790183144,0.008570515124785683,0.008034094056655228,0.007563323910594333,0.007146820590248293,0.006775679387332145,0.006442836251462136,0.006142616647821342,0.005870410313438601,0.005622433051910125,0.005395549719314774,0.005187140837052295,0.004995000792034077,0.627914441136606,0.6288800416114659,0.6298406433924271,0.6307962851949299,0.6317470053356373,0.6326928417375556,0.6336338319350773,0.6345700130789457,0.6355014219411446,0.6364280949197129,0.6373500680434859,0.6382673769767648,0.639180057023915,0.6400881431338964,0.6409916699047231,0.641890671587859,0.6427851820925446,0.6436752349900614,0.6445608635179315,0.6454421005840548,0.6463189787707855,0.6471915303389475,0.6480597872317911,0.6489237810788904,0.6497835431999851
2.1575757575757577,0.0886951881348359,0.05083221916554104,0.03568703074221968,0.027531928554936247,0.022434989012970474,0.018947608673584915,0.01641133140851303,0.01448376000457774,0.012969238862260424,0.011747849923371412,0.010741998881503623,0.009899256499745546,0.009182920840792308,0.008566529424108849,0.00803051805653543,0.007560107097136504,0.007143920929547187,0.006773061408589687,0.006440469663833381,0.006140475321181338,0.0058684715046539715,0.005620676805284663,0.005393958395417453,0.005185698737827371,0.004993693859298265,0.6321005717333453,0.6330616571048987,0.6340177341599896,0.6349688419451719,0.6359150191021584,0.6368563038730526,0.6377927341055026,0.638724347257773,0.6396511804037398,0.6405732702378082,0.6414906530797556,0.6424033648795007,0.6433114412217984,0.6442149173308659,0.6451138280749363,0.6460082079707448,0.6468980911879466,0.6477835115534685,0.6486645025557954,0.6495410973491922,0.6504133287578628,0.6512812292800477,0.6521448310920597,0.6530041660522603,0.653859265704978
2.195959595959596,0.08863753642214656,0.05080025140289335,0.03566533654499415,0.02751576626484109,0.02242228415307035,0.01893726941248053,0.016402712571604194,0.01447644867851583,0.012962954853992681,0.011742394383791988,0.010737225593999922,0.009895054805234116,0.009179204957482368,0.008563231475101185,0.008027583341875477,0.007557490781782139,0.007141585675520368,0.006770975675574276,0.006438606486356413,0.0061388114089837575,0.005866986560047582,0.005619352994183702,0.005392779931620684,0.005184651552188724,0.004992765333554416,0.6361936035758453,0.6371501343641433,0.6381016484630756,0.6390481852357474,0.6399897836345251,0.6409264822063795,0.6418583190981464,0.6427853320617046,0.643707558459075,0.6446250352674391,0.6455377990840825,0.6464458861312601,0.647349332260988,0.6482481729597619,0.6491424433532038,0.6500321782106373,0.6509174119495936,0.6517981786402504,0.6526745120098013,0.6535464454467631,0.6544140120052145,0.6552772444089741,0.656136175055714,0.6569908360210135,0.6578412590623522
2.2343434343434345,0.08858709955625899,0.05077239623500662,0.035646514041591804,0.02750180749103448,0.02241136519839837,0.018928430322620482,0.01639538609930602,0.014470271783892041,0.012957681186628323,0.011737849111768783,0.010733280160003744,0.009891611913104725,0.009176189180032823,0.008560583120087673,0.008025254289286021,0.007555441565360477,0.0071397833967705715,0.006769392510119987,0.006437218612711959,0.006137598222055951,0.0058659300745274034,0.0056184373823156,0.005391991159873211,0.005183977092059866,0.004992193928831989,0.6401966077405433,0.6411485503403564,0.642095469065949,0.6430374035828755,0.6439743931402185,0.6449064765760405,0.6458336923227498,0.6467560784123839,0.6476736724818085,0.6485865117778371,0.6494946331622714,0.650398073116862,0.6512968677481952,0.6521910527925019,0.6530806636203951,0.6539657352415328,0.6548463023092118,0.655722399124889,0.6565940596426368,0.6574613174735291,0.6583242058899608,0.6591827578299043,0.6600370059010996,0.6608869823851827,0.6617327192417526
2.272727272727273,0.08854348834822146,0.05074843155191533,0.03563040795363914,0.02748993294138269,0.022402135348226437,0.018921009992135085,0.016389281771641784,0.01446516760657457,0.012953362829203119,0.011734164465995178,0.01073011737677243,0.009888886339472824,0.009173835185668944,0.008558548756465223,0.008023497661748813,0.00755392828700141,0.0071384847692075315,0.006768284224642818,0.0064362798225710005,0.006136810862892972,0.005865278349218794,0.005617907361806784,0.00539157046943628,0.005183654661448767,0.004991959791158518,0.644112521712123,0.6450598479402999,0.646002144238822,0.6469394505620399,0.6478718064422622,0.6487992509953121,0.6497218229259979,0.6506395605334981,0.6515525017166608,0.6524606839792206,0.6533641444349345,0.6542629198126376,0.6551570464612206,0.6560465603545297,0.6569314970961916,0.6578118919243637,0.6586877797164118,0.6595591949935152,0.6604261719252025,0.6612887443338178,0.6621469456989195,0.6630008091616107,0.6638503675288068,0.6646956532774363,0.6655366985585799
2.3111111111111113,0.08850633913950579,0.050728149819884605,0.03561687319732454,0.027480031158957363,0.022394504162426054,0.01891493236081243,0.016384333986521504,0.014461078492651325,0.012949948372802833,0.011731294073857645,0.01072769501925408,0.009886839334303232,0.009172107178210931,0.008557095129882564,0.008022282415383497,0.00755292184284051,0.007137662405334755,0.006767624960908991,0.006435765628762802,0.006136426080458834,0.00586500925314648,0.005617741821184019,0.005391497680597768,0.005183664935403787,0.004992044382371219,0.6479441565687738,0.6488868432464514,0.6498244950126693,0.6507571520973615,0.6516848543030075,0.6526076410102936,0.653525551183686,0.6544386233769155,0.655346895738374,0.6562504060164294,0.6571491915646533,0.6580432893469708,0.6589327359427256,0.659817567551671,0.6606978199988793,0.6615735287395779,0.6624447288639087,0.6633114551016164,0.6641737418266627,0.6650316230617707,0.6658851324828998,0.6667343034236527,0.6675791688796141,0.6684197615126254,0.6692561136549929
2.3494949494949497,0.08847531177302348,0.050711356922765516,0.03560577407286791,0.027471997898952827,0.02238838705554791,0.018910126294342078,0.016380481392284763,0.0144579505252731,0.012947389742224091,0.011729194571161283,0.01072597360292793,0.009885434663657211,0.009170971686784934,0.0085561911471006,0.008021579524641886,0.007552395022044411,0.007137290699831933,0.006767390544089702,0.006435653139003739,0.006136422138789399,0.005865102098093766,0.0056179210258944234,0.005391753930390042,0.005183989850499948,0.00499243037499264,0.6516942037086731,0.6526322322754464,0.6535652219694927,0.6544932132835435,0.6554162462776187,0.6563343605847931,0.6572475954168674,0.6581559895699515,0.6590595814299584,0.6599584089780107,0.6608525097957634,0.6617419210706407,0.6626266796009926,0.66350682180117,0.6643823837065201,0.6652534009783048,0.6661199089085423,0.6669819424247738,0.6678395360947567,0.6686927241310848,0.6695415403957388,0.6703860184045655,0.6712261913316896,0.6720620920138572,0.6728937529547149
2.387878787878788,0.08845008775404595,0.05069787111177315,0.03559698352986995,0.02746573556393961,0.022383704838270457,0.018906525198430613,0.016377666554656445,0.0144557332317794,0.012945641934649199,0.011727825366260491,0.010724916168891818,0.009884638412306357,0.009170397383360562,0.008555807706398744,0.008021361823887352,0.007552322358188368,0.007137345689621766,0.006767558350573966,0.006435920930615291,0.006136778697950485,0.0058655375252107955,0.005618426510064722,0.0053923215690623305,0.005184612505640729,0.0049931015570274795,0.6553652411514997,0.6562985973089254,0.6572269116023667,0.6581502247749823,0.6590685771321174,0.6599820085471695,0.6608905584673591,0.6617942659194078,0.6626931695151272,0.6635873074569181,0.6644767175431816,0.6653614371736467,0.6662415033546119,0.6671169527041053,0.6679878214569637,0.6688541454698308,0.6697159602260804,0.6705733008406592,0.6714262020648571,0.6722746982910024,0.6731188235570851,0.6739586115513077,0.6747940956165677,0.6756253087548703,0.6764522836316732
2.4262626262626266,0.08843036858057718,0.05068752205207616,0.03559038250035873,0.027461152691184987,0.02238038330113956,0.018904066668490538,0.016375835654408588,0.01445437931782112,0.012944662782418126,0.011727148425930034,0.010724488088764028,0.009884418804614103,0.009170354917177548,0.008555917543648928,0.008021603863601845,0.0075526799943606004,0.0071378049268178145,0.006768107187925976,0.006436548936784359,0.00613747670597542,0.00586629740208422,0.005619240978260276,0.005393184066112111,0.005185517071994106,0.004994042745472882,0.6589597394459767,0.6598884128280158,0.6608120422767326,0.6617306687737486,0.6626443328579199,0.6635530746313019,0.6644569337650155,0.6653559495050206,0.6662501606777965,0.6671396056959317,0.6680243225636235,0.6689043488820923,0.6697797218549073,0.6706504782932302,0.6715166546209751,0.6723782868798875,0.6732354107345428,0.6740880614772682,0.6749362740329856,0.6757800829639814,0.6766195224746001,0.6774546264158662,0.678285428290035,0.6791119612550728,0.6799342581290673
2.464646464646465,0.08841587422526298,0.0506801499559042,0.03558585929240765,0.027458163486516085,0.022378352836078585,0.018902692171147706,0.016374938212495582,0.014453844425643236,0.012944412737367017,0.011727128080710747,0.01072465688732116,0.009884746041637582,0.009170816764183298,0.008556495092345795,0.008022281779651586,0.007553445560523064,0.00713864736327352,0.00676901718581524,0.006437518343195947,0.0061384983006465,0.005867364729192026,0.005620348216179849,0.005394325924847454,0.005186688711146914,0.004995239707796362,0.6624800672118802,0.6634040510800999,0.6643229898218056,0.6652369246455102,0.6661458963121579,0.6670499451411842,0.6679491110164772,0.6688434333922438,0.6697329512987792,0.6706177033481464,0.6714977277397622,0.6723730622658953,0.6732437443170766,0.6741098108874227,0.6749712985798759,0.6758282436113612,0.6766806818178606,0.6775286486594093,0.6783721792250129,0.6792113082374872,0.6800460700582228,0.6808764986918752,0.6817026277909826,0.6825244906605117,0.6833421202623337
2.5030303030303034,0.08840634175300677,0.05067560479318378,0.03558330903794493,0.02745668739987095,0.022377548091779387,0.01890234675424174,0.016374926839777038,0.0144540869139973,0.012944854674449724,0.011727730847660878,0.01072539208101797,0.009885592152850231,0.009171757089973198,0.00855751635622437,0.008023373174285364,0.007554598061885187,0.007139853245452077,0.00677026969668626,0.006438811493915342,0.006139826720064967,0.005868723554731892,0.005621733009351093,0.005395732604652537,0.005188113500589342,0.004996679090396361,0.6659284963426282,0.6668477873041768,0.6677620327785925,0.6686712741900914,0.6695755525106628,0.6704749082662216,0.6713693815426641,0.6722590119918227,0.673143838837326,0.6740239008803632,0.6748992365053559,0.675769883685539,0.6766358799884516,0.6774972625813409,0.6783540682364794,0.6792063333363973,0.6800540938790336,0.6808973854828027,0.6817362433915845,0.6825707024796331,0.6834007972564111,0.6842265618713455,0.6850480301185117,0.6858652354412436,0.6866782109366715
2.541414141414142,0.08840152406036861,0.050673745571703455,0.03558263318925081,0.02745664873825593,0.022377907659453022,0.018902978782387336,0.016375757008796787,0.014455067657457077,0.012945953712693248,0.011728925268758461,0.010726665030734717,0.0098869308609435,0.00917315162481036,0.008558958793084548,0.0080248570076209,0.0075561177770886445,0.007141404018574882,0.006771847205214732,0.006440411805588964,0.006141446221144431,0.005870358896979955,0.005623381069030264,0.0053973904500790315,0.005189778365792153,0.004998348353380644,0.6693072068924584,0.670221804638996,0.6711313573288732,0.6720359065911934,0.6729354935983153,0.6738301590720995,0.6747199432900529,0.6756048860913736,0.6764850268828969,0.6773604046449448,0.6782310579370803,0.6790970249037699,0.6799583432799542,0.680815050396529,0.6816671831857384,0.6825147781864829,0.6833578715495408,0.6841964990427094,0.6850306960558623,0.6858604976059279,0.6866859383417889,0.6875070525491059,0.6883238741550637,0.6891364367330441,0.6899447735072272
2.57979797979798,0.08840118872440605,0.05067443967978713,0.03558373905916401,0.02745797631232172,0.02237937378588528,0.018904539695512756,0.01637738684540846,0.014456749863179352,0.012947677051709405,0.011730681763338469,0.010728448807354019,0.00988873745838137,0.009174977549540886,0.008560801208716384,0.008026713498576088,0.007557986165310782,0.007143282239129967,0.006773733245630353,0.0064423036891059215,0.006143342005170638,0.005872256673396414,0.005625278964529246,0.005399286626158295,0.0051916710181956205,0.005000235711083656,0.6726182916702761,0.6735281987362066,0.6744330619275464,0.6753329230678303,0.67622782351947,0.6771178041900912,0.6780029055387671,0.6788831675821501,0.6797586299005017,0.6806293316436259,0.6814953115367051,0.6823566078860405,0.6832132585847012,0.684065301118082,0.6849127725693693,0.6857557096249237,0.6865941485795718,0.6874281253418161,0.688257675438962,0.6890828340221623,0.6899036358713827,0.690720115400288,0.6915323066610517,0.6923402433490906,0.6931439588077244
2.618181818181818,0.08840511695003639,0.05067756228524978,0.035586539400653816,0.027460603113199866,0.022381892111056567,0.018906983788080645,0.016379776938238555,0.01445909890335928,0.012949993822207517,0.011732972493176952,0.010730718068830525,0.009890988694521985,0.00917721339125177,0.008563023659950542,0.008028924034290341,0.00756018578126616,0.007145471494875322,0.0067759123261554866,0.006444472477995955,0.0061455001497721096,0.005874403635842906,0.005627414061366132,0.005401409059206941,0.005193779898525985,0.005002330077640504,0.6758637605605097,0.6767689820989974,0.6776691616589555,0.6785643412482444,0.6794545624093582,0.6803398662258523,0.6812202933286627,0.6820958839023221,0.6829666776910743,0.6838327140048873,0.6846940317253687,0.6855506693115851,0.6864026648057862,0.687250055839036,0.6880928796367538,0.6889311730241652,0.6897649724316651,0.6905943139000961,0.6914192330859403,0.6922397652664308,0.693055945344579,0.6938678078541253,0.6946753869644082,0.6954787164851598,0.6962778298712224
2.6565656565656566,0.08841310260623536,0.05068299578505431,0.035590952021879785,0.027464466016617894,0.022385411427928936,0.018910268006947062,0.016382890164250874,0.014462082161838863,0.012952874949156312,0.011735771238986725,0.010733448947672919,0.00989366267231051,0.009179838927784623,0.008565607365874195,0.008031471087221576,0.007562700197444316,0.007147956331569505,0.006778369859808064,0.006446904362864991,0.0061479075466350785,0.005876787311254628,0.005629774464658066,0.005403746382722341,0.005196094124903183,0.005004621017185462,0.6790455445897116,0.6799460881650982,0.6808415923361959,0.6817320992854233,0.6826176507257244,0.6834982879070811,0.6843740516229193,0.6852449822164066,0.6861111195866486,0.6869725031947814,0.6878291720699645,0.6886811648152756,0.6895285196135101,0.6903712742328839,0.6912094660326457,0.6920431319685977,0.6928723085985266,0.6936970320875475,0.6945173382133628,0.6953332623714346,0.6961448395800767,0.6969521044854646,0.6977550913665653,0.6985538341399898,0.6993483663647679
2.694949494949495,0.08842495134243578,0.05069062930080048,0.03559689943330713,0.02746950551166094,0.022389883462226035,0.018914351766059934,0.016386691528831543,0.014465668893499428,0.012956293026325172,0.011739053287191936,0.010736618947785548,0.009896738753556455,0.009182835100187026,0.008568534626467894,0.008034338139124575,0.007565513932830337,0.007150722185911063,0.006781092100999198,0.006449586331325863,0.006150551844430918,0.005879395947278709,0.0056323489672223115,0.005406287887725236,0.005198603445299099,0.005007098698216916,0.6821654997561892,0.683061375151542,0.6839522143609185,0.6848380597318582,0.6857189531384469,0.6865949359879141,0.6874660492271224,0.6883323333489463,0.6891938283985476,0.6900505739795463,0.690902609260088,0.6917499729788152,0.6925927034507365,0.6934308385730024,0.6942644158305863,0.6950934723018733,0.695918044664157,0.6967381691990493,0.6975538817978011,0.6983652179665389,0.6991722128314163,0.6999749011436828,0.7007733172846735,0.7015674952707166,0.7023574687579657
2.7333333333333334,0.08844047977748026,0.05070035821562313,0.035604308523789596,0.02747566545180402,0.022395262670306115,0.018919196776386205,0.016391148019025747,0.014469830095206637,0.012960222201151117,0.011742795326015854,0.01074020684981325,0.009900197472012096,0.009186183932382352,0.008571788747935072,0.008037509611325877,0.007568612387463203,0.007153755323889621,0.006784066087346163,0.006452506112853973,0.0061534213964193896,0.00588221846239767,0.005635127001968776,0.005409023477219277,0.0052012981939075775,0.005009753851713095,0.6852254106386213,0.6861166296772486,0.6870028163597974,0.6878840131898092,0.6887602621935192,0.6896316049265384,0.6904980824804229,0.6913597354891331,0.6922166041353863,0.6930687281569031,0.69391614685255,0.6947588990883814,0.6955970233035815,0.6964305575163089,0.6972595393294446,0.6980840059362478,0.6989039941259174,0.6997195402890649,0.7005306804230972,0.701337450137514,0.7021398846591177,0.7029380188371418,0.7037318871482954,0.7045215237017273,0.7053069622439121
2.771717171717172,0.08845951475425662,0.05071208374861613,0.03561311026290559,0.02748289282611549,0.02240150605342084,0.01892476688961775,0.016396228468666507,0.014474538387218017,0.012964638068943879,0.011746975350005018,0.010744192624136062,0.009904020453505247,0.0091898684573406,0.00857535397409448,0.008040970800632374,0.007571981782338311,0.007157042784220913,0.006787279586197625,0.006455652128128042,0.0061565052123429,0.0058852444000785376,0.005638098598147456,0.005411943624378912,0.005204169251044277,0.005012577732669277,0.6882269937983966,0.6891135701782679,0.6899951186125962,0.6908716817521139,0.6917433017665201,0.6926100203512436,0.6934718787340917,0.6943289176817866,0.6951811775063947,0.6960286980716462,0.6968715187991509,0.6977096786745105,0.69854321625333,0.6993721696671299,0.7001965766291607,0.7010164744401224,0.7018318999937904,0.702642889782549,0.7034494799028365,0.7042517060604992,0.7050496035760618,0.7058432073899098,0.7066325520673908,0.707417671803833,0.7081986004294822
2.81010101010101,0.08848189265390616,0.05072571256327141,0.035623239427084785,0.027491137548761646,0.02240857298682375,0.01893102795438706,0.016401903434290155,0.014479767904082896,0.01296951757554865,0.011751572572175295,0.010748557350865218,0.009908190342462264,0.009193872649172041,0.008579215423243136,0.008044707820375363,0.007575609104107706,0.007160572326254888,0.006790721045470516,0.006459013442445594,0.006159792914136597,0.005888463886635664,0.0056412543411170635,0.005415039334046412,0.005207208006289488,0.00501556208471432,0.6911719009893004,0.6920538501293906,0.6929307762856262,0.6938027222474192,0.6946697303195427,0.6955318423289729,0.696389099631616,0.6972415431189202,0.6980892132243793,0.6989321499299245,0.6997703927722108,0.700603980848799,0.7014329528242349,0.7022573469360258,0.703077201000522,0.7038925524186976,0.7047034381818393,0.7055098948771398,0.7063119586932005,0.707109665425446,0.7079030504814479,0.7086921488861648,0.7094769952870956,0.7102576239593513,0.7110340688106442
2.8484848484848486,0.08850745876414057,0.05074115640680987,0.03563463434735281,0.027500352265126704,0.02241642506237307,0.018937947683819845,0.01640814508086219,0.01448549419416345,0.012974838927705568,0.01175656734312569,0.010753283146123893,0.009912690734241725,0.00919818136060191,0.008583359030050808,0.008048707546120859,0.0075794820541574826,0.00716433238207248,0.006794379548342722,0.006462579722805284,0.006163274695178966,0.005891867592395128,0.005644585335293328,0.005418302107308648,0.005210406324530625,0.005018699107492308,0.6940617221871574,0.6949390610848183,0.6958113824833728,0.6966787293026899,0.6975411439745133,0.6983986684493805,0.6992513442034249,0.7000992122450636,0.7009423131215713,0.7017806869255442,0.7026143733012556,0.7034434114509047,0.7042678401407613,0.7050876977072086,0.7059030220626863,0.7067138507015331,0.7075202207057363,0.708322168750583,0.709119731110222,0.7099129436631326,0.7107018418975047,0.7114864609165316,0.7122668354436161,0.7130429998274944,0.7138149880472741
2.886868686868687,0.0885360666967494,0.05075833177761502,0.035647236676735305,0.027510492173037804,0.022425025943398458,0.018945495533434498,0.016414927076399577,0.014491694126973709,0.012980581510395384,0.01176194107643691,0.010758353094109774,0.009917506112736785,0.009202780265281651,0.008587771491954221,0.008052957565626295,0.007583589001662894,0.007168312012257871,0.006798244771504924,0.006466341198348546,0.006166941282709892,0.005895446695916018,0.0056480831699901035,0.005421723908822562,0.005213756514668599,0.0050219814266632135,0.6968979884511032,0.6977707355496385,0.698638471130103,0.6995012382348814,0.7003590794148615,0.7012120367364303,0.7020601517883494,0.7029034656885159,0.7037420190906062,0.7045758521906096,0.7054050047332507,0.7062295160183049,0.7070494249068068,0.7078647698271572,0.7086755887811248,0.709481919349753,0.7102837986991638,0.71108126358627,0.7118743503643906,0.7126630949887759,0.7134475330220402,0.7142276996395079,0.7150036296344703,0.7157753574233584,0.7165429170508317
2.9252525252525254,0.08856757784989067,0.05077715961822937,0.0356609911755259,0.02752151485773635,0.022434341230733512,0.018953642588415587,0.016422224494708093,0.014498345807670399,0.01298672581055449,0.011767676179829767,0.010763751184362791,0.009922621792815,0.009207655804595483,0.00859244021969574,0.008057446132627488,0.007587918940254124,0.0071725008651086775,0.006802306946649628,0.0064702886238530155,0.006170783903139299,0.0058991928509537495,0.005651739887897689,0.005425297136687712,0.005217251300742909,0.005025402066181073,0.6996821746272985,0.7005503496929817,0.701413519692403,0.7022717277827912,0.7031250166266212,0.7039734283986826,0.7048170047930298,0.7056557870298108,0.706489815861982,0.7073191315819084,0.7081437740278528,0.7089637825903539,0.7097791962184992,0.710590053426092,0.7113963922977151,0.7121982504946931,0.7129956652609566,0.7137886734288083,0.7145773114245942,0.7153616152742814,0.7161416206089435,0.7169173626701565,0.717688876315307,0.718456196022813,0.7192193558972602
2.963636363636364,0.08860186091122024,0.05079756503167876,0.03567584551289604,0.0275333801393971,0.022444338338929004,0.018962361459469834,0.01643001372551156,0.014505428498038375,0.012993253346575306,0.01177375599155317,0.010769462253832573,0.00992802386708802,0.009212795138482388,0.008597353291638132,0.008062162124178762,0.007592461447996746,0.007176889138973186,0.0068065568248409924,0.006474413246007504,0.006174794250028093,0.005903098155962017,0.005655547955974782,0.005429014594578341,0.0052208837952303355,0.005028954422669152,0.702415701905119,0.7032793259129585,0.7041379517527984,0.704991622689303,0.7058403814892358,0.7066842704286005,0.7075233312996609,0.70835760541784,0.7091871336285015,0.7100119563136158,0.7108321133983128,0.7116476443573242,0.7124585882213168,0.7132649835831194,0.7140668686038447,0.7148642810189098,0.7156572581439548,0.7164458368806644,0.717230053722492,0.7180099447602895,0.7187855456878431,0.7195568918073202,0.7203240180346244,0.7210869589046652,0.7218457485765392
3.0020202020202023,0.08863879139828446,0.050819477019064196,0.03569175008337422,0.02754604993208587,0.02245498638176291,0.018971626186489177,0.016438272391338105,0.014512922543399975,0.013000146603129759,0.011780164721548969,0.010775471933276659,0.009933699156720488,0.009218186099962944,0.008602499411491049,0.008067095001174751,0.007597206650366006,0.007181467547354714,0.006810985643620038,0.006478706772228282,0.006178964454437663,0.0059071551258680355,0.005659500238508475,0.005432869466016177,0.0052246474744155336,0.005032632241772639,0.7050999402351219,0.7059590352627308,0.706813139443872,0.7076622961434911,0.7085065482255927,0.7093459380604535,0.710180507531711,0.7110102980433297,0.7118353505264483,0.7126557054461096,0.7134714028078768,0.714282482164337,0.7150889826214933,0.7158909428450505,0.7166884010665946,0.7174813950896679,0.7182699622957436,0.7190541396500985,0.7198339637075903,0.7206094706183378,0.7213806961333061,0.7221476756098019,0.7229104440168754,0.7236690359406365,0.7244234855894814
3.0404040404040407,0.08867825123295714,0.05084282823661468,0.035708657836929,0.02755948811316733,0.022466256066222767,0.018981412149367882,0.01644697927055261,0.014520809304963134,0.013007388970795786,0.011786887396991075,0.010781766597646847,0.009939635165885141,0.009223817153047209,0.008607867869194541,0.008072234771812292,0.007602145185982456,0.007186227286708702,0.006815585096516585,0.0064831613417788425,0.006183287057524245,0.005911356665974976,0.005663589972201066,0.005436855290520626,0.005228536155520436,0.005036429596218195,0.7077362106174363,0.7085907997464137,0.7094404057516233,0.7102850720913813,0.7111248417201299,0.7119597570957181,0.7127898601865585,0.7136151924786583,0.7144357949825317,0.7152517082399922,0.7160629723308295,0.716869626879373,0.717671711060942,0.7184692636081889,0.7192623228173336,0.7200509265542936,0.7208351122607102,0.7216149169598743,0.7223903772625542,0.7231615293727235,0.7239284090931967,0.7246910518311698,0.7254494926036698,0.726203766042914,0.7269539064015816
3.078787878787879,0.08872012834703824,0.05086755477050664,0.03572652412148747,0.027573660402284927,0.02247811959427426,0.018991695985341117,0.016456114226043983,0.014529071097113766,0.01301496469013963,0.011793909811805836,0.010788333320109311,0.009945820039541253,0.009229677353719934,0.008613448504656285,0.008077571957735508,0.007607268174849802,0.007191160006495778,0.006820347304826058,0.006487769499030849,0.0061877549851234726,0.005915696047746222,0.005667810743079871,0.005440965941540865,0.005232543975564274,0.005040340865534398,0.7103257872686006,0.7111758944928817,0.7120210266961876,0.7128612274235335,0.7136965397132291,0.7145270061042277,0.7153526686433475,0.7161735688923678,0.7169897479350035,0.7178012463837583,0.7186081043866619,0.7194103616338906,0.7202080573642756,0.7210012303717007,0.7217899190113911,0.7225741612060963,0.7233539944521681,0.7241294558255371,0.7249005819875883,0.7256674091909393,0.7264299732851204,0.7271883097221626,0.7279424535620915,0.72869243947833,0.7294383017630123
3.1171717171717175,0.0887643163163756,0.05089359592799436,0.03574530653686736,0.027588534249095575,0.022490550571728107,0.01900245551232027,0.016465658139074968,0.01453769112925718,0.01302285879981846,0.01180121847986082,0.010795159829407597,0.009952242524292387,0.00923575631376683,0.008619231674140249,0.0080830975626347,0.00761256718891401,0.007196257781486359,0.0068252647914091025,0.006492524168650204,0.006192361524168355,0.005920166886368872,0.005672156465069689,0.0054451956059669016,0.0052366653717581535,0.005044360717218144,0.7128698996743186,0.7137155498149887,0.7145562333974729,0.715391994047042,0.7162228748795313,0.7170489185087537,0.7178701670537869,0.7186866621461303,0.719498444936742,0.7203055561029506,0.7211080358552512,0.7219059239439822,0.7226992596658894,0.7234880818705773,0.7242724289668511,0.7250523389289503,0.7258278493026783,0.7265989972114266,0.7273658193620991,0.7281283520509363,0.7288866311692426,0.7296406922090168,0.730390570268491,0.731136300057575,0.7318779159032127
3.155555555555556,0.0888107140211487,0.050920894043461784,0.03576496479914004,0.02760407872903925,0.02250352392362376,0.019013669657713006,0.016475592847858822,0.014546653451824154,0.013031057088432219,0.011808800591500468,0.010802234470260519,0.009958891932031033,0.009242044167182772,0.008625208219047664,0.008088803043092785,0.00761803422472207,0.007201513086021016,0.0068303304563903655,0.006497418632564145,0.006197100300846081,0.005924763119946164,0.0056766213601342486,0.00544953876512011,0.005240895063260975,0.0050484840892499605,0.7153697345350761,0.7162109531611853,0.7170472140327283,0.717878560849011,0.7187050367972705,0.7195266845601529,0.7203435463230623,0.7211556637813797,0.7219630781475578,0.7227658301580929,0.7235639600803756,0.7243575077194245,0.7251465124245032,0.7259310130956247,0.7267110481899444,0.7274866557280446,0.7282578733001123,0.7290247380720111,0.7297872867912526,0.7305455557928661,0.7312995810051697,0.7320493979554449,0.7327950417755171,0.7335365472072422,0.7342739486079023
3.1939393939393943,0.088859225330153,0.05094939429819667,0.035785460614583764,0.02762026444646959,0.022517015815616714,0.019025318392270618,0.016485901090490085,0.014555942906090191,0.013039546049756323,0.011816643973160845,0.010809546166581363,0.009965758106184941,0.009248531538971871,0.00863136943690801,0.008094680281506506,0.007623661678022531,0.007206918770095383,0.006835537554578552,0.006502446508576565,0.006201965260245634,0.005929478990108539,0.005681199939788106,0.005453990177118895,0.0052452280343000535,0.005052706173876542,0.7178264376110872,0.718663250966038,0.719495115692592,0.7203220755580837,0.7211441738152413,0.7219614532097272,0.7227739559875466,0.723581723902327,0.7243847982224715,0.7251832197381858,0.7259770287683853,0.7267662651674822,0.7275509683320547,0.7283311772074037,0.7291069302939945,0.7298782656537917,0.7306452209164823,0.731407833285597,0.7321661395445244,0.7329201760624264,0.7336699788000521,0.7344155833154549,0.7351570247696131,0.7358943379319577,0.7366275571858073
3.2323232323232327,0.08890975880715235,0.05097904455274227,0.03580675756245477,0.0276370634445664,0.02253100358083948,0.019037382668564806,0.01649656645186348,0.01456554507751373,0.013048312841119847,0.011824737049806133,0.010817084387270803,0.009972831390286041,0.009255209516104035,0.008637707054421018,0.008100721560899693,0.007629442320136626,0.007212468037125497,0.006840879674454126,0.006507601730461721,0.006206950647475784,0.005934309024059559,0.005685886987946587,0.005458544860424297,0.00524965951842149,0.005057022402508826,0.7202411154725953,0.7210735504057054,0.7219010461417,0.7227236465101441,0.7235413948235502,0.7243543338849819,0.7251625059955213,0.7259659529616068,0.7267647161022414,0.7275588362560766,0.7283483537883727,0.7291333085978375,0.7299137401233489,0.7306896873505584,0.7314611888183846,0.7322282826253929,0.7329910064360671,0.7337493974869748,0.7345034925928261,0.7352533281524316,0.7359989401545588,0.7367403641836899,0.737477635425683,0.738210788673338,0.7389398583318701
3.270707070707071,0.08896222743750615,0.05100979519084592,0.035828820985859045,0.027654449121472968,0.022545465651831353,0.019049844363726587,0.016507573314268553,0.014575446252298896,0.013057345244662288,0.011833068809971925,0.010824839114361051,0.009980102598759144,0.009262069620530777,0.008644213202339435,0.008106919541474022,0.00763536927598385,0.007218154423249468,0.006846350718632932,0.006512878529460364,0.006212050990072937,0.005939248017797771,0.005690677544932132,0.005463198078580422,0.005254184983857657,0.0050614284316776725,0.722614837161143,0.7234429210640204,0.7242660754895403,0.7250843443238985,0.7258977709338853,0.7267063981745466,0.7275102683967103,0.7283094234543797,0.7291039047119982,0.7298937530515858,0.7306790088797522,0.7314597121345869,0.7322359022924304,0.733007618374528,0.7337748989535695,0.7345377821601157,0.7352963056889148,0.7360505068051117,0.73680042235035,0.7375460887487719,0.7382875420129149,0.7390248177495096,0.7397579511651802,0.740486977072048,0.7412119298932422
3.3090909090909095,0.08901654837347928,0.05104159897406735,0.035851617890071186,0.027672396152159884,0.022560381497122917,0.019062686226088754,0.016518906811347822,0.014585633376930973,0.01306663163123778,0.011841628773198165,0.010832800813363797,0.009987562989673515,0.009269103783995591,0.00865088039209616,0.008113267238780919,0.007641436003601454,0.007223971778058669,0.006851944885653882,0.00651827141701844,0.006217261081618464,0.0059442910205369515,0.005695566892590875,0.005467945325989154,0.005258800119897433,0.005065920129940116,0.7249486357670539,0.7257723965144428,0.7265912377768368,0.727405203491658,0.728214337074658,0.7290186814276354,0.7298182789460195,0.7306131715263189,0.7314034005734393,0.7321890070078727,0.7329700312727611,0.7337465133408368,0.734518492721242,0.73528600846623,0.7360490991777503,0.7368078030139209,0.7375621576953885,0.7383122005115798,0.7390579683268464,0.7397994975865045,0.7405368243227717,0.7412699841606035,0.741999012323431,0.7427239436388025,0.7434448125439286
3.347474747474748,0.08907264269675608,0.05107441090620757,0.03587511684774314,0.027690880415578434,0.02257573156210646,0.01907589182545144,0.016530552785195107,0.014596094020444372,0.013076160926768887,0.011850406959666104,0.010840960405608557,0.00999520423937228,0.009276304324592921,0.008657701493998582,0.008119758003362065,0.007647636275047498,0.007229914246621227,0.006857656653010524,0.00652377516872904,0.006222575966481125,0.005949433320167952,0.005700550540428173,0.005472782314632774,0.005263500824172818,0.005070493565704215,0.7272435099280088,0.7280629758227962,0.7288775324824108,0.7296872238902847,0.7304920935059986,0.7312921842730575,0.7320875386265289,0.7328781985005447,0.7336642053356713,0.7344456000861507,0.7352224232270125,0.7359947147610633,0.7367625142257536,0.7375258606999245,0.7382847928104386,0.7390393487386949,0.7397895662270326,0.7405354825850239,0.7412771346956585,0.7420145590214238,0.74274779161028,0.7434768681015346,0.7442018237316164,0.7449226933397523,0.7456395113735484
3.3858585858585863,0.0891304351968305,0.051108188106807395,0.03589928791043073,0.027709878926682974,0.022591497213857448,0.019089445506657254,0.016542497746303342,0.014606816339227224,0.01308592258084107,0.011859393861863632,0.010849309242439542,0.010003018418772713,0.009283663924880114,0.008664669716891948,0.008126385501749045,0.007653964158601978,0.0072359762527232085,0.006863480761315266,0.006529384809312866,0.006227990925549154,0.005954670429679787,0.005705624212656968,0.005477704961695418,0.005268283190802192,0.005075144995851932,0.7295004252532894,0.7303156249753804,0.731125925955129,0.7319313722169403,0.7327320072592721,0.7335278740624657,0.7343190150964379,0.7351054723282344,0.7358872872294522,0.7366645007835283,0.7374371534929016,0.7382052853860491,0.7389689360243981,0.7397281445091185,0.740482949487797,0.7412333891609942,0.7419795012886905,0.7427213231966184,0.7434588917824879,0.7441922435221039,0.7449214144753793,0.7456464402922455,0.7463673562184625,0.7470841971013309,0.7477969973953063
3.4242424242424243,0.0891898541640459,0.05114288969300396,0.03592410252599443,0.027729369772949264,0.02260766068961262,0.019103332346253277,0.016554728836175592,0.014617789044147678,0.01309590653739301,0.01186858041813732,0.010857839081123366,0.010010997971256597,0.009291175611415792,0.00867177858917012,0.00813314369874929,0.007660414002127469,0.007242152483209807,0.0068694121995207524,0.006535095598635632,0.00623350146295043,0.00595999807452241,0.005710783836120337,0.005482709378018313,0.005273143499334054,0.0050798708551218485,0.7317203156779503,0.7325312782367455,0.7333373527752443,0.7341385833539633,0.7349350135054579,0.7357266862422067,0.7365136440643552,0.7372959289673207,0.7380735824492637,0.7388466455184247,0.7396151587003347,0.7403791620448947,0.7411386951333346,0.7418937970850487,0.742644506564311,0.7433908617868755,0.7441329005264615,0.7448706601211252,0.7456041774795236,0.7463334890870685,0.7470586310119774,0.7477796389112186,0.7484965480363557,0.7492093932392937,0.7499182089779262
3.4626262626262627,0.0892508311961755,0.05117847666913122,0.03594953346138574,0.027749332055053033,0.022624205048623613,0.019117538111991017,0.016567233792377234,0.014629001369829142,0.01310610320731631,0.01187795798797242,0.010866542062337947,0.010019135692000303,0.009298832735703533,0.008679021941019771,0.008140026840862902,0.007666980417541991,0.007248437873364821,0.006875446191111356,0.006540903018612765,0.006239103293619763,0.0059654121807486415,0.0057160255290051865,0.005487791857321511,0.005278078204422165,0.005084667746160232,0.7339040847509127,0.7347108394411377,0.7355127170491639,0.736309761666927,0.7371020168564678,0.7378895256578677,0.7386723305970437,0.739450473693403,0.7402239964673616,0.7409929399477299,0.7417573446789665,0.742517250728305,0.7432726976927545,0.7440237247059773,0.7447703704450473,0.7455126731370888,0.7462506705658011,0.746984400077869,0.7477138985892636,0.748439202591433,0.7491603481573872,0.7498773709476788,0.7505903062162813,0.7512991888163669,0.7520040532059865
3.501010101010101,0.08931330101752977,0.05121491182345417,0.03597555473045588,0.02776974583138725,0.022641114127123885,0.019132049224942493,0.01658000091586609,0.014640443045945029,0.013116503442833105,0.011887518328880464,0.010875410689115128,0.01002742470865936,0.009306628956308405,0.008686393887872734,0.008147029440794595,0.007673658266282191,0.007254827593239366,0.006881578181175074,0.0065468027609827395,0.006244792331687066,0.005970908863980551,0.005721345590286031,0.005492948866083314,0.005283083926114207,0.00508953243027932,0.7360526068607075,0.736855183221364,0.7376528936414058,0.7384457822396594,0.7392338926031992,0.7400172677953347,0.7407959503634546,0.7415699823467292,0.7423394052836764,0.7431042602195929,0.7438645877138522,0.7446204278470754,0.7453718202281729,0.7461188040012648,0.7468614178524778,0.7475997000166238,0.7483336882837631,0.749063420005651,0.749788932102075,0.7505102610670813,0.751227442975093,0.7519405134869258,0.7526495078556966,0.7533544609326353,0.7540554071727942
3.5393939393939395,0.08937720130964255,0.05125215963152785,0.0360021415263696,0.027790592066136766,0.022658372496189294,0.019146852724056362,0.016593019040405554,0.014652104270311161,0.013127098513521673,0.011897253574756128,0.010884437807139102,0.010035858463268488,0.009314558222169422,0.008693888814816919,0.008154146262955297,0.007680442645718877,0.007261317034852777,0.006887803824338956,0.006552790715858459,0.0062505646795880665,0.005976484419037531,0.005726740489846893,0.005498177034120477,0.005288157440854313,0.005094461818796692,0.7381667284023616,0.7389651561785882,0.7397587293472759,0.7405474920497714,0.7413314878938877,0.7421107599619418,0.7428853508186453,0.743655302518856,0.7444206566151877,0.7451814541654866,0.7459377357401726,0.7466895414294515,0.7474369108503991,0.7481798831539205,0.7489184970315864,0.7496527907223498,0.7503828020191455,0.7511085682753739,0.7518301264112718,0.7525475129201743,0.7532607638746657,0.7539699149326273,0.7546750013431794,0.7553760579525208,0.756073119209671
3.577777777777778,0.0894424725527081,0.05129018616569292,0.03602927015832513,0.02781185258065788,0.022675965422269906,0.01916193623295026,0.01660627750391841,0.014663975683727015,0.013137880083871512,0.011907156215639203,0.010893616586304056,0.01004443069532357,0.009322614756930525,0.008701501362101016,0.008161372309898551,0.007687328876418542,0.007267901800208643,0.006894118973436836,0.006558862961014489,0.006256416617914873,0.0059821353102607056,0.005732206859241806,0.0055034731457446195,0.0052932956730036285,0.005099452964849371,0.7402472688887016,0.7410415779963423,0.7418310440095617,0.7426157110880078,0.7433956228560884,0.744170822411055,0.7449413523309426,0.7457072546823639,0.7464685710281663,0.7472253424349499,0.7479776094804516,0.7487254122607978,0.749468790397629,0.7502077830450972,0.7509424288967406,0.7516727661922372,0.75239883272404,0.753120665843895,0.7538383024692484,0.7545517790895386,0.7552611317723817,0.7559663961696499,0.7566676075234434,0.7573648006719618,0.7580580100552733
3.6161616161616164,0.08950905787696062,0.051328959010241926,0.0360569179922392,0.027833510007891915,0.022693878830202685,0.019177287928811904,0.016619766121664048,0.014676048346387471,0.013148840192230837,0.011917219078714236,0.010902940503420444,0.010053135425905246,0.009330793044286745,0.008709226411490745,0.008168702809579376,0.007694312490223343,0.007274577690078887,0.006900519668926242,0.006565015751843983,0.006262344595859615,0.005987858162431969,0.005737741483030412,0.005508834131480178,0.0052984956868902255,0.005104503055850085,0.7422950220091327,0.7430852425018326,0.743870631582338,0.7446512334245282,0.7454270916654061,0.7461982494132301,0.7469647492554982,0.7477266332667881,0.7484839430164559,0.7492367195761968,0.7499850035274693,0.75072883496879,0.7514682535228936,0.7522032983437713,0.75293400812358,0.7536604210994328,0.7543825750600684,0.7551005073524041,0.7558142548879744,0.7565238541492566,0.7572293411958871,0.7579307516707704,0.7586281208060802,0.7593214834291607,0.7600108739683231
3.6545454545454548,0.08957690292329978,0.05136844718186717,0.03608506339512041,0.027855547749637166,0.022712099268524577,0.01919289651321332,0.016633475161059064,0.014688313715746526,0.013159971231086143,0.011927435310522094,0.010912403326007958,0.010061966942793044,0.009339087814250524,0.00871705907352105,0.008176133203445346,0.007701389219065824,0.0072813406934666425,0.006907002128932138,0.006571245511945989,0.006268345222277594,0.005993649752258801,0.005743341290656234,0.005514257060299732,0.005303754679403028,0.005109609406312998,0.7443107566387721,0.7450969186774272,0.7458782611447861,0.746654828225031,0.7474266635639024,0.7481938102768759,0.7489563109571908,0.7497142076837334,0.7504675420287774,0.7512163550655858,0.7519606873758753,0.7527005790571478,0.7534360697298912,0.7541671985446513,0.7548940041889788,0.7556165248942537,0.7563347984423887,0.7570488621724154,0.7577587529869539,0.7584645073585711,0.7591661613360264,0.7598637505504101,0.7605573102211747,0.7612468751620618,0.7619324797869287
3.692929292929293,0.08964595571249068,0.05140862105500554,0.03611368568287521,0.027877949936437663,0.02273061387692854,0.019208751184736306,0.016647395318060587,0.014700763625766555,0.013171265928547893,0.011937798360251328,0.010921999097079915,0.010070919786537846,0.009347494030235382,0.00872499467547927,0.008183659135245991,0.007708554984474425,0.0072881869777432495,0.006913562739935486,0.006577548824288293,0.006274415257308208,0.005999507000392423,0.005749003348835213,0.005519739132341828,0.005309069972992964,0.005114769451172396,0.7462952178006296,0.7470773516250316,0.7478546778677408,0.7486272407194525,0.749395083830922,0.750158250321187,0.7509167827856386,0.7516707233039462,0.7524201134478395,0.7531649942887492,0.7539054064053107,0.754641389890733,0.7553729843600357,0.7561002289571569,0.7568231623619349,0.7575418227969661,0.7582562480343414,0.7589664754022635,0.7596725417915494,0.7603744836620169,0.7610723370487614,0.7617661375683215,0.7624559204247392,0.7631417204155144,0.7638235719374561
3.7313131313131316,0.08971616652233272,0.05144945229173081,0.036142765071287775,0.02790070138991818,0.022749410355695776,0.01922484161326765,0.016661517694994243,0.014713390267427684,0.0131827173309631,0.011948301964062047,0.010931722120870901,0.010079988737303314,0.009356006876956036,0.008733028750176564,0.00819127644051676,0.007715805887730909,0.007295112879370347,0.006920198048009141,0.006583922422922717,0.006280551604491258,0.006005426963931582,0.0057547248543925456,0.005525277672071782,0.005314439009129979,0.005119980739506369,0.7482491275833633,0.7490272634858933,0.7498006039355218,0.7505691931258003,0.7513330747089086,0.7520922918039208,0.7528468870049179,0.7535969023889536,0.7543423795238761,0.7550833594760065,0.7558198828176813,0.7565519896346569,0.7572797195333822,0.7580031116481416,0.7587222046480697,0.759437036744042,0.7601476456954429,0.7608540688168155,0.7615563429843918,0.7622545046425107,0.7629485898099213,0.7636386340859787,0.764324672656729,0.7650067403008912,0.7656848713957338
3.76969696969697,0.08978748777224443,0.05149091377587989,0.03617228262996064,0.027923787587407434,0.022768476936977144,0.019241157915840246,0.016675833779715488,0.014726186170408884,0.013194318786585946,0.011958940130348372,0.0109415669494064,0.010089168802591031,0.00936462174904773,0.008741157025369706,0.008198981136721795,0.0077231382006059945,0.00730211489518684,0.006926904750602647,0.006590363185194903,0.0062867513033717515,0.006011406829382171,0.005760503127556493,0.005530870121869258,0.005319859342164612,0.005125240928612884,0.7501731860169871,0.750947354318218,0.7517167394254395,0.7524813855315299,0.7532413362866306,0.7539966348064514,0.7547473236804254,0.7554934449797133,0.7562350402650643,0.7569721505945322,0.7577048165310536,0.7584330781498881,0.7591569750459258,0.7598765463408632,0.7605918306902506,0.7613028662904151,0.7620096908852594,0.76271234177294,0.7634108558124292,0.7641052694299592,0.764795618625355,0.7654819389782553,0.7661642656542251,0.766842633410762,0.7675170766031982
3.8080808080808084,0.08985987391474493,0.051532979551117686,0.036202220239020644,0.0279471946286598,0.022787802357799425,0.01925769063392746,0.016690335426022163,0.014739144185878406,0.013206063930229828,0.011969707125886409,0.010951528369903318,0.010098455205642232,0.009373334240367459,0.008749375413822147,0.00820676941396492,0.007730548356662537,0.007309189674234329,0.0069336796888004315,0.00659686812441751,0.006293011522552794,0.006017443906037867,0.005766335605633666,0.005536514035977991,0.005325328633536186,0.005130547778500194,0.7520680719087579,0.7528383029348414,0.7536037631472283,0.7543644967347214,0.7551205473420813,0.7558719580783752,0.7566187715251685,0.7573610297445708,0.7580987742871306,0.7588320461995909,0.7595608860325005,0.7602853338476901,0.761005429225612,0.7617212112725498,0.7624327186276965,0.7631399894701083,0.7638430615255337,0.7645419720731209,0.7652367579520072,0.7659274555677922,0.7666141008988955,0.7672967295028054,0.7679753765222156,0.768650076691057,0.769320864340423
3.846464646464647,0.08993328133336664,0.0515756247626713,0.036232560548371984,0.027970909204560135,0.022807375834661414,0.019274430712078905,0.016705014835233012,0.014752257470291186,0.013217946668815594,0.011980597462808884,0.010961601392894815,0.010107843374561387,0.009382140133944894,0.008757680003960155,0.008214637626280163,0.007738032943094275,0.007316334010050385,0.0069405198400656065,0.0066034343829937114,0.006299329553156596,0.006023535619753995,0.005772219837081538,0.005542207074838101,0.005330844646324717,0.005135899146641476,0.7539344436413415,0.7547007677030576,0.7554623334445228,0.75621918504718,0.7569713661471881,0.757718919843808,0.7584618887076359,0.7592003147886826,0.759934239624309,0.7606637042470131,0.7613887491920779,0.7621094145050802,0.7628257397492625,0.7635377640127746,0.7642455259157821,0.7649490636174506,0.7656484148228025,0.7663436167894544,0.767034706334232,0.7677217198396714,0.7684046932604023,0.769083662129421,0.7697586615642537,0.7704297262730094,0.7710968905603308
3.884848484848485,0.09000766824654871,0.051618825602481655,0.036263286939354655,0.027994918567668448,0.02282718703963038,0.019291369477820508,0.016719864538835116,0.014765519470151478,0.0132299611677833,0.011991605886345402,0.010971781241074119,0.010117328932063518,0.009391035392503966,0.008766067051079851,0.008222582283400337,0.00774558869299935,0.007323544833419238,0.00694742231138723,0.006610059225931275,0.006305702802664959,0.006029679507093544,0.005778153475912928,0.005547946999741038,0.005336405240155884,0.0051412929830858545,0.7557729399352277,0.7565353873085868,0.7572930889603579,0.7580460890614567,0.7587944312363316,0.7595381585713894,0.7602773136232639,0.7610119384269328,0.7617420745036879,0.7624677628689569,0.7631890440399836,0.7639059580433698,0.7646185444224791,0.7653268422447077,0.7660308901086237,0.7667307261509796,0.7674263880535982,0.7681179130501354,0.7688053379327242,0.7694886990584993,0.7701680323560067,0.7708433733315014,0.7715147570751328,0.7721822182670232,0.7728457911832382
3.9232323232323236,0.09008299461712577,0.05166255925754526,0.03629438348863423,0.02801921050446743,0.02284722607782852,0.019308498622706116,0.01673487738215651,0.014778923907652564,0.013242101838291775,0.01200272736326502,0.01098206333876428,0.010126907685821251,0.009400016149549106,0.008774532969055171,0.008230600043035663,0.007753212478134097,0.007330819205549233,0.006954384332843233,0.006616740034734336,0.0063121287891247935,0.006035873209814913,0.00578413427643909,0.005553731667816253,0.005342008366389761,0.0051467273257992385,0.7575841805772466,0.758342781485543,0.7590966493685706,0.7598458283836631,0.7605903621405622,0.7613302937098795,0.7620656656314025,0.7627965199222471,0.7635228980848598,0.7642448411148749,0.7649623895088263,0.7656755832717205,0.7663844619244709,0.7670890645111981,0.7677894296063993,0.768485595321987,0.7691775993142028,0.7698654787904075,0.7705492705157488,0.771229010819713,0.7719047356025577,0.7725764803416331,0.7732442800975907,0.7739081695204834,0.7745681828557587
3.961616161616162,0.09015922206702287,0.051706803861232054,0.036325834934152645,0.02804377330921426,0.022867483466207483,0.019325810184480652,0.016750046508971606,0.014792464767151126,0.013254363325156726,0.012013957071002057,0.01099244330202298,0.010136575619375643,0.009409078700970186,0.008783074322544326,0.00823868770358982,0.007760901302110934,0.007338154311670175,0.00696140325152661,0.006623474301683752,0.0063186051357102535,0.006042114469669624,0.00579016008831168,0.005559559027252359,0.005347652063546704,0.005152200296386189,0.7593687671169355,0.7601235517141532,0.7608736160728572,0.7616190043338525,0.7623597600892842,0.7630959263911345,0.7638275457595649,0.7645546601911017,0.7652773111666726,0.765995539659495,0.7667093861428199,0.7674188905975351,0.7681240925196283,0.768825030927518,0.7695217443692485,0.7702142709295571,0.7709026482368139,0.7715869134698373,0.7722671033645876,0.7729432542207405,0.773615401908146,0.7742835818731708,0.7749478291449292,0.775608178341406,0.7762646636754689
4.0,0.09023631379681785,0.05175153844738034,0.03635762664305808,0.028068595759291437,0.02288795011355016,0.019343296530252685,0.016765365346993466,0.014806136282417448,0.013266740495470275,0.012025290387398746,0.011002916929298667,0.010146328883557487,0.009418219497119074,0.008791687819619032,0.008246842197284998,0.007768652293911993,0.007345547454922663,0.006968476525829548,0.006630259624381907,0.006325129565546206,0.006048401123507352,0.005796228851848717,0.005565427112890431,0.005353334453076952,0.005157710095907486,0.7611272835323956,0.7618782818878793,0.7626245728751433,0.7633662006156228,0.7641032086810792,0.7648356401021338,0.7655635373766418,0.7662869424779128,0.767005896862779,0.7677204414795139,0.7684306167756076,0.7691364627053994,0.769838018737569,0.770535323862495,0.7712284165994782,0.7719173350038339,0.772602116673857,0.7732827987576635,0.7739594179599065,0.7746320105483747,0.7753006123604729,0.7759652588095862,0.7766259848913338,0.7772828251897107,0.777935813883122
