Geometric_AR,BOR_LF_0.05,BOR_LF_0.20,BOR_LF_0.35,BOR_LF_0.50,BOR_LF_0.65,BOR_LF_0.80,BOR_LF_0.95,Thermal_AR_LF_0.05,Thermal_AR_LF_0.20,Thermal_AR_LF_0.35,Thermal_AR_LF_0.50,Thermal_AR_LF_0.65,Thermal_AR_LF_0.80,Thermal_AR_LF_0.95
0.2,0.0603756093708153,0.01522711560347632,0.008774826537007103,0.006192099813017318,0.00479996372674607,0.003928675650068999,0.0033314808709902855,0.4201090514839945,0.42411898782310964,0.42807384772764195,0.43197475816951575,0.4358228155822047,0.4396190868881776,0.44336461048513937
0.20180180180180182,0.06023882969753294,0.015193458648758984,0.008755881265454266,0.006179024677247592,0.00479003791712751,0.003920708538615956,0.0033248459131450642,0.422295993831359,0.42631145857309716,0.43027148780717767,0.43417722163629646,0.4380297691124396,0.44183020928681743,0.44557959221748217
0.2036036036036036,0.06010470992037296,0.015160464110307708,0.008737313108886717,0.006166212577063861,0.004780313750853177,0.00391290473120138,0.0033183480399992605,0.4244665084142907,0.42848730397116025,0.43245230907916665,0.43636267691634406,0.44021952909690354,0.44402395674381645,0.44777702151795606
0.20540540540540542,0.05997318396774454,0.015128115501126138,0.008719112663414772,0.0061536569418370836,0.004770786182497488,0.0039052601355737166,0.003311983812040548,0.4266207796098513,0.43064671237405705,0.4346165038498334,0.43853132023412794,0.4423922956461754,0.44620053322288766,0.4499571061696614
0.2072072072072072,0.05984418793327668,0.015096396874886142,0.008701270833815047,0.0061413514165656715,0.004761450332412868,0.003897770794021839,0.0033057499028843473,0.4287589890467127,0.43278986930440505,0.436764261505232,0.44068334480768084,0.4445482657779367,0.448360139508231,0.45212005068945504
0.209009009009009,0.05971765998728644,0.01506529280381898,0.008683778820991932,0.006129289853181079,0.004752301479944241,0.003890432877859903,0.003299643094631456,0.43088131565616683,0.4349169575037761,0.4388957685664539,0.44281894090594726,0.4466876334764858,0.4505029732662382,0.45426605639186735
0.21081081081081082,0.05959354029258214,0.015034788357679874,0.008666628109488848,0.006117466302218749,0.004743335056978849,0.0038832426821922006,0.003293660273483402,0.4329879357220032,0.4370281569846028,0.44101120874358934,0.4449382959048239,0.4488105897508822,0.4526292291057647,0.45639532145152517
0.21261261261261263,0.05947177092435485,0.01500486908374164,0.008649810456571379,0.006105875004668193,0.004734546641779001,0.0038761966209239136,0.0032877984255333154,0.4350790229292854,0.4391236450809262,0.4431107629884725,0.44704159434192764,0.45091732269176044,0.4547390986370105,0.4585080409641203
0.21441441441441442,0.05935229579392809,0.014975520987745967,0.008633317881373066,0.006094510384582815,0.004725931953189821,0.0038692912220209697,0.0032820546327627016,0.4371547484120524,0.441203596498016,0.44519460954624446,0.44912901797012383,0.45300801752684544,0.4568327705290452,0.4606044070059629
0.21621621621621623,0.059235060576147844,0.014946730515768525,0.008617142653918759,0.006083367041512308,0.004717486845028912,0.00386252312298926,0.0032764260692800568,0.43921528079997346,0.44326818336089213,0.44726292400576456,0.45120074580984915,0.4550828566752078,0.45891043056601366,0.462684608692159
0.218018018018018,0.059120012640212646,0.014918484536942158,0.008601277286019495,0.006072439744029505,0.004709207300799362,0.003855889066575191,0.003270909997670371,0.4412607862639838,0.4453175752617761,0.4493158793488986,0.453256954200258,0.45714201980028896,0.46097226170205946,0.4647488322334475
0.21981981981981985,0.059007100983752406,0.014890770326990122,0.008585714521297068,0.006061723422828481,0.004701089428637514,0.003849385896658508,0.003265503765556137,0.4432914285609258,0.447351939306499,0.45135364599871497,0.45529781684922666,0.45918568386173025,0.46301844411499743,0.4667972609917341
0.22162162162162163,0.05889627616998013,0.014863575552529627,0.008570447326546897,0.006051213164567756,0.00469312945649823,0.003843010554345724,0.0032602048023019515,0.44530736907722046,0.4493714401598918,0.45337639186661405,0.45732350488223933,0.46121402316603577,0.465049155258769,0.46883007553435496
0.22342342342342342,0.05878749026774805,0.014836888256099332,0.008555468883162672,0.006040904205884973,0.004685323727555114,0.0038367600742457786,0.003255010615896931,0.4473087668715963,0.4513762400901883,0.4553842823984224,0.45933418689019295,0.46322720941610296,0.467064569914715,0.4708474536871064
0.22522522522522523,0.058680696794354184,0.014810696841874272,0.008540772579008982,0.006030791927704694,0.004677668695822962,0.003830631580901911,0.003249918789940663,0.44929577871689663,0.4533664990124592,0.4573774806194734,0.46133002897614056,0.4652254117596452,0.46906486024169275,0.4728495705860712
0.22702702702702704,0.058575850660949655,0.014784990062030759,0.008526352000138309,0.006020871849824344,0.004670160921968242,0.003824622285404763,0.0032449269808096765,0.4512685591409885,0.4553423745311073,0.4593561471787045,0.4633111948010064,0.46720879683654,0.47105019582507096,0.47483659872827316
0.22882882882882885,0.05847290812041237,0.014759757003726717,0.008512200924221764,0.006011139625613694,0.004662797069331735,0.0038187294821470886,0.003240032914894085,0.4532272604667977,0.4573040219814447,0.46132044039179293,0.4652778456282956,0.46917752882512725,0.47302074372463054,0.47680870802119274
0.23063063063063066,0.05837182671755481,0.01473498707666546,0.008498313312669892,0.006001591037142198,0.004655573900089495,0.0038129505457263264,0.0032352343860517136,0.45517203285148955,0.4592515944703755,0.4632705162833559,0.4672301403678266,0.4711317694874863,0.4749766685213992,0.4787660658311718
0.23243243243243242,0.058272565241545934,0.014710670001213478,0.008484683304428753,0.005992221990389702,0.004648488271619392,0.003807282927985901,0.003230529253058191,0.4571030243248172,0.46118524291620694,0.4652065286282383,0.46916823561850857,0.47307167821371743,0.4769181323634478,0.48070883703073575
0.23423423423423426,0.05817508368043116,0.014686795797041812,0.008471305208996987,0.005983028510780522,0.00464153713302324,0.003801724155187694,0.0032259154372781896,0.45902038082665964,0.4631051160876102,0.46712862899191127,0.47109228571019107,0.47499741206525337,0.4788452950106766,0.4826371840448642
0.23603603603603607,0.05807934317764458,0.014663354772263104,0.008458173500714301,0.005974006738733637,0.004634717521769693,0.0037962718253062217,0.0032213909203330066,0.4609242462437647,0.46501136064175114,0.4690369667700025,0.4730024427446058,0.47690912581722467,0.48075831387861345,0.4845512668962333
0.23783783783783785,0.05798530599041025,0.014640337513043849,0.00844528281236683,0.005965152925616073,0.004628026560537449,0.003790923605443276,0.0032169537420071127,0.4628147624457238,0.46690412116161417,0.47093168922698264,0.474898856635427,0.4788069719999049,0.48265734408125477,0.48645124324946054
0.23963963963963966,0.057892935449938024,0.014617734873663262,0.008432627929850793,0.005956463429758624,0.004621461454158283,0.003785677229351271,0.003212601998090861,0.46469206932018997,0.468783540192536,0.4728129415340257,0.47678167514747,0.4806911009392569,0.4845425384729685,0.4883372684543736
0.24144144144144145,0.05780219592332263,0.01459553796699748,0.008420203786613598,0.00594793471254348,0.004615019486682637,0.0037805304950659763,0.003208333838426082,0.46655630480736193,0.4706497582779705,0.47468086680606586,0.47865104393505004,0.48256166079660356,0.486414047689486,0.49020949558833105
0.24324324324324326,0.057713052777063525,0.01457373815540803,0.008408005458425427,0.005939563335005528,0.004608698018592665,0.0037754812626365404,0.0032041474649883,0.46840760493375105,0.47250291399450295,0.47653560613807033,0.48050710657952295,0.4844187976074456,0.48827202018800436,0.492068075497618
0.24504504504504507,0.057625472342122244,0.014552327042017317,0.008396028158465867,0.0059313459540306646,0.004602494484141025,0.0037705274519540533,0.003200041130067015,0.47024610384524745,0.47434314398613253,0.4783772986405464,0.482350004626027,0.48626265531944635,0.4901166022864232,0.49391315683794024
0.24684684684684685,0.05753942188044417,0.014531296462348058,0.00838426723246899,0.005923279319338035,0.004596406388758578,0.0037656670406701776,0.003196013134502145,0.4720719338395042,0.47617058299783954,0.48020608147430327,0.4841798776194471,0.4880933758296061,0.49194793820173527,0.4957448861140395
0.24864864864864866,0.05745486955287255,0.014510638476316395,0.008372718154105308,0.0059153602700519215,0.004590431306615453,0.003760898062201875,0.003192061826024479,0.4738852253976532,0.47798536390845625,0.48202208988448514,0.4859968631396181,0.4899110990206439,0.4937661700875944,0.4975634077184524
0.25045045045045045,0.0573717843883866,0.0144903453605212,0.00836137652121381,0.005907585731765117,0.004584566878272134,0.003756218603819948,0.0031881855976344043,0.475686107215372,0.47978761776285744,0.4838254572338942,0.48780109683578915,0.49171596279660923,0.4955714380710805,0.49936886396943503
0.2522522522522523,0.05729013625460106,0.0144704096009096,0.00835023805028466,0.0058999527134840435,0.004578810808396489,0.0037516268048140167,0.003184382886060726,0.4774747062333141,0.4815774738034867,0.4856163150356205,0.48959271246036373,0.4935081031177392,0.49736388028868,0.5011613951480721
0.25405405405405407,0.05720989582946738,0.01445082388569769,0.008339298573644047,0.0058924583049535986,0.004573160863612162,0.0037471208547353863,0.0031806521702896218,0.4792511476669195,0.48335505950123453,0.48739479298499616,0.49137184190193545,0.4952876540345829,0.499143632921504,0.5029411395345936
0.25585585585585585,0.05713103457411769,0.014431581098589726,0.008328554035276468,0.005885099673856816,0.0045676148704184094,0.003742698991706967,0.003176991970139082,0.4810155550356201,0.4851205005856849,0.48916101899088843,0.49313861521763613,0.497054747721409,0.5009108302297609,0.5047082334439176
0.2576576576576577,0.057053524706799835,0.014412674312268652,0.008318000486690291,0.005877874063166897,0.004562170713185463,0.003738359500805001,0.0031734008448904994,0.4827680501914535,0.48687392107474303,0.49091511920634956,0.4948931606648123,0.4988095145089146,0.5026656045865021,0.5064628112604362
0.2594594594594595,0.05697733917785135,0.014394096782147012,0.008307634083805256,0.0058707787887921315,0.004556826332250804,0.0037341007125030346,0.003169877392004948,0.48450875334709953,0.4886154433036614,0.49265721805863744,0.49663560473204615,0.5005520829162522,0.5044080865106595,0.5082050054720679
0.26126126126126126,0.05690245164566443,0.014375841940364738,0.0082974510833304,0.005863811237071501,0.004551579722072763,0.0037299210011784156,0.0031664202458218105,0.48623778310335386,0.4903451879534775,0.4943874382786226,0.4983660721695383,0.5022825796823915,0.5061384046993914,0.5099349467035909
0.26306306306306304,0.05682883645359602,0.014357903390023501,0.008287447839522366,0.005856968862516869,0.004546428929446027,0.0037258187836766627,0.0031630280764158064,0.48795525647604954,0.4920632740788747,0.49610590092959655,0.5000846860188657,0.5040011297968331,0.5078566860597528,0.5116527637492743
0.2648648648648649,0.05675646860778089,0.01434027489964586,0.008277620800981551,0.0058502491856101515,0.004541372051826809,0.0037217925179339984,0.0031596995883757762,0.4896612889224429,0.4937698191354854,0.4978127254354939,0.5017915676421305,0.5057078565296856,0.5095630557397092,0.5133585836048288
0.26666666666666666,0.056685323755804005,0.014322950397850094,0.008267966507653109,0.005843649790625729,0.004536407235703349,0.0037178407016515186,0.003156433519726926,0.4913559943670719,0.4954649390066427,0.49950802960854457,0.5034868367505145,0.5074028814611284,0.5112576371585051,0.5150525314986885
0.26846846846846845,0.05661537816619626,0.014305923968229906,0.00825848158790586,0.005837168323657485,0.004531532674995509,0.0037139618710211953,0.003153228640852165,0.49303948522710267,0.4971487480295992,0.5011919296763675,0.5051706114322526,0.5090863245102675,0.5129405520364092,0.5167347309226423
0.2702702702702703,0.056546608708715765,0.014289189844430488,0.00824916275570204,0.005830802490598054,0.004526746609578064,0.0037101545995010332,0.0031500837534559024,0.4947118724371759,0.4988213590212224,0.5028645403085203,0.5068430081800414,0.5107583039634038,0.5146119204238448,0.5184053036618325
0.27207207207207207,0.05647899283537756,0.014272742405411827,0.00824000680788961,0.005824550055293412,0.004522047323802775,0.0037064174966343144,0.0031469976895775065,0.49637326547376115,0.5004828833031784,0.5045259746425167,0.5085041419178904,0.5124189365017263,0.5162718607299241,0.5200643698241305
0.2738738738738739,0.056412508562202125,0.014256576170891218,0.008231010621636161,0.005818408837677289,0.004517433145113071,0.0037027492069206603,0.0031439693106363976,0.49802377237903406,0.5021334307266185,0.5061763443093238,0.5101541260274377,0.5140683372284421,0.5179204897503995,0.5217120478689115
0.2756756756756757,0.05634713445164863,0.014240685796956936,0.00822217115186966,0.005812376712059364,0.004512902442707427,0.0036991484087201304,0.003140997506518385,0.4996634997842855,0.5037731096963769,0.5078157594583532,0.5117930723737333,0.5157066196953602,0.5195579226950445,0.5233484546352348
0.2774774774774775,0.05628284959570318,0.01422506607184526,0.008213485428924416,0.005806451605422305,0.004508453626222716,0.003695613813204395,0.0031380811946809207,0.501292552932875,0.5054020271946926,0.5094443287819554,0.5134210913305102,0.5173338959289377,0.5211842732144817,0.524973705369453
0.2792792792792793,0.05621963359959438,0.014209711911874954,0.00820495055618856,0.0058006314957947305,0.004504085144515454,0.003692144163344449,0.00313521931932286,0.5029110357027357,0.5070202888044669,0.5110621595394301,0.5150382918049504,0.5189502764558047,0.5227996534264651,0.5265879137522541
0.2810810810810811,0.056157466566109406,0.014194618357530457,0.008196563707868905,0.005794914410708848,0.004499795484440143,0.0036887382329382806,0.0031324108505446724,0.5045190506284444,0.5086279987320648,0.5126693575805639,0.5166447812619592,0.5205558703277777,0.5244041739416337,0.5281911919251573
0.2828828828828829,0.056096329080482926,0.014179780569689587,0.008188322126855814,0.005789298425678197,0.004495583169683063,0.003685394825671603,0.0031296547835717127,0.5061166989228639,0.5102252598296729,0.514266027368704,0.5182406657479594,0.5221507851463733,0.5259979438887487,0.5297836505164712
0.28468468468468466,0.0560362021958372,0.014165193825987576,0.008180223122626973,0.00578378166273468,0.004491446759707568,0.003682112774212154,0.0031269501379888676,0.5077040804983696,0.5118121736172231,0.5158522720033827,0.5198260499142157,0.5237351270868369,0.527581070939424,0.5313653986667303
0.2864864864864865,0.055977067419147236,0.014150853517313138,0.008172264069279733,0.005778362289113516,0.004487384848571553,0.0036788909393400083,0.003124295957007599,0.5092812939876666,0.5133888403038911,0.5174281932424984,0.5214010370397008,0.5253090009216931,0.5291536613323634,0.5329365440536172
0.2882882882882883,0.055918906697711,0.014136755144430706,0.008164442403551566,0.005773038515747064,0.00448339606401996,0.0036757282091061105,0.0031216913067650316,0.5108484367642108,0.5149553588091808,0.518993891524066,0.522965729053513,0.5268725100438317,0.5307158198971167,0.534497192916389
0.2900900900900901,0.05586170240610295,0.014122894314722245,0.008156755623013767,0.005767808596096681,0.004479479066392789,0.003672623498021792,0.0031191352756344865,0.5124056049622372,0.5165118267836024,0.5205494659875451,0.5245202265568558,0.5284257564891406,0.532267650077363,0.5360474500798132
0.2918918918918919,0.05580543733358946,0.014109266739046143,0.008149201284243996,0.0057626708249063985,0.00447563254769247,0.0036695757462804146,0.0031166269735770314,0.5139528934964099,0.5180583406289548,0.5220950144947561,0.5260646288445898,0.5299688409586918,0.5338092539537355,0.5375874189776289
0.2936936936936937,0.05575009467198992,0.014095868228705788,0.008141777001126995,0.005757623536870291,0.004471855230664607,0.0036665839190000993,0.0031141655314998696,0.5154903960810975,0.5195949955182189,0.5236306336503944,0.5275990339263655,0.5315018628404969,0.5353407322661957,0.5391172016755411
0.29549549549549553,0.055695658003961764,0.014082694692525226,0.008134480443138121,0.00575266510559193,0.0044681458678831965,0.0036636470054979275,0.0031117501006510274,0.5170182052492857,0.5211218854150733,0.5251564188221491,0.529123538547349,0.5330249202308367,0.5368621844359698,0.5406368988937633
0.2972972972972973,0.05564211129169487,0.014069742134026404,0.008127309333790054,0.005747793942398707,0.00446450324090375,0.0036607640185872176,0.0031093798520215954,0.5185364123711317,0.5226391030930388,0.5266724641604371,0.5306382382085449,0.5345381099551756,0.5383737085870537,0.5421466100291116
0.2990990990990991,0.05558943886599757,0.014057006648704573,0.008120261449029933,0.005743008495262261,0.004460926159415005,0.0036579339939019073,0.0031070539757930755,0.5200451076721722,0.52414674015426,0.5281788626177618,0.5321432271867328,0.5360415275886736,0.5398754015673004,0.543646433176669
0.30090090090090094,0.05553762541575828,0.014044484421396655,0.00811333461576905,0.005738307247755845,0.0044574134604337436,0.003655155989241186,0.0031047716807581782,0.5215443802511884,0.5256448870479327,0.5296757059677017,0.5336385985540171,0.5375352674763003,0.5413673589690968,0.5451364651510234
0.3027027027027027,0.055486655977767994,0.014032171723741207,0.008106526710424555,0.005733688718034907,0.004453964007529969,0.003652429083936989,0.003102532193828262,0.5230343180977381,0.527133633088384,0.5311630848235404,0.5351244441970062,0.5390194227525612,0.5428496751496387,0.5466168015070904
0.3045045045045045,0.05543651592688955,0.014020064911723615,0.008099835657494947,0.005729151457864123,0.004450576690084418,0.0036497523782452424,0.0031003347594714997,0.524515008109363,0.528613066472816,0.5326410886565442,0.5366008548356276,0.5404940853608496,0.5443224432508177,0.548087536560535
0.3063063063063063,0.055387190966607755,0.014008160423305294,0.008093259428243411,0.005724694051657002,0.004447250422546313,0.0036471249927542138,0.003098178639275005,0.525986536108474,0.5300832742987126,0.5341098058138947,0.5380679200415812,0.5419593460724228,0.5457857552187199,0.5495487634077915
0.3081081081081081,0.05533866711971134,0.01399645477613184,0.008086796039386715,0.00572031511560148,0.004443984143727073,0.0036445460678181663,0.003096063111413432,0.5274489868589265,0.5315443425809269,0.5355693235362853,0.5395257282564493,0.543415294505022,0.5472397018227552,0.5510005739457022
0.30990990990990996,0.05529093071955127,0.01398494456531856,0.008080443551798298,0.0057160132967077094,0.004440776816138652,0.0036420147630047417,0.0030939874702193516,0.5289024440822884,0.5329963562684477,0.5370197279751878,0.54097436680946,0.5448620191411345,0.5486843726744179,0.552443058890774
0.3117117117117117,0.05524396840142924,0.013973626461309412,0.008074200069315014,0.005711787272026512,0.004437627425344767,0.003639530256562194,0.003091951025722604,0.53034699047381,0.5344393992608572,0.5384611042097969,0.5424139219349192,0.5462996073459125,0.5501198562456903,0.5538763077980666
0.31351351351351353,0.05519776709430133,0.01396249720780705,0.008068063737552485,0.005707635747768589,0.0044345349792863165,0.0036370917449059592,0.003089953103215819,0.5317827077181025,0.5358735544244847,0.5398935362636598,0.543844478789317,0.5477281453847533,0.5515462398870972,0.5553004090797209
0.3153153153153153,0.05515231401275747,0.013951553619770247,0.008062032742757581,0.005703557458554188,0.004431498507716767,0.0036346984421209744,0.0030879930428500913,0.5332096765045257,0.5372989036082603,0.5413171071209955,0.5452661214681098,0.5491477184405461,0.5529636098454159,0.5567154500231288
0.31711711711711715,0.05510759664926463,0.013940792581477892,0.008056105310699002,0.0056995511665926925,0.0044285170615764625,0.003632349579478682,0.003086070199202341,0.5346279765423004,0.5387155276592823,0.5427318987427155,0.5466789330221958,0.5505584106306001,0.554372051281055,0.5581215168087645
0.31891891891891894,0.055063602766660794,0.013930211044655083,0.008050279705622474,0.005695615660969211,0.004425589712418243,0.003630044404975068,0.003084183940922612,0.5360376865753439,0.5401235064380947,0.5441379920821463,0.5480829954740798,0.5519603050232504,0.5557716482851033,0.5595186945276717
0.3207207207207207,0.05502032039089237,0.01391980602666043,0.008044554229163852,0.005691749756894475,0.004422715551876503,0.0036277821828760238,0.003082333650323605,0.5374388843968354,0.5415229188336896,0.5455354671004637,0.5494783898337402,0.5533534836541597,0.5571624838960593,0.5609070671986228
0.3225225225225225,0.05497773780398553,0.013909574608731164,0.008038927219412762,0.005687952295049084,0.004419893691113365,0.0036255621932851207,0.003080518723027075,0.5388316468635227,0.5429138427782353,0.5469244027818453,0.5508651961142054,0.5547380275423123,0.5585446401162484,0.5622867177849561
0.32432432432432434,0.05493584353724198,0.01389951393428517,0.008033397049893476,0.005684222140887342,0.004417123260301731,0.003623383731715113,0.0030787385676052737,0.5402160499097669,0.5442963552615365,0.5483048771483447,0.5522434933468394,0.5561140167057151,0.5599181979279336,0.5636577282110942
0.3261261261261261,0.05489462636465101,0.013889621207276135,0.008027962128676656,0.005680558183903577,0.004414403408112737,0.0036212461086891274,0.0030769926052428564,0.5415921685613381,0.5456705323452351,0.5496769672744958,0.5536133595963502,0.5574815301768068,0.5612832373091249,0.5650201793787539
0.32792792792792796,0.054854075296510874,0.01387989369060159,0.008022620897409048,0.005676959337138425,0.004411733301244273,0.003619148649336831,0.00307528026939636,0.5429600769489624,0.5470364491767535,0.5510407493016516,0.5549748719755233,0.5588406460175843,0.5626398372490984,0.5663741511828556
0.3297297297297297,0.0548141795732495,0.01387032870456038,0.008017371830457205,0.005673424536467369,0.004409112123935164,0.003617090693013382,0.003073601005482421,0.5443198483216289,0.5483941800029871,0.5523962984520634,0.5563281066596849,0.5601914413344501,0.5639880757636261,0.5677197225271335
0.33153153153153153,0.05477492865944045,0.013860923625359019,0.00801221343410406,0.005669952739999706,0.004406539077514632,0.003615071592930777,0.0030719542705498954,0.5456715550596594,0.5497437981837533,0.5537436890427065,0.5576731389009049,0.5615339922927906,0.565328029909927,0.5690569713394589
0.33333333333333337,0.054736312238003834,0.013851675883664236,0.008007144245653519,0.005666542927596845,0.004404013379951666,0.0036130907157954717,0.0030703395329958628,0.5470152686875449,0.5510853762049978,0.5550829944988555,0.5590100430419389,0.5628683741312841,0.5666597758013419,0.5703859745868782
0.33513513513513515,0.05469832020458701,0.013842582963200512,0.0080021628326559,0.005663194100159363,0.0044015342654478385,0.0036111474414608964,0.0030687562722631857,0.5483510598865575,0.5524189856917678,0.5564142873674176,0.5603388925299223,0.5641946611759533,0.5679833886217399,0.5717068082903755
0.33693693693693694,0.054660942662119245,0.013833642399390871,0.007997267792142111,0.005659905279265266,0.004399100983985723,0.003609241162589681,0.0030672039785575467,0.5496789985071384,0.5537446974209531,0.5577376393300271,0.5616597599298148,0.5655129268539592,0.5692989426396629,0.5730195475393616
0.3387387387387388,0.054624169915532456,0.013824851778038954,0.007992457749875621,0.00565667550648912,0.004396712800956976,0.0036073712843286737,0.0030656821525602324,0.5509991535810691,0.5550625813338032,0.5590531212159061,0.5629727169376046,0.5668232437071479,0.5706065112222114,0.5743242665059005
0.34054054054054056,0.05458799246664296,0.013816208734052014,0.007987731359593915,0.0056535038429793094,0.004394368996742329,0.0036055372239799056,0.003064190305196604,0.5523115933334282,0.5563727065482218,0.5603608030144964,0.5642778343932761,0.5681256834053514,0.5719061668486785,0.5756210384586732
0.34234234234234234,0.054552401009189545,0.013807710950202072,0.007983087302341381,0.005650389368938532,0.004392068866356774,0.003603738410716658,0.0030627279573349603,0.5536163851943402,0.5576751413708463,0.5616607538878675,0.5655751822935458,0.569420316759451,0.5731979811239377,0.5769099357766888
0.3441441441441442,0.054517386424018995,0.013799356155924536,0.007978524285745732,0.0056473311831301155,0.004389811719081799,0.0036019742852617027,0.003061294639567058,0.5549135958105198,0.5589699533089147,0.5629530421829064,0.5668648298043722,0.570707213734206,0.5744820247915897,0.5781910299627466
0.34594594594594597,0.05448293977441896,0.013791142126153478,0.00797404104336866,0.005644328402464157,0.0043875968780769615,0.0036002442996092565,0.0030598898919433743,0.5562032910566138,0.5602572090819241,0.5642377354432898,0.5681468452732428,0.5719864434608516,0.5757583677468697,0.5794643916566533
0.34774774774774775,0.05444905230158836,0.013783066680190643,0.007969636334096404,0.005641380161463792,0.004385423680094916,0.0035985479167419993,0.0030585132637543128,0.5574855360463497,0.5615369746330874,0.5655149004212493,0.5694212962412437,0.5732580742494755,0.5770270790493282,0.5807300906482038
0.34954954954954953,0.05441571542024237,0.013775127680609194,0.007965308941442761,0.005638485611952047,0.004383291475063365,0.003596884610358627,0.0030571643132883642,0.5587603951434875,0.5628093151405886,0.5667846030891281,0.5706882494549174,0.5745221736011716,0.5782882269352806,0.581988195889926
0.35135135135135137,0.05438292071434872,0.013767323032189176,0.007961057672993916,0.005635643922466516,0.004381199625836416,0.003595253864609777,0.0030558426076201517,0.560027931972588,0.5640742950286454,0.5680469086507369,0.571947770877911,0.575778808219981,0.5795418788300377,0.583238775509599
0.35315315315315315,0.054350659932987974,0.013759650680884535,0.007956881359814982,0.0056328542779864,0.0043791475078176325,0.0035936551738410733,0.003054547722384829,0.5612882094295906,0.5653319779783775,0.5693018815525105,0.5731999257024201,0.5770280440246194,0.5807881013599169,0.584481896822546
0.354954954954955,0.05431892498633588,0.013752108612820422,0.007952778855854468,0.005630115879485713,0.004377134508700697,0.0035920880423432966,0.003053279241575121,0.5625412896922153,0.5665824269384908,0.5705495854944737,0.574444778360433,0.5782699461600022,0.5820269603640428,0.5857176263437097
0.3567567567567568,0.05428770794176231,0.013744694853319606,0.007948749037418141,0.005627427943481572,0.004375160028171462,0.0035905519841150646,0.003052036757345349,0.5637872342301822,0.5678257041357734,0.5717900834410129,0.5756823925347782,0.5795045790085613,0.5832585209059367,0.58694602979951
0.35855855855855856,0.054257001020043535,0.01373740746595753,0.00794479080260424,0.00562478970178545,0.004373223477542796,0.0035890465226221997,0.003050819869790103,0.5650261038152611,0.5690618710854166,0.5730234376314663,0.5769128311699809,0.5807320062013703,0.5844828472849037,0.588167172139495
0.36036036036036034,0.05422679659168329,0.013730244551643558,0.007940903070793077,0.005622200401038732,0.004371324279563612,0.0035875711905737824,0.0030496281867791026,0.5662579585311476,0.5702909886011555,0.574249709590528,0.5781361564829305,0.5819522906290705,0.58570000304722,0.589381117547784
0.3621621621621622,0.05419708717334008,0.013723204247729959,0.007937084782137267,0.0056196593023985575,0.0043694618681167875,0.003586125529700168,0.0030484613237614167,0.5674828577831734,0.5715131168052392,0.5754689601384755,0.5793524299733632,0.58316549445261,0.5869100509971229,0.5905879294543088
0.36396396396396397,0.05416786542435592,0.013716284727145572,0.007933334897051787,0.005617165681111052,0.004367635687935856,0.0035847090905329893,0.0030473189035711595,0.5687008603078519,0.572728315138229,0.5766812494012211,0.5805617124341652,0.5843716791137941,0.5881130532076095,0.5917876705458583
0.36576576576576575,0.05413912414338451,0.0137094841975541,0.007929652395782805,0.005614718826344186,0.0043658451943656374,0.003583321432206029,0.003046200556285683,0.5699120241822643,0.573936642368633,0.577886636820193,0.5817640639614973,0.5855709053456553,0.5893090710310479,0.59298040277693
0.3675675675675676,0.054110856265113326,0.0137028009005365,0.007926036277867301,0.005612318040719219,0.004364089853102865,0.003581962122242202,0.003045105919009369,0.5711164068332859,0.5751381566023769,0.5790851811620467,0.5829595439647485,0.5867632331826429,0.5904981651096042,0.5941661873803896
0.36936936936936937,0.05408305485707971,0.013696233110796246,0.00792248556175379,0.00560996264002102,0.00436236913996397,0.003580630736364958,0.0030440346357489185,0.5723140650466602,0.5763329152921128,0.5802769405282112,0.5841482111763148,0.5879487219706374,0.5916803953854871,0.5953450848779477
0.3711711711711712,0.05405571311657524,0.013689779135386904,0.00791899928428725,0.005607651952925785,0.004360682540628396,0.0035793268583007576,0.00304298635722487,0.5735050549759204,0.5775209752463762,0.5814619723642764,0.5853301236612175,0.5891274303767947,0.5928558211110185,0.5965171550904531
0.37297297297297294,0.05402882436763599,0.01368343731296116,0.007915576500368036,0.0056053853206794926,0.004359029550445822,0.00357805007959322,0.0030419607407401778,0.5746894321511625,0.5787023926385854,0.5826403334692191,0.5865053388265534,0.5902994163992199,0.5940245008585296,0.5976824571480085
0.3747747747747748,0.05400238205811762,0.013677206013040835,0.00791221628245477,0.005603162096815471,0.004357409674163394,0.003576799999424935,0.003040957449993632,0.575867251487672,0.579877223015891,0.583812080004474,0.5876739134307855,0.5914647373764765,0.595186492530085,0.5988410494999096
0.3765765765765766,0.05397637975684966,0.013671083635307002,0.00790891772018936,0.005600981646803893,0.004355822425744139,0.0035755762244423462,0.0030399761549651278,0.5770385672944099,0.5810455213078809,0.5849772675028551,0.5888359035928794,0.5926234499969363,0.596341853367045,0.5999929899244166
0.3783783783783784,0.05395081115086992,0.013665068608909765,0.00790567992004741,0.005598843347997016,0.004354267328150966,0.0035743783685696796,0.0030390165317536145,0.5782034332823555,0.5822073418351358,0.5861359508773234,0.5899913648012824,0.5937756103079662,0.5974906399594596,0.6011383355383547
0.3801801801801802,0.0539256700427323,0.013659159391796547,0.007902502004863452,0.005596746588969454,0.004352743913132371,0.0035732060528627253,0.003038078262441417,0.5793619025727144,0.5833627383176477,0.5872881844296127,0.5911403519227542,0.5949212737249644,0.598632908255307,0.6022771428065516
0.38198198198198197,0.05390095034788993,0.013653354470059172,0.007899383113550254,0.005594690769763504,0.004351251721020101,0.003572058905347191,0.003037161034957309,0.5805140277049908,0.5845117638830947,0.5884340218587084,0.5922829192110474,0.5960604950402405,0.5997687135695717,0.6034094675511137
0.3837837837837838,0.053876646092148116,0.013647652357298368,0.007896322400659168,0.005592675301107535,0.0043497903005497475,0.003570936560835799,0.003036264542946825,0.5816598606449273,0.5856544710749831,0.5895735162691875,0.5934191203154459,0.5971933284317494,0.6008981105931732,0.604535364960545
0.3855855855855856,0.053852751409186564,0.0136420515940053,0.007893319036101132,0.005590699604575493,0.004348359208658915,0.003569838660799962,0.0030353884856387154,0.5827994527923146,0.5867909118606531,0.5907067201794197,0.5945490082891578,0.5983198274716757,0.6020211534017387,0.6056548895987098
0.3873873873873874,0.053829260538147766,0.013636550746960446,0.007890372204748879,0.005588763112169413,0.004346958010307267,0.003568764853211432,0.0030345325677237434,0.5839328549886762,0.5879211376391544,0.5918336855296338,0.5956726355975713,0.5994400451348768,0.6031378954642329,0.6067680954136453
0.3891891891891892,0.053806167821289996,0.013631148408647145,0.007887481106106074,0.005586865266106379,0.004345586278296176,0.003567714792394784,0.0030336964992260396,0.5850601175248248,0.5890451992489925,0.5929544636898494,0.596790054126372,0.6005540338071842,0.6042483896514409,0.6078750357462236
0.390990990990991,0.05378346770170332,0.013625843196682664,0.007884644954023745,0.005585005518581352,0.004344243593096803,0.003566688138891383,0.0030328799954008373,0.5861812901482999,0.5901631469757487,0.5940691054676814,0.5979013151895277,0.6016618452935668,0.605352688244309,0.6089757633386704
0.3927927927927928,0.05376115472108486,0.013620633753262373,0.007881862976336973,0.0055831833316253455,0.004342929542678945,0.003565684559315036,0.003032082776591663,0.587296422070682,0.5912750305595765,0.5951776611160139,0.5990064695371403,0.6027635308261595,0.6064508429421468,0.6100703303429379
0.3945945945945946,0.05373922351757433,0.013615518744620365,0.007879134414600197,0.00558139817675139,0.004341643722342771,0.0035647037262264937,0.0030313045681424106,0.5884055619747915,0.5923808992025766,0.5962801803405511,0.6001055673631693,0.6038591410721581,0.6075429048706937,0.6111587883289399
0.3963963963963964,0.05371766882364535,0.013610496860502752,0.00787645852373921,0.00557964953487855,0.004340385734565204,0.003563745317993099,0.003030545100278051,0.58950875802177,0.5934808015760503,0.5973767123072418,0.6011986583130282,0.604948726141584,0.6086289245900489,0.6122411882926473
0.3981981981981982,0.053696485464052,0.013605566813655894,0.007873834571771978,0.005577936896029954,0.00433915518883635,0.003562809018677607,0.0030298041079948996,0.5906060578580502,0.5945747858276401,0.5984673056495889,0.602285791491058,0.6060323355949228,0.6097089521024739,0.613317580664052
0.4,0.05367566835382909,0.013600727339327283,0.00787126183960239,0.0055762597592131325,0.004337951701509317,0.0035618945178898438,0.003029081330960613,0.5916975086222115,0.5956628995883514,0.5995520084758342,0.603367015467877,0.6071100184506348,0.6107830368600626,0.6143880153149944
0.4018018018018018,0.053655212496344494,0.01359597719477953,0.007868739620593075,0.005574617632182493,0.004336774895653618,0.0035610015106890703,0.0030283765134140007,0.5927831569517286,0.5967451899794625,0.6006308683760312,0.6044423782876119,0.6081818231925459,0.6118512277722877,0.6154525415668647
0.4036036036036036,0.05363511298140114,0.013591315158816999,0.007866267220432837,0.005573010031252577,0.004335624400903864,0.0035601296974576064,0.003027689404063251,0.5938630489896125,0.5978217036193265,0.6017039324290031,0.6055119274750131,0.6092477977771145,0.6129135732134222,0.6165112081981757
0.40540540540540543,0.05361536498338794,0.013586740031324745,0.007863843956796988,0.0055714364811102314,0.00433449985333491,0.0035592787837824664,0.0030270197559900203,0.5949372303909456,0.5988924866300612,0.6027712472091891,0.6065757100424528,0.6103079896405837,0.6139701210298398,0.6175640634520112
0.4072072072072072,0.053595963759478595,0.013582250632818513,0.007861469159118117,0.005569896514630325,0.004333400895296705,0.0035584484803506634,0.0030263673265587144,0.5960057463293126,0.5999575846441338,0.603832858793379,0.6076337724968104,0.6113624457060144,0.6150209185471953,0.6186111550433517
0.409009009009009,0.05357690464787521,0.01357784580400732,0.007859142168352325,0.005568389672750989,0.0043323271753083715,0.0035576385028388557,0.0030257318773214215,0.5970686415031327,0.6010170428108427,0.6048888127673435,0.6086861608462496,0.6124112123902062,0.6160660125774896,0.6196525301662813
0.41081081081081083,0.05355818306609761,0.01357352440536641,0.007856862336674248,0.005566915504248561,0.004331278347911963,0.003556848571805572,0.0030251131739357385,0.5981259601418891,0.6020709058026927,0.6059391542323563,0.6097329206068836,0.6134543356105068,0.6171054494260183,0.6206882355010748
0.4126126126126126,0.053539794509315036,0.01356928531672089,0.007854629027321163,0.005565473565634939,0.004330254073549874,0.003556078412588854,0.0030245109860658837,0.5991777460122621,0.6031192178216742,0.6069839278116135,0.6107740968093357,0.6144918607915102,0.6181392748982096,0.6217183172211714
0.41441441441441446,0.05352173454871993,0.013565127436840319,0.007852441614291328,0.005564063420886064,0.004329254018438105,0.00355532775520576,0.003023925087310911,0.6002240424241672,0.6041620226054396,0.6080231776565506,0.6118097340051949,0.6155238328716497,0.61916753430635,0.6227428210000354
0.41621621621621624,0.05350399882994274,0.013561049683043343,0.00785029948217578,0.005562684641362828,0.004328277854450621,0.0035545963342557786,0.003023355255113975,0.6012648922366965,0.605199363433385,0.6090569474530607,0.6128398762733681,0.6165502963096833,0.6201902724762031,0.6237617920179026
0.418018018018018,0.053486583071506236,0.013557050990811803,0.00784820202589179,0.005561336805676624,0.0043273252589961985,0.0035538838888229396,0.0030228012706863417,0.6023003378639703,0.6062312831326357,0.610085280427614,0.6138645672263321,0.617571295091077,0.6212075337535212,0.6247752749684223
0.4198198198198198,0.05346948306331741,0.013553130313414936,0.007846148650492902,0.0055600194995059395,0.004326395914904896,0.003553190162384835,0.003022262918927725,0.6033304212808955,0.6072578240839378,0.61110821935328,0.6148838500162864,0.6185868727342848,0.6222193620104535,0.6257833140651885
0.42162162162162165,0.053452694665198065,0.01354928662154258,0.007844138770948472,0.005558732315431517,0.004325489510318922,0.0035525149027190012,0.0030217399883521218,0.6043551840288364,0.6082790282274587,0.6121258065556571,0.6158977673412094,0.6195970722969312,0.6232258006518503,0.6267859530481676
0.42342342342342343,0.053436213805450314,0.013545518902947449,0.007842171811968952,0.005557474852880479,0.004324605738578228,0.0035518578618172676,0.0030212322710062895,0.6053746672211967,0.6092949370684972,0.6131380839187083,0.6169063614508178,0.6206019363818935,0.624226892621469,0.6277832351900243
0.42522522522522527,0.05342003647945776,0.013541826162096331,0.007840247207763329,0.005556246717750187,0.004323744298117898,0.0035512187957985287,0.003020739562404292,0.606388911548917,0.6103055916831045,0.614145092890506,0.6179096741524346,0.6216015071432903,0.6252226804080798,0.6287752033023438
0.427027027027027,0.05340415874832086,0.013538207419829456,0.007838364401862283,0.005555047522644557,0.004322904892363469,0.0035505974648214,0.0030202616614563183,0.6073979572858856,0.6113110327236188,0.6151468744888868,0.6189077468167627,0.6225958262923726,0.6262132060514746,0.6297618997417571
0.42882882882882883,0.05338857673752557,0.013534661713028813,0.00783652284695654,0.005553876886430355,0.004322087229625063,0.003549993633005058,0.0030197983703943282,0.6084018442942688,0.6123113004241144,0.6161434693070205,0.6199006203835711,0.6235849351033264,0.6271985111483827,0.6307433664159678
0.4306306306306307,0.05337328663564381,0.013531188094293385,0.007834722004675672,0.005552734434306499,0.004321291023008822,0.003549407068349957,0.00301934949470904,0.6094006120297577,0.6133064346057668,0.6171349175188897,0.620888335367289,0.6245688744189795,0.6281786368582907,0.631719644789684
0.43243243243243246,0.053358284693065756,0.013527785631623854,0.00783296134539554,0.005551619797442072,0.004320515990305981,0.0035488375426548447,0.0030189148430830315,0.610394299546736,0.6142964746821356,0.6181212588846875,0.6218709318625169,0.6255476846564241,0.629153623909173,0.6326907758904553
0.43423423423423424,0.05334356722076223,0.013524453408113113,0.007831240348135855,0.005550532613166102,0.004319761853912585,0.00354828483144506,0.0030184942273247923,0.6113829455033686,0.6152814596643656,0.6191025327561309,0.6228484495494492,0.6265214058125476,0.6301235126031314,0.6336568003144194
0.436036036036036,0.05332913058907687,0.013521190521645481,0.007829558500300473,0.005549472524591465,0.004319028340723079,0.003547748713896562,0.0030180874623096294,0.6123665881666139,0.6162614281663111,0.6200787780816925,0.623820927699214,0.6274900774694797,0.6310883428219467,0.6346177582319564
0.43783783783783786,0.05331497122654695,0.013517996084602468,0.007827915297566244,0.005548439180592161,0.004318315182057323,0.0035472289727594974,0.0030176943659143535,0.6133452654171588,0.6172364184095777,0.621050033411752,0.6247884051791313,0.628453738799954,0.6320481540325437,0.6355736893932561
0.43963963963963965,0.053301085618752554,0.013514869223575792,0.00782631024369364,0.005547432235769113,0.004317622113553449,0.0035467253942944904,0.0030173147589604666,0.6143190147542806,0.6182064682284923,0.6220163369036692,0.6257509204578888,0.6294124285725881,0.6330029852923708,0.6365246331337974
0.44144144144144143,0.053287470307192365,0.01351180907908689,0.00782474285039352,0.0055464513501176805,0.004316948875107077,0.003546237768194087,0.0030169484651544182,0.6152878733006348,0.6191716150749944,0.6229777263267797,0.6267085116106397,0.6303661851570792,0.633952875254697,0.637470628379742
0.44324324324324327,0.05327412188818628,0.013508814805313454,0.00782321263712766,0.005545496189188315,0.004316295210756715,0.0035457658875225496,0.003016595311030601,0.6162518778069711,0.6201318960234549,0.6239342390673138,0.6276612163240217,0.6313150465293234,0.6348978621738263,0.6384117136532443
0.44504504504504505,0.05326103701180385,0.013505885569821938,0.007821719130998208,0.005544566423778191,0.004315660868624512,0.0035453095486467196,0.0030162551258965387,0.6172110646567787,0.6210873477754216,0.6248859121332427,0.6286090719010997,0.6322590502764537,0.635837983910231,0.6393479270776796
0.44684684684684683,0.05324821238081751,0.01350302055330694,0.007820261866572031,0.005543661729931465,0.0043150456008426465,0.003544868551170104,0.0030159277417794845,0.6181654698708625,0.622038006664294,0.6258327821590479,0.629552115266233,0.633198233601802,0.6367732779356075,0.6402793063827896
0.4486486486486487,0.05323564474968015,0.013500218949335634,0.007818840385759258,0.005542781788785279,0.004314449163442384,0.003544442697871464,0.003015612993369895,0.6191151291118506,0.6229839086599266,0.6267748854104221,0.6304903829698678,0.634132633329785,0.637703781337852,0.64120588890975
0.45045045045045046,0.05322333092352663,0.013497479964099144,0.007817454237638053,0.005541926286491353,0.004313871316312461,0.0035440317946446543,0.003015310717972357,0.6200600776886355,0.6239250893731663,0.6277122577888987,0.6314239111932605,0.635062285910716,0.6386295308259641,0.6421277116161607
0.4522522522522523,0.05321126775719823,0.013494802816169342,0.007816102978354555,0.005541094914151112,0.004313311823106585,0.003543635650433141,0.0030150207554552966,0.6210003505607478,0.624861584060317,0.6286449348364085,0.6323527357531239,0.6359872274255429,0.6395505627348695,0.6430448110809559
0.4540540540540541,0.053199452154289305,0.013492186736260847,0.007814786170955546,0.005540287367630442,0.004312770451183421,0.0035432540771765304,0.0030147429481997634,0.6219359823426671,0.6257934276275435,0.6295729517397727,0.6332768921062093,0.6369074935905152,0.6404669130301756,0.6439572235092429
0.45585585585585586,0.05318788106621611,0.013489630967003301,0.007813503385280703,0.0055395033475688395,0.0043122469715133815,0.003542886889750907,0.0030144771410539773,0.622867007308068,0.6267206546352053,0.6304963433351256,0.6341964153538149,0.6378231197617799,0.6413786173128492,0.6448649847370643
0.45765765765765765,0.053176551491306775,0.013487134762707416,0.007812254197813189,0.005538742559261948,0.00431174115863556,0.0035425339059119865,0.0030142231812801,0.6237934593940039,0.6276432993021288,0.6314151441122728,0.6351113402462306,0.6387341409399073,0.6422857108238275,0.6457681302360893
0.4594594594594595,0.0531654604739116,0.01348469738913833,0.007811038191564954,0.005538004712476816,0.004311252790571112,0.0035421949462431613,0.0030139809185156475,0.6247153722050292,0.6285613955098149,0.6323293882189837,0.6360217011871121,0.639640591774351,0.6431882284485565,0.6466666951182316
0.46126126126126127,0.053154605103534515,0.013482318123312432,0.00780985495594815,0.005537289521542992,0.004310781648770079,0.003541869834096529,0.0030137502047250042,0.6256327790172613,0.6294749768065862,0.6332391094652211,0.6369275322377945,0.6405425065678386,0.6440862047214624,0.6475607141401998
0.46306306306306305,0.05314398251398256,0.013479996253279336,0.00780870408665473,0.005536596705107738,0.004310327518036917,0.003541558395544962,0.00301353089415208,0.6265457127823837,0.6303840764116716,0.6341443413273081,0.6378288671215376,0.6414399192806987,0.6449796738303556,0.6484502217079768
0.46486486486486484,0.053133589882535956,0.013477731077914659,0.007807585185545124,0.005535925986161673,0.004309890186468324,0.003541260459330104,0.003013322843283071,0.6274542061315884,0.6312887272192309,0.6350451169520318,0.6387257392277094,0.6423328635351198,0.6458686696207673,0.6493352518812321
0.4666666666666667,0.05312342442913607,0.013475521906718158,0.007806497860523628,0.005535277091832752,0.004309469445404921,0.0035409758568100925,0.003013125910802018,0.6283582913794646,0.6321889618023221,0.6359414691606903,0.6396181816159092,0.6432213726193508,0.6467532256002231,0.6502158383776686
0.4684684684684685,0.05311348341559122,0.013473368059615107,0.0078054417254294385,0.005534649753483151,0.004309065089343367,0.0035407044219136602,0.00301293995754724,0.6292580005278279,0.6330848124168097,0.636833430453076,0.6405062270200281,0.6441054794918353,0.6476333749424511,0.6510920145773031
0.4702702702702703,0.053103764144800954,0.01347126886676345,0.007804416399928428,0.005534043706499204,0.0043086769159083995,0.003540445991089729,0.0030127648464748514,0.6301533652694951,0.6339763110052147,0.6377210330114029,0.6413899078522495,0.6449852167852854,0.6485091504915279,0.6519638135266829
0.4720720720720721,0.05309426395999686,0.013469223668364021,0.007803421509399102,0.005533458690208254,0.004308304725769929,0.0035402004032621154,0.0030126004426174508,0.6310444169920045,0.634863489200512,0.6386043087041767,0.6422692562069923,0.6458606168106963,0.6493805847659636,0.6528312679430391
0.4738738738738739,0.053084980243999845,0.013467231814475749,0.007802456684837969,0.005532894447931718,0.004307948322606138,0.0035399674997826287,0.003012446613047654,0.6319311867812836,0.63574637832987,0.6394832890900074,0.6431443038647943,0.6467317115613008,0.650247709962725,0.6536944102183799
0.4756756756756757,0.053075910418495034,0.013465292664834505,0.007801521562741958,0.005532350726788863,0.004307607513038206,0.0035397471243867923,0.003012303226835068,0.6328137054252609,0.6366250094183359,0.6403580054213661,0.6440150822961405,0.6475985327164648,0.6511105579611995,0.6545532724235188
0.4774774774774775,0.05306705194332103,0.013463405588676107,0.007800615785021494,0.0055318272776864975,0.004307282106569562,0.0035395391231495105,0.0030121701550155683,0.6336920034174308,0.6374994131924705,0.6412284886482893,0.6448816226652349,0.648461111645529,0.6519691603271023,0.6554078863120484
0.47927927927927927,0.053058402315775376,0.013461569964563474,0.00779973899889189,0.005531323855180292,0.004306971915543602,0.003539343344445484,0.003012047270552471,0.6345661109603622,0.6383696200839278,0.6420947694220275,0.6457439558337169,0.6493194794115893,0.6528235483163232,0.6562582833242508
0.4810810810810811,0.05304995906993541,0.013459785180216477,0.007798890856782949,0.005530840217536914,0.00430667675509544,0.003539159638903769,0.003011934448302722,0.6354360579691608,0.6392356602329851,0.6429568780986415,0.6466021123643243,0.6501736667752264,0.6536737528787188,0.6571044945909532
0.4828828828828829,0.05304171977599321,0.013458050632346967,0.007798071016239511,0.005530376126546848,0.004306396443086422,0.003538987859359561,0.0030118315649809075,0.6363018740748806,0.6400975634920211,0.643814844742548,0.6474561225245024,0.6510237041981783,0.6545198046618491,0.6579465509373249
0.4846846846846847,0.05303368203960515,0.01345636572649638,0.007797279139833888,0.005529931347523442,0.004306130800069363,0.0035388278608347035,0.0030117384991244895,0.6371635886278872,0.6409553594289458,0.6446686991300133,0.6483060162899631,0.6518696218469617,0.655361734014659,0.6587844828866202
0.4864864864864865,0.053025843501255734,0.013454729876876537,0.007796514895072064,0.005529505649186258,0.004305879649232664,0.0035386795004835243,0.0030116551310676665,0.6380212307011737,0.6418090773305803,0.6455184707525967,0.6491518233481894,0.6527114495964382,0.6561995709911057,0.6596183206638649
0.4882882882882883,0.05301820183563429,0.013453142506215526,0.007795777954305971,0.005529098803664494,0.004305642816353118,0.0035385426375426393,0.003011581342897283,0.638874829093628,0.6426587462059885,0.6463641888205449,0.6499935731018921,0.6535492170333308,0.657033345353734,0.6604480941994894
0.4900900900900901,0.05301075475102593,0.013451603045604395,0.007795067994648146,0.00552871058643226,0.0043054201297505,0.003538417133328269,0.003011517018432655,0.6397244123332576,0.6435043947897632,0.6472058822661391,0.6508312946724161,0.65438295345969,0.6578630865772008,0.6612738331329098
0.4918918918918919,0.05300349998871459,0.013450110934349589,0.007794384697885197,0.005528340776148182,0.00430521142024119,0.0035383028511645365,0.0030114620431876482,0.6405700086803648,0.6443460515452629,0.6480435797469917,0.6516650169030969,0.6552126878963078,0.6586888238517454,0.662095566816055
0.4936936936936937,0.05299643532239942,0.013448665619826716,0.00779372775039636,0.005527989154735672,0.004305016521097588,0.003538199656362341,0.003011416304346426,0.6414116461306806,0.6451837446678057,0.6488773096492996,0.6524947683625716,0.6560384490860853,0.6595105860866134,0.6629133243168448
0.4954954954954955,0.052989558557623086,0.013447266557338267,0.007793096843071453,0.005527655507256757,0.004304835267994475,0.0035381074161928545,0.003011379690724815,0.6422493524184527,0.6460175020878157,0.6497071000910485,0.6533205773480395,0.6568602654973499,0.6603284019134285,0.6637271344226158
0.4972972972972973,0.05298286753121193,0.013445913209974092,0.007792491671231305,0.005527339621804421,0.004304667498993243,0.0035380259998305835,0.003011352092749894,0.6430831550194919,0.6468473514739279,0.6505329789251735,0.6541424718884796,0.6576781653271266,0.661142299689518,0.6645370256434987
0.4990990990990991,0.05297636011072861,0.013444605048474952,0.007791911934550738,0.005527041289598942,0.0043045130544522615,0.003537955278343266,0.0030113334024294437,0.6439130811541739,0.6476733202360462,0.6513549737426745,0.6549604797478196,0.6584921765043616,0.6619523075011878,0.6653430262157468
0.5009009009009009,0.052970034193935374,0.01344334155109864,0.007791357336981901,0.005526760304784828,0.004304371777041872,0.0035378951246432767,0.0030113235133212607,0.6447391577904021,0.6484954355283622,0.6521731118756879,0.6557746284280618,0.6593023266931007,0.6627584531669548,0.666145164105017
0.5027027027027027,0.05296388770826892,0.01344212220348917,0.007790827586679372,0.005526496464413975,0.00430424351166035,0.0035378454134609477,0.003011322320507397,0.6455614116465267,0.6493137242523289,0.652987420400516,0.6565849451723652,0.6601086432956227,0.6635607642407284,0.6669434670096029
0.5045045045045046,0.0529579186103262,0.013440946498548703,0.007790322395927648,0.005526249568496455,0.004304128105415995,0.0035378060213111357,0.003011329720570515,0.646379869194225,0.6501282130595945,0.6537979261406117,0.6573914569680822,0.6609111534555269,0.6643592680149502,0.6677379623636225
0.5063063063063064,0.05295212488536041,0.013439813936311629,0.007789841481069331,0.00552601941978673,0.0043040254075825835,0.0035377768264650555,0.0030113456115641785,0.6471945566613412,0.6509389283548951,0.6546046556695241,0.6581941905497544,0.6617098840607797,0.6651539915236876,0.6685286773401595
0.5081081081081081,0.0529465045467882,0.013438724023821957,0.007789384562435069,0.005525805823870015,0.004303935269576017,0.0035377577089170504,0.003011369892988875,0.6480055000346879,0.6517458962989081,0.6554076353138022,0.6589931724020667,0.6625048617467162,0.6659449615456847,0.6693156388543616
0.5099099099099099,0.05294105563570591,0.013437676275012704,0.007788951364275106,0.005525608589052536,0.004303857544887982,0.00353774855035419,0.003011402465764558,0.6488127250628071,0.6525491428110638,0.6562068911558562,0.6597884287627573,0.6632961128989997,0.6667322046073679,0.6700988735664923
0.5117117117117117,0.052935776220416626,0.01343667021058822,0.007788541614691922,0.005525427526319665,0.004303792089076449,0.0035377492341302098,0.0030114432322099044,0.649616257258696,0.6533486935723211,0.6570024490367828,0.6605799856254913,0.6640836636565406,0.6675157469858117,0.6708784078849419
0.5135135135135135,0.05293066439596645,0.013435705357908214,0.007788155045574491,0.005525262449302689,0.004303738759721073,0.0035377596452342203,0.0030114920960201564,0.6504161219024933,0.6541445740279028,0.6577943345591485,0.6613678687426899,0.6648675399143741,0.6682956147116611,0.6716542679691939
0.5153153153153153,0.052925718283690304,0.013434781250874588,0.007787791392534017,0.005525113174225643,0.0043036974163878396,0.0035377796702676613,0.00301154896223372,0.6512123440441303,0.6549368093899947,0.6585825730897352,0.6621521036283247,0.6656477673264971,0.6690718335720138,0.6724264797327512
0.5171171171171172,0.05292093603076699,0.013433897429821056,0.007787450394839761,0.005524979519858245,0.00430366792059676,0.003537809197405507,0.0030116137372189684,0.6520049485059445,0.6557254246404071,0.6593671897622484,0.662932715560669,0.6664243713086669,0.6698444291132615,0.6731950688460202
0.518918918918919,0.05291631580978308,0.013433053441403853,0.007787131795358583,0.005524861307482103,0.0043036501357877855,0.003537848116386561,0.0030116863286488993,0.6527939598852588,0.6565104445331992,0.6601482094799876,0.6637097295850143,0.6671973770411594,0.6706134266438917,0.6739600607391542
0.5207207207207207,0.05291185581830529,0.013432248838495522,0.007786835340493339,0.005524758360841098,0.0043036439272888805,0.0035378963184689027,0.0030117666454766274,0.6535794025569254,0.6572918935972698,0.6609256569184812,0.6644831705163479,0.6679668094714907,0.6713788512372508,0.6747214806048579
0.5225225225225225,0.05290755427846261,0.013431483180080488,0.007786560780123408,0.005524670506102978,0.004303649162284666,0.0035379536964174536,0.0030118545979166567,0.6543613006758348,0.6580697961389104,0.6616995565280832,0.6652530629419936,0.6687326933170991,0.6721407277342688,0.6754793534011525
0.5243243243243243,0.05290340943653534,0.013430756031153084,0.007786307867546749,0.005524597571817526,0.004303665709784481,0.0035380201444733367,0.0030119500974235625,0.6551396781793918,0.6588441762443253,0.6624699325365371,0.6660194312242174,0.6694950530679928,0.6728990807461449,0.6762337038541014
0.5261261261261262,0.05289941956255298,0.013430066962616805,0.007786076359423204,0.005524539388881914,0.004303693440591608,0.0035380955583301944,0.003012053056668359,0.6559145587899571,0.659615057782116,0.663236808951502,0.666782299502795,0.6702539129893581,0.673653934656998,0.6769845564604984
0.527927927927928,0.05289558294990031,0.01342941555118669,0.007785866015717592,0.005524495790486464,0.004303732227275711,0.0035381798351066408,0.003012163389519722,0.6566859660172569,0.6603824644057341,0.6640002095630476,0.6675416916975471,0.6710092971241344,0.6744053136264792,0.6777319354905196
0.5297297297297298,0.052891897914930826,0.013428801379292348,0.007785676599645177,0.005524466612095872,0.004303781944138988,0.00353827287333075,0.003012281011026875,0.6574539231607595,0.6611464195558983,0.6647601579461115,0.6682976315108382,0.6717612292955509,0.6751532415923478,0.6784758649903369
0.5315315315315315,0.05288836279658807,0.0134282240349844,0.0077855078776191446,0.005524451691398352,0.004303842467191922,0.0035383745729057493,0.0030124058373945145,0.6582184533120213,0.6619069464629828,0.665516677462928,0.6690501424300422,0.6725097331096336,0.6758977422730149,0.679216368784697
0.5333333333333333,0.0528849759560345,0.013427683111841187,0.007785359619195099,0.005524450868276115,0.004303913674120815,0.003538484835095493,0.0030125377859673125,0.6589795793569998,0.6626640681493687,0.6662697912654186,0.6697992477299743,0.6732548319576716,0.6766388391700479,0.6799534704794639
0.5351351351351351,0.05288173577628685,0.013427178208878556,0.007785231597022918,0.0055244639847629486,0.004303995444265788,0.0035386035625002577,0.003012676775213108,0.6597373239783368,0.6634178074317688,0.6670195222975558,0.67054497047529,0.6739965490186552,0.6773765555706434,0.680687193464126
0.5369369369369369,0.05287864066186008,0.013426708930460496,0.00778512358679311,0.0055244908850147845,0.004304087658588219,0.0035387306590353,0.003012822724697003,0.6604917096576116,0.6641681869235171,0.6677658932976905,0.6712873335228516,0.6747349072616785,0.6781109145500662,0.6814175609142704
0.5387387387387388,0.05287568903841653,0.013426274886212475,0.007785035367188759,0.005524531415271221,0.004304190199646674,0.003538866029904275,0.0030129755550709304,0.661242758677563,0.6649152290368314,0.6685089268008512,0.672026359524063,0.6754699294483094,0.6788419389740548,0.6821445957940226
0.5405405405405406,0.05287287935242355,0.013425875690935452,0.007784966719836417,0.0055245854238234705,0.004304302951570502,0.003539009581578854,0.0030131351880522085,0.6619904931242833,0.6656589559850427,0.6692486451410112,0.6727620709271728,0.6762016381349283,0.6795696515011931,0.6828683208584514
0.5423423423423424,0.05287021007081635,0.013425510964522347,0.007784917429258543,0.005524652760980337,0.004304425800033857,0.003539161221790575,0.0030133015464066815,0.6627349348893822,0.666399389784797,0.6699850704533259,0.6734944899795471,0.6769300556750345,0.6802940745852517,0.6835887586559435
0.5441441441441441,0.05286767968066801,0.013425180331875515,0.0077848872828255745,0.00552473327903445,0.004304558632230432,0.0035393208594924896,0.0030134745539324476,0.663476105672123,0.6671365522582277,0.6707182246763399,0.674223638729911,0.6776552042215228,0.6810152304774968,0.6843059315305443
0.5459459459459459,0.05286528668886622,0.013424883422826295,0.007784876070711718,0.005524826832231242,0.004304701336853805,0.0035394884048514414,0.003013654135442142,0.6642140269815303,0.6678704650350973,0.6714481295541649,0.6749495390305603,0.6783771057289277,0.6817331412289671,0.6850198616242674
0.5477477477477477,0.052863029621795135,0.013424619872055866,0.007784883585848865,0.005524933276743416,0.004304853804062362,0.0035396637692237027,0.0030138402167463802,0.6649487201384701,0.6686011495549146,0.6721748066386288,0.6756722125395449,0.6790957819556391,0.6824478286927215,0.6857305708793725
0.5495495495495496,0.05286090702502445,0.013424389319017554,0.0077849096238826266,0.005525052470624434,0.004305015925466631,0.0035398468651374982,0.0030140327246394355,0.6656802062777027,0.6693286270690203,0.6728982772913974,0.6763916807228216,0.679811254466088,0.683159314526056,0.6864380810406137
0.5513513513513514,0.05285891746300343,0.013424191407860758,0.007784953983128585,0.005525184273792877,0.0043051875940999075,0.003540037606272639,0.0030142315868812203,0.6664085063499089,0.670052918642647,0.6736185626860653,0.677107964856379,0.6805235446329023,0.6838676201926904,0.6871424136574553
0.5531531531531532,0.052857059518761594,0.0134240257873564,0.007785016464529845,0.005525328548000696,0.004305368704399903,0.003540235907444297,0.0030144367321839017,0.6671336411236894,0.6707740451569524,0.6743356838102224,0.6778210860283344,0.6812326736390345,0.6845727669649263,0.6878435900862603
0.554954954954955,0.052855331793614346,0.01342389211082343,0.007785096871616167,0.005525485156801592,0.004305559152174152,0.003540441684582578,0.003014648090194646,0.6678556311875385,0.6714920273110249,0.675049661467491,0.6785310651410025,0.6819386624798611,0.6852747759257758,0.6885416314924476
0.5567567567567567,0.05285373290687445,0.013423790036057155,0.007785195010462867,0.00552565396551487,0.004305758834612403,0.0035406548547164724,0.00301486559148196,0.6685744969517927,0.6722068856238638,0.675760516279538,0.6792379229129378,0.682641531965255,0.6859736679710632,0.689236558852622
0.5585585585585586,0.05285226149556927,0.013423719225258628,0.007785310689648859,0.0055258348412147,0.0043059676502037614,0.003540875335955532,0.0030150891675216574,0.6692902586505527,0.672918640436334,0.6764682686880585,0.6799416798809487,0.6833413027216281,0.6866694638114963,0.6899283929566741
0.5603603603603604,0.05285091621416271,0.013423679344965403,0.007785443720219022,0.005526027652679891,0.004306185498786062,0.003541103047473491,0.0030153187506805857,0.6700029363435817,0.6736273119130939,0.677172938956736,0.6806423564020861,0.6840379951939501,0.687362183974713,0.6906171544098533
0.5621621621621622,0.05284969573428241,0.013423670065983629,0.007785593915646625,0.005526232270394393,0.004306412281479274,0.0035413379094909603,0.00301555427420584,0.670712549918179,0.6743329200445,0.6778745471731744,0.6813399726556066,0.684731629647738,0.6880518488072993,0.6913028636348133
0.563963963963964,0.052848598744463265,0.013423691063321419,0.007785761091790918,0.005526448566492219,0.004306647900659155,0.003541579843258662,0.0030157956722049063,0.6714191190910297,0.6750354846484854,0.678573113250808,0.682034548644908,0.6854222261710211,0.68873847847678,0.6919855408736302
0.5657657657657658,0.052847623949889906,0.013423742016123666,0.007785945066865854,0.0055266764147688776,0.004306892259994905,0.0035418287710426034,0.003016042879640682,0.6721226634100294,0.6757350253724153,0.6792686569307839,0.6827261041994412,0.6861098046762796,0.6894220929735851,0.6926652061897929
0.5675675675675675,0.05284677007206097,0.013423822607607295,0.007786145661398696,0.00552691569058986,0.004307145264350482,0.0035420846161077213,0.003016295832309985,0.6728232022560872,0.6764315616949175,0.6799611977838207,0.6834146589765973,0.6867943849023579,0.690102712112989,0.6933418794701692
0.5693693693693693,0.05284603584863416,0.013423932524998928,0.007786362698196611,0.005527166270982946,0.0043074068198282025,0.0035423473027001357,0.0030165544668358285,0.6735207548449048,0.6771251129276906,0.6806507552120452,0.6841002324635689,0.6874759864163535,0.6907803555370244,0.6940155804269448
0.5711711711711712,0.05284542003314193,0.013424071459472647,0.007786596002310369,0.005527428034424995,0.004307676833721352,0.003542616756035859,0.0030168187206524033,0.6742153402287331,0.6778156982172876,0.6813373484508027,0.6847828439791892,0.6881546286154802,0.6914550427163718,0.6946863285995367
0.572972972972973,0.052844921394748084,0.013424239106089109,0.00778684540100083,0.005527700861052158,0.004307955214500939,0.0035428929022828077,0.0030170885319925622,0.6749069772981057,0.6785033365468776,0.682020996570445,0.6854625126757443,0.6888303307289081,0.6921267929522235,0.6953541433564815
0.5747747747747748,0.052844538718008184,0.013424435163736386,0.007787110723702908,0.005527984632422893,0.004308241871798488,0.003543175668546862,0.003017363839877036,0.6755956847835515,0.6791880467379846,0.6827017184780962,0.6861392575407658,0.6895031118195789,0.6927956253781236,0.6960190438973002
0.5765765765765766,0.05284427080263484,0.013424659335071181,0.007787391801995486,0.005528279231639867,0.004308536716386899,0.0035434649828583542,0.003017644584099033,0.6762814812572857,0.6798698474522052,0.6833795329193955,0.6868130973987978,0.6901729907859989,0.6934615589617849,0.6966810492543369
0.5783783783783784,0.05284411646326703,0.013424911326461429,0.007787688469566598,0.005528584543265959,0.004308839660164249,0.0035437607741527805,0.0030179307052173227,0.6769643851348777,0.6805487571929022,0.6840544584802161,0.6874840509131419,0.6908399863640077,0.6941246125068808,0.6973401782945748
0.5801801801801801,0.052844074529243314,0.013425190847929796,0.007788000562179875,0.0055289004533069265,0.004309150616135841,0.0035440629722780343,0.0030182221445385544,0.6776444146768994,0.6812247943068787,0.6847265135883653,0.6881521365875798,0.6915041171285242,0.6947848046548151,0.6979964497214277
0.581981981981982,0.052844143844379916,0.013425497613098556,0.007788327917647608,0.0055292268491779085,0.004309469498397198,0.0035443715079343753,0.003018518844112575,0.6783215879905531,0.681897976986031,0.6853957165152602,0.688817372768074,0.692165401495271,0.6954421538864685,0.6986498820765091
0.5837837837837838,0.052844323266752,0.013425831339134742,0.007788670375793988,0.005529563619722503,0.004309796222118626,0.003544686312724754,0.0030188207467135414,0.6789959230312774,0.6825683232689792,0.6860620853775833,0.6894797776444469,0.6928238577224761,0.6960966785239228,0.6993004937413779
0.5855855855855856,0.052844611668479466,0.01342619174669733,0.0077890277784301255,0.005529910655142427,0.0043101307035274495,0.003545007319077602,0.003019127795836066,0.6796674376043341,0.6832358510426778,0.6867256381389172,0.6901393692520378,0.6934795039125528,0.696748396732162,0.6999483029392616
0.5873873873873874,0.05284500793551591,0.013426578559884288,0.0077893999693197415,0.0055302678470252765,0.004310472859893055,0.003545334460276875,0.003019439935678357,0.680336149366375,0.6839005780440073,0.687386392611358,0.6907961654733401,0.6941323580137579,0.697397326520754,0.7005933277367571
0.5891891891891892,0.052845510967442146,0.013426991506181032,0.007789786794153081,0.005530635088280682,0.00431082260951102,0.0035456676704443174,0.003019757111137952,0.681002075826989,0.6845625218613435,0.6880443664571094,0.6914501840396162,0.6947824378218301,0.6980434857455076,0.7012355860455102
0.590990990990991,0.052846119677262965,0.013427430316410503,0.00779018810051749,0.005531012273123343,0.004311179871687435,0.003546006884506363,0.0030200792677932088,0.6816652343502296,0.6852216999361095,0.688699577190055,0.692101442532493,0.695429760981605,0.69868689211011,0.701875095623873
0.5927927927927928,0.05284683299120732,0.013427894724682532,0.007790603737867583,0.00553139929713193,0.004311544566723954,0.003546352038198276,0.0030204063519020385,0.6823256421561247,0.6858781295643067,0.689352042177313,0.6927499583855377,0.6960743449886129,0.6993275631677446,0.7025118740785404
0.5945945945945946,0.05284764984853252,0.0134283844683456,0.0077910335574945845,0.0055317960571278834,0.00431191661589406,0.0035467030680502876,0.0030207383103829323,0.6829833163221654,0.686531827898027,0.6900017786407697,0.6933957488858116,0.6967162071906532,0.6999655163226853,0.7031459388661654
0.5963963963963964,0.05284856920133139,0.01342889928793873,0.007791477412511135,0.005532202451127922,0.004312295941465919,0.003547059911368785,0.003021075090813095,0.6836382737847789,0.6871828119469467,0.6906488036585942,0.6940388311754073,0.6973553647893511,0.7006007688318729,0.7037773072949536
0.5981981981981982,0.05284959001434342,0.01342943892714448,0.007791935157807659,0.0055326183785106954,0.004312682466635235,0.0035474225062392473,0.0030214166414117877,0.6842905313407811,0.6878310985798015,0.6912931341667345,0.694679222252964,0.6979918348416937,0.7012333378064708,0.7044059965262384
0.6,0.05285071126476857,0.013430003132742292,0.007792406650040503,0.005533043739837571,0.004313076115517487,0.0035477907914948092,0.003021762911036095,0.6849401056488129,0.6884767045258428,0.6919347869603953,0.6953169389751653,0.698625634261547,0.7018632402134009,0.7050320235760352
0.6018018018018019,0.05285193194208461,0.013430591654563442,0.007792891747595248,0.00553347843680328,0.004313476813200093,0.003548164706723319,0.0030221138491677607,0.6855870132307572,0.6891196463762768,0.6925737786954966,0.6959519980582181,0.6992567798211539,0.70249049287686,0.7056554053165764
0.6036036036036037,0.05285325104786794,0.013431204245446209,0.007793390310569803,0.005533922372406416,0.004313884485650034,0.0035485441922445166,0.0030224694059077157,0.68623127047314,0.689759940585685,0.6932101258901142,0.6965844160793123,0.6998852881526126,0.7031151124798181,0.7062761584778262
0.6054054054054054,0.052854667595617105,0.013431840661191963,0.007793902200745431,0.005534375450747578,0.00431429905972293,0.003548929189104385,0.003022829531962058,0.6868728936285131,0.690397603473428,0.6938438449259029,0.6972142094780635,0.7005111757493389,0.7037371155654958,0.706894299648978
0.6072072072072072,0.05285618061057941,0.013432500660521578,0.007794427281558214,0.005534837577104538,0.004314720463186166,0.0035493196390634957,0.003023194178638452,0.6875118988168214,0.6910326512250315,0.6944749520495025,0.6978413945579366,0.7011344589675065,0.704356518538826,0.7075098452799307
0.609009009009009,0.05285778912958069,0.013433184005034031,0.007794965418084141,0.00553530865788443,0.0043151486246651195,0.003549715484586713,0.0030235632978317423,0.6881483020267513,0.6916650998935552,0.6951034633739248,0.6984659874876528,0.7017551540274732,0.7049733376678942,0.7081228116827483
0.6108108108108108,0.05285949220085809,0.013433890459163576,0.007795516477006983,0.005535788600621681,0.0043155834736161415,0.00355011666883287,0.0030239368420215762,0.6887821191170647,0.6922949654009453,0.6957293948799256,0.6990880043025781,0.7023732770151871,0.7055875890853641,0.7087332150331005
0.6126126126126126,0.05286128888389553,0.013434619790139855,0.007796080326599143,0.005536277313952501,0.004316024940399447,0.0035505231356435397,0.0030243147642581764,0.6894133658179158,0.6929222635393699,0.6963527624173576,0.6997074609060961,0.7029888438835751,0.7061992887898825,0.7093410713716847
0.6144144144144144,0.05286317824926183,0.01343537176794683,0.007796656836701292,0.0055367747075997864,0.00431647295616249,0.0035509348295352473,0.003024697018159296,0.6900420577321522,0.6935470099725399,0.6969735817065096,0.7003243730709621,0.7036018704539163,0.7068084526474684,0.7099463966056316
0.6162162162162163,0.05286515937845234,0.013436146165283578,0.007797245878690112,0.005537280692370757,0.0043169274528699975,0.003551351695688146,0.003025083557896562,0.6906682103365999,0.6941692202370101,0.6975918683394257,0.700938756440642,0.7042123724171959,0.7074150963928844,0.7105492065098915
0.618018018018018,0.052867231363732135,0.013436942757525366,0.0077978473254668125,0.0055377951801316595,0.004317388363346878,0.0035517736799363414,0.003025474338191257,0.6912918389833331,0.6947889097434692,0.6982076377812121,0.7015506265306345,0.704820365335445,0.7080192356309915,0.7111495167286056
0.6198198198198198,0.05286939330798279,0.013437761322685593,0.007798461051430433,0.005538318083767416,0.0043178556211557195,0.0035522007287607394,0.003025869314305485,0.6919129589009285,0.69540609377801,0.698820905371325,0.7021599987297762,0.7054258646430613,0.7086208858380861,0.7117473427764575
0.6216216216216216,0.05287164432455157,0.013438601641377794,0.0077990869324562175,0.005538849317220881,0.004318329160689273,0.0035526327892755655,0.0030262684420352243,0.6925315851957051,0.6960207875033873,0.6994316863248451,0.7027668883015323,0.7060288856481156,0.7092200623632222,0.7123427000400109
0.6234234234234234,0.052873983537102834,0.013439463496779158,0.007799724845877558,0.00553938879543035,0.004318808917099427,0.0035530698092236046,0.0030266716777001147,0.6931477328529475,0.696633005960258,0.7000399957337339,0.7033713103852698,0.7066294435336412,0.7098167804295152,0.7129356037790282
0.6252252252252253,0.05287641007947228,0.01344034667459391,0.007800374670462351,0.005539936434344314,0.004319294826296671,0.003553511736966053,0.0030270789781381103,0.6937614167381169,0.6972427640684088,0.7006458485680785,0.7039732799975166,0.7072275533589086,0.7104110551354322,0.713526069127775
0.6270270270270271,0.05287892309552357,0.013441250963017673,0.007801036286391536,0.005540492150882386,0.0043197868249469995,0.003553958521470763,0.0030274903006982335,0.694372651598045,0.6978500766279674,0.7012492596773181,0.7045728120332047,0.7078232300606824,0.7110029014560638,0.7141141110963067
0.6288288288288288,0.052881521739006794,0.013442176152702394,0.007801709575243049,0.005541055862950173,0.004320284850471423,0.0035544101123077265,0.00302790560323212,0.694981452062116,0.6984549583205991,0.7018502437914567,0.7051699212668987,0.7084164884544664,0.7115923342443827,0.7146997445717406
0.6306306306306306,0.05288420517342078,0.013443122036721869,0.007802394419973451,0.00554162748939662,0.004320788841001827,0.003554866459639332,0.003028324844087279,0.6955878326434329,0.6990574237106906,0.7024488155222625,0.7057646223540085,0.7090073432357299,0.7121793682324851,0.7152829843195111
0.6324324324324324,0.052886972571875863,0.01344408841053768,0.00780309070488594,0.00554220695002602,0.004321298735417961,0.0035553275142089025,0.00302874798210005,0.6961918077399711,0.6996574872465183,0.7030449893644508,0.7063569298319889,0.7095958089811223,0.712764018032819,0.7158638449846122
0.6342342342342342,0.05288982311696015,0.013445075071965795,0.007803798315631446,0.00554279416556653,0.0043218144732872455,0.0035557932273376936,0.003029174976591767,0.6967933916357165,0.7002551632614025,0.7036387796968545,0.7069468581215235,0.71018190014967,0.7133462981393948,0.7164423410928209
0.6360360360360361,0.05289275600060753,0.013446081821144245,0.007804517139174769,0.005543389057665097,0.0043223359949104345,0.0035562635509133822,0.0030296057873537997,0.6973925985017924,0.7008504659748487,0.7042302007835789,0.707534421527694,0.7107656310839613,0.7139262229289839,0.7170184870519088
0.6378378378378379,0.05289577042396849,0.013447108460499837,0.007805247063780099,0.00554399154887375,0.0043228632412334,0.00355673843738169,0.0030300403746509803,0.6979894423975713,0.7014434094936757,0.7048192667751446,0.7081196342411373,0.7113470160113166,0.7145038066623015,0.717592297152838
0.6396396396396397,0.05289886559728152,0.013448154794717409,0.007805987978994835,0.005544601562639965,0.004323396153927389,0.003557217839742531,0.0030304786992077265,0.6985839372717753,0.7020340078131287,0.7054059917096152,0.708702510339188,0.7119260690449426,0.7150790634851748,0.7181637855709422
0.6414414414414414,0.052902040739748815,0.01344922063070789,0.0078067397756304,0.00554521902328212,0.004323934675316681,0.003557701711537385,0.003030920722205391,0.6991760969635605,0.7026222748179805,0.7059903895137124,0.709283063787005,0.7125028041850753,0.7156520074296981,0.7187329663670938
0.6432432432432432,0.052905295079412024,0.013450305777578267,0.0078075023457467385,0.005545843855996372,0.004324478748378474,0.003558190006843225,0.0030313664052736672,0.6997659352035928,0.7032082242836188,0.7065724740039172,0.7098613084386884,0.713077235320107,0.7162226524153732,0.7192998534888568
0.645045045045045,0.05290862785303141,0.013451410046600554,0.007808275582628976,0.005546475986830429,0.004325028316778786,0.003558682680270454,0.0030318157104868132,0.7003534656151073,0.7037918698771226,0.7071522588875598,0.7104372580383806,0.7136493762277023,0.7167910122502364,0.7198644607716258
0.6468468468468469,0.05291203830596609,0.013452533251182817,0.007809059380780342,0.005547115342670891,0.00432558332481357,0.0035591796869486004,0.003032268600353803,0.7009387017149579,0.7043732251583231,0.7077297577638936,0.7110109262213551,0.7142192405758979,0.7173571006319724,0.7204268019397517
0.6486486486486487,0.05291552569205686,0.01345367520683955,0.007809853635898002,0.005547761851243679,0.004326143717383221,0.0035596809825099163,0.0030327250378171995,0.7015216569146532,0.7049523035808544,0.7083049841251591,0.7115823265150919,0.7147868419241914,0.7179209311490139,0.7209868906076526
0.6504504504504505,0.05291908927351055,0.013454835731162778,0.007810658244854496,0.005548415441092318,0.004326709440058085,0.0035601865231165626,0.0030331849862425303,0.7021023445213802,0.7055291184931902,0.7088779513576344,0.7121514723403408,0.7153521937246164,0.7184825172816282,0.7215447402809131
0.6522522522522523,0.052922728320786004,0.013456014643794405,0.007811473105692666,0.00554907604156783,0.0043272804390080966,0.0035606962654189307,0.003033648409415557,0.702680777739018,0.7061036831396708,0.7094486727426739,0.7127183770121723,0.7159153093228058,0.7190418724029929,0.7221003643573692
0.654054054054054,0.0529264421124829,0.013457211766397597,0.00781229811760201,0.0055497435828241815,0.0043278566610175685,0.0035612101665537994,0.003034115271534854,0.7032569696691371,0.7066760106615146,0.7100171614577322,0.7132830537410151,0.71647620195904,0.7195990097802555,0.7226537761281808
0.6558558558558559,0.05293022993523125,0.01345842692262982,0.007813133180900362,0.005550417995801693,0.004328438053478283,0.003561728184155011,0.003034585537207606,0.7038309333119889,0.7072461140978217,0.7105834305773815,0.7138455156336829,0.7170348847692862,0.7201539425755834,0.7232049887788916
0.6576576576576576,0.052934091083582976,0.013459659938115914,0.007813978197026861,0.005551099212180777,0.004329024564365933,0.0035622502763332942,0.0030350591714419623,0.7044026815674828,0.7078140063865618,0.7111474930743098,0.7144057756943862,0.7175913707862219,0.7207066838471988,0.7237540153904749
0.6594594594594595,0.052938024859905904,0.013460910640421557,0.007814833068515459,0.005551787164544614,0.004329616142249232,0.003562776401673541,0.003035536139645277,0.7049722272361529,0.7083797003655545,0.7117093618203142,0.7149638468257372,0.7181456729402497,0.7212572465504042,0.7243008689403697
0.6612612612612613,0.052942030574278376,0.013462178859026753,0.007815697698994832,0.005552481786035354,0.004330212736274398,0.00356330651922389,0.0030360164076122754,0.7055395830201129,0.708943208773436,0.7122690495872788,0.7155197418297378,0.7186978040604972,0.7218056435385932,0.7248455623035016
0.6630630630630631,0.052946107544386556,0.013463464425300886,0.007816571993165131,0.005553183010650553,0.004330814296151738,0.0035638405885014225,0.0030364999415279765,0.7061047615239995,0.7095045442506138,0.7128265690481418,0.7160734734087586,0.7192477768758077,0.7223518875642508,0.7253881082532941
0.6648648648648648,0.05295025509542217,0.013464767172476846,0.007817455856780842,0.005553890773161596,0.004331420772173728,0.003564378569473035,0.003036986707955396,0.7066677752559072,0.7100637193402136,0.7133819327778527,0.7166250541665079,0.7197956040157174,0.7228959912799428,0.7259285194626661
0.6666666666666666,0.052954472559983756,0.013466086935626469,0.007818349196643481,0.005554605008966873,0.004332032115159138,0.0035649204225480314,0.0030374766738343446,0.7072286366283089,0.7106207464890121,0.7139351532543167,0.7171744966089856,0.7203412980114221,0.7234379672392903,0.7264668085050191
0.6684684684684684,0.05295875927797685,0.013467423551635944,0.007819251920576531,0.005555325654220471,0.004332648276484433,0.0035654661085924933,0.00303796980647586,0.7077873579589692,0.7111756380483604,0.7144862428593294,0.7177218131454288,0.7208848712967325,0.7239778278979373,0.7270029878552109
0.6702702702702703,0.052963114596518444,0.013468776859181797,0.007820163937433629,0.00555605264583909,0.00433326920808725,0.0035660155888941176,0.0030384660735554487,0.7083439514718454,0.7117284062750971,0.7150352138795004,0.7182670160892469,0.7214263362090185,0.7245155856145027,0.7275370698905207
0.6720720720720721,0.05296753786984092,0.0134701466987071,0.007821085157056071,0.005556785921374746,0.004333894862430282,0.0035665688251804873,0.0030389654431100767,0.7088984292979789,0.7122790633324502,0.7155820785071655,0.7188101176589431,0.7219657049901419,0.7250512526515243,0.7280690668915999
0.6738738738738739,0.052972028459198794,0.013471532912398157,0.007822015490289427,0.005557525419094727,0.004334525192459645,0.003567125779602038,0.0030394678835330424,0.7094508034763761,0.7128276212909292,0.7161268488412904,0.7193511299790282,0.7225029897873796,0.7255848411763904,0.7285989910434141
0.6756756756756757,0.0529765857327759,0.01347293534416159,0.007822954848941148,0.005558271077875415,0.00433516015171095,0.003567686414728123,0.003039973363569362,0.7100010859548802,0.7133740921292072,0.7166695368883618,0.7198900650809225,0.7230382026543345,0.7261163632622614,0.7291268544361728
0.6774774774774774,0.05298120906559478,0.013474353839601636,0.007823903145796491,0.005559022837370514,0.004335799694164405,0.0035682506935429082,0.0030404818523083977,0.7105492885910314,0.7139184877349918,0.7172101545632691,0.7204269349038467,0.7235713555518375,0.7266458308889785,0.7296526690662486
0.6792792792792793,0.05298589783942731,0.013475788245998155,0.007824860294574505,0.005559780637848962,0.004336443774366435,0.003568818579436171,0.003040993319184488,0.7110954231529195,0.714460819905888,0.7177487136901771,0.7209617512957044,0.7241024603488373,0.7271732559439658,0.7301764468370859
0.6810810810810811,0.05299065144270644,0.013477238412284303,0.007825826209953328,0.005560544420203674,0.004337092347308502,0.0035693900362043147,0.003041507733967655,0.7116395013200244,0.7150011003502482,0.718285226003387,0.7214945260139524,0.7246315288232813,0.7276986502231175,0.7306981995600987
0.6828828828828829,0.05299546927043949,0.013478704189025033,0.007826800807517789,0.005561314126007608,0.0043377453685239376,0.003569965028040364,0.0030420250667610844,0.7121815346840504,0.7155393406880179,0.7188197031481888,0.7220252707264632,0.7251585726629871,0.7282220254316794,0.7312179389555593
0.6846846846846847,0.053000350724122916,0.013480185428396367,0.007827784003779275,0.005562089697473024,0.004338402793992224,0.003570543519526284,0.0030425452879979027,0.7127215347497473,0.7160755524515655,0.7193521566817039,0.7225539970123754,0.7256836034665015,0.7287433931851158,0.7317356766534738
0.6864864864864865,0.05300529521165804,0.013481681984163725,0.007828775716145311,0.00556287107739498,0.004339064580187544,0.0035711254756366174,0.003043068368434043,0.7132595129357251,0.7166097470865066,0.7198825980737172,0.723080716362937,0.7262066327439516,0.7292627650099699,0.7322514241944511
0.6882882882882883,0.05301030214726854,0.013483193711661907,0.00782977586291665,0.00556365820924008,0.004339730684057003,0.003571710861725839,0.0030435942791471166,0.7137954805752591,0.7171419359525192,0.7204110387075017,0.723605440182336,0.7267276719178861,0.7297801523447132,0.7327651930305595
0.6900900900900901,0.05301537095141866,0.013484720467774396,0.007830784363271304,0.0055644510370716094,0.004340401063024373,0.003572299643524013,0.00304412299152923,0.7143294489170846,0.7176721303241479,0.7209374898806311,0.7241281797885251,0.727246732324107,0.7302955665405839,0.7332769945261746
0.6918918918918919,0.05302050105073333,0.013486262110913971,0.007831801137256567,0.005565249505521904,0.0043410756749510115,0.003572891787134681,0.0030446544772859685,0.714861429126184,0.7182003413915996,0.7214619628057859,0.7246489464140335,0.7277638252124897,0.7308090188624181,0.7337868399588154
0.6936936936936937,0.05302569187791859,0.013487818501002303,0.007832826105774657,0.005566053559858809,0.004341754478183302,0.0035734872590326306,0.0030451887084290375,0.7153914322845651,0.718726580261531,0.7219844686115486,0.7251677512067727,0.7282789617477977,0.7313205204894693,0.7342947405199751
0.6954954954954955,0.05303094287168433,0.013489389499451315,0.007833859190574919,0.005566863145920507,0.004342437431485118,0.0035740860260481556,0.003045725657275249,0.7159194693920303,0.7192508579578275,0.7225050183431915,0.7256846052308307,0.7287921530104848,0.7318300825162203,0.7348007073159378
0.6972972972972973,0.05303625347666721,0.013490974969143388,0.007834900314233617,0.005567678210131123,0.0043431244940963665,0.0035746880553775917,0.0030462652964409038,0.7164455513669373,0.7197731854223717,0.7230236229634533,0.7261995194672595,0.7293034099974897,0.732337715953185,0.7353047513685889
0.6990990990990991,0.053041623143355504,0.013492574774413218,0.007835949400163729,0.005568498699486993,0.004343815625661979,0.003575293314562887,0.0030468075988377497,0.7169696890469516,0.7202935735158047,0.7235402933533103,0.7267125048148513,0.7298127436230213,0.7328434317277008,0.735806883616214
0.700900900900901,0.0530470513280145,0.013494188781029148,0.007837006372585664,0.005569324561543433,0.004344510786279621,0.0035759017715034963,0.003047352537671315,0.7174918931897901,0.7208120330182796,0.7240550403127358,0.7272235720909083,0.7303201647193349,0.7333472406847132,0.7363071149142918
0.7027027027027027,0.053052537492613495,0.013495816856174736,0.007838071156517119,0.005570155744422624,0.004345209936482717,0.0035765133944349404,0.0030479000864337253,0.7180121744739576,0.7213285746302038,0.7245678745614531,0.7277327320320022,0.7308256840375006,0.7338491535875504,0.7368054560362746
0.7045045045045045,0.05305808110475326,0.013497458868430947,0.007839143677772687,0.005570992196788852,0.004345913037203917,0.0035771281519379867,0.0030484502189033202,0.7185305434994742,0.7218432089729778,0.7250788067396796,0.7282399952947267,0.7313293122481619,0.7343491811186897,0.7373019176743625
0.7063063063063063,0.05306368163759554,0.013499114687758456,0.007840223862959286,0.005571833867861991,0.004346620049767697,0.0035777460129282302,0.00304900290913893,0.7190470107885947,0.72235594658972,0.7255878474088618,0.7287453724564397,0.731831059942286,0.7348473338805154,0.7377965104402674
0.7081081081081081,0.05306933856979268,0.013500784185480412,0.0078413116394351,0.005572680707389016,0.004347330935982845,0.00357836694665178,0.003049558131476734,0.7195615867865213,0.7228667979459888,0.7260950070524037,0.7292488740159994,0.7323309376319076,0.7353436223960674,0.7382892448659695
0.7099099099099099,0.053075051385418855,0.013502467234265006,0.007842406935338568,0.005573532665648481,0.004348045658008456,0.0035789909226832907,0.003050115860527899,0.7200742818621061,0.7233757734304934,0.726600296076386,0.7297505103944906,0.7328289557508607,0.7358380571097833,0.7387801314044641
0.7117117117117117,0.05308081957390201,0.013504163708108918,0.0078435096795665,0.005574389693449081,0.004348764178416659,0.0035796179109193666,0.0030506760711728038,0.720585106308549,0.7238828833557979,0.7271037248102771,0.7302502919359433,0.7333251246555058,0.7363306483882291,0.7392691804305007
0.7135135135135136,0.053086642629957166,0.013505873482320161,0.007844619801731012,0.005575251742109678,0.004349486460174428,0.0035802478815759437,0.0030512387385611206,0.7210940703440859,0.7243881379590181,0.727605303507638,0.7307482289080443,0.733819454625448,0.7368214065208258,0.7397564022413146
0.7153153153153153,0.05309252005352019,0.0135075964335023,0.007845737232214742,0.005576118763464659,0.0043502124666398335,0.0035808808051850855,0.003051803838103344,0.7216011841126685,0.7248915474025097,0.7281050423468167,0.7312443315028392,0.7343119558642447,0.7373103417205631,0.7402418070573477
0.7171171171171171,0.05309845134968325,0.013509332439538065,0.007846861902107689,0.005576990709848612,0.004350942161556927,0.003581516652588244,0.00305237134547249,0.7221064576846405,0.7253931217745502,0.7286029514316382,0.7317386098374288,0.73480263850011,0.7377974641247097,0.740725405022965
0.7189189189189189,0.05310443602863038,0.013511081379572909,0.007847993743204185,0.0055778675340973916,0.004351675509046217,0.003582155394934989,0.0030529412365988906,0.7226099010574021,0.7258928710900115,0.7290990407920844,0.7322310739546554,0.7352915125866073,0.7382827837955133,0.7412072062071602
0.7207207207207207,0.0531104736055749,0.013512843134000235,0.007849132688031049,0.00557874918953684,0.004352412473608466,0.0035827970036780444,0.003053513487665281,0.7231115241560696,0.7263908052910274,0.729593320384967,0.7327217338237838,0.7357785881033359,0.7387663107208924,0.7416872206042534
0.7225225225225226,0.053116563600697005,0.013514617584445466,0.007850278669803541,0.005579635629976637,0.004353153020112283,0.0035834414505696733,0.0030540880751061617,0.7236113368341285,0.7268869342476522,0.7300858000945948,0.7332105993411738,0.7362638749566103,0.7392480548151226,0.7421654581345841
0.7243243243243244,0.05312270553908227,0.013516404613750681,0.007851431622421856,0.005580526809711201,0.004353897113797617,0.0035840887076574414,0.00305466497560436,0.7241093488740779,0.727381267758513,0.7305764897334311,0.7336976803309448,0.7367473829801322,0.7397280259195136,0.7426419286451933
0.7261261261261261,0.05312889895066211,0.013518204105959941,0.007852591480470857,0.0055814226835036364,0.004354644720259196,0.003584738747282204,0.003055244166085396,0.724605569988067,0.727873815551454,0.7310653990427458,0.7341829865456342,0.7372291219356526,0.7402062338030782,0.7431166419104983
0.7279279279279279,0.05313514337015376,0.013520015946304285,0.007853758179212649,0.005582323206587914,0.004355395805453347,0.003585391542071952,0.003055825623717756,0.7251000098185297,0.7283645872841756,0.7315525376932605,0.7346665276668479,0.737709101513631,0.7406826881631967,0.743589607632963
0.7297297297297297,0.053141438337001766,0.013521840021187392,0.007854931654565538,0.005583228334656789,0.0043561503356895105,0.0035860470649405896,0.0030564093259082426,0.7255926779388059,0.7288535925448643,0.7320379152857843,0.7351483133059042,0.7381873313338833,0.7411573986262708,0.7440608354437568
0.7315315315315315,0.053147783395320114,0.013523676218170806,0.00785611184311265,0.005584138023863673,0.004356908277624551,0.0035867052890827017,0.0030569952502988995,0.7260835838537606,0.7293408408528175,0.7325215413518467,0.7356283530044706,0.7386638209462254,0.7416303747483728,0.7445303349034098
0.7333333333333334,0.05315417809383589,0.013525524425960412,0.007857298682081721,0.005585052230806409,0.004357669598259704,0.0035873661879714442,0.003057583374764123,0.7265727370003952,0.7298263416590612,0.7330034253543192,0.7361066562351931,0.7391385798311082,0.7421016260158859,0.7449981155024584
0.7351351351351352,0.053160621985832886,0.013527384534391776,0.007858492109349429,0.005585970912537239,0.004358434264935873,0.0035880297353538177,0.003058173677409158,0.7270601467484513,0.7303101043469609,0.7334835766880338,0.7365832324023196,0.739611617400246,0.7425711618461388,0.7454641866620846
0.736936936936937,0.05316711462909576,0.013529256434417063,0.007859692063412638,0.005586894026537923,0.004359202245330944,0.003588695905248494,0.0030587661365654,0.7275458224010095,0.7307921382328252,0.7339620046803925,0.7370580908423154,0.7400829429972386,0.7430389915880325,0.7459285577347482
0.7387387387387387,0.053173655585856607,0.013531140018091048,0.0078608984833975,0.005587821530731657,0.004359973507453652,0.0035893646719418826,0.0030593607307888293,0.728029773195081,0.7312724525665055,0.7344387185919722,0.7375312408244742,0.7405525658981875,0.7435051245226612,0.7463912380048132
0.7405405405405405,0.05318024442274067,0.013533035178557973,0.007862111309053533,0.005588753383469186,0.0043607480196412585,0.003590036009984611,0.0030599574388559614,0.7285120083021925,0.7317510565319852,0.7349137276171205,0.7380026915515192,0.7410204953123014,0.743969569863925,0.7468522366891654
0.7423423423423423,0.053186880710713424,0.013534941810038257,0.007863330480732273,0.005589689543522822,0.004361525750554421,0.0035907098941889704,0.003060556239763677,0.7289925368289665,0.7322279592479669,0.7353870408845485,0.7384724521602015,0.7414867403825014,0.7444323367591383,0.7473115629378251
0.7441441441441441,0.05319356402502831,0.013536859807815731,0.007864555939399751,0.005590629970087793,0.004362306669173477,0.0035913862996255997,0.003061157112723272,0.7294713678176934,0.7327031697684505,0.7358586674579143,0.7389405317218887,0.7419513101860142,0.7448934342896286,0.7477692258345515
0.745945945945946,0.05320029394517557,0.013538789068224444,0.007865787626607453,0.005591574622769252,0.004363090744795144,0.0035920652016190324,0.0030617600371605686,0.7299485102468989,0.7331766970833055,0.7363286163364011,0.7394069392431492,0.7424142137349614,0.7453528714713314,0.7482252343974419
0.7477477477477478,0.05320707005483187,0.013540729488636842,0.007867025484487287,0.0055925234615815025,0.004363877947027687,0.00359274657574758,0.0030623649927121266,0.7304239730319053,0.7336485501188391,0.7367968964552906,0.7398716836663299,0.7428754599769424,0.7458106572553773,0.7486795975795237
0.7495495495495496,0.053213891941809144,0.013542680967450227,0.007868269455779309,0.0055934764469452525,0.0043646682457890084,0.003593430397835979,0.0030629719592220684,0.7308977650253867,0.7341187377383562,0.7372635166865286,0.7403347738701281,0.7433350577956115,0.7462668005286739,0.749132324269341
0.7513513513513513,0.0532207591980066,0.013544643404075414,0.00786951948376919,0.005594433539677495,0.004365461611299375,0.0035941166439547034,0.0030635809167416372,0.7313698950179175,0.7345872687427141,0.7377284858392849,0.7407962186701555,0.7437930160112465,0.7467213101144795,0.7495834232915326
0.7531531531531531,0.053227671419361446,0.013546616698924603,0.007870775512332902,0.005595394700991605,0.004366258014082128,0.003594805290428152,0.0030641918455235496,0.7318403717385171,0.7350541518708719,0.7381918126605079,0.7412560268194988,0.7442493433813141,0.7471741947729732,0.7500329034074065
0.7549549549549549,0.053234628205801174,0.013548600753398714,0.007872037485885417,0.005596359892487968,0.004367057424957291,0.0035954963137940932,0.0030648047260231227,0.7323092038551867,0.735519395800433,0.7386535058354731,0.7417142070092714,0.7447040486010277,0.7476254632018164,0.7504807733155067
0.7567567567567568,0.05324162916119625,0.013550595469876359,0.007873305349412472,0.005597329076153417,0.004367859815039097,0.003596189690867787,0.0030654195388933087,0.7327763999754423,0.7359830091481838,0.739113573988325,0.7421707678691627,0.745157140303899,0.7480751240367107,0.7509270416521736
0.7585585585585586,0.053248673893313586,0.013552600751702202,0.007874579048445558,0.005598302214355691,0.004368665155731104,0.003596885398656086,0.0030660362649830453,0.7332419686468407,0.7364450004706247,0.7395720256826148,0.7426257179679789,0.7456086270622851,0.7485231858519472,0.7513717169920999
0.7603603603603604,0.05325576201377077,0.01355461650317529,0.00787585852904847,0.005599279269835119,0.004369473418725146,0.00359758341441631,0.0030666548853357984,0.733705918357501,0.7369053782644961,0.7400288694218312,0.7430790658141788,0.7460585173879289,0.748969657160953,0.7518148078488793
0.7621621621621621,0.053262893137990486,0.01355664262953788,0.00787714373782338,0.0056002602057074425,0.004370284575995531,0.003598283715656165,0.0030672753811851984,0.7341682575366206,0.7373641509673,0.7404841136499258,0.7435308198564043,0.7465068197324932,0.749414546416829,0.7522563226755494
0.7639639639639639,0.05327006688515621,0.013558679036964314,0.00787843462190458,0.005601244985451559,0.004371098599796864,0.0035989862800690497,0.0030678977339552794,0.7346289945549852,0.7378213269578153,0.7409377667518339,0.7439809884840052,0.7469535424880908,0.7498578620128838,0.7526962698651298
0.7657657657657657,0.05327728287816792,0.013560725632550412,0.007879731128944498,0.005602233572911991,0.00437191546266039,0.0035996910855874893,0.0030685219252559737,0.7350881377254735,0.7382769145566064,0.7413898370539884,0.7444295800275582,0.7473986939878068,0.7502996122831613,0.7531346577511532
0.7675675675675676,0.05328454074359875,0.013562782324302112,0.00788103320711878,0.005603225932290012,0.004372735137393922,0.003600398110392541,0.0030691479368823516,0.7355456953035581,0.7387309220265301,0.7418403328248298,0.7448766027593813,0.7478422825062181,0.7507398055029633,0.7535714946081913
0.7693693693693694,0.05329184011165209,0.013564849021125185,0.007882340805095105,0.005604222028139419,0.004373557597066781,0.003601107332835854,0.003069775750812401,0.7360016754877987,0.7391833575732331,0.7422892622753093,0.7453220648940408,0.7482843162599048,0.7511784498893649,0.7540067886523764
0.7711711711711712,0.053299180616119886,0.01356692563281476,0.00788365387206721,0.005605221825367791,0.004374382815028824,0.0036018187315164053,0.0030704053492032358,0.7364560864203336,0.7396342293456472,0.742736633559389,0.7457659745888562,0.7487248034079584,0.7516155536017274,0.7544405480419153
0.772972972972973,0.05330656189434,0.013569012070044873,0.007884972357709272,0.005606225289225449,0.004375210764883754,0.003602532285235406,0.003071036714391985,0.7369089361873622,0.7400835454364781,0.7431824547745339,0.7462083399443964,0.7491637520524828,0.7520511247422028,0.7548727808775997
0.7747747747747747,0.05331398358715615,0.013571108244358143,0.007886296212194959,0.005607232385304218,0.004376041420494049,0.0036032479730093237,0.0030716698288900984,0.7373602328196261,0.7405313138826901,0.7436267339622015,0.7466491690049734,0.7496011702390912,0.7524851713562347,0.7553034952033093
0.7765765765765766,0.05332144533887666,0.013573214068156321,0.007887625386192159,0.0056082430795363816,0.0043768747559923705,0.0036039657740548304,0.0030723046753843453,0.7378099842928827,0.740977542665984,0.7440694791083244,0.7470884697591289,0.7500370659573983,0.7529177014330536,0.7557326990065119
0.7783783783783784,0.05332894679723489,0.013575329454696828,0.007888959830838593,0.005609257338185878,0.004377710745756308,0.0036046856678126744,0.0030729412367327402,0.7382581985283757,0.7414222397132726,0.7445106981437891,0.7475262501401179,0.7504714471415053,0.7533487229061671,0.7561604002187561
0.7801801801801802,0.05333648761334965,0.013577454318061073,0.00789029949774911,0.005610275127848063,0.00437854936441852,0.003605407633895338,0.0030735794959642388,0.7387048833932992,0.7418654128971487,0.7449503989449093,0.747962518026385,0.7509043216704824,0.7537782436538444,0.7565866067161604
0.781981981981982,0.05334406744168664,0.013579588573167338,0.007891644339012143,0.0056112964154444445,0.004379390586857783,0.0036061316521513054,0.0030742194362747433,0.7391500467012586,0.7423070700363507,0.7453885893338948,0.7483972812420377,0.7513356973688445,0.754206271499597,0.7570113263198965
0.7837837837837838,0.053351685940019454,0.0135817321357535,0.007892994307171686,0.005612321168215845,0.004380234388203642,0.0036068577025996874,0.0030748610410270705,0.7395936962127263,0.7427472188962216,0.7458252770793149,0.7488305475573138,0.7517655820070229,0.7546328142126527,0.7574345667966672
0.7855855855855856,0.053359342769392325,0.013583884922367775,0.00789434935524212,0.005613349353725927,0.004381080743825879,0.003607585765470267,0.0030755042937479216,0.7400358396354917,0.7431858671891645,0.7462604698965574,0.7492623246890439,0.7521939833018312,0.7550578795084264,0.75785633585918
0.7873873873873873,0.05336703759408263,0.013586046850359626,0.007895709436689982,0.0056143809398510516,0.004381929629334718,0.0036083158211848787,0.003076149178125439,0.7404764846251076,0.7436230225750923,0.7466941754482829,0.7496926203011098,0.7526209089169273,0.7554814750489842,0.7582766411666155
0.7891891891891892,0.05337477008156396,0.013588217837870262,0.007897074505416482,0.005615415894779921,0.004382781020579635,0.003609047850349307,0.0030767956780098594,0.7409156387853328,0.744058692661874,0.7471264013448745,0.750121442004898,0.7530463664632704,0.7559036084435048,0.7586954903250909
0.790990990990991,0.053382539902469835,0.01359039780382357,0.007898444515781715,0.005616454187007148,0.004383634893644461,0.003609781833774536,0.0030774437774089753,0.7413533096685687,0.7444928850057759,0.7475571551448833,0.7505487973597477,0.753470363499573,0.7563242872487344,0.7591128908881187
0.7927927927927928,0.053390346730558216,0.013592586667917817,0.007899819422581889,0.005617495785337053,0.004384491224843602,0.0036105177524420485,0.0030780934604867872,0.7417895047762921,0.7449256071118984,0.7479864443554679,0.7509746938733958,0.7538929075327484,0.7567435189694373,0.7595288503570611
0.7945945945945946,0.05339819024267554,0.01359478435061607,0.007901199181042975,0.005618540658866926,0.004385349990723201,0.0036112555875296793,0.0030787447115634093,0.742224231559484,0.7453568664346079,0.7484142764328313,0.7513991390024155,0.7543140060183539,0.7571613110588428,0.7599433761815781
0.7963963963963964,0.053406070118722115,0.013596990773138267,0.007902583746816912,0.005619588776998577,0.0043862111680555505,0.003611995320393611,0.0030793975151104697,0.7426574974190535,0.7457866703779651,0.7488406587826523,0.7518221401526526,0.754733666361029,0.7575776709190863,0.7603564757600739
0.7981981981981983,0.05341398604161787,0.01359920585745181,0.007903973075989097,0.005620640109422663,0.004387074733837973,0.0036127369325714537,0.0030800518557526474,0.7430893097062579,0.7462150262961488,0.7492655987605119,0.7522437046796544,0.7551518959149294,0.7579926059016464,0.7607681564401352
0.8,0.053421937697268294,0.013601429526264228,0.007905367125049871,0.005621694626123528,0.004387940665286899,0.0036134804057810855,0.0030807077182636784,0.7435196757231184,0.7466419414938749,0.7496891036723179,0.7526638398890981,0.7555687019841562,0.7584061233077779,0.761178425518968
0.8018018018018018,0.05342992477453074,0.013603661703013794,0.007906765850917334,0.005622752297373237,0.004388808939842186,0.003614225721915133,0.00308136508756491,0.7439486027228309,0.7470674232268115,0.7501111807747217,0.7530825530372105,0.7559840918231814,0.7588182303889388,0.7615872902438278
0.8036036036036036,0.053437946965181574,0.01360590231186184,0.007908169210915495,0.005623813093724791,0.004389679535158945,0.003614972863042623,0.003082023948723779,0.744376097910175,0.7474914787019907,0.7505318372755339,0.7534998513311878,0.756398072637269,0.759228934347216,0.7619947578124471
0.8054054054054054,0.05344600396388345,0.013608151277684808,0.007909577162762114,0.005624876986014168,0.0043905524291036726,0.003615721811405538,0.003082684286953241,0.7448021684419153,0.7479141150782138,0.7509510803341335,0.7539157419296071,0.7568106515828902,0.7596382423357424,0.7624008353734569
0.8072072072072072,0.05345409546815314,0.013610408526065747,0.007910989664585795,0.005625943945357346,0.004391427599759364,0.0036164725494166445,0.003083346087608439,0.745226821427202,0.7483353394664556,0.7513689170618755,0.7543302319428372,0.7572218357681373,0.7600461614591146,0.7628055300268053
0.809009009009009,0.05346222117832969,0.01361267398328674,0.007912406674914885,0.005627013943144196,0.00439230502541667,0.0036172250596576694,0.0030840093361864662,0.7456500639279662,0.7487551589302627,0.751785354522491,0.7547433284334428,0.757631632253131,0.7604526987738021,0.7632088488241706
0.8108108108108107,0.053470380797543196,0.013614947576321217,0.007913828152659015,0.005628086951028835,0.004393184684572885,0.0036179793248759208,0.0030846740183232413,0.7460719029593106,0.7491735804861476,0.7522003997324865,0.7551550384165859,0.7580400480504241,0.7608578612885543,0.7636107987693713
0.8126126126126126,0.05347857403168381,0.01361722923282587,0.00791525405711692,0.005629162940944604,0.004394066555930966,0.003618735327986225,0.003085340119793207,0.7464923454898974,0.7495906111039805,0.7526140596615377,0.7555653688604227,0.7584470901254023,0.7612616559648041,0.7640113868187711
0.8144144144144144,0.053486800589370956,0.013619518881133663,0.007916684347976972,0.005630241885084938,0.0043949506183957555,0.00361949305206615,0.003086007626508664,0.746911398442332,0.7500062577073754,0.7530263412328789,0.7559743266864964,0.7588527653966789,0.7616640897170656,0.7644106198816802
0.8162162162162162,0.053495060181923716,0.013621816450245594,0.00791811898529956,0.005631323755906057,0.004395836851073618,0.00362025248035385,0.003086676524515235,0.7473290686935427,0.7504205271740735,0.7534372513236903,0.7563819187701275,0.7592570807364885,0.7620651694133294,0.764808504820753
0.818018018018018,0.05350335252333051,0.013624121869823804,0.007919557929520371,0.005632408526125374,0.004396725233267649,0.003621013596247827,0.003087346799993229,0.7477453630751569,0.7508334263363229,0.7538467967654788,0.7567881519407971,0.7596600429710727,0.7624649018754525,0.7652050484523801
0.8198198198198199,0.05351167733022015,0.013626435070184555,0.00792100114144586,0.0056334961687175555,0.0043976157444785315,0.0036217763833055194,0.0030880184392541032,0.7481602883738736,0.751244961981253,0.7542549843444578,0.7571930329825298,0.7600616588810662,0.7628632938795455,0.7656002575470785
0.8216216216216217,0.053520034321832576,0.013628755982290106,0.007922448582248887,0.005634586656905527,0.004398508364399082,0.003622540825237798,0.0030886914287412254,0.7485738513318316,0.7516551408512477,0.7546618208019215,0.7575965686342706,0.7604619352018762,0.7632603521563558,0.7659941388298767
0.8234234234234235,0.05352842321999036,0.013631084537742515,0.007923900213463944,0.005635679964171057,0.004399403072913929,0.0036233069059136936,0.0030893657550262266,0.7489860586469752,0.7520639696443125,0.7550673128346155,0.7579987655902587,0.7608608786240582,0.7636560833916449,0.7663866989806949
0.8252252252252252,0.05353684374907064,0.013633420668776089,0.007925355996982011,0.005636776064240242,0.00440029985009752,0.0036240746093518,0.003090041404808397,0.7493969169734156,0.7524714550144393,0.7554714670951049,0.7583996305003977,0.76125849579369,0.7640504942265658,0.7667779446347246
0.827027027027027,0.053545295635976854,0.013635764308250736,0.007926815895051778,0.005637874931085807,0.004401198676213009,0.0036248439197228894,0.0030907183649135916,0.7498064329217886,0.7528776035719674,0.7558742901921377,0.7587991699706225,0.7616547933127399,0.764443591258033,0.7671678823828009
0.8288288288288288,0.05355377861011163,0.0136381153896451,0.00792827987026964,0.005638976538922044,0.004402099531705989,0.0036256148213483614,0.0030913966222925033,0.7502146130596092,0.7532824218839409,0.756275788691005,0.759197390563261,0.762049777739432,0.7648353810390902,0.7675565187717724
0.8306306306306306,0.05356229240334937,0.013640473847049472,0.007929747885577272,0.005640080862205893,0.0044030023972081445,0.0036263872986955926,0.0030920761640198997,0.7506214639116229,0.7536859164744626,0.7566759691138971,0.7595942987973943,0.7624434555886085,0.7652258700792753,0.7679438603048688
0.8324324324324325,0.05357083675000944,0.013642839615159757,0.007931219904260156,0.005641187875630821,0.0044039072535293645,0.003627161336379604,0.0030927569772925306,0.7510269919601529,0.7540880938250439,0.7570748379402577,0.7599899011492119,0.7628358333320869,0.7656150648449801,0.7683299134420623
0.8342342342342343,0.05357941138683002,0.013645212629270336,0.007932695889945891,0.0056422975541234235,0.004404814081662568,0.003627936919157161,0.003093439049426256,0.751431203645444,0.7544889603749528,0.7574724016071321,0.7603842040523641,0.7632269173990153,0.7660029717598074,0.7687146846004269
0.836036036036036,0.05358801605294134,0.013647592825267807,0.007934175806591106,0.005643409872849566,0.004405722862774963,0.0036287140319315615,0.0030941223678587915,0.7518341053660045,0.7548885225215561,0.7578686665095149,0.7607772138983102,0.763616714176223,0.766389597204924,0.7690981801544945
0.8378378378378378,0.053596650489840615,0.01364998013962469,0.007935659618488775,0.005644524807192003,0.004406633578210345,0.003629492659745881,0.0030948069201453144,0.7522357034789431,0.7552867866206613,0.7582636390006918,0.7611689370366648,0.7640052300085688,0.7667749475194112,0.7694804064366065
0.8396396396396396,0.053605314441365876,0.013652374509392749,0.00793714729025804,0.005645642332773664,0.004407546209485548,0.0036302727877815123,0.0030954926939571943,0.7526360043003024,0.7556837589868518,0.758657325392579,0.7615593797755379,0.764392471199284,0.7671590290006104,0.7698613697372618
0.8414414414414414,0.05361400765367154,0.01365477587219729,0.007938638786841121,0.005646762425440155,0.004408460738289694,0.0036310544013605623,0.003096179677081788,0.7530350141053921,0.756079445893822,0.7590497319560606,0.761948548381876,0.7647784440103149,0.7675418479044672,0.7702410763054628
0.8432432432432433,0.05362272987520289,0.013657184166230374,0.007940134073503564,0.0056478850612532595,0.004409377146481628,0.0036318374859404257,0.0030968678574216446,0.7534327391291142,0.756473853574707,0.7594408649213195,0.7623364490817942,0.765163154662658,0.7679234104458693,0.7706195323490558
0.8450450450450451,0.05363148085667202,0.013659599330245187,0.007941633115827343,0.005649010216504895,0.0044102954160873,0.003632622027114626,0.0030975572229915106,0.7538291855662899,0.7568669882224099,0.7598307304781692,0.7627230880609116,0.7655466093366969,0.7683037227989845,0.7709967440350705
0.8468468468468469,0.053640260351033385,0.013662021303549923,0.007943135879709342,0.005650137867688848,0.004411215529296987,0.003633408010609819,0.003098247761917773,0.7542243595719793,0.7572588559899258,0.760219334776378,0.7631084714646768,0.7659288141725302,0.7686827910975922,0.7713727174900534
0.8486486486486486,0.05364906811346015,0.013664450026001551,0.007944642331354486,0.005651267991533149,0.004412137468469721,0.003634195422286141,0.003098939462438126,0.7546182672618018,0.7576494629906629,0.7606066839259948,0.7634926053986955,0.7663097752703021,0.7690606214354144,0.7717474588004017
0.8504504504504504,0.05365790390132014,0.013666885438000447,0.007946152437277127,0.005652400564966503,0.00441306121612463,0.003634984248133101,0.0030996323128994947,0.7550109147122501,0.7580388152987608,0.7609927839976672,0.7638754959290526,0.7666894986905246,0.7694372198664411,0.7721209740126892
0.8522522522522522,0.053666767474153186,0.013669327480484264,0.007947666164296588,0.0056535355651319286,0.004413986754939678,0.00363577447427115,0.0031003263017576055,0.7554023079610029,0.7584269189494041,0.7613776410229595,0.7642571490826305,0.7670679904544001,0.7698125924052542,0.772493269133993
0.854054054054054,0.0536756585936474,0.013671776094922459,0.007949183479530504,0.005654672969380872,0.0044149140677561816,0.0036365660869482896,0.003101021417574052,0.7557924530072343,0.7588137799391351,0.7617612609946662,0.764637570847426,0.7674452565441388,0.770186745027347,0.7728643501322144
0.8558558558558559,0.05368457702361693,0.013674231223310287,0.007950704350396132,0.005655812755276759,0.004415843137569978,0.0036373590725390843,0.003101717649017835,0.7561813558119208,0.7591994042261625,0.7621436498671238,0.7650167671728637,0.7678213029032743,0.7705596836694423,0.7732342229363991
0.8576576576576577,0.053693522529979304,0.013676692808163478,0.007952228744603662,0.005656954900570213,0.004416773947530007,0.0036381534175443653,0.003102414984861809,0.7565690222981443,0.759583797730667,0.7625248135565182,0.765394743970105,0.768196135436976,0.7709314142298052,0.7736028934370517
0.8594594594594595,0.05370249488073337,0.013679160792512857,0.007953756630155755,0.00565809938324053,0.004417706480945066,0.003638949108588101,0.003103113413983219,0.7569554583513922,0.7599669663351042,0.7629047579411898,0.7657715071123563,0.7685697600123571,0.7713019425685547,0.7739703674864489
0.8612612612612612,0.05371149384593741,0.013681635119898679,0.007955287975342744,0.005659246181442661,0.004418640721272927,0.0036397461324177505,0.0031038129253610726,0.7573406698198567,0.7603489158845045,0.7632834888619359,0.7661470624351726,0.7689421824587813,0.771671274507971,0.7743366508989489
0.863063063063063,0.053720519197687465,0.013684115734365294,0.007956822748740178,0.005660395273537217,0.004419576652121797,0.003640544475901389,0.0031045135080774522,0.757724662514728,0.7607296521867706,0.7636610121223092,0.7665214157367586,0.7693134085681662,0.7720394158328013,0.7747017494512979
0.8648648648648649,0.053729570710095695,0.01368660258045592,0.00795836091920578,0.005661546638087758,0.0044205142572518565,0.003641344126028329,0.0031052151513124727,0.7581074422104882,0.7611091810129714,0.7640373334889152,0.7668945727782674,0.7696834440952829,0.7724063722905606,0.7750656688829343
0.8666666666666667,0.053738648159270076,0.013689095603207444,0.007959902455877632,0.005662700253839763,0.004421453520563239,0.0036421450699059316,0.003105917844347534,0.7584890146451988,0.7614875080976342,0.7644124586917054,0.7672665392840959,0.7700522947580534,0.7727721495918318,0.7754284148962886
0.8684684684684685,0.053747751323292695,0.013691594748145042,0.007961447328167424,0.005663856099739612,0.004422394426113474,0.0036429472947593195,0.003106621576561655,0.7588693855207893,0.7618646391390325,0.7647863934242674,0.767637320942177,0.7704199662378454,0.773136753410561,0.7757899931570819
0.8702702702702703,0.053756879982199655,0.013694099961277429,0.007962995505762849,0.005665014154923756,0.0044233369580962524,0.003643750787930301,0.0031073263374314453,0.7592485605033396,0.7622405797994725,0.7651591433441136,0.7680069234042701,0.7707864641797635,0.7735001893843514,0.7761504092946201
0.872072072072072,0.053766033917960546,0.013696611189091315,0.007964546958620826,0.005666174398697923,0.004424281100852721,0.0036445555368754185,0.0031080321165289438,0.759626545223362,0.7626153357055772,0.7655307140729667,0.7683753522862481,0.7711517941929388,0.7738624631147537,0.7765096689020868
0.8738738738738738,0.05377521291445873,0.013699128378547015,0.007966101656965825,0.005667336810580181,0.0044252268388579,0.003645361529165677,0.0031087389035221614,0.76000334527608,0.7629889124485655,0.7659011111970413,0.7687426131683813,0.771515961850814,0.7742235801675539,0.776867777536832
0.8756756756756757,0.05378441675747106,0.0137016514770729,0.007967659571288817,0.005668501370247896,0.004426174156739182,0.003646168752484421,0.003109446688173494,0.7603789662217041,0.7633613155845312,0.7662703402673245,0.7691087115956196,0.7718789726914274,0.7745835460730576,0.7772247407206586
0.8774774774774775,0.05379364523464853,0.013704180432561242,0.007969220672340389,0.005669668057584715,0.004427123039248161,0.0036469771946264612,0.0031101554603377235,0.7607534135857047,0.7637325506347183,0.7666384067998531,0.7694736530778709,0.7722408322176934,0.7749423663263731,0.7775805639401062
0.8792792792792793,0.05380289813549688,0.013706715193362575,0.007970784931132695,0.005670836852630891,0.004428073471284567,0.0036477868434972344,0.003110865209961812,0.761126692859084,0.764102623085794,0.767005316275988,0.7698374430902784,0.7726015458976806,0.7753000463876911,0.7779352526467328
0.8810810810810811,0.05381217525135747,0.013709255708281742,0.007972352318933085,0.005672007735619393,0.004429025437881293,0.0036485976871113114,0.0031115759270854094,0.7614988094986437,0.7644715383901184,0.7673710741426866,0.7702000870734936,0.7729611191648874,0.7756565916825606,0.7782888122573922
0.8828828828828829,0.053821476375388456,0.013711801926572858,0.007973922807264134,0.0056731806869545955,0.004429978924200304,0.0036494097135918602,0.003112287601836762,0.7618697689272507,0.7648393019660118,0.7677356858127712,0.7705615904339475,0.7733195574185137,0.7760120076021637,0.7786412481545095
0.8846846846846846,0.053830801302546055,0.013714353797934365,0.007975496367899229,0.005674355687206438,0.0044309339155425165,0.003650222911167582,0.003113000224435074,0.762239576534101,0.7652059191980217,0.7680991566651978,0.7709219585441194,0.7736768660237324,0.7763662995035877,0.778992565686356
0.8864864864864865,0.05384014982956631,0.013716911272505166,0.007977072972860322,0.005675532717140909,0.004431890397334112,0.003651037268174474,0.0031137137851858466,0.7626082376749805,0.7655713954371836,0.768461492045319,0.7712811967428032,0.7740330503119566,0.7767194727100933,0.7793427701673176
0.8882882882882883,0.053849521754946325,0.013719474300859671,0.007978652594416673,0.005676711757667279,0.0044328483551395416,0.0036518527730519112,0.0031144282744846674,0.7629757576725231,0.7659357360012824,0.7688226972651467,0.7716393103353706,0.7743881155811042,0.7770715325113824,0.7796918668781636
0.8900900900900901,0.05385891687892712,0.01372204283400307,0.007980235205079875,0.0056778927898814635,0.004433807774646842,0.003652669414346546,0.0031151436828118495,0.7633421418164671,0.7662989461751101,0.7691827776036114,0.7719963045940326,0.7747420670958614,0.7774224841638605,0.7800398610663124
0.8918918918918919,0.05386833500347527,0.01372461682336753,0.007981820777604374,0.005679075795047767,0.004434768641670599,0.0036534871807015596,0.003115860000733764,0.7637073953639092,0.7666610312107207,0.7695417383068194,0.7723521847580975,0.7750949100879416,0.7777723328908999,0.7803867579460938
0.8936936936936937,0.05387777593226547,0.013727196220807503,0.007983409284981789,0.005680260754559454,0.004435730942152042,0.0036543060608663636,0.0031165772189024133,0.7640715235395553,0.7670219963276841,0.7698995845883075,0.7727069560342282,0.775446649756345,0.7781210838830978,0.7807325626990097
0.8954954954954955,0.05388723947066328,0.013729780978595356,0.00798500070044112,0.005681447650041653,0.004436694662157664,0.003655126043689021,0.003117295328053017,0.7644345315359699,0.7673818467133364,0.7702563216292956,0.7730606235966954,0.7757972912676121,0.7784687422985329,0.7810772804739919
0.8972972972972972,0.053896725425707684,0.013732371049417427,0.007986594997445045,0.005682636463219949,0.0044376597878795455,0.0036559471181178494,0.003118014319003984,0.7647964245138226,0.7677405875230281,0.7706119545789356,0.7734131925876284,0.776146839756077,0.7788153132630202,0.7814209163876573
0.8990990990990991,0.05390623360609465,0.013734966386369347,0.007988192149687363,0.005683827176020895,0.004438626305635216,0.0036567692731994195,0.003118734182655339,0.7651572076021333,0.7680982238803711,0.7709664885545612,0.7737646681172661,0.7764953003241191,0.7791608018703627,0.781763475524562
0.9009009009009009,0.0539157638221602,0.013737566942952584,0.007989792131091284,0.005685019770498432,0.004439594201839259,0.003657592498075195,0.0031194549099900887,0.765516885898514,0.7684547608774814,0.7713199286419311,0.7741150552642022,0.7768426780424098,0.7795052131826007,0.7821049629374508
0.9027027027027027,0.05392531588586347,0.013740172673069309,0.007991394915807437,0.005686214228876734,0.004440563463065935,0.0036584167819897484,0.003120176492070224,0.7658754644694084,0.7688102035752218,0.7716722798954734,0.7744643590756305,0.7771889779501592,0.7798485522302588,0.7824453836475063
0.9045045045045045,0.05393488961077093,0.013742783531019669,0.00799300047820996,0.005687410533544712,0.004441534075973078,0.003659242114273074,0.0031208989200379096,0.7662329483503301,0.7691645570034407,0.7720235473385262,0.7748125845675871,0.7775342050553598,0.7801908240125915,0.7827847426445949
0.9063063063063063,0.053944484812040075,0.013745399471496316,0.007994608792896103,0.005688608667038527,0.004442506027360579,0.0036600684843586724,0.003121622185114787,0.7665893425460988,0.7695178261612095,0.7723737359635764,0.7751597367251902,0.7778783643350276,0.7805320334978252,0.7831230448875104
0.9081081081081082,0.05395410130640314,0.01374802044958182,0.007996219834682825,0.005689808612029231,0.004443479304124063,0.003660895881772065,0.0031223462785994983,0.7669446520310733,0.7698700160170575,0.7727228507324958,0.7755058205028788,0.7782214607354412,0.7808721856233987,0.7834602953042156
0.9099099099099099,0.05396373891215192,0.013750646420743766,0.00799783357860438,0.005691010351365782,0.004444453893286499,0.0036617242961248953,0.0031230711918689103,0.7672988817493824,0.7702211315092049,0.7730708965767757,0.7758508408246466,0.7785634991723789,0.7812112852962009,0.7837964987920811
0.9117117117117117,0.053973397449121566,0.01375327734083149,0.007999449999911677,0.0056922138680436385,0.004445429781986238,0.0036625537171235717,0.003123796916376304,0.7676520366151551,0.7705711775457936,0.7734178783977588,0.7761948025842774,0.778904484531353,0.7815493373928077,0.7841316602181232
0.9135135135135135,0.05398307673867559,0.013755913166071831,0.008001069074068468,0.005693419145181178,0.004446406957456509,0.0036633841345725194,0.0031245234436498527,0.7680041215127474,0.7709201590051158,0.7737638010668697,0.7765377106455753,0.7792444216678431,0.7818863467597149,0.7844657844192379
0.9153153153153153,0.05399277660369055,0.013758553853065552,0.008002690776749422,0.005694626166081057,0.004447385407069269,0.0036642155383570197,0.0031252507652933205,0.7683551412969676,0.7712680807358405,0.7741086694258427,0.7768795698425945,0.7795833154075261,0.7822223182135701,0.7847988762024338
0.9171171171171171,0.05400249686855653,0.013761199358783663,0.00800431508383941,0.005695834914165333,0.004448365118286707,0.003665047918449174,0.0031259788729850785,0.7687051007932982,0.7716149475572379,0.7744524882869467,0.7772203849798656,0.779921170546504,0.7825572565414015,0.7851309403450627
0.918918918918919,0.05401223735914149,0.013763849640563826,0.008005941971429531,0.005697045372969175,0.004449346078687744,0.00366588126492205,0.0031267077584756615,0.7690540047981195,0.7719607642594024,0.7747952624332105,0.7775601608326216,0.7802579918515312,0.7828911665008464,0.785461981595048
0.9207207207207208,0.0540219979027464,0.013766504656106245,0.008007571415816555,0.005698257526259345,0.004450328275957577,0.0036667155679221486,0.0031274374135897365,0.7694018580789258,0.7723055356034723,0.7751369966186437,0.7778989021470201,0.7805937840602375,0.7832240528203751,0.7857920046711101
0.9225225225225225,0.05403177832815155,0.013769164363470626,0.008009203393499214,0.005699471357841387,0.004451311697882551,0.0036675508176867867,0.00312816783022304,0.7697486653745448,0.7726492663218488,0.7754776955684562,0.7782366136403648,0.7809285518813512,0.7835559201995153,0.7861210142629923
0.9243243243243243,0.05404157846557619,0.01377182872107222,0.008010837881178179,0.005700686851753178,0.004452296332369226,0.0036683870045438444,0.003128899000342934,0.7700944313953514,0.7729919611184125,0.775817363979277,0.7785733000013241,0.7812622999949187,0.7838867733090722,0.7864490150316812
0.9261261261261261,0.054051398146665326,0.013774497687678529,0.008012474855753293,0.005701903992065557,0.00445328216742012,0.0036692241188951897,0.0031296309159868363,0.7704391608234813,0.7733336246687375,0.7761560065193684,0.7789089658901482,0.7815950330525219,0.784216616791348,0.7867760116096275
0.9279279279279279,0.05406123720447518,0.01377717122240572,0.008014114294320434,0.0057031227630906746,0.004454269191137006,0.003670062151237187,0.003130363569262995,0.7707828583130426,0.7736742616203042,0.7764936278288413,0.779243615938884,0.7819267556774955,0.7845454552603593,0.787102008600964
0.9297297297297298,0.054071095473459514,0.013779849284715174,0.00801575617417075,0.005704343149220652,0.0044552573917300275,0.003670901092140363,0.003131096952347415,0.7711255284903246,0.77401387659271,0.7768302325198664,0.7795772547515882,0.7822574724651402,0.7848732933020515,0.7874270105817216
0.9315315315315316,0.054080972789455714,0.01378253183441017,0.008017400472788934,0.005705565134976125,0.004456246757518624,0.0036717409322670597,0.003131831057485347,0.7714671759540056,0.7743524741778784,0.7771658251768839,0.7799098869045381,0.7825871879829354,0.7852001354745123,0.7877510221000434
0.9333333333333333,0.05409086898967165,0.013785218831632575,0.008019047167851004,0.005706788705037586,0.00445723727691267,0.003672581662345678,0.0031325658769899567,0.7718078052753591,0.7746900589402658,0.7775004103568125,0.7802415169464414,0.7829159067707487,0.7855259863081833,0.788074047676397
0.9351351351351351,0.05410078391267149,0.013787910236859229,0.008020696237221537,0.005708013844195963,0.00445822893842196,0.003673423273201256,0.0031333014032411794,0.7721474209984568,0.7750266354170654,0.7778339925892545,0.7805721493986426,0.7832436333410451,0.7858508503060685,0.788396091803784
0.9369369369369369,0.05411071739836377,0.013790606010899176,0.008022347658953868,0.005709240537376457,0.004459221730656874,0.003674265755725809,0.00313403762868509,0.7724860276403709,0.7753622081184125,0.7781665763767011,0.7809017887553298,0.7835703721790929,0.7861747319439423,0.7887171589479491
0.9387387387387387,0.054120669287986894,0.013793306114889603,0.008024001411285864,0.0057104687696435865,0.004460215642330837,0.0036751091008963327,0.003134774545833742,0.7728236296913747,0.7756967815275844,0.7784981661947343,0.7812304394837366,0.7838961277431683,0.7864976356705549,0.7890372535475862
0.9405405405405406,0.05413063942409717,0.01379601051029357,0.008025657472638344,0.005711698526185313,0.004461210662244411,0.003675953299768664,0.0031355121472646913,0.7731602316151409,0.7760303601012003,0.7788287664922284,0.7815581060243454,0.7842209044647586,0.7868195659078354,0.7893563800145428
0.9423423423423424,0.054140627650555606,0.013798719158896378,0.008027315821617182,0.005712929792297252,0.004462206779315382,0.003676798343473548,0.003136250425619253,0.7734958378489372,0.7763629482694191,0.7791583816915475,0.7818847927910857,0.7845447067487619,0.7871405270510944,0.7896745427340219
0.9441441441441442,0.05415063381251542,0.013801432022802325,0.008028976437005429,0.005714162553418643,0.004463203982504643,0.003677644223216925,0.0031369893736031985,0.7738304528038235,0.7766945504361367,0.7794870161887446,0.7822105041715346,0.7848675389736881,0.7874605234692239,0.7899917460647853
0.9459459459459459,0.05416065775640939,0.013804149064431693,0.008030639297765865,0.005715396795105401,0.004464202260940654,0.0036784909302828295,0.0031377289839843287,0.7741640808648425,0.7770251709791779,0.7798146743537547,0.7825352445271104,0.7851894054918543,0.7877795595048943,0.7903079943393491
0.9477477477477477,0.054170699329937594,0.013806870246517833,0.008032304383037845,0.005716632503047705,0.004465201603795741,0.003679338456029032,0.003138469249594552,0.7744967263912135,0.7773548142504912,0.7801413605305909,0.7828590181932698,0.7855103106295819,0.7880976394747529,0.7906232918641839
0.9495495495495496,0.05418075838205547,0.013809595532104224,0.008033971672136342,0.005717869663040489,0.004466202000336063,0.003680186791889718,0.003139210163327204,0.7748283937165207,0.777683484576339,0.7804670790375342,0.7831818294796985,0.7858302586873891,0.7884147676696163,0.7909376429199085
0.9513513513513513,0.05419083476296092,0.013812324884540872,0.00803564114454926,0.005719108261000241,0.004467203439964397,0.003681035929367431,0.003139951718135937,0.775159087148902,0.7780111862574862,0.7807918341673254,0.7835036826705046,0.7861492539401841,0.7887309483546654,0.7912510517614848
0.9531531531531532,0.05420092832408334,0.013815058267482083,0.008037312779935342,0.005720348283012742,0.004468205912093007,0.0036818858600412086,0.003140693907036497,0.7754888109712355,0.7783379235693889,0.7811156301873524,0.7838245820244063,0.7864673006374545,0.7890461857696348,0.7915635226184083
0.954954954954955,0.05421103891807136,0.0138177956448832,0.00803898655812542,0.005721589715135414,0.004469209406283227,0.003682736575562982,0.003141436723103376,0.7758175694413241,0.7786637007623793,0.7814384713398381,0.7841445317749207,0.786784403003457,0.7893604841290036,0.7918750596948999
0.9567567567567568,0.054221166398780954,0.013820536980997594,0.008040662459115389,0.00572283254371077,0.004470213912190966,0.003683588067653073,0.0031421801594729054,0.7761453667920786,0.7789885220618504,0.7817603618420242,0.7844635361305493,0.7871005652374029,0.7896738476221821,0.7921856671700926
0.9585585585585585,0.054231310621264295,0.013823282240374053,0.00804234046307084,0.0057240767551813045,0.00447121941949678,0.0036844403281027145,0.003142924209337499,0.7764722072317,0.7793123916684386,0.7820813058863565,0.784781599274963,0.787415791513645,0.7899862804136984,0.7924953491982205
0.9603603603603603,0.05424147144175812,0.013826031387853797,0.008044020550321718,0.0057253223359225525,0.004472225918057055,0.00368529334877984,0.0031436688659498874,0.7767980949438592,0.7796353137582049,0.7824013076406661,0.7850987253671852,0.7877300859818606,0.7902977866433838,0.7928041099088023
0.9621621621621621,0.0542516487176725,0.013828784388567699,0.008045702701360782,0.005726569272641717,0.004473233397763319,0.00368614712161527,0.0031444141226201995,0.777123034087875,0.7799572924828142,0.7827203712483491,0.7854149185417717,0.788043452767233,0.7906083704265535,0.7931119534068254
0.963963963963964,0.05426184230757954,0.013831541207933506,0.00804738689684259,0.0057278175520475896,0.00447424184859037,0.003687001638604391,0.0031451599727159163,0.7774470287988915,0.7802783319697126,0.7830385008285466,0.7857301829089919,0.7883558959706329,0.7909180358541895,0.7934188837729275
0.9657657657657658,0.054272052071203,0.013834301811653349,0.008049073117583945,0.0057290671609914025,0.004475251260575511,0.0036878568918158328,0.00314590640966044,0.7777700831880534,0.7805984363223052,0.7833557004763214,0.7860445225550059,0.7886674196687968,0.7912267869931197,0.7937249050635775
0.9675675675675676,0.054282277869406106,0.013837066165710517,0.008050761344558986,0.005730318086432286,0.00447626162392023,0.003688712873393356,0.0031466534269347325,0.7780922013426804,0.7809176096201295,0.7836719742628334,0.7863579415420419,0.7889780279145043,0.7915346278861958,0.7940300213112538
0.9693693693693693,0.05429251956418211,0.013839834236367332,0.008052451558898617,0.005731570315377156,0.004477272928834438,0.003689569575527034,0.0031474010180736795,0.7784133873264382,0.7812358559190288,0.783987326235514,0.7866704439085695,0.7892877247367536,0.7918415625524694,0.7943342365246208
0.9711711711711711,0.05430277701864259,0.013842605990162054,0.008054143741891775,0.005732823835027934,0.004478285165621384,0.0036904269904932513,0.003148149176668914,0.7787336451795104,0.7815531792513252,0.7843017604182388,0.7869820336694753,0.7895965141409361,0.792147594987368,0.7946375546887057
0.972972972972973,0.05431305009700764,0.013845381393906737,0.008055837874980194,0.005734078632659575,0.004479298324693848,0.0036912851106298827,0.003148897896365188,0.7790529789187678,0.7818695836259881,0.7846152808114988,0.7872927148162331,0.7899044001090088,0.7924527291628668,0.7949399797650714
0.9747747747747748,0.0543233386645949,0.013848160414684126,0.008057533939758197,0.005735334695634364,0.004480312396530556,0.0036921439283211788,0.0031496471708627616,0.7793713925379359,0.7821850730288048,0.7849278913925695,0.7876024913170752,0.7902113865996655,0.7927569690276619,0.7952415156919892
0.9765765765765766,0.054333642587809684,0.013850943019845463,0.008059231917973197,0.0057365920114529345,0.004481327371677121,0.003693003436045521,0.0031503969939136018,0.7796888900077616,0.782499651422546,0.7852395961156794,0.7879113671171604,0.7905174775485062,0.7930603185073394,0.7955421663846101
0.9783783783783784,0.05434396173413418,0.01385372917700773,0.008060931791520627,0.005737850567706545,0.004482343240768666,0.0036938636263136155,0.0031511473593243606,0.7800054752761786,0.7828133227471334,0.7855503989121773,0.7882193461387429,0.790822676868206,0.7933627815045454,0.7958419357351336
0.9801801801801802,0.05435429597211803,0.013856518854051496,0.008062633542447453,0.005739110352071784,0.0044833599945351965,0.003694724491729679,0.0031518982609532215,0.7803211522684697,0.7831260909198027,0.785860303690696,0.7885264322813368,0.7911269884486803,0.7936643618991522,0.7961408276129762
0.9819819819819819,0.054364645171367756,0.013859312019117925,0.008064337152942984,0.005740371352351741,0.004484377623770772,0.003695586024928429,0.003152649692710055,0.7806359248874305,0.7834379598352675,0.7861693143373178,0.7888326294218816,0.7914304161572517,0.7939650635484248,0.7964388458649376
0.9837837837837838,0.054375009202537426,0.013862108640606885,0.008066042605348123,0.005741633556435167,0.004485396119322066,0.0036964482186412823,0.00315340164855766,0.7809497970135297,0.7837489333658811,0.786477434715736,0.7891379414149052,0.7917329638388129,0.7942648902871854,0.7967359943153656
0.9855855855855856,0.05438538793731841,0.013864908687173954,0.00806774988214571,0.005742896952317587,0.004486415472143838,0.003697311065629189,0.0031541541225083014,0.7812627725050681,0.7840590153617961,0.7867846686674156,0.7894423720926849,0.792034635315989,0.794563845927976,0.7970322767663198
0.9873873873873874,0.05439578124842974,0.013867712127728669,0.008069458965959357,0.005744161528098043,0.004487435673255459,0.0036981745587281335,0.0031549071086255055,0.7815748551983371,0.7843682096511231,0.7870910200117539,0.7897459252654085,0.7923354343892991,0.7948619342612201,0.7973276969977336
0.9891891891891892,0.05440618900960907,0.01387051893143127,0.008071169839558879,0.005745427271956847,0.004488456713746044,0.0036990386908349404,0.003155660601022617,0.7818860489077754,0.784676520040089,0.787396492546238,0.7900486047213334,0.7926353648373148,0.795159159055383,0.7976222587675754
0.990990990990991,0.054416611095602786,0.013873329067691564,0.008072882485850601,0.00574669417218416,0.004489478584781278,0.00369990345489852,0.0031564145938626853,0.7821963574261239,0.7849839503131932,0.7877010900466019,0.790350414226943,0.7929344304168199,0.7954555240571307,0.7979159658120071
0.9927927927927928,0.054427047382156535,0.013876142506165328,0.008074596887879893,0.0057479622171762,0.004490501277631636,0.0037007688439453235,0.003157169081357214,0.7825057845245805,0.7852905042333609,0.7880048162669817,0.7906513575271036,0.7932326348629651,0.7957510329914865,0.7982088218455423
0.9945945945945945,0.054437497746006334,0.013878959216753035,0.008076313028835633,0.005749231395388235,0.004491524783571795,0.003701634851032079,0.0031579240577678087,0.7828143339529524,0.7855961855420989,0.7883076749400709,0.7909514383452203,0.7935299818894265,0.7960456895619883,0.7985008305612037
0.9963963963963964,0.0544479620648693,0.013881779169597097,0.008078030892036943,0.005750501695408535,0.004492549094014975,0.003702501469292645,0.0031586795174025468,0.7831220094398073,0.7859009979596454,0.7886096697772714,0.7912506603833882,0.793826475188556,0.7963394974508419,0.7987919956306769
0.9981981981981982,0.054458440217434415,0.013884602335079566,0.008079750460941146,0.005751773105902754,0.0044935742003931545,0.003703368691911235,0.003159435454618323,0.7834288146926244,0.7862049451851233,0.7889108044688473,0.7915490273225471,0.7941221184315377,0.796632460319076,0.7990823207044657
1.0,0.05446893208335393,0.013887428683820138,0.008081471719137518,0.005753045615638671,0.004494600094268846,0.003704236512136979,0.0031601918638185828,0.7837347533979422,0.7865080308966873,0.7892110826840731,0.7918465428226301,0.7944169152685367,0.7969245818066921,0.7993718094120432
1.0018018018018018,0.054479437543234095,0.013890258186673887,0.008083194650350947,0.005754319213450122,0.004495626767210397,0.003705104923261085,0.0031609487394541136,0.7840398292215067,0.7868102587516744,0.7895105080713841,0.7921432105227151,0.7947108693288508,0.7972158655328173,0.7996604653620041
1.0036036036036036,0.05448995647862671,0.013893090814729019,0.008084919238435366,0.005755593888296892,0.004496654210872562,0.0037059739186417868,0.003161706076021889,0.7843440458084187,0.78711163238675,0.789809084258524,0.7924390340411726,0.7950039842210591,0.7975063150958529,0.7999482921422145
1.0054054054054054,0.05450048877202047,0.013895926539305,0.008086645467376885,0.005756869629196795,0.004497682417036408,0.0037068434916874044,0.003162463868064529,0.7846474067832764,0.7874121554180533,0.7901068148526903,0.7927340169758115,0.795296263533169,0.7977959340736217,0.8002352933199597
1.0072072072072071,0.05451103430683191,0.013898765331950034,0.008088373321290547,0.005758146425285461,0.00449871137745515,0.0037077136358618324,0.0031632221101704256,0.7849499157503221,0.7877118314413427,0.7904037034406808,0.7930281629040269,0.7955877108327633,0.7980847260235164,0.8005214724420924
1.009009009009009,0.05452159296739771,0.01390160716443892,0.008090102784417732,0.005759424265856088,0.004499741084028619,0.0037085843446824796,0.003163980796973474,0.7852515762935834,0.7880106640321392,0.7906997535890369,0.7933214753829436,0.795878329667145,0.7983726944826441,0.8008068330351783
1.010810810810811,0.054532164638965486,0.013904452008771613,0.008091833841127882,0.0057607031400338194,0.004500771528677783,0.003709455611721852,0.0031647399231514396,0.7855523919770155,0.7883086567458681,0.7909949688441872,0.7936139579495598,0.796168123563482,0.7986598429679717,0.801091378605642
1.0126126126126127,0.05454274920768633,0.013907299837170777,0.00809356647591221,0.005761983037286335,0.004501802703418204,0.0037103274306039226,0.0031654994834271794,0.7858523663446398,0.7886058131179998,0.7912893527325874,0.7939056141208884,0.7964570960289478,0.7989461749764672,0.8013751126399082
1.0144144144144145,0.054553346560605696,0.013910150622079263,0.008095300673395034,0.0057632639470861025,0.004502834600311343,0.0037111997950062575,0.0031662594725660226,0.7861515029206856,0.7889021366641904,0.7915829087608626,0.7941964473940994,0.7967452505508649,0.7992316939852442,0.8016580386045469
1.0162162162162163,0.05456395658565584,0.013913004336158923,0.00809703641831854,0.00576454585899,0.004503867211488877,0.0037120726986577136,0.0031670198853784065,0.7864498052097264,0.7891976308804198,0.7918756404159455,0.7944864612466586,0.7970325905968446,0.7995164034517005,0.8019401599464128
1.018018018018018,0.05457457917164789,0.013915860952288186,0.008098773695542683,0.0057658287626339046,0.004504900529147807,0.00371294613533952,0.003167780716716338,0.7867472766968168,0.789492299243129,0.7921675511652144,0.7947756591364663,0.7973191196149253,0.7998003068136587,0.8022214800927853
1.0198198198198198,0.0545852142082635,0.013918720443560111,0.008100512490056245,0.005767112647749333,0.004505934545556161,0.0037138200988828486,0.0031685419614757727,0.7870439208476286,0.7897861452093566,0.7924586444566304,0.7950640445019946,0.7976048410337109,0.8000834074895037,0.802502002451508
1.0216216216216216,0.05459586158604693,0.013921582783280546,0.008102252786961606,0.005768397504138013,0.004506969253024152,0.003714694583171672,0.003169303614593745,0.7873397411085861,0.7900791722168745,0.7927489237188732,0.795351620762425,0.7978897582625082,0.8003657088783214,0.8027817304111262
1.0234234234234234,0.05460652119639773,0.013924447944966008,0.008103994571490358,0.005769683321690176,0.0045080046439405054,0.0037155695821356233,0.0031700656710495568,0.7876347409069977,0.7903713836843208,0.793038392361475,0.7956383913177812,0.7981738746914611,0.8006472143600328,0.8030606673410227
1.0252252252252252,0.05461719293156289,0.013927315902342148,0.008105737828976896,0.005770970090377826,0.004509040710755561,0.003716445089760402,0.003170828125864254,0.7879289236511898,0.7906627830113337,0.7933270537749552,0.7959243595490649,0.798457193691686,0.8009279272955305,0.8033388165915532
1.027027027027027,0.05462787668462863,0.013930186629341264,0.008107482544884961,0.005772257800251288,0.0045100774459741555,0.003717321100079543,0.003171590974099295,0.7882222927306373,0.7909533735786828,0.7936149113309511,0.7962095288183878,0.7987397186154049,0.801207851026811,0.8036161814941807
1.0288288288288288,0.054638572349513664,0.013933060100101091,0.008109228704786269,0.005773546441441743,0.004511114842180268,0.003718197607166169,0.00317235421085774,0.788514851516094,0.7912431587484002,0.7939019683823508,0.7964939024691037,0.7990214527960777,0.8014869888771089,0.8038927653616089
1.0306306306306305,0.054649279820961426,0.013935936288962407,0.008110976294370869,0.005774836004158052,0.004512152891980418,0.0037190746051545265,0.0031731178312822523,0.7888066033597217,0.7915321418639097,0.7941882282634226,0.7967774838259388,0.7993023995485329,0.8017653441510266,0.804168571487913
1.0324324324324323,0.05465999899453233,0.013938815170467767,0.00811272529943815,0.005776126478690651,0.004513191588082388,0.003719952088220893,0.0031738818305553835,0.789097551595218,0.7918203262501554,0.7944736942899433,0.7970602761951215,0.7995825621690976,0.802042920134666,0.804443603148671
1.0342342342342343,0.054670729766597176,0.013941696719359043,0.008114475705907858,0.005777417855405895,0.004514230923229128,0.0037208300505909364,0.003174646203900003,0.7893876995379435,0.7921077152137301,0.7947583697593281,0.7973422828645113,0.7998619439357274,0.8023197200957579,0.8047178636010938
1.0360360360360361,0.05468147203432906,0.013944580910575915,0.008116227499804816,0.005778710124747177,0.00451527089022406,0.003721708486537015,0.0031754109465773617,0.7896770504850475,0.792394312043,0.7950422579507554,0.7976235071037246,0.8001405481081323,0.8025957472837887,0.8049913560841525
1.037837837837838,0.05469222569569706,0.013947467719254543,0.008117980667268336,0.005780003277234602,0.004516311481940268,0.0037225873903700135,0.00317617605388779,0.7899656077155931,0.7926801200082321,0.7953253621252946,0.7979039521642632,0.8004183779279055,0.8028710049301291,0.8052640838187076
1.0396396396396397,0.05470299064945838,0.013950357120725137,0.008119735194542137,0.005781297303462805,0.004517352691301966,0.003723466756459467,0.003176941521170365,0.7902533744906802,0.7929651423617164,0.7956076855260288,0.7981836212796377,0.8006954366186474,0.8031454962481592,0.8055360500076336
1.0414414414414415,0.05471376679515235,0.013953249090510258,0.008121491067985272,0.005782592194103581,0.004518394511270086,0.0037243465792123898,0.0031777073438027537,0.7905403540535703,0.7932493823378917,0.7958892313781815,0.7984625176654933,0.8009717273860919,0.8034192244333948,0.8058072578359463
1.0432432432432432,0.054724554033091954,0.013956143604323876,0.008123248274050294,0.005783887939901715,0.0045194369349065445,0.0037252268530874517,0.003178473517199401,0.7908265496298055,0.7935328431534655,0.7961700028892361,0.7987406445197315,0.8012472534182282,0.8036921926636091,0.8060777104709249
1.045045045045045,0.05473535226435861,0.013959040638068632,0.008125006799319046,0.005785184531675852,0.004520479955279393,0.0037261075725776777,0.003179240036812961,0.7911119644273321,0.7938155280075372,0.7964500032490607,0.7990180050226339,0.801522017885425,0.8039644040989583,0.8063474110622374
1.0468468468468468,0.054746161390794176,0.013961940167834965,0.008126766630460398,0.005786481960316344,0.004521523565553147,0.0037269887322361073,0.0031800068981325176,0.7913966016366186,0.7940974400817171,0.7967292356300266,0.7992946023369819,0.801796023940551,0.8042358618821015,0.8066163627420612
1.0486486486486486,0.054756981314995096,0.013964842169899063,0.008128527754257287,0.005787780216787988,0.004522567758917334,0.003727870326650546,0.003180774096684713,0.7916804644307753,0.7943785825402468,0.7970077031871294,0.799570439608178,0.8020692747190961,0.8045065691383226,0.8068845686252053
1.0504504504504504,0.0547678119403049,0.0139677466207212,0.008130290157590274,0.005789079292126765,0.004523612528643322,0.003728752350453335,0.003181541628032366,0.7919635559656717,0.7946589585301167,0.7972854090581071,0.7998455199643641,0.8023417733392905,0.80477652897565,0.8071520318092302
1.0522522522522522,0.054778653170808274,0.013970653496944152,0.008132053827444592,0.005790379177437568,0.004524657868025314,0.00372963479832281,0.003182309487773966,0.7922458793800544,0.7949385711811842,0.7975623563635587,0.8001198465165412,0.802613522902224,0.8050457444849758,0.8074187553745674
1.0540540540540542,0.05478950491132415,0.013973562775391746,0.008133818750910744,0.005791679863898629,0.004525703770433629,0.0037305176649593858,0.0031830776715449094,0.7925274377956616,0.7952174236062888,0.7978385482070598,0.8003934223586843,0.8028845264919624,0.8053142187401725,0.8076847423846367
1.055855855855856,0.05480036706739962,0.01397647443306728,0.008135584915179912,0.0057929813427581855,0.004526750229302236,0.0037314009451517383,0.003183846175014818,0.79280823431734,0.7954955189013697,0.7981139876752803,0.8006662505678612,0.8031547871756659,0.8055819547982123,0.8079499958859652
1.0576576576576577,0.05481123954530317,0.013979388447151265,0.008137352307535872,0.005794283605327966,0.004527797238068636,0.003732284633691415,0.003184614993888874,0.793088272033157,0.7957728601455782,0.7983886778380974,0.8009383342043462,0.8034243080037028,0.8058489556992805,0.8082145189083013
1.0594594594594595,0.054822122252018525,0.013982304795001128,0.008139120915371563,0.005795586642996159,0.004528844790289096,0.00373316872541645,0.0031853841239083093,0.7933675540145148,0.7960494504013926,0.798662621748711,0.8012096763117347,0.8036930920097655,0.8061152244668922,0.8084783144647322
1.0612612612612613,0.05483301509523854,0.013985223454148099,0.008140890726177375,0.0057968904472133044,0.00452989287950954,0.0037340532152244483,0.0031861535608470283,0.7936460833162634,0.796325292714731,0.7989358224437568,0.801480279917058,0.8039611422109847,0.8063807641080066,0.8087413855517972
1.063063063063063,0.05484391798335868,0.01398814440229742,0.008142661727527327,0.005798195009501119,0.004530941499369199,0.00373493809803698,0.0031869233005134,0.7939238629768104,0.7966003901150616,0.7992082829434173,0.8017501480308934,0.8042284616080406,0.8066455776131385,0.8090037351496008
1.0648648648648649,0.05485483082547117,0.01399106761732511,0.008144433907113882,0.005799500321443115,0.004531990643539025,0.003735823368819597,0.0031876933387514467,0.7942008960182323,0.7968747456155156,0.799480006251534,0.8020192836474784,0.8044950531852765,0.8069096679564721,0.8092653662219262
1.0666666666666667,0.05486575353135882,0.013993993077277793,0.008146207252705762,0.005800806374692982,0.004533040305741785,0.003736709022592789,0.003188463671436928,0.7944771854463845,0.7971483622129957,0.799750995355718,0.8022876897448196,0.8047609199108089,0.807173038095972,0.8095262817163462
1.0684684684684684,0.05487668601148895,0.013996920760370417,0.00814798175218139,0.005802113160970679,0.004534090479762831,0.0037375950544082616,0.0031892342944798147,0.7947527342510092,0.7974212428882862,0.800021253227459,0.8025553692848035,0.8050260647366382,0.8074356909734932,0.8097864845643344
1.0702702702702702,0.05488762817700763,0.013999850644985132,0.00814975739350259,0.005803420672056604,0.004535141159417618,0.0037384814593384003,0.0031900052038228905,0.7950275454058436,0.7976933906061602,0.8002907828222335,0.8028223252133048,0.8052904905987571,0.8076976295148907,0.810045977681374
1.072072072072072,0.054898579939733586,0.014002782709669719,0.00815153416472988,0.005804728899799755,0.004536192338582077,0.0037393682325129103,0.003190776395441741,0.7953016218687268,0.7979648083154878,0.8005595870796136,0.8030885604602952,0.8055542004172603,0.8079588566301287,0.8103047639670677
1.0738738738738738,0.05490954121215241,0.014005716933136268,0.00815331205401656,0.005806037836111682,0.004537244011177245,0.003740255369115026,0.003191547865344051,0.7955749665817052,0.7982354989493421,0.8008276689233723,0.8033540779399494,0.80581719709645,0.8082193752133872,0.810562846305245
1.0756756756756756,0.05492051190741106,0.014008653294259614,0.008155091049602674,0.005807347472966248,0.004538296171176102,0.0037411428643344203,0.003192319609569909,0.7958475824711398,0.7985054654251051,0.8010950312615915,0.8036188805507527,0.806079483524945,0.8084791881431703,0.81082022756407
1.0774774774774776,0.05493149193931181,0.014011591772075909,0.008156871139826707,0.0058086578024019175,0.004539348812592309,0.0037420307134155796,0.0031930916241917746,0.7961194724478082,0.798774710644573,0.8013616769867656,0.8038829711756059,0.8063410625757841,0.8087382982824113,0.811076910596147
1.0792792792792794,0.05494248122230676,0.014014532345781363,0.008158652313113777,0.00580996881651782,0.004540401929496737,0.003742918911653792,0.0031938639053128437,0.7963906394070096,0.7990432374940583,0.801627608975906,0.8041463526819295,0.8066019371065326,0.8089967084785776,0.8113328982386259
1.0810810810810811,0.05495347967149215,0.014017474994730859,0.008160434557970837,0.005811280507474005,0.004541455515992974,0.003743807454350751,0.003194636449067732,0.7966610862286668,0.7993110488444951,0.8018928300906449,0.8044090279217678,0.8068621099593851,0.809254421563776,0.811588193313307
1.082882882882883,0.05496448720260292,0.01402041969843637,0.008162217863006827,0.005812592867493677,0.004542509566245895,0.003744696336874306,0.003195409251622332,0.7969308157774289,0.79957814755154,0.802157343177338,0.8046709997318923,0.80712158396127,0.8095114403548548,0.8118427986267446
1.0846846846846847,0.05497550373200708,0.01402336643656567,0.008164002216905322,0.005813905888859994,0.004543564074460327,0.003745585554613795,0.003196182309173369,0.7971998309027717,0.7998445364556744,0.8024211510671657,0.8049322709339027,0.8073803619239505,0.8097677676535076,0.8120967169703497
1.0864864864864865,0.0549865291767008,0.01402631518894139,0.008165787608451864,0.00581521956391592,0.004544619034876589,0.003746475103000397,0.0031969556179477655,0.7974681344390987,0.8001102183823049,0.8026842565762351,0.8051928443343297,0.8076384466441273,0.8100234062463748,0.8123499511204924
1.0882882882882883,0.054997563454301984,0.014029265935539055,0.008167574026510058,0.005816533885063313,0.0045456744417992235,0.003747364977499279,0.0031977291742026582,0.7977357292058401,0.8003751961418624,0.8029466625056791,0.8054527227247338,0.8078958409035388,0.810278358905144,0.812602503838602
1.09009009009009,0.055008606483046216,0.014032218656486104,0.00816936146001452,0.005817848844765502,0.004546730289563681,0.0037482551736131653,0.0031985029742258426,0.7980026180075517,0.8006394725299025,0.8032083716417565,0.8057119088818062,0.8081525474690612,0.8105326283866507,0.8128543778712689
1.0918918918918918,0.055019658181780354,0.014035173332060691,0.0081711498980145,0.005819164435538204,0.004547786572551409,0.0037491456868759938,0.0031992770143333283,0.7982688036340125,0.8009030503272029,0.8034693867559501,0.8059704055674669,0.8084085690928068,0.8107862174329774,0.8131055759503428
1.0936936936936936,0.055030718469958106,0.014038129942690141,0.008172939329617997,0.005820480649963623,0.0045488432852029016,0.0037500365128659363,0.0032000512908722757,0.7985342888603227,0.801165932299861,0.8037297106050652,0.8062282155289635,0.8086639085122237,0.8110391287715523,0.813356100793032
1.0954954954954954,0.055041787267634576,0.014041088468949834,0.008174729744040368,0.005821797480676095,0.004549900421973483,0.003750927647189555,0.0032008258002176482,0.798799076447,0.8014281211993913,0.8039893459313259,0.8064853414989681,0.8089185684501927,0.8112913651152471,0.813605955102002
1.0972972972972972,0.05505286449546101,0.01404404889156195,0.008176521130539254,0.005823114920366515,0.004550957977391372,0.00375181908548832,0.0032016005387740677,0.799063169140074,0.8016896197628204,0.8042482954624717,0.8067417861956736,0.8091725516151237,0.8115429291624737,0.813855141565471
1.0990990990990992,0.055063950074679915,0.014047011191393954,0.008178313478507076,0.005824432961785189,0.0045520159460004095,0.003752710823437152,0.0032023755029745938,0.7993265696711828,0.8019504307127828,0.8045065619118532,0.8069975523228898,0.8094258607010523,0.8117938235972807,0.8141036628573082
1.100900900900901,0.05507504392712026,0.014049975349457844,0.008180106777382424,0.0058257515977365405,0.004553074322415949,0.00375360285675308,0.0032031506892801842,0.7995892807576658,0.8022105567576155,0.8047641479785264,0.8072526425701384,0.8096784983877345,0.8120440510894485,0.8143515216371278
1.1027027027027028,0.055086145975191944,0.014052941346908439,0.008181901016671394,0.005827070821081517,0.004554133101264607,0.003754495181178033,0.00320392609418098,0.7998513051026582,0.8024700005914515,0.8050210563473471,0.8075070596127474,0.8099304673407418,0.8122936142945848,0.8145987205503853
1.1045045045045045,0.05509725614188134,0.014055909165042369,0.00818369618600572,0.005828390624734392,0.004555192277245054,0.003755387792490643,0.0032047017141941326,0.8001126453951831,0.8027287648943121,0.8052772896890639,0.8077608061119438,0.8101817702115541,0.8125425158542169,0.8148452622284701
1.1063063063063063,0.0551083743507463,0.014058878785297053,0.008185492275065027,0.0058297110016669595,0.00455625184508081,0.003756280686503402,0.0032054775458649604,0.8003733043102437,0.8029868523322011,0.8055328506604111,0.8080138847149478,0.8104324096376541,0.8127907583958871,0.8150911492888003
1.1081081081081081,0.05511950052591122,0.014061850189249134,0.008187289273609264,0.0058310319449026895,0.004557311799531417,0.003757173859060682,0.003206253585765904,0.8006332845089138,0.8032442655571941,0.8057877419042,0.8082662980550632,0.8106823882426174,0.8130383445332431,0.8153363843349145
1.10990990990991,0.05513063459206259,0.014064823358613523,0.008189087171481797,0.00583235344751847,0.004558372135407821,0.003758067306039495,0.003207029830497603,0.80089258863843,0.8035010072075307,0.8060419660494105,0.8085180487517704,0.8109317086362064,0.8132852768661311,0.8155809699565636
1.1117117117117117,0.0551417764744437,0.014067798275242276,0.008190885958613645,0.005833675502647065,0.004559432847560219,0.0037589610233504773,0.0032078062766859317,0.8011512193322796,0.8037570799077041,0.8062955257112805,0.808769139410815,0.811180373414459,0.8135315579806855,0.8158249087298021
1.1135135135135135,0.05515292609885077,0.014070774921123186,0.008192685624984588,0.005834998103469641,0.004560493930867675,0.003759855006936398,0.003208582920984867,0.8014091792102913,0.8040124862685508,0.8065484234913972,0.8090195726242997,0.8114283851597803,0.8137771904494209,0.8160682032170788
1.1153153153153152,0.05516408339162745,0.01407375327837904,0.008194486160676735,0.005836321243226306,0.004561555380274235,0.0037607492527686704,0.0032093597600740026,0.8016664708787223,0.8042672288873389,0.8068006619777846,0.8092693509707722,0.811675746441031,0.8140221768313198,0.8163108559673263
1.117117117117117,0.055175248279661006,0.014076733329265938,0.008196287555821611,0.005837644915200319,0.004562617190725878,0.0037616437568480333,0.003210136790659972,0.8019230969303476,0.8045213103478569,0.8070522437449921,0.8095184770153143,0.8119224598136164,0.814266519671923,0.81655286951605
1.1189189189189188,0.05518642069037695,0.01407971505617294,0.008198089800656077,0.0058389691127338494,0.004563679357253817,0.003762538515228072,0.003210914009474914,0.8021790599445453,0.8047747332205001,0.8073031713541828,0.8097669533096293,0.8121685278195747,0.8145102215034165,0.8167942463854162
1.1207207207207208,0.05519760055173553,0.014082698441620039,0.008199892885474687,0.0058402938292178965,0.0045647418748706115,0.0037634335239562023,0.003211691413277072,0.8024343624873849,0.8050275000623578,0.8075534473532197,0.8100147823921295,0.8124139529876637,0.8147532848447199,0.81703498908434
1.1225225225225226,0.05520878779222647,0.014085683468257717,0.00820169680064101,0.005841619058089997,0.0045658047386837,0.003764328779146326,0.003212468998849939,0.802689007111711,0.805279613417299,0.8078030742767514,0.8102619667880219,0.8126587378334474,0.8149957122015725,0.8172751001085721
1.1243243243243244,0.05521998234086476,0.014088670118865656,0.008203501536593738,0.00584294479284464,0.004566867943804548,0.0037652242769163425,0.003213246763003068,0.80294299635723,0.8055310758160579,0.8080520546462989,0.8105085090093944,0.8129028848593824,0.8152375060666197,0.8175145819407847
1.1261261261261262,0.05523118412718649,0.014091658376351639,0.008205307083856377,0.005844271027020152,0.0045679314853974695,0.0037661200134298124,0.0032140247025701347,0.8031963327505941,0.8057818897763191,0.8083003909703403,0.8107544115553017,0.8131463965549036,0.8154786689194988,0.8177534370506582
1.127927927927928,0.05524239308124455,0.014094648223750457,0.008207113432997737,0.005845597754207264,0.004568995358651327,0.003767015984875245,0.0032148028144111107,0.8034490188054846,0.8060320578028004,0.808548085744394,0.8109996769118484,0.8133892753965071,0.8157192032269228,0.8179916678949644
1.1297297297297297,0.05525360913360385,0.0140976396442229,0.00820892057469472,0.005846924968044096,0.0045700595588032645,0.003767912187471142,0.0032155810954091557,0.8037010570226952,0.8062815823873372,0.8087951414511027,0.8112443075522731,0.8136315238478358,0.8159591114427653,0.8182292769176517
1.1315315315315315,0.05526483221533759,0.01410063262105467,0.00821072849964772,0.005848252662218635,0.004571124081122019,0.003768808617469389,0.0032163595424735836,0.8039524498902151,0.8065304660089645,0.8090415605603172,0.8114883059370323,0.813873144359762,0.8161983960081436,0.818466266549929
1.1333333333333333,0.0552760622580229,0.014103627137655497,0.008212537198667847,0.00584958083046532,0.004572188920914583,0.0037697052711408757,0.003217138152536135,0.8042031998833098,0.8067787111339996,0.8092873455291775,0.8117316745138815,0.8141141393704698,0.8164370593515015,0.8187026392103477
1.135135135135135,0.05528729919373668,0.014106623177557842,0.008214346662622836,0.005850909466567855,0.004573254073516909,0.0037706021447965516,0.0032179169225550353,0.8044533094646034,0.8070263202161233,0.8095324988021955,0.8119744157179588,0.8143545113055382,0.8166751038886915,0.8189383973048846
1.1369369369369369,0.05529854295505151,0.014109620724416,0.008216156882428794,0.00585223856435535,0.004574319534316529,0.0037714992347680654,0.0032186958495096863,0.8047027810841582,0.8072732956964606,0.8097770228113348,0.8122165319718644,0.8145942625780207,0.8169125320230562,0.8191735432270232
1.1387387387387387,0.05530979347503118,0.014112619762005237,0.008217967849111869,0.0058535681177057175,0.004575385298720353,0.003772396537426289,0.0032194749304052606,0.8049516171795557,0.8075196400036609,0.8100209199760925,0.8124580256857422,0.8148333955885276,0.8171493461455096,0.8194080793578347
1.1405405405405404,0.05532105068722741,0.014115620274220498,0.008219779553713256,0.005854898120540899,0.004576451362179038,0.0037732940491542266,0.0032202541622699927,0.8051998201759748,0.8077653555539781,0.8102641927035777,0.8126988992573595,0.8150719127253054,0.8173855486346163,0.8196420080660586
1.1423423423423424,0.05533231452567511,0.014118622245075619,0.008221591987378119,0.00585622856683183,0.004577517720174657,0.0037741917663763414,0.0032210335421549397,0.8054473924862718,0.8080104447513485,0.8105068433885917,0.8129391550721861,0.8153098163643163,0.8176211418566723,0.8198753317081823
1.1441441441441442,0.05534358492488882,0.014121625658702357,0.008223405141330369,0.005857559450592012,0.0045785843682279205,0.0037750896855359545,0.003221813067133935,0.8056943365110577,0.8082549099874704,0.8107488744137059,0.8131787955034734,0.8155471088693172,0.8178561281657835,0.8201080526285198
1.145945945945946,0.055354861819858665,0.014124630499349358,0.008225219006811058,0.005858890765883497,0.0045796513018910535,0.0037759878031169104,0.0032225927343053785,0.8059406546387763,0.8084987536418813,0.81099028814934,0.8134178229123324,0.8157837925919382,0.8180905099039437,0.8203401731592913
1.1477477477477478,0.055366145146046444,0.01412763675138121,0.008227033575141714,0.005860222506809604,0.004580718516749254,0.003776886115614489,0.0032233725407886382,0.8061863492457804,0.8087419780820347,0.8112310869538393,0.813656239647811,0.8160198698717593,0.8183242894011131,0.8205716956206994
1.1495495495495496,0.055377434839381824,0.014130644399277406,0.008228848837760443,0.005861554667522282,0.0045817860084251495,0.003777784619560306,0.0032241524837261105,0.8064314226964093,0.8089845856633777,0.8114712731735517,0.8138940480469715,0.8162553430363891,0.8185574689752952,0.8208026223210084
1.1513513513513514,0.055388730836258546,0.014133653427631445,0.008230664786080508,0.00586288724221351,0.004582853772574803,0.003778683311510021,0.0032249325602832063,0.806675877343064,0.8092265787294262,0.8117108491429037,0.8141312504349661,0.8164902144015398,0.8187900509326131,0.8210329555566191
1.1531531531531531,0.05540003307353049,0.014136663821150102,0.008232481411677857,0.005864220225122531,0.004583921804878924,0.003779582188043465,0.0032257127676465725,0.8069197155262826,0.8094679596118405,0.811949817184476,0.8143678491251138,0.8167244862711038,0.8190220375673863,0.8212626976121464
1.154954954954955,0.055411341488507966,0.014139675564652104,0.008234298706098693,0.0058655536105296025,0.004584990101056222,0.0037804812457771547,0.003226493103025125,0.8071629395748147,0.8097087306305004,0.8121881796090786,0.8146038464189743,0.8169581609372292,0.819253431162205,0.8214918507604939
1.1567567567567567,0.05542265601895421,0.014142688643067574,0.008236116661000452,0.005866887392759724,0.004586058656868849,0.0037813804813401192,0.0032272735636499506,0.8074055518056954,0.8099488940935793,0.8124259387158252,0.8148392446064235,0.8171912406803934,0.8194842339880055,0.8217204172629289
1.1585585585585585,0.05543397660308158,0.014145703041436966,0.00823793526810609,0.005868221566179419,0.0045871274680983065,0.0037822798914004846,0.003228054146773153,0.80764755452432,0.8101884522976179,0.8126630967922074,0.8150740459657273,0.817423727769479,0.8197144483041454,0.8219483993691573
1.1603603603603603,0.055445303179547635,0.014148718744910176,0.008239754519188807,0.00586955612519835,0.004588196530554819,0.003783179472640349,0.0032288348496686903,0.807888950024516,0.8104274075275981,0.8128996561141674,0.8153082527636152,0.817655624461846,0.8199440763584755,0.8221757993173971
1.162162162162162,0.055456635687452085,0.01415173573874549,0.008241574406075092,0.005870891064267334,0.004589265840093337,0.003784079221771866,0.003229615669631203,0.8081297405886153,0.8106657620570143,0.8131356189461716,0.815541867255353,0.8178869330034056,0.8201731203874146,0.8224026193344518
1.163963963963964,0.05546797406633284,0.014154754008309185,0.0082433949206829,0.005872226377875132,0.004590335392598137,0.0037849791355360246,0.0032303966039773763,0.8083699284875271,0.8109035181479468,0.8133709875412823,0.8157748916848153,0.8181176556286924,0.820401582616021,0.8226288616357823
1.1657657657657658,0.05547931825616226,0.01415777353907396,0.008245216054934541,0.00587356206057134,0.004591405183979221,0.003785879210692939,0.0032311776500434214,0.8086095159808083,0.8111406780511321,0.8136057641412295,0.8160073282845572,0.8183477945609361,0.8206294652580648,0.8228545284255802
1.1675675675675676,0.05549066819734427,0.014160794316618937,0.00824703780086893,0.005874898106915866,0.004592475210166385,0.0037867794440337955,0.003231958805187261,0.8088485053167352,0.8113772440060353,0.813839950976482,0.8162391792758859,0.8185773520121333,0.8208567705160997,0.8230796218968383
1.1693693693693694,0.055502023830710484,0.014163816326627696,0.008248860150531246,0.005876234511529981,0.004593545467150818,0.003787679832369384,0.0032327400667875156,0.8090868987323733,0.8116132182409195,0.8140735502663183,0.8164704468689311,0.8188063301831188,0.8210835005815339,0.8233041442314224
1.1711711711711712,0.055513385097516604,0.014166839554888462,0.008250683096086864,0.005877571269066025,0.004594615950929264,0.0037885803725375977,0.0032335214322422984,0.809324698453647,0.8118486029729162,0.8143065642188966,0.8167011332627157,0.8190347312636342,0.8213096576347001,0.8235280976001416
1.172972972972973,0.05552475193943949,0.01416986398729279,0.008252506629706986,0.005878908374232486,0.004595686657540256,0.0037894810614000586,0.0032343028989703093,0.8095619066954093,0.8120834004080946,0.8145389950313239,0.8169312406452245,0.8192625574324002,0.8215352438449259,0.8237514841628177
1.1747747747747748,0.05553612429857333,0.014172889609834538,0.008254330743645628,0.005880245821753124,0.004596757583044103,0.0037903818958432895,0.0032350844644106597,0.8097985256615103,0.8123176127415304,0.8147708448897256,0.8171607711934744,0.8194898108571833,0.8217602613706025,0.8239743060683558
1.1765765765765765,0.05554750211742668,0.014175916408609537,0.008256155430207222,0.005881583606407828,0.004597828723537898,0.003791282872774304,0.0032358661260217803,0.8100345575448653,0.8125512421573745,0.8150021159693139,0.8173897270735829,0.8197164936948663,0.8219847123592543,0.8241965654548113
1.1783783783783783,0.05555888533891855,0.014178944369814324,0.008257980681766704,0.005882921723011175,0.004598900075143091,0.003792183989127554,0.0032366478812822586,0.8102700045275231,0.8127842908289209,0.815232810434456,0.8176181104408357,0.8199426080915164,0.8222085989476068,0.8244182644494609
1.1801801801801801,0.055570273906375874,0.014181973479745702,0.008259806490718558,0.005884260166413508,0.0045999716340152175,0.0037930852418595535,0.0032374297276894304,0.8105048687807318,0.8130167609186734,0.8154629304387405,0.8178459234397542,0.8201681561824515,0.8224319232616539,0.8246394051688674
1.181981981981982,0.055581667763529886,0.014185003724799599,0.008261632849545016,0.0058855989315099244,0.004601043396338013,0.0037939866279515745,0.003238211662761138,0.8107391524650079,0.8132486545784134,0.8156924781250464,0.8180731682041639,0.8203931400923093,0.8226546874167266,0.8248599897189498
1.1837837837837837,0.05559306685451266,0.014188035091470421,0.008263459750776865,0.005886938013229084,0.004602115358320859,0.003794888144402605,0.0032389936840337813,0.8109728577302002,0.8134799739492656,0.8159214556256074,0.8182998468572591,0.8206175619351125,0.8228768935175579,0.8250800201950486
1.1855855855855857,0.05560447112385439,0.01419106756635045,0.008265287186994643,0.005888277406544549,0.004603187516204429,0.003795789788246081,0.003239775789062379,0.811205986715557,0.8137107211617641,0.8161498650620798,0.818525961511671,0.8208414238143357,0.8230985436583509,0.8252994986819923
1.1873873873873875,0.055615880516479775,0.014194101136128606,0.00826711515084065,0.005889617106450005,0.0046042598662596745,0.0037966915565240517,0.0032405579754219505,0.8114385415497904,0.8139408983359181,0.8163777085456064,0.8187515142695316,0.8210647278229711,0.823319639922843,0.8255184272541635
1.1891891891891893,0.055627294977705306,0.014197135787590107,0.008268943635016417,0.005890957107990622,0.0046053324047754685,0.0037975934463106193,0.0032413402407052783,0.8116705243511423,0.8141705075812762,0.8166049881768833,0.8189765072225401,0.8212874760435939,0.8235401843843723,0.8257368079755644
1.190990990990991,0.05563871445323574,0.014200171507615527,0.00827077263224753,0.0058922974062487,0.004606405128083048,0.003798495454699045,0.003242122582524701,0.8119019372274473,0.8143995509969914,0.8168317060462225,0.8192009424520266,0.8215096705484262,0.823760179105942,0.8259546428998811
1.1927927927927928,0.05565013888916134,0.014203208283180002,0.008272602135339169,0.005893637996337051,0.004607478032532808,0.0037993975788032253,0.0032429049985098607,0.8121327822761972,0.8146280306718844,0.8170578642336171,0.8194248220290168,0.8217313133994016,0.8239796261402845,0.8261719340705485
1.1945945945945946,0.05566156823195486,0.014206246101352571,0.008274432137171162,0.0058949788734104416,0.0046085511145045645,0.0038002998157638124,0.003243687486309575,0.8123630615846051,0.8148559486845084,0.8172834648088056,0.819648148014296,0.8219524066482303,0.824198527529926,0.8263886835208138
1.1963963963963964,0.05567300242846797,0.014209284949295218,0.008276262630600217,0.00589632003265661,0.004609624370404543,0.003801202162740364,0.0032444700435904873,0.8125927772296665,0.8150833071032101,0.8175085098313329,0.8198709224584709,0.8221729523364599,0.8244168853072481,0.8266048932738002
1.1981981981981982,0.055684441425928904,0.014212324814262616,0.008278093608622654,0.005897661469296013,0.0046106977966667686,0.0038021046169115975,0.0032452526680369115,0.8128219312782236,0.8153101079861942,0.8177330013506151,0.8200931474020345,0.8223929524955406,0.8246347014945533,0.8268205653425695
1.2,0.055695885171939394,0.014215365683600663,0.008279925064223481,0.005899003178587238,0.0046117713897535495,0.003803007175483668,0.0032460353573522073,0.813050525787026,0.8155363533815845,0.8179569414060005,0.8203148248754266,0.8226124091468858,0.8248519781041254,0.8270357017301853
1.2018018018018017,0.055707333614471284,0.014218407544746348,0.008281756990434874,0.0059003451558254285,0.004612845146146968,0.0038039098356778146,0.003246818109255486,0.813278562802793,0.8157620453274856,0.8181803320268316,0.8205359568990965,0.8228313243019353,0.8250687171382918,0.8272503044297738
1.2036036036036035,0.055718786701864094,0.014221450385227008,0.008283589380421792,0.005901687396339719,0.004613919062367474,0.0038048125947374323,0.00324760092148508,0.8135060443622739,0.8159871858520442,0.8184031752325066,0.8207565454835637,0.8230496999622157,0.8252849205894857,0.8274643754245863
1.2054054054054053,0.05573024438282188,0.014224494192659254,0.00828542222732996,0.005903029895493881,0.00461499313495076,0.0038057154499348306,0.003248383791795817,0.8137329724923094,0.8162117769735098,0.8186254730325399,0.8209765926294798,0.8232675381194021,0.8255005904403063,0.82767791668806
1.2072072072072073,0.05574170660641039,0.014227538954748343,0.0082872555243377,0.005904372648684406,0.004616067360461479,0.0038066183985541336,0.0032491667179609064,0.8139593492098914,0.8164358207002953,0.8188472274266227,0.8211961003276881,0.8234848407553786,0.8257157286635802,0.8278909301838787
1.209009009009009,0.05575317332205433,0.014230584659287964,0.008289089264718592,0.005905715651343203,0.004617141735494973,0.0038075214378985468,0.0032499496977691023,0.8141851765222229,0.8166593190310365,0.8190684404046832,0.8214150705592841,0.8237016098422979,0.8259303372224212,0.8281034178660327
1.2108108108108109,0.05576464447953458,0.014233631294158777,0.008290923441804376,0.0059070588989354545,0.004618216256668647,0.003808424565304296,0.0032507327290272215,0.8144104564267769,0.8168822739546514,0.8192891139469456,0.8216335052956749,0.8239178473426414,0.8261444180702895,0.8283153816788791
1.2126126126126127,0.05577612002898526,0.01423667884732847,0.008292758048913352,0.005908402386961886,0.004619290920619047,0.0038093277781130947,0.0032515158095588943,0.8146351909113558,0.8171046874503995,0.8195092500239893,0.8218514064986384,0.824133555209278,0.8263579731510515,0.8285268235572002
1.2144144144144144,0.055787599920890815,0.014239727306850334,0.008294593079479011,0.005909746110951281,0.004620365724018059,0.0038102310736936357,0.003252298937204055,0.8148593819541496,0.8173265614879405,0.8197288505968077,0.8220687761203818,0.8243487353855232,0.8265710043990387,0.8287377454262631
1.2162162162162162,0.05579908410608398,0.014242776660863392,0.008296428526919617,0.005911090066470757,0.004621440663558153,0.0038111344494369576,0.003253082109819275,0.8150830315237942,0.8175478980273918,0.8199479176168666,0.8222856161036005,0.8245633898051978,0.826783513739106,0.8289481492018782
1.218018018018018,0.05581057253574214,0.014245826897591112,0.008298264384781475,0.005912434249117804,0.00462251573595602,0.0038120379027522283,0.003253865325278477,0.8153061415794284,0.817768699019387,0.8201664530261615,0.8225019283815352,0.8247775203926849,0.8269955030866892,0.8291580367904565
1.2198198198198198,0.05582206516138544,0.014248878005340866,0.008300100646558204,0.005913778654521631,0.004623590937952488,0.003812941431065174,0.003254648581470525,0.8155287140707518,0.8179889664051326,0.8203844587572755,0.8227177148780302,0.8249911290629883,0.8272069743478635,0.829367410089068
1.2216216216216216,0.05583356193487329,0.014251929972503621,0.008301937305891667,0.00591512327834517,0.004624666266315493,0.003813845031819537,0.0032554318763011415,0.815750750938081,0.818208702116465,0.8206019367334358,0.8229329775075892,0.8252042177217889,0.8274179294193993,0.8295762709854979
1.2234234234234234,0.05584506280840296,0.014254982787552755,0.008303774356374907,0.00591646811628307,0.004625741717832175,0.003814748702488245,0.0032562152076924173,0.8159722541124066,0.8184279080759073,0.8208188888685705,0.8231477181754333,0.8254167882655016,0.8276283701888202,0.8297846213583043
1.2252252252252251,0.05585656773450549,0.014258036439043869,0.00830561179176167,0.005917813164059815,0.0046268172893216665,0.003815652440554944,0.0032569985735816055,0.8161932255154483,0.8186465861967245,0.8210353170673644,0.8233619387775559,0.8256288425813315,0.8278382985344583,0.8299924630768738
1.227027027027027,0.0558680766660441,0.01426109091561383,0.008307449605716102,0.00591915841743329,0.004627892977614139,0.003816556243521491,0.00325778197192247,0.8164136670597115,0.8188647383829807,0.8212512232253156,0.8235756412007799,0.8258403825473304,0.8280477163255111,0.8301997980014777
1.2288288288288287,0.05587958955621164,0.014264146205980328,0.008309287792024476,0.005920503872191864,0.004628968779577508,0.0038174601089137694,0.0032585654006843335,0.8166335806485416,0.8190823665295924,0.8214666092287898,0.8237888273228116,0.8260514100324509,0.8282566254220957,0.8304066279833275
1.2306306306306307,0.05589110635852727,0.014267202298941246,0.008311126344538407,0.005921849524154785,0.004630044692095111,0.003818364034276029,0.003259348857851428,0.8168529681761793,0.8192994725223852,0.8216814769550755,0.8240014990122968,0.8262619268966027,0.8284650276753046,0.8306129548646298
1.2324324324324325,0.05590262702683465,0.014270259183373941,0.008312965257133638,0.005923195369172121,0.004631120712074721,0.0038192680171669686,0.003260132341424542,0.8170718315278146,0.8195160582381469,0.8218958282724393,0.8242136581288749,0.8264719349907065,0.828672924927261,0.8308187804786413
1.2342342342342343,0.05591415151529923,0.01427331684823447,0.008314804523663193,0.005924541403123611,0.004632196836448047,0.003820172055165985,0.0032609158494186297,0.817290172579641,0.8197321255446821,0.8221096650401789,0.8244253065232332,0.8266814361567486,0.8288803190111713,0.8310241066497229
1.236036036036036,0.055925679778405804,0.014276375282557508,0.008316644138147969,0.005925887621920827,0.004633273062169128,0.0038210761458715237,0.003261699379863996,0.8175079931989091,0.8199476763008662,0.8223229891086774,0.8246364460371605,0.8268904322278342,0.8290872117513808,0.8312289351933934
1.2378378378378379,0.05593721177095564,0.0142794344754551,0.008318484094539216,0.005927234021502763,0.004634349386210942,0.0038219802868982218,0.003262482930807299,0.8177252952439796,0.8201627123566978,0.8225358023194567,0.8248470785036006,0.8270989250282414,0.8292936049634259,0.831433267916383
1.2396396396396396,0.05594874744806491,0.014282494416116683,0.008320324386881413,0.005928580597840817,0.004635425805577488,0.003822884475879719,0.0032632665003087414,0.817942080564377,0.820377235553353,0.8227481065052307,0.825057205746706,0.8273069163734748,0.8294995004540882,0.8316371066166871
1.2414414414414414,0.05596028676516147,0.014285555093807847,0.008322165009277769,0.005929927346934554,0.004636502317288531,0.0038237887104701773,0.0032640500864434497,0.8181583510008407,0.8205912477232363,0.8229599034899573,0.8252668295818897,0.8275144080703165,0.8297049000214465,0.8318404530836185
1.2432432432432432,0.055971829677982865,0.014288616497870133,0.008324005955843894,0.005931274264813229,0.0046375789183884675,0.0038246929883360026,0.0032648336873016505,0.8183741083853778,0.8208047506900342,0.8231711950888909,0.8254759518158772,0.8277214019168799,0.829909805454929,0.8320433090978593
1.245045045045045,0.05598337614257382,0.014291678617720642,0.008325847220754912,0.005932621347533774,0.004638655605938711,0.0038255973071655847,0.0032656173009884466,0.8185893545413151,0.8210177462687659,0.8233819831086345,0.8256845742467596,0.827927899702661,0.830114218535366,0.8322456764315137
1.2468468468468468,0.05599492611528402,0.014294741442851049,0.0083276887982247,0.005933968591184652,0.004639732377030604,0.003826501664662696,0.003266400925622993,0.8188040912833501,0.8212302362658356,0.8235922693471909,0.8258926986640444,0.8281339032085903,0.8303181410350412,0.8324475568481593
1.2486486486486486,0.05600647955276543,0.014297804962826986,0.008329530682498277,0.005935315991877814,0.0046408092287729364,0.0038274060585494125,0.003267184559338625,0.8190183204176019,0.8214422224790828,0.8238020555940139,0.8261003268487063,0.8283394142070837,0.8305215747177424,0.832648952102898
1.2504504504504503,0.056018036411970715,0.014300869167287835,0.00833137286788353,0.005936663545761103,0.004641886158290103,0.0038283104865639572,0.0032679682002835853,0.8192320437416619,0.8216537066978336,0.8240113436300586,0.8263074605732387,0.828544434462093,0.8307245213388127,0.832849863942407
1.2522522522522523,0.0560295966501501,0.014303934045946176,0.008333215348684682,0.005938011249004932,0.004642963162741376,0.0038292149464628695,0.003268751846618979,0.8194452630446447,0.8218646907029507,0.824220135227833,0.8265141016017041,0.8287489657291577,0.8309269826452017,0.8330502941049901
1.2540540540540541,0.056041160224849534,0.014306999588586673,0.00833505811929236,0.005939359097806629,0.004644040239300222,0.003830119436016981,0.0032695354965216945,0.8196579801072365,0.8220751762668832,0.8244284321514466,0.8267202516897834,0.828953009755453,0.831128960375514,0.8332502443206262
1.255855855855856,0.05605272709390859,0.014310065785066217,0.008336901174131581,0.005940707088397461,0.0046451173851530525,0.0038310239530181056,0.003270319148180957,0.8198701967017461,0.822285165153717,0.8246362361566609,0.8269259125848262,0.8291565682798416,0.8313304562600603,0.8334497163110205
1.2576576576576577,0.05606429721545807,0.014313132625312879,0.008338744507644031,0.0059420552170303,0.004646194597513872,0.003831928495269873,0.003271102799800791,0.8200819145921541,0.8224946591192233,0.824843548990939,0.8271310860259006,0.8293596430329221,0.8315314720209068,0.8336487117896536
1.2594594594594595,0.05607587054791732,0.01431620009932539,0.008340588114337561,0.005943403479987547,0.004647271873626695,0.0038328330605964522,0.003271886449598479,0.8202931355341604,0.8227036599109075,0.8250503723934932,0.827335773743841,0.8295622357370773,0.8317320093719232,0.8338472324618297
1.2612612612612613,0.056087447049993064,0.014319268197173043,0.00834243198874215,0.005944751873576982,0.004648349210743323,0.0038337376468360646,0.0032726700958049444,0.820503861275234,0.8229121692680585,0.8252567080953354,0.8275399774612979,0.8297643481065248,0.8319320700188321,0.8340452800247263
1.263063063063063,0.056099026680676435,0.014322336908994837,0.008344276125455756,0.005946100394136963,0.004649426606130784,0.003834642251844679,0.003273453736664671,0.8207140935546611,0.8231201889217964,0.8254625578193239,0.8277436988927858,0.8299659818473637,0.8321316556592578,0.8342428561674425
1.2648648648648648,0.056110609399240854,0.01432540622499875,0.008346120519026516,0.005947449038029176,0.004650504057101387,0.0038355468734919524,0.003274237370435465,0.8209238341035919,0.8233277205951203,0.8256679232802124,0.8279469397447307,0.8301671386576229,0.8323307679827732,0.8344399625710461
1.2666666666666666,0.05612219516524037,0.014328476135461541,0.00834796516416858,0.005948797801643717,0.004651581560957637,0.00383645150966329,0.0032750209953884874,0.8211330846450897,0.8235347660029562,0.8258728061846969,0.8281497017155186,0.8303678202273098,0.8325294086709484,0.8346366009086224
1.2684684684684684,0.056133783938507174,0.014331546630728172,0.008349810055525693,0.0059501466813958815,0.0046526591150347464,0.0038373561582680793,0.003275804609807967,0.8213418468941764,0.823741326852204,0.8260772082314636,0.8283519864955423,0.8305680282384559,0.8327275793973976,0.8348327728453204
1.2702702702702702,0.05614537567914952,0.014334617701211139,0.008351655187852714,0.005951495673725961,0.004653736716702613,0.0038382608172202576,0.0032765882119909335,0.8215501225578807,0.8239474048417845,0.8262811311112348,0.8285537957672481,0.8307677643651653,0.832925281827826,0.8350284800384011
1.272072072072072,0.056156970347549864,0.014337689337390103,0.008353500555897278,0.005952844775102955,0.004654814363321903,0.0038391654844560797,0.0032773718002480235,0.8217579133352839,0.8241530016626863,0.826484576506817,0.8287551312051835,0.8309670302736607,0.8331225176200772,0.8352237241372833
1.273873873873874,0.056168567904362574,0.01434076152981153,0.008355346154474403,0.005954193982017432,0.004655892052291681,0.003840070157924932,0.003278155372901722,0.8219652209175662,0.8243581189980111,0.8266875460931457,0.828955994476042,0.8311658276223295,0.8333192884241781,0.8354185067835896
1.2756756756756757,0.05618016831051196,0.014343834269087663,0.008357191978448022,0.005955543290988288,0.004656969781025334,0.003840974835591236,0.003278938928288598,0.8221720469880529,0.8245627585230209,0.8268900415373325,0.8291563872387107,0.8313641580617706,0.833515595882387,0.8356128296111938
1.2774774774774775,0.05619177152719025,0.014346907545899337,0.008359038022666703,0.0059568926985608586,0.004658047546955899,0.003841879515436527,0.003279722464756575,0.822378393222259,0.8247669219051819,0.8270920644987098,0.8293563111443139,0.8315620232348386,0.8337114416292365,0.8358066942462643
1.2792792792792793,0.05620337751585573,0.014349981350990398,0.00836088428199379,0.005958242201303016,0.0046591253475343685,0.0038427841954551557,0.003280505980667282,0.8225842612879363,0.824970610804212,0.8272936166288771,0.8295557678362611,0.8317594247766914,0.8339068272915819,0.8360001023073123
1.281081081081081,0.05621498623823054,0.014353055675165188,0.00836273075146995,0.005959591795808278,0.0046602031802316845,0.00384368887365719,0.003281289474394211,0.822789652845116,0.8251738268721236,0.8274946995717449,0.8297547589502896,0.8319563643148329,0.8341017544886438,0.8361930554052344
1.2828828828828829,0.056226597656298734,0.014356130509295278,0.008364577426029283,0.005960941478695778,0.004661281042536269,0.0038445935480713334,0.0032820729443227793,0.8229945695461548,0.8253765717532696,0.8276953149635803,0.8299532861145104,0.832152843469159,0.834296224832054,0.8363855551433584
1.2846846846846847,0.0562382117323043,0.014359205844316603,0.008366424300648838,0.005962291246604856,0.0046623589319561955,0.0038454982167370278,0.003282856388851761,0.8231990130357796,0.8255788470843878,0.8278954644330512,0.8301513509494527,0.8323488638520022,0.8344902399259001,0.8365776031174881
1.2864864864864864,0.05624982842874962,0.014362281671227628,0.008368271370464982,0.0059636410962070775,0.004663436846016539,0.0038464028777071635,0.0032836398063912204,0.8234029849511296,0.8257806544946436,0.8280951496012697,0.8303489550681075,0.8325444270681749,0.8346838013667686,0.8367692009159463
1.2882882882882882,0.0562614477083929,0.014365357981089986,0.00837011863054677,0.005964991024188412,0.004664514782262216,0.0038473075290525694,0.003284423195363246,0.8236064869218019,0.8259819956056752,0.8282943720818366,0.8305461000759713,0.8327395347150135,0.8348769107437894,0.8369603501196193
1.29009009009009,0.05627306953424671,0.014368434765027105,0.008371966075961674,0.0059663410272666586,0.004665592738254731,0.0038482121688573024,0.0032852065542032,0.8238095205698942,0.8261828720316365,0.828493133480885,0.8307427875710904,0.8329341883824222,0.8350695696386797,0.8371510523020004
1.2918918918918918,0.056284693869576,0.014371512014224548,0.008373813701980615,0.00596769110218425,0.0046666707115742756,0.003849116795216505,0.0032859898813565004,0.8240120875100472,0.8263832853792398,0.8286914353971223,0.8309390191441027,0.8331283896529155,0.8352617796257857,0.8373413090292323
1.2936936936936936,0.056296320677895945,0.01437458971992887,0.008375661503695444,0.005969041245699096,0.004667748699822227,0.0038500214062522353,0.0032867731752816826,0.8242141893494884,0.8265832372477993,0.8288892794218743,0.8311347963782822,0.8333221401016618,0.8354535422721272,0.8375311218601514
1.2954954954954956,0.05630794992297085,0.014377667873447788,0.008377509476396308,0.005970391454592026,0.004668826700607642,0.0038509260000770497,0.0032875564344485575,0.8244158276880745,0.8267827292292731,0.8290866671391272,0.8313301208495804,0.8335154412965259,0.835644859137439,0.837720492346329
1.2972972972972974,0.05631958156881127,0.014380746466149175,0.008379357615279748,0.005971741725683678,0.004669904711566523,0.003851830574848074,0.003288339657338387,0.8246170041183328,0.8269817629083062,0.82928360012557,0.8315249941266686,0.8337082947981104,0.8358357317742134,0.8379094220321139
1.2990990990990992,0.05633121557967299,0.014383825489460995,0.008381205915738654,0.00597309205579596,0.004670982730336043,0.00385273512870892,0.003289122842444314,0.8248177202255039,0.827180339862271,0.829480079950636,0.8317194177709804,0.8339007021597986,0.8360261617277428,0.8380979124546748
1.300900900900901,0.0563428519200549,0.014386904934870444,0.008383054372977023,0.005974442441790652,0.004672060754609083,0.0038536396598273077,0.0032899059882708515,0.8250179775875831,0.8273784616613109,0.8296761081765456,0.8319133933367536,0.8340926649277963,0.8362161505361605,0.8382859651440419
1.3027027027027027,0.05635449055469705,0.014389984793924187,0.008384902982449665,0.005975792880538368,0.004673138782061024,0.0038545441663895286,0.0032906890933336952,0.8252177777753618,0.8275761298683801,0.8298716863583463,0.8321069223710705,0.8342841846411724,0.8364056997304826,0.8384735816231477
1.3045045045045045,0.05636613144857931,0.01439306505822727,0.008386751739550136,0.0059771433689478504,0.004674216810389803,0.003855448646590709,0.0032914721561598643,0.8254171223524681,0.8277733460392854,0.830066816043955,0.8323000064139007,0.8344752628319007,0.8365948108346497,0.8386607634078691
1.3063063063063063,0.05637777456691921,0.014396145719442699,0.008388600639657993,0.005978493903929444,0.004675294837314611,0.003856353098638457,0.0032922551752874647,0.8256160128754084,0.8279701117227269,0.8302614987741983,0.8324926469981399,0.8346659010249003,0.836783485365566,0.838847512007067
1.308108108108108,0.05638941987517032,0.014399226769291744,0.008390449678291945,0.005979844482437173,0.004676372860572621,0.0038572575207563215,0.0032930381492661015,0.8258144508936073,0.8281664284603385,0.8304557360828526,0.8326848456496521,0.8348561007380768,0.8369717248331419,0.8390338289226278
1.3099099099099099,0.05640106733902053,0.01440230819955235,0.008392298850881852,0.005981195101440382,0.004677450877916933,0.0038581619111810934,0.0032938210766559734,0.8260124379494479,0.8283622977867279,0.8306495294966854,0.8328766038873093,0.8350458634823615,0.8371595307403327,0.8392197156495035
1.3117117117117116,0.056412716924390455,0.014405390002060075,0.008394148152999992,0.005982545757913206,0.00467852888711216,0.003859066268159017,0.0032946039560284935,0.8262099755783119,0.8285577212295171,0.8308428805354942,0.8330679232230312,0.8352351907617526,0.8373469045831793,0.8394051736757511
1.3135135135135134,0.056424368597431274,0.014408472168706426,0.00839599758014155,0.005983896448874505,0.004679606885947564,0.003859970589954702,0.003295386785965891,0.8264070653086194,0.8287527003093821,0.8310357907121475,0.833258805161826,0.8354240840733542,0.8375338478508484,0.839590204482573
1.3153153153153152,0.05643602232452373,0.014411554691439002,0.008397847127947078,0.005985247171361269,0.004680684872221698,0.0038608748748416894,0.003296169565060228,0.8266037086618678,0.8289472365400914,0.8312282615326229,0.8334492512018281,0.8356125449074159,0.8377203620256706,0.8397748095443562
1.3171171171171172,0.05644767807227581,0.014414637562261324,0.008399696792019684,0.005986597922416213,0.0046817628437533865,0.0038617791211092035,0.0032969522919159555,0.8267999071526717,0.8291413314285464,0.8314202944960472,0.833639262834339,0.8358005747473719,0.8379064485831805,0.8399589903287111
1.318918918918919,0.05645933580752135,0.014417720773231857,0.00840154656798001,0.0059879486991225896,0.004682840798374396,0.0038626833270567484,0.003297734965146578,0.8269956622888012,0.8293349864748196,0.8316118910947349,0.833828841543865,0.8359881750698804,0.838092108992156,0.840142748296511
1.3207207207207208,0.05647099549731863,0.014420804316464308,0.008403396451579883,0.005989299498567238,0.004683918733935969,0.0038635874909977996,0.0032985175833775294,0.8271909755712202,0.8295282031721932,0.8318030528142268,0.8340179888081566,0.8361753473448613,0.8382773447146554,0.8403260849019301
1.3225225225225226,0.05648265710894825,0.01442388818412613,0.008405246438404805,0.005990650317871239,0.00468499664830083,0.0038644916112589496,0.003299300145243203,0.827385848494126,0.8297209830071978,0.8319937811333289,0.8342067060982467,0.8363620930355355,0.8384621572060577,0.8405090015924819
1.3243243243243243,0.056494320609911726,0.01442697236843945,0.008407096524378606,0.005992001154170962,0.004686074539352578,0.0038653956861785755,0.003300082649389635,0.8275802825449864,0.8299133274596506,0.8321840775241502,0.8343949948784887,0.8365484135984632,0.8386465479150994,0.8406914998090586
1.3261261261261261,0.05650598596793018,0.014430056861679672,0.008408946705114733,0.005993352004621493,0.0046871524049840576,0.0038662997141074096,0.0033008650944721064,0.8277742792045775,0.8301052380026928,0.8323739434521402,0.8345828566065941,0.8367343104835803,0.8388305182839125,0.8408735809859667
1.327927927927928,0.05651765315094219,0.014433141656175548,0.008410796976460284,0.005994702866402246,0.004688230243110222,0.0038672036934080467,0.0033016474791565742,0.8279678399470217,0.8302967161028271,0.832563380376127,0.8347702927336705,0.8369197851342373,0.8390140697480625,0.8410552465509662
1.3297297297297297,0.05652932212710263,0.014436226744308634,0.008412647334254222,0.005996053736710479,0.0046893080516539854,0.003868107622456532,0.003302429802119652,0.8281609662398249,0.830487763219956,0.8327523897483544,0.8349573047042588,0.8371048389872364,0.8391972037365854,0.8412364979253074
1.3315315315315315,0.056540992864780676,0.014439312118512966,0.008414497774354815,0.0059974046127639425,0.004690385828561833,0.00386901149963995,0.003303212062046899,0.8283536595439137,0.8306783808074177,0.8329409730145193,0.8351438939563701,0.8372894734728684,0.8393799216720249,0.841417336523768
1.3333333333333333,0.056552665332559156,0.014442397771274698,0.008416348292607352,0.005998755491804191,0.0046914635717868625,0.0038699153233589284,0.0033039942576345966,0.8285459213136719,0.8308685703120242,0.8331291316138084,0.8353300619215231,0.8374736900149498,0.8395622249704695,0.8415977637546901
1.335135135135135,0.05656433949923172,0.014445483695131496,0.008418198885005708,0.006000106371087641,0.004692541279303789,0.0038708190920228192,0.003304776387588748,0.8287377529969774,0.8310583331740966,0.8333168669789345,0.8355158100247803,0.837657490030859,0.8397441150415886,0.8417777810200161
1.3369369369369368,0.05657601533380234,0.014448569882672513,0.008420049547412647,0.006001457247887587,0.004693618949097905,0.003871722804057184,0.0033055584506254754,0.8289291560352382,0.8312476708275023,0.8335041805361734,0.835701139684784,0.837840874931573,0.839925593288669,0.8419573897153257
1.3387387387387388,0.05658769280548326,0.014451656326537934,0.008421900275871672,0.0060028081195054395,0.004694696579172272,0.0038726264578962744,0.003306340445469878,0.8291201318634291,0.8314365846996912,0.8336910737053996,0.8358860523137934,0.8380238461217034,0.8401066611086512,0.8421365912298722
1.3405405405405406,0.05659937188369368,0.014454743019418117,0.008423751066372593,0.006004158983257932,0.004695774167542077,0.0038735300519861433,0.0033071223708573167,0.8293106819101266,0.8316250762117302,0.8338775479001221,0.8360705493177193,0.8382064049995318,0.8402873198921644,0.8423153869466163
1.3423423423423424,0.056611052538058246,0.014457829954054027,0.008425601914890724,0.006005509836479564,0.004696851712240244,0.0038744335847857537,0.0033079042255319546,0.8295008075975459,0.8318131467783414,0.834063604527521,0.836254632096161,0.8383885529570468,0.8404675710235641,0.8424937782422653
1.3441441441441442,0.056622734738405775,0.014460917123236414,0.008427452817544501,0.006006860676524545,0.004697929211311989,0.0038753370547645683,0.0033086860082499454,0.8296905103415747,0.8320007978079346,0.8342492449884811,0.8364383020424404,0.8385702913799773,0.8406474158809646,0.8426717664873049
1.345945945945946,0.05663441845476711,0.014464004519805387,0.00842930377035037,0.006008211500770402,0.004699006662812533,0.0038762404604049273,0.0033094677177738507,0.8298797915518094,0.8321880307026445,0.8344344706776287,0.8366215605436378,0.8387516216478292,0.8408268558362765,0.8428493530460358
1.3477477477477477,0.056646103657374526,0.014467092136650046,0.008431154769538325,0.006009562306595375,0.004700084064819302,0.003877143800197816,0.003310249352876826,0.8300686526315896,0.8323748468583648,0.8346192829833655,0.8368044089806271,0.8389325451339201,0.8410058922552405,0.8430265392766089
1.3495495495495495,0.056657790316659754,0.014470179966708501,0.00843300581112922,0.006010913091440449,0.004701161415416956,0.003878047072648922,0.003311030912341607,0.830257094978033,0.832561247664783,0.8348036832879044,0.8369868487281099,0.8391130632054135,0.8411845264974621,0.8432033265310592
1.3513513513513513,0.05666947840325254,0.014473268002967252,0.008434856891323188,0.00601226385270107,0.004702238712711312,0.0038789502762712914,0.003311812394960113,0.8304451199820698,0.8327472345054149,0.8349876729673026,0.8371688811546503,0.8392931772233531,0.8413627599164464,0.8433797161553409
1.353153153153153,0.056681167887979673,0.01447635623846071,0.008436708006348055,0.006013614587849737,0.0047033159548152915,0.003879853409590358,0.0033125937995331922,0.8306327290284767,0.8329328087576385,0.8351712533914966,0.8373505076227088,0.839472888542698,0.8415405938596319,0.8435557094893605
1.3549549549549549,0.05669285874186287,0.01447944466627114,0.00843855915243636,0.00601496529434534,0.004704393139848558,0.0038807564711478755,0.003313375124870653,0.8308199234959108,0.8331179717927286,0.8353544259243357,0.8375317294886765,0.8396521985123552,0.8417180296684242,0.8437313078670116
1.3567567567567567,0.05670455093611811,0.014482533279528038,0.00844041032578567,0.006016315969681091,0.0047054702659853655,0.003881659459486407,0.003314156369792376,0.8310067047569443,0.8333027249758903,0.835537191923617,0.837712548102909,0.839831108475215,0.8418950686782309,0.8439065126162085
1.3585585585585584,0.05671624444215377,0.014485622071407958,0.008442261522668582,0.006017666611333674,0.004706547331343014,0.003882562373167372,0.003314937533125363,0.8311930741780963,0.8334870696662922,0.8357195527411172,0.8378929648097596,0.8400096197681829,0.8420717122184935,0.8440813250589192
1.3603603603603602,0.05672793923156942,0.014488711035134254,0.008444112739436205,0.006019017216856556,0.004707624334120372,0.0038834652107600743,0.0033157186137080675,0.831379033119868,0.8336710072170999,0.8359015097226272,0.8380729809476128,0.8401877337222142,0.842247961612722,0.8442557465111991
1.3621621621621622,0.05673963527615431,0.014491800163976632,0.008445963972383523,0.00602036778376634,0.00470870127249136,0.0038843679708435875,0.003316499610384668,0.831564582936775,0.8338545389755099,0.8360830642079847,0.8382525978489178,0.8403654516623463,0.8424238181785271,0.844429778283224
1.363963963963964,0.056751332547886446,0.014494889451250515,0.008447815217877153,0.006021718309616524,0.0047097781446525655,0.0038852706520121627,0.003317280522010841,0.8317497249773793,0.834037666282781,0.8362642175311072,0.8384318168402201,0.8405427749077318,0.8425992832276534,0.8446034216793223
1.3657657657657658,0.05676303101893041,0.0144979788903175,0.00844966647223041,0.006023068792005394,0.004710854948814101,0.003886173252861764,0.003318061347449322,0.8319344605843235,0.8342203904742682,0.8364449710200244,0.8386106392421955,0.840719704771671,0.8427743580660121,0.8447766779980086
1.3675675675675676,0.056774730661637185,0.014501068474584163,0.008451517731894056,0.006024419228491601,0.004711931683199325,0.0038870757720087996,0.003318842085572918,0.8321187910943622,0.8344027128794548,0.8366253259969109,0.838789066369682,0.8408962425616444,0.8429490439937128,0.8449495485320149
1.3693693693693694,0.05678643144854183,0.014504158197502264,0.008453368993367254,0.006025769616706517,0.004713008346044362,0.0038879782080746272,0.0033196227352614766,0.8323027178383948,0.8345846348219843,0.8368052837781188,0.838967099531712,0.8410723895793455,0.8431233423050969,0.845122034568324
1.3711711711711712,0.05679813335236254,0.014507248052568294,0.008455220253004095,0.006027119954268602,0.004714084935598899,0.003888880559689738,0.003320403295404014,0.8324862421414975,0.8347661576196928,0.8369848456742088,0.8391447400315444,0.8412481471207115,0.843297254288768,0.8452941373882003
1.372972972972973,0.056809836345999454,0.014510338033323005,0.008457071507258527,0.006028470238818092,0.004715161450122312,0.0038897828254976148,0.003321183764898158,0.8326693653229542,0.8349472825846406,0.837164012989983,0.8393219891666962,0.841423516475956,0.8434707812276248,0.845465858267222
1.3747747747747747,0.05682154040253338,0.014513428133351372,0.00845892275270464,0.00602982046801578,0.004716237887891772,0.0038906850041513664,0.0033219641426499736,0.8328520886962896,0.835128011023144,0.8373427870245155,0.8394988482289742,0.8415984989296006,0.8436439243988921,0.8456371984753129
1.3765765765765765,0.0568332454952241,0.014516518346282075,0.00846077398586661,0.006031170639543615,0.004717314247192921,0.003891587094313158,0.0033227444275734414,0.8330344135692992,0.8353083442358066,0.8375211690711847,0.8396753185045066,0.8417730957605057,0.8438166850741524,0.8458081592767731
1.3783783783783783,0.05684495159750986,0.014519608665787338,0.008462625203230743,0.006032520751072396,0.004718390526325864,0.0038924890946568447,0.0033235246185916918,0.8332163412440818,0.8354882835175508,0.8376991604177041,0.8398514012737741,0.8419473082419024,0.8439890645193773,0.845978741930311
1.38018018018018,0.05685665868300516,0.014522699085582267,0.008464476401464034,0.006033870800332432,0.004719466723602445,0.0038933910038650194,0.0033243047146349464,0.833397873017069,0.8356678301576475,0.8378767623461527,0.8400270978116399,0.8421211376414223,0.8441610639949568,0.8461489476890722
1.381981981981982,0.056868366725500344,0.014525789599425108,0.00846632757707731,0.006035220785042166,0.004720542837347542,0.0038942928206285705,0.0033250847146421647,0.8335790101790579,0.8358469854397491,0.8380539761330075,0.8402024093873826,0.8422945852211295,0.8443326847557331,0.8463187778006733
1.3837837837837839,0.05688007569895995,0.014528880201116439,0.00846817872675617,0.006036570702942786,0.00472161886589744,0.0038951945436514397,0.003325864617559856,0.8337597540152393,0.8360257506419182,0.8382308030491719,0.8403773372647243,0.8424676522375506,0.8445039280510275,0.8464882335072295
1.3855855855855856,0.056891785577521434,0.014531970884499153,0.008470029847097152,0.006037920551791467,0.004722694807601425,0.0038960961716461018,0.003326644422343491,0.8339401058052301,0.8362041270366586,0.8384072443600072,0.8405518827018627,0.8426403399417046,0.8446747951246735,0.8466573160453862
1.3873873873873874,0.05690349633549442,0.014535061643458032,0.00847188093480625,0.0060392703293624984,0.004723770660820176,0.003896997703332675,0.003327424127956058,0.834120066823103,0.8363821158909456,0.8385833013253634,0.8407260469515005,0.8428126495791339,0.8448452872150455,0.8468260266463491
1.3891891891891892,0.056915207947358715,0.014538152471919457,0.008473731986570594,0.006040620033444886,0.004724846423926359,0.0038978991374434913,0.0033282037333683795,0.8342996383374158,0.8365597184662562,0.8387589751996076,0.8408998312608758,0.8429845823899336,0.8450154055550892,0.8469943665359138
1.390990990990991,0.05692692038776373,0.01454124336385135,0.008475582999051315,0.0060419696618442265,0.004725922095304567,0.0038988004727182096,0.003328983237558845,0.8344788216112417,0.8367369360185981,0.8389342672316553,0.8410732368717911,0.8431561396087812,0.8451851513723513,0.8471623369344954
1.3927927927927928,0.05693863363152737,0.014544334313262264,0.008477433969065957,0.006043319212382135,0.004726997673351671,0.0038997017079079876,0.003329762639514122,0.834657617902199,0.8369137697985404,0.839109178664999,0.8412462650206438,0.8433273224649669,0.8453545258890086,0.8473299390571583
1.3945945945945946,0.05695034765363417,0.014547425314201912,0.008479284893336825,0.006044668682893661,0.004728073156476054,0.003900602841771104,0.0033305419382280944,0.8348360284624804,0.837090221051242,0.8392837107377379,0.8414189169384549,0.843498132182422,0.8455235303218979,0.8474971741136452
1.3963963963963963,0.05696206242923467,0.014550516360760402,0.008481135768671107,0.006046018071231745,0.0047291485430979,0.0039015038730757985,0.003331321132703846,0.8350140545388824,0.8372662910164815,0.8394578646826075,0.8415911938508991,0.843668569979749,0.8456921658825451,0.8476640433084068
1.3981981981981981,0.05697377793364447,0.014553607447067716,0.008482986591811284,0.006047367375263568,0.004730223831649735,0.0039024048006019996,0.0033321002219494867,0.8351916973728338,0.8374419809286858,0.8396316417270078,0.8417630969783321,0.8438386370702495,0.8458604337771933,0.8478305478406295
1.4,0.05698549414234223,0.01455669856729396,0.008484837359675612,0.006048716592872205,0.004731299020571741,0.0039033056231358044,0.0033328792049826445,0.8353689582004251,0.8376172920169592,0.8398050430930329,0.8419346275358212,0.844008334661954,0.8460283352068328,0.8479966889042653
1.4018018018018017,0.056997211030969344,0.014559789715649116,0.008486688069039199,0.006050065721954275,0.004732374108321169,0.0039042063394783473,0.0033336580808285433,0.835545838252437,0.837792225505112,0.8399780699974992,0.8421057867331727,0.8441776639576497,0.8461958713672287,0.8481624676880597
1.4036036036036037,0.05700892857532853,0.014562880886381895,0.008488538716809624,0.0060514147604236535,0.004733449093360344,0.003905106948426781,0.0033344368485181486,0.8357223387543689,0.8379667826116891,0.8401507236519743,0.8422765757749614,0.8443466261549097,0.8463630434489501,0.8483278853755806
1.4054054054054055,0.057020646751382645,0.014565972073780646,0.008490389299897856,0.006052763706207141,0.00473452397417048,0.0039060074487975117,0.0033352155070920054,0.8358984609264665,0.8381409645499974,0.8403230052628041,0.8424469958605577,0.8445152224461205,0.8465298526373968,0.8484929431452454
1.4072072072072073,0.05703236553525341,0.014569063272172205,0.008492239815171236,0.00605411255724759,0.004735598749237346,0.003906907839407344,0.0033359940555961155,0.8360742059837519,0.838314772528136,0.8404949160311431,0.8426170481841568,0.8446834540185107,0.8466963001128296,0.8486576421703508
1.409009009009009,0.05704408490322066,0.014572154475921844,0.008494090259598241,0.006055461311502443,0.0047366734170607595,0.003907808119107165,0.0033367724930850446,0.8362495751360488,0.8384882077490213,0.8406664571529795,0.8427867339348053,0.8448513220541779,0.846862387050396,0.8488219836190981
1.4108108108108108,0.0570558048317212,0.014575245679433373,0.008495940630119459,0.0060568099669430055,0.0047377479761490406,0.003908708286720392,0.003337550818619718,0.8364245695880129,0.8386612714104176,0.8408376298191658,0.8429560542964305,0.8450188277301177,0.8470281146201593,0.8489859686546235
1.4126126126126126,0.05706752529734738,0.014578336877148346,0.008497790923750057,0.006058158521556112,0.00473882242502461,0.003909608341096976,0.003338329031269341,0.8365991905391569,0.8388339647049619,0.8410084352154436,0.8431250104478661,0.8451859722182499,0.8471934839871248,0.8491495984350231
1.4144144144144144,0.05707924627684644,0.014581428063546056,0.008499641137471925,0.006059506973340947,0.0047398967622127265,0.003910508281105396,0.003339107130109637,0.8367734391838804,0.8390062888201936,0.8411788745224732,0.8432936035628814,0.8453527566854466,0.8473584963112686,0.8493128741133822
1.4162162162162162,0.05709096774714874,0.014584519233143427,0.008501491268286381,0.006060855320313624,0.004740970986268641,0.003911408105605307,0.0033398851142226577,0.8369473167114952,0.8391782449385807,0.8413489489158598,0.8434618348102071,0.8455191822935596,0.8475231527475634,0.8494757968378007
1.418018018018018,0.057102689685281996,0.01458761038049418,0.008503341313260249,0.006062203560503116,0.004742045095739611,0.003912307813472357,0.003340662982698718,0.837120824306254,0.8393498342375468,0.8415186595661805,0.843629705353563,0.8456852501994464,0.8476874544460061,0.8496383677514217
1.4198198198198198,0.05711441206844739,0.014590701500189467,0.008505191269447883,0.006063551691952448,0.004743119089189023,0.003913207403590135,0.003341440734634398,0.8372939631473753,0.8395210578894978,0.8416880076390113,0.8437972163516844,0.8458509615549977,0.8478514025516444,0.8498005879924561
1.4216216216216215,0.05712613487400024,0.014593792586856731,0.008507041133931859,0.006064899712725327,0.00474419296519216,0.003914106874849388,0.0033422183691340325,0.8374667344090718,0.8396919170618496,0.8418569942949539,0.8439643689583491,0.8460163175071641,0.8480149982046034,0.8499624586942113
1.4234234234234233,0.05713785807944527,0.014596883635159874,0.008508890903816187,0.00606624762087298,0.004745266722333171,0.003915006226154483,0.003342995885306986,0.8376391392605763,0.839862412917053,0.8420256206896615,0.8441311643224038,0.8461813191979818,0.8481782425401119,0.8501239809851162
1.4252252252252253,0.05714958166243551,0.014599974639799165,0.00851074057622655,0.006067595414500446,0.004746340359207735,0.003915905456401366,0.00334377328227174,0.8378111788661684,0.8400325466126219,0.8421938879738669,0.8442976035877905,0.8463459677646002,0.8483411366885292,0.8502851559887483
1.427027027027027,0.05716130560077129,0.014603065595510627,0.008512590148325394,0.0060689430916989195,0.0047474138744212835,0.003916804564524843,0.0033445505591520597,0.8379828543851997,0.840202319301158,0.842361797293406,0.8444636878935722,0.8465102643393065,0.8485036817753702,0.8504459848238586
1.428828828828829,0.05717302987239961,0.01460615649706579,0.008514439617255365,0.006070290650580607,0.004748487266589655,0.0039177035494374025,0.0033453277150791794,0.8381541669721212,0.8403717321303775,0.8425293497892467,0.8446294183739594,0.8466742100495527,0.8486658789213324,0.8506064686043988
1.4306306306306307,0.05718475445541249,0.014609247339271998,0.008516288980181148,0.006071638089277607,0.004749560534338552,0.003918602410073262,0.0033461047491904878,0.8383251177765082,0.8405407862431371,0.8426965465975124,0.844794796158336,0.8468378060179812,0.848827729242321,0.8507666084395463
1.4324324324324325,0.057196479328046244,0.014612338116971315,0.008518138234344679,0.006072985405916339,0.004750633676304128,0.00391950114537292,0.003346881660630558,0.8384957079430865,0.8407094827774589,0.8428633888495088,0.8449598223712838,0.84700105336245,0.8489892338494743,0.8509264054337294
1.4342342342342342,0.05720820446868091,0.014615428825041108,0.008519987376944387,0.00607433259864947,0.004751706691132419,0.003920399754289753,0.0033476584485498473,0.8386659386117579,0.8408778228665573,0.8430298776717499,0.84512449813261,0.8471639531960587,0.8491503938491901,0.851085860686654
1.436036036036036,0.05721992985583857,0.014618519458393113,0.008521836405231758,0.006075679665660043,0.004752779577479327,0.003921298235777994,0.003348435112106315,0.8388358109176249,0.8410458076388627,0.8431960141859813,0.8452888245573704,0.8473265066271733,0.8493112103431497,0.851244975293327
1.4378378378378378,0.05723165546818279,0.014621610011973707,0.008523685316457022,0.006077026605109083,0.00475385233401079,0.0039221965888016465,0.003349211650463313,0.8390053259910171,0.8412134382180478,0.8433617995092079,0.845452802755896,0.8474887147594516,0.8494716844283438,0.8514037503440828
1.4396396396396396,0.05724338128451749,0.01462470048076338,0.008525534107925321,0.006078373415189036,0.004754924959405802,0.003923094812333597,0.0033499880627919166,0.8391744849575157,0.8413807157230533,0.8435272347537176,0.8456164338338178,0.8476505786918688,0.8496318171970977,0.851562186924608
1.4414414414414414,0.05725510728378637,0.014627790859776644,0.008527382776906345,0.00607972009411996,0.004755997452339201,0.003923992905359782,0.0033507643482678967,0.8393432889379775,0.8415476412681102,0.8436923210271059,0.8457797188920906,0.8478120995187404,0.8497916097370947,0.8517202861159651
1.4432432432432432,0.05726683344507126,0.014630881144061747,0.008529231320735242,0.006081066640104643,0.004757069811520036,0.003924890866849677,0.0033515405060753024,0.8395117390485617,0.8417142159627677,0.8438570594323014,0.8459426590270193,0.8479732783297492,0.8499510631314025,0.8518780489946186
1.445045045045045,0.05727855974759169,0.014633971328700304,0.008531079736732283,0.006082413051376864,0.004758142035642874,0.003925788695817104,0.0033523165354031326,0.8396798364007526,0.8418804409119157,0.8440214510675899,0.846105255330282,0.8481341162099683,0.8501101784584963,0.8520354766324582
1.446846846846847,0.05729028617070394,0.014637061408807477,0.008532928022276549,0.006083759326174887,0.004759214123424235,0.00392668639126324,0.003353092435446744,0.839847582101385,0.84204631721581,0.8441854970266394,0.8462675088889557,0.848294614239886,0.8502689567922843,0.8521925700968239
1.4486486486486487,0.05730201269389967,0.014640151379531055,0.008534776174726262,0.006085105462770444,0.0047602860735887565,0.003927583952189014,0.00335386820540868,0.8400149772526678,0.842211845970096,0.8443491983985227,0.8464294207855387,0.8484547734954294,0.8504273992021301,0.8523493304505292
1.4504504504504505,0.05731373929680581,0.014643241236051985,0.008536624191482234,0.0060864514594093835,0.004761357884865488,0.0039284813776188565,0.003354643844497161,0.8401820229522095,0.842377028265834,0.8445125562677444,0.846590992097977,0.8486145950479898,0.850585506752879,0.8525057587518865
1.4522522522522523,0.05732546595918273,0.014646330973583793,0.008538472069944228,0.006087797314393778,0.004762429556003811,0.00392937866657209,0.003355419351925404,0.8403487202930401,0.8425418651895217,0.8446755717142612,0.8467522238996859,0.8487740799644445,0.8507432805048796,0.852661856054729
1.454054054054054,0.057337192660923915,0.014649420587372047,0.008540319807547214,0.006089143026000197,0.00476350108575171,0.00393027581809107,0.0033561947269150783,0.8405150703636372,0.8427063578231186,0.8448382458135091,0.8469131172595755,0.8489332293071828,0.850900721514009,0.8528176234084361
1.4558558558558559,0.05734891938205485,0.014652510072694951,0.008542167401731937,0.006090488592538721,0.004764572472873794,0.003931172831213009,0.0033569699686914712,0.8406810742479477,0.8428705072440708,0.8450005796364247,0.8470736732420737,0.8490920441341278,0.851057830831696,0.8529730618579561
1.4576576576576576,0.0573606461027322,0.0146555994248621,0.008544014849958386,0.006091834012326681,0.00476564371613229,0.003932069704981817,0.0033577450764871648,0.8408467330254128,0.8430343145253322,0.8451625742494703,0.8472338929071493,0.8492505254987608,0.8512146095049442,0.8531281724438294
1.4594594594594594,0.05737237280324287,0.014658688639215187,0.008545862149726096,0.0060931792836878,0.004766714814310648,0.003932966438452661,0.0033585200495407043,0.841012047770991,0.8431977807353904,0.8453242307146558,0.8473937773103362,0.8494086744501445,0.8513710585763558,0.8532829562022126
1.4612612612612612,0.057384099464003226,0.0146617777111272,0.00854770929851932,0.006094524404977644,0.0047677857661952506,0.003933863030690305,0.0033592948870960915,0.8411770195551804,0.8433609069382878,0.8454855500895628,0.8475533275027551,0.8495664920329455,0.8515271790841535,0.8534374141649
1.463063063063063,0.057395826065557896,0.014664866636002605,0.008549556293854295,0.006095869374535624,0.004768856570584266,0.003934759480760989,0.0033600695884038784,0.841341649444043,0.8435236941936457,0.8456465334273675,0.8477125445311384,0.849723979287458,0.851682972062205,0.8535915473593482
1.4648648648648648,0.05740755258857955,0.01466795540927655,0.008551403133263302,0.006097214190729521,0.004769927226283015,0.003935655787740117,0.0033608441527194694,0.8415059384992273,0.8436861435566875,0.8458071817768638,0.8478714294378517,0.8498811372496266,0.8518384385400453,0.8537453568086979
1.4666666666666666,0.05741927901386729,0.014671044026415328,0.008553249814307114,0.0060985588519377265,0.004770997732106398,0.003936551950713486,0.0033616185793044246,0.841669887777991,0.8438482560782609,0.8459674961824855,0.848029983260917,0.8500379669510685,0.8519935795428984,0.8538988435317969
1.4684684684684686,0.05743100532234628,0.014674132482915919,0.008555096334544654,0.006099903356547166,0.0047720680868772935,0.003937447968771395,0.0033623928674271376,0.8418334983332236,0.8440100328048608,0.8461274776843295,0.8481882070340357,0.8501944694190968,0.8521483960917017,0.8540520085432225
1.4702702702702704,0.057442731495066734,0.01467722077430546,0.008556942691561582,0.006101247702957391,0.004773138289428078,0.003938343841002873,0.003363167016359826,0.8419967712134694,0.8441714747786517,0.8462871273181779,0.8483461017866102,0.8503506456767421,0.8523028892031262,0.8542048528533036
1.4720720720720721,0.05745445751320302,0.014680308896141437,0.008558788882966604,0.006102591889579828,0.00477420833859919,0.003939239566525088,0.0033639410253819236,0.8421597074629489,0.8443325830374901,0.8464464461155207,0.8485036685437667,0.8505064967427753,0.8524570598896005,0.8543573774681431
1.473873873873874,0.05746618335805307,0.014683396844011636,0.00856063490636324,0.006103935914836822,0.004775278233239548,0.003940135144431938,0.003364714893777749,0.8423223081215822,0.8444933586149472,0.8466054351035776,0.8486609083263774,0.8506620236317298,0.8526109091593324,0.8545095833896404
1.4756756756756757,0.05747790901103717,0.014686484613533089,0.008562480759405957,0.006105279777137944,0.004776347972207654,0.003941030573853167,0.0033654886208372503,0.8424845742250107,0.8446538025403303,0.8467640953053206,0.848817822151083,0.8508172273539236,0.8527644380163305,0.8546614716155129
1.4774774774774775,0.05748963445369746,0.01468957220035286,0.008564326439730707,0.006106623475002523,0.004777417554368969,0.003941925853908306,0.0033662622058560233,0.8426465068046187,0.844813915838705,0.8469224277394953,0.8489744110303135,0.8509721089154804,0.8529176474604262,0.8548130431393173
1.4792792792792793,0.05750135966769711,0.014692659600147364,0.00856617194500832,0.006107967006812518,0.00477848697859849,0.003942820983729539,0.0033670356481357855,0.8428081068875556,0.8449736995309168,0.8470804334206433,0.8491306759723105,0.851126669318352,0.8530705384872956,0.8549642989504723
1.481081081081081,0.05751308463481925,0.014695746808621972,0.008568017272930868,0.0061093103710597564,0.004779556243778872,0.003943715962452148,0.003367808946982393,0.8429693754967578,0.8451331546336139,0.8472381133591235,0.8492866179811495,0.85128090956034,0.8532231120884812,0.8551152400342794
1.4828828828828828,0.05752480933696611,0.014698833821511508,0.00856986242118894,0.006110653566222614,0.0047806253488010975,0.00394461078921999,0.003368582101708571,0.84313031365097,0.8452922821592674,0.8473954685611338,0.8494422380567607,0.8514348306351174,0.8533753692514131,0.855265867371945
1.4846846846846846,0.05753653375615903,0.014701920634579169,0.008571707387503298,0.006111996590790266,0.004781694292564888,0.003945505463187599,0.0033693551116307703,0.8432909223647661,0.845451083116193,0.8475525000287321,0.8495975371949497,0.8515884335322483,0.8535273109594294,0.8554161819406001
1.4864864864864864,0.0575482578745365,0.014705007243617054,0.008573552169599825,0.0061133394432642775,0.0047827630739702654,0.003946399983506797,0.003370127976072485,0.8434512026485722,0.8456095585085731,0.8477092087598584,0.8497525163874207,0.851741719237212,0.8536789381917995,0.8555661847133238
1.4882882882882882,0.05755998167435421,0.014708093644445586,0.008575396765236505,0.0061146821221534755,0.004783831691954954,0.003947294349340697,0.0033709006943619508,0.843611155508686,0.8457677093364773,0.8478655957483553,0.8499071766217956,0.8518946887314214,0.8538302519237433,0.8557158766591622
1.49009009009009,0.05757170513798397,0.014711179832913446,0.008577241172164756,0.0061160246259817875,0.004784900145420815,0.003948188559862215,0.0033716732658322563,0.8437707819472985,0.8459255365958831,0.8480216619839888,0.8500615188816361,0.8520473429922453,0.8539812531264525,0.8558652587431501
1.491891891891892,0.057583428247912814,0.014714265804897302,0.008579085388174217,0.006117366953279468,0.004785968433306634,0.003949082614244964,0.003372445689821725,0.8439300829625151,0.8460830412786976,0.8481774084524696,0.8502155441464639,0.8521996829930287,0.8541319427671118,0.8560143319263319
1.4936936936936938,0.057595150986742644,0.014717351556301795,0.0085809294110561,0.0061187091025906816,0.004787036554551736,0.003949976511673551,0.0033732179656747697,0.8440890595483767,0.8462402243727781,0.8483328361354743,0.8503692533917826,0.8523517097031142,0.8542823218089194,0.856163097165782
1.4954954954954955,0.05760687333718885,0.014720437083059161,0.008582773238611134,0.006120051072468903,0.004788104508095636,0.003950870251335226,0.0033739900927400868,0.8442477126948791,0.846397086861952,0.8484879460106647,0.8505226475890962,0.8525034240878614,0.8544323912111071,0.8563115554146248
1.4972972972972973,0.05761859528208037,0.014723522381129124,0.008584616868683248,0.006121392861477043,0.004789172292919942,0.003951763832424872,0.0033747620703715887,0.8444060433879952,0.8465536297260386,0.8486427390517098,0.8506757277059324,0.8526548271086685,0.8545821519289617,0.8564597076220564
1.499099099099099,0.0576303168043581,0.014726607446498736,0.008586460299102101,0.006122734468190449,0.00479023990795984,0.003952657254144953,0.003375533897928884,0.8445640526096942,0.8467098539408683,0.848797216228305,0.8508284947058598,0.8528059197229919,0.8547316049138437,0.8566075547333633
1.500900900900901,0.057642037887074685,0.014729692275182091,0.00858830352771673,0.006124075891192523,0.004791307352196825,0.003953550515699725,0.003376305574776401,0.8447217413379626,0.8468657604783035,0.848951378506193,0.8509809495485108,0.8529567028843666,0.854880751113209,0.8567550976899432
1.5027027027027027,0.05765375851339346,0.014732776863220212,0.00859014655241362,0.00612541712906007,0.00479237462460932,0.003954443616302309,0.0033770771002827244,0.8448791105468236,0.8470213503062585,0.8491052268471833,0.8511330931895996,0.8531071775424259,0.855029591470628,0.856902337429325
1.5045045045045045,0.05766547866658806,0.014735861206681196,0.00859198937106393,0.006126758180432861,0.004793441724181851,0.0039553365551756115,0.0033778484738226405,0.8450361612063583,0.84717662438872,0.8492587622091734,0.8512849265809442,0.8532573446429222,0.8551781269258056,0.8570492748851889
1.5063063063063062,0.05767719833004149,0.014738945301659152,0.00859383198157312,0.006128099043913347,0.004794508649909458,0.0039562293315413355,0.003378619694775724,0.8451928942827244,0.8473315836857662,0.8494119855461673,0.8514364506704843,0.8534072051277459,0.8553263584146016,0.8571959109873853
1.508108108108108,0.05768891748724525,0.014742029144275089,0.008595674381858804,0.006129439718138507,0.004795575400792482,0.003957121944635124,0.0033793907625254693,0.8453493107381769,0.8474862291535873,0.8495648978082957,0.8515876664023024,0.8535567599349454,0.8554742868690491,0.8573422466619554
1.5099099099099098,0.057700636121798966,0.014745112730675896,0.00859751656984856,0.006130780201688414,0.004796641975839526,0.003958014393686672,0.0033801616764617282,0.8455054115310869,0.8476405617445045,0.8497174999418361,0.8517385747166424,0.8537060099987467,0.8556219132173755,0.8574882828311495
1.5117117117117118,0.05771235421740939,0.014748196057034717,0.008599358543482974,0.006132120493285566,0.004797708374067915,0.003958906677946025,0.0033809324359777015,0.8456611976159631,0.8477945824069909,0.8498697928892325,0.8518891765499303,0.8538549562495735,0.855769238384021,0.8576340204134483
1.5135135135135136,0.05772407175788972,0.014751279119550383,0.008601200300726164,0.006133460591526132,0.004798774594499494,0.00395979879665796,0.0033817030404724247,0.8458166699434685,0.8479482920856889,0.8500217775891132,0.8520394728347922,0.854003599614065,0.8559162632896579,0.8577794603235795
1.5153153153153154,0.05773578872715916,0.014754361914447709,0.008603041839543983,0.006134800495092898,0.004799840636167134,0.0039606907490802624,0.0033824734893494546,0.8459718294604414,0.8481016917214309,0.8501734549763119,0.8521894645000745,0.8541519410150964,0.8560629888512101,0.8579246034725395
1.5171171171171172,0.057747505109241884,0.014757444437976837,0.00860488315792978,0.006136140202642795,0.004800906498105717,0.003961582534471002,0.003383243782016947,0.8461266771099146,0.8482547822512583,0.8503248259818857,0.8523391524708626,0.8542999813717975,0.8562094159818721,0.8580694507676105
1.518918918918919,0.0577592208882665,0.014760526686413256,0.008606724253880918,0.006137479712895291,0.004801972179361957,0.003962474152096163,0.0033840139178884033,0.8462812138311345,0.8484075646084405,0.8504758915331354,0.8524885376685002,0.8544477215995723,0.8563555455911278,0.858214003112381
1.5207207207207207,0.05777093604846557,0.014763608656057636,0.008608565125408607,0.006138819024540466,0.00480303767898782,0.003963365601231069,0.003384783896379909,0.8464354405595795,0.8485600397224936,0.8506266525536227,0.8526376210106079,0.8545951626101166,0.8565013785847695,0.8583582614067632
1.5225225225225225,0.05778265057417418,0.014766690343235616,0.008610405770548342,0.006140158136248464,0.004804102996044152,0.003964256881147796,0.0033855537169161466,0.846589358226979,0.8487122085191996,0.8507771099631902,0.8527864034111023,0.8547423053114378,0.8566469158649165,0.8585022265470121
1.5243243243243243,0.0577943644498305,0.01476977174429791,0.00861224618733742,0.0061414970467315345,0.004805168129593275,0.003965147991132931,0.003386323378922608,0.8467429677613327,0.8488640719206249,0.8509272646779802,0.8529348857802144,0.8548891506078735,0.8567921583300334,0.8586458994257449
1.526126126126126,0.05780607765997382,0.014772852855619927,0.008614086373834253,0.006142835754743756,0.00480623307871475,0.003966038930474425,0.003387092881830779,0.8468962700869287,0.8490156308451389,0.8510771176104525,0.853083069024508,0.8550356994001093,0.8569371068749494,0.858789280931958
1.5279279279279279,0.057817790189244836,0.01477593367360124,0.008615926328111334,0.006144174259016144,0.004807297842484348,0.0039669296984664116,0.003387862225076873,0.8470492661243623,0.8491668862074327,0.8512266696694035,0.853230954046899,0.855181952585198,0.8570817623908759,0.8589323719510467
1.5297297297297296,0.05782950202238439,0.014779014194666238,0.0086177660482476,0.006145512558237729,0.0048083624199917185,0.0039678202944105935,0.0033886314081024477,0.8472019567905545,0.8493178389185376,0.8513759217599843,0.8533785417466724,0.8553279110565774,0.8572261257654247,0.8590751733648222
1.5315315315315314,0.057841213144233225,0.014782094415263045,0.008619605532344055,0.006146850651225935,0.0048094268103304584,0.003968710717606072,0.0033894004303510273,0.8473543429987701,0.8494684898858429,0.8515248747837193,0.8535258330195019,0.8554735757040888,0.8573701978826274,0.859217686051531
1.5333333333333332,0.057852923539731003,0.014785174331864215,0.008621444778506078,0.006148188536669493,0.004810491012598783,0.003969600967369075,0.003390169291273575,0.8475064256586357,0.8496188400131144,0.8516735296385235,0.853672828757467,0.8556189474139946,0.8575139796229513,0.8593599108858715
1.5351351351351352,0.05786463319391585,0.01478825394096615,0.008623283784861688,0.0061495262133870465,0.004811555025909384,0.003970491043013866,0.003390937990323623,0.8476582056761586,0.8497688902005128,0.8518218872187218,0.8538195298490718,0.8557640270689971,0.8576574718633199,0.8595018487390133
1.536936936936937,0.05787634209192379,0.014791333239088733,0.008625122549542856,0.006150863680137746,0.004812618849358463,0.003971380943863115,0.003391706526959399,0.8478096839537438,0.8499186413446107,0.8519699484150657,0.8539659371792618,0.8559088155482556,0.8578006754771281,0.8596435004786136
1.5387387387387388,0.0578880502189877,0.014794412222775555,0.00862696107070255,0.006152200935706389,0.004813682482113716,0.003972270669238109,0.003392474900644014,0.8479608613902125,0.8500680943384116,0.852117714114752,0.854112051629443,0.8560533137274043,0.8579435913342621,0.8597848669688362
1.5405405405405406,0.05789975756043727,0.014797490888593738,0.008628799346503433,0.006153537978892525,0.004814745923241746,0.003973160218478822,0.00339324311084453,0.8481117388808198,0.8502172500713666,0.85226518520144,0.8542578740774988,0.8561975224785703,0.8580862203011157,0.8599259490703679
1.5423423423423424,0.05791146410169796,0.01480056923313341,0.00863063737512396,0.006154874808484645,0.004815809171938705,0.003974049590912774,0.003394011157031957,0.8482623173172724,0.8503661094293933,0.8524123625552696,0.8544034053978075,0.8563414426703909,0.8582285632406085,0.860066747640437
1.5441441441441441,0.05792316982829033,0.014803647253008041,0.00863247515474197,0.0061562114233046274,0.004816872227283425,0.003974938785890867,0.003394779038682286,0.8484125975877458,0.8505146732948917,0.8525592470528782,0.8545486464612602,0.856485075168031,0.8583706210122024,0.8602072635328298
1.545945945945946,0.05793487472582974,0.014806724944853846,0.008634312683568275,0.006157547822169326,0.004817935088469775,0.0039758278027532635,0.003395546755275599,0.8485625805769021,0.8506629425467631,0.8527058395674185,0.8546935981352781,0.8566284208332003,0.8585123944719204,0.8603474975979084
1.5477477477477477,0.05794657878002569,0.014809802305330211,0.008636149959813766,0.006158884003912861,0.0048189977546365505,0.003976716640857684,0.00339631430629596,0.8487122671659074,0.8508109180604267,0.852852140968576,0.8548382612838296,0.8567714805241713,0.8586538844723622,0.8604874506826277
1.5495495495495495,0.05795828197668081,0.0148128793311186,0.008637986981702261,0.006160219967378413,0.004820060224959399,0.003977605299559562,0.003397081691231572,0.8488616582324485,0.8509586007078368,0.8529981521225851,0.854982636767447,0.8569142550957949,0.8587950918627223,0.8606271236305519
1.5513513513513513,0.05796998430169045,0.014815956018923509,0.008639823747479878,0.006161555711372954,0.004821122498559641,0.0039784937782238695,0.003397848909575586,0.8490107546507509,0.8511059913575003,0.853143873892248,0.8551267254432449,0.8570567453995193,0.8589360174888063,0.8607665172818727
1.553153153153153,0.05798168574104264,0.014819032365471599,0.008641660255391925,0.00616289123479054,0.0048221845746553305,0.003979382076212671,0.003398615960824168,0.8491595572915955,0.8512530908744934,0.8532893071369501,0.8552705281649358,0.8571989522834054,0.8590766621930489,0.8609056324734252
1.554954954954955,0.05799338628081656,0.014822108367511569,0.008643496503704011,0.006164226536488293,0.004823246452410295,0.003980270192903447,0.003399382844478081,0.8493080670223351,0.8513999001204787,0.8534344527126776,0.8554140457828475,0.8573408765921445,0.8592170268145292,0.8610444700387044
1.5567567567567568,0.05800508590718253,0.01482518402181443,0.008645332490691549,0.00616556161532695,0.004824308131010646,0.003981158127672794,0.0034001495600423566,0.8494562847069116,0.8515464199537219,0.853579311472034,0.8555572791439399,0.8574825191670746,0.8593571121889884,0.8611830308078827
1.5585585585585586,0.05801678460640128,0.014828259325173128,0.008647168214641303,0.006166896470184963,0.004825369609648395,0.003982045879902855,0.0034009161070256894,0.8496042112058734,0.8516926512291085,0.8537238842642576,0.8557002290918219,0.8576238808461973,0.8594969191488462,0.8613213156078261
1.5603603603603604,0.05802848236482359,0.014831334274402086,0.008649003673854778,0.006168231099960786,0.004826430887520962,0.003982933448982404,0.0034016824849411676,0.8497518473763905,0.8518385947981608,0.8538681719352366,0.855842896466767,0.8577649624641939,0.8596364485232171,0.8614593252621102
1.5621621621621622,0.0580401791688891,0.014834408866337594,0.008650838866644353,0.00616956550353444,0.004827491963832206,0.003983820834301329,0.0034024486933057485,0.8498991940722729,0.8519842515090539,0.8540121753275269,0.8559852821057312,0.8579057648524424,0.8597757011379269,0.8615970605910375
1.563963963963964,0.05805187500512641,0.014837483097837627,0.008652673791330945,0.006170899679822634,0.004828552837793518,0.00398470803525638,0.003403214731640339,0.8500462521439851,0.8521296222066321,0.8541558952803681,0.8561273868423678,0.8580462888390333,0.8599146778155287,0.861734522411652
1.5657657657657658,0.058063569860152243,0.014840556965780983,0.008654508446254181,0.006172233627732258,0.004829613508619371,0.003985595051250274,0.00340398059946959,0.8501930224386646,0.852274707732426,0.8542993326296995,0.856269211507045,0.8581865352487862,0.8600533793753199,0.8618717115377579
1.5675675675675675,0.0580752637206704,0.014843630467068158,0.00865634282976305,0.006173567346184952,0.004830673975533193,0.003986481881692625,0.0034047462963230197,0.8503395058001364,0.852419508924668,0.8544424882081769,0.8564107569268615,0.8583265049032658,0.8601918066333575,0.862008628779933
1.5693693693693693,0.058086956573472494,0.01484670359862047,0.00865817694021014,0.006174900834104863,0.004831734237762587,0.0039873685259889735,0.003405511821731861,0.8504857030689299,0.8525640266183085,0.8545853628451882,0.8565520239256624,0.8584661986207979,0.8603299604024741,0.8621452749455465
1.571171171171171,0.058098648405435674,0.01484977635738032,0.008660010775975906,0.006176234090423988,0.004832794294541182,0.003988254983559464,0.00340627717523388,0.8506316150822948,0.8527082616450323,0.854727957366869,0.8566930133240551,0.8586056172164852,0.8604678414922944,0.8622816508387736
1.572972972972973,0.058110339203523466,0.014852848740310754,0.008661844335430506,0.006177567114097258,0.0048338541451093476,0.003989141253823928,0.0034070423563683978,0.8507772426742174,0.8528522148332742,0.8548702725961201,0.8568337259394261,0.8587447615022236,0.8606054507092504,0.8624177572606124
1.5747747747747747,0.05812202895478467,0.014855920744395583,0.008663677616979218,0.006178899904068486,0.004834913788710228,0.0039900273362070615,0.0034078073646801755,0.8509225866754363,0.8529958870082354,0.8550123093526218,0.8569741625859556,0.8588836322867177,0.8607427888565979,0.8625535950088993
1.5765765765765765,0.05813371764635251,0.014858992366639234,0.008665510619019974,0.00618023245929051,0.00483597322459988,0.003990913230139701,0.003408572199717051,0.8510676479134578,0.8531392789918982,0.8551540684528501,0.8571143240746343,0.8590222303754962,0.8608798567344311,0.8626891648783235
1.5783783783783785,0.05814540526544487,0.01486206360406634,0.00866734333997627,0.006181564778745319,0.0048370324520358,0.003991798935055285,0.0034093368610308107,0.8512124272125725,0.8532823916030431,0.8552955507100924,0.8572542112132778,0.8591605565709279,0.8610166551396988,0.862824467660444
1.5801801801801802,0.058157091799363014,0.014865134453721951,0.008669175778266598,0.006182896861393188,0.004838091470276013,0.003992684450392073,0.003410101348176431,0.8513569253938696,0.853425225657263,0.8554367569344633,0.8573938248065432,0.859298611672237,0.8611531848662198,0.862959504143704
1.581981981981982,0.058168777235491326,0.014868204912671204,0.008671007932335582,0.006184228706219199,0.004839150278592258,0.0039935697755955225,0.0034108656607131677,0.8515011432752542,0.8535677819669798,0.8555776879329197,0.8575331656559444,0.8594363964755184,0.8612894467046983,0.8630942751134469
1.5837837837837838,0.05818046156129714,0.014871274977999116,0.008672839800635568,0.006185560312216858,0.004840208876252979,0.00399445491011176,0.0034116297982040534,0.8516450816714606,0.853710061341459,0.8557183445092759,0.8576722345598662,0.8595739117737532,0.8614254414427385,0.8632287813519309
1.5855855855855856,0.05819214476432929,0.014874344646810811,0.008674671381623382,0.006186891678381505,0.004841267262553454,0.003995339853392462,0.003412393760215166,0.8517887413940696,0.8538520645868253,0.8558587274642196,0.8578110323135814,0.8597111583568237,0.8615611698648605,0.8633630236383444
1.5873873873873874,0.0582038268322187,0.014877413916231144,0.008676502673771862,0.006188222803716701,0.004842325436761631,0.003996224604897284,0.0034131575463168806,0.8519321232515226,0.8539937925060783,0.855998837595327,0.8579495597092646,0.8598481370115286,0.8616966327525157,0.8634970027488214
1.5891891891891892,0.05821550775267703,0.014880482783404321,0.008678333675565189,0.006189553687234173,0.004843383398174916,0.003997109164085434,0.003413921156082506,0.8520752280491369,0.8541352458991068,0.8561386756970771,0.8580878175360077,0.8599848485215984,0.8618318308841005,0.8636307194564555
1.590990990990991,0.05822718751349655,0.014883551245494247,0.008680164385495666,0.0061908843279524185,0.004844441146100672,0.003997993530423564,0.0034146845890896033,0.8522180565891213,0.8542764255627043,0.8562782425608678,0.8582258065798352,0.8601212936677095,0.8619667650349726,0.8637641745313162
1.5927927927927927,0.05823886610254953,0.014886619299684219,0.008681994802067057,0.006192214724894157,0.004845498679820457,0.003998877703380714,0.003415447844918857,0.8523606096705904,0.8544173322905838,0.8564175389750295,0.8583635276237183,0.8602574732274998,0.8621014359774645,0.8638973687404619
1.5945945945945945,0.058250543507787654,0.014889686943176668,0.008683824923799646,0.006193544877099745,0.004846555998652833,0.003999761682428421,0.0034162109231548055,0.8525028880895801,0.8545579668733931,0.8565565657248417,0.8585009814475907,0.8603933879755834,0.8622358444808995,0.8640303028479562
1.5963963963963963,0.05826221971724169,0.014892754173193246,0.008685654749210903,0.0061948747836042695,0.00484761310191284,0.004000645467050653,0.003416973823384731,0.8526448926390618,0.8546983300987289,0.8566953235925461,0.8586381688283625,0.8605290386835648,0.8623699913116056,0.8641629776148819
1.5981981981981983,0.058273894719020794,0.014895820986974426,0.008687484276845703,0.006196204443459886,0.004848669988916119,0.004001529056722987,0.0034177365452005004,0.852786624108958,0.8548384227511521,0.8568338133573622,0.8587750905399352,0.8606644261200539,0.8625038772329303,0.8642953937993553
1.6,0.05828556850131223,0.014898887381779833,0.008689313505244345,0.00619753385571772,0.004849726658984247,0.0040024124509382255,0.003418499088196501,0.8529280832861557,0.8549782456122017,0.8569720357955014,0.8589117473532161,0.8607995510506804,0.8626375030052547,0.8644275521565403
1.6018018018018019,0.05829724105238062,0.014901953354887674,0.008691142432962762,0.006198863019442248,0.004850783111458431,0.004003295649185065,0.0034192614519711973,0.8530692709545222,0.8551177994604106,0.8571099916801821,0.859048140036133,0.8609344142381086,0.8627708693860086,0.8645594534386642
1.6036036036036037,0.05830891236056752,0.014905018903594636,0.008692971058576613,0.006200191933701074,0.004851839345649002,0.004004178650958621,0.003420023636126241,0.8532101878949191,0.8552570850713185,0.8572476817816436,0.8591842693536484,0.8610690164420509,0.8629039771296839,0.8646910983950304
1.6054054054054054,0.05832058241429134,0.014908084025216197,0.008694799380648655,0.006201520597571143,0.004852895360910714,0.004005061455758153,0.003420785640266472,0.8533508348852162,0.8553961032174872,0.8573851068671602,0.8593201360677739,0.8612033584192826,0.8630368269878499,0.8648224877720336
1.6072072072072072,0.05833225120204607,0.014911148717086018,0.008696627397785333,0.006202849010135696,0.004853951156571961,0.004005944063086884,0.00342154746400022,0.8534912127003066,0.8555348546685149,0.8575222677010563,0.8594557409375841,0.8613374409236566,0.8631694197091666,0.8649536223131732
1.609009009009009,0.0583439187124015,0.01491421297655623,0.008698455108571621,0.006204177170482177,0.004855006732019186,0.004006826472452493,0.0034223091069395723,0.8536313221121207,0.8556733401910501,0.8576591650447202,0.8595910847192315,0.8614712647061166,0.8633017560393991,0.8650845027590679
1.6108108108108108,0.05835558493400248,0.014917276800997064,0.008700282511616553,0.0062055050777105915,0.004856062086570586,0.004007708683366179,0.0034230705686991714,0.8537711638896397,0.8558115605488056,0.8577957996566176,0.8597261681659595,0.861604830514711,0.8634338367214314,0.8652151298474691
1.6126126126126126,0.05836724985556826,0.014920340187796484,0.008702109605545722,0.006206832730921247,0.004857117219595665,0.004008590695343587,0.0034238318488974324,0.8539107387989107,0.855949516502573,0.8579321722923062,0.859860992028117,0.8617381390946081,0.8635656624952804,0.8653455043132754
1.6144144144144144,0.05837891346589241,0.014923403134360849,0.008703936388979054,0.006208160129224601,0.004858172130461961,0.004009472507904288,0.0034245929471564047,0.8540500476030598,0.8560872088102361,0.8580682837044499,0.8599955570531725,0.8618711911881084,0.86369723409811,0.8654756268885458
1.6162162162162161,0.05839057575384203,0.014926465638114061,0.008705762860556037,0.00620948727173939,0.0048592268185373745,0.004010354120569635,0.0034253538630999126,0.8541890910623068,0.8562246382267855,0.8582041346428316,0.8601298639857274,0.8620039875346598,0.863828552264244,0.8656054983025137
1.618018018018018,0.0584022367083575,0.014929527696497753,0.008707589018925828,0.0062108141575871745,0.004860281283199232,0.004011235532869909,0.0034261145963576495,0.8543278699339784,0.8563618055043316,0.8583397258543685,0.8602639135675301,0.8621365288708703,0.8639596177251814,0.8657351192816005
1.6198198198198197,0.058413896318451695,0.014932589306971182,0.0087094148627479,0.0062121407858998536,0.004861335523801699,0.004012116744335262,0.0034268751465595616,0.8544663849725218,0.8564987113921186,0.8584750580831237,0.860397706537489,0.8622688159305217,0.8640904312096075,0.8658644905494289
1.6216216216216217,0.05842555457321006,0.014935650467010984,0.008711240390681527,0.006213467155810979,0.004862389539796674,0.004012997754500797,0.0034276355133408777,0.8546046369295195,0.8566353566365388,0.8586101320703224,0.8605312436316874,0.862400849444584,0.8642209934434101,0.8659936128268368
1.6234234234234235,0.05843721146178962,0.014938711174111226,0.008713065601408276,0.006214793266465346,0.004863443330505416,0.0040138785629061525,0.0034283956963390622,0.8547426265537015,0.8567717419811448,0.858744948554363,0.8606645255833953,0.8625326301412275,0.8643513051496906,0.8661224868318903
1.6252252252252253,0.05844886697341884,0.014941771425783392,0.008714890493609231,0.006216119117011618,0.004864496895348323,0.004014759169092045,0.003429155695194942,0.8548803545909595,0.8569078681666643,0.8588795082708318,0.8607975531230844,0.8626641587458372,0.864481367048779,0.866251113279897
1.627027027027027,0.05846052109739701,0.014944831219555681,0.008716715065994505,0.006217444706609993,0.004865550233722545,0.004015639572606359,0.0034299155095524375,0.8550178217843606,0.8570437359310129,0.8590138119525166,0.8609303269784402,0.8627954359810264,0.8646111798582464,0.8663794928834198
1.6288288288288288,0.05847217382309409,0.014947890552973709,0.008718539317248942,0.006218770034416779,0.0048666033450291335,0.004016519772998598,0.003430675139058481,0.8551550288741598,0.8571793460093073,0.8591478603294189,0.8610628478743759,0.8629264625666483,0.8647407442929184,0.8665076263522891
1.6306306306306306,0.058483825139949715,0.014950949423599947,0.00872036324610405,0.006220095099605654,0.004867656228679288,0.004017399769822484,0.0034314345833632892,0.8552919765978144,0.8573146991338791,0.8592816541287684,0.861195116533046,0.863057239219811,0.8648700610648878,0.8666355143936166
1.6324324324324324,0.058495475037473474,0.014954007829013396,0.008722186851275142,0.00622141990134655,0.004868708884085621,0.004018279562640559,0.0034321938421200283,0.8554286656899964,0.8574497960342874,0.8594151940750354,0.8613271336738583,0.8631877666548897,0.8649991308835289,0.8667631577118088
1.6342342342342342,0.05850712350524369,0.014957065766810234,0.008724010131484874,0.006222744438822171,0.004869761310665791,0.004019159151007431,0.0034329529149850686,0.8555650968826054,0.8575846374373319,0.8595484808899437,0.8614589000134875,0.8633180455835395,0.8651279544555083,0.8668905570085779
1.636036036036036,0.05851877053290785,0.014960123234602765,0.008725833085492414,0.006224068711228841,0.00487081350784194,0.004020038534491621,0.0034337118016175877,0.8557012709047831,0.857719224067067,0.8596815152924844,0.8615904162658887,0.863448076714709,0.8652565324848002,0.8670177129829574
1.6378378378378378,0.05853041611018128,0.014963180230020079,0.008727655712049809,0.006225392717749879,0.004871865475041909,0.004020917712663583,0.0034344705016799504,0.8558371884829241,0.8578535566448129,0.8598142979989275,0.8617216831423095,0.8635778607546521,0.8653848656726973,0.8671446263313123
1.6396396396396395,0.05854206022684742,0.014966236750707691,0.008729478009904486,0.006226716457586561,0.004872917211696771,0.0040217966850942645,0.0034352290148368537,0.8559728503406911,0.8579876358891703,0.8599468297228368,0.861852701351303,0.8637073984069426,0.865512954717825,0.8672712977473538
1.6414414414414413,0.058553702872757116,0.014969292794327127,0.008731299977824054,0.00622803992994893,0.004873968717243088,0.004022675451354041,0.0034359873407573244,0.8561082571990262,0.8581214625160318,0.8600791111750805,0.8619834715987408,0.8638366903724845,0.8656408003161528,0.8673977279221509
1.6432432432432433,0.05856534403782811,0.014972348358556303,0.008733121614602839,0.006229363134044446,0.004875019991121911,0.004023554011039233,0.0034367454791114677,0.8562434097761636,0.8582550372385961,0.8602111430638452,0.8621139945878257,0.8639657373495269,0.8657684031610077,0.8675239175441429
1.6450450450450451,0.05857698371204476,0.014975403441089226,0.008734942919013904,0.006230686069094715,0.004876071032778555,0.004024432363717126,0.0034375034295744,0.8563783087876442,0.8583883607673792,0.8603429260946486,0.8622442710191041,0.8640945400336753,0.8658957639430872,0.867649867299153
1.646846846846847,0.05858862188545767,0.0149784580396359,0.008736763889858492,0.006232008734323343,0.00487712184166113,0.004025310508969672,0.003438261191822556,0.8565129549463253,0.8585214338102276,0.8604744609703506,0.8623743015904779,0.864223099117904,0.8660228833504698,0.8677755778703988
1.6486486486486487,0.05860025854818302,0.014981512151921972,0.008738584525943638,0.0062333311289534754,0.004878172417226687,0.004026188446411988,0.0034390187655357458,0.8566473489623957,0.8586542570723312,0.8606057483911682,0.8625040869972187,0.8643514152925695,0.86614976206863,0.8679010499385067
1.6504504504504505,0.05861189369040265,0.01498456577568909,0.008740404826073982,0.006234653252236139,0.004879222758931791,0.004027066175615625,0.003439776150396748,0.856781491543387,0.8587868312562353,0.8607367890546858,0.8626336279319786,0.864479489245422,0.8662764007804485,0.8680262841815228
1.6522522522522523,0.05862352730236293,0.014987618908694616,0.008742224789086246,0.0062359751033937505,0.004880272866240566,0.004027943696184548,0.0034405333460911154,0.8569153833941859,0.8589191570618531,0.8608675836558685,0.8627629250848029,0.864607321661618,0.8664028001662258,0.8681512812749258
1.654054054054054,0.0586351593743751,0.014990671548711317,0.00874404441378786,0.006237296681691579,0.004881322738619044,0.004028821007716256,0.0034412903523073674,0.857049025217047,0.8590512351864775,0.8609981328870739,0.8628919791431424,0.864734913223732,0.866528960903693,0.8682760418916383
1.6558558558558558,0.058646789896814405,0.014993723693527519,0.008745863699036294,0.006238617986373152,0.0048823723755392345,0.00402969810981998,0.0034420471687363853,0.8571824177116051,0.8591830663247948,0.8611284374380657,0.8630207907918661,0.86486226461177,0.8666548836680258,0.8684005667020404
1.6576576576576576,0.05865841886011975,0.014996775340946993,0.008747682643678898,0.006239939016699011,0.00488342177647819,0.004030575002101038,0.0034428037950720814,0.8573155615748871,0.8593146511688953,0.8612584979960235,0.863149360713273,0.86498937650318,0.8667805691318548,0.8685248563739801
1.6594594594594594,0.05867004625479353,0.014999826488788726,0.00874950124655963,0.006241259771941692,0.004884470940914947,0.004031451684182888,0.003443560231011698,0.8574484575013241,0.8594459904082862,0.8613883152455569,0.8632776895871032,0.8651162495728649,0.8669060179652783,0.8686489115727861
1.6612612612612612,0.05868167207140097,0.01500287713488684,0.008751319506557593,0.006242580251359851,0.00488551986833498,0.004032328155657128,0.0034443164762540945,0.8575811061827641,0.8595770847299034,0.8615178898687168,0.8634057780905514,0.8652428844931944,0.8670312308358744,0.8687727329612797
1.663063063063063,0.05869329630056994,0.015005927277090807,0.008753137422541009,0.0062439004542341105,0.004886568558226064,0.004033204416147612,0.003445072530501953,0.8577135083084828,0.8597079348181236,0.861647222545007,0.863533626898278,0.8653692819340164,0.867156208408712,0.8688963211997858
1.664864864864865,0.058704918932990326,0.015008976913264669,0.008754954993377924,0.006245220379854485,0.0048876170100819695,0.004034080465284179,0.0034458283934598916,0.8578456645651972,0.8598385413547763,0.8617763139513966,0.8636612366824209,0.8654954425626695,0.8672809513463635,0.8690196769461461
1.6666666666666667,0.05871653995941396,0.015012026041287754,0.00875677221797685,0.0062465400274964245,0.004888665223398544,0.0040349563026866875,0.003446584064835524,0.8579775756370757,0.8599689050191553,0.8619051647623315,0.8637886081126076,0.8656213670439941,0.8674054603089157,0.8691428008557291
1.6684684684684685,0.058728159370653926,0.015015074659054033,0.008758589095232337,0.006247859396447009,0.004889713197678137,0.004035831927982688,0.0034473395443393212,0.8581092422057512,0.8600990264880308,0.8620337756497463,0.8639157418559665,0.8657470560403442,0.8675297359539824,0.8692656935814429
1.6702702702702703,0.05873977715758447,0.015018122764472182,0.008760405624036982,0.006249178486026574,0.004890760932425273,0.004036707340794722,0.0034480948316842897,0.8582406649503325,0.860228906435661,0.862162147283076,0.8640426385771393,0.8658725102115997,0.867653778936715,0.8693883557737464
1.672072072072072,0.05875139331114038,0.015021170355465763,0.008762221803309702,0.006250497295523183,0.004891808427149028,0.004037582540773005,0.003448849926586022,0.8583718445474152,0.8603585455338036,0.8622902803292675,0.8641692989382913,0.8659977302151769,0.8677775899098145,0.8695107880806603
1.6738738738738739,0.05876300782231672,0.015024217429972429,0.008764037631967456,0.0062518158242595035,0.0048928556813638835,0.004038457527539777,0.0034496048287621568,0.858502781671095,0.8604879444517277,0.862418175452791,0.8642957235991244,0.8661227167060408,0.8679011695235428,0.8696329911477794
1.6756756756756757,0.05877462068216841,0.015027263985944544,0.008765853108969426,0.006253134071539347,0.004893902694586322,0.004039332300734959,0.0034503595379340285,0.8586334769929772,0.8606171038562249,0.8625458333156519,0.8644219132168874,0.8662474703367159,0.8680245184257341,0.8697549656182831
1.6774774774774774,0.05878623188181004,0.015030310021348865,0.008767668233205135,0.006254452036676358,0.004894949466338124,0.004040206860021441,0.003451114053825445,0.85876393118219,0.8607460244116213,0.8626732545774021,0.8645478684463881,0.8663719917572981,0.8681476372618069,0.8698767121329475
1.6792792792792792,0.0587978414124152,0.01503335553416642,0.008769483003666232,0.006255769718998422,0.004895995996144479,0.004041081205018321,0.00345186837616142,0.8588941449053943,0.860874706779788,0.8628004398951507,0.8646735899400041,0.8664962816154655,0.8682705266747734,0.8699982313301553
1.681081081081081,0.05880944926521629,0.015036400522392095,0.008771297419279971,0.006257087117857012,0.004897042283534904,0.00404195533540059,0.003452622504671329,0.8590241188267966,0.8610031516201535,0.8629273899235763,0.8647990783476943,0.8666203405564903,0.8683931873052531,0.8701195238459088
1.6828828828828828,0.0588210554315043,0.015039444984035293,0.008773111479001552,0.006258404232570307,0.004898088328042457,0.004042829250799224,0.0034533764390857202,0.8591538536081595,0.8611313595897147,0.8630541053149381,0.8649243343170107,0.8667441692232492,0.8685156197914823,0.8702405903138397
1.6846846846846846,0.05883265990262807,0.01504248891711909,0.00877492518181146,0.006259721062472951,0.00489913412920446,0.004043702950887454,0.0034541301791383306,0.8592833499088125,0.8612593313430468,0.8631805867190859,0.8650493584931079,0.8668677682562347,0.8686378247693254,0.8703614313652202
1.6864864864864866,0.058844262669994235,0.015045532319680721,0.008776738526708301,0.006261037606939444,0.004900179686561883,0.004044576435312831,0.0034548837245657205,0.8594126083856639,0.8613870675323165,0.8633068347834726,0.8651741515187561,0.8669911382935668,0.8687598028722864,0.8704820476289742
1.6882882882882884,0.05885586372506688,0.015048575189771048,0.008778551512638304,0.0062623538652961976,0.00490122499965944,0.004045449703739799,0.0034556370751056232,0.8595416296932118,0.8615145688072916,0.8634328501531645,0.8652987140343509,0.8671142799710028,0.8688815547315193,0.8706024397316886
1.6900900900900901,0.05886746305936687,0.01505161752545476,0.008780364138594683,0.0062636698368926215,0.004902270068045904,0.004046322755837637,0.0034563902304995,0.8596704144835549,0.8616418358153527,0.8635586334708526,0.8654230466779246,0.8672371939219494,0.8690030809758396,0.8707226082976236
1.691891891891892,0.05887906066447206,0.01505465932481014,0.008782176403605901,0.006264985521109243,0.004903314891273999,0.004047195591267205,0.00345714319049119,0.8597989634064035,0.8617688692015036,0.8636841853768633,0.8655471500851569,0.8673598807774728,0.8691243822317344,0.8708425539487233
1.6936936936936937,0.058890656532016285,0.015057700585929335,0.00878398830665986,0.006266300917316233,0.004904359468899301,0.0040480682097019695,0.00345789595482623,0.8599272771090906,0.8618956696083829,0.8638095065091695,0.8656710248893863,0.8674823411663101,0.869245459123374,0.8709622773046277
1.6954954954954955,0.05890225065368951,0.015060741306917385,0.008785799846769447,0.00626761602487767,0.004905403800482242,0.004048940610820284,0.003458648523253108,0.8600553562365827,0.8620222376762743,0.8639345975034011,0.8657946717216202,0.8676045757148788,0.8693663122726215,0.8710817789826814
1.6972972972972973,0.05891384302123733,0.015063781485893235,0.008787611022964928,0.006268930843153957,0.004906447885586648,0.004049812794291285,0.003459400895522689,0.8601832014314907,0.8621485740431175,0.864059458992856,0.8659180912105461,0.8677265850472895,0.8694869422990449,0.8712010595979459
1.699099099099099,0.058925433626460424,0.01506682112098891,0.008789421834276634,0.006270245371561606,0.004907491723779848,0.0040506847597986395,0.003460153071387885,0.8603108133340801,0.862274679344519,0.8641840916085106,0.8660412839825415,0.8678483697853543,0.8696073498199258,0.8713201197632094
1.7009009009009008,0.0589370224612147,0.01506986021034987,0.008791232279722639,0.006271559609386824,0.004908535314632582,0.004051556507026758,0.0034609050506043204,0.8604381925822825,0.8624005542137626,0.8643084959790308,0.8661642506616858,0.8679699305485992,0.869727535450272,0.8714389600889973
1.7027027027027026,0.058948609517410475,0.015072898752134545,0.008793042358372019,0.006272873556175482,0.004909578657719904,0.004052428035659464,0.0034616568329303155,0.8605653398117058,0.8625261992818204,0.8644326727307821,0.8662869918697695,0.8680912679542734,0.8698474998028265,0.871557581183583
1.7045045045045044,0.05896019478701235,0.015075936744514414,0.008794852069250092,0.0062741872113322,0.004910621752619994,0.004053299345382804,0.0034624084181255383,0.8606922556556447,0.8626516151773628,0.86455662248784,0.8664095082263056,0.8682123826173604,0.8699672434880784,0.8716759836529976
1.7063063063063062,0.05897177826203901,0.015078974185673975,0.008796661411425766,0.006275500574012176,0.0049116645989149,0.0040541704358911,0.0034631598059527502,0.8608189407450915,0.8627768025267692,0.8646803458720016,0.8665318003485396,0.8683332751505884,0.8700867671142734,0.8717941681010412
1.7081081081081082,0.058983359934562475,0.015082011073810828,0.008798470383966606,0.0062768136439622,0.004912707196190096,0.004055041306877092,0.0034639109961771553,0.860945395708746,0.8629017619541387,0.8648038435027942,0.8666538688514597,0.8684539461644397,0.8702060712874234,0.8719121351292918
1.70990990990991,0.05899493979670835,0.015085047407135153,0.008800278985940506,0.006278126420243454,0.004913749544034594,0.004055911958033818,0.0034646619885651936,0.8610716211730265,0.8630264940813,0.8649271159974871,0.8667757143478075,0.8685743962671622,0.870325156611318,0.8720298853371171
1.7117117117117118,0.05900651784065496,0.01508808318387002,0.008802087216427421,0.0062794389025314324,0.004914791642041354,0.004056782389068052,0.0034654127828871767,0.8611976177620801,0.863150999527822,0.8650501639711012,0.8668973374480882,0.8686946260647788,0.8704440236875334,0.8721474193216835
1.7135135135135136,0.05901809405863331,0.015091118402251032,0.008803895074510642,0.006280751090161605,0.004915833489806065,0.004057652599675736,0.003466163378914176,0.8613233860977927,0.8632752789110242,0.8651729880364198,0.8670187387605807,0.8688146361610983,0.8705626731154436,0.8722647376779665
1.7153153153153153,0.05902966844292694,0.01509415306052651,0.008805702559313644,0.006282062982558273,0.004916875086928618,0.004058522589564596,0.003466913776420309,0.8614489267997992,0.8633993328459865,0.8652955888039979,0.8671399188913476,0.8689344271577248,0.8706811054922292,0.872381840998761
1.7171171171171171,0.059041240985871046,0.015097187156957355,0.00880750966987528,0.006283374579155667,0.004917916433011934,0.004059392358443119,0.0034676639751820082,0.8615742404854937,0.8635231619455591,0.8654179668821728,0.867260878444245,0.8690539996540677,0.8707993214128887,0.8724987298746908
1.718918918918919,0.05905281167985267,0.015100220689816566,0.00880931640534044,0.006284685879379073,0.004918957527662565,0.004060261906020363,0.0034684139749780224,0.86169932777004,0.8636467668203741,0.8655401228770743,0.8673816180209339,0.8691733542473526,0.870917321470248,0.872615404894219
1.7207207207207207,0.05906438051731031,0.015103253657389848,0.008811122764830568,0.006285996882675266,0.004919998370490667,0.0040611312320107,0.0034691637755877814,0.8618241892663815,0.8637701480788537,0.8656620573926347,0.8675021382208886,0.8692924915326302,0.87103510625497,0.8727318666436574
1.7225225225225225,0.059075947490733284,0.015106286057975196,0.00881292874744783,0.006287307588487595,0.004921038961109451,0.004062000336128341,0.003469913376795459,0.8619488255852508,0.8638933063272211,0.8657837710305984,0.8676224396414074,0.869411412102787,0.8711526763555648,0.8728481157071772
1.7243243243243243,0.0590875125926618,0.015109317889882488,0.008814734352306015,0.006288617996256082,0.0049220792991354935,0.004062869218091989,0.00347066277838529,0.8620732373351797,0.86401624216951,0.865905264390532,0.8677425228776219,0.8695301165485542,0.8712700323583991,0.8729641526668174
1.726126126126126,0.05909907581568653,0.015112349151434095,0.008816539578590283,0.006289928105445882,0.004923119384189195,0.004063737877623977,0.0034714119801446514,0.8621974251225102,0.8641389562075756,0.866026538069834,0.8678623885225079,0.8696486054585185,0.8713871748477068,0.8730799781024956
1.7279279279279278,0.059110637152448256,0.015115379840964132,0.008818344425368519,0.006291237915505898,0.004924159215893509,0.004064606314448287,0.003472160981863045,0.8623213895514028,0.8642614490411028,0.8661475926637453,0.8679820371668939,0.8697668794191316,0.8715041044055976,0.8731955925920176
1.7297297297297298,0.05912219659563736,0.01511840995681898,0.008820148891851072,0.006292547425899575,0.004925198793875508,0.004065474528289822,0.0034729097833314793,0.8624451312238471,0.8643837212676169,0.8662684287653576,0.8681014693994716,0.8698849390147189,0.8716208216120673,0.8733109967110861
1.7315315315315316,0.05913375413799412,0.015121439497356781,0.008821952977158978,0.00629385663609115,0.0049262381177652215,0.004066342518877798,0.0034736583843444514,0.8625686507396716,0.8645057734824929,0.8663890469656242,0.8682206858068053,0.8700027848274904,0.8717373270450074,0.8734261910333113
1.7333333333333334,0.05914530977230787,0.015124468460947425,0.008823756680460378,0.006295165545551809,0.004927277187195814,0.004067210285944541,0.0034744067846964916,0.8626919486965535,0.8646276062789665,0.8665094478533697,0.8683396869733419,0.8701204174375499,0.8718536212802147,0.8735411761302203
1.7351351351351352,0.05915686349141654,0.01512749684597273,0.008825560000907189,0.0062964741537590175,0.004928316001803371,0.004068077829223883,0.003475154984185681,0.8628150256900272,0.864749220248141,0.8666296320152983,0.868458473481419,0.8702378374229035,0.8719697048913998,0.8736559525712654
1.736936936936937,0.05916841528820738,0.015130524650826283,0.008827362937703682,0.006297782460186974,0.004929354561228655,0.0040689451484519235,0.00347590298261253,0.8629378823134959,0.8648706159789998,0.8667496000360049,0.8685770459112768,0.8703550453594712,0.8720855784501982,0.873770520923835
1.7387387387387387,0.05917996515561533,0.01513355187391287,0.008829165490025595,0.006299090464323626,0.004930392865113701,0.004069812243368252,0.0034766507797784813,0.8630605191582391,0.8649917940584142,0.8668693524979837,0.8686954048410656,0.8704720418210938,0.8722012425261784,0.8738848817532622
1.7405405405405405,0.05919151308662359,0.015136578513649373,0.008830967657012221,0.006300398165654784,0.004931430913105265,0.004070679113714789,0.0034773983754875027,0.8631829368134233,0.8651127550711528,0.8669888899816375,0.8688135508468554,0.8705888273795443,0.8723166976868514,0.8739990356228338
1.7423423423423423,0.05920305907426334,0.015139604568463796,0.008832769437901471,0.006301705563672155,0.004932468704852422,0.004071545759235549,0.003478145769545653,0.8633051358661109,0.8652334995998918,0.8671082130652875,0.8689314845026463,0.870705402604536,0.8724319444976804,0.8741129830938001
1.744144144144144,0.05921460311161294,0.015142630036795548,0.00883457083188055,0.006303012657871634,0.004933506240007435,0.004072412179676846,0.0034788929617614512,0.8634271169012704,0.865354028225224,0.867227322325183,0.8690492063803772,0.8708217680637323,0.8725469835220901,0.8742267247253844
1.7459459459459459,0.05922614519179796,0.015145654917095661,0.008836371838144959,0.006304319447754352,0.0049345435182262766,0.004073278374787992,0.003479639951943701,0.8635488805017846,0.8654743415256676,0.8673462183355094,0.8691667170499343,0.8709379243227561,0.8726618153214754,0.8743402610747911
1.7477477477477477,0.05923768530799096,0.015148679207826,0.008838172455902538,0.006305625932825718,0.004935580539167317,0.00407414434432028,0.0034803867399057415,0.8636704272484602,0.865594440077676,0.8674649016683985,0.8692840170791618,0.8710538719451979,0.8727764404552104,0.8744535926972155
1.7495495495495494,0.05924922345341107,0.015151702907460134,0.008839972684386488,0.006306932112592335,0.004936617302492555,0.004075010088028257,0.003481133325461167,0.863791757720038,0.8657143244556471,0.8675833728939376,0.8694011070338697,0.8711696114926263,0.8728908594806584,0.8745667201458527
1.7513513513513512,0.059260759621323725,0.015154726014482152,0.008841772522802145,0.006308237986568146,0.004937653807866593,0.004075875605667895,0.0034818797084258707,0.8639128724932007,0.8658339952319319,0.8677016325801781,0.8695179874778437,0.8712851435245962,0.8730050729531799,0.8746796439719068
1.7531531531531532,0.05927229380504043,0.015157748527387938,0.008843571970402577,0.006309543554268921,0.004938690054957871,0.004076740896997372,0.0034826258886180295,0.8640337721425828,0.8659534529768442,0.867819681293145,0.8696346589728539,0.8714004685986582,0.8731190814261425,0.8747923647245995
1.754954954954955,0.05928382599791851,0.015160770444683716,0.008845371026369318,0.006310848815218262,0.004939726043436573,0.004077605961779386,0.0034833718658570574,0.8641544572407795,0.8660726982586691,0.8679375195968456,0.8697511220786635,0.8715155872703669,0.8732328854509286,0.8749048829511791
1.7567567567567568,0.059295356193360634,0.01516379176488696,0.008847169690019894,0.006312153768939216,0.004940761772977118,0.004078470799776333,0.0034841176399657003,0.8642749283583562,0.8661917316436726,0.868055148053279,0.869867377353039,0.8716305000932911,0.8733464855769462,0.8750171991969297
1.7585585585585586,0.05930688438481495,0.015166812486525976,0.008848967960531902,0.006313458414960496,0.004941797243255861,0.004079335410754305,0.0034848632107669242,0.8643951860638565,0.8663105536961099,0.8681725672224446,0.8699834253517574,0.8717452076190213,0.8734598823516355,0.8751293140051793
1.7603603603603604,0.05931841056577425,0.015169832608139913,0.008850765837188657,0.006314762752817679,0.004942832453953803,0.004080199794482137,0.0034856085780870594,0.8645152309238118,0.866429164978235,0.8682897776623508,0.8700992666286163,0.8718597103971794,0.8735730763204793,0.8752412279173095
1.7621621621621621,0.059329934729776164,0.015172852128278473,0.008852563319294278,0.006316066782045612,0.004943867404752785,0.004081063950727365,0.003486353741752768,0.8646350635027507,0.866547566050309,0.8684067799290246,0.8702149017354422,0.8719740089754269,0.8736860680270114,0.8753529414727633
1.763963963963964,0.05934145687040304,0.015175871045502156,0.008854360406078263,0.006317370502187011,0.004944902095338694,0.004081927879268215,0.0034870987015946293,0.8647546843632065,0.8666657574706095,0.8685235745765197,0.8703303312220995,0.8720881038994744,0.8737988580128249,0.8754644552090545
1.7657657657657657,0.05935297698128074,0.01517888935838201,0.008856157096720036,0.006318673912783892,0.004945936525400905,0.004082791579875487,0.0034878434574434304,0.8648740940657271,0.8667837397954383,0.8686401621569254,0.8704455556364986,0.8722019957130895,0.8739114468175809,0.8755757696617754
1.7675675675675675,0.05936449505607935,0.015181907065499505,0.00885795339064047,0.006319977013386332,0.004946970694629999,0.004083655052328343,0.0034885880091322097,0.8649932931688834,0.8669015135791317,0.8687565432203754,0.8705605755246056,0.8723156849581056,0.8740238349790177,0.8756868853646066
1.7693693693693693,0.059376011088512946,0.015184924165446778,0.008859749287026613,0.006321279803549271,0.0049480046027209346,0.004084518296405945,0.003489332356495654,0.8651122822292782,0.867019079374068,0.8688727183150566,0.87067539143045,0.8724291721744311,0.8741360230329587,0.8757978028493246
1.771171171171171,0.059387525072338354,0.015187940656826493,0.008861544785196867,0.0063225822828262114,0.004949038249371033,0.004085381311889386,0.003490076499372068,0.8652310618015544,0.8671364377306763,0.8689886879872174,0.8707900038961339,0.8725424579000571,0.8742480115133211,0.8759085226458106
1.772972972972973,0.05939903700135554,0.015190956538251293,0.008863339884419974,0.006323884450780232,0.004950071634280374,0.004086244098565141,0.0034908204375992636,0.8653496324384039,0.8672535891974454,0.8691044527811762,0.8709044134618401,0.8726555426710665,0.8743598009521248,0.876019045282059
1.7747747747747749,0.059410546869407874,0.015193971808344331,0.008865134584100398,0.006325186306972541,0.004951104757152103,0.004087106656216794,0.0034915641710170204,0.8654679946905762,0.8673705343209323,0.8692200132393304,0.8710186206658406,0.8727684270216419,0.8744713918795002,0.8761293712841854
1.7765765765765766,0.05942205467038075,0.01519698646573878,0.008866928883373862,0.006326487850974116,0.004952137617691722,0.00408796898463453,0.0034923076994686853,0.8655861491068874,0.8674872736457704,0.8693353699021645,0.8711326260445055,0.872881111484075,0.8745827848236967,0.8762395011764357
1.7783783783783784,0.05943356039820215,0.015200000509078247,0.008868722781686806,0.0063277890823546035,0.0049531702156078794,0.0040888310836089126,0.003493051022798145,0.8657040962342271,0.8676038077146782,0.8694505233082582,0.8712464301323107,0.8729935965887735,0.8746939803110912,0.8763494354811934
1.7801801801801802,0.059445064046842175,0.015203013937016252,0.008870516278310734,0.006329090000690976,0.004954202550612011,0.004089692952931664,0.0034937941408511586,0.865821836617569,0.8677201370684678,0.8695654739942961,0.8713600334618473,0.8731058828642709,0.874804978866197,0.8764591747189888
1.781981981981982,0.05945656561031254,0.015206026748216393,0.008872309372562368,0.0063303906055611914,0.004955234622417997,0.00409055459240085,0.003494537053475355,0.8659393707999774,0.8678362622460529,0.8696802224950738,0.8714734365638284,0.8732179708372337,0.8749157810116702,0.8765687194085067
1.7837837837837838,0.05946806508266684,0.015209038941352202,0.008874102063761997,0.006331690896547186,0.0049562664307428094,0.0040914160018101775,0.0034952797605203785,0.866056699322617,0.8679521837844577,0.8697947693435086,0.8715866399670986,0.8733298610324703,0.8750263872683204,0.8766780700665946
1.7855855855855856,0.059479562457999596,0.015212050515107163,0.00887589435119916,0.006332990873237893,0.004957297975305847,0.004092277180961517,0.0034960222618366983,0.8661738227247601,0.8680679022188245,0.8699091150706464,0.8716996441986423,0.873441553972939,0.8751367981551167,0.8767872272082712
1.7873873873873873,0.05949105773044687,0.015215061468174576,0.008877686234536553,0.0063342905352217205,0.0049583292558293334,0.00409313812965441,0.0034967645572775903,0.8662907415437954,0.868183418082422,0.8700232602056697,0.8718124497835904,0.8735530501797554,0.8752470141891967,0.8768961913467338
1.7891891891891891,0.0595025508941853,0.015218071799257429,0.008879477712380972,0.00633558988209304,0.00495936027203828,0.004093998847693839,0.00349750664669779,0.8664074563152364,0.8682987319066547,0.8701372052759068,0.8719250572452304,0.8736643501722022,0.8753570358858753,0.8770049629933672
1.790990990990991,0.05951404194343211,0.01522108150706899,0.008881268784999998,0.0063368889134498875,0.004960391023660161,0.004094859334884721,0.00349824852995384,0.8665239675727289,0.8684138442210693,0.8702509508068388,0.8720374671050127,0.8737754544677354,0.8754668637586511,0.8771135426577505
1.7927927927927927,0.05952553087244497,0.01522409059033141,0.008883059451059383,0.006338187628892536,0.004961421510425207,0.004095719591035623,0.0034989902069025858,0.8666402758480598,0.8685287555533634,0.8703644973221085,0.8721496798825602,0.8738863635819937,0.8755764983192158,0.8772219308476668
1.7945945945945945,0.059537017675521726,0.01522709904777686,0.008884849710139997,0.006339486028024223,0.004962451732066029,0.004096579615955569,0.0034997316774052645,0.8667563816711649,0.8686434664293945,0.8704778453435282,0.8722616960956749,0.8739970780288056,0.8756859400774614,0.8773301280691091
1.7963963963963965,0.059548502346999974,0.015230106878147218,0.00888663956162315,0.006340784110453991,0.004963481688318553,0.0040974394094568855,0.003500472941322005,0.8668722855701368,0.8687579773731869,0.8705909953910878,0.8723735162603471,0.8741075983201977,0.8757951895414884,0.87743813482629
1.7981981981981983,0.05955998488125691,0.015233114080193455,0.00888842900484721,0.006342081875794325,0.004964511378920701,0.004098298971352863,0.0035012139985160107,0.8669879880712336,0.86887228890694,0.8707039479829619,0.8724851408907625,0.8742179249664028,0.8759042472176136,0.8775459516216482
1.8,0.05957146527270938,0.015236120652676242,0.008890218039224882,0.006343379323659295,0.0049655408036127936,0.004099158301459713,0.003501954848852787,0.8671034896988854,0.8689864015510362,0.870816703635519,0.8725965704993102,0.8743280584758673,0.8760131136103777,0.8776535789558567
1.8018018018018018,0.059582943515813086,0.015239126594365786,0.00889200666411137,0.006344676453666796,0.004966569962138179,0.004100017399596153,0.0035026954921972037,0.8672187909757042,0.8691003158240496,0.8709292628633287,0.872707805596591,0.8744379993552592,0.8761217892225537,0.8777610173278314
1.8036036036036036,0.05959441960506297,0.015242131904041238,0.00889379487889438,0.00634597326543927,0.00496759885424252,0.004100876265580834,0.003503435928418397,0.86733389242249,0.869214032242752,0.8710416261791694,0.8728188466914246,0.8745477481094762,0.8762302745551537,0.8778682672347373
1.8054054054054054,0.0596058935349926,0.015245136580491377,0.008895582682963326,0.006347269758602447,0.004968627479674065,0.004101734899236867,0.0035041761573856773,0.8674487945582399,0.8693275513221227,0.8711537940940365,0.872929694290858,0.8746573052416526,0.8763385701074374,0.8779753291719973
1.8072072072072072,0.05961736530017381,0.015248140622513751,0.008897370075726139,0.006348565932783783,0.004969655838184047,0.004102593300386679,0.0035049161789695304,0.8675634979001547,0.869440873575355,0.8712657671171494,0.8730403489001721,0.8747666712531679,0.8764466763769195,0.878082203633299
1.809009009009009,0.05962883489521704,0.015251144028915744,0.008899157056561127,0.006349861787617174,0.0049706839295260265,0.004103451468858075,0.0035056559930435644,0.8676780029636483,0.8695539995138649,0.8713775457559605,0.873150811022891,0.8748758466436539,0.8765545938593774,0.8781888911106035
1.8108108108108107,0.059640302314770355,0.015254146798513113,0.008900943624891846,0.006351157322737182,0.004971711753454027,0.004104309404477321,0.0035063955994818325,0.8677923102623537,0.8696669296472977,0.8714891305161615,0.8732610811607885,0.8749848319110025,0.8766623230488584,0.8782953920941515
1.8126126126126125,0.05965176755352004,0.01525714893013124,0.008902729780116032,0.006352452537781415,0.004972739309728191,0.004105167107074584,0.0035071349981600536,0.8679064203081316,0.8697796644835364,0.8716005219016919,0.8733711598138953,0.8750936275513733,0.8767698644376873,0.8784017070724719
1.8144144144144143,0.05966323060618967,0.015260150422604042,0.008904515521653198,0.006353747432393792,0.004973766598108157,0.004106024576481396,0.0035078741889558174,0.8680203336110781,0.869892204528709,0.8717117204147461,0.8734810474805081,0.8752022340592007,0.8768772185164748,0.8785078365323885
1.816216216216216,0.05967469146754031,0.015263151274774955,0.008906300848927549,0.0063550420062179315,0.0049747936183574615,0.004106881812532698,0.0035086131717484742,0.868134050679532,0.8700045502871964,0.8718227265557813,0.873590744657196,0.8753106519272024,0.8769843857741237,0.8786137809590282
1.818018018018018,0.05968615013237006,0.01526615148549553,0.008908085761351745,0.006356336258904257,0.004975820370241516,0.004107738815061355,0.0035093519464181994,0.8682475720200822,0.8701167022616395,0.8719335408235247,0.8737002518388077,0.8754188816463853,0.877091366697837,0.8787195408358276
1.8198198198198199,0.059697606595514166,0.015269151053626837,0.008909870258372215,0.0063576301901031584,0.004976846853528362,0.0041085955839069545,0.0035100905128472304,0.8683608981375757,0.8702286609529472,0.8720441637149814,0.8738095695184801,0.8755269237060547,0.8771981617731255,0.878825116644541
1.8216216216216217,0.059709060851844145,0.015272149978038448,0.008911654339394988,0.006358923799470863,0.0049778730679885174,0.004109452118907421,0.0035108288709196434,0.8684740295351248,0.8703404268603033,0.8721545957254411,0.8739186981876447,0.87563477859382,0.8773047714838141,0.8789305088652474
1.8234234234234235,0.05972051289626858,0.015275148257608593,0.008913438003892216,0.006360217086664788,0.0049788990133941,0.004110308419904293,0.0035115670205201023,0.8685869667141144,0.8704520004811742,0.8722648373484861,0.8740276383360351,0.8757424467956033,0.8774111963120504,0.8790357179763575
1.8252252252252252,0.059731962723731775,0.015278145891224448,0.008915221251294403,0.0063615100513475355,0.004979924689520513,0.004111164486740553,0.003512304961535555,0.86869971017421,0.8705633823113165,0.8723748890759989,0.8741363904516952,0.8758499287956463,0.8775174367383114,0.8791407444546218
1.827027027027027,0.05974341032921428,0.015281142877781389,0.008917004081037317,0.0063628026931827255,0.0049809500961458366,0.004112020319261753,0.003513042693854313,0.8688122604133643,0.8706745728447839,0.8724847513981686,0.8742449550209854,0.8759572250765169,0.8776234932414103,0.879245588775137
1.8288288288288288,0.05975485570773266,0.01528413921618383,0.008918786492588704,0.006364095011838528,0.00498197523304898,0.004112875917313272,0.003513780217365576,0.868924617927825,0.8707855725739349,0.8725944248034989,0.8743533325285903,0.8760643361191175,0.8777293662985045,0.8793502514113533
1.8306306306306306,0.05976629885433894,0.015287134905344358,0.008920568485400284,0.0063653870069862685,0.004983000100012481,0.004113731280744516,0.0035145175319614775,0.8690367832121421,0.8708963819894395,0.8727039097788151,0.8744615234575257,0.8761712624026914,0.8778350563851021,0.8794547328350817
1.8324324324324324,0.05977773976412071,0.01529012994418431,0.008922350058934603,0.006366678678299351,0.004984024696820307,0.004114586409404002,0.003515254637533438,0.8691487567591747,0.8710070015802874,0.8728132068092711,0.8745695282891462,0.8762780044048304,0.8779405639750693,0.8795590335165013
1.8342342342342342,0.05978917843220048,0.015293124331633117,0.008924131212663777,0.006367970025455717,0.00498504902325931,0.004115441303144705,0.003515991533975923,0.8692605390600989,0.871117431833794,0.8729223163783572,0.8746773475031523,0.8763845626014813,0.8780458895406376,0.8796631539241657
1.836036036036036,0.05980061485373604,0.01529611806662883,0.008925911946052079,0.006369261048135415,0.00498607307911885,0.004116295961821804,0.0035167282211850787,0.8693721306044143,0.8712276732356086,0.8730312389679064,0.8747849815775967,0.8764909374669542,0.8781510335524105,0.8797670945250106
1.8378378378378377,0.05981204902391985,0.01529911114811747,0.008927692258580049,0.006370551746021524,0.004987096864189268,0.0041171503852897974,0.0035174646990569886,0.869483531879952,0.8713377262697206,0.873139975058102,0.8748924309888926,0.8765971294739278,0.8782559964793709,0.8798708557843605
1.8396396396396397,0.059823480937979304,0.015302103575054205,0.008929472149731832,0.006371842118800327,0.004988120378264698,0.004118004573406735,0.003518200967490416,0.8695947433728806,0.8714475914184677,0.873248525127485,0.8749996962118195,0.8767031390934579,0.8783607787888879,0.8799744381659359
1.8414414414414415,0.05983491059117536,0.015305095346401565,0.008931251618977676,0.006373132166161548,0.0049891436211408425,0.004118858526027828,0.0035189370263857423,0.8697057655677142,0.8715572691625417,0.87335688965296,0.8751067777195312,0.8768089667949835,0.8784653809467233,0.8800778421318598
1.8432432432432433,0.05984633797880418,0.015308086461130306,0.008933030665824578,0.006374421887797355,0.004990166592615181,0.004119712243019451,0.003519672875643666,0.8698165989473189,0.8716667599809965,0.8734650691098033,0.8752136759835621,0.8769146130463344,0.8785698034170394,0.8801810681426651
1.845045045045045,0.05985776309619525,0.015311076918219724,0.008934809289759553,0.006375711283402974,0.004991189292487922,0.004120565724242591,0.0035204085151667092,0.8699272439929201,0.8717760643512545,0.8735730639716691,0.8753203914738348,0.8770200783137375,0.8786740466624052,0.8802841166573006
1.8468468468468469,0.059869185938712106,0.01531406671665655,0.008936587490278813,0.006377000352676885,0.0049922117205617135,0.004121418969559214,0.0035211439448593774,0.8700377011841095,0.8718851827491136,0.8736808747105972,0.8754269246586658,0.8771253630618238,0.8787781111438034,0.8803869881331389
1.8486486486486486,0.05988060650175183,0.015317055855436681,0.008938365266888688,0.006378289095320423,0.004993233876640698,0.0041222719788366335,0.0035218791646270792,0.8701479709988517,0.8719941156487546,0.873788501797019,0.8755332760047736,0.8772304677536352,0.8788819973206373,0.8804896830259824
1.8504504504504504,0.059892024780744936,0.015320044333562868,0.008940142619092293,0.006379577511037443,0.004994255760530776,0.0041231247519416215,0.003522614174375763,0.870258053913491,0.8721028635227474,0.8738959456997647,0.8756394459772849,0.8773353928506317,0.8789857056507371,0.8805922017900701
1.8522522522522522,0.05990344077115496,0.015323032150046045,0.008941919546410024,0.006380865599535133,0.004995277372041973,0.00412397728874303,0.0035233489740142954,0.870367950402759,0.872211426842058,0.8740032068860704,0.8757454350397414,0.8774401388126976,0.8790892365903674,0.8806945448780846
1.854054054054054,0.05991485446847864,0.015326019303905552,0.008943696048347025,0.006382153360523787,0.004996298710984773,0.00412482958911791,0.003524083563452494,0.8704776609397809,0.8723198060760557,0.8741102858215843,0.8758512436541068,0.8775447060981484,0.8791925905942333,0.8807967127411586
1.8558558558558558,0.05992626586824553,0.015329005794167991,0.008945472124426201,0.006383440793715698,0.004997319777172025,0.00412568165293243,0.0035248179426007487,0.870587185996082,0.8724280016925197,0.8742171829703742,0.8759568722807732,0.8776490951637379,0.8792957681154873,0.8808987058288813
1.8576576576576576,0.059937674966017804,0.01533199161986798,0.008947247774174136,0.006384727898826761,0.004998340570418892,0.004126533480058092,0.0035255521113713357,0.870696526041595,0.872536014157645,0.8743238987949332,0.8760623213785678,0.8777533064646639,0.8793987696057354,0.8810005245893052
1.8594594594594593,0.0599490817573899,0.015334976780047931,0.008949022997118623,0.006386014675576074,0.004999361090542236,0.004127385070380811,0.0035262860696774834,0.8708056815446666,0.8726438439360508,0.8744304337561875,0.8761675914047597,0.8778573404545759,0.879501595515045,0.8811021694689531
1.8612612612612613,0.059960486237988594,0.01533796127375751,0.008950797792794982,0.006387301123683892,0.005000381337361454,0.004128236423768107,0.003527019817435068,0.870914652972064,0.8727514914907853,0.8745367883135019,0.876272682815067,0.877961197585581,0.87960424629195,0.881203640912824
1.8630630630630631,0.05997188840347294,0.01534094510005503,0.00895257216073943,0.00638858724287553,0.005001401310698451,0.004129087540105817,0.0035277533545593643,0.871023440788982,0.872858957283334,0.8746429629246875,0.8763775960636622,0.8780648783082508,0.879706722383458,0.8813049393643996
1.864864864864865,0.0599832882495335,0.015343928258005282,0.008954346100488238,0.00638987303287708,0.005002421010377146,0.004129938419275289,0.0035284866809678506,0.8711320454590482,0.8729662417736244,0.874748958046007,0.8764823316031791,0.878168383071627,0.8798090242350566,0.8814060652656508
1.8666666666666667,0.05999468577189285,0.015346910746681437,0.008956119611589992,0.006391158493418203,0.005003440436222789,0.0041307890611505605,0.003529219796580052,0.8712404674443321,0.8730733454200348,0.874854774132183,0.8765868898847208,0.8782717123232299,0.8799111522907203,0.881507019057045
1.8684684684684685,0.06000608096630469,0.015349892565163581,0.008957892693594165,0.0063924436242318895,0.005004459588061901,0.004131639465626811,0.0035299527013154925,0.8713487072053491,0.8731802686793989,0.8749604116364025,0.8766912713578637,0.8783748665090623,0.8800131069929161,0.8816078011775508
1.8702702702702703,0.06001747382855436,0.015352873712539888,0.008959665346052255,0.006393728425053543,0.005005478465724078,0.004132489632581964,0.0035306853950957118,0.8714567652010687,0.8732870120070134,0.8750658710103246,0.876795476470666,0.8784778460736179,0.8801148887826109,0.8817084120646462
1.872072072072072,0.06002886435445829,0.015355854187905416,0.008961437568527884,0.00639501289561996,0.005006497069041597,0.004133339561904679,0.003531417877842946,0.8715646418889201,0.873393575856644,0.8751711527040871,0.8768995056696729,0.878580651459887,0.8802164980992768,0.8818088521543236
1.8738738738738738,0.06004025253986371,0.015358833990362926,0.00896320936057531,0.006396297035672111,0.005007515397848256,0.004134189253481285,0.003532150149481954,0.8716723377247994,0.8734999606805322,0.8752762571663119,0.8770033593999236,0.8786832831093625,0.8803179353808985,0.8819091218810967
1.8756756756756756,0.060051638380648656,0.015361813119022166,0.008964980721763485,0.006397580844954295,0.005008533451978301,0.00413503870721042,0.003532882209937257,0.8717798531630749,0.8736061669294011,0.8753811848441122,0.8771070381049574,0.8787857414620466,0.8804192010639784,0.8820092216780064
1.8774774774774774,0.06006302187272197,0.01536479157300043,0.008966751651661815,0.006398864323211366,0.005009551231268846,0.004135887922970308,0.0035336140591351673,0.8718871886565949,0.873712195052462,0.8754859361830984,0.8772105422268199,0.8788880269564571,0.8805202955835438,0.8821091519766275
1.8792792792792792,0.060074403012022555,0.015367769351422682,0.008968522149841403,0.0064001474701911466,0.005010568735560558,0.004136736900672098,0.003534345697003679,0.8719943446566928,0.8738180454974217,0.8755905116273852,0.8773138722060697,0.8789901400296337,0.8806212193731532,0.8822089132070747
1.881081081081081,0.06008578179451997,0.015370746453420386,0.008970292215884412,0.006401430285647499,0.005011585964694643,0.004137585640195951,0.003535077123471659,0.8721013216131942,0.8739237187104869,0.8756949116195962,0.8774170284817842,0.8790920811171438,0.8807219728649014,0.8823085057980085
1.882882882882883,0.06009715821621337,0.015373722878132434,0.008972061849367448,0.0064027127693323995,0.005012602918514432,0.004138434141441787,0.0035358083384690675,0.872208119974423,0.8740292151363723,0.8757991366008723,0.877520011491566,0.8791938506530894,0.8808225564894271,0.8824079301766418
1.8846846846846848,0.06010853227313222,0.015376698624704793,0.008973831049876495,0.006403994921002409,0.005013619596863084,0.004139282404310385,0.003536539341926881,0.8723147401872074,0.8741345352183055,0.875903187010876,0.877622821671549,0.8792954490701125,0.8809229706759174,0.8825071867687453
1.8864864864864865,0.06011990396133544,0.015379673692290746,0.008975599817002624,0.006405276740416703,0.005014635999591319,0.004140130428699952,0.0035372701337779778,0.8724211826968866,0.8742396793980343,0.8760070632877989,0.8777254594564051,0.8793968767994018,0.8810232158521161,0.8826062759986547
1.8882882882882883,0.06013127327691152,0.01538264808005044,0.008977368150339178,0.006406558227336616,0.005015652126544439,0.004140978214507619,0.0035380007139566173,0.8725274479473164,0.8743446481158316,0.8761107658683669,0.8778279252793493,0.8794981342706983,0.8811232924443272,0.8827051982892755
1.89009009009009,0.060142640215978496,0.01538562178715078,0.008979136049478784,0.006407839381526955,0.0050166679775759705,0.004141825761638843,0.0035387310823965985,0.872633536380876,0.874449441810503,0.8762142951878471,0.8779302195721465,0.8795992219123021,0.8812232008774231,0.8828039540620902
1.8918918918918919,0.060154004774683335,0.015388594812766014,0.008980903514026695,0.00640912020275221,0.005017683552537574,0.004142673069997319,0.0035394612390351144,0.8727394484384738,0.8745540609193919,0.8763176516800537,0.8780323427651177,0.8797001401510777,0.8813229415748496,0.8829025437371633
1.8936936936936937,0.0601653669492023,0.015391567156077573,0.00898267054358383,0.006410400690786006,0.005018698851289043,0.004143520139487901,0.0035401911838086287,0.8728451845595536,0.8746585058783859,0.8764208357773535,0.8781342952871456,0.8798008894124603,0.8814225149586316,0.8830009677331475
1.8954954954954955,0.060176726735740434,0.015394538816272934,0.008984437137759156,0.006411680845397227,0.005019713873671203,0.004144366970015935,0.003540920916656143,0.8729507451821005,0.8747627771219229,0.8765238479106727,0.8782360775656806,0.8799014701204618,0.88152192144938,0.8830992264672903
1.8972972972972972,0.0601880841305314,0.015397509792546789,0.008986203296164983,0.00641296066635861,0.0050207286195585055,0.00414521356148951,0.003541650437516657,0.8730561307426468,0.8748668750829967,0.876626688509502,0.878337690026747,0.8800018826976767,0.8816211614662968,0.8831973203554387
1.899099099099099,0.06019943912983735,0.015400480084100934,0.00898796901841695,0.006414240153448634,0.005021743088783368,0.0041460599138212996,0.0035423797463312668,0.8731613416762789,0.8749708001931638,0.8767293580019039,0.8784391330949491,0.8801021275652883,0.8817202354271814,0.8832952498120467
1.9009009009009008,0.06021079172994895,0.01540344969014321,0.008989734304132555,0.0064155193064474115,0.0050227572812724065,0.004146906026918108,0.0035431088430421765,0.8732663784166425,0.8750745528825487,0.8768318568145173,0.8785404071934768,0.8802022051430739,0.8818191437484364,0.8833930152501789
1.9027027027027026,0.060222141927185065,0.01540641860988929,0.008991499152936162,0.0064167981251345785,0.005023771196826621,0.004147751900694924,0.003543837727592163,0.8733712413959484,0.8751781335798499,0.8769341853725638,0.8786415127441113,0.8803021158494113,0.8819178868450733,0.8834906170815185
1.9045045045045046,0.06023348971789244,0.015409386842560007,0.00899326356445272,0.00641807660929572,0.005024784835307629,0.004148597535063168,0.0035445663999254923,0.8734759310449789,0.8752815427123463,0.8770363440998543,0.8787424501672314,0.8804018601012846,0.8820164651307184,0.8835880557163721
1.9063063063063064,0.060244835098445894,0.015412354387384593,0.00899502753831557,0.006419354758716356,0.005025798196651895,0.004149442929940302,0.0035452948599871293,0.8735804477930941,0.8753847807059025,0.8771383334187941,0.8788432198818195,0.8805014383142897,0.8821148790176188,0.8836853315636752
1.9081081081081082,0.060256178065247676,0.01541532124359698,0.008996791074152488,0.006420632573184878,0.005026811280660737,0.00415028808523467,0.003546023107723799,0.8736847920682362,0.8754878479849747,0.8772401537503883,0.8789438223054662,0.8806008509026397,0.8822131289166474,0.883782445030998
1.90990990990991,0.06026751861472809,0.0154182874104393,0.008998554171606521,0.006421910052492342,0.0050278240872272395,0.004151133000880499,0.00354675114308329,0.8737889642969375,0.875590744972617,0.8773418055142492,0.8790442578543779,0.8807000982791718,0.8823112152373096,0.883879396524552
1.9117117117117117,0.06027885674334416,0.015421252887159596,0.009000316830316513,0.006423187196433057,0.005028836616224314,0.004151977676778852,0.0035474789660138646,0.8738929649043241,0.8756934720904866,0.8774432891286003,0.8791445269433809,0.8807991808553521,0.8824091383877483,0.8839761864491945
1.9135135135135135,0.060290192447580805,0.015424217673011909,0.009002079049923244,0.006424464004804913,0.005029848867507156,0.004152822112868096,0.0035482065764651355,0.8739967943141232,0.8757960297588501,0.8775446050102829,0.8792446299859279,0.8808980990412816,0.8825068987747497,0.8840728152084348
1.9153153153153153,0.060301525723949596,0.015427181767257514,0.00900384083007918,0.006425740477403946,0.005030860841007916,0.004153666309048343,0.0035489339743882365,0.8741004529486683,0.8758984183965886,0.877645753574762,0.8793445673941036,0.8809968532457014,0.8826044968037495,0.8841692832044398
1.917117117117117,0.060312856568989257,0.0154301451691636,0.009005602170435174,0.006427016614029081,0.005031872536548021,0.004154510265267094,0.003549661159735048,0.8742039412289049,0.876000638421204,0.8777467352361317,0.8794443395786304,0.8810954438759993,0.8827019328788374,0.8842655908380392
1.9189189189189189,0.06032418497926509,0.015433107878003432,0.009007363070642791,0.006428292414485439,0.0050328839540261395,0.0041553539814318365,0.0035503881324585435,0.8743072595743959,0.8761026902488245,0.8778475504071201,0.8795439469488738,0.8811938713382144,0.8827992074027636,0.8843617385087318
1.9207207207207206,0.06033551095136916,0.015436069893057569,0.009009123530361476,0.006429567878578544,0.005033895093326,0.0041561974574730555,0.0035511148925123476,0.8744104084033281,0.8762045742942098,0.8779481994990969,0.8796433899128481,0.8812921360370432,0.8828963207769439,0.8844577266146902
1.9225225225225224,0.060346834481919936,0.01543903121361196,0.009010883549255087,0.006430843006115358,0.0050349059543152,0.004157040693315525,0.003551841439851861,0.8745133881325171,0.8763062909707575,0.8780486829220764,0.879742668877222,0.8813902383758451,0.8829932734014656,0.884553555552767
1.9243243243243242,0.06035815556756231,0.015441991838959366,0.009012643126986289,0.00643211779690811,0.005035916536896342,0.004157883688891885,0.0035525677744336903,0.8746161991774132,0.8764078406905081,0.8781490010847253,0.8798417842473243,0.8814881787566476,0.8830900656750926,0.8846492257184996
1.9261261261261262,0.06036947420496703,0.015444951768398107,0.009014402263221906,0.0064333922507630505,0.005036926840936754,0.004158726444131352,0.003553293896214298,0.8747188419521069,0.8765092238641509,0.8782491543943671,0.879940736427149,0.8815859575801527,0.8831866979952709,0.884744737506116
1.927927927927928,0.06038079039083134,0.015447911001233581,0.009016160957638844,0.0064346663674970895,0.005037936866365523,0.004159568958956575,0.003554019805152781,0.8748213168693346,0.8766104409010289,0.8783491432569879,0.8800395258193611,0.8816835752457408,0.8832831707581342,0.8848400913085406
1.9297297297297298,0.06039210412187785,0.015450869536776941,0.00901791920990726,0.006435940146927752,0.005038946613030043,0.004160411233317467,0.003554745501207474,0.874923624340484,0.8767114922091453,0.8784489680772415,0.8801381528253022,0.8817810321514776,0.8833794843585095,0.8849352875173985
1.9315315315315316,0.060403415394855144,0.015453827374345037,0.00901967701970774,0.006437213588875818,0.005039956080850235,0.004161253267131443,0.0035554709843392024,0.8750257647755995,0.8768123781951683,0.8785486292584557,0.8802366178449953,0.8818783286941188,0.8834756391899221,0.8850303265230219
1.9333333333333333,0.0604147242065374,0.01545678451326125,0.009021434386721523,0.006438486693161398,0.005040965269689096,0.004162095060339488,0.0035561962545089016,0.8751277385833879,0.8769130992644368,0.8786481272026371,0.8803349212771513,0.8819754652691157,0.8835716356446008,0.8851252087144554
1.9351351351351351,0.060426030553723926,0.015459740952855214,0.00902319131063394,0.0064397594596018294,0.0050419741794320684,0.004162936612870355,0.0035569213116798232,0.875229546171224,0.8770136558209655,0.8787474623104762,0.8804330635191729,0.8820724422706205,0.8836674741134842,0.8852199344794605
1.936936936936937,0.06043733443323987,0.015462696692461808,0.009024947791132307,0.006441031888027565,0.0050429828100444175,0.004163777924678733,0.0035576461558141565,0.8753311879451555,0.8771140482674509,0.8788466349813541,0.8805310449671618,0.8821692600914917,0.8837631549862249,0.8853145042045214
1.9387387387387387,0.060448635841934745,0.015465651731422241,0.009026703827908584,0.006442303978264824,0.005043991161340419,0.004164618995688572,0.0035583707868770726,0.8754326643099087,0.8772142770052759,0.878945645613346,0.8806288660159218,0.8822659191232989,0.8838586786511952,0.8854089182748504
1.9405405405405405,0.06045993477668367,0.015468606069084083,0.009028459420657982,0.0064435757301434405,0.005044999233285242,0.00416545982584133,0.003559095204833424,0.875533975668894,0.877314342434516,0.879044494603228,0.8807265270589664,0.8823624197563289,0.8839540454954926,0.8855031770743926
1.9423423423423423,0.06047123123438632,0.01547155970479998,0.009030214569078376,0.006444847143493772,0.005046007025731896,0.0041663004150811,0.003559819409650079,0.875635122424211,0.877414244953944,0.879143182346482,0.8808240284885221,0.8824587623795906,0.8840492559049448,0.8855972809858321
1.944144144144144,0.06048252521196714,0.015474512637929696,0.009031969272870135,0.006446118218154344,0.00504701453860547,0.00416714076334904,0.0035605434012937315,0.8757361049766541,0.8775139849610354,0.8792417092373005,0.8809213706955351,0.8825549473808199,0.8841443102641144,0.8856912303905958
1.9459459459459458,0.06049381670637508,0.015477464867837059,0.009033723531737639,0.006447388953953771,0.0050480217717982735,0.004167980870586309,0.003561267179733152,0.8758369237257174,0.877613562851974,0.8793400756685925,0.8810185540696759,0.8826509751464853,0.8842392089563057,0.8857850256688597
1.9477477477477478,0.060505105714583604,0.015480416393893224,0.009035477345388168,0.006448659350734892,0.005049028725224217,0.004168820736741788,0.0035619907449370948,0.8759375790696002,0.8777129790216567,0.8794382820319883,0.8811155789993441,0.882746846061793,0.8843339523635675,0.8858786671995534
1.9495495495495496,0.060516392233590316,0.01548336721547483,0.00903723071353308,0.006449929408341643,0.005050035398792356,0.004169660361758809,0.0035627140968762516,0.8760380714052124,0.877812233863699,0.8795363287178448,0.8812124458716748,0.8828425605106921,0.8844285408667004,0.8859721553603658
1.9513513513513514,0.06052767626041701,0.01548631733196304,0.009038983635885225,0.006451199126607045,0.0050510417924047235,0.004170499745583748,0.0035634372355216443,0.8761384011281793,0.8779113277704401,0.8796342161152508,0.8813091550725421,0.8829381188758795,0.8845229748452604,0.8860654905277492
1.9531531531531532,0.060538957792109584,0.015489266742746326,0.009040736112161447,0.006452468505382677,0.00505204790597234,0.004171338888165724,0.003564160160845058,0.8762385686328473,0.8780102611329483,0.8797319446120322,0.8814057069865658,0.8830335215388051,0.8846172546775649,0.8861586730769252
1.954954954954955,0.060550236825737534,0.015492215447218143,0.009042488142082035,0.006453737544508302,0.005053053739407596,0.004172177789452875,0.0035648828728200854,0.8763385743122885,0.8781090343410255,0.8798295145947563,0.8815021019971153,0.8831287688796767,0.884711380740697,0.8862517033818895
1.9567567567567568,0.06056151335839445,0.015495163444776605,0.00904423972536983,0.006455006243839021,0.005054059292622386,0.004173016449397763,0.0035656053714201914,0.8764384185583063,0.8782076477832131,0.8799269264487385,0.8815983404863156,0.8832238612774659,0.8848053534105114,0.886344581815417
1.9585585585585585,0.060572787387197145,0.01549811073482778,0.009045990861749476,0.006456274603217864,0.005055064565530953,0.00417385486795022,0.003566327656621031,0.8765381017614405,0.8783061018467967,0.8800241805580458,0.8816944228350515,0.8833187991099118,0.8848991730616386,0.8864373087490662
1.9603603603603603,0.060584058909286115,0.015501057316781228,0.009047741550951068,0.006457542622509194,0.00505606955805084,0.004174693045063127,0.0035670497283974817,0.8766376243109719,0.878404396917811,0.8801212773055025,0.8817903494229734,0.8834135827535272,0.8849928400674902,0.886529884553185
1.962162162162162,0.06059532792182493,0.015504003190052263,0.00904949179270604,0.006458810301552962,0.005057074270097177,0.004175530980691519,0.003567771586726974,0.8767369865949279,0.8785025333810454,0.8802182170726954,0.8818861206285016,0.8835082125836026,0.885086354800264,0.8866223095969151
1.9639639639639639,0.060606594422000795,0.015506948354062156,0.009051241586749526,0.006460077640216372,0.005058078701590093,0.004176368674789369,0.0035684932315871443,0.8768361890000875,0.8786005116200484,0.8803150002399788,0.881981736828832,0.8836026889742119,0.8851797176309487,0.886714584248197
1.9657657657657657,0.06061785840702356,0.015509892808238413,0.009052990932819178,0.006461344638351668,0.0050590828524447184,0.004177206127313172,0.0035692146629565658,0.8769352319119859,0.8786983320171328,0.8804116271864787,0.8820771983999401,0.883697012298217,0.8852729289293291,0.8868067088737749
1.9675675675675675,0.060629119874126065,0.015512836552012726,0.00905473983065603,0.006462611295820946,0.0050600867225916325,0.004178043338219964,0.003569935880814366,0.8770341157149197,0.8787959949533811,0.8805080982900989,0.8821725057165872,0.8837911829272727,0.8853659890639902,0.8868986838392017
1.9693693693693695,0.06064037882056412,0.015515779584821976,0.009056488280003399,0.0064638776124865205,0.005061090311943858,0.004178880307468507,0.0035706568851415128,0.8771328407919525,0.87889350080865,0.8806044139275251,0.8822676591523243,0.8838852012318317,0.8854588984023235,0.8869905095088435
1.9711711711711712,0.06065163524361605,0.015518721906110191,0.009058236280608074,0.006465143588213912,0.005062093620436731,0.004179717035018499,0.003571377675918831,0.8772314075249187,0.8789908499615751,0.8807005744742298,0.8823626590794967,0.8839790675811491,0.8855516573105301,0.8870821862458848
1.972972972972973,0.060662889140582626,0.015521663515324627,0.00905998383221954,0.0064664092228720205,0.005063096647982149,0.004180553520823186,0.0035720982531283986,0.877329816294429,0.8790880427895763,0.8807965803044778,0.8824575058692504,0.8840727823432878,0.8856442661536268,0.8871737144123328
1.9747747747747748,0.06067414050878728,0.015524604411919527,0.009061730934590347,0.006467674516317673,0.005064099394525044,0.0041813897648630095,0.0035728186167538318,0.8774280674798757,0.8791850796688626,0.8808924317913307,0.8825521998915353,0.8841663458851231,0.8857367252954503,0.8872650943690229
1.9765765765765766,0.06068538934557551,0.015527544595353198,0.009063477587475515,0.006468939468431586,0.005065101859980008,0.004182225767077338,0.0035735387667785085,0.8775261614594367,0.8792819609744369,0.8809881293066514,0.8826467415151108,0.884259758572347,0.8858290350986625,0.8873563264756227
1.9783783783783784,0.060696635648315095,0.015530484065090007,0.009065223790632617,0.006470204079076074,0.005066104044279556,0.00418306152745088,0.0035742587031875523,0.8776240986100814,0.8793786870801006,0.8810836732211095,0.8827411311075508,0.8843530207694739,0.8859211959247544,0.8874474110906372
1.9801801801801802,0.06070787941439572,0.015533422820599123,0.009066969543824561,0.006471468348134992,0.005067105947353061,0.00418389704593447,0.003574978425966229,0.8777218793075744,0.8794752583584585,0.8811790639041855,0.8828353690352476,0.8844461328398443,0.8860132081340514,0.887538348571413
1.981981981981982,0.06071912064122899,0.015536360861354886,0.009068714846812804,0.006472732275482126,0.005068107569146678,0.0041847323224961964,0.003575697935101231,0.8778195039264813,0.879571675180924,0.8812743017241766,0.8829294556634176,0.8845390951456304,0.8861050720857181,0.8876291392741439
1.9837837837837837,0.060730359326248304,0.015539298186836794,0.009070459699365516,0.006473995860990622,0.005069108909579012,0.004185567357107543,0.0035764172305799025,0.8779169728401726,0.8796679379177231,0.8813693870481997,0.8830233913561053,0.8846319080478402,0.8861967881377624,0.8877197835538742
1.9855855855855855,0.06074159546690892,0.015542234796530432,0.009072204101249648,0.006475259104542116,0.005070109968583274,0.004186402149733204,0.0035771363123902372,0.8780142864208291,0.8797640469379001,0.8814643202421978,0.8831171764761883,0.8847245719063226,0.8862883566470409,0.8878102817645046
1.9873873873873873,0.06075282906068708,0.015545170689925019,0.009073948052239806,0.0064765220060122464,0.005071110746118593,0.004187236700345265,0.0035778551805217985,0.8781114450394466,0.8798600026093212,0.8815591016709438,0.8832108113853819,0.8848170870797716,0.8863797779692626,0.8879006342587961
1.989189189189189,0.06076406010508098,0.015548105866514608,0.009075691552110314,0.006477784565293449,0.005072111242090599,0.004188071008906217,0.0035785738349643093,0.8782084490658403,0.8799558052986801,0.8816537316980455,0.8833042964442444,0.8849094539257314,0.8864710524589947,0.8879908413883748
1.990990990990991,0.060775288597609986,0.015551040325800647,0.009077434600637225,0.006479046782262568,0.0050731114564787705,0.00418890507540142,0.003579292275707397,0.8783052988686495,0.8800514553715024,0.8817482106859499,0.8833976320121799,0.8850016728006006,0.8865621804696658,0.8880809035037361
1.9927927927927929,0.06078651453581426,0.01555397406728674,0.00907917719760211,0.006480308656810485,0.005074111389188594,0.004189738899790002,0.0035800105027438607,0.8784019948153425,0.88014695319215,0.8818425389959483,0.8834908184474454,0.8850937440596371,0.8866531623535718,0.8881708209542502
1.9945945945945946,0.06079773791725544,0.015556907090483263,0.009080919342786811,0.006481570188824083,0.005075111040177787,0.004190572482049856,0.0035807285160656278,0.8784985372722213,0.8802422991238257,0.8819367169881805,0.8835838561071531,0.8851856680569624,0.8867439984618792,0.8882605940881652
1.9963963963963964,0.060808958739515924,0.015559839394905413,0.009082661035979813,0.006482831378196528,0.005076110409383621,0.004191405822154286,0.0035814463156654025,0.8785949266044261,0.8803374935285789,0.8820307450216401,0.8836767453472767,0.8852774451455666,0.886834689144631,0.8883502232526131
1.9981981981981982,0.06082017700019877,0.015562770980073224,0.009084402276964085,0.006484092224797272,0.00507710949675068,0.004192238920073016,0.00358216390153757,0.8786911631759393,0.8804325367673084,0.8821246234541775,0.8837694865226549,0.8853690756773119,0.8869252347507496,0.8884397087936131
2.0,0.06083139269692796,0.01556570184551052,0.009086143065534616,0.00648535272856259,0.005078108302239204,0.004193071775798862,0.003582881273676944,0.8787872473495917,0.8805274291997682,0.8822183526425064,0.8838620799869962,0.8854605600029385,0.8870156356280428,0.8885290510560767
