Geometric_AR,BOR_LF_0.05,BOR_LF_0.06,BOR_LF_0.07,BOR_LF_0.08,BOR_LF_0.09,BOR_LF_0.10,BOR_LF_0.10,BOR_LF_0.11,BOR_LF_0.12,BOR_LF_0.13,BOR_LF_0.14,BOR_LF_0.15,BOR_LF_0.16,BOR_LF_0.17,BOR_LF_0.18,BOR_LF_0.19,BOR_LF_0.20,BOR_LF_0.20,BOR_LF_0.21,BOR_LF_0.22,BOR_LF_0.23,BOR_LF_0.24,BOR_LF_0.25,BOR_LF_0.26,BOR_LF_0.27,BOR_LF_0.28,BOR_LF_0.29,BOR_LF_0.30,BOR_LF_0.30,BOR_LF_0.31,BOR_LF_0.32,BOR_LF_0.33,BOR_LF_0.34,BOR_LF_0.35,BOR_LF_0.36,BOR_LF_0.37,BOR_LF_0.38,BOR_LF_0.39,BOR_LF_0.40,BOR_LF_0.40,BOR_LF_0.41,BOR_LF_0.42,BOR_LF_0.43,BOR_LF_0.44,BOR_LF_0.45,BOR_LF_0.46,BOR_LF_0.47,BOR_LF_0.48,BOR_LF_0.49,BOR_LF_0.50,BOR_LF_0.50,BOR_LF_0.51,BOR_LF_0.52,BOR_LF_0.53,BOR_LF_0.54,BOR_LF_0.55,BOR_LF_0.56,BOR_LF_0.57,BOR_LF_0.58,BOR_LF_0.59,BOR_LF_0.60,BOR_LF_0.60,BOR_LF_0.61,BOR_LF_0.62,BOR_LF_0.63,BOR_LF_0.64,BOR_LF_0.65,BOR_LF_0.66,BOR_LF_0.67,BOR_LF_0.68,BOR_LF_0.69,BOR_LF_0.70,BOR_LF_0.70,BOR_LF_0.71,BOR_LF_0.72,BOR_LF_0.73,BOR_LF_0.74,BOR_LF_0.75,BOR_LF_0.76,BOR_LF_0.77,BOR_LF_0.78,BOR_LF_0.79,BOR_LF_0.80,BOR_LF_0.80,BOR_LF_0.81,BOR_LF_0.82,BOR_LF_0.83,BOR_LF_0.84,BOR_LF_0.85,BOR_LF_0.86,BOR_LF_0.87,BOR_LF_0.88,BOR_LF_0.89,BOR_LF_0.90,BOR_LF_0.90,BOR_LF_0.91,BOR_LF_0.92,BOR_LF_0.93,BOR_LF_0.94,BOR_LF_0.95,Thermal_AR_LF_0.05,Thermal_AR_LF_0.06,Thermal_AR_LF_0.07,Thermal_AR_LF_0.08,Thermal_AR_LF_0.09,Thermal_AR_LF_0.10,Thermal_AR_LF_0.11,Thermal_AR_LF_0.12,Thermal_AR_LF_0.13,Thermal_AR_LF_0.14,Thermal_AR_LF_0.15,Thermal_AR_LF_0.16,Thermal_AR_LF_0.17,Thermal_AR_LF_0.18,Thermal_AR_LF_0.19,Thermal_AR_LF_0.20,Thermal_AR_LF_0.21,Thermal_AR_LF_0.22,Thermal_AR_LF_0.23,Thermal_AR_LF_0.24,Thermal_AR_LF_0.25,Thermal_AR_LF_0.26,Thermal_AR_LF_0.27,Thermal_AR_LF_0.28,Thermal_AR_LF_0.29,Thermal_AR_LF_0.30,Thermal_AR_LF_0.31,Thermal_AR_LF_0.32,Thermal_AR_LF_0.33,Thermal_AR_LF_0.34,Thermal_AR_LF_0.35,Thermal_AR_LF_0.36,Thermal_AR_LF_0.37,Thermal_AR_LF_0.38,Thermal_AR_LF_0.39,Thermal_AR_LF_0.40,Thermal_AR_LF_0.41,Thermal_AR_LF_0.42,Thermal_AR_LF_0.43,Thermal_AR_LF_0.44,Thermal_AR_LF_0.45,Thermal_AR_LF_0.46,Thermal_AR_LF_0.47,Thermal_AR_LF_0.48,Thermal_AR_LF_0.49,Thermal_AR_LF_0.50,Thermal_AR_LF_0.51,Thermal_AR_LF_0.52,Thermal_AR_LF_0.53,Thermal_AR_LF_0.54,Thermal_AR_LF_0.55,Thermal_AR_LF_0.56,Thermal_AR_LF_0.57,Thermal_AR_LF_0.58,Thermal_AR_LF_0.59,Thermal_AR_LF_0.60,Thermal_AR_LF_0.61,Thermal_AR_LF_0.62,Thermal_AR_LF_0.63,Thermal_AR_LF_0.64,Thermal_AR_LF_0.65,Thermal_AR_LF_0.66,Thermal_AR_LF_0.67,Thermal_AR_LF_0.68,Thermal_AR_LF_0.69,Thermal_AR_LF_0.70,Thermal_AR_LF_0.71,Thermal_AR_LF_0.72,Thermal_AR_LF_0.73,Thermal_AR_LF_0.74,Thermal_AR_LF_0.75,Thermal_AR_LF_0.76,Thermal_AR_LF_0.77,Thermal_AR_LF_0.78,Thermal_AR_LF_0.79,Thermal_AR_LF_0.80,Thermal_AR_LF_0.81,Thermal_AR_LF_0.82,Thermal_AR_LF_0.83,Thermal_AR_LF_0.84,Thermal_AR_LF_0.85,Thermal_AR_LF_0.86,Thermal_AR_LF_0.87,Thermal_AR_LF_0.88,Thermal_AR_LF_0.89,Thermal_AR_LF_0.90,Thermal_AR_LF_0.91,Thermal_AR_LF_0.92,Thermal_AR_LF_0.93,Thermal_AR_LF_0.94,Thermal_AR_LF_0.95
0.2,0.18656506779108306,0.15788605058435834,0.13685476339353786,0.12077200729595083,0.1080750881782252,0.09779662396996902,0.08930571332090242,0.08217334331248893,0.07609761596492959,0.07085991549966453,0.06629804311315313,0.06228912092384531,0.05873835742305278,0.05557145656336748,0.052729362512188516,0.050164542526162204,0.0478383071629932,0.045718845103434824,0.043779759720857014,0.041998964041940035,0.04035783571662588,0.038840563315660215,0.03743363525394938,0.03612543630925946,0.0349059262047452,0.03376638142118327,0.032699186187827745,0.03169766205957236,0.03075592801759608,0.02986878490034417,0.029031619367291595,0.02824032364948792,0.027491228140016255,0.026781044489831873,0.026106817347276046,0.025465883247282717,0.024855835444325236,0.024274493710116474,0.023719878297159047,0.023190187412773233,0.022683777663655924,0.02219914702368775,0.021734919953171228,0.02128983435899323,0.02086273013537454,0.020452539066115993,0.020058275903278355,0.019679030465444614,0.01931396062215507,0.018962286050701493,0.018623282667862173,0.018296277652960824,0.01798064499024221,0.017675801468465036,0.01738120308378288,0.017096341799756276,0.01682074262283384,0.01655396095904038,0.016295580220429984,0.016045209653925085,0.015802482369182802,0.015567053544576215,0.01533859879228161,0.015116812666861046,0.014901407302488678,0.014692111166135113,0.014488667915465103,0.014290835351149167,0.014098384454798496,0.013911098504339914,0.013728772259609112,0.013551211212031955,0.013378230892157394,0.013209656230262934,0.013045320965175078,0.012885067097148206,0.012728744381035662,0.012576209856315801,0.012427327410858613,0.012281967375753045,0.0121400061484489,0.012001325842137311,0.011865813959126448,0.011733363086365411,0.011603870611406109,0.011477238457145766,0.011353372834025488,0.011232184008248214,0.011113586084904536,0.010997496804854734,0.01088383735437426,0.010772532186631656,0.010663508854166004,0.010556697851551,0.010452032467562877,0.0103494486461706,0.010248884855742602,0.01015028196591039,0.010053583131488408,0.009958733682605136,0.1367006325361293,0.13681916329089697,0.13693766150165584,0.13705612718180712,0.13717456034474462,0.13741132917251675,0.13752966486410229,0.13764796809197577,0.13776623886949438,0.13788447721000785,0.13800268312685865,0.1381208566333819,0.13823899774290552,0.13835710646874985,0.13847518282422827,0.13871123847730357,0.1388292178014905,0.13894716480849137,0.13906507951158303,0.13918296192403495,0.13930081205910946,0.1394186299300615,0.1395364155501388,0.1396541689325818,0.1397718900906238,0.14000723578640134,0.1401248603505672,0.14024245274319258,0.14036001297747455,0.14047754106660296,0.1405950370237605,0.1407125008621225,0.1408299325948573,0.14094733223512587,0.14106469979608208,0.1412993387326368,0.1414166101345071,0.14153384950960854,0.14165105687105917,0.1417682322319697,0.14188537560544373,0.14200248700457782,0.14211956644246126,0.14223661393217632,0.1423536294867979,0.1425875648430254,0.14270448467074578,0.14282137261560165,0.14293822869063247,0.1430550529088705,0.143171845283341,0.1432886058270621,0.14340533455304477,0.143522031474293,0.14363869660380357,0.14387193153956382,0.14398850137177177,0.14410503946415873,0.1442215458296862,0.14433802048130853,0.14445446343197318,0.14457087469462043,0.14468725428218362,0.14480360220758898,0.14491991848375574,0.14515245614001515,0.14526867754591122,0.14538486735417533,0.1455010255776916,0.1456171522293372,0.14573324732198226,0.14584931086848987,0.14596534288171625,0.1460813433745105,0.14619731235971486,0.14642915585868757,0.14654503039810549,0.1466608734812325,0.14677668512087588,0.14689246532983613,0.1470082141209067,0.14712393150687408,0.1472396175005178,0.14735527211461058,0.14747089536191804,0.14770204780720542,0.1478175770306821,0.14793307493836724,0.14804854154299182,0.14816397685728022,0.14827938089394974
0.23838383838383842,0.1702806210946619,0.14410850553658394,0.12491561229185322,0.11023868630534883,0.09865163254456233,0.08927163027456964,0.08152292684171214,0.07501401044111133,0.06946937276528897,0.06468950779818494,0.06052639494697176,0.05686789739872011,0.053627509611842594,0.05073742994534458,0.048143764787055954,0.045803136351436735,0.04368023713850944,0.041746036537079756,0.03997644531649314,0.038351307181635264,0.03685362760910882,0.035468977286543524,0.034185025710591455,0.03299117297482956,0.03187825644825448,0.03083831515641955,0.02986439904215754,0.02895041343997873,0.02809099140564164,0.02728138824930504,0.026517393894068042,0.025795259641322232,0.025111636653652347,0.02446352402480867,0.023848224737794466,0.0232633081476733,0.022706577888551793,0.022176044311341347,0.02166990072320707,0.021186502830696452,0.020724350893640886,0.020282074181779408,0.019858417394796768,0.019452228762318002,0.019062449586341068,0.01868810502614693,0.018328295956822394,0.017982191758222688,0.01764902391266665,0.017328080307453142,0.017018700153339283,0.016720269442636937,0.016432216881254402,0.016154010237958816,0.015885153061785173,0.015625181724989723,0.015373662754494699,0.01513019041953878,0.014894384547098238,0.014665888540974392,0.01444436758173473,0.014229506989474228,0.01402101073204276,0.013818600063845388,0.013622012282128004,0.013430999589427284,0.013245328050935812,0.013064776638715303,0.01288913635350275,0.012718209417521553,0.01255180853127591,0.012389756188737389,0.012231884045479369,0.012078032335155586,0.011928049329966939,0.011781790841424944,0.011639119757768657,0.011499905615096395,0.011364024199283063,0.011231357176155088,0.01110179174768644,0.010975220331923774,0.010851540264969595,0.010730653523107758,0.010612466463574388,0.010496889582530033,0.010383837288876374,0.010273227692758957,0.010164982407643186,0.010059026364948931,0.009955287640342592,0.009853697290813535,0.009754189201797603,0.009656699943591529,0.009561168636441075,0.009467536823687728,0.009375748352402624,0.009285749261032539,0.00919748767352957,0.009110913699480028,0.1587758182830788,0.15890996670928217,0.15904407235751664,0.15917813524824084,0.15931215540190027,0.1595800675797424,0.1597139596447511,0.15984780905434723,0.15998161582891143,0.16011537998881106,0.16024910155440086,0.16038278054602248,0.16051641698400446,0.16065001088866254,0.16078356228029958,0.1610505376056572,0.1611839615799187,0.16131734312224127,0.16145068225286321,0.16158397899200988,0.16171723335989394,0.1618504453767151,0.16198361506266018,0.1621167424379033,0.16224982752260575,0.16251587090096944,0.16264882923488916,0.16278174535878517,0.16291461929275483,0.16304745105688254,0.1631802406712403,0.16331298815588713,0.1634456935308693,0.16357835681622046,0.1637109780319616,0.1639760943346339,0.1641085894615435,0.16424104259879985,0.16437345376636056,0.16450582298417044,0.1646381502721618,0.16477043565025434,0.16490267913835502,0.16503488075635822,0.16516704052414583,0.16543123458853853,0.1655632689248444,0.16569526149033623,0.16582721230483288,0.1659591213881409,0.16609098876005424,0.16622281444035425,0.16635459844880987,0.16648634080517755,0.16661804152920115,0.16688131815912946,0.1670128941044597,0.16714442849629696,0.1672759213543228,0.16740737269820638,0.16753878254760468,0.16767015092216195,0.1678014778415102,0.167932763325269,0.16806400739304567,0.1683263713590194,0.16845749129636917,0.168588569896042,0.16871960717758347,0.16885060316052658,0.16898155786439234,0.16911247130868914,0.1692433435129133,0.16937417449654885,0.16950496427906744,0.16976642031857914,0.1698970866144544,0.170027711786977,0.17015829585555733,0.17028883883959375,0.17041934075847234,0.17054980163156686,0.17068022147823908,0.1708106003178385,0.17094093816970246,0.17120149098751256,0.17133170599207267,0.1714618800861252,0.17159201328894685,0.17172210561980217,0.1718521570979436
0.2767676767676768,0.15805829876319155,0.13376799466321965,0.1159550961057424,0.10233345981112085,0.09157952914277057,0.08287395951521215,0.07568239576315994,0.06964147637347551,0.06449550250291791,0.06005931291958155,0.05619552993475485,0.05280007954136323,0.04979267607638371,0.047110392938689793,0.04470321154755763,0.042530873045052875,0.04056060859311705,0.03876547492451854,0.03712311485991859,0.035614821371516836,0.0342248218670812,0.03293972452286931,0.0317480854166492,0.03064006679059772,0.029607164820062426,0.028641990935996953,0.027738094800277557,0.026889819962488404,0.026092185369291143,0.025340787480651827,0.024631718930063662,0.02396150055554891,0.023327024305726418,0.022725505043635907,0.022154439671498327,0.021611572311069804,0.02109486451815845,0.020602469702153625,0.020132711073889475,0.0196840625668383,0.019255132274181408,0.018844648023068067,0.01845144477096894,0.01807445356137294,0.01771269181811863,0.017365254792881646,0.01703130800907693,0.016710080569309782,0.01640085921340062,0.01610298303056301,0.015815838743245436,0.015538856491801645,0.015271506059016726,0.01501329348186975,0.014763758004960548,0.014522469336080146,0.014289025169524239,0.014063048947181911,0.013844187831153265,0.013632110864989389,0.013426507303331614,0.013227085092296309,0.013033569484921625,0.012845701777897456,0.012663238157236911,0.012485948642566802,0.012313616119395854,0.01214603545209414,0.01198301266884505,0.011824364212435046,0.011669916250586443,0.011519504040287898,0.011372971341404026,0.01123016987511094,0.011090958823161245,0.010955204364507254,0.010822779246020486,0.010693562384432864,0.010567438496889459,0.010444297757725818,0.010324035479336025,0.01020655181516461,0.01009175148310315,0.009979543507563804,0.009869840978945832,0.009762560828959432,0.009657623620726974,0.009554953352493123,0.009454477273924788,0.009356125714084618,0.009259831920196304,0.009165531906453972,0.009073164312119464,0.00898267026827404,0.008893993272604539,0.008807079071659785,0.008721875550072311,0.00863833262628555,0.008556402154307752,0.008476037831113392,0.17975118783405916,0.17989926827672198,0.1800472952627769,0.18019526882116532,0.18034318898080742,0.18063886921943054,0.180786629356148,0.18093433620959243,0.18108198980858,0.18122959018190632,0.18137713735834596,0.18152463136665298,0.18167207223556064,0.18181945999378152,0.18196679467000748,0.18226130489113876,0.1824084804933247,0.18255560312807667,0.18270267282398361,0.18284968960961365,0.18299665351351435,0.18314356456421288,0.18329042279021573,0.18343722822000905,0.18358398088205846,0.18387732801668558,0.18402392254609226,0.18417046442141305,0.1843169536710114,0.1844633903232304,0.18460977440639284,0.18475610594880118,0.18490238497873754,0.18504861152446372,0.18519478561422137,0.18548697653869578,0.18563299342979445,0.1857789579776883,0.1859248702105179,0.1860707301564034,0.18621653784344497,0.18636229329972262,0.18650799655329622,0.18665364763220552,0.18679924656447025,0.18709028810104458,0.18723573076129338,0.187381121386776,0.18752646000541207,0.1876717466451012,0.187816981333723,0.1879621640991372,0.1881072949691837,0.18825237397168237,0.18839740113443326,0.1886873000517924,0.1888321718619015,0.18897699194326442,0.18912176032358213,0.18926647703053573,0.18941114209178656,0.18955575553497622,0.18970031738772666,0.18984482767764,0.18998928643229882,0.19027804944608445,0.19042235376027802,0.19056660664935057,0.1907108081407864,0.19085495826205026,0.19099905704058728,0.19114310450382327,0.1912871006791642,0.19143104559399665,0.19157493927568783,0.19186257304901724,0.19200631319529232,0.19215000221769996,0.19229364014350991,0.19243722699997276,0.19258076281431957,0.19272424761376217,0.19286768142549296,0.193011064276685,0.19315439619449212,0.19344090733847047,0.19358408661885287,0.19372721507427285,0.19387029273178794,0.19401331961843646,0.19415629576123752
0.3151515151515152,0.14853176741084573,0.12570842046894215,0.10897129026802022,0.0961723001410476,0.08606782675277547,0.07788800803704188,0.07113076003648822,0.06545466565863534,0.060619468430037404,0.056451189524131085,0.05282074787517399,0.049630354796205145,0.046804573299425556,0.04428427709645155,0.0420224683677215,0.039981319599394105,0.038130040954136746,0.036443316343035326,0.034900138798295455,0.033482931060907495,0.03217687308846939,0.030969381825888487,0.029849704480376937,0.028808597422816273,0.027838070397324333,0.026931181050251163,0.026081868596505964,0.025284818193639147,0.024535349607136325,0.023829325238263643,0.023163073696535696,0.022533325935561677,0.021937161607123445,0.021371963775788094,0.020835380512204016,0.020325292176313736,0.019839783430698144,0.019377119204978088,0.018935723975473828,0.01851416383861393,0.018111130948290866,0.017725429961300443,0.017355966194954386,0.01700173524967752,0.016661813889509047,0.01633535200612024,0.016021565519047543,0.01571973008731309,0.015429175526307959,0.015149280839311441,0.014879469786158506,0.014619206922475425,0.014367994052225996,0.014125367044092063,0.013890892968891455,0.013664167520890613,0.013444812690694752,0.013232474661541538,0.013026821904377428,0.01282754345010173,0.012634347320132355,0.012446959098534438,0.012265120631088422,0.01208858883830044,0.011917134630890835,0.011750541917593504,0.011588606696127268,0.011431136219634652,0.01127794823082584,0.011128870258104828,0.010983738967445311,0.010842399565199945,0.010704705247090884,0.010570516689319631,0.010439701578125793,0.010312134174381149,0.010187694910189116,0.010066270014931433,0.009947751168096985,0.009832035176782994,0.009719023675852423,0.00960862284885211,0.009500743168113113,0.009395299152433534,0.009292209141005814,0.009191395082366438,0.009092782337152494,0.008996299493669646,0.00890187819527788,0.008809452978764343,0.00871896112284365,0.008630342506091071,0.008543539473619743,0.008458496711872598,0.008375161130967812,0.008293481754074294,0.008213409613318068,0.008134897651795758,0.008057900631271653,0.007982375045194279,0.19970684496742402,0.19986735924692203,0.20002780915084173,0.20018819471790295,0.20034851598679437,0.20066896578466778,0.20082909439087224,0.20098915885335203,0.2011491592106411,0.20130909550124249,0.20146896776362852,0.2016287760362407,0.20178852035748973,0.20194820076575556,0.2021078172993875,0.20242685889599346,0.2025862840355127,0.20274564545348878,0.20290494318811775,0.20306417727756543,0.20322334775996684,0.20338245467342692,0.20354149805601982,0.20370047794578952,0.20385939438074957,0.20417703703814297,0.2043357633364519,0.20449442633170214,0.20465302606175595,0.20481156256444522,0.20497003587757168,0.2051284460389071,0.20528679308619302,0.2054450770571409,0.20560329798943217,0.20591955088862102,0.20607758293073153,0.20623555208461153,0.20639345838779277,0.20655130187777707,0.20670908259203652,0.2068668005680133,0.20702445584311993,0.20718204845473906,0.2073395784402237,0.20765445068205324,0.20781179301295588,0.20796907286683952,0.20812629028090912,0.20828344529234,0.20844053793827805,0.2085975682558396,0.20875453628211163,0.2089114420541516,0.20906828560898766,0.20938178621501377,0.20953844334011337,0.2096950383958283,0.20985157141904007,0.21000804244660118,0.2101644515153348,0.21032079866203499,0.21047708392346667,0.21063330733636576,0.21078946893743894,0.21110160685078952,0.21125758323633534,0.21141349795659226,0.21156935104812205,0.21172514254745767,0.21188087249110318,0.21203654091553392,0.21219214785719617,0.21234769335250767,0.21250317743785727,0.21281396152408272,0.21296926159759283,0.2131245004064096,0.21327967798677852,0.2134347943749166,0.2135898496070122,0.21374484371922517,0.21389977674768684,0.21405464872850016,0.21420945969773952,0.21451889874565214,0.2146735268963323,0.2148280941794523,0.2149826006309449,0.2151370462867144,0.2152914311826369
0.3535353535353536,0.14089298144507945,0.11924607369812268,0.10337166545785548,0.09123240376647479,0.08164876848814007,0.07389058048902974,0.067481635984322,0.0620981163986285,0.05751214939959548,0.053558723986633305,0.05011541264171404,0.04708946724402652,0.044409339242160506,0.04201895004079159,0.039873724345302564,0.037937784478718206,0.03618192767995587,0.03458214278921645,0.033118505651990815,0.031774345036381435,0.030535604805162042,0.02939035050175698,0.02832838359013634,0.02734093690726025,0.026420432057654097,0.025560284533459487,0.0247547459545141,0.023998775433347053,0.0232879339792732,0.022618297266997378,0.021986383148548394,0.02138909108106135,0.0208236512461345,0.020287581598614324,0.019778651439541717,0.019294850385861206,0.01883436182631748,0.01839554012478739,0.017976890967976944,0.01757705436286383,0.017194789876240568,0.016828963778826145,0.01647853781328168,0.01614255935176101,0.015820152746473415,0.01551051170785156,0.015212892570806824,0.01492660833047632,0.014651023346877956,0.014385548632541156,0.014129637649577864,0.013882782553086392,0.013644510826542833,0.013414382262287305,0.01319198624648954,0.012976939313382507,0.012768882938098747,0.012567481541410963,0.012372420682977947,0.01218340542266294,0.01200015883198402,0.011822420639850728,0.01164994599868141,0.011482504358600099,0.011319878438822872,0.011161863286591078,0.011008265415070717,0.010858902012581884,0.010713600216418873,0.010572196445151838,0.010434535783914622,0.010300471418028034,0.010169864110314397,0.010042581718595733,0.009918498749320381,0.009797495944714352,0.009679459900138299,0.009564282709399574,0.009451861635503489,0.009342098804757892,0.009234900922384215,0.009130179007836858,0.009027848148284723,0.00892782726877317,0.0088300389178525,0.008734409067349458,0.008640866925324175,0.00854934476112923,0.00845977774171136,0.008372103778290785,0.008286263382684123,0.00820219953256518,0.008119857545002662,0.008039184957708723,0.007960131417457883,0.007882648575151752,0.0078066899870943285,0.007732211022061564,0.00765916877373396,0.0075875219782175485,0.21871531679122733,0.21888693044512733,0.21905846872374068,0.21922993167671534,0.21940131935365578,0.21974386907763405,0.2199150312236632,0.2200861182916409,0.22025713033095434,0.22042806739094745,0.22059892952092072,0.22076971677013163,0.2209404291877944,0.2211110668230802,0.22128162972511714,0.22162253152574116,0.2217928705223695,0.22196313498183137,0.22213332495304017,0.22230344048486647,0.22247348162613823,0.2226434484256406,0.22281334093211608,0.22298315919426462,0.22315290326074363,0.22349216900110994,0.22366169077209969,0.22383113854162473,0.22400051235813045,0.22416981227001978,0.22433903832565358,0.22450819057335042,0.2246772690613868,0.224846273837997,0.22501520495137345,0.22535284638098424,0.22552155679339345,0.22569019373491858,0.22585875725354246,0.22602724739720606,0.22619566421380866,0.22636400775120777,0.22653227805721945,0.22670047517961806,0.22686859916613636,0.22720462792225588,0.22737253278711536,0.22754036470661126,0.22770812372826932,0.227875809899574,0.2280434232679686,0.22821096388085516,0.22837843178559455,0.2285458270295066,0.22871314965987014,0.2290475772688616,0.2292146823418422,0.22938171498997967,0.2295486752603482,0.22971556319998113,0.22988237885587112,0.23004912227497015,0.23021579350418944,0.2303823925903997,0.23054891958043097,0.23088175745907466,0.2310480684411448,0.2312143075139516,0.23138047472412307,0.23154657011824675,0.2317125937428701,0.23187854564450017,0.23204442586960397,0.23221023446460837,0.23237597147590006,0.23270723093269235,0.23287275347076639,0.23303820461027477,0.23320358439740446,0.2333688928783026,0.2335341300990765,0.23369929610579385,0.23386439094448253,0.23402941466113075,0.23419436730168725,0.23452405953812153,0.2346887992256989,0.23485346802058377,0.23501806596852734,0.2351825931152414,0.2353470495063985
0.39191919191919194,0.13463137570753492,0.11394895359274348,0.0987818347754299,0.08718344141267464,0.07802680738182133,0.07061428698514283,0.06449089389555562,0.05934723740839176,0.05496559813683244,0.05118831721268091,0.04789842192554983,0.045007296584247514,0.04244658051116723,0.04016269371440728,0.03811304696840734,0.036263361139250216,0.034585734605246055,0.03305722603202432,0.03165879899228974,0.03037452504604332,0.029190974331340436,0.028096744134504914,0.027082090317743113,0.02613863634098379,0.02525914146570818,0.02443731455783904,0.023667663357076374,0.022945371573218187,0.02226619799512375,0.021626393145956158,0.02102263002484972,0.02045194623351776,0.019911695362595738,0.019399505954144303,0.01891324669773764,0.018450996782559792,0.018011020536051192,0.017591745642988155,0.017191744368773465,0.016809717314440586,0.01644447931385118,0.016094947150607997,0.01576012882651412,0.015439114157647649,0.015131066510312596,0.014835215518852585,0.014550850651813052,0.014277315513513744,0.01401400278461662,0.013760349719714293,0.01351583413166535,0.013279970802370644,0.013052308268077017,0.012832425934395042,0.012619931482234947,0.01241445853100609,0.012215664529802606,0.012023228851024692,0.011836851064141007,0.011656249370003757,0.011481159178631017,0.011311331815276882,0.011146533341520493,0.01098654347962813,0.010831154629765583,0.010680170970856828,0.010533407636895586,0.010390689961425559,0.010251852783693005,0.010116739810627995,0.009985203029716061,0.009857102167634801,0.009732304191036878,0.009610682845381802,0.009492118228570323,0.009376496396441225,0.00926370899721296,0.009153652932533007,0.009046230042961678,0.008941346815667273,0.008838914112734297,0.00873884691825777,0.008641064102793528,0.008545488203824725,0.008452045220842752,0.008360664424137965,0.008271278176019359,0.008183821763699917,0.008098233242887054,0.00801445329129824,0.007932425071371263,0.007852094101536755,0.007773408135389737,0.007696317048232926,0.0076207727304542505,0.007546728987281481,0.0074741414444474685,0.007402967459393173,0.007333166037619798,0.007264697753851301,0.23684242374125838,0.2370239456879784,0.23720538130290383,0.23738673064760896,0.23756799378360977,0.23793026167526962,0.23811126655366832,0.23829218546884226,0.23847301848201555,0.23865376565435434,0.2388344270469667,0.2390150027209026,0.2391954927371542,0.23937589715665578,0.2395562160402839,0.2399165974431371,0.2400966600838268,0.24027663743157254,0.24045652954696295,0.24063633649052923,0.2408160583227453,0.24099569510402793,0.24117524689473657,0.24135471375517362,0.2415340957455846,0.2418926053570249,0.24207173309826044,0.24225077620988247,0.24242973475185212,0.2426086087840741,0.24278739836639626,0.24296610355861037,0.24314472442045143,0.24332326101159812,0.24350171339167298,0.24385836575681585,0.24403656586084782,0.24421468199173607,0.24439271420882255,0.24457066257139332,0.24474852713867853,0.2449263079698527,0.24510400512403457,0.24528161866028714,0.24545914863761803,0.24581395815126744,0.24599123780532367,0.24616843413593392,0.2463455472018288,0.2465225770616838,0.24669952377411927,0.24687638739770046,0.2470531679909377,0.2472298656122863,0.2474064803201469,0.24775946122873208,0.24793582754598398,0.2481121111828026,0.24828831219731515,0.2484644306475943,0.24864046659165837,0.2488164200874713,0.24899229119294278,0.24916807996592827,0.24934378646422908,0.24969495286771135,0.24987041288822523,0.2500457908647193,0.250221086854725,0.25039630091572007,0.25057143310512836,0.25074648348032036,0.2509214520986127,0.2510963390172686,0.25127114429349773,0.25162051014724807,0.2517950708389219,0.2519695501164745,0.25214394803684936,0.2523182646569367,0.25249250003357365,0.2526666542235447,0.252840727283581,0.2530147192703611,0.25318863024051075,0.25353620935715815,0.2537098776166439,0.25388346508547555,0.2540569718200158,0.254230397876575,0.254403743311411
0.43030303030303035,0.12940745714863222,0.10952980890759845,0.09495285760638361,0.0838057688071322,0.07500542783153186,0.0678813351134252,0.061996208323983004,0.05705269547679748,0.052841548875154465,0.049211244322517333,0.04604936063862353,0.043270730260641654,0.04080965249536961,0.03861463220321282,0.03664473734845031,0.03486702263254493,0.0332546721134348,0.03178563712635052,0.0304416219695286,0.029207317993434234,0.028069817904282424,0.02701816267808288,0.02604298732980692,0.025136241257462277,0.02429096546534848,0.023501113612291902,0.022761407145818757,0.022067217180809506,0.021414467534351722,0.020799554623969096,0.020219280904213877,0.019670799245187554,0.019151566210497517,0.018659302616572226,0.018191960082965752,0.01774769253818842,0.01732483184517597,0.016921866867750435,0.016537425424671737,0.016170258676709293,0.01581922757259624,0.0154832910438929,0.015161495691020543,0.01485296674525205,0.014556900126212913,0.014272555443067714,0.013999249811071035,0.013736352374769667,0.0134832794455092,0.013239490174202229,0.013004482691909347,0.012777790660279398,0.012558980181933688,0.012347647027743491,0.012143414143697573,0.011945929405033806,0.011754863589467868,0.011569908545018937,0.011390775530886854,0.011217193712745765,0.011048908795829204,0.010885681781357737,0.010727287833499521,0.010573515245578924,0.010424164495535626,0.010279047381762885,0.010137986231471996,0.010000813174563028,0.00986736947677691,0.009737504926559448,0.009611077270590185,0.00948795169374994,0.00936800033913232,0.009251101864831912,0.00913714103434915,0.009026008337162827,0.008917599637611184,0.008811815849060767,0.008708562631542627,0.008607750110996015,0.008509292617989717,0.008413108444737083,0.008319119618702464,0.008227251691563575,0.008137433542346972,0.008049597193569458,0.007963677639489797,0.007879612685450677,0.007797342797568274,0.007716810961941323,0.007637962552718314,0.007560745208363584,0.007485108715541533,0.007411004900062967,0.007338387524422951,0.0072672121914383325,0.00719743625360858,0.007129018727751291,0.007061920214607831,0.00699610282308849,0.25414803420220106,0.2543383992750331,0.2545286671982546,0.25471883804621465,0.2549089118931862,0.2552887688808785,0.2554785521697671,0.25566823875400363,0.2558578287074834,0.2560473221040266,0.25623671901737805,0.25642601952120764,0.2566152236891105,0.2568043315946064,0.2569933433111406,0.25737107847073165,0.25755980206030576,0.257748429753953,0.25793696162474616,0.25812539774568366,0.2583137381896899,0.2585019830296151,0.25869013233823557,0.2588781861882539,0.2590661446522989,0.25944177571261545,0.2596294484537766,0.2598170260987438,0.26000450871977837,0.26019189638906837,0.26037918917872915,0.2605663871608026,0.26075349040725804,0.26094049898999166,0.2611274129808271,0.26150095747373503,0.2616875881190918,0.2618741244591194,0.26206056656527915,0.2622469145089602,0.26243316836147956,0.2626193281940823,0.26280539407794157,0.26299136608415863,0.26317724428376316,0.2635487195468947,0.2637343167521231,0.26391982043414186,0.2641052306636232,0.26429054751116815,0.26447577104730696,0.2646609013424985,0.2648459384671308,0.2650308824915212,0.26521573348591615,0.26558515666535276,0.26576972899053447,0.26595420856600116,0.26613859546164703,0.26632288974729595,0.2665070914927017,0.2666912007675481,0.26687521764144895,0.2670591421839482,0.2672429744645201,0.26761036251743014,0.26779391842836864,0.26797738235458063,0.26816075436519266,0.26834403452926214,0.2685272229157774,0.2687103195936576,0.26889332463175286,0.26907623809884446,0.2692590600636449,0.26962442976087864,0.26980697763039346,0.26998943427178057,0.2701717997534096,0.270354074143582,0.27053625751053073,0.27071834992242094,0.2709003514473497,0.2710822621533459,0.27126408210837066,0.2716274500370119,0.2718089981462119,0.27199045577560804,0.2721718229928234,0.2723530998654135,0.2725342864608668
0.4686868686868687,0.1249861273771048,0.10578971968132467,0.09171234481950685,0.08094728508397109,0.07244854600789163,0.06556860720302293,0.05988517276032468,0.05511108145829435,0.05104425687871017,0.04753836781931031,0.044484845966086484,0.04180144259383978,0.03942470868368608,0.037304913921383576,0.03540252908079178,0.03368573795366603,0.03212864362451573,0.030709953072318608,0.029411997618525088,0.02821999326536806,0.027121475072219292,0.026105859597675862,0.025164102808832967,0.0242884300096603,0.023472120699195465,0.022709335752723825,0.02199497752083257,0.021324575756421216,0.020694193972360053,0.02010035208522476,0.01953996213306386,0.01901027456016602,0.018508833096268495,0.018033436667570846,0.01758210709342556,0.017153061568692562,0.01674468912456606,0.01635553041262172,0.015984260277061346,0.01562967267705584,0.015290667597176233,0.014966239646836188,0.01465546809981011,0.014357508165966593,0.01407158332097902,0.013796978547351846,0.013533034362928964,0.013279141531786665,0.013034736368339295,0.012799296558450357,0.012572337432274705,0.012353408632912455,0.012142091132687272,0.011937994555436093,0.011740754768829076,0.011550031715464093,0.011365507455554757,0.011186884397549335,0.011013883695858318,0.010846243797721478,0.01068371912313748,0.01052607886390533,0.010373105889416201,0.010224595748289378,0.010080355756198367,0.009940204161329014,0.009803969379865718,0.009671489294751145,0.009542610611688374,0.00941718826701432,0.009295084882603999,0.009176170263582195,0.009060320934849764,0.00894741971309454,0.008837355311078321,0.0087300219714459,0.00862531912734199,0.008523151088068781,0.008423426746874463,0.008326059309824219,0.008230966043569876,0.008138068040630886,0.008047290000769647,0.00795856002719686,0.007871809436430732,0.007786972580762108,0.007703986682381814,0.0076227916782286576,0.007543330074824106,0.007465546812324808,0.007389389137088531,0.007314806482197955,0.007241750355307719,0.007170174233345428,0.007100033463545374,0.007031285170404855,0.006963888168127763,0.006897802878210069,0.0068329912517836044,0.006769416696450703,0.27068672047055237,0.27088497436822595,0.27108312050993916,0.27128115898352023,0.27147908987670205,0.2718746292723224,0.2720722379497507,0.27226973939675925,0.2724671337006057,0.27266442094845306,0.2728616012273697,0.2730586746243298,0.2732556412262132,0.27345250111980546,0.2736492543917983,0.27404244141728323,0.27423887534368974,0.27443520299432594,0.27463142445541544,0.27482753981308844,0.27502354915338223,0.2752194525622409,0.2754152501255157,0.27561094192896524,0.27580652805825545,0.2761973836365593,0.2763926532564428,0.276587817543907,0.2767828765841566,0.27697783046230445,0.2771726792633716,0.2773674230722875,0.2775620619738903,0.27775659605292624,0.27795102539405087,0.2783395702007318,0.27853368583514354,0.2787276970693551,0.2789216039875673,0.2791154066738906,0.279309105212345,0.27950269968686,0.2796961901812753,0.2798895767793403,0.28008285956471446,0.28046911403158015,0.2806620858799422,0.28085495424935514,0.2810477192230306,0.2812403808840913,0.28143293931557073,0.28162539460041347,0.28181774682147515,0.28200999606152294,0.28220214240323516,0.2825861267219244,0.28277796486381623,0.2829697004372026,0.2831613335243206,0.28335286420731964,0.2835442925682611,0.283735618689119,0.2839268426517796,0.2841179645380418,0.2843089844296172,0.2846907185551182,0.28488143295203155,0.28507204568023375,0.28526255682100166,0.28545296645552554,0.28564327466490896,0.28583348153016935,0.2860235871322377,0.286213591551959,0.28640349487009215,0.2867829985241998,0.2869725990212629,0.28716209873891535,0.28735149775748736,0.2875407961572242,0.2877299940182855,0.28791909142074606,0.2881080884445956,0.28829698516973884,0.28848578167599587,0.2888630743507078,0.2890515706783797,0.2892399671055999,0.2894282637117659,0.2896164605761914,0.289804557778106
0.5070707070707071,0.12119909898749004,0.1025862964048313,0.08893689868362797,0.07849911562443268,0.07025875289637529,0.06358797590899279,0.058077327316435,0.05344837611963038,0.04950518938970805,0.046105884657592355,0.04314519428182195,0.04054337004626274,0.03823889189574392,0.03618354140609503,0.03433899110955341,0.03267439206640166,0.031164634672456226,0.029789073251159204,0.02853057628180178,0.027374809224895214,0.026309686094523332,0.025324945202990445,0.02441181747027299,0.023562764563074046,0.022771270293720836,0.02203167305535425,0.021339030174227225,0.020689007304649065,0.02007778763390511,0.019501996877300143,0.018958640950471395,0.01844505388717055,0.01795885409022313,0.017497907400518042,0.017060295775780387,0.016644290609518886,0.01624832990747971,0.015870998686251636,0.015511012075560826,0.015167200698701144,0.014838497981101484,0.014523929096328603,0.014222601308415683,0.013933695508960509,0.013656458780023084,0.013390197840637885,0.013134273256841689,0.0128880943134565,0.012651114460837554,0.012422827263099179,0.012202762784255028,0.011990484358149978,0.01178558569544741,0.011587688287321818,0.011396439070981423,0.011211508326689712,0.011032587779966074,0.010859388885993915,0.010691641276050379,0.01052909134855673,0.010371500989136084,0.010218646406160548,0.01007031706981254,0.009926314744065245,0.009786452602241091,0.009650554417837687,0.009518453823255335,0.009389993629874693,0.009265025203634591,0.00914340789090018,0.009025008489959352,0.008909700763978345,0.008797364991587342,0.008687887552017215,0.008581160541269006,0.008477081417138876,0.008375552670209174,0.008276481518864176,0.00817977962616745,0.008085362836885213,0.007993150932931403,0.00790306740573754,0.007815039244392197,0.007728996737929483,0.007644873291006604,0.007562605251787646,0.007482131751081256,0.0074033945519039746,0.007326337908770464,0.007250908435827319,0.007177054983325881,0.007104728521751591,0.007033882033115724,0.006964470408820644,0.006896450353729322,0.0068297802959287335,0.00676442030185509,0.006700331996364994,0.006637478487454995,0.006575824295307009,0.28650833041376184,0.28671361669280576,0.2869187848756297,0.2871238350641111,0.28732876736001034,0.28773827868051954,0.2879428579080659,0.2881473196489036,0.28835166400420986,0.28855589107504565,0.2887600009623559,0.28896399376697,0.28916786958960156,0.2893716285308487,0.289575270691194,0.2899822050705355,0.2901854974899221,0.29038867352918835,0.29059173328824317,0.29079467686688076,0.2909975043647815,0.29120021588151146,0.2914028115165232,0.2916052913691553,0.2918076555386331,0.29221203722445976,0.29241405493869305,0.2926159573655409,0.29281774460366355,0.29301941675160836,0.2932209739078106,0.29342241617059317,0.293623743638167,0.293824956408631,0.2940260545799724,0.2944279075166787,0.29462866247746067,0.2948293032299548,0.29502982987159193,0.29523024249969215,0.2954305412114649,0.2956307261040092,0.2958307972743138,0.29603075481925706,0.29623059883560754,0.29662994666905507,0.29682945067914046,0.29702884154661013,0.29722811936768484,0.2974272842384763,0.29762633625498736,0.2978252755131119,0.2980241021086355,0.298222816137235,0.2984214176944792,0.29881828377663533,0.2990165484921445,0.2992147011174928,0.2994127417477098,0.2996106704777175,0.29980848740233057,0.3000061926162568,0.300203786214097,0.3004012682903451,0.3005986389393884,0.3009930463328778,0.30119008326556684,0.30138700914753713,0.3015838240726451,0.3017805281346415,0.30197712142717137,0.30217360404377447,0.302369976077885,0.3025662376228323,0.30276238877184064,0.30315436025441306,0.303350180773902,0.3035458912693019,0.3037414918333142,0.3039369825585363,0.30413236353746154,0.30432763486247955,0.3045227966258761,0.30471784891983367,0.30491279183643133,0.3053023499053464,0.3054969652413062,0.305691471567191,0.30588586897456504,0.30608015755489,0.3062743373995252
0.5454545454545455,0.11792254573913019,0.09981476912833054,0.08653572385301034,0.07638115153683156,0.06836437627194114,0.061874598681557424,0.05651347134142437,0.05201011799856825,0.04817392202643467,0.0448668506916402,0.04198649260778753,0.03945526338790428,0.03721331221604396,0.03521372899026909,0.033419226190872786,0.03179979190912441,0.030330997844745577,0.028992758504066907,0.027768407198651146,0.026643998329966445,0.025607773842386994,0.0246497504792923,0.023761397092376235,0.022935379885851148,0.02216535947538234,0.021445827869865486,0.02077197650429463,0.020139588635794792,0.01954495101200726,0.018984780901601495,0.018456165457344742,0.017956511047246826,0.017483500692560217,0.01703505813882855,0.01660931738450533,0.016204596723853326,0.015819376542679064,0.01545228024878198,0.015102057832711124,0.014767571645047495,0.014447784049078205,0.014141746666895827,0.013848590983736142,0.013567520114702192,0.013297801569458145,0.013038760876563305,0.01278977595059505,0.012550272103052373,0.01231971761275874,0.012097619783872138,0.01188352143017768,0.011676997732638195,0.011477653424871948,0.011285120267303106,0.011099054776010031,0.010919136176815836,0.010745064558976392,0.010576559206138314,0.010413357084922636,0.01025521147419095,0.010101890719840023,0.009953177101940436,0.009808865802579225,0.009668763964105986,0.009532689828684271,0.009400471951073519,0.009271948477464265,0.009146966484005814,0.009025381369319518,0.008907056295948679,0.008791861676190171,0.008679674698250373,0.008570378889082964,0.008463863710661212,0.008360024186713555,0.008258760557196765,0.008159977958441478,0.008063586126167643,0.00796949912035505,0.007877635069089894,0.007787915930873579,0.00770026727309403,0.007614618065840517,0.007530900489660097,0.007449049756196868,0.007369003940732477,0.007290703825694078,0.00721409275433138,0.007139116493762088,0.007065723106734922,0.006993862831434772,0.006923487968766628,0.006854552776560996,0.006787013370266659,0.0067208276295698255,0.006655955110643208,0.006592356963545765,0.006529995854483439,0.006468835892557534,0.006408842560739592,0.30165848700095427,0.3018700357992776,0.302081456467337,0.3022927491215056,0.3025039138780157,0.30292586016228595,0.303136641921808,0.303347296247196,0.3035578232539806,0.3037682230575534,0.30397849577316643,0.3041886415159323,0.3043986604008249,0.30460855254267943,0.3048183180561921,0.30523746965628673,0.30544685597157073,0.30565611611591753,0.305865250203334,0.3060742583476895,0.30628314066271645,0.3064918972620105,0.30670052825903027,0.3069090337670981,0.3071174138994001,0.30753379848877044,0.30774180317153116,0.30794968292991143,0.3081574378764189,0.30836506812342607,0.3085725737831708,0.3087799549677563,0.308987211789151,0.3091943443591895,0.309401352789572,0.30981499767750165,0.3100216343577809,0.3102281473438692,0.31043453674679966,0.3106408026774724,0.31084694524665507,0.3110529645649828,0.31125886074295855,0.3114646338909532,0.3116702841192055,0.3120812162567813,0.31228649838592526,0.3124916580349681,0.3126966953134926,0.3129016103309506,0.3131064031966636,0.31331107401982267,0.3135156229094889,0.31372004997459346,0.3139243553239377,0.31433260130990337,0.3145365421634809,0.31474036173521047,0.31494406013324777,0.3151476374656201,0.3153510938402261,0.31555442936483646,0.3157576441470938,0.31596073829451293,0.316163711914481,0.3165692980009763,0.3167719106816414,0.3169744032631321,0.31717677585220033,0.31737902855547157,0.31758116147944504,0.31778317473049394,0.3179850684148654,0.3181868426386808,0.3183884975079362,0.31879144960612377,0.3189927470464217,0.3191939255548915,0.3193949852369041,0.31959592619770594,0.31979674854241935,0.3199974523760425,0.32019803780344974,0.3203985049293916,0.32059885385849524,0.32099919754407935,0.32119919250919804,0.3213990696947552,0.3215988292047629,0.3217984711431109,0.3219979956135668
0.5838383838383839,0.11506321143069076,0.09739623377523843,0.0844404411365044,0.07453306206567178,0.06671143940186852,0.06037964251595429,0.05514902099217023,0.05075529254313549,0.04701248073975273,0.043785912991168185,0.040975670919528584,0.03850605878027502,0.03631868270977723,0.03436777454130402,0.03261695444685664,0.031036941098467774,0.029603900854259124,0.028298237161559103,0.027103689048588064,0.0260066503937032,0.02499564936656784,0.024060945731725902,0.02319421601320215,0.022388304940256787,0.021637027446537838,0.020935009620232203,0.020277559949424373,0.01966056433754626,0.019080399922034808,0.018533863881050605,0.018018114272975838,0.01753062060056476,0.017069122285294003,0.016631593612983053,0.01621621400418216,0.01582134268895452,0.01544549704313225,0.015087333982986117,0.01474563392614403,0.014419286915129503,0.014107280570663794,0.013808689599416168,0.013522666627168944,0.013248434165936573,0.012985277554796726,0.012732538739421706,0.012489610776334259,0.012255932965239746,0.01203098652731538,0.011814290759123325,0.011605399602501287,0.01140389857862123,0.011209402041977734,0.01102155071601929,0.010840009477288803,0.010664465359310649,0.010494625751225617,0.01033021676937329,0.01017098178267306,0.010016680075247364,0.009867085631529049,0.009721986030977625,0.009581181441040254,0.00944448369832751,0.009311715469100701,0.009182709481219131,0.009057307820526161,0.008935361285477228,0.008816728794440065,0.008701276840742622,0.008588878991004911,0.008479415422838255,0.008372772498331793,0.0082688423701337,0.008167522617267609,0.008068715908090551,0.007972329688022306,0.007878275890116693,0.007786470666244716,0.007696834137525643,0.007609290162155835,0.007523766119439168,0.007440192708536908,0.007358503760938384,0.0072786360654537585,0.007200529204829942,0.007124125403044745,0.007049369382614912,0.006976208230887737,0.006904591274991323,0.006834469964522416,0.006765797761603465,0.00669853003765164,0.006632623976474905,0.006568038483186434,0.006504734098574549,0.0064426729185280696,0.006381818518167104,0.006322135880387991,0.006263591328518947,0.31617902599051545,0.3163961442238481,0.31661312462764235,0.31682996733310065,0.31704667247125884,0.3174796705689879,0.31769596378980064,0.31791211996579744,0.31812813922718586,0.31834402170400855,0.3185597675261434,0.3187753768233041,0.3189908497250401,0.3192061863607371,0.3194213868596169,0.3198513799629972,0.32006617282512595,0.3202808300656951,0.3204953518131123,0.32070973819562354,0.32092398934131294,0.321138105378103,0.3213520864337549,0.3215659326358689,0.3217796441118844,0.3222066633945751,0.3224199714553276,0.3226331452981365,0.3228461850496413,0.3230590908363218,0.32327186278449904,0.32348450102033544,0.3236970056698347,0.3239093768588422,0.3241216147130454,0.3245456909190004,0.3247575295213391,0.32496923529004795,0.3251808083500282,0.3253922488260243,0.32560355684262443,0.3258147325242608,0.32602577599520977,0.3262366873795921,0.3264474668013732,0.32686863025221885,0.3270790145284398,0.32728926733637326,0.3274993887992116,0.3277093790399936,0.32791923818160407,0.3281289663467748,0.32833856365808417,0.32854803023795787,0.32875736620866874,0.3291756468109316,0.32938459168626816,0.3295934064400114,0.32980209119367454,0.33001064606861946,0.3302190711860568,0.3304273666670467,0.33063553263249873,0.33084356920317187,0.3310514764996755,0.33146690375186105,0.3316744239480129,0.33188181535093536,0.33208907808049065,0.33229621225639216,0.33250321799820515,0.3327100954253462,0.33291684465708415,0.33312346581254026,0.33332995901068785,0.33374256201021546,0.33394867204880674,0.3341546546045128,0.33436050979557286,0.33456623774007993,0.3347718385559812,0.3349773123610779,0.3351826592730261,0.3353878794093362,0.3355929728873739,0.33600278033737035,0.33620749454333687,0.3364120825590471,0.3366165445011447,0.33682088048612974,0.33702509063035846
0.6222222222222222,0.1125494496633952,0.09527007064771986,0.08259851707946375,0.07290849735029437,0.06525847420644348,0.059065591246462934,0.053949724724505765,0.04965239048790815,0.045991692276234786,0.042835912103082796,0.040087323716039625,0.037671892071237334,0.035532504416617594,0.03362439669954198,0.031911987233614214,0.030366637097162585,0.028965035536803962,0.02768801593006487,0.026519674055420994,0.025446702296204604,0.0244578805024519,0.023543682129272048,0.02269596630869186,0.021907734748487395,0.021172938075319503,0.020486320274309522,0.019843292759171627,0.019239831690943454,0.018672393687394706,0.018137846191669138,0.017633409609644657,0.017156608958946218,0.016705233253968332,0.016277301220783302,0.015871032219731074,0.01548482147581709,0.015117218890258743,0.014766910843345138,0.014432704507243654,0.0141135142739377,0.013808349972969758,0.013516306609205664,0.013236555397216132,0.012968335904617656,0.012710949147773043,0.012463751507803655,0.012226149355414884,0.011997594290022895,0.011777578912837483,0.0115656330652405,0.011361320473819547,0.011164235751754292,0.010974001713041637,0.010790266962186545,0.010612703726959438,0.01044100590607544,0.010274887307343494,0.010114080054980601,0.009958333147342069,0.009807411148872958,0.009661093001879895,0.009519170945486488,0.009381449530688424,0.00924774472168255,0.009117883074771904,0.008991700987158402,0.00886904400876598,0.008749766211021526,0.008633729607159801,0.00852080361922436,0.00841086458739082,0.008303795317827767,0.008199484665523227,0.008097827149013859,0.007998722594182883,0.007902075804609221,0.007807796256171562,0.007715797813924841,0.007625998469210971,0.007538320095555107,0.007452688221585291,0.007369031819806748,0.00728728310975546,0.007207377374594426,0.0071292527899294855,0.007052850264006927,0.006978113288420351,0.006904987798423079,0.006833422042277437,0.006763366458873543,0.006694773563023837,0.006627597837909116,0.006561795634133172,0.006497325074924509,0.006434145967070259,0.006372219717145411,0.006311509252708847,0.006251978948108694,0.0061935945545879,0.006136323134406485,0.3301083804587922,0.3303304432742752,0.33055235891504636,0.33077412752737,0.3309957492573164,0.33143855265339256,0.33165973461069725,0.33188077026797524,0.3321016597703331,0.33232240326268553,0.3325430008897554,0.33276345279607483,0.3329837591259848,0.3332039200236358,0.33342393563298794,0.3338635315616873,0.3340831121680065,0.3343025480599714,0.3345218393805957,0.33474098627270454,0.33495998887893524,0.3351788473417371,0.3353975618033721,0.33561613240591504,0.33583455929125394,0.33627098247693904,0.3364889790601298,0.33670683249180616,0.33692454291292645,0.337142110464264,0.3373595352864076,0.33757681751976154,0.3377939573045459,0.33801095478079707,0.338227810088368,0.33866109475596495,0.338877524394782,0.3390938124225014,0.3393099589780631,0.33952596420022535,0.33974182822756493,0.3399575511984775,0.340173133251178,0.34038857452370086,0.34060387515390017,0.3410340550378457,0.3412489345664017,0.3414636740022545,0.3416782734823617,0.34189273314350205,0.3421070531222766,0.3423212335551082,0.3425352745782421,0.3427491763277465,0.3429629389395123,0.34339004729250894,0.34360339330463935,0.34381660072083087,0.34402966967609366,0.3442426003052627,0.344455392742998,0.3446680471237846,0.3448805635819334,0.3450929422515809,0.3453051832666897,0.3457292528682746,0.34594108172180915,0.3461527734549227,0.34636432820071267,0.3465757460921044,0.3467870272618513,0.346998171842535,0.3472091799665659,0.34742005176618335,0.3476307873734556,0.3480518505383864,0.3482621783593302,0.3484723705145002,0.34868242713511466,0.34889234835222305,0.34910213429670595,0.34931178509927496,0.3495213008904737,0.34973068180067746,0.3499399279600938,0.35035801654655735,0.35056685923318304,0.3507755676881789,0.35098414204091755,0.3511925824206053,0.3514008889562827
0.6606060606060606,0.11032525840533625,0.09338889692943797,0.08096888962087057,0.07147122884582124,0.06397306807209924,0.05790312134446207,0.052888810859780366,0.04867678370612749,0.04508875449548466,0.04199562001087964,0.039301593989735206,0.03693411107704225,0.034837192280343765,0.03296696216902606,0.03128854539691828,0.029773871559740206,0.028400092650482822,0.02714842252668992,0.0260032726839724,0.024951599676827474,0.023982406087501684,0.02308635448308649,0.022255465600086066,0.02148288006913035,0.020762668602456902,0.020089679521557713,0.019459415327188423,0.018867932056460757,0.01831175666552176,0.01778781878048219,0.01729339398339025,0.016826056421143876,0.01638363899677564,0.01596419976487784,0.015565993431498892,0.01518744707623354,0.014827139384394172,0.014483782811106627,0.014156208205538645,0.013843351508259993,0.013544242202835455,0.013257993257479117,0.01298379233719471,0.012720894103222191,0.012468613445768328,0.012226319520796669,0.011993430481560874,0.011769408812241422,0.01155375718492524,0.011346014772717461,0.011145753961296911,0.010952577409881092,0.01076611541874839,0.01058602356678684,0.010411980587266889,0.010243686454277534,0.010080860655851898,0.009923240632892627,0.009770580365539239,0.009622649091072133,0.009479230139278982,0.009340119872864316,0.009205126722056978,0.009074070303773052,0.008946780616821082,0.008823097305601713,0.008702868985592471,0.00858595262465156,0.008472212974841242,0.008361522049975867,0.00825375864472111,0.00814880789140382,0.008046560851128204,0.007946914136143901,0.007849769560715703,0.007755033818022339,0.007662618180830361,0.0075724382238833154,0.0074844135664668965,0.007398467632892203,0.0073145274300636665,0.007232523340430341,0.007152388928991504,0.007074060763613055,0.006997478247168232,0.006922583460956311,0.0068493210183349085,0.006777637927830482,0.006707483465079989,0.006638809052855632,0.006571568148661444,0.006505716139294626,0.006441210241916684,0.006378009411132424,0.006316074251693005,0.006255366936373408,0.006195851128758645,0.006137491910501169,0.006080255712814342,0.006024110251916959,0.3434819195110878,0.34370836281726425,0.34393464996965767,0.3441607811297364,0.3443867564587461,0.34483824026743065,0.34506374906848764,0.34528910268124047,0.3455143012658281,0.34573934498216874,0.3459642339899612,0.3461889684486843,0.34641354851759815,0.34663797435574395,0.3468622461219446,0.34731032807271217,0.3475341385738363,0.3477577956361304,0.34798129941733114,0.348204650074959,0.3484278477663187,0.3486508926484995,0.3488737848783758,0.34909652461260715,0.349319112007639,0.3497638304048162,0.3499859617187841,0.35020794131719823,0.3504297693554381,0.35065144598867093,0.3508729713718522,0.3510943456597262,0.3513155690068259,0.35153664156747394,0.35175756349578247,0.3521989560707802,0.35241942702464546,0.35263974796052405,0.35285991903148195,0.35307994039037716,0.3532998121898595,0.3535195345823717,0.3537391077201493,0.3539585317552209,0.354177806839409,0.3546159107613938,0.3548347399018064,0.35505342069656765,0.3552719532964733,0.35549033785211437,0.3557085745138784,0.35592666343194884,0.35614460475630616,0.35636239863672786,0.3565800452227887,0.35701489710911666,0.35723210270752365,0.3574491616078502,0.3576660739586633,0.3578828399083297,0.35809945960501544,0.3583159331966871,0.35853226083111134,0.3587484426558561,0.3589644788182902,0.359396114744709,0.3596117148024402,0.35982716978535395,0.36004247983983,0.36025764511205083,0.36047266574800274,0.3606875418934755,0.3609022736940633,0.3611168612951646,0.3613313048419828,0.3617597603526088,0.3619737726058502,0.362187641383676,0.3624013668303185,0.36261494908981645,0.3628283883060159,0.3630416846225701,0.36325483818294013,0.36346784913039515,0.36368071760801246,0.3641060277250875,0.3643184696497447,0.3645307696749639,0.364742927942869,0.36495494459539435,0.36516681977428467
0.698989898989899,0.10834619845931026,0.09171511321483705,0.07951897520060403,0.07019250863690851,0.0628295012224076,0.05686896438240285,0.05194503599629463,0.04780892981585738,0.04428557403095568,0.04124819249758904,0.03860272549101307,0.03627791563902538,0.03421879296410413,0.03238227288482953,0.030734108678400762,0.029246735905355314,0.027897718390178516,0.026668608607095745,0.025544099031198697,0.024511381321956738,0.023559656287067465,0.02267975479792983,0.0218638414144664,0.021105180404681123,0.02039794935351602,0.019737089438800703,0.019118184226083912,0.01853736083979962,0.017991208835133388,0.017476713179126246,0.016991198558926834,0.01653228284486996,0.01609783799949538,0.015685957078463764,0.015294926244308504,0.014923200926104108,0.014569385425979409,0.014232215404713866,0.013910542783112878,0.013603322679153207,0.01330960206770715,0.013028509903614038,0.01275924849207688,0.012501085927000166,0.01225334944569012,0.012015419573129682,0.01178672494848021,0.011566737742833566,0.011354969590858355,0.011150967970396053,0.010954312973279645,0.010764614419262464,0.010581509271006317,0.010404659314208864,0.010233749071671072,0.010068483924215998,0.009908588414948682,0.009753804716309489,0.009603891241936169,0.009458621387655963,0.009317782387856632,0.009181174274985104,0.009048608931560675,0.008919909225205691,0.0087949082183586,0.008673448445239873,0.008555381249491845,0.008440566176637687,0.00832887041614061,0.008220168288349483,0.008114340772292672,0.008011275070456958,0.007910864207272494,0.007813006658287547,0.00771760600732907,0.007624570629218286,0.007533813395850908,0.007445251403591091,0.0073588057204163615,0.007274401150825116,0.0071919660173282995,0.007111431957121606,0.007032733732664331,0.00695580905512061,0.006880598419603534,0.006807044951368191,0.0067350942621132726,0.006664694315545283,0.006595795301617358,0.0065283495187284935,0.006462311263352727,0.006397636726470091,0.006334283896469728,0.006272212467847038,0.006211383755517108,0.006151760614169333,0.006093307362423639,0.006035989711416834,0.005979774697531637,0.005924630618986404,0.3563322473933964,0.35656256131462577,0.3567927104752973,0.3570226950521459,0.35725251522165363,0.35771166304331514,0.35794099104717375,0.35817015534710267,0.35839915611832734,0.35862799353582325,0.3588566677743166,0.359085179008284,0.35931352741195394,0.3595417131593064,0.3597697364240736,0.3602252961995453,0.3604528330564795,0.36068020812328855,0.36090742157247274,0.3611344735762867,0.36136136430674076,0.3615880939356008,0.36181466263438894,0.3620410705743837,0.362267317926621,0.3627193315507534,0.36294509816350884,0.3631707048702285,0.3633961518407396,0.363621439244629,0.3638465672512436,0.3640715360296908,0.36429634574883885,0.36452099657731724,0.36474548868351725,0.36519399740145825,0.36541801434879406,0.36564187324504205,0.3658655742574084,0.3660891175528634,0.366312503298142,0.3665357316597444,0.36675880280393597,0.36698171689674824,0.3672044741039788,0.3676495185237198,0.36787180606666087,0.3680939373848823,0.3683159126430194,0.3685377320054763,0.3687593956364262,0.36898090369981196,0.3692022563593462,0.36942345377851227,0.36964449612056394,0.37008611622519605,0.3703066943131418,0.37052711797470445,0.37074738737199786,0.37096750266690903,0.37118746402109826,0.3714072715960002,0.37162692555282356,0.3718464260525519,0.372065773255944,0.37250400841563214,0.3727228966923248,0.37294163231347527,0.3731602154387238,0.3733786462274882,0.373596924838964,0.37381505143212523,0.37403302616572437,0.37425084919829293,0.3744685206881421,0.3749034096718251,0.37512062748118163,0.3753376943788643,0.375554610522087,0.3757713760678453,0.3759879911729167,0.37620445599386126,0.37642077068702195,0.37663693540852483,0.3768529503142795,0.37728453130110345,0.3775000976929134,0.3777155148904573,0.3779307830485685,0.3781459023218659,0.37836087286475495
0.7373737373737375,0.10657653359287389,0.09021848372040564,0.07822257169661329,0.06904921916505924,0.06180709127952133,0.055944409318044785,0.051101317585319106,0.04703311420192069,0.043567601542786494,0.04058008477010033,0.037978048353369265,0.03569140476441768,0.03366608647641334,0.031859716233816004,0.030238609546884176,0.02877565450487518,0.027448783269285904,0.026239851168902262,0.02513380198335513,0.024118037647034796,0.02318193625797138,0.02231647921676483,0.021513959717117226,0.02076775260666741,0.020072131055858144,0.01942211929194837,0.018813373383690712,0.018242084034992168,0.017704896788683033,0.01719884610788236,0.01672130059855781,0.01626991723659288,0.015842602918609172,0.015437482004653336,0.01505286879133505,0.01468724406294597,0.014339235032773567,0.014007598116232978,0.013691204080124808,0.01338902519424423,0.013100124077280562,0.0128236439820133,0.012558800307507445,0.012304873161435026,0.012061200823972107,0.01182717398819011,0.011602230671502123,0.011385851708633266,0.011177556750075701,0.010976900701093917,0.010783470545629337,0.010596882507521,0.010416779507996243,0.01024282888386352,0.010074720335825571,0.009912164080253305,0.009754889181281423,0.00960264204302319,0.009455185044232373,0.009312295299950257,0.009173763536657109,0.009039393068850266,0.008908998866615447,0.008782406704858414,0.008659452385988198,0.0085399810287492,0.008423846416736769,0.008310910400826654,0.008201042350374332,0.008094118648612425,0.007990022228168137,0.007888642142994007,0.007789873173444151,0.007693615461529357,0.0075997741737080515,0.0075082591888061545,0.007418984808923668,0.007331869491295273,0.007246835599596824,0.007163809172682667,0.007082719709726626,0.00700349997013372,0.00692608578733489,0.006850415895042428,0.006776431765211477,0.006704077456812896,0.006633299474439913,0.006564046636077792,0.006496269949436639,0.006429922496066998,0.006364959322784691,0.0063013373398479455,0.006239015225390276,0.006177953335678721,0.006118113620782628,0.006059459545285528,0.006001956013671483,0.005945569300084719,0.005890266982164438,0.0058360178786713846,0.3686894682852784,0.3689231914123556,0.3691567415460132,0.3693901188782454,0.36962332360076233,0.37008921598207434,0.37032190402287435,0.3705544202179703,0.37078676475766015,0.3710189378319608,0.3712509396306094,0.3714827703430626,0.3717144301584981,0.3719459192658148,0.37217723785363305,0.3726393642238681,0.37287017238213904,0.3731008107726209,0.37333127958255063,0.3735615789988893,0.373791709208324,0.3740216703972671,0.3742514627518574,0.3744810864579604,0.37471054170116913,0.37516894753991414,0.375397898505277,0.3756266817473999,0.3758552974505192,0.3760837457986021,0.37631202697534627,0.3765401411641808,0.3767680885482663,0.37699586931049583,0.37722348363349517,0.37767821369097215,0.37790532978936925,0.37813228017637585,0.3783590650332885,0.3785856845411394,0.378812138880697,0.37903842823246603,0.37926455277668875,0.3794905126933446,0.37971630816215113,0.38016740647377995,0.3803927096747319,0.3806178491440947,0.38084282506028344,0.38106763760145385,0.3812922869455028,0.3815167732700695,0.381741096752535,0.38196525757002325,0.38218925589940145,0.3826367658000151,0.3828602777237051,0.3830836278641951,0.38330681639707537,0.38352984349768204,0.3837527093410976,0.38397541410215186,0.3841979579554215,0.3844203410752314,0.38464256363565447,0.3850865277733763,0.3853082696975667,0.38552985175615406,0.38575127412195975,0.3859725369675559,0.386193640465266,0.3864145847871657,0.38663537010508287,0.38685599659059783,0.3870764644150447,0.3875169247648376,0.38773691763162155,0.3879567525202136,0.3881764296007202,0.3883959490430039,0.38861531101668334,0.3888345156911341,0.38905356323548873,0.3892724538186374,0.3894911876092285,0.389928185486124,0.3901464499085191,0.3903645582105389,0.39058251055962834,0.3908003071229932,0.39101794806760004
0.7757575757575759,0.10498718423089648,0.08887440487168352,0.07705835793431748,0.06802254932553875,0.06088900877211567,0.05511423085877709,0.05034375552461845,0.04633654992123781,0.04292299833392743,0.03998027558375972,0.03741725330621848,0.03516489485592145,0.03316994338689294,0.03139065704172361,0.02979385639040777,0.028352836033382234,0.027045859013027695,0.025855052715440086,0.024765586669633244,0.023765051702042683,0.022842985172327968,0.021990503702951747,0.021200016040522907,0.02046499636739385,0.019779803719328082,0.01913953692760717,0.018539917191216837,0.01797719232801742,0.017448058174959424,0.016949593657842876,0.016479206835194438,0.016034589811663835,0.015613680865305124,0.015214632477061896,0.014835784216480574,0.014475639644519811,0.014132846555598433,0.013806180009036995,0.013494527700989356,0.013196877308701671,0.012912305503660848,0.012639968382430977,0.0123790931062141,0.01212897057456852,0.01188894898738535,0.011658428171634316,0.0114368545690966,0.011223716796935679,0.011018541706133589,0.010820890873898037,0.010630357475223451,0.010446563486625315,0.01026915718178667,0.010097810883959668,0.009932218945042481,0.009772095925066338,0.009617174949292706,0.009467206223046087,0.009321955686841354,0.00918120379659415,0.009044744415638184,0.00891238380665238,0.00878393971320357,0.008659240521733946,0.008538124495898303,0.008420439076056385,0.008306040237549883,0.00819479190210226,0.008086565397218082,0.00798123895916747,0.007878697275458313,0.007778831063179781,0.007681536679996714,0.00758671576487524,0.007494274905927356,0.007404125333001277,0.007316182632925883,0.007230366485434514,0.0071466004180030795,0.0070648115784138765,0.0069849305227539515,0.006906891018563677,0.006830629861264481,0.006756086703123776,0.0066832038936264215,0.006611926330494455,0.006542201320378416,0.006473978448676587,0.006407209457702123,0.006341848132499495,0.0062778501939401155,0.006215173198396484,0.00615377644362014,0.006093620880341377,0.006034669029207795,0.005976884902677115,0.005920233931517638,0.005864682895640905,0.005810199858901632,0.005756754107678952,0.38058142126967837,0.38081813559813493,0.3810546690722553,0.38129102189922504,0.38152719428591264,0.3819989985643392,0.38223463086823933,0.38247008355618145,0.3827053568334617,0.38294045090506335,0.3831753659756577,0.3834101022496045,0.38364465993095237,0.3838790392234397,0.384113240330495,0.3845811088004787,0.38481477656872043,0.38504826696215855,0.3852815801826814,0.38551471643187113,0.38574767591100423,0.3859804588210521,0.3862130653626815,0.3864454957362557,0.3866777501418338,0.387141731847727,0.38737345954664937,0.3876050120747915,0.38783638963070466,0.38806759241264005,0.38829862061854953,0.38852947444608626,0.3887601540926049,0.38899065975516245,0.38922099163051893,0.3896811348051862,0.389910946496536,0.3901405851847643,0.39037005106515377,0.39059934433269305,0.3908284651820777,0.39105741380771075,0.3912861904037029,0.39151479516387316,0.39174322828174973,0.392199580363282,0.39242749971254365,0.3926552481907243,0.392882825989905,0.39311023330187894,0.3933374703181522,0.3935645372299439,0.3937914342281872,0.3940181615035294,0.3942447192463331,0.3946973268943513,0.3949233771788697,0.39514925868945844,0.39537497161506197,0.39560051614434333,0.39582589246568384,0.39605110076718403,0.39627614123666416,0.3965010140616646,0.3967257194294462,0.39717462854100394,0.3973988326579102,0.39762287006385916,0.39784674094472305,0.39807044548609777,0.3982939838733038,0.3985173562913861,0.39874056292511534,0.3989636039589877,0.39918647957722586,0.399631735302325,0.39985411577626734,0.4000763315687396,0.4002983828626038,0.4005202698404509,0.4007419926846025,0.4009635515771098,0.40118494669975535,0.4014061782340529,0.4016272463612481,0.4020688931179759,0.40228947210866356,0.4025098884145598,0.4027301422155769,0.40295023369136207,0.4031701630212976
0.8141414141414142,0.10355423579892309,0.08766264319305683,0.0760087999103064,0.06709702941686901,0.06006141371037654,0.054365908304754296,0.04966091896211977,0.045708721593369805,0.042342028869625126,0.039439701684116035,0.03691186262883084,0.0346904227522461,0.03272285628626914,0.030967994380176944,0.029393113070497856,0.027971873552380178,0.026682837258951597,0.025508376919515796,0.02443386564545902,0.023447064607360235,0.022537654788093442,0.02169687475409432,0.020917237458316862,0.02019230666378158,0.019516518840104302,0.018885040096898398,0.01829365036794528,0.01773864897674371,0.017216777115717674,0.016725153807285453,0.01626122268843233,0.01582270754302728,0.015407574948981484,0.015014002746682076,0.014640353296833886,0.014285150700384386,0.013947061311791353,0.013624877003402758,0.01331750073820226,0.013023934087800004,0.0127432663964121,0.012474665343033653,0.012217368695850106,0.011970677086431958,0.01173394766015301,0.01150658848080266,0.011288053587136915,0.01107783861438294,0.010875476906798243,0.010680536058212509,0.010492614826577484,0.010311340376040312,0.010136365806996617,0.009967367939347826,0.009804045319313004,0.009646116423912221,0.009493318040616261,0.009345403802566876,0.009202142862166474,0.009063318688028343,0.00892872797220401,0.008798179635948866,0.008671493923867013,0.008548501577406276,0.008429043079694165,0.008312967964656193,0.008200134184085606,0.008090407527136745,0.007983661087115568,0.007879774771315629,0.007778634849749166,0.0076801335392803205,0.0075841686199578096,0.007490643080668713,0.007399464791538968,0.0073105462007471145,0.007223804053659522,0.007139159132426798,0.007056536014091064,0.006975862846372971,0.0068970711384944705,0.00682009556710883,0.006744873795170525,0.006671346303305237,0.0065994562323294925,0.006529149236328746,0.0064603733452773815,0.006393078836635646,0.006327218115133482,0.00626274560027007,0.006199617620761044,0.006137792315654589,0.006077229541477158,0.006017890785053548,0.005959739081581983,0.005902738937596741,0.005846856258486133,0.00579205828025664,0.005738313505249448,0.00568559164154725,0.3920338893180239,0.39227321578197144,0.3925123538978613,0.39275130388794893,0.3929900659741398,0.3934670273207106,0.3937052270231602,0.393943239705854,0.39418106558896016,0.3944187048923014,0.3946561578353557,0.39489342463725685,0.3951305055167955,0.395367400692419,0.3956041103822331,0.39607697417514903,0.3963131287127577,0.3965490986335717,0.3967848841539965,0.3970204854900989,0.39725590285760876,0.39749113647191886,0.3977261865480861,0.39796105330083165,0.398195736944542,0.3986645557607334,0.3988986913603192,0.39913264470508075,0.39936641600774053,0.39960000548068964,0.39983341333598915,0.4000666397853705,0.40029968504023616,0.4005325493116601,0.4007652328103887,0.401230058331111,0.40146220077296424,0.40169416328184315,0.4019259460668652,0.4021575493368234,0.40238897330018814,0.4026202181651067,0.4028512841394044,0.40308217143058533,0.4033128802458325,0.40377376327565795,0.4040039379030041,0.4042339348799534,0.40446375441209437,0.40469339670469817,0.40492286196271976,0.40515215039079794,0.4053812621932563,0.4056101975741041,0.40583895673703596,0.4062959472223651,0.4065241789505874,0.40675223527254495,0.4069801163903714,0.4072078225058899,0.4074353538206138,0.4076627105357471,0.40788989285218524,0.4081169009705154,0.40834373509101746,0.40879688213812243,0.40902319546375276,0.40924933558961096,0.40947530271444815,0.4097010970367115,0.4099267187545447,0.4101521680657888,0.4103774451679824,0.4106025502583625,0.4108274835338653,0.41127683542647986,0.4115012544359634,0.41172550241531386,0.41194957955997025,0.412173486065074,0.4123972221254694,0.4126207879357044,0.4128441836900307,0.41306740958240473,0.41329046580648815,0.4137360700229585,0.4139586184011994,0.41418099788285884,0.41440320866013247,0.4146252509249245,0.4148471248688483
0.8525252525252526,0.10225783317369264,0.08656639989081816,0.07505934013914961,0.06625981589511876,0.059312815661900053,0.053689046599344925,0.04904331771656245,0.045140899132065315,0.04181661055163344,0.03895083865189508,0.036454838057368155,0.034261377416706096,0.03231859253858971,0.030585833105313043,0.02903078732033093,0.027627448122612863,0.026354646969037998,0.02519497860815656,0.024134000379808174,0.023159627604632194,0.02226167123488576,0.02143148018809682,0.02066166171699002,0.019945860648992286,0.019278583526119886,0.0186550573402976,0.0180711151762718,0.01752310296660653,0.01700780294728088,0.016522370425357313,0.016064281233825417,0.015631287823998363,0.015221382383141191,0.014832765700076633,0.014463820759857193,0.014113090250588045,0.01377925732216756,0.013461129061449029,0.013157622246712908,0.012867751022875962,0.012590616201954008,0.01232539594411497,0.012071337615942812,0.01182775065569086,0.011594000303611574,0.01136950207709475,0.011153716889471421,0.01094614672668115,0.010746330808791171,0.010553842174101824,0.010368284632605529,0.010189290042745713,0.010016515872616205,0.009849643011129117,0.00968837379993659,0.009532430260529523,0.009381552494295953,0.00923549723619077,0.009094036545035822,0.008956956615611689,0.008824056699661464,0.008695148124165275,0.008570053396899535,0.00844860539033887,0.008330646596001912,0.008216028442262324,0.008104610669405488,0.007996260756401585,0.007890853394433628,0.007788270002898834,0.007688398283814513,0.007591131811191532,0.007496369652196466,0.007404016017261483,0.007313979936614978,0.007226174960905052,0.007140518883879454,0.007056933485238059,0.006975344291843877,0.006895680356230782,0.006817874050139783,0.00674186087288553,0.0066675792724822935,0.006594970479132489,0.006523978349761705,0.006454549222896677,0.006386631783059649,0.006320176933969468,0.00625513767984176,0.006191469014245388,0.006129127815991842,0.006068072751403308,0.006008264182654988,0.005949664081703165,0.005892235949389035,0.005835944739353782,0.005780756786482044,0.005726639739527806,0.005673562497632512,0.005621495150499478,0.40307078557668774,0.40331238009973847,0.4035537791413201,0.4037949829385913,0.404035991728328,0.404517425230387,0.4047578504143501,0.40499808153406147,0.40523811882439104,0.40547796251982965,0.4057176128544902,0.40595707006210824,0.4061963343760425,0.40643540602927636,0.4066742852544178,0.4071514673489848,0.407389770681758,0.4076278825131357,0.4078658030738618,0.4081035325943098,0.4083410713044836,0.40857841943401757,0.4088155772121783,0.4090525448678643,0.40928932262960754,0.4097623093835633,0.40999851883101174,0.410234539294991,0.4104703710022095,0.4107060141790136,0.41094146905138734,0.4111767358449542,0.4114118147849771,0.4116467060963596,0.4118814100036461,0.4123502565023194,0.41258439954100745,0.41281835607020323,0.4130521263126678,0.4132857104908074,0.41351910882667436,0.4137523215419679,0.4139853488580348,0.41421819099587,0.4144508481761171,0.41491560854467147,0.41514771217251717,0.4153796317218532,0.4156113674115783,0.4158429194602442,0.4160742880860567,0.41630547350687563,0.41653647594021637,0.4167672956032496,0.4169979327128029,0.4174586601370658,0.4176887508837187,0.4179186599407797,0.41814838752336886,0.4183779338462667,0.41860729912391476,0.41883648357041686,0.419065487399539,0.4192943108247105,0.4195229540590247,0.4199797008057767,0.4202078047427263,0.42043572933784307,0.4206634748025494,0.4208910413479355,0.42111842918476017,0.42134563852345097,0.42157266957410555,0.42179952254649195,0.42202619765004895,0.42247901508679025,0.4227051578372137,0.4229311235532872,0.4231569124428147,0.4233825247132751,0.4236079605718226,0.4238332202252879,0.4240583038801782,0.42428321174267813,0.42450794401865066,0.4249568826328587,0.4251810893812157,0.4254051213632897,0.425628978783343,0.42585266184532006,0.4260761707528476
0.890909090909091,0.10108134897922649,0.08557160714200696,0.07419778780352193,0.06550015330023118,0.05863359234338339,0.053074940792721015,0.04848300463520727,0.04462577193397421,0.041339975022179676,0.038507385582180365,0.03604028582308416,0.03387222286647895,0.031951933056905135,0.03023923676670892,0.028702196337305308,0.027315105842808163,0.026057041849819718,0.024910800641275044,0.023862106787402193,0.022899015536039458,0.02201145581701036,0.02119087671721054,0.020429971088393506,0.01972245734282274,0.019062905629523175,0.018446598205264397,0.017869416401630978,0.01732774845970897,0.016818413871995008,0.016338600882239485,0.015885814548713073,0.015457833345014382,0.015052672704766068,0.014668554247707521,0.014303879680185094,0.013957208562353829,0.01362723928974996,0.013312792759803793,0.013012798291252348,0.012726281442071552,0.012452353433831553,0.012190201940659229,0.011939083041758947,0.011698314169354629,0.011467267911528078,0.011245366551392855,0.011032077242403848,0.01082690773509487,0.01062940258304157,0.010439139766529215,0.010255727681288795,0.010078802446795265,0.00990802549569747,0.00974308141034419,0.009583675977490658,0.009429534435928089,0.00928039989507079,0.009136031905371489,0.008996205163785409,0.008860708339618384,0.008729343008021195,0.008601922679633,0.008478271916494418,0.008358225525394558,0.008241627820851583,0.008128331950820411,0.008018199278989502,0.0079110988181601,0.007806906709906913,0.007705505746154251,0.007606784928750887,0.007510639063587399,0.007416968386145806,0.007325678215660436,0.007236678635386129,0.007149884196691936,0.007065213644941615,0.0069825896653207264,0.006901938646851624,0.006823190463389084,0.006746278269598838,0.006671138311521885,0.0065977097497776915,0.00652593449499006,0.006455757054099287,0.006387124386925014,0.006319985772135883,0.0062542926819170175,0.006189998664637653,0.006127059235010668,0.006065431771152485,0.006005075418011763,0.005945950996773974,0.0058880209197642586,0.005831249110489933,0.005775600928456304,0.005721043098425915,0.005667543643818607,0.0056150718239704744,0.005563598075000287,0.41371431977582845,0.41395786977207877,0.41420121750526157,0.4144443632272348,0.41468730718943886,0.41517259083821506,0.4154149310255854,0.4156570704547847,0.41589900937517627,0.41614074803571033,0.41638228668492544,0.41662362557094895,0.41686476494149804,0.4171057050438805,0.4173464461249953,0.4178273322089807,0.41806747770361463,0.4183074251605086,0.4185471748245317,0.4187867269401494,0.41902608175142425,0.4192652395020172,0.41950420043518805,0.41974296479379625,0.419981532820302,0.42045808084485486,0.42069606132583276,0.4209338464405712,0.4211714364295457,0.4214088315328372,0.42164603199013306,0.4218830380407274,0.42211984992352275,0.4223564678770297,0.4225928921393692,0.42306516054107934,0.42330100515474595,0.42353665702583804,0.4237721163905356,0.42400738348463296,0.4242424585435396,0.42447734180228064,0.42471203349549796,0.424946533857451,0.4251808431220171,0.42564888929259426,0.42588262666445825,0.42611617387064293,0.4263495311431283,0.4265826987135172,0.4268156768130364,0.42704846567253674,0.4272810655224941,0.4275134765930106,0.4277456991138147,0.42820957942333804,0.42844123766965436,0.42867270828145426,0.42890399148661074,0.4291350875126282,0.42936599658664276,0.4295967189354233,0.42982725478537215,0.43005760436252555,0.4302877678925548,0.4307475377121047,0.4309771444511488,0.43120656604211716,0.43143580270886656,0.4316648546748927,0.43189372216333155,0.43212240539695973,0.4323509045981954,0.43257921998909865,0.4328073517913726,0.4332630655150637,0.4334906478781081,0.43371804753577864,0.43394526470800376,0.4341722996143588,0.4343991524740671,0.4346258235060003,0.4348523129286799,0.4350786209602766,0.4353047478186124,0.43575645888504605,0.43598204352704717,0.4362074478635954,0.4364326721107762,0.43665771648433016,0.4368825811996534
0.9292929292929294,0.10001074940077181,0.0846663915064102,0.07341385373797182,0.06480896397109914,0.05801562254457682,0.05251624394438403,0.04797327239166793,0.044157169948493946,0.04090640990993499,0.03810402465460716,0.035663231746622226,0.03351828690955705,0.03161847312356125,0.029924039204667685,0.028403388051955192,0.027031087846616675,0.025786438265398615,0.024652419037090145,0.023614906952682535,0.02266208462814545,0.02178398838186235,0.020972158479436342,0.020219365688730728,0.01951939540223402,0.0188668756669208,0.018257139044075665,0.017686110781683362,0.017150217631895837,0.016646312999701984,0.016171615109233484,0.015723655620840882,0.01530023669468994,0.014899394924183573,0.014519370890197503,0.014158583339926034,0.013815607191105972,0.013489154716421647,0.013178059384181262,0.012881261927883414,0.012597798294049278,0.012326789179356812,0.012067430917825472,0.01181898751914312,0.011580783691854335,0.011352198712226813,0.011132661021692414,0.010921643453606134,0.01071865900554636,0.01052325708574997,0.010335020172777654,0.010153560836356768,0.009978519074416492,0.009809559928185885,0.009646371341812343,0.009488662237813195,0.009336160783389724,0.009188612825874798,0.009045780478402543,0.008907440839165615,0.008773384829790398,0.008643416140200477,0.008517350268606672,0.008395013646844252,0.008276242842320758,0.008160883828855048,0.008048791319569593,0.007939828155783313,0.007833864746395691,0.007730778553138307,0.0076304536172207005,0.007532780123607696,0.007437653999459615,0.007344976543673609,0.007254654084729695,0.007166597664363006,0.007080722744813639,0.006996948937625591,0.006915199752174139,0.006835402362253773,0.006757487389265848,0.006681388700541135,0.006607043221806719,0.006534390762324649,0.006463373852041987,0.006393937589571186,0.006326029500263397,0.006259599403590221,0.006194599289171765,0.006130983200703932,0.00606870712725438,0.006007728901437193,0.005948008103858871,0.005889505973521003,0.005832185323594419,0.005776010462325232,0.005720947118658226,0.005666962372242512,0.005614024587534905,0.005562103351749004,0.005511169416325901,0.42398514718891767,0.4242303684565991,0.42447538102174215,0.4247201851506667,0.42496478110923996,0.4254533495765422,0.4256973226147492,0.4259410885415631,0.4261846476206008,0.4264280001150319,0.42667114628757974,0.4269140864005223,0.4271568207156935,0.42739934949448344,0.42764167299784006,0.4281257052198375,0.4283674144581702,0.4286089194604545,0.42885022048544,0.42909131779143916,0.4293322116363287,0.42957290227754974,0.42981338997210994,0.4300536749765831,0.43029375754711124,0.4307733164087432,0.4310127932099773,0.4312520685975285,0.43149114282539064,0.4317300161471306,0.43196868881588923,0.4322071610843826,0.4324454332049023,0.4326835054293165,0.4329213780090713,0.43339652523827926,0.43363380038851995,0.4338708768956781,0.43410775500910087,0.43434443497771796,0.43458091705004304,0.43481720147417413,0.4350532884977949,0.4352891783681754,0.4355248713321725,0.4359956675263869,0.4362307712482621,0.4364656790470715,0.4367003911676214,0.4369349078543099,0.4371692293511284,0.43740335590166246,0.4376372877490923,0.437871025136194,0.4381045683053402,0.4385710729572438,0.4388040349227367,0.43903680363574643,0.43926937933664084,0.4395017622653893,0.4397339526615634,0.4399659507643383,0.4401977568124926,0.44042937104441027,0.4406607936980806,0.44112306522066974,0.441353914563603,0.44158457327631917,0.441815041594848,0.4420453197548298,0.44227540799151627,0.44250530653977105,0.44273501563407075,0.44296453550850573,0.4431938663967807,0.44365196214774777,0.44388072747592905,0.4441093047489306,0.44433769419854163,0.4445658960561704,0.4447939105528457,0.44502173791921645,0.4452493783855535,0.44547683218175027,0.44570409953732265,0.44615807584278017,0.4463847852498203,0.4466113091305478,0.4468376477126064,0.4470638012232668,0.44728976988942887
0.9676767676767678,0.09903410464950113,0.08384065972923727,0.07269879147963165,0.06417853134473928,0.05745200278147278,0.05200671077719188,0.04750841944494277,0.04372984837298388,0.0405110594856426,0.037736235547953245,0.035319447636252055,0.0331955980740124,0.031314468646800986,0.029636699125856647,0.028131003169365343,0.026772199081410153,0.025539790126879458,0.024416923428998927,0.023389614680269233,0.02244616272012201,0.021576701859017167,0.02077285556312869,0.02002746569874536,0.019334378777811523,0.01868827567911191,0.018084534866760538,0.017519121662397774,0.01698849795945412,0.01648954810799208,0.01601951768915777,0.01557596263761274,0.015156706727416869,0.014759805860173558,0.0143835179186943,0.014026277199827963,0.013686672634994124,0.013363429159654938,0.013055391712923803,0.012761511444140727,0.012480833779246803,0.0122124880608242,0.011955678524911195,0.011709676417628878,0.011473813087027773,0.011247473912205153,0.01103009295392321,0.010821148228306599,0.010620157520730422,0.010426674669169689,0.010240286256723685,0.010060608661768944,0.009887285421185776,0.009719984868908016,0.009558398016601632,0.009402236648045181,0.009251231602495635,0.00910513122552803,0.008963699968613348,0.00882671712097094,0.008693975659369801,0.008565281203371522,0.008440451064756771,0.008319313381466964,0.008201706327396807,0.008087477390402498,0.007976482711759991,0.007868586481048823,0.007763660381064019,0.007661583078123035,0.0075622397533595676,0.007465521671285447,0.007371325782180582,0.007279554355271167,0.007190114639939793,0.007102918552505222,0.007017882386351149,0.006934926543387787,0.006853975285056602,0.006774956501184537,0.006697801495355149,0.006622444785155057,0.006548823916527335,0.006476879290608695,0.006406554002476805,0.006337793690622706,0.006270546396433319,0.006204762432878486,0.006140394261738846,0.006077396378666999,0.006015725205595679,0.0059553389898509,0.005896197709615025,0.005838262985116027,0.005781497995307694,0.00572586739951686,0.0056713372638005355,0.005617874991646898,0.005565449258718158,0.005514029951417365,0.005463588108929551,0.4339025022387241,0.43414913619723544,0.43439555534532986,0.43464175996352505,0.43488775033185023,0.4353790894365731,0.43562443873059775,0.4358695748900087,0.43611449819240977,0.43635920891492336,0.4366037073341906,0.4368479937263732,0.43709206836715386,0.4373359315317375,0.43757958349485265,0.4380662549132134,0.43830927491554156,0.4385520848105683,0.43879468487065376,0.4390370753676879,0.4392792565730908,0.43952122875781446,0.4397629921923429,0.4400045471466939,0.44024589389041985,0.4407279638218836,0.4409686875464076,0.44120920413388065,0.4414495138515424,0.4416896169661732,0.44192951374409495,0.4421692044511716,0.44240868935281097,0.4426479687139652,0.44288704279913166,0.44336457619722414,0.4436030360368809,0.4438412916540133,0.4440793433108605,0.4443171912692126,0.44455483579041205,0.44479227713535446,0.4450295155644895,0.4452665513378217,0.44550338471491197,0.4459764453163941,0.44621267305769585,0.4464486994365769,0.44668452471039183,0.4469201491360571,0.4471555729700517,0.44739079646841784,0.4476258198867626,0.44786064348025795,0.4480952675036425,0.44856391785686983,0.4487979446940291,0.44903177297571256,0.4492654029545037,0.4494988348825578,0.44973206901160306,0.4499651055929411,0.45019794487744785,0.4504305871155748,0.4506630325573499,0.4511273340498415,0.45135919059850305,0.4515908513467043,0.45182231654236754,0.4520535864329971,0.45228466126567957,0.4525155412870848,0.4527462267434674,0.45297671788066635,0.4532070149441073,0.45366702782935214,0.4538967441399446,0.45412626735435807,0.4543555977159611,0.4545847354677133,0.4548136808521663,0.45504243411146494,0.4552709954873474,0.45549936522114676,0.45572754355379164,0.45618332697731395,0.4564109325480333,0.4566383476772835,0.45686557260398325,0.4570926075666514,0.45731945280340847
1.006060606060606,0.09814120683748895,0.08308577542527351,0.07204511707896788,0.06360225274617104,0.05693682612232276,0.05154099758022801,0.04708356735357844,0.043339319592388015,0.04014976906045531,0.037400150578713154,0.035005315780830326,0.032900758321330104,0.031036716155213084,0.029374186591611506,0.027882167485263842,0.026535705883583116,0.025314491237627523,0.02420182375678004,0.0231838461622339,0.022248963582487957,0.021387399944029273,0.02059085480187206,0.01985223504343603,0.019165443075794375,0.01852520809359448,0.017926950540101294,0.017366672385179527,0.016840867659702274,0.01634644901364779,0.01588068704670187,0.015441159892860101,0.015025711092496175,0.014632414204913125,0.014259542935846303,0.01390554580255332,0.013569024552183784,0.013248715700491798,0.012943474676790245,0.012652262155829708,0.012374132232579105,0.012108222156376414,0.0118537433897149,0.01160997379647466,0.011376250796556464,0.01115196535011187,0.010936556656781282,0.010729507472325372,0.010530339960536761,0.010338612010362569,0.01015391395847931,0.00997586566622699,0.009804113906824341,0.009638330025337094,0.009478207838632291,0.009323461747064665,0.009173825033440886,0.00902904832792728,0.00888889822035932,0.008753156003601825,0.008621616533810994,0.008494087195155764,0.00837038695788661,0.0082503455201407,0.008133802524908251,0.008020606844601041,0.007910615926512654,0.007803695193174476,0.007699717492339109,0.007598562591891622,0.007500116715409955,0.00740427211463357,0.0073109266754721736,0.007219983554504261,0.007131350843268991,0.007044941257885462,0.006960671851809819,0.006878463749740105,0.00679824190086864,0.006719934849871323,0.0066434745241313875,0.006568796035958391,0.006495837498435519,0.006424539853989386,0.006354846714520579,0.006286704212233318,0.006220060860454901,0.006154867423457833,0.006091076794813799,0.006028643883516205,0.005967525507338034,0.005907680292905559,0.005849068581953887,0.005791652343387632,0.005735395090658457,0.0056802618041771336,0.005626218858300502,0.005573233952676171,0.005521276047586454,0.005470315303046758,0.005420323021397611,0.443484318563201,0.4437321297910847,0.4439797204211545,0.44422709074783856,0.4444742410650416,0.44496788284401034,0.4452143748909769,0.4454606480988663,0.4457067027589818,0.44595253916210975,0.44619815759852105,0.4464435583579721,0.44668874172970585,0.446933708002453,0.4471784574644332,0.447667307106423,0.44791140786032646,0.44815529295125345,0.44839896266488494,0.44864241728639775,0.44888565710046524,0.44912868239125897,0.4493714934424492,0.44961409053720636,0.44985647395820216,0.4503406009071086,0.450582344997878,0.4508238765406064,0.4510651958154875,0.45130630310222286,0.45154719868002313,0.4517878828276086,0.4520283558232106,0.45226861794457235,0.4525086694689503,0.4529881418333526,0.453227563225465,0.45346677512477157,0.4537057778061103,0.4539445715438385,0.45418315661183384,0.45442153328349594,0.4546597018317467,0.4548976625290317,0.4551354156473213,0.4556103002324249,0.4558474322408123,0.45608435775335293,0.45632107703965585,0.45655759036886134,0.45679389800964115,0.4570300002302001,0.45726589729827677,0.4575015894811451,0.4577370770456143,0.45820743938427966,0.45844231468978347,0.458676986439506,0.4589114548979512,0.4591457203291656,0.4593797829967379,0.4596136431638013,0.45984730109303373,0.46008075704665874,0.4603140112864472,0.46077991566933685,0.4610125663337224,0.461245016326842,0.46147726590821514,0.46170931533691395,0.4619411648715646,0.46217281477034744,0.46240426529099854,0.4626355166908106,0.4628665692266337,0.46332807873150655,0.4635585362120525,0.46378879585160376,0.4640188579048119,0.46424872262589206,0.46447839026862314,0.4647078610863491,0.46493713533197994,0.4651662132579924,0.4653950951164313,0.4658522716366113,0.4660805668002892,0.4663086669002686,0.466536572186447,0.4667642829082954,0.4669917993148588
1.0444444444444445,0.09732326862681073,0.0823943041066848,0.07144638813867554,0.06307444443571286,0.05646500776786312,0.051114504410902595,0.046694516708871814,0.042981720646545596,0.03981896227858006,0.03709244046385374,0.03471772208973378,0.03263084266935001,0.030782458162663007,0.029133893504109554,0.02765440696818655,0.026319255208298697,0.025108298284765462,0.024004976685450097,0.022995549532601633,0.022068519351280846,0.021214192186406744,0.02042433731595583,0.019691921208552565,0.019010897489980305,0.018376039628428265,0.01778280653413311,0.01722723375900348,0.01670584478255921,0.016215578186946855,0.015753727497176184,0.01531789118921767,0.014905930915953491,0.014515936416988895,0.01414619589708388,0.01379517090407456,0.013461474928530559,0.01314385509754079,0.012841176452861869,0.012552408397614512,0.01227661297039817,0.01201293466568465,0.011760591567712253,0.011518867604338734,0.011287105759200333,0.011064702106452495,0.010851100554556181,0.010645788202249484,0.010448291225313211,0.010258171224629464,0.010075021976289844,0.009898466533093897,0.009728154633711905,0.009563760382312325,0.00940498016616187,0.009251530783171091,0.009103147755157526,0.00895958380564743,0.008820607483838394,0.008686001918518982,0.008555563687908774,0.00842910179307077,0.008306436723894417,0.008187399608105217,0.008071831434813825,0.007959582345083649,0.007850510982905012,0.007744483900549826,0.0076413750132123814,0.007541065098141231,0.007443441334096024,0.007348396877416397,0.007255830471323388,0.007165646085479538,0.0070777525830931776,0.006992063413143068,0.006908496325547353,0.006826973107300627,0.006747419337792326,0.006669764161713387,0.006593940078099658,0.006519882744169481,0.006447530792699996,0.0063768256621284936,0.006307711437907537,0.006240134704670219,0.0061740444081773704,0.006109391726243807,0.006046129948112378,0.00598421436153318,0.005923602147008267,0.005864252278717119,0.0058061254315462385,0.0057491838938943385,0.005693391485751098,0.005638713481735391,0.005585116538720958,0.005532568627742873,0.005481038969889829,0.005430497975910997,0.00538091718928746,0.45274733711433207,0.4529961111515669,0.45324465911260386,0.4534929813054769,0.4537410780376606,0.45423659634706925,0.45448401853645815,0.4547312164894879,0.4549781905108554,0.45522494090470567,0.45547146797463334,0.45571777202368335,0.455963853354353,0.45620971226859264,0.456455349067807,0.4569459575240585,0.4571909297811882,0.45743568112348054,0.45768021184963065,0.4579245222577956,0.45816861264559544,0.4584124833101144,0.45865613454790194,0.4588995666549742,0.45914277992681535,0.4596285511440856,0.45987110967783235,0.46011345055298536,0.4603555740623856,0.4605974804983484,0.46083917015266573,0.4610806433166067,0.4613219002809185,0.46156294133582837,0.46180376677104407,0.46228477193863515,0.4625249522478404,0.46276491809101356,0.4630046697552836,0.46324420752726736,0.4634835316930701,0.4637226425382874,0.4639615403480058,0.46420022540680406,0.46443869799875426,0.464915006915873,0.4651528438066626,0.4653904693618489,0.46562788386298765,0.4658650875911349,0.4661020808268474,0.4663388638501847,0.4665754369407096,0.46681180037748915,0.4670479544390963,0.46751963554861925,0.4677551631512186,0.4679904824880146,0.4682255938351246,0.46846049746817775,0.46869519366231654,0.4689296826921977,0.46916396483199335,0.469398040355392,0.4696319095355997,0.4700990299568595,0.47033228174192043,0.4705653282718102,0.4707981698173379,0.4710308066488367,0.4712632390361645,0.471495467248705,0.4717274915553689,0.4719593122245951,0.4721909295243511,0.47265355508497486,0.4728845638794325,0.47311537037160173,0.4733459748271106,0.4735763775111226,0.4738065786883373,0.4740365786229916,0.47426637757886025,0.4744959758192576,0.4747253736070381,0.4751835688738729,0.4754123668763463,0.4756409654730428,0.47586936492453275,0.47609756549093296,0.47632556743190735
1.082828282828283,0.09657268333126645,0.08175981020656098,0.0708970279127169,0.0625901864130528,0.05603214620145025,0.050723249477608645,0.04633763244872269,0.04265370772624355,0.039515543435192924,0.03681022338169504,0.03445397102663328,0.03238331928706695,0.03054930783431309,0.028913562349345057,0.027445580161271854,0.02612081033314262,0.02491926953751822,0.023824527032098808,0.02282294879046065,0.02190312674364847,0.021055442317866713,0.020271728793838095,0.01954500733321818,0.018869278578386606,0.018239356638751092,0.017650735735569745,0.017099482247603714,0.01658214668693725,0.016095691440293658,0.015637431077096364,0.015204982746321538,0.014796224727291807,0.01440926161236622,0.014042394915714795,0.013694098146604494,0.013362995575473935,0.013047844070074532,0.012747517495883764,0.012460993268192722,0.012187340717416673,0.011925710988646365,0.011675328244495131,0.011435481979187645,0.011205520283525394,0.010984843925988197,0.010772901137426905,0.01056918300313936,0.010373219381628607,0.010184575281065866,0.010002847634673295,0.009827662424767847,0.009658672112074274,0.00949555333339569,0.009338004835414138,0.009185745616802854,0.009038513254597036,0.008896062393846105,0.008758163382276862,0.008624601033890511,0.008495173507607645,0.008369691288656833,0.00824797626181828,0.008129860867054695,0.00801518732909079,0.0079038069535049,0.007795579482743786,0.007690372506087728,0.007588060918547357,0.007488526423881869,0.0073916570776304535,0.007297346866477872,0.007205495320592004,0.0071160071559827065,0.007028791944190815,0.006943763806906089,0.006860841133351503,0.006779946318459684,0.006701005520097336,0.006623948433742255,0.006548708083154775,0.006475220625728362,0.006403425171366606,0.006333263613739426,0.006264680473010764,0.006197622749143261,0.006132039784830456,0.006067883137509722,0.006005106459624487,0.005943665386612951,0.005883517431951035,0.00582462188885613,0.005766939738033994,0.005710433561173067,0.005655067459649166,0.0056008069781665615,0.005547619032930551,0.0054954718441143635,0.005444334872215739,0.0053941787581544,0.005344975266780794,0.461707203657805,0.46195674504072237,0.4622060551664202,0.4624551343562189,0.4627039829308436,0.4632009895145054,0.4634491481620303,0.4636970774713597,0.4639447777602644,0.46419224934592834,0.4644394925449501,0.4646865076733442,0.46493329504654224,0.4651798549793947,0.46542618778617173,0.4659181732756882,0.4661638265840797,0.4664092540177027,0.46665445588794724,0.46689943250563065,0.46714418418100034,0.4673887112237335,0.46763301394293944,0.4678770926471606,0.4681209476443739,0.46860798774686346,0.46885117346527727,0.4690941367029605,0.4693368777650813,0.4695793969562502,0.46982169458052087,0.470063770941392,0.47030562634180795,0.4705472610841604,0.47078867547028946,0.4712708443784882,0.47151159950149174,0.4717521354701424,0.47199245258354133,0.472232551140246,0.4724724314382707,0.4727120937750885,0.4729515384476319,0.4731907657522943,0.47342977598493124,0.47390714641486903,0.4741455072012027,0.4743836520935785,0.474621581385181,0.474859295368664,0.47509679433615165,0.4753340785792401,0.4755711483889984,0.4758080040559698,0.47604464587017287,0.4765172890977322,0.4767532910885129,0.4769890803813766,0.47722465726373636,0.4774600220224876,0.4776951749440093,0.477930116314165,0.47816484641830437,0.47839936554126405,0.4786336739673689,0.4791016598637611,0.4793353379001493,0.47956880637188676,0.47980206556075644,0.4800351157480365,0.4802679572145007,0.48050059024042086,0.48073301510556676,0.4809652320892079,0.48119724147011433,0.48166063853631347,0.4818920267766598,0.48212320852438084,0.4823541840557665,0.48258495364661436,0.4828155175722302,0.48304587610742933,0.4832760295265378,0.48350597810339296,0.4837357221113455,0.48419459751151417,0.4844237294480047,0.48465265790414336,0.48488138315086055,0.485109905458606,0.48533822509734964
1.1212121212121213,0.09588283227300431,0.08117669408445771,0.07039218405505665,0.062145197792828566,0.055634411691089514,0.05036376826791655,0.046009751763961715,0.042352371453165616,0.039236819037605786,0.036550991947921885,0.03421171730165262,0.032155985331263404,0.03033518849400907,0.0287112289785455,0.027253823901845387,0.02593859922920838,0.02474571562315564,0.023658860732900355,0.02266449877156229,0.021751303870391703,0.020909726761424552,0.02013165956973828,0.019410173741938652,0.018739313147603687,0.01811392926179134,0.017529548770793935,0.01698226639564293,0.01646865750220161,0.015985706363144114,0.015530746896139314,0.015101413418115328,0.014695599494730982,0.014311423373939092,0.013947198806546157,0.013601410299110772,0.013272692033034827,0.012959809831577296,0.012661645672675359,0.012377184337945435,0.0121055018618208,0.01184575550389455,0.011597175015158001,0.011359055007470586,0.011130748267066504,0.010911659878307556,0.010701242045956127,0.0104989895204608,0.010304435546130253,0.010117148263703135,0.009936727508975784,0.009762801957573508,0.009595026572785215,0.00943308031983181,0.009276664114556743,0.009125498978925117,0.008979324379462694,0.008837896727782901,0.008700988025106549,0.008568384634747295,0.008439886168849053,0.008315304477116925,0.008194462726732743,0.008077194564069523,0.007963343349823404,0.007852761460174551,0.0077453096474422445,0.007640856454287248,0.007539277676527845,0.0074404558697163115,0.007344279895472594,0.007250644503868697,0.007159449948564656,0.007070601631736673,0.006984009776146993,0.00689958912195765,0.006817258646152569,0.006736941302582067,0.00665856378095786,0.006582056283139681,0.006507352315309967,0.006434388494732657,0.0063631043699307055,0.006293442253150872,0.006225347064231612,0.00615876618495681,0.006093649322982397,0.006029948384759232,0.005967617356673061,0.00590661219381361,0.005846890715806352,0.005788412509180163,0.0057311388358362025,0.0056750325471089935,0.00562005800308607,0.005566180996784742,0.005513368682865005,0.005461589510548759,0.005410813160460659,0.005361010485143369,0.00531215345297964,0.47037855686574126,0.47062868736707975,0.47087858171584523,0.47112824024631383,0.4713776632921306,0.47187580426124587,0.4721245228486953,0.47237300727979764,0.47262125788506754,0.4728692749943975,0.47311705893706024,0.4733646100417092,0.47361192863638085,0.47385901504849537,0.4741058696048588,0.4745988844544917,0.4748450453983137,0.47509097578749193,0.4753366759457816,0.47558214619633166,0.475827386861687,0.4760723982637891,0.4763171807239779,0.4765617345629931,0.47680606010097554,0.4772940275514199,0.47753767010118175,0.4777810856245138,0.47802427443858336,0.4782672368599676,0.4785099732046541,0.47875248378804314,0.47899476892494813,0.47923682892959785,0.479478664115637,0.4799616612835531,0.4802028238898135,0.480443762926233,0.4806844787035583,0.48092497153196034,0.4811652417210361,0.4814052895798091,0.4816451154167317,0.48188471953968565,0.4821241022559837,0.48260220469502657,0.4828409250295638,0.483079425181033,0.4833177054539213,0.48355576615215523,0.4837936075791011,0.48403123003756693,0.484268633829803,0.484505819257504,0.48474278662180986,0.4852160683620286,0.4854523833374589,0.4856884814485309,0.4859243629936299,0.48616002827059385,0.4863954775767147,0.48663071120874,0.48686572946287376,0.4871005326347777,0.4873351210195729,0.4878036546056237,0.48803760039442773,0.4882713325712223,0.48850485142844224,0.48873815725798897,0.4889712503512313,0.4892041309990071,0.48943679949162455,0.48966925611886264,0.4899015011699733,0.4903653576981886,0.49059696975117,0.4908283713797799,0.49105956287065033,0.49129054450989323,0.49152131658310105,0.49175187937534864,0.49198223317119394,0.49221237825467895,0.4924423149093314,0.4929015640636843,0.49313087712787823,0.4933599828922289,0.49358888163770914,0.493817573644784,0.4940460591934123
1.1595959595959597,0.09524792883741251,0.08064006008298408,0.0699276142772316,0.06173573592187864,0.055268456032749436,0.0500330318939296,0.045708109549730036,0.042075168300327204,0.03898043431045706,0.03631255410416989,0.03398891057774556,0.03194691500792024,0.03013828465729418,0.028525176291483323,0.027077509383224507,0.025771072769348646,0.02458615968199318,0.023506566771834048,0.022518848699790928,0.02161175527770809,0.020775801046532205,0.020002932308495924,0.019286266806834873,0.018619888209775004,0.017998682394362753,0.01741820593694854,0.01687457965284489,0.016364401790381677,0.015884676772261908,0.015432756329744057,0.01500629058598113,0.014603187180469934,0.01422157693360071,0.013859784862197633,0.013516305597789713,0.013189782446573317,0.01287898947692867,0.012582816135731756,0.012300253986574305,0.012030385236092123,0.011772372773318218,0.011525451494283412,0.01128892072248644,0.011062137567079411,0.010844511085897679,0.010635497142323924,0.01043459386116452,0.010241337603887901,0.010055299395249961,0.009876081743307785,0.009703315803282209,0.009536658842443368,0.009375791969661207,0.009220418097804717,0.009070260111571304,0.008925059217026687,0.008784573452158995,0.008648576340458236,0.008516855671588774,0.008389212395593093,0.00826545961836167,0.00814542168770127,0.008028933360650248,0.007915839043722617,0.007805992098738113,0.007699254207735984,0.007595494791104662,0.007494590473979268,0.007396424596109119,0.007300886761227421,0.007207872422215766,0.0071172824988159356,0.007029023024923808,0.0069430048228485974,0.006859143202157414,0.006777357680946561,0.006697571727651064,0.006619712521630183,0.006543710730948837,0.0064695003059427325,0.006397018287271572,0.00632620462725253,0.006257002023531522,0.0061893557639221,0.006123213581732734,0.006058525520636793,0.005995243808419204,0.005933322738908342,0.005872718561510615,0.005813389377710698,0.005755295044101216,0.005698397081469686,0.005642658589417149,0.005588044166215833,0.005534519833527374,0.005482052965546269,0.005430612222385944,0.005380167487344822,0.005330689807813482,0.005282151339566221,0.47877510804402035,0.47902566509422895,0.4792759813705506,0.47952605721987757,0.47977589298843637,0.480274845664834,0.4805239632618097,0.4807728421562937,0.481021482691206,0.4812698852088103,0.4815180500507147,0.4817659775578744,0.4820136680705927,0.4822611219285222,0.48250833947066735,0.4830020669603867,0.4832485775827396,0.4834948532388683,0.48374089426455663,0.48398670099494867,0.4842322737645506,0.48447761290723224,0.484722718756228,0.48496759164413955,0.48521223190293616,0.4857008158579111,0.4859447602148819,0.48618847326432574,0.48643195533507466,0.48667520675533765,0.4869182278527023,0.4871610189541361,0.48740358038598786,0.4876459124739894,0.48788801554325667,0.4883715359229836,0.48861295388060993,0.4888541441138386,0.4890951069447293,0.4893358426947342,0.48957635168470015,0.48981663423487,0.49005669066488355,0.4902965212937795,0.4905361264399965,0.49101466155515794,0.4912535921579929,0.4914922985459331,0.4917307810344385,0.49196903993837826,0.49220707557203075,0.49244488824908605,0.49268247828264655,0.49291984598522903,0.4931569916687651,0.49363061822351156,0.49386709971567494,0.4941033604307009,0.49433940067761883,0.4945752207648814,0.49481082100036633,0.4950462016913775,0.49528136314464627,0.49551630566633303,0.49575102956202816,0.4962198226949646,0.4964538925405499,0.49668774497683404,0.4969213803065784,0.4971547988319824,0.4973880008546848,0.49762098667576515,0.497853756595745,0.4980863109145891,0.4983186499317069,0.4987826832556316,0.49901437815849164,0.49924585895173434,0.4994771259320111,0.4997081793954257,0.4999390196375353,0.5001696469533519,0.5004000616373433,0.5006302639834349,0.5008602542850106,0.5013195999254488,0.5015489558483828,0.5017781008949457,0.5020070353558327,0.5022357595212048,0.5024642736806899
1.1979797979797981,0.09466289128986993,0.08014560891967903,0.06949959309526055,0.0613585141036288,0.054931338941121566,0.04972838049867989,0.045430277607402036,0.04181986466223242,0.038744321412875204,0.03609298491018964,0.033783750376568666,0.031754417214361896,0.02995700209713359,0.028353896463751305,0.026915206321838414,0.0256168706458777,0.02443930487284407,0.023366406132731554,0.022384812462697967,0.021483343438165936,0.020652572420141846,0.019884495652203515,0.019172273554528108,0.018510026482330022,0.01789267202491851,0.01731579431172503,0.016775538212130958,0.016268523067830998,0.015791771876082827,0.015342652788928546,0.014918830499880298,0.014518225621849234,0.014138980564621928,0.013779430730138764,0.013438080083202797,0.013113580341309494,0.012804713173234394,0.012510374910753463,0.012229563369100749,0.011961366444453003,0.011704952215058184,0.011459560319634465,0.011224494424850628,0.010999115624695355,0.010782836639718907,0.010575116705787369,0.010375457058146464,0.010183396931620181,0.009998510009400441,0.00982040126278616,0.009648704132640629,0.00948307800998871,0.009323205979664628,0.009168792795343772,0.009019563058736302,0.008875259579365524,0.008735641894358492,0.008600484930389118,0.008469577791881733,0.008342722662109336,0.008219733804869178,0.008100436656229837,0.007984666997003509,0.00787227019770087,0.007763100528677791,0.007657020528951453,0.007553900427978766,0.007453617615330033,0.007356056153608681,0.007261106330606504,0.007168664247039769,0.0070786314366282355,0.006990914515574098,0.006905424858840492,0.006822078300861789,0.006740794858525301,0.006661498474604621,0.006584116779812854,0.006508580871961045,0.006434825110803621,0.006362786927285646,0.006292406645968973,0.006223627319693281,0.006156394575545399,0.006090656470845612,0.006026363359014408,0.005963467764045549,0.0059019242631865865,0.0058416893771390255,0.005782721467215146,0.005724980638965538,0.005668428651818269,0.005613028834234535,0.005558746004077464,0.005505546393756999,0.005453397579849084,0.005402268416882405,0.005352128974982495,0.005302950481163582,0.0052547052639516645,0.48690971340609396,0.4871605486750723,0.48741113881141096,0.48766148417427363,0.4879115851221233,0.4884110552031374,0.488660425049736,0.48890955190819324,0.4891584361334908,0.4894070780799191,0.4896554781010794,0.48990363654988484,0.49015155377856306,0.49039923013865655,0.4906466659810255,0.4911408175126263,0.49138753390017914,0.4916340111666533,0.4918802496595196,0.4921262497255763,0.49237201171095,0.49261753596109814,0.49286282282080973,0.4931078726342076,0.4933526857447498,0.4938416032277842,0.49408570828388276,0.4943295780043416,0.49457321272931815,0.49481661279831557,0.4950597785501826,0.49530271032311635,0.4955454084546631,0.49578787328172025,0.4960301051405379,0.496513871295227,0.4967554062603754,0.4969967095958413,0.4972377816346611,0.4974786227092328,0.4977192331513178,0.4979596132920423,0.4981997634618995,0.4984396839907499,0.49867937520782374,0.4991580710204187,0.499397076271261,0.499635853520972,0.4998744030956516,0.5001127253207784,0.5003508205212105,0.5005886890211875,0.5008263311443318,0.5010637472136505,0.501300937551536,0.5017746423195155,0.5020111573913367,0.502247448015182,0.5024835145103946,0.5027193571957126,0.5029549763892693,0.5031903724085959,0.5034255455706221,0.5036604961916781,0.5038952245874951,0.5043640159633559,0.5045980795718834,0.5048319222121427,0.5050655441968944,0.5052989458383097,0.5055321274479704,0.5057650893368716,0.5059978318154226,0.5062303551934482,0.5064626597801898,0.5069266138138817,0.5071582638764123,0.5073896963788228,0.5076209116274601,0.5078519099280964,0.5080826915859298,0.508313256905587,0.5085436061911233,0.5087737397460245,0.5090036578732086,0.5094628490532629,0.5096921227091398,0.5099211821433152,0.5101500276558856,0.5103786595463874,0.5106070781137982
1.2363636363636366,0.09412323832679581,0.0796895493143499,0.06910483524644173,0.061010634030032596,0.054620467598929134,0.04944746856710802,0.04517411471519739,0.041584490923581074,0.03852665691296364,0.035890586954353765,0.033594649046158054,0.03157700075415093,0.029789935049175265,0.0281960599272133,0.026765653530814837,0.02547479338185643,0.024304007688252693,0.023237286302553728,0.02226134420170167,0.02136506533909721,0.02053907735500826,0.019775422578973356,0.019067300813513155,0.01840886626863447,0.017795065797748588,0.01722150895628083,0.016684362810706177,0.01618026616766366,0.0157062591649878,0.01525972510778939,0.014838342135070959,0.014440042831569078,0.014062980301712269,0.013705499530773269,0.013366113096241916,0.013043480477495373,0.012736390356888672,0.012443745419512098,0.012164549249541023,0.01189789499338878,0.011642955517830123,0.011398974838055631,0.011165260628532514,0.010941177660375057,0.010726142034000463,0.010519616097323436,0.010321103955817312,0.010130147495756137,0.009946322853454537,0.009769237273207554,0.009598526304991806,0.009433851299550433,0.009274897165061913,0.009121370353821767,0.008972997051925002,0.008829521548496477,0.00869070476399958,0.008556322919898496,0.00842616633381843,0.00830003832699433,0.008177754231687318,0.008059140488158145,0.007944033821909335,0.007832280492981236,0.0077237356100829935,0.007618262503012674,0.007515732147796994,0.007416022639395559,0.00731901870743179,0.007224611270916448,0.007132697028365831,0.007043178080055057,0.006955961579520831,0.006870959411700905,0.006788087895350903,0.006707267507641279,0.006628422629051278,0.006551481306792839,0.006476375035241122,0.006403038551954565,0.006331409648018149,0.006261428991500839,0.006193039963092506,0.006126188502821206,0.006060822967092538,0.005996893995143693,0.005934354384315221,0.00587315897338847,0.005813264533429452,0.005754629665512989,0.005697214704940667,0.005640981631358732,0.005585893984431878,0.00553191678465581,0.005479016458935115,0.005427160770610673,0.0053763187536134405,0.005326460650498577,0.005277557854027282,0.0052295828521596865,0.49479443969340675,0.49504541781451467,0.49529614669552996,0.4955466267075393,0.49579685822089337,0.4962965772293672,0.4965460654615231,0.4967953066690993,0.4970443012187924,0.4972930494765731,0.4975415518076888,0.4977898085766648,0.49803782014730663,0.4982855868827012,0.4985331091452191,0.4990274216975351,0.49927421270850747,0.4995207606889553,0.4997670659976932,0.5000131289928292,0.5002589500317675,0.5005045294712096,0.5007498676671562,0.5009949649749091,0.5012398217490724,0.5017288151115711,0.5019729524056434,0.5022168505776038,0.502460509978595,0.5027039309590731,0.502947113868808,0.5031900590568865,0.5034327668717127,0.5036752376610102,0.5039174717718243,0.5044012313427978,0.5046427574936675,0.5048840483474782,0.5051251042479055,0.5053659255379558,0.5056065125599684,0.5058468656556168,0.5060869851659102,0.5063268714311957,0.506566524791159,0.5070451341505692,0.5072840908260979,0.5075228159484717,0.5077613098540962,0.5079995728787255,0.5082376053574642,0.5084754076247684,0.5087129800144479,0.508950322859667,0.5091874364929471,0.5096609774505656,0.5098974054367428,0.510133605534661,0.510369578073647,0.5106053233823935,0.5108408417889599,0.5110761336207752,0.5113111992046382,0.5115460388667192,0.5117806529325628,0.512249205574589,0.5124831447987398,0.5127168597225926,0.5129503506685806,0.5131836179585194,0.513416661913608,0.5136494828544312,0.5138820811009601,0.5141144569725541,0.5143466107879624,0.5148102535221751,0.5150417430754389,0.5152730118414388,0.5155040601358939,0.5157348882739216,0.5159654965700391,0.5161958853381647,0.5164260548916194,0.5166560055431283,0.5168857376048218,0.5173445472043203,0.5175736253634261,0.5178024861753212,0.518031129949184,0.5182595569936077,0.5184877676165999
1.2747474747474747,0.09362500273952357,0.07926852494161674,0.06874043238672256,0.0606895299312169,0.05433354668978119,0.04918821972151821,0.04493772535796192,0.04136730349387607,0.03832582663763251,0.035703857630392855,0.03342020115142519,0.031413345585120434,0.029635839105039086,0.028050489730704897,0.02662773459753731,0.02534377919704589,0.024179255898294172,0.02311824019722819,0.02214751813638316,0.02125603313200075,0.020434462959484256,0.019674892515739173,0.01897055797883107,0.018315644828778788,0.017705126948796557,0.017134637379031648,0.016600363688295205,0.01609896266200439,0.015627490269861433,0.015183343813075956,0.014764213849538077,0.0143680440217131,0.013992997312087807,0.013637427557522286,0.013299855290555773,0.012978947159764664,0.012673498325530663,0.012382417341113006,0.012104713119099442,0.011839483655208372,0.011585906239063637,0.011343228928108129,0.011110763098533427,0.010887876917749617,0.010673989607913215,0.010468566391299117,0.010271114024386185,0.010081176842383188,0.009898333247351454,0.009722192582962252,0.009552392347196847,0.009388595700816627,0.009230489236058848,0.009077780974077077,0.008930198564314984,0.008787487662460292,0.00864941046663592,0.008515744394175462,0.008386280883215802,0.008260824306016934,0.008139190981672817,0.008021208277916636,0.007906713792765974,0.0077955546078333215,0.007687586606134,0.007582673847832289,0.007480687998488111,0.007381507804566367,0.0072850186117525695,0.007191111922060678,0.007099684986140109,0.007010640427545511,0.006923885896103266,0.006839333747778564,0.006756900748653094,0.006676507801026466,0.006598079689656755,0.006521544846446625,0.0064468351320494666,0.0063738856329812466,0.006302634472969304,0.006233022637343821,0.006164993809610775,0.006098494218900297,0.006033472497815384,0.0059698795495902734,0.005907668424057655,0.005846794201583183,0.005787213884442588,0.005728886295214508,0.0056717719813969,0.005615833126054404,0.005561033463916676,0.005507338202667356,0.005454713948854661,0.0054031286383284804,0.005352551470747202,0.005302952847913267,0.005254304315713276,0.005206578509355908,0.5024406238459203,0.502691621266367,0.5029423655795728,0.5031928571681971,0.5034430964141279,0.5039428194016196,0.5041923039031194,0.504441537581808,0.5046905208157477,0.5049392539822416,0.5051877374578352,0.5054359716183181,0.5056839568387269,0.5059316934933455,0.5061791819557085,0.5066734157940664,0.5069201619133973,0.507166661327148,0.5074129144051314,0.5076589215164211,0.5079046830293543,0.5081501993115328,0.5083954707298255,0.5086404976503696,0.5088852804385725,0.509374115075949,0.5096181676523059,0.5098619775506928,0.5101055451328963,0.5103488707599844,0.510591954792308,0.5108347975895032,0.511077399510492,0.5113197609134852,0.5115618821559835,0.5120454055859596,0.5122868084849048,0.5125279726462942,0.5127688984241051,0.5130095861716154,0.5132500362414053,0.5134902489853591,0.513730224754667,0.5139699638998261,0.5142094667706433,0.514687765085033,0.5149265612247799,0.5151651224825361,0.5154034492046794,0.5156415417369066,0.5158794004242356,0.5161170256110069,0.5163544176408854,0.5165915768568614,0.5168285036012533,0.5173016610412057,0.5175378924180553,0.5177738926859023,0.5180096621837277,0.5182452012498495,0.5184805102219245,0.5187155894369511,0.5189504392312688,0.5191850599405615,0.5194194518998585,0.5198875509053189,0.5201212586182824,0.5203547389148532,0.5205879921268116,0.5208210185852927,0.5210538186207883,0.5212863925631478,0.5215187407415809,0.5217508634846579,0.521982761120312,0.5224458823779076,0.5226771066525427,0.522908107125146,0.5231388841204871,0.5233694379627081,0.5235997689753239,0.5238298774812249,0.5240597638026778,0.5242894282613272,0.524518871178197,0.5249770936676006,0.5252058738790935,0.5254344338267275,0.5256627738284466,0.5258908942015829,0.5261187952628581
1.3131313131313131,0.09316465961618192,0.07887955368398025,0.06840380044805305,0.06039292213008951,0.054068536845412796,0.048948789129519055,0.0447194254069887,0.04116675323562524,0.03814039644200684,0.03553146192509071,0.03325915801971002,0.03126227890971356,0.029493608670890126,0.027916140218896657,0.026500457657675613,0.02522288477024992,0.02406415020928865,0.023008408637050115,0.022042511787064734,0.021155458041309583,0.020337971518648912,0.01958217646401139,0.018881342679945012,0.018229684551522185,0.017622200947494338,0.017054546616558364,0.016522928079244492,0.01602401873998216,0.01555488920293413,0.01511294970684074,0.01469590228918971,0.014301700813825091,0.01392851739415546,0.013574714049122583,0.013238818664610186,0.012919504516121005,0.012615572752060045,0.012325937349974003,0.012049612147803646,0.01178569962374354,0.011533381155690137,0.011291908537546136,0.011060596567190273,0.010838816551386077,0.010625990597853074,0.010421586585759535,0.010225113722021839,0.010036118605485922,0.0098541817325275,0.009678914387341031,0.009509955868515996,0.009346971009862703,0.009189647960240022,0.009037696190938194,0.00889084470401258,0.00874884041829549,0.008611446712878501,0.008478442110453899,0.008349619084879412,0.008224782979894596,0.008103751026740769,0.007986351450432028,0.00787242265546828,0.00776181248285901,0.0076543775313252516,0.007549982536124378,0.007448499800170483,0.007349808672129865,0.007253795067130309,0.007160351026075151,0.007069374309965015,0.006980768026041639,0.006894440282875003,0.006810303871808809,0.0067282759724140995,0.00664827787995792,0.006570234752889426,0.006494075378703723,0.006419731956625263,0.006347139895727882,0.006276237627217518,0.006206966429737837,0.006139270266614427,0.006073095634274828,0.006008391420631698,0.005945108772944074,0.005883200974452052,0.005822623328805343,0.00576333305205734,0.0057052891715141385,0.005648452430824347,0.005592785201086636,0.005538251397382732,0.005484816400396886,0.005432446982757466,0.005381111239783132,0.005330778524324176,0.005281419385409825,0.005233005510461686,0.005185509670820987,0.5098589273425455,0.510109831286228,0.5103604784851353,0.5106108693331478,0.5108610042233415,0.5113605076985597,0.5116098770657276,0.5118589920393669,0.5121078530085577,0.5123564603615868,0.51260481448595,0.5128529157683543,0.5131007645947195,0.5133483613501807,0.5135957064190895,0.514089643030755,0.5143362353383183,0.5145825774889468,0.514828669863107,0.5150745128404945,0.5153201068000357,0.5155654521198895,0.5158105491774496,0.5160553983493466,0.516300000011449,0.5167884623059512,0.5170323236862986,0.5172759390527515,0.5175193087773999,0.5177624332315844,0.5180053127858975,0.5182479478101852,0.5184903386735491,0.5187324857443488,0.5189743893902027,0.5194574678738564,0.5196986434432072,0.5199395770507179,0.5201802690603323,0.5204207198352643,0.5206609297379999,0.5209008991302995,0.5211406283731994,0.5213801178270137,0.5216193678513358,0.5220971510462866,0.5223356849325164,0.5225739808204597,0.522812039066135,0.5230498600248505,0.5232874440512071,0.5235247914990987,0.5237619027217155,0.5239987780715446,0.5242354179003722,0.5247079923986739,0.5249439277682315,0.5251796290169579,0.5254150964931609,0.5256503305444572,0.5258853315177752,0.5261200997593556,0.5263546356147542,0.5265889394288423,0.5268230115458101,0.5272904620617428,0.5275238411456916,0.5277569899024916,0.5279899086729474,0.5282225977971912,0.5284550576146853,0.528687288464223,0.5289192906839305,0.5291510646112689,0.5293826105830352,0.5298450200037301,0.5300758841229485,0.5303065216271776,0.5305369328499197,0.5307671181240231,0.5309970777816836,0.5312268121544462,0.5314563215732068,0.531685606368213,0.5319146668690671,0.532372116303504,0.5326005058930743,0.5328286725004701,0.5330566164520859,0.53328433807368,0.5335118376903756
1.3515151515151516,0.09273906629339779,0.0785199768263356,0.0680926356109457,0.060118778198126055,0.05382361989349038,0.048727532064412826,0.044517713416885485,0.040981459059845515,0.03796908776304053,0.03537220965991705,0.033110406452624086,0.031122755178824568,0.029362258115617434,0.027792079201103048,0.02638293847994444,0.02511126915065187,0.023957888924825754,0.022907025690755978,0.021945591943803744,0.021062636907281718,0.020248927566083097,0.01949662456063206,0.018799028794885153,0.01815038139002878,0.01754570432549607,0.016980672429571797,0.016451509752400506,0.015954905070345804,0.015487942523870868,0.015048044318408338,0.014632923109597962,0.014240542215630758,0.013869082195623994,0.013516912636580614,0.013182568225895808,0.012864728368667921,0.012562199751935399,0.012273901370441265,0.011998851617823991,0.011736157118331092,0.011485003031287744,0.01124464460660779,0.011014399807032893,0.010793642843033524,0.010581798491293815,0.010378337088438494,0.010182770107867056,0.009994646242138416,0.009813547924715227,0.009639088234633775,0.009470908135908562,0.009308674009785856,0.009152075444878838,0.00900082325373508,0.008854647689459094,0.008713296839186424,0.008576535174305122,0.008444142239863117,0.008315911467671855,0.008191649100001919,0.008071173211750104,0.007954312820840026,0.007840907077695691,0.007730804525708512,0.007623862425551464,0.0075199461368978815,0.007418928552158088,0.007320689576983619,0.00722511565319528,0.007132099320122709,0.007041538810806269,0.0069533376798622815,0.006867404460170423,0.006783652345763058,0.006701998898670403,0.006622365777627315,0.006544678486727684,0.0064688661423688565,0.00639486125693689,0.006322599537859852,0.006252019700756173,0.006183063295509439,0.0061156745443881055,0.006049800190965904,0.005985389359322024,0.005922393422478245,0.005860765879513896,0.005800462240657223,0.005741439919685121,0.005683658133266434,0.005627077806489078,0.005571661484397028,0.005517373248879021,0.005464178640658179,0.005412044585983988,0.005360939327684111,0.005310832360315043,0.005261694369090519,0.005213497172359083,0.00516621366738268,0.517059385758608,0.5173100932891714,0.5175605406566769,0.5178107282658775,0.5180606565206867,0.5185597365786029,0.5188088891853606,0.5190577840450333,0.5193064215573714,0.5195548021212986,0.5198029261349147,0.5200507939954981,0.5202984060995071,0.5205457628425816,0.5207928646195465,0.5212863048503821,0.5215326440898427,0.5217787299343788,0.5220245627747683,0.5222701430009864,0.5225154710022067,0.5227605471668042,0.5230053718823569,0.5232499455356477,0.523494268512667,0.5239821639778993,0.5242257372341464,0.5244690613501947,0.5247121367080999,0.5249549636891376,0.5251975426738045,0.5254398740418202,0.5256819581721299,0.5259237954429057,0.5261653862315487,0.5266478298681995,0.526888683467173,0.5271292920859494,0.5273696560981052,0.5276097758764571,0.5278496517930651,0.5280892842192337,0.5283286735255139,0.5285678200817054,0.5288067242568583,0.5292838069365106,0.529521986175379,0.5297599245019504,0.529997622281555,0.5302350798787849,0.5304722976574956,0.5307092759808082,0.5309460152111108,0.5311825157100609,0.531418777838587,0.5318905884244461,0.5321261376000073,0.5323614498416042,0.5325965255065473,0.5328313649514294,0.5330659685321265,0.5333003366038004,0.5335344695209002,0.5337683676371641,0.5340020313056209,0.5344686567076941,0.5347016191438388,0.5349343485372363,0.5351668452373965,0.5353991095931309,0.5356311419525536,0.535862942663084,0.5360945120714482,0.5363258505236805,0.5365569583651255,0.5370184835935924,0.5372489016678693,0.5374790905058722,0.5377090504495219,0.5379387818400594,0.5381682850180478,0.538397560323374,0.5386266080952501,0.5388554286722154,0.5390840223921378,0.5395405306089799,0.5397684457782941,0.5399961354353578,0.5402235999147078,0.540450839550219,0.5406778546751068
1.38989898989899,0.09234541186628653,0.07818741633765092,0.0678048772854063,0.059865280294542966,0.053597169637502384,0.04852297747042689,0.04433124649174658,0.040810185725030146,0.037810757064919875,0.035225036355781336,0.0329729508270058,0.030993839279117585,0.02924090592036266,0.02767747295899703,0.026274386243972936,0.025008180230708832,0.023859755049029374,0.022813406353125565,0.02185610286944395,0.020976940871607064,0.02016672701419009,0.01941765561922859,0.018723056372963565,0.01807719513905559,0.017475115284318776,0.016912510219333488,0.016385620216695762,0.015891148278435963,0.015426191071915896,0.014988181876893325,0.014574843175354513,0.014184147034797534,0.013814281830224817,0.013463624152315168,0.013130714982744651,0.012814239399078997,0.012513009213924842,0.012225948065039072,0.011952078561982882,0.011690511165830086,0.011440434535291755,0.011201107118518516,0.010971849807050238,0.010752039498466703,0.010541103439334232,0.010338514240410657,0.010143785472506495,0.009956467765698696,0.00977614534602489,0.009602432953463635,0.009434973093187637,0.00927343357844046,0.009117505330161202,0.008966900402080369,0.008821350205003298,0.008680603907195938,0.008544426990838017,0.008412599947047794,0.008284917094106392,0.008161185505768942,0.008041224037633743,0.007924862441368141,0.007811940557661656,0.007702307579876777,0.007595821381243262,0.007492347899262786,0.007391760571855532,0.007293939820103068,0.007198772573218881,0.00710615183177743,0.007015976265640211,0.006928149843425713,0.006842581490669963,0.006759184774053795,0.0066778776095386405,0.006598581992217967,0.00652122374605113,0.0064457322918056725,0.0063720404316763846,0.006300084149192364,0.0062298024231671745,0.006161137054555121,0.006094032505168712,0.006028435747360672,0.005964296123780799,0.005901565216306026,0.005840196723848612,0.005780146347770687,0.0057213716848614204,0.0056638321269983916,0.005607488767223723,0.005552304311547518,0.005498242996234803,0.005445270510124001,0.005393353921630095,0.005342461610106208,0.005292563201252043,0.005243629506319958,0.005195632464827682,0.00514854509058249,0.524051454024255,0.5243018711976106,0.5245520249988652,0.5248019158432963,0.5250515441453086,0.5255500147753476,0.5257988579278413,0.5260474401868555,0.5262957619624661,0.5265438236638904,0.5267916256994886,0.5270391684767666,0.527286452402378,0.5275334778821266,0.5277802453209681,0.5282730076915274,0.5285190034289377,0.5287647427368305,0.5290102260159555,0.5292554536662281,0.5295004260867311,0.5297451436757169,0.5299896068306099,0.5302338159480087,0.5304777714236877,0.5309649230288785,0.5312081199458394,0.5314510647959833,0.5316937579709973,0.5319361998617579,0.5321783908583321,0.5324203313499803,0.5326620217251581,0.5329034623715182,0.5331446536759124,0.5336262898022214,0.5338667353938552,0.5341069331829659,0.5343468835524332,0.5345865868843483,0.5348260435600158,0.5350652539599564,0.5353042184639081,0.5355429374508288,0.5357814112988981,0.5362576250873213,0.5364953657801608,0.5367328628391241,0.536970116638529,0.5372071275519271,0.5374438959521055,0.5376804222110886,0.5379167067001406,0.5381527497897669,0.5383885518497161,0.5388594343558069,0.5390945155376798,0.5393293571613427,0.5395639595927898,0.5397983231972702,0.5400324483392895,0.5402663353826126,0.5404999846902641,0.5407333966245312,0.5409665715469658,0.5414322117988758,0.5416646778477924,0.5418969083237622,0.5421289035846862,0.5423606639877405,0.5425921898893782,0.5428234816453317,0.543054539610614,0.5432853641395211,0.5435159555856331,0.5439764406402268,0.5442063349523074,0.544435997588795,0.5446654288997193,0.544894629234405,0.5451235989414741,0.5453523383688471,0.5455808478637453,0.5458091277726921,0.546037178441515,0.5464925934386297,0.5467199584551122,0.5469470956078561,0.5471740052392352,0.5474006876909374,0.5476271433039672
1.4282828282828284,0.09198117452158339,0.07787973877172905,0.06753867682794579,0.05963079756632983,0.053387727164437404,0.048333805624207304,0.044158819891093826,0.04065182507642273,0.03766437846971038,0.035088987063122246,0.03284589796969761,0.03087469232585549,0.02912876128447628,0.027571573577791497,0.02617409152233119,0.02491294331552374,0.02376910538863497,0.022726936132407616,0.021773456331089625,0.02089780581668499,0.02009082796927497,0.019344748292746572,0.018652923119464093,0.018009641219220662,0.01740996575886833,0.016849607352117824,0.01632482128999324,0.015832323744353394,0.015369222979696007,0.014932962528151572,0.014521273968703396,0.014132137468755968,0.013763748639060158,0.013414490554110259,0.013082910022658711,0.012767697373676223,0.012467669164863748,0.01218175333232896,0.011908976388594228,0.011648452346727622,0.011399373105041022,0.011161000072485439,0.01093265685196132,0.010713722828655792,0.010503627535631499,0.010301845688937217,0.010107892801054508,0.009921321295713215,0.00974171705841842,0.009568696366754392,0.009401903152602364,0.00924100655486193,0.00908569872785503,0.008935692874315837,0.008790721476775842,0.008650534704334079,0.00851489897489055,0.008383595655370502,0.008256419884683286,0.008133179506316202,0.008013694098583102,0.00789779409239999,0.00778531996745313,0.007676121518806922,0.0075700571867535205,0.007466993443706826,0.0073668042325882865,0.0072693704516306745,0.007174579481247778,0.0070823247490056085,0.006992505329155296,0.0069050255735754185,0.006819794771299348,0.006736726833996509,0.006655740005281796,0.006576756591635036,0.006499702713133826,0.006424508072327861,0.006351105739706098,0.006279431954408943,0.006209425938908719,0.006141029726595915,0.006074188001034542,0.006008847946426865,0.005944959107701542,0.005882473260171994,0.005821344287710972,0.005761528068646271,0.005702982369174103,0.005645666743437583,0.005589542439943251,0.005534572313721009,0.005480720743968992,0.005427953556656928,0.005376237951820406,0.00532554243521377,0.005275836753954155,0.005227091835986353,0.005179279733016906,0.005132373566749671,0.5308440478125711,0.5310940889093934,0.5313438636246568,0.5315933723838197,0.5318426156114346,0.5323403071657179,0.5325887563369852,0.5328369416659076,0.5330848635725459,0.5333325224760697,0.5335799187947595,0.5338270529460097,0.5340739253463305,0.5343205364113498,0.5345668865558164,0.5350588057377033,0.5353043756002445,0.5355496861924793,0.535794737924794,0.5360395312067089,0.536284066446881,0.5365283440531061,0.5367723644323215,0.5370161279906074,0.5372596351331901,0.537745881787893,0.5379886221062138,0.538231107621238,0.5384733387339539,0.5387153158445082,0.5389570393522096,0.5391985096555303,0.5394397271521073,0.5396806922387464,0.5399214053114229,0.5404020769946525,0.5406420363930258,0.5408817453530813,0.5411212042666769,0.541360413524853,0.5415993735178357,0.5418380846350375,0.5420765472650609,0.5423147617956995,0.54255272861394,0.5430279206571559,0.5432651466520915,0.5435021264745541,0.5437388605075296,0.5439753491332098,0.5442115927329945,0.5444475916874933,0.5446833463765285,0.5449188571791361,0.5451541244735685,0.5456239300470099,0.5458584690786227,0.5460927661072716,0.5463268215073206,0.5465606356523611,0.546794208915215,0.5470275416679367,0.5472606342818144,0.5474934871273728,0.5477261005743744,0.5481906107479604,0.5484225082102782,0.54865416774551,0.5488855897196384,0.5491167744978958,0.5493477224447658,0.5495784339239862,0.54980890929855,0.5500391489307077,0.5502691531819691,0.5507284569841504,0.5509577572544035,0.5511868235824307,0.5514156563260664,0.5516442558424162,0.5518726224878575,0.5521007566180426,0.5523286585878995,0.5525563287516345,0.5527837674627334,0.5532379519373769,0.5534646984043089,0.5536912148253835,0.5539175015505131,0.5541435589289005,0.5543693873090416
1.4666666666666668,0.09164408531071033,0.07759502461669443,0.06729237098045404,0.05941386271429683,0.053193979879658126,0.04815882916825731,0.04399934971431185,0.04050538011728755,0.03752902900999455,0.034963202632982804,0.03272844431563582,0.03076455960049085,0.029025112753525595,0.027473708190017265,0.02608141607692449,0.024824951417938834,0.02368536130039378,0.022647062209833924,0.0216971231366484,0.02082472424840842,0.020020742933432478,0.019277433570344282,0.01858817716610206,0.0179472837018102,0.01734983467935247,0.01679155664269394,0.016268718790052317,0.015778049488649692,0.015316667742017454,0.014882026576040541,0.014471865993576305,0.014084173662573196,0.013717151894104052,0.013369189766693435,0.01303883948496476,0.012724796240684899,0.012425880985499682,0.012141025635770686,0.011869260318137398,0.011609702334786975,0.011361546583868343,0.011124057215996963,0.010896560344755502,0.010678437658810824,0.010469120808483723,0.010268086459270465,0.010074851921599626,0.009888971280075043,0.009710031956821186,0.009537651653198642,0.009371475622174885,0.00921117423016149,0.009056440773545393,0.00890698951899671,0.008762553941418783,0.008622885136642666,0.00848775038901095,0.008356931876398521,0.008230225497589116,0.00810743980880091,0.007988395057556663,0.007872922303723384,0.007760862618674702,0.00765206635462512,0.0075463924769406665,0.0074437079533490325,0.007343887194380394,0.0072468115400941,0.0071523687887039555,0.007060452763157143,0.006970962912155376,0.006883803942478117,0.006798885479738392,0.006716121755066973,0.006635431315481166,0.0065567367558019285,0.006479964470313515,0.006405044422492789,0.00633190993127164,0.006260497472486581,0.006190746494259103,0.006122599245154126,0.0060560006142093,0.005990897981657084,0.005927241079847656,0.005864981863198726,0.005804074386829505,0.005744474692975898,0.005686140704710851,0.005629032126432731,0.005573110350609811,0.005518338370297138,0.005464680697043867,0.00541210328381414,0.0053605734525349336,0.005310059826013069,0.005260532263812734,0.0052119618019418334,0.005164320596002803,0.0051175818676245655,0.5374455814380071,0.5376951682678334,0.5379444858969399,0.5381935347606263,0.5384423152932535,0.5389390730981005,0.5391870512343754,0.5394347627677064,0.5396822081278023,0.5399293877434493,0.5401763020425127,0.5404229514519396,0.5406693363977623,0.5409154573050992,0.5411613145981585,0.5416522400337379,0.5418973090201425,0.5421421160800438,0.5423866616331326,0.5426309460982041,0.5428749698931594,0.5431187334350083,0.5433622371398715,0.5436054814229831,0.5438484666986932,0.5443336618809003,0.5445758726116967,0.5448178259836951,0.5450595224068587,0.5453009622902809,0.5455421460421871,0.5457830740699368,0.5460237467800263,0.5462641645780908,0.5465043278689065,0.5469838925436169,0.5472232947327906,0.5474624440252781,0.5477013408215956,0.5479399855214143,0.5481783785235615,0.5484165202260247,0.5486544110259524,0.5488920513196559,0.5491294415026134,0.5496034731140435,0.54984011532932,0.5500765090074631,0.550312654539812,0.5505485523168853,0.550784202728382,0.5510196061631846,0.5512547630093606,0.5514896736541655,0.5517243384840435,0.5521929322407584,0.5524268619364513,0.5526605473549336,0.5528939888786295,0.5531271868891648,0.5533601417673703,0.5535928538932822,0.5538253236461459,0.5540575514044166,0.5542895375457625,0.5547527864844263,0.5549840500331608,0.555215073467808,0.5554458571621289,0.555676401489109,0.5559067068209608,0.5561367735291252,0.556366601984274,0.5565961925563115,0.5568255456143768,0.5572835406613321,0.5575121833846914,0.5577405900630207,0.5579687610616617,0.5581966967452031,0.5584243974774815,0.5586518636215839,0.5588790955398496,0.5591060935938719,0.5593328581445005,0.5597856881752666,0.5600117543734008,0.5602375885041383,0.5604631909246377,0.5606885619913251,0.5609137020598959
1.5050505050505052,0.09133209725295965,0.07733154215421933,0.06706445921718751,0.05921315200717736,0.05301474362661518,0.04799697693520377,0.043851858133014954,0.040369951424083506,0.037403876051628204,0.03484690800836454,0.032619864955724,0.03066276026336079,0.028929318520831915,0.027383269802249366,0.025995784157032964,0.024743656981914053,0.023608000800216966,0.022573285900237106,0.02162662591701414,0.020757238373668163,0.019956032154192838,0.019215288378648054,0.018528410905586434,0.01788972936028188,0.017294342225012138,0.0167379907970181,0.016216957154191247,0.01572798095806871,0.015268191157754574,0.014835049571431114,0.014426304003410717,0.014039949067979007,0.01367419328145103,0.013327431282730617,0.012998220273603422,0.012685259949296701,0.012387375330708994,0.012103502020325951,0.011832673491820267,0.011574010093428622,0.01132670950143877,0.011090038405505931,0.010863325244339972,0.010645953839829025,0.010437357803064984,0.01023701560489787,0.010044446220802472,0.009859205273485605,0.009680881608100322,0.009509094244536276,0.009343489659179416,0.009183739355203113,0.009029537686631284,0.00888059990540735,0.008736660405438412,0.008597471140767476,0.008462800198120402,0.008332430506363231,0.008206158667967589,0.008083793899189784,0.00796515706727896,0.007850079814551436,0.007738403760321533,0.007629979772763029,0.007524667303495547,0.00742233377893875,0.007322854042664861,0.007226109843898376,0.007131989367764713,0.007040386803368048,0.00695120194618537,0.006864339831661681,0.006779710397112448,0.0066972281695238944,0.006616811976890791,0.0065383846810679325,0.006461872930286328,0.006387206929668099,0.0063143202282331945,0.006243149521026781,0.006173634465143296,0.00610571750846034,0.006039343730225966,0.005974460692347416,0.005911018300653437,0.005848968675464028,0.005788266030525402,0.00572886655984528,0.005670728331806929,0.005613811189969176,0.005558076660138966,0.005503487863185552,0.005450009433251024,0.0053976074409191055,0.005346249321008245,0.00529590380474021,0.005246540855824877,0.0051981316103600905,0.005150648320175866,0.005104064299453426,0.5438640026035584,0.544113063873088,0.5443618533041127,0.5446103713414381,0.5448586184288996,0.5453543015247392,0.5456017384159626,0.5458489061230177,0.54609580508493,0.5463424357397709,0.5465887985246598,0.5468348938757672,0.5470807222283177,0.5473262840165914,0.5475715796739273,0.5480613743244505,0.5483058741796321,0.5485501096278695,0.5487940810978337,0.5490377890172685,0.549281233812995,0.5495244159109126,0.549767335736002,0.5500099937123283,0.5502523902630422,0.5507364007756831,0.5509780155793657,0.5512193706409514,0.5514604663790598,0.5517013032114105,0.5519418815548273,0.5521822018252389,0.5524222644376826,0.552662069806306,0.5529016183443699,0.5533799465774398,0.5536187270945531,0.5538572524253254,0.5540955229786174,0.5543335391624168,0.5545713013838404,0.5548088100491368,0.5550460655636887,0.5552830683320151,0.5555198187577733,0.5559925641919222,0.5562285600033416,0.5564643050782546,0.5566997998160459,0.5569350446152526,0.5571700398735661,0.5574047859878345,0.5576392833540651,0.5578735323674261,0.5581075334222493,0.5585747932294397,0.5588080527663072,0.5590410659136421,0.5592738330616264,0.5595063545996182,0.5597386309161548,0.5599706623989544,0.560202449434918,0.5604339924101323,0.5606652917098703,0.561127160819964,0.5613577313968231,0.5615880598312175,0.5618181465043899,0.5620479917967828,0.562277596088041,0.5625069597570135,0.5627360831817558,0.5629649667395318,0.5631936108068155,0.5636501819718692,0.5638781098186589,0.5641057996730001,0.5643332519074505,0.5645604668937907,0.5647874450030259,0.5650141866053884,0.5652406920703391,0.5654669617665699,0.5656929960620054,0.5661443599183662,0.566369690211323,0.566594786567552,0.5668196493511719,0.5670442789255463,0.5672686756532854
1.5434343434343436,0.09104335887294224,0.07708772507049966,0.06685358434299593,0.05902746816422655,0.05284894737290147,0.04784728009378203,0.043715460743071644,0.04024472551155689,0.03728816652181943,0.03473940219625393,0.03251950425682659,0.030568678543097194,0.02884079812121987,0.027299709438666442,0.025916675046562254,0.024668564794071757,0.023536551805136252,0.022505156195049558,0.021561532944481265,0.020694934171696766,0.019896297928969853,0.01915793010170519,0.018473255711397463,0.017836622575846173,0.017243144902913676,0.016688577652874126,0.01616921483150069,0.01568180655999918,0.015223490998061862,0.014791738106405994,0.014384302914248082,0.013999186468853453,0.013634603033177428,0.013288952395556941,0.012960796385607876,0.012648838869170786,0.012351908635631514,0.01206894470114539,0.011798983639024208,0.01154114861839628,0.011294639888330682,0.011058726489831638,0.010832739014854487,0.010616063260808106,0.01040813465459356,0.010208433338946055,0.010016479831282399,0.009831831178691464,0.009654077544138828,0.009482839168549084,0.009317763661261025,0.009158523578158051,0.00900481425268529,0.008856351849203858,0.008712871612660766,0.00857412629184895,0.008439884716538004,0.008309930511046448,0.008184060929492754,0.008062085799361296,0.007943826561795597,0.007829115398489295,0.007717794436177039,0.007609715020835073,0.0075047370543799286,0.0074027283880069294,0.007303564266308071,0.007207126817419862,0.007113304584773328,0.007021992096557628,0.006933089469384979,0.006846502043074576,0.0067621400435998735,0.006679918271931373,0.006599755816276365,0.006521575785786271,0.006445305063868867,0.006370874079436262,0.006298216594591954,0.006227269507395716,0.006157972668462186,0.006090268710272073,0.006024102888248395,0.005959422932473091,0.005896178909540417,0.005834323093364513,0.005773809844595079,0.005714595497835151,0.00565663825602114,0.005599898091603772,0.005544336653879545,0.005489917182105564,0.005436604423956881,0.005384364558950194,0.00533316512647497,0.005282974958152775,0.005233764114157435,0.005185503823285531,0.005138166426493784,0.005091725323683627,0.5501068242981385,0.5503552950371738,0.5506034914727375,0.5508514140588119,0.5510990632483782,0.551593543244921,0.5518403749528781,0.5520869350662939,0.5523332240331843,0.5525792423005805,0.5528249903145316,0.5530704685201069,0.5533156773613996,0.5535606172815282,0.55380528872264,0.554293827931562,0.5545376965788337,0.5547812985060169,0.5550246341504419,0.5552677039484831,0.5555105083355621,0.55575304774615,0.5559953226137698,0.5562373333710002,0.5564790804494765,0.5569617852920115,0.5572027439146511,0.5574434405757038,0.5576838757021307,0.557924049719965,0.5581639630543153,0.5584036161293681,0.5586430093683895,0.5588821431937291,0.5591210180268209,0.5595979923974395,0.5598360927732827,0.5600739358335164,0.5603115219950379,0.5605488516738437,0.5607859252850333,0.5610227432428109,0.5612593059604872,0.5614956138504834,0.5617316673243318,0.5622030126652902,0.5624383053510469,0.5626733452579536,0.5629081327931387,0.5631426683628562,0.5633769523724892,0.5636109852265508,0.5638447673286884,0.5640782990816839,0.5643115808874577,0.5647773962607228,0.5650099306277643,0.5652422166466885,0.565474254715139,0.565706045229911,0.5659375885869533,0.5661688851813711,0.5663999354074276,0.5666307396585465,0.5668612983273145,0.5673216804839712,0.5675515047528672,0.5677810850014307,0.5680104216180955,0.5682395149904713,0.568468365505346,0.5686969735486881,0.5689253395056482,0.5691534637605619,0.5693813466969517,0.569836390144197,0.5700635514180509,0.5702904728993822,0.5705171549676799,0.5707435980016324,0.5709698023791303,0.5711957684772677,0.5714214966723448,0.5716469873398697,0.5718722408545611,0.5723220379203791,0.572546582217012,0.5727708908518276,0.572994964195626,0.5732188026184297,0.5734424064894859
1.581818181818182,0.09077619144494697,0.07686215320357537,0.0666585158094819,0.05885572563578445,0.05269562004165962,0.047708860235699424,0.04358935568857092,0.04012896482788619,0.03718121764637716,0.03464004964462708,0.03242676779596443,0.030481756160489204,0.02875902528858143,0.0272225293854389,0.025843616655559898,0.024599225888488285,0.023470586322218545,0.02244226421009632,0.021501452817382916,0.020637436296215506,0.01984117970764665,0.01910501186888769,0.018422377397540268,0.01778764095699925,0.017195931316425273,0.01664301608753349,0.016125200320845967,0.0156392438227988,0.015182293281713721,0.014751826197948681,0.01434560429066889,0.0139616345637944,0.01359813660140119,0.01325351495996252,0.012926335754234852,0.012615306711835084,0.012319260111569807,0.012037138130467362,0.011767980211929374,0.011510912137064788,0.01126513653718031,0.011029924630486243,0.010804609002686427,0.010588577280400857,0.010381266571838244,0.010182158567775268,0.009990775213352565,0.009806674874520693,0.009629448934437623,0.009458718764605023,0.009294133023379003,0.00913536524135583,0.008982111658843217,0.008834089285014946,0.008691034152804367,0.008552699746865677,0.008418855584962692,0.008289285935329849,0.008163788655453863,0.008042174138754854,0.00792426435775051,0.0078098919935485345,0.0076988996427102,0.007591139093602428,0.007486470665089007,0.007384762601665207,0.007285890519238114,0.007189736896782484,0.007096190609495734,0.007005146499531101,0.006916504980861826,0.006830171675117236,0.006746057075566858,0.006664076236869598,0.006584148488176456,0.006506197167623906,0.006430149376384531,0.006355935750589681,0.006283490249652912,0.006212749959613517,0.0061436549102954485,0.006076147905141993,0.006010174362588883,0.005945682168586042,0.005882621538566446,0.005820944888633273,0.005760606715501049,0.005701563483942129,0.005643773521511464,0.005587196920005422,0.005531795443073362,0.0054775324396111325,0.005424372762428686,0.0053722826919111455,0.00532122986429151,0.005271183204164198,0.005222112861036243,0.0051739901495490015,0.005126787493194729,0.005080478371258912,0.5561811541130988,0.5564289751523062,0.5566765195876967,0.5569237878821066,0.5571707804973398,0.5576639405323488,0.557910108870598,0.5581560033666235,0.558401624477112,0.5586469726577349,0.5588920483631523,0.5591368520470145,0.5593813841619653,0.5596256451596451,0.5598696354906929,0.5603568059504624,0.5605999869754826,0.5608428991264741,0.5610855428491129,0.5613279185880905,0.5615700267871168,0.5618118678889226,0.5620534423352624,0.5622947505669172,0.5625357930236969,0.5630170823670322,0.5632573301283769,0.5634973138644301,0.5637370340101873,0.563976490999688,0.5642156852660202,0.5644546172413217,0.5646932873567833,0.5649316960426507,0.565169843728228,0.5656453578110341,0.5658827250621835,0.56611983302089,0.5663566821117858,0.5665932727585766,0.5668296053840437,0.5670656804100469,0.567301498257527,0.5675370593465079,0.5677723640960994,0.5682422062489981,0.5684767444859766,0.5687110280509134,0.5689450573583846,0.5691788328220674,0.5694123548547413,0.5696456238682923,0.5698786402737135,0.5701114044811086,0.5703439168996944,0.5708081880028821,0.5710399475015023,0.5712714568393548,0.5715027164212553,0.5717337266511472,0.571964487932103,0.5721950006663269,0.5724252652551571,0.5726552820990687,0.5728850515976746,0.5733438501531313,0.573572880004923,0.5738016641012962,0.5740302028375922,0.5742584966083053,0.574486545807084,0.5747143508267343,0.574941912059221,0.5751692298956709,0.5753963047263743,0.5758497269275346,0.5760760750744112,0.5763021817683848,0.5765280473955977,0.5767536723413698,0.5769790569901995,0.5772042017257673,0.5774291069309369,0.5776537729877581,0.5778782002774683,0.5783263400764587,0.5785500533441731,0.5787735293616493,0.5789967685060967,0.5792197711539256,0.5794425376807493
1.6202020202020204,0.09052906935046823,0.07665353592462776,0.06647813531373936,0.05869693789770247,0.05255387914470955,0.04758091909246642,0.04347281427390115,0.04002199911875215,0.037082408954382085,0.03454827279935313,0.032341115398207165,0.030401485789047555,0.028683521790815125,0.02715127735955203,0.025776179988707515,0.024535232285603947,0.023409715432743616,0.02238423839323178,0.02144602987216948,0.020584403675266927,0.019790349865437595,0.019056218487723875,0.01837547229970171,0.017742491558606632,0.01715241851287752,0.016601032485554557,0.016084648751175323,0.015600036081695356,0.015144349060284723,0.014715072166653353,0.01430997331276207,0.013927065016509532,0.013564571787647584,0.013220902596425721,0.01289462752426962,0.012584457873558774,0.012289229153173542,0.01200788646608153,0.01173947191244551,0.011483113691205138,0.011238016638828285,0.011003453988893686,0.010778760172631019,0.010563324509897054,0.010356585665213358,0.01015802676230848,0.009967171067895575,0.009783578168737206,0.009606840577448428,0.009436580712052889,0.00927244820191453,0.009114117479869233,0.008961285625645798,0.008813670430410259,0.0086710086564874,0.008533054469666235,0.008399578024540166,0.008270364185376744,0.008145211368159266,0.008023930490157483,0.00790634401574708,0.007792285088307871,0.007681596739297358,0.007574131166569353,0.007469749074935361,0.007368319072945773,0.007269717120212071,0.007173826020465679,0.007080534956001916,0.006989739059600986,0.006901339020488506,0.006815240721157134,0.006731354902305364,0.006649596853425477,0.006569886126703728,0.006492146272246702,0.006416304592806843,0.006342291916339948,0.00627004238490847,0.0061994932585697216,0.0061305847330297425,0.006063259769947149,0.005997463938854253,0.005933145269831797,0.0058702541160319255,0.0058087430253205286,0.0057485666203414,0.005689681486359399,0.005632046066291085,0.005575620562421335,0.005520366844276592,0.00546624836223486,0.0054132300664414545,0.005361278330674124,0.005310360880808496,0.005260446727522461,0.0052115061030184595,0.0051635104014170485,0.00511643212262447,0.005070244819415648,0.5620937212182218,0.5623408387135435,0.5625876774614812,0.5628342379334078,0.5630805205996336,0.5635722543909326,0.5638177064513428,0.5640628825767318,0.5643077832321443,0.5645524088815795,0.564796759987996,0.5650408370133134,0.5652846404184158,0.5655281706631541,0.5657714282063498,0.5662571270182671,0.5664995691995078,0.5667417405042503,0.5669836413862095,0.5672252722980877,0.5674666336915775,0.5677077260173641,0.5679485497251284,0.5681891052635503,0.5684293930803105,0.5689091673345923,0.5691486546625072,0.5693878760495523,0.5696268319384566,0.5698655227709666,0.5701039489878496,0.5703421110288959,0.5705800093329223,0.5708176443377736,0.5710550164803264,0.5715289739212149,0.5717655600884846,0.5720018851313283,0.5722379494818195,0.5724737535710783,0.5727092978292755,0.5729445826856336,0.5731796085684308,0.5734143759050028,0.5736488851217455,0.5741171308966446,0.5743508683029177,0.5745843492856004,0.5748175742664289,0.5750505436662149,0.5752832579048485,0.5755157174013004,0.5757479225736247,0.5759798738389612,0.5762115716135379,0.5766742083507796,0.5769051481413644,0.5771358360970337,0.5773662726294934,0.5775964581495536,0.5778263930671289,0.5780560777912425,0.5782855127300274,0.57851469829073,0.5787436348797111,0.5792007627635457,0.579428954866719,0.5796568996148159,0.5798845974098097,0.580112048652803,0.58033925374403,0.5805662130828594,0.5807929270677963,0.5810193960964847,0.5812456205657098,0.5816973374086309,0.5819228305716238,0.5821480807537521,0.5823730883475416,0.582597853744673,0.5828223773359842,0.5830466595114726,0.5832707006602975,0.583494501170782,0.5837180614304158,0.5841644627429337,0.5843873045666481,0.5846099076811773,0.5848322724698749,0.5850543993152753,0.5852762885990936
1.6585858585858588,0.09030060306169407,0.0764606977410518,0.06631142432243875,0.05855020644444875,0.05242292093540779,0.04746272962710629,0.043365172831021814,0.039923217946098544,0.03699117535190377,0.034463545656330474,0.03226205510549096,0.030327405390007778,0.028613852089152125,0.027085541457410933,0.025713974353513525,0.02447621243468845,0.023353584947147343,0.022330740372872526,0.021394940209055413,0.020535525699518442,0.01974351004110031,0.01901126292069033,0.018332263880553756,0.017700907606693184,0.01711234881973589,0.0165623776790369,0.016047318919253484,0.015563949607986238,0.015109431633367865,0.014681255932971649,0.01427719614882228,0.013895269900788487,0.013533706256230849,0.013190918269359697,0.012865479691851589,0.012556105133712747,0.01226163309251127,0.01198101137848917,0.011713284550017633,0.011457583043165465,0.011213113734745872,0.010979151723075176,0.010755033146961468,0.010540148892934198,0.01033393906549318,0.010135888114199076,0.009945520528545138,0.009762397024833502,0.009586111160703625,0.009416286322459388,0.009252573037869083,0.00909464657455239,0.008942204788898622,0.008794966195593723,0.008652668231810101,0.008515065693555535,0.008381929324612902,0.008253044540731613,0.008128210274624736,0.008007237928241984,0.007889950421037906,0.0077761813241016275,0.007665774071270115,0.007558581239266116,0.007454463889991825,0.007353290968839854,0.007254938753426754,0.007159290347965586,0.007066235218893491,0.006975668767894239,0.0068874919388742795,0.0068016108556892,0.006717936487978027,0.006636384342518342,0.006556874177864325,0.006479329740255113,0.006403678518964173,0.006329851519439655,0.006257783052749155,0.006187410539970628,0.006118674330310547,0.006051517531848516,0.005985885853831863,0.005921727459756165,0.005858992830306997,0.005797634635172799,0.0057376076135325915,0.005678868462175579,0.005621375730765155,0.0055650897238254116,0.005509972408851205,0.005455987330133305,0.00540309952788931,0.005351275462323057,0.005300482942260598,0.005250691058043655,0.005201870118398899,0.005153991590998941,0.005107028046461015,0.00506095310557253,0.5678509012122935,0.5680972662114074,0.5683433504688491,0.568589154464218,0.5688346786760214,0.569324889657523,0.5695695773788052,0.5698139872196964,0.570058119653292,0.5703019751516135,0.5705455541856119,0.5707888572251719,0.5710318847391133,0.5712746371951944,0.571517115060116,0.5720012488780093,0.5722429057591177,0.5724842899053457,0.5727254017781479,0.5729662418379373,0.5732068105440903,0.5734471083549486,0.5736871357278217,0.5739268931189911,0.5741663809837121,0.5746445499497171,0.5748832319564082,0.575121646247471,0.5753597932730737,0.5755976734823769,0.575835287323535,0.576072635243699,0.5763097176890201,0.5765465351046516,0.5767830879347523,0.5772554016100397,0.5774911633385954,0.5777266622483636,0.5779618987785713,0.5781968733674671,0.5784315864523237,0.5786660384694419,0.5789002298541518,0.5791341610408166,0.5793678324628343,0.5798343977417145,0.5800672924605745,0.5802999291387876,0.5805323082049688,0.580764430086784,0.5809962952109536,0.5812279040032544,0.5814592568885217,0.5816903542906532,0.5819211966326107,0.5823821178231874,0.5826121975130746,0.5828420238253291,0.5830715971782728,0.583300917989307,0.5835299866749152,0.5837588036506659,0.5839873693312143,0.584215684130306,0.5844437484607781,0.5848991273626899,0.5851264427552878,0.5853535093215879,0.5855803274699257,0.5858068976077442,0.5860332201415954,0.5862592954771433,0.5864851240191664,0.58671070617156,0.586936042337338,0.587385978316715,0.5876105789319598,0.5878349351638855,0.5880590474111381,0.5882829160714967,0.5885065415418765,0.5887299242183306,0.5889530644960524,0.5891759627693787,0.5893986194317908,0.5898432094935381,0.5900651436755827,0.5902868378121369,0.590508292292442,0.5907295075048986,0.5909504838370687
1.696969696969697,0.09008952434921469,0.07628256578136827,0.06615745322670608,0.058414711221009274,0.052302011848725405,0.04735362829037715,0.043265825649897116,0.03983206418489438,0.03690700110120171,0.03438538815657588,0.03218913793393419,0.030259093287960726,0.028549618695736356,0.027024945763891584,0.02565664319502381,0.024421827252203543,0.023301871628092496,0.022281461349362708,0.021347888237355228,0.020490518908993782,0.01970038795396023,0.018969883222719197,0.01829249977896852,0.017662645651527975,0.017075487094520114,0.01652682428802066,0.016012990714791897,0.015530771113692499,0.015077334127997277,0.014650176667063919,0.014247077671682318,0.013866059479653692,0.013505355372883443,0.01316338218212243,0.012838717053012982,0.012530077654191563,0.012236305246923429,0.011956350144911587,0.011689259179667455,0.011434164855959272,0.011190275937324912,0.010956869246418144,0.010733282501046992,0.010518908036447061,0.010313187288659598,0.010115605933241012,0.009925689590374875,0.00974300002083961,0.009567131748593916,0.009397709055298797,0.009234383299459803,0.009076830520601042,0.008924749293275358,0.008777858801191085,0.008635897105537027,0.00849861958506648,0.008365797528370855,0.008237216861140428,0.00811267699389584,0.007991989776757857,0.007874978549980538,0.007761477280147866,0.007651329773168736,0.007544388956098547,0.007440516221036919,0.007339580824847092,0.007241459339207834,0.0071460351461821725,0.007053197974955627,0.006962843475865621,0.006874872828328882,0.006789192379390685,0.006705713310393935,0.006624351329047595,0.006545026384741415,0.006467662405083563,0.006392187051832643,0.006318531494572843,0.0062466302006582985,0.006176420740070077,0.006107843603972429,0.006040842035823668,0.005975361874117846,0.005911351405770371,0.005848761229293897,0.0057875441271099115,0.005727654946169114,0.005669050486373228,0.005611689396123554,0.005555532074486336,0.005500540579570168,0.005446678542520789,0.005393911086854386,0.005342204752696089,0.005291527425602016,0.005241848269585736,0.005193137664153413,0.005145367144995472,0.005098509348132163,0.00505253795725491,0.5734587390410509,0.5737043070877772,0.5739495925406582,0.5741945958872168,0.5744393176138549,0.574927918147394,0.575171797921524,0.5754153980101986,0.575658718894264,0.5759017610534649,0.5761445249664474,0.5763870111107626,0.576629219962869,0.5768711519981363,0.5771128076908483,0.577595291940329,0.5778361214402632,0.5780766764839788,0.5783169575403756,0.5785569650772866,0.5787966995614797,0.5790361614586614,0.5792753512334801,0.5795142693495284,0.5797529162693466,0.5802293983652093,0.580467234461099,0.5807048012004548,0.5809420990405992,0.5811791284378203,0.5814158898473739,0.5816523837234877,0.5818886105193628,0.5821245706871774,0.5823602646780898,0.5828308559287568,0.5830657540857527,0.5833003878603346,0.5835347576986024,0.5837688640456539,0.5840027073455853,0.5842362880414967,0.5844696065754925,0.5847026633886862,0.5849354589212011,0.5854002678997631,0.5856322822211373,0.5858640370124936,0.5860955327090516,0.5863267697450589,0.5865577485537932,0.5867884695675647,0.5870189332177193,0.5872491399346411,0.5874790901477552,0.5879382227754812,0.5881674060441716,0.5883963345172168,0.5886250086192862,0.5888534287741061,0.589081595404462,0.5893095089322017,0.5895371697782373,0.5897645783625486,0.5899917351041845,0.590445294730992,0.5906716984496343,0.5908978519925477,0.5911237557741689,0.5913494102080196,0.5915748157067092,0.5917999726819373,0.5920248815444962,0.5922495427042729,0.5924739565702528,0.5929220440522647,0.5931457184817772,0.5933691472444586,0.593592330744819,0.5938152693864814,0.5940379635721832,0.5942604137037789,0.5944826201822432,0.5947045834076727,0.5949263037792882,0.5953690175535988,0.5955900117503801,0.5958107646815242,0.5960312767419107,0.5962515483255574,0.5964715798256236
1.7353535353535354,0.08989467338112267,0.07611815888040052,0.06601537188374607,0.05828970227827346,0.05219048103591861,0.047253008267244545,0.043174218812978116,0.039748028351542675,0.03682941456988709,0.03431336129810769,0.032121953301639916,0.030196163876284765,0.02849045812494877,0.02696914652295701,0.025603860463276562,0.02437176666687446,0.023254279896634755,0.022236118947911,0.021304603662699706,0.0204491241036171,0.019660734628117127,0.018931839870463207,0.018255949236715252,0.017627483084918016,0.0170416183265385,0.016494164401133715,0.015981462874992913,0.015500305575460782,0.015047867387760427,0.014621650739351622,0.014219439467224926,0.013839260268672438,0.013479350319935302,0.013138129941372867,0.012814179414717075,0.012506219234833305,0.012213093216684068,0.011933753987203088,0.011667250478305524,0.011412717106253023,0.01116936437792726,0.010936470709274282,0.01071337527709293,0.010499471755219925,0.010294202810031017,0.010097055249887799,0.009907555739722906,0.009725267005392446,0.00954978446371868,0.009380733223647741,0.009217765411270618,0.009060557779335343,0.008908809565954967,0.008762240572994573,0.008620589438216752,0.008483612078817981,0.00835108028677034,0.008222780458935763,0.008098512447313855,0.00797808851612214,0.007861332394424325,0.007748078414227977,0.007638170725231541,0.007531462578185821,0.007427815670289939,0.007327099546200477,0.007229191049306971,0.007133973818404082,0.007041337825455352,0.006951178950562076,0.006863398590740033,0.006777903299278076,0.006694604453134301,0.006613417945681155,0.006534263902648885,0.006457066419238933,0.006381753316589522,0.006308255915957517,0.006236508829116194,0.006166449763643667,0.006098019341867933,0.006031160932406521,0.005965820493111895,0.005901946424932025,0.005839489435364387,0.005778402410938743,0.005718640298208011,0.005660159992378788,0.005602920233078512,0.005546881506766521,0.005492005955269219,0.0054382572899982495,0.005385600711462102,0.005334002833644713,0.005283431613004597,0.005233856281643967,0.005185247284481109,0.005137576220068829,0.005090815784871694,0.005044939720713071,0.5789229701555858,0.5791677009285802,0.5794121473908321,0.5796563100374922,0.5799001893625614,0.580387100018206,0.5806301323310681,0.580872883286919,0.5811153533740644,0.5813575430796797,0.5815994528898152,0.5818410832893977,0.5820824347622351,0.5823235077910184,0.5825643028573256,0.5830450610232789,0.5832850250805445,0.5835247130905794,0.5837641255294443,0.5840032628721056,0.5842421255924388,0.584480714163232,0.5847190290561879,0.5849570707419283,0.5851948396899965,0.585669561245915,0.5859065147874872,0.5861431974588371,0.5863796097241618,0.5866157520465983,0.5868516248882265,0.5870872287100726,0.5873225639721112,0.5875576311332694,0.587792430651429,0.5882612285850725,0.5884952279111214,0.588728961415308,0.5889624295503331,0.5891956327678702,0.589428571518569,0.5896612462520564,0.5898936574169421,0.5901258054608187,0.5903576908302668,0.590820675327151,0.5910517753427089,0.5912826144600877,0.5915131931208457,0.5917435117655456,0.5919735708337571,0.5922033707640595,0.5924329119940449,0.5926621949603204,0.5928912200985111,0.593348498628247,0.5935767528861576,0.5938047510487205,0.5940324935466925,0.594259980809865,0.5944872132670664,0.5947141913461651,0.5949409154740722,0.5951673860767438,0.5953936035791841,0.5958452809786429,0.5960707417209331,0.5962959510535407,0.5965209093967493,0.5967456171699057,0.5969700747914237,0.5971942826787857,0.5974182412485455,0.5976419509163311,0.5978654120968476,0.59831159065029,0.5985343088480319,0.5987567802081413,0.5989790051407445,0.59920098405506,0.5994227173594002,0.5996442054611749,0.5998654487668935,0.6000864476821668,0.6003072026117101,0.6007479821280058,0.6009680075197333,0.6011877905356859,0.601407331576138,0.6016266310404832,0.6018456893272359
1.7737373737373738,0.08971498743654682,0.0759665780303741,0.06588440134215268,0.05817449247274542,0.05208771383349986,0.04716031356858985,0.043089844801345145,0.03967064364215456,0.03675798363730276,0.03424706285966128,0.03206012502879685,0.030138263860128633,0.028436037351515786,0.026917828787647924,0.02555532743547473,0.024325746597257947,0.02321053895072911,0.022194454465508384,0.02126483885143915,0.020411103815496268,0.01962432196414654,0.018896913425934914,0.01822240084733706,0.01759521596833513,0.017010545538908906,0.016464207546647458,0.015952551020269934,0.015472374330949279,0.015020858126240322,0.01459550992769898,0.014194118092286212,0.013814713341791296,0.013455536447530725,0.013115010951310624,0.012791720029945997,0.012484386787332324,0.012191857395868255,0.011913086617932334,0.011647125324408814,0.011393109696130277,0.011150251849322723,0.010917831670751998,0.010695189684051587,0.0104817207987572,0.010276868816994633,0.010080121592842994,0.009891006755655574,0.009709087922166737,0.009533961333420993,0.009365252862015616,0.009202615342626341,0.009045726186371672,0.008894285243902234,0.008748012887701329,0.008606648287769691,0.0084699478583381,0.008337683856049605,0.008209643112703335,0.008085625887829018,0.007965444827897072,0.007848924020881776,0.007735898136116304,0.007626211640650915,0.007519718084045834,0.007416279445139562,0.0073157655342588335,0.007218053445611661,0.007123027054992126,0.007030576558478274,0.006940598048278512,0.006852993122277717,0.006767668524161441,0.006684535811471659,0.00660351104898016,0.006524514525205194,0.0064474704900662205,0.006372306911842429,0.006298955251809679,0.006227350255068265,0.006157429756226129,0.006089134498708626,0.00602240796662612,0.005957196228137951,0.005893447789426132,0.005831113458564685,0.005770146218217143,0.0057105011069183975,0.005652135107844014,0.005595007044848388,0.00553907748509519,0.005484308647690006,0.005430664318162526,0.0053781097681031564,0.005326611679682514,0.0052761380748360676,0.005226658248532412,0.00517814270607353,0.005130563104070229,0.005083892194786888,0.005038103773728486,0.5842490400667922,0.5844928970492531,0.5847364681328256,0.5849797538199984,0.5852227546120836,0.5857079035103764,0.5859500526133542,0.5861919188147929,0.5864335026101716,0.5866748044938129,0.5869158249588867,0.587156564497413,0.5873970236002661,0.5876372027571762,0.587877102456735,0.5883560654324844,0.5885951296801893,0.5888339164135772,0.5890724261155906,0.5893106592680523,0.5895486163516679,0.58978629784603,0.5900237042296206,0.5902608359798149,0.5904976935728843,0.5909705881872336,0.5912066261555656,0.5914423918608834,0.591677885773987,0.5919131083645909,0.5921480601013285,0.5923827414517545,0.592617152882348,0.5928512948585155,0.5930851678445945,0.5935521086985076,0.5937851774896972,0.5940179791375151,0.5942505141009978,0.5944827828381306,0.5947147858058507,0.5949465234600501,0.5951779962555791,0.5954092046462484,0.5956401490848328,0.596101247911683,0.596331403200344,0.5965612963377164,0.5967909277714384,0.5970202979481294,0.5972494073133934,0.5974782563118213,0.5977068453869943,0.5979351749814864,0.5981632455368674,0.5986186112915719,0.5988459073690396,0.5990729461636904,0.5992997281121161,0.5995262536499204,0.599752523211723,0.599978537231162,0.6002042961408963,0.6004298003726088,0.600655050357009,0.6011047893018594,0.6013292791188861,0.6015535164017589,0.6017775015763611,0.6020012350676189,0.6022247172995042,0.6024479486950369,0.6026709296762884,0.6028936606643831,0.6031161420795019,0.6035603578668326,0.6037820930747112,0.6040035803809527,0.6042248202010587,0.6044458129496026,0.6046665590402328,0.6048870588856743,0.6051073128977321,0.6053273214872936,0.6055470850643306,0.6059858788161597,0.6062049098063429,0.6064236974147891,0.6066422420469326,0.6068605441073078,0.6070786039995513
1.8121212121212122,0.08954949100218068,0.07582699800211135,0.0657638265811723,0.05806845106085534,0.051993146032564774,0.047075033846975756,0.04301223776187979,0.03959948157889914,0.036692311663878874,0.034186123648494715,0.03200330782801486,0.030085068959876393,0.028386050702750243,0.026870703480681657,0.025510769927684196,0.02428350629978937,0.023170400236945166,0.02215623045532067,0.02122836651811566,0.020376240091079523,0.019590940608507412,0.018864902486568025,0.018191660581003077,0.017565657127322942,0.016982087947788105,0.016436778912290007,0.01592608593078282,0.015446813408610982,0.014996147306862606,0.014571599844420913,0.014170963546166981,0.013792272844916686,0.01343377182702965,0.013093887004826388,0.012771204224687693,0.012464448996295951,0.012172469665836183,0.011894222964768275,0.011628761551885192,0.011375223235113308,0.011132821614626587,0.010900837933415009,0.010678613956996874,0.010465545734314685,0.010261078114742417,0.010064699916579656,0.009875939658443134,0.009694361778510019,0.009519563277812448,0.00935117073307512,0.009188837632327695,0.009032241993743972,0.00888108423276146,0.008735085248009034,0.008593984700228208,0.00845753946194816,0.008325522218255776,0.008197720201986058,0.008073934048430043,0.007953976756514103,0.007837672745148128,0.007724856994706153,0.007615374264836494,0.007509078380636414,0.007405831580630018,0.007305503920109868,0.007207972724558642,0.007113122088300949,0.007020842414069417,0.006931029989655779,0.006843586598164086,0.006758419158845563,0.006675439395763871,0.00659456353173582,0.006515712005395691,0.006438809209332597,0.006363783247508414,0.006290565710317941,0.006219091465810567,0.006149298465734865,0.006081127565195965,0.00601452235483424,0.005949429004441287,0.005885796117321429,0.0058235745942941675,0.005762717506654691,0.005703179977781914,0.0056449190719821685,0.005587893690796375,0.005532064475766152,0.00547739371731526,0.005423845269320382,0.005371384468908613,0.0053199780611752345,0.005269594128407551,0.0052202020235603275,0.005171772307643541,0.0051242766907976245,0.005077687976761447,0.005031980010542836,0.5894421224359226,0.5896850726133871,0.5899277354263444,0.5901701113843405,0.5904122009957175,0.5908955232059849,0.5911367568155717,0.5913777060999394,0.5916183715614635,0.5918587537013363,0.5920988530195712,0.5923386700150054,0.5925782051853039,0.5928174590269624,0.5930564320353112,0.5935335375275941,0.5937716709963916,0.5940095256016131,0.5942471018328126,0.594484400178398,0.5947214211256359,0.5949581651606539,0.5951946327684452,0.5954308244328699,0.5956667406366606,0.5961377485876445,0.5963728412946883,0.5966076604608059,0.5968422065631354,0.597076480077706,0.5973104814794405,0.5975442112421603,0.597777669838586,0.5980108577403427,0.5982437754179626,0.5987088019774726,0.5989409117949895,0.5991727532596297,0.599404326836507,0.5996356329896609,0.5998666721820599,0.6000974448756045,0.6003279515311302,0.6005581926084103,0.6007881685661597,0.6012473269526493,0.6014765102935521,0.6017054303392554,0.6019340875432249,0.6021624823578862,0.6023906152346267,0.6026184866237991,0.6028460969747242,0.6030734467356943,0.6033005363539755,0.6037539369464238,0.6039802488100201,0.6042063023097917,0.6044320978879187,0.6046576359855735,0.6048829170429223,0.6051079414991287,0.6053327097923564,0.6055572223597726,0.6057814796375495,0.6062292300639218,0.6064527240799169,0.6066759645410776,0.6068989518786476,0.6071216865228933,0.6073441689031067,0.6075663994476075,0.6077883785837467,0.6080101067379087,0.608231584335514,0.6086737895579372,0.6088945180288026,0.6091149976352125,0.6093352287978103,0.6095552119362918,0.609774947469408,0.6099944358149674,0.6102136773898397,0.6104326726099573,0.6106514218903184,0.6110881842871092,0.611306198228888,0.6115239678816136,0.6117414936556526,0.6119587759604525,0.612175815204545
1.8505050505050507,0.08939728705759964,0.07569865997203762,0.06565299012171188,0.057970998062249146,0.051906258836077135,0.046996699834783384,0.042940969342630586,0.03953414817904144,0.03663203394441261,0.03413020419870505,0.03195118421604892,0.03003628101042133,0.028340217123933864,0.02682750480799201,0.025469935841331726,0.024244806035274347,0.023133635225787264,0.02212122860115906,0.021194977690657923,0.020344332539649623,0.019560398078811603,0.018835621881465925,0.018163550046578658,0.017538634474763337,0.01695607934269283,0.01641171777887218,0.01590191202999769,0.015423472058104681,0.014973588717351993,0.01454977855224393,0.014149837925753528,0.013771804688042844,0.013413925978179697,0.013074631043899942,0.012752508189875167,0.012446285141163527,0.012154812245686597,0.011877048048127614,0.01161204685366568,0.011358947968522104,0.011116966359357994,0.010885384517999697,0.010663545353549853,0.010450845964143918,0.010246732163485262,0.010050693657751908,0.009862259784404359,0.009680995738025167,0.009506499219446019,0.009338397453759084,0.009176344530607117,0.009020019027140447,0.008869121878859021,0.008723374468859957,0.00858251690976719,0.00844630649610778,0.008314516307475595,0.008186933945983688,0.008063360392922991,0.007943608971764382,0.00782750440614255,0.007714881962842424,0.00760558667093969,0.007499472609249769,0.007396402255421597,0.0072962458903153005,0.007198881052381978,0.007104192037176049,0.007012069437727031,0.00692240972192848,0.006835114843443901,0.006750091883199971,0.006667252718598582,0.006586513718004228,0.006507795458286392,0.006431022463418201,0.006356122962313582,0.006283028664274104,0.006211674550573587,0.0061419986808404214,0.006073942013031242,0.006007448235860413,0.0059424636127634045,0.005878936836521853,0.005816818893278453,0.005756062936034367,0.0056966241662590456,0.005638459722995037,0.005581528579327588,0.005525791445323169,0.00547121067707268,0.005417750191394677,0.005365375385805948,0.0053140530633168925,0.005263751361832658,0.005214439687713401,0.0051660886532713945,0.00511867001795685,0.005072156632918379,0.005026522388763555,0.5945071358275142,0.5947491494111158,0.594990874281186,0.5952323109540545,0.5954734599448198,0.5959548969343073,0.5961951859571074,0.596435189345969,0.5966749076098928,0.5969143412566719,0.5971534907928936,0.5973923567239439,0.5976309395540111,0.5978692397860887,0.5981072579219794,0.5985824499064787,0.5988196247527698,0.599056519498247,0.5992931346388112,0.5995294706691933,0.5997655280829582,0.6000013073725073,0.6002368090290826,0.6004720335427699,0.6007069814025021,0.6011760491100893,0.6014101699300763,0.6016440160403798,0.6018775879242187,0.6021108860636804,0.602343910939722,0.6025766630321748,0.6028091428197481,0.6030413507800306,0.6032732873894957,0.6037363484563039,0.6039674738610414,0.6041983298097569,0.6044289167733907,0.6046592352217872,0.6048892856236964,0.6051190684467782,0.6053485841576055,0.6055778332216667,0.6058068161033692,0.6062639851719427,0.606492172282252,0.606720095057086,0.6069477539554942,0.6071751494354638,0.6074022819539227,0.6076291519667428,0.607855759928743,0.6080821062936917,0.6083081915143105,0.6087595803282277,0.6089848848217609,0.6092099299714402,0.6094347162247968,0.609659244028333,0.6098835138275248,0.6101075260668251,0.6103312811896665,0.6105547796384644,0.6107780218546194,0.6112237393495495,0.6114462155060806,0.6116684371854858,0.6118904048241374,0.6121121188574105,0.6123335797196854,0.6125547878443517,0.6127757436638097,0.6129964476094744,0.6132169001117772,0.6136570525031272,0.6138767532481477,0.6140962042617595,0.6143154059695212,0.6145343587960246,0.6147530631648985,0.6149715194988108,0.6151897282194706,0.6154076897476322,0.6156254045030969,0.6160600953703935,0.6162770723170884,0.616493804160818,0.6167102913166603,0.6169265341987565,0.6171425332203134
1.888888888888889,0.08925754938579877,0.07558086501657402,0.06555128638879115,0.057881599286244256,0.05182657440944749,0.046924879319084734,0.04287564501818675,0.03947428057473634,0.03657681457866635,0.03407899185803431,0.03190346178892811,0.0299916254017788,0.02829827776550542,0.02678798797664872,0.02543259299844236,0.024209425009998675,0.023100033448827162,0.022089247842105975,0.021164479915045553,0.02031519661149972,0.01953251710974324,0.018808901079960805,0.01813790495827472,0.017513989531509067,0.016932366657472442,0.01638887613830231,0.015879886046743286,0.015402211453691361,0.01495304771201178,0.014529915343196809,0.014130614238965333,0.01375318539137671,0.013395878746151113,0.013057126065944669,0.012735517915554828,0.012429784056833482,0.012138776678062069,0.011861455990971215,0.01159687781439045,0.011344182832033312,0.011102587266873187,0.010871374758864571,0.010649889268488977,0.010437528858465162,0.010233740229061317,0.010038013902719967,0.00984987996971598,0.009668904320016991,0.00949468529782338,0.009326850724285296,0.009165055242137954,0.009008977942416063,0.008858320238728679,0.008712803959562532,0.00857216963296592,0.00843617494142923,0.008304593327223442,0.008177212731949046,0.008053834454990638,0.007934272118180874,0.00781835072530046,0.007705905806444702,0.007596782638383259,0.0074908355331889664,0.007387927188349908,0.00728792809210721,0.007190715978704465,0.007096175328701548,0.007004196910083915,0.006914677356328891,0.006827518777909325,0.006742628404398321,0.006659918254178776,0.006579304829432031,0.006500708834127122,0.0064240549130356595,0.006349271409956558,0.006276290143521934,0.006205046199111552,0.006135477735546124,0.00606752580534331,0.0060011341874348645,0.00593624923133762,0.00587281971201703,0.005810796694195375,0.0057501334059897324,0.005690785120636699,0.005632709045916506,0.005575864220704552,0.005520211418078791,0.00546571305451482,0.005412333104715894,0.005360037021719277,0.005308791661809309,0.005258565214036115,0.005209327133859354,0.00516104808078055,0.0051136998595928684,0.005067255365043488,0.005021688529678658,0.5994487592386534,0.59968980941149,0.5999305696327125,0.6001710404251671,0.6004112223104432,0.6008907214395596,0.6011300397203315,0.6013690711677954,0.601607816297316,0.6018462756230233,0.6020844496578179,0.6023223389133733,0.6025599439001404,0.602797265127351,0.6030343031030211,0.6035075313257475,0.6037437225827909,0.6039796326082746,0.6042152619041908,0.6044506109713381,0.604685680309324,0.6049204704165697,0.6051549817903126,0.60538921492661,0.6056231703203435,0.6060902498537819,0.6063233749773985,0.6065562243262812,0.6067887983894812,0.6070210976548942,0.6072531226092633,0.6074848737381829,0.607716351526102,0.6079475564563274,0.6081784890110271,0.6086395389168484,0.6088696572266423,0.6090995050782626,0.6093290829482334,0.6095583913119603,0.6097874306437336,0.610016201416731,0.6102447041030213,0.6104729391735679,0.610700907098231,0.6111560433838565,0.6113832126790566,0.6116101166968549,0.6118367559016475,0.6120631307567477,0.6122892417243878,0.6125150892657235,0.6127406738408365,0.6129659959087379,0.6131910559273709,0.6136403916432854,0.6138646682511432,0.6140886846308911,0.6143124412351806,0.6145359385156136,0.6147591769227464,0.6149821569060917,0.6152048789141221,0.6154273433942733,0.6156495507929467,0.6160931961263136,0.6163146349486661,0.6165358184648653,0.6167567471161863,0.6169774213428885,0.6171978415842172,0.617418008278408,0.6176379218626882,0.6178575827732805,0.618076991445406,0.6185150538101487,0.6187337083682244,0.6189521124187561,0.6191702663919987,0.619388170717222,0.619605825822714,0.6198232321357838,0.6200403900827639,0.6202573000890135,0.6204739625789207,0.6209065467024247,0.621122469179969,0.6213381458290722,0.6215535770693098,0.6217687633193036,0.6219837049967236
1.9272727272727275,0.08912951577065908,0.07547296835693573,0.06545815672441513,0.0577997619319931,0.05175365194437653,0.04685917358084557,0.04281590083895914,0.039419544022779696,0.03652634370299457,0.03403219821077763,0.03185987081144759,0.02995084881498089,0.028259993848630316,0.026751927176074886,0.025398527226652257,0.024177159554402472,0.023069400762334658,0.02206010271354486,0.02113669566714993,0.02028866207481328,0.019507134189870157,0.01878458278382278,0.018114573779213328,0.017491576117748986,0.016910808706202873,0.016368117471090682,0.015859875831698456,0.015382903547290994,0.014934400099165912,0.014511889658456067,0.014113175355168761,0.013736301064636525,0.013379519308196919,0.013041264156396948,0.012720128248102869,0.012414843214275217,0.012124262932042384,0.011847349142927177,0.01158315905477969,0.011330834615382868,0.01108959320057401,0.010858719503886283,0.010637558450599327,0.010425508988571752,0.01022201863161798,0.010026578651221696,0.009838719828455633,0.00965800869139799,0.009484044174620343,0.009316454646227323,0.009154895256480056,0.008999045567967268,0.008848607433013966,0.008703303088805736,0.008562873444596497,0.008427076538855882,0.008295686146672754,0.008168490521160088,0.008045291253587217,0.007925902239574012,0.007810148739966216,0.007697866526483521,0.007588901103182666,0.007483106996183264,0.00738034710470703,0.007280492107296643,0.007183419917865863,0.007089015186748426,0.0069971688424863565,0.006907777670492554,0.006820743925158634,0.006735974972460479,0.006653382960164378,0.006572884513254773,0.006494400452342952,0.0064178555330608456,0.006343178204642808,0.006270300386057248,0.006199157258229837,0.006129687071019574,0.00606183096372781,0.005995532798067638,0.005930739002604324,0.005867398427698123,0.005805462210226264,0.0057448836471794,0.005685618077735266,0.005627622772741758,0.005570856831458082,0.005515281084801593,0.005460858004667557,0.005407551618897499,0.005355327431489809,0.005304152347630264,0.005253994603307666,0.005204823699061056,0.0051566103377027606,0.00510932636564998,0.005062944717673434,0.0050174393648125815,0.6042714465075862,0.6045115091920842,0.6047512807924398,0.6049907618377566,0.605229952855856,0.6057074669153064,0.6059457910059276,0.6061838271678803,0.6064215759226367,0.6066590377904097,0.6068962132901582,0.6071331029395899,0.6073697072551654,0.6076060267521016,0.6078420619443763,0.6083132814646747,0.6085484668144886,0.6087833699032282,0.6090179912387287,0.6092523313276071,0.609486390675267,0.6097201697859015,0.609953669162497,0.6101868893068374,0.6104198307195066,0.6108848793461925,0.6111169875554129,0.6113488190233761,0.6115803742447228,0.6118116537129153,0.6120426579202417,0.6122733873578188,0.6125038425155954,0.6127340238823569,0.6129639319457272,0.6134229301070089,0.6136520211743961,0.613880840877351,0.6141093896977455,0.614337668116312,0.6145656766126448,0.614793415665206,0.6150208857513269,0.6152480873472119,0.6154750209279422,0.6159280859386651,0.6161542183132324,0.6163800845618,0.6166056851538816,0.616831020557886,0.6170560912411219,0.6172808976698009,0.6175054403090399,0.6177297196228654,0.617953736074216,0.6184009822358274,0.6186242128665556,0.6188471824757498,0.6190698915209575,0.6192923404586578,0.6195145297442638,0.6197364598321262,0.6199581311755363,0.620179544226729,0.6204006994368859,0.6208422381335708,0.6210626225172231,0.6212827508540945,0.6215026235901459,0.6217222411703034,0.6219416040384604,0.6221607126374825,0.6223795674092079,0.6225981687944522,0.6228165172330112,0.6232524570241721,0.6234700492512906,0.623687390280763,0.6239044805473283,0.6241213204847225,0.624337910525682,0.6245542511019466,0.624770342644262,0.6249861855823827,0.6252017803450751,0.6256322270543155,0.6258470798534803,0.6260616861824562,0.6262760464651101,0.6264901611243384,0.6267040305820684
1.9656565656565659,0.0890124819640179,0.07537437425505444,0.06537308496465977,0.05772503068645429,0.05168708416805479,0.046799214237023046,0.04276140054828559,0.039369629252715144,0.03648033503523207,0.03398955679230453,0.03182016207945093,0.02991371721420011,0.028225144772319632,0.026719113787739057,0.025367540660943932,0.0241478215078903,0.023041557807423674,0.022033621875951925,0.021111460944333915,0.020264571664929343,0.019484098264060168,0.01876252167882808,0.01809341651857488,0.017471259192510247,0.01689127506219168,0.016349315662262498,0.01584175930785725,0.01536543005139035,0.01491753115456318,0.014495590130477853,0.014097413074422693,0.013721046501922851,0.01336474529278342,0.013026945630855047,0.012706242054191352,0.012401367905258365,0.012111178607621675,0.01183463730359069,0.011570802472896435,0.011318817220786315,0.011077899978728989,0.01084733640496871,0.010626472308202572,0.010414707446771976,0.010211490079404029,0.01001631216342913,0.009828705112441494,0.009648236038792946,0.009474504417618435,0.009307139117821883,0.009145795754366692,0.008990154321605437,0.008839917073561465,0.008694806621625806,0.008554564224099614,0.008418948245380808,0.008287732765297484,0.008160706322189015,0.008037670774581951,0.00791844026877575,0.007802840300995539,0.007690706864200592,0.007581885670556954,0.007476231442175796,0.007373607262994741,0.007273883985807972,0.007176939689045314,0.007082659178496042,0.0069909335297246855,0.006901659667265969,0.00681473997729698,0.006730081950701683,0.006647597853722376,0.00656720442379799,0.006488822588352039,0.0064123772045389105,0.00633779681814417,0.0062650134400230595,0.006193962338602255,0.006124581847103627,0.006056813184308063,0.005990600287753556,0.005925889658395689,0.005862630215615838,0.0058007731623865855,0.005740271858822976,0.005681081704441482,0.005623160027874996,0.005566465983680269,0.005510960455745617,0.005456605966735695,0.005403366593162318,0.0053512078856913226,0.00530009679431076,0.005250001597992271,0.005200891838572419,0.0051527382585334625,0.005105512742419993,0.005059188261657854,0.005013738822555958,0.6089794396948911,0.6092184933392603,0.609457254867383,0.609695724814368,0.6099339037140181,0.6104093905000165,0.6106466994474746,0.6108837194698258,0.6111204510944009,0.6113568948472489,0.6115930512531393,0.6118289208355681,0.6120645041167592,0.6122998016176703,0.6125348138579956,0.6130039846293739,0.613238144193534,0.6134720205633302,0.6137056142521986,0.6139389257723342,0.6141719556346957,0.6144047043490087,0.6146371724237698,0.6148693603662497,0.6151012686824976,0.6155642484544067,0.6157953209160901,0.616026115763593,0.6162566334969104,0.6164868746148371,0.6167168396149716,0.6169465289937198,0.6171759432462983,0.6174050828667379,0.6176339483478873,0.6180908588578221,0.6183189048664262,0.6185466786953848,0.6187741808316892,0.6190014117611692,0.6192283719684972,0.6194550619371912,0.6196814821496188,0.6199076330869999,0.6201335152294107,0.6205844750439264,0.6208095536704947,0.6210343654110256,0.6212589107399266,0.6214831901304809,0.621707204054852,0.6219309529840855,0.6221544373881142,0.6223776577357594,0.6226006144947358,0.6230457391120241,0.6232679079002583,0.6234898149596751,0.6237114607525016,0.6239328457398774,0.6241539703818574,0.6243748351374149,0.6245954404644453,0.6248157868197689,0.6250358746591339,0.6254752766076407,0.6256945916229478,0.6259136499346333,0.6261324519931326,0.6263509982478284,0.626569289147053,0.6267873251380917,0.6270051066671855,0.6272226341795348,0.627439908119302,0.6278736970525673,0.6280902129292277,0.6283064769996359,0.62852248970281,0.6287382514767473,0.6289537627584288,0.6291690239838214,0.6293840355878803,0.6295987980045532,0.6298133116667823,0.6302415944546685,0.6304553644412099,0.6306688873950813,0.6308821637442422,0.6310951939156638,0.6313079783353325
2.004040404040404,0.0889057963224612,0.07528453147612846,0.06529559350777558,0.05765698425556953,0.051626494239921494,0.04674466043327219,0.042711833019612455,0.03932425010938023,0.0364385236921847,0.03395082105736014,0.03178410501947415,0.029880014061823612,0.02819352643071793,0.026689354793649533,0.02533945023398243,0.02412123678301148,0.023016338641216993,0.022009646807082395,0.02108862401346634,0.020242779883639095,0.019463269580034748,0.018742583324989237,0.018074303662332092,0.0174529138220606,0.016873645061489473,0.016332354037680297,0.015825423537585537,0.015349681534930548,0.014902334744383294,0.014480913731543699,0.014083227300130674,0.013707324377155716,0.013351461996593539,0.013014078272519658,0.012693769477645334,0.012389270517661255,0.012099438228583281,0.011823237032136946,0.011559726569728035,0.011308051003764863,0.01106742972987218,0.010837149287396652,0.010616556291891954,0.010405051241927255,0.010202083076580437,0.010007144379581279,0.00981976714220778,0.009639519010439357,0.009465999953108817,0.009298839296498995,0.009137693079988574,0.00898224169225681,0.008832187754195808,0.008687254218960105,0.008547182663629749,0.008411731750271656,0.00828067583703318,0.008153803722747544,0.008030917510023383,0.007911831574112904,0.007796371626212717,0.007684373861342908,0.007575684181738485,0.007470157488513318,0.007367657034313968,0.007268053831084309,0.007171226107514972,0.007077058811380987,0.006985443152534354,0.0068962761825764884,0.006809460408059298,0.006724903433954266,0.0066425176347214565,0.006562219850518747,0.006483931106337271,0.006407576352062239,0.006333084221676777,0.00626038680997143,0.006189419465301826,0.006120120597040923,0.006052431496578969,0.005986296170716332,0.005921661186491289,0.005858475526476559,0.0057966904539054065,0.005736259386578957,0.005677137779157682,0.005619283013047038,0.005562654293343683,0.0055072125523294435,0.005452920359043989,0.0053997418344645665,0.005347642571902678,0.005296589562269638,0.0052465511238225515,0.005197496836124027,0.0051493974779006635,0.005102224968535185,0.005055952312950418,0.005010553549673724,0.6135767815216725,0.6138148069037431,0.6140525392330012,0.6142899790503162,0.6145271268952277,0.6150005488193703,0.6152368239710659,0.6154728092952951,0.615708505325007,0.6159439125918453,0.6161790316261515,0.6164138629569696,0.6166484071120494,0.6168826646178504,0.6171166359995467,0.6175837224849136,0.6178168386325367,0.6180496707439679,0.6182822193380096,0.6185144849322011,0.6187464680428229,0.6189781691849006,0.6192095888722083,0.6194407276172732,0.6196715859313783,0.6201324633056461,0.6203624833821907,0.6205922250605468,0.620821688845836,0.6210508752419576,0.6212797847515944,0.6215084178762149,0.6217367751160773,0.6219648569702334,0.622192663936532,0.6226474551909591,0.622874440468803,0.6231011528382276,0.6233275927911214,0.6235537608181906,0.6237796574089648,0.6240052830517984,0.6242306382338754,0.6244557234412123,0.6246805391586618,0.6251293640575124,0.6253533742028313,0.6255771167861057,0.6258005922864213,0.6260238011817206,0.6262467439488071,0.6264694210633472,0.6266918329998749,0.6269139802317942,0.6271358632313836,0.6275788384170733,0.6277999315421292,0.6280207623127724,0.6282413311956999,0.6284616386565028,0.628681685159669,0.6289014711685866,0.6291209971455473,0.6293402635517494,0.6295592708473016,0.6299965099414587,0.6302147426548594,0.6304327180872079,0.6306504366932105,0.630867898926503,0.6310851052396528,0.6313020560841636,0.6315187519104769,0.6317351931679763,0.63195138030499,0.6323829940056157,0.6325984214606357,0.6328135965779925,0.6330285198007841,0.6332431915710722,0.6334576123298845,0.6336717825172178,0.6338857025720415,0.6340993729322998,0.6343127940349154,0.634738890209818,0.6349515661508682,0.6351639945718079,0.6353761759044957,0.6355881105797853,0.63579979902753
2.0424242424242425,0.08880885502852809,0.07520292924561456,0.0652252398107589,0.05759523227345553,0.05157153298660844,0.046695196342598444,0.04266690997299294,0.0392831414523892,0.03640066424498378,0.033915762569804,0.03175148599552391,0.02984953872808338,0.02816494971391248,0.02666247135834232,0.025314086331007846,0.024097244086159653,0.022993589517222635,0.021988030636730604,0.021068044295432742,0.020223151929381622,0.019444518660663546,0.018724643167780552,0.01805711522057618,0.017436424260799943,0.016857806915069884,0.016317124505455416,0.015810763891408453,0.015335556617790957,0.014888712543879468,0.014467765015166001,0.014070525301917214,0.01369504452725312,0.013339581686920288,0.01300257665281368,0.012682627277354253,0.012378469889820276,0.012088962612500143,0.011813071032236167,0.011549855848321577,0.011298462185873714,0.011058110318525216,0.010828087587988366,0.010607741344571209,0.010396472760924036,0.010193731395664707,0.00999901040293627,0.009811842300071039,0.009631795218984163,0.009458469578042528,0.00929149512005345,0.009130528270859362,0.008975249778210959,0.008825362597073672,0.008680589991806764,0.008540673829776302,0.008405373044100717,0.008274462246363301,0.00814773047260553,0.00802498004770169,0.007906025555383556,0.007790692902614804,0.00767881846839491,0.007570248328058193,0.007464837545720804,0.007362449527660964,0.007262955430751616,0.007166233620520268,0.007072169174048404,0.006980653423470651,0.006891583536116741,0.006804862128159672,0.006720396908473925,0.006638100350075948,0.006557889386674898,0.0064796851321177185,0.006403412620750393,0.006329000566883236,0.006256381141758083,0.006185489766519114,0.006116264919910019,0.006048647959453146,0.005982582955031179,0.005918016533891346,0.005854897736136566,0.005793177879911848,0.005732810435558622,0.00567375090797595,0.005615956726638505,0.0055593871426744546,0.005504003132451141,0.005449767307259323,0.00539664382858196,0.005344598328581807,0.005293597835449804,0.005243610703228985,0.005194606545854352,0.005146556175076311,0.005099431542012978,0.005053205682107875,0.005007852663239221,0.6180673269413959,0.6183043069882918,0.6185409931366941,0.6187773859329961,0.6190134859222367,0.6194848096529483,0.6197200344777674,0.6199549686622299,0.6201896127446699,0.6204239672620924,0.6206580327501781,0.6208918097432871,0.6211252987744631,0.6213585003754375,0.6215914150766334,0.6220563858948636,0.6222884430662382,0.6225202154465231,0.6227517035596596,0.6229829079283045,0.6232138290738339,0.623444467516348,0.6236748237746738,0.6239048983663694,0.6241346918077287,0.6245934372983101,0.6248223903738293,0.6250510643516134,0.6252794597416893,0.6255075770528417,0.6257354167926165,0.6259629794673262,0.6261902655820519,0.6264172756406482,0.6266440101457461,0.6270966544998788,0.6273225653480932,0.6275482026411764,0.6277735668756991,0.6279986585470305,0.6282234781493431,0.6284480261756145,0.6286723031176329,0.6288963094659992,0.6291200457101312,0.6295667098374712,0.6297896386936314,0.6300122993914693,0.6302346924145404,0.6304568182452386,0.6306786773647991,0.6309002702533021,0.6311215973896763,0.6313426592517024,0.6315634563160166,0.6320042579523507,0.6322242634719506,0.6324440060890051,0.6326634862744783,0.63288270449821,0.6331016612289194,0.633320356934208,0.6335387920805629,0.6337569671333605,0.6339748825568695,0.6344099363675787,0.634627075677808,0.6348439572048132,0.6350605814073746,0.635276948743184,0.6354930596688482,0.635708914639893,0.6359245141107654,0.6361398585348377,0.6363549483644093,0.6367843660439101,0.6369986947931073,0.6372127707463471,0.6374265943506161,0.6376401660518487,0.6378534862949286,0.6380665555236927,0.6382793741809342,0.6384919427084048,0.6387042615468191,0.6391281519141657,0.639339724319365,0.6395510487880482,0.6397621257557863,0.6399729556571303,0.6401835389256149
2.080808080808081,0.08872109782324977,0.07512909363878861,0.06516161326081593,0.05753941254233974,0.05152187643278128,0.04665052893168353,0.04262636393595187,0.03924605728041375,0.03636652898257442,0.033884169386088514,0.03172210679708298,0.0298221050709101,0.028139239169059693,0.02663829756263525,0.025291291588717346,0.024075693775212015,0.022973167796275673,0.02196863710622532,0.021049591369056597,0.020205562741965166,0.019427725386288563,0.018708585655226484,0.018041739876833884,0.01742168313054726,0.016843656916053718,0.016303526789287592,0.015797683305799004,0.015322961251521439,0.014876573339685284,0.01445605543872086,0.014059221057439175,0.013684123312071028,0.013329022978772809,0.01299236152475225,0.012672738236092829,0.012368890734037352,0.01207967830821488,0.011804067602848023,0.011541120277290151,0.011289982330344728,0.011049874832429474,0.010820085853431083,0.010599963410443003,0.01038890928783931,0.0101863736064709,0.009991850038119199,0.00980487157750265,0.009625006797514435,0.009451856524458346,0.009285050879123458,0.009124246638055,0.00896912487485313,0.008819388847633336,0.008674762103167089,0.008534986772242958,0.008399822033944293,0.008269042729840526,0.008142438111230277,0.008019810704685937,0.007900975283132272,0.007785757931184967,0.007673995194801053,0.007565533306405081,0.007460227478033543,0.007357941255389244,0.007258545926871807,0.007161919982191067,0.007067948615785746,0.006976523270756485,0.006887541219474658,0.00680090517760068,0.006716522948309822,0.006634307094071756,0.006554174633500276,0.006476046761097365,0.006399848587865464,0.006325508901026455,0.00625295994121422,0.00618213719564753,0.0061129792060339305,0.006045427389927416,0.005979425874476418,0.0059149213415875534,0.005851862883558545,0.0057902018684231615,0.005729891814192589,0.005670888271378294,0.005613148713106475,0.005556632432279107,0.005501300445296731,0.005447115401810643,0.005394041500064728,0.005342044407507629,0.005291091186175101,0.005241150222600743,0.005192191161930038,0.0051441848458911865,0.005097103254423141,0.00505091945068048,0.005005607529193545,0.6224547539149484,0.6226906735372018,0.6229262985017368,0.623161629360239,0.623396666663018,0.6238658627957868,0.6241000227195522,0.6243338912751534,0.624567469006082,0.6248007564544783,0.6250337541611366,0.6252664626655084,0.6254988825057068,0.625731014218511,0.6259628583393695,0.6264256859404203,0.6266566704848971,0.6268873695660058,0.6271177837126063,0.6273479134522536,0.6275777593112003,0.627807321814402,0.6280366014855207,0.6282655988469286,0.6284943144197127,0.628950902277352,0.6291787755979883,0.6294063692015707,0.6296336836028169,0.629860719315183,0.630087476850866,0.6303139567208095,0.6305401594347056,0.6307660855010006,0.6309917354268971,0.6314422088801153,0.6316670334156622,0.6318915838272694,0.6321158606159817,0.6323398642816238,0.6325635953228042,0.6327870542369177,0.6330102415201503,0.6332331576674824,0.6334558031726927,0.6339002842258733,0.6341221207554238,0.6343436886060199,0.6345649882654848,0.6347860202204616,0.6350067849564168,0.6352272829576437,0.6354475147072661,0.6356674806872418,0.6358871813783659,0.6363257888114482,0.6365446965092157,0.6367633408297572,0.6369817222481072,0.6371998412381592,0.6374176982726678,0.6376352938232532,0.637852628360404,0.6380697023534807,0.6382865162707192,0.6387193657450219,0.6389354022329645,0.6391511805068326,0.639366701029289,0.639581964261892,0.6397969706650979,0.6400117206982653,0.6402262148196585,0.6404404534864492,0.6406544371547215,0.641081641314625,0.6412948627130116,0.6415078309263972,0.6417205464054726,0.6419330095998594,0.6421452209581134,0.6423571809277279,0.6425688899551362,0.6427803484857154,0.6429915569637892,0.6434132255344674,0.6436236865104805,0.643833899200812,0.6440438640445653,0.644253581479809,0.6444630519435801
2.1191919191919193,0.08864200418721513,0.07506258434995694,0.06510433237566104,0.05748918856261542,0.05147722359152085,0.046610385962021494,0.0425899464187085,0.039212769052641594,0.036335906357746084,0.03385584460869551,0.03169578328606981,0.02979754016509162,0.028116231802374325,0.026616679270529797,0.025270919820430393,0.02405644683729047,0.022954940971990356,0.02195133963733986,0.02103314407976631,0.02018989614774591,0.019412778173553247,0.018694303447820082,0.018028074226854818,0.017408590686147862,0.016831098730325067,0.016291467742435062,0.015786091619033993,0.015311808075734734,0.014865832405514645,0.014445702757332035,0.014049234663442434,0.013674483041678398,0.013319710277505448,0.012983359280137052,0.012664030631534984,0.012360463120733467,0.012071517092501649,0.011796160146802848,0.011533454810761401,0.011282547872877191,0.01104266112374086,0.010813083291406955,0.010593162995638061,0.010382302573708202,0.010179952654631674,0.009985607378046657,0.009798800170138788,0.009619100002373315,0.009446108069741999,0.009279454834661749,0.009118797390642586,0.008963817105784533,0.00881421751219591,0.008669722411884129,0.008530074173728197,0.00839503219910509,0.008264371537449633,0.008137881634609934,0.00801536519945556,0.007896637175904053,0.007781523809140878,0.007669861796021915,0.007561497510952697,0.007456286299672654,0.007354091833900345,0.007254785520918849,0.007158245962685994,0.007064358459718756,0.006973014555419987,0.006884111617110111,0.006797552450380606,0.006713244943651997,0.006631101740253054,0.006551039935555614,0.006472980796968453,0.006396849504796798,0.006322574912179579,0.00625008932247606,0.006179328282646224,0.0061102303913240785,0.0060427371203352065,0.005976792648606399,0.0059123437074569685,0.005849339436393208,0.005787731248539707,0.00572747270501528,0.005668519397575733,0.005610828838813475,0.005554360359417365,0.005499075011978882,0.005444935480827584,0.00539190599747541,0.0053399522612613826,0.005289041364829772,0.00523914172409945,0.005190223012440431,0.0051422560986957855,0.005095212988865172,0.005049066771166344,0.005003791564232474,0.6267425734521995,0.6269774193910509,0.6272119699951979,0.627446225821395,0.6276801874249991,0.6281472301788876,0.6283803124329318,0.6286131026719108,0.6288456014442542,0.6290778092970184,0.629309726775892,0.6295413544252001,0.6297726927879073,0.6300037424056233,0.6302345038186067,0.6306951641846787,0.6309250642115661,0.631154678181327,0.6313840066275266,0.6316130500824042,0.6318418090768771,0.6320702841405448,0.6322984758016924,0.632526384587296,0.6327540110230254,0.6332084189410372,0.6334352014681673,0.6336617037351269,0.6338879262611176,0.6341138695640594,0.6343395341605946,0.6345649205660919,0.6347900292946501,0.6350148608591017,0.6352394157710174,0.6356876976772367,0.6359114256884061,0.6361348790807789,0.6363580583596733,0.6365809640291685,0.6368035965921087,0.6370259565501063,0.6372480444035462,0.6374698606515896,0.6376914057921771,0.6381336847366699,0.6383544195303894,0.6385748851962894,0.6387950822262651,0.6390150111110146,0.6392346723400408,0.6394540664016566,0.639673193782987,0.6398920549699741,0.64011065044738,0.6405470462066174,0.6407648474521055,0.6409823849153322,0.6411996590752136,0.6414166704095067,0.6416334193948134,0.6418499065065842,0.6420661322191213,0.6422820970055824,0.6424978013379832,0.6429284305229842,0.6431433563139414,0.6433580235275593,0.6435724326301998,0.6437865840871025,0.6440004783623913,0.6442141159190744,0.6444274972190502,0.6446406227231097,0.6448534928909393,0.6452784690511548,0.6454905759574232,0.645702429355233,0.6459140296988,0.646125377441255,0.6463364730346478,0.6465473169299502,0.6467579095770591,0.6469682514248002,0.6471783429209301,0.6475977766440624,0.6478071197612653,0.6480162143072645,0.6482250607245229,0.6484336594544532,0.6486420109374219
2.1575757575757577,0.08857108991604246,0.07500299179514891,0.06505304229298026,0.05744424731800435,0.05143729448293943,0.04657451419750913,0.042557426277892274,0.03918306418363271,0.036308599593698365,0.033830605088993826,0.03167234418357978,0.029775683162724276,0.02809577600486235,0.026597473113167736,0.025252835052309353,0.024039373972132072,0.02293878579690467,0.021936020497407616,0.02101858974036641,0.020176044093142664,0.019399573239087475,0.01868169671015507,0.01801602209605857,0.01739705415697701,0.016820042760453013,0.016280860732598157,0.01577590497569137,0.015302015841015093,0.014856410942387321,0.014436630480411772,0.014040491807692956,0.013666051462835171,0.013311573279069622,0.012975501462860861,0.01265643776195402,0.012353122015931861,0.01206441551876325,0.011789286730186976,0.011526798957958162,0.011276099700969877,0.011036411397655432,0.010807023368131441,0.010587284774293826,0.010376598450777208,0.010174415483705013,0.00998023043357077,0.009793577114676322,0.009614024857011017,0.009441175187204998,0.009274658874973585,0.009114133298940175,0.008959280092105337,0.008809803033036023,0.008665426153327327,0.008525892036018057,0.00839096028243913,0.008260406129000697,0.008134019196551878,0.00801160235793763,0.007892970710890346,0.007777950645034948,0.007666378992959855,0.007558102256794652,0.007452975902547898,0.007350863715302802,0.0072516372092865655,0.007155175087434795,0.007061362745695021,0.006970091817704027,0.006881259756204461,0.0067947694476949705,0.0067105288572892885,0.006628450701065769,0.00654845214345634,0.006470454517468416,0.006394383065760123,0.006320166700785279,0.006247737782338891,0.006177031911140274,0.0061079877370450175,0.006040546780718858,0.005974653267677099,0.0059102539737247994,0.005847298080806973,0.005785737042665606,0.005725524459216369,0.0056666159593186105,0.0056089690910873236,0.005552543219215944,0.00549729942887478,0.005443200435611306,0.0053902105008653,0.0053382953526885935,0.005287422111280415,0.005237559219009702,0.005188676374646928,0.00514074447144186,0.005093735538859612,0.005047622687674669,0.005002380058224287,0.6309341389776547,0.6311678996643977,0.6314013644176737,0.6316345337990908,0.6318674083688366,0.6323322753069911,0.6325642687887144,0.632795969685405,0.6330273785502163,0.6332584959349091,0.6334893223898543,0.6337198584640387,0.6339501047050681,0.6341800616591725,0.6344097298712105,0.6348682022416869,0.635097007483022,0.6353255261480923,0.6355537587749619,0.6357817059003479,0.6360093680596266,0.6362367457868359,0.6364638396146802,0.6366906500745345,0.6369171776964486,0.6373693865400536,0.6375950688152547,0.6378204703595443,0.6380455916964072,0.6382704333480277,0.6384949958352935,0.6387192796777996,0.6389432853938523,0.6391670135004728,0.6393904645134022,0.6398365373147719,0.6400591601283259,0.6402815078984245,0.6405035811344644,0.6407253803445849,0.6409469060356722,0.6411681587133631,0.6413891388820491,0.6416098470448793,0.6418302837037655,0.6422703445111859,0.6424899696573881,0.6427093252949897,0.6429284119197698,0.6431472300262918,0.6433657801079079,0.6435840626567626,0.6438020781637955,0.6440198271187467,0.6442373100101587,0.6446714795505746,0.6448881671707127,0.6451045906695878,0.6453207505298131,0.6455366472328267,0.6457522812588956,0.6459676530871183,0.6461827631954293,0.646397612060602,0.6466122001582527,0.6470405959476863,0.6472544045849465,0.6474679543456457,0.6476812456996659,0.647894279115752,0.6481070550615168,0.6483195740034425,0.6485318364068858,0.6487438427360804,0.6489555934541404,0.6493783299037368,0.6495893165559347,0.6498000494383277,0.6500105290084833,0.6502207557228696,0.6504307300368584,0.6506404524047289,0.6508499232796708,0.6510591431137874,0.651268112358099,0.6516853008759935,0.6518935210462311,0.6521014924199798,0.6523092154428936,0.6525166905595623,0.6527239182135155
2.195959595959596,0.08850790404348396,0.07494993450898657,0.06500741251475306,0.0574042972855725,0.05140182835394913,0.04654267779402188,0.042528588246383836,0.03915674469098618,0.036284425432082434,0.03380828026181304,0.031651629979820406,0.029756384269372216,0.02807773058714802,0.026580545575977887,0.025236910657450262,0.024024354768557465,0.022924587497377025,0.021922570049229484,0.021005823412977742,0.02016390595599571,0.01938801393798073,0.01867067247441645,0.018005493926316785,0.017386987155332267,0.01681040557423108,0.01627162508927471,0.015767045291643744,0.015293508890456775,0.014848235575724344,0.01442876738340848,0.014032923294545974,0.013658761297640987,0.013304546521038518,0.012968724331665404,0.012649897520118136,0.012346806865741189,0.01205831451159467,0.011783389686507495,0.011521096396525432,0.011270582775996574,0.011031071842849016,0.010801853446796073,0.010582277234662874,0.010371746485961286,0.010169712695688227,0.009975670800772107,0.009789154962668967,0.009609734832052186,0.009437012232178299,0.009270618207620984,0.009110210392019535,0.008955470655313214,0.008806102996502085,0.00866183165254264,0.008522399397999258,0.00838756601307089,0.008257106901396583,0.008130811840350471,0.008008483849448522,0.007889938163999077,0.007775001302826046,0.0076635102199242855,0.00755531153166944,0.007450260811653897,0.007348221946363309,0.007249066545689464,0.0071526734028978245,0.007058927999309406,0.00696772204927576,0.006878953081960071,0.0067925240562422,0.006708343005848771,0.006626322711945742,0.006546380400749396,0.006468437463960308,0.006392419200029087,0.006318254574472326,0.006245875997589412,0.006175219118200959,0.006106222631998226,0.006038828103348104,0.005972979799458766,0.005908624535944207,0.005845711532729059,0.005784192279903122,0.005724020412097963,0.005665151591397799,0.0056075433976943145,0.005551155226122595,0.0054959481910055175,0.005441885035837424,0.005388930048851881,0.005337048983793391,0.005286208985526675,0.0052363785201018365,0.005187527309024942,0.005139626267397834,0.005092647445687937,0.005046563974864804,0.0050013500146948164,0.6350326550726869,0.635265320499026,0.6354976894675389,0.635729762544476,0.6359615402946467,0.6364242120667485,0.6366551072111336,0.6368857092736695,0.6371160188120282,0.6373460363824677,0.6375757625398363,0.6378051978375776,0.6380343428277346,0.6382631980609541,0.638491764086491,0.6389480307046055,0.639175732388774,0.6394031470484507,0.6396302752259978,0.6398571174624115,0.6400836742973273,0.6403099462690228,0.6405359339144239,0.640761637769107,0.6409870583673047,0.6414370519244784,0.6416616259452357,0.641885918833079,0.6421099311155822,0.6423336633190003,0.6425571159682727,0.6427802895870283,0.6430031846975884,0.6432258018209722,0.6434481414768998,0.6438919904587967,0.6441135008177488,0.6443347357752177,0.6445556958444902,0.6447763815375779,0.6449967933652218,0.645216931836896,0.6454367974608122,0.6456563907439219,0.6458757121919229,0.6463135415991338,0.6465320505634974,0.6467502897030666,0.6469682595173211,0.6471859605045082,0.6474033931616471,0.6476205579845326,0.6478374554677387,0.6480540861046226,0.6482704503873281,0.648702381852736,0.6489179500136937,0.6491332537769912,0.6493482936287617,0.6495630700539481,0.6497775835363054,0.6499918345584049,0.6502058236016379,0.650419551146219,0.65063301767119,0.6510591695726252,0.6512718559013404,0.6514842831149544,0.6516964516866975,0.6519083620886487,0.6521200147917383,0.6523314102657524,0.6525425489793356,0.652753431399995,0.6529640579941033,0.6533845455625065,0.6535944074639062,0.6538040153929711,0.6540133698104539,0.6542224711759933,0.6544313199481178,0.6546399165842479,0.6548482615407015,0.6550563552726952,0.6552641982343489,0.6556791336576485,0.6558862270220779,0.6560930714217403,0.6562996673053192,0.6565060151204202,0.6567121153135749
2.2343434343434345,0.08845202607163494,0.07490305680141651,0.06496713487673489,0.05736906664438368,0.0513705820757423,0.04651465684974854,0.04250323160992553,0.03913362597802217,0.0362632130060383,0.03378871109637149,0.031633491952879345,0.029739503822442392,0.028061963910660404,0.026565772176961766,0.025223028576440876,0.024011276963167738,0.022912239066878004,0.021910886075889424,0.020994747262686797,0.020153387925698985,0.01937801016832008,0.018661144067498858,0.01799640622397969,0.017378309143915138,0.016802109390292252,0.016263685606330625,0.015759439772490724,0.015286216692996346,0.014841237902681437,0.014422047068331167,0.014026464617929446,0.013652549828280125,0.01329856897848658,0.012962968466583069,0.012644352009761772,0.012341461222356132,0.012053159001850111,0.01177841526040635,0.01151629462449133,0.01126594579304352,0.011026592298847504,0.010797524462142993,0.010578092360592262,0.010367699668949015,0.010165798245466373,0.00997188336150645,0.009785489486937471,0.009606186557340024,0.009433576659480192,0.009267291082119766,0.009106987685449819,0.008952348549900346,0.008803077870303988,0.008658900066054298,0.008519558081861556,0.008384811856830487,0.008254436943162635,0.008128223257291012,0.008005973949029688,0.007887504375913346,0.007772641171552741,0.007661221397797902,0.007553091772531384,0.007448107964926565,0.007346133951564582,0.007247041427337786,0.007150709265773103,0.007057023024036213,0.006965874488214063,0.006877161255370079,0.006790786348703559,0.006706657862914467,0.006624688637005716,0.006544795952105553,0.0064669012520703895,0.006390929884941721,0.0063168108633888664,0.006244476642605412,0.006173862914162109,0.006104908414491517,0.006037554746805118,0.005971746215373552,0.00590742967118385,0.005844554367957611,0.0057830718280630355,0.005722935717010991,0.005664101726406634,0.005606527464410593,0.00555017235321531,0.005494997533070034,0.005440965772311901,0.005388041382997311,0.005336190141719488,0.005285379215277608,0.00523557709077227,0.005186753509936026,0.005138879407297847,0.005091926852006101,0.005045868992991864,0.00500068000729581,0.6390411856422238,0.6392727472407137,0.6395040119277826,0.6397349802741205,0.6399656528489553,0.6404261129537497,0.6406559016148996,0.6408853967669369,0.6411145989718516,0.6413435087901996,0.641572126781108,0.6418004535022789,0.6420284895099945,0.6422562353591209,0.6424836916031134,0.6429377374824888,0.6431643282177666,0.6433906315477091,0.6436166480187829,0.6438423781760695,0.644067822563271,0.6442929817227131,0.6445178561953504,0.6447424465207704,0.6449667532371977,0.645414517989185,0.6456379770944193,0.6458611547300178,0.6460840514274555,0.6463066677168705,0.6465290041270672,0.6467510611855218,0.6469728394183859,0.64719433935049,0.6474155615053487,0.6478571745708311,0.6480775665219392,0.6482976827767785,0.6485175238523436,0.6487370902643368,0.6489563825271727,0.6491754011539825,0.6493941466566169,0.6496126195456514,0.6498308203303893,0.6502664076178541,0.6504837951328644,0.6507009125681527,0.6509177604267222,0.6511343392103284,0.6513506494194816,0.651566691553452,0.6517824661102732,0.6519979735867454,0.6522132144784402,0.6526428984836594,0.6528573425822155,0.6530715220660642,0.6532854374246881,0.6534990891463637,0.6537124777181637,0.6539256036259625,0.6541384673544389,0.6543510693870801,0.6545634102061848,0.6549873101270627,0.655198870187526,0.655410170951841,0.6556212128964204,0.6558319964965111,0.6560425222261969,0.6562527905584022,0.656462801964896,0.656672556916295,0.6568820558820669,0.6573002877288796,0.6575090215431441,0.6577175012382364,0.6579257272779335,0.658133700124884,0.6583414202406129,0.6585488880855235,0.6587561041189014,0.6589630687989187,0.6591697825826358,0.6595824592838794,0.6597884231100032,0.6599941378570289,0.6601996039765131,0.6604048219189217,0.6606097921336332
2.272727272727273,0.08840306347304261,0.07486202664446107,0.06493192171727402,0.0573383016600203,0.05134332869859526,0.04649024609785157,0.04248116901366117,0.039113535735978866,0.036244802823875655,0.03377174915020831,0.03161779128384312,0.029724911460098258,0.028048353104149548,0.02655303672567877,0.025211078614462257,0.02400003577184706,0.02290164062869282,0.021900873171879276,0.020985269974682308,0.02014440244422222,0.019369477834220494,0.018653030594387277,0.0179886810621247,0.01737094495562208,0.016795081614264684,0.01625697209342747,0.01575302047930993,0.015280073422585083,0.014835354083955865,0.014416407567460987,0.014021055576271424,0.013647358522566377,0.013293583699588551,0.012958178414056554,0.012639747199739815,0.012337032406811832,0.012048897597582209,0.011774313286393001,0.011512344646439021,0.011262140874176207,0.011022925956086671,0.010793990627029904,0.0105746853443065,0.010364414130949573,0.010162629165292758,0.009968826013382559,0.00978253941684848,0.009603339562287205,0.009430828768669075,0.009264638539905334,0.009104426935801824,0.008949876222253295,0.008800690766637587,0.008656595149101998,0.008517332464259897,0.00838266279123323,0.008252361813125275,0.008126219568893478,0.00800403932316085,0.007885636541168917,0.007770837957651544,0.007659480729516388,0.007551411664083796,0.007446486514754769,0.007344569337506268,0.007245531902133284,0.007149253152901602,0.007055618713808887,0.006964520434169064,0.006875855970889022,0.00678952840385838,0.006705445881515004,0.006623521293848245,0.006543671970380749,0.006465819400953254,0.006389888977316516,0.0063158097537105995,0.006243514224904323,0.0061729381201612865,0.006104020211830763,0.006036702137375172,0.0059709282337435665,0.005906645383095821,0.005843802868997772,0.005782352242237998,0.005722247195595442,0.005663443446668137,0.005605898628572081,0.005549572187360408,0.005494425286144189,0.0054404207151727,0.00538752280751531,0.005335697359926117,0.005284911558542493,0.005235133909040179,0.005186334170988904,0.005138483296064256,0.005091553369887314,0.005045517557235035,0.005000350050394009,0.6429626615496147,0.6431931120833305,0.6434232653193322,0.6436531218325522,0.6438826821964408,0.6443409167626487,0.6445695921045048,0.6447979735761123,0.6450260617435863,0.6452538571715877,0.6454813604233293,0.6457085720605796,0.6459354926436689,0.646162122731492,0.6463884628815134,0.6468402755908899,0.6470657492580657,0.6472909352030908,0.6475158339763482,0.6477404461268182,0.6479647722020825,0.648188812748329,0.6484125683103555,0.6486360394315757,0.6488592266540215,0.6493047515638435,0.64952709032842,0.6497491473486326,0.6499709231596752,0.6501924182953877,0.650413633288259,0.6506345686694327,0.6508552249687096,0.6510756027145537,0.651295702434095,0.6517350698961486,0.651954338686292,0.6521733315454034,0.6523920489940085,0.6526104915513249,0.6528286597352659,0.6530465540624443,0.6532641750481769,0.6534815232064886,0.6536985990501156,0.6541319358378471,0.654348197801021,0.6545641894876572,0.6547799114041122,0.6549953640554786,0.6552105479455891,0.6554254635770196,0.6556401114510944,0.6558544920678886,0.6560686059262336,0.6564960353567004,0.6567093519202967,0.6569224037083998,0.6571351912136759,0.6573477149275703,0.6575599753403093,0.6577719729409063,0.6579837082171641,0.6581951816556791,0.6584063937418448,0.6588280357927122,0.6590384667222207,0.6592486382290011,0.6594585507924894,0.6596682048909399,0.6598776010014304,0.6600867395998653,0.660295621160979,0.66050424615834,0.660712615064354,0.6611285864861715,0.6613361899410054,0.6615435391825596,0.6617506346774803,0.6619574768912715,0.6621640662882997,0.6623704033317968,0.6625764884838636,0.6627823222054738,0.6629879049564763,0.6633983193804557,0.6636031519675412,0.6638077354122432,0.6640120701688415,0.6642161566905121,0.6644199954293307
2.3111111111111113,0.08836064943396149,0.07482653376305237,0.06490150422298546,0.057311765225128264,0.051319856146268106,0.04646925372540622,0.04246222538395927,0.03909631295226035,0.03622904585094411,0.03375725571451449,0.031604398257402466,0.02971248537045046,0.028036783355887884,0.02654223065382577,0.025200957806304047,0.023990533285853655,0.022892698860201177,0.021892442193060968,0.02097730622771221,0.020136867701141536,0.01936233836074519,0.018646256471456568,0.017982245630906668,0.01736482435975173,0.016789254419742883,0.01625141897081639,0.01574772393636925,0.015275017578044836,0.014830524475049622,0.014411790985351058,0.01401663992466251,0.013643132695687621,0.013289537476430024,0.01295430236635986,0.012636032611627379,0.012333471204339252,0.012045482286790032,0.011771036898636678,0.011509200690017596,0.011259123291378792,0.01102002908498212,0.010791209167360427,0.010572014326971968,0.010361848890647729,0.010160165315914238,0.009966459425858165,0.009780266199163612,0.009601156041347592,0.009428731473930752,0.009262624188480117,0.009102492418905261,0.008948018592863205,0.008798907228227515,0.008654883045356221,0.008515689269608107,0.00838108610222843,0.008250849340495248,0.008124769130233411,0.008002648836209159,0.007884304017611532,0.007769561497375177,0.0076582585153310845,0.007550241956814974,0.007445367648702295,0.007343499716229274,0.007244509994537296,0.007148277489605115,0.007054687883736865,0.00696363308140957,0.006875010791747127,0.006788724144099922,0.0067046813338002,0.006622795295324058,0.006542983400431357,0.006465167179087961,0.0063892720611927745,0.006315227137265844,0.006242964936619688,0.006172421221416147,0.006103534795355414,0.006036247325798549,0.005970503178220343,0.0059062492620359786,0.005843434886752208,0.005782011628083339,0.005721933202535556,0.005663155350497773,0.005605635726803726,0.005549333798361311,0.0054942107482454094,0.0054402293858437645,0.00538735406257429,0.005335550592796334,0.005284786179542311,0.005235029344710873,0.005186249863454284,0.005138418702419489,0.005091507961624608,0.0050454908196855275,0.0050003414822078485,0.6467998877596423,0.6470292212203125,0.6472582570609804,0.6474869958606302,0.6477154381967445,0.6481714357808233,0.648398992176293,0.6486262544032477,0.6488532230317388,0.6490798986303453,0.6493062817661797,0.6495323730048919,0.6497581729106733,0.6499836820462633,0.6502089009729525,0.6506584704375759,0.6508828220908912,0.6511068857660768,0.6513306620172509,0.6515541513971107,0.6517773544569377,0.6520002717466012,0.6522229038145642,0.652445251207886,0.652667314472229,0.6531105907896605,0.6533318049271223,0.6535527371043595,0.6537733878601103,0.6539937577317406,0.6542138472552491,0.6544336569652722,0.654653187395087,0.6548724390766169,0.6550914125404346,0.6555285269305033,0.6557466689111892,0.6559645347830418,0.6561821250699483,0.6563994402944714,0.6566164809778537,0.6568332476400214,0.6570497407995886,0.6572659609738615,0.6574819086788428,0.6579129887384471,0.658128122118593,0.6583429850805019,0.6585575781337186,0.658771901786509,0.6589859565458631,0.6591997429175,0.6594132614058712,0.6596265125141649,0.6598394967443099,0.6602646665715941,0.6604768531663291,0.6606887748781141,0.6609004322026389,0.6611118256343583,0.6613229556664939,0.6615338227910393,0.6617444274987636,0.6619547702792152,0.6621648516207256,0.6625842319341855,0.6627935318767473,0.6630025723215992,0.6632113537510445,0.6634198766461918,0.6636281414869589,0.6638361487520766,0.6640438989190923,0.6642513924643735,0.6644586298631117,0.6648723381158654,0.665078809914416,0.6652850274555002,0.6654909912084831,0.6656967016415749,0.6659021592218349,0.6661073644151753,0.6663123176863637,0.6665170194990275,0.6667214703156572,0.6671296208051126,0.6673333213972656,0.6675367728320464,0.6677399755663126,0.6679429300558056,0.668145636755154
2.3494949494949497,0.08832444081240243,0.07479628790733606,0.06487563093166471,0.05728923553868703,0.05129996603450038,0.046451500304606985,0.04244623695272354,0.03908180701295505,0.03621580267877633,0.03374510104071171,0.03159319153845541,0.029702111612078252,0.02802714727316513,0.026533252409457586,0.02519256984175333,0.023982677925338147,0.022885326471898337,0.021885509758930555,0.020970776217608345,0.02013070717669352,0.019356518254934896,0.01864075100416618,0.01797703183067667,0.017359881669461785,0.016784564369126453,0.01624696490265798,0.01574349077616155,0.015270991639080855,0.014826693292612325,0.014408143174912236,0.014013165060097865,0.013639821204126767,0.01328638054715392,0.012951291871525883,0.012633161037028384,0.012330731588717114,0.012042868168454901,0.011768542268374982,0.01150681994942393,0.01125685121584108,0.01101786079077427,0.010789140082253845,0.010570040163952132,0.010359965624336387,0.010158369161389236,0.009964746819557946,0.009778633781680868,0.009599600641800987,0.009427250095872863,0.009261213997062478,0.009101150729210472,0.008946742859276324,0.008797695034730157,0.008653732096677524,0.008514597383062594,0.008380051200299055,0.0082498694439882,0.0081238423519856,0.008001773375301058,0.007883478154033563,0.007768783587074446,0.0076575269856742345,0.007549555302361899,0.007444724427296268,0.007342898545370513,0.007243949548011108,0.0071477564943623895,0.007054205116950207,0.006963187367779122,0.006874601000953495,0.006788349188442511,0.006704340165981315,0.0066224869063796765,0.006542706817791788,0.006464921464765627,0.0063890563100664766,0.0063150404754915845,0.006242806520122879,0.006172290234477296,0.006103430449281522,0.006036168857669999,0.0059704498497032965,0.005906220358268266,0.0058434297153300285,0.005782029518008769,0.005721973503321154,0.005663217431225442,0.005605718975364549,0.005549437620608222,0.0054943345672461286,0.0054403726411793585,0.005387516209645282,0.005335731102196872,0.005284984536435222,0.005235245048256898,0.005186482426255301,0.005138667649997486,0.0050917728319186395,0.0050457711625836454,0.005000636859082808,0.650555550026251,0.6507837615401529,0.6510116751726314,0.6512392915065367,0.6514666111232003,0.6519203625225568,0.6521467954603581,0.6523729339911443,0.6525987786887216,0.6528243301254071,0.653049588872032,0.6532745554979471,0.6534992305710274,0.653723614657677,0.6539477083228338,0.6543950266411179,0.6546182524168325,0.6548411900162384,0.6550638399970131,0.6552862029153963,0.6555082793261943,0.6557300697827845,0.65595157483712,0.6561727950397345,0.6563937309397466,0.6568347520213904,0.6570548382942247,0.6572746424468714,0.6574941650214413,0.6577134065586578,0.6579323675978604,0.6581510486770095,0.6583694503326905,0.6585875731001188,0.6588054175131434,0.6592402734045747,0.6594572859438885,0.6596740222506223,0.65989048285186,0.6601066682733455,0.660322579039487,0.6605382156733608,0.6607535786967162,0.6609686686299789,0.6611834859922557,0.6616123050737089,0.6618263078245417,0.6620400400677089,0.6622535023157848,0.6624666950800494,0.6626796188704925,0.6628922741958178,0.663104661563447,0.6633167814795241,0.6635286344489189,0.6639515415607953,0.664162596706683,0.6643733869127084,0.6645839126774317,0.6647941744981625,0.6650041728709645,0.6652139082906592,0.6654233812508292,0.6656325922438233,0.6658415417607589,0.6662586583247952,0.6664668263480122,0.6666747348474112,0.6668823843080139,0.6670897752136337,0.6672969080468806,0.6675037832891634,0.6677104014206952,0.6679167629204954,0.6681228682663949,0.6685343124018894,0.6687396521412328,0.6689447376261789,0.6691495693286675,0.669354147719471,0.6695584732681976,0.6697625464432962,0.669966367712059,0.6701699375406248,0.6703732563939834,0.6707791430293125,0.6709817117355477,0.6711840313151113,0.6713861022272992,0.6715879249302791,0.6717894998810932
2.387878787878788,0.08829411628679096,0.07477101728658564,0.06485406637525881,0.05727050490884067,0.05128347260004462,0.04643681782396902,0.04243305037299683,0.039069876889335164,0.03620494277197672,0.03373516363940299,0.031584057516401476,0.029693683498195123,0.028019344301735583,0.02652600690791096,0.0251858245447647,0.023976383944001922,0.022879441735183192,0.021879997801470985,0.02096560522541424,0.020125849227610848,0.019351948708004052,0.018636448004276995,0.017972975903184807,0.017356055385981395,0.01678095206995156,0.016243552464688893,0.015740265417668042,0.015267941754505299,0.014823808312019349,0.014405413443805637,0.014010581736200622,0.013637376168250781,0.013284066325986554,0.012949101570435162,0.012631088281377378,0.012328770472425976,0.012041013208760276,0.011766788365917602,0.011505162352928644,0.011255285490746503,0.011016382791344093,0.010787745926670311,0.01056872621203997,0.010358728457583344,0.01015720556499411,0.009963653766251412,0.009777608417150696,0.009598640271431425,0.009426352172822727,0.009260376111379642,0.0091003705979541,0.008946018317505966,0.008797024027286438,0.008653112670690355,0.00851402768102516,0.00837952945379905,0.008249393967899477,0.008123411539150638,0.00800138569161657,0.007883132133948978,0.007768477829385723,0.007657260149684042,0.007549326104306364,0.007444531637031626,0.007342740983302121,0.007243826082240279,0.007147666038046507,0.00705414662580639,0.006963159837803823,0.006874603466272222,0.006788380719303655,0.00670439986688387,0.006622573914317642,0.006542820300617591,0.006465060619654128,0.006389220362056469,0.006315228676145979,0.006243018146250501,0.0061725245869374,0.006103686851853918,0.006036446655994121,0.005970748410286664,0.0059065390675446805,0.005843767978694903,0.005782386759128011,0.005722349163208351,0.005663610967547861,0.005606129861710163,0.005549865345814364,0.005494778634771547,0.005440832568491261,0.005387991527652458,0.005336221354692805,0.005285489279592048,0.005235763850124142,0.005187014866301354,0.005139213318659852,0.005092331330181166,0.005046342101571066,0.0050012198596847135,0.65423222115849,0.6544593068994724,0.6546860945554883,0.6549125847130767,0.6551387779572383,0.6555902760376252,0.6558155820362079,0.6560405934460892,0.6562653108446558,0.6564897348077863,0.656713865909857,0.6569377047237455,0.6571612518208364,0.6573845077710263,0.6576074731427276,0.6580525344169278,0.6582746314488781,0.6584964401612524,0.658717961115118,0.6589391948700873,0.6591601419843229,0.6593808030145416,0.6596011785160196,0.6598212690425971,0.6600410751466823,0.6604798362898819,0.6606987924266977,0.6609174663364338,0.6611358585644102,0.6613539696545436,0.6615718001493507,0.6617893505899534,0.6620066215160831,0.6622236134660853,0.6624403269769236,0.6628729208220827,0.6630888022234629,0.6633044073198069,0.6635197366412368,0.6637347907165191,0.6639495700730697,0.6641640752369574,0.6643783067329097,0.6645922650843148,0.6648059508132278,0.665232506485154,0.6654453774656464,0.6656579778986133,0.6658703082995041,0.6660823691824599,0.6662941610603169,0.6665056844446114,0.6667169398455834,0.6669279277721807,0.6671386487320636,0.6675592917759103,0.6677692148687909,0.6679788730127986,0.6681882667092143,0.6683973964580552,0.6686062627580788,0.6688148661067865,0.6690232070004284,0.669231285934006,0.6694391034012773,0.6698539559057353,0.6700609919242525,0.6702677684391323,0.6704742859379706,0.6706805449071429,0.6708865458318072,0.6710922891959086,0.671297775482183,0.6715030051721601,0.6717079787461685,0.6721171594616048,0.6723213675577137,0.6725253214472228,0.6727290216045072,0.6729324685027621,0.673135662614007,0.6733386044090892,0.6735412943576871,0.6737437329283142,0.6739459205883228,0.6743495450401076,0.6745509827608134,0.6747521714287671,0.6749531115055677,0.6751538034516739,0.6753542477264082
2.4262626262626266,0.08826937467537399,0.07475046714739186,0.06483658984784657,0.05725537866601649,0.05127020172837049,0.04642504880878784,0.04242252191604534,0.03906039039930653,0.03619634378450032,0.033727329643922555,0.03157688970986028,0.029687101037539243,0.02801328019875149,0.026520405033317984,0.02518063740062615,0.023971570979415047,0.02287496805366196,0.02187583315558428,0.02096172322531953,0.02012222671111541,0.019348565234105664,0.018633285442359204,0.017970018096787443,0.017353287875620294,0.01677836186290249,0.016241127842513636,0.01573799577429058,0.015265817459196751,0.014821820592837875,0.014403554287907072,0.014008843804246385,0.013635752720476901,0.013282551158165679,0.012947688958150017,0.012629772931350147,0.012327547479856649,0.012039878019808659,0.011765736744599908,0.011504190351831256,0.011254389425004563,0.011015559215518,0.01078699161409058,0.010568038136335223,0.010358103776116456,0.010156641603966898,0.009963148007299916,0.009777158485263282,0.009598243923944483,0.00942600728954024,0.00926008068555817,0.009100122728103899,0.008945816199928736,0.008796865949265542,0.008652997004273466,0.00851395287729284,0.008379494037665913,0.008249396533309361,0.008123450744657923,0.008001460256327753,0.007883240833790661,0.007768619493614293,0.007657433657714097,0.0075495303827455285,0.007444765656939301,0.007343003757644961,0.007244116663534417,0.00714798351615864,0.007054490125902091,0.006963528518452167,0.00687499651766299,0.006788797361590104,0.006704839348630642,0.006623035511047148,0.006543303313452653,0.006465564374051214,0.006389744206591774,0.0063157719814082025,0.006243580303783469,0.006173105008244195,0.006104284967469176,0.006037061914600739,0.00597138027788946,0.005907187026646055,0.005844431527713634,0.005783065411467336,0.005723042446762805,0.00566431842403714,0.0056068510460765,0.005550599825674962,0.005495525989894556,0.00544159239028108,0.005388763418679998,0.005337004928251843,0.005286284159253252,0.005236569669341051,0.005187831268016918,0.005140039954935949,0.005093167861850545,0.005047188197899621,0.005002075198059952,0.6578323668953797,0.6580583240044308,0.6582839828800068,0.6585093441121613,0.6587344082893926,0.6591836478253309,0.6594078243533024,0.6596317061648901,0.6598552938408908,0.6600785879605763,0.6603015891016982,0.6605242978404935,0.6607467147516882,0.6609688404085038,0.6611906753826612,0.6616334755624134,0.6618544419039928,0.6620751198348926,0.6622955099194062,0.6625156127203546,0.6627354287990935,0.6629549587155164,0.6631742030280601,0.6633931622937097,0.6636118370680022,0.664048335357458,0.6642661599765013,0.6644837023119573,0.6647009629121969,0.6649179423241713,0.6651346410934169,0.6653510597640597,0.6655671988788201,0.6657830589790172,0.6659986406045736,0.6664289705844978,0.6666437200117674,0.6668581931102091,0.6670723904128293,0.6672863124512642,0.6674999597557846,0.6677133328553003,0.6679264322773638,0.668139258548176,0.668351812192589,0.6687761036949119,0.6689878425958248,0.6691993109563527,0.669410509294672,0.6696214381276363,0.669832097970781,0.6700424893383276,0.6702526127431876,0.6704624686969671,0.6706720577099701,0.6710904369483812,0.6712992281879275,0.6715077545149818,0.6717160164334022,0.6719240144457702,0.6721317490533943,0.672339220756314,0.6725464300533041,0.672753377441878,0.672960063418293,0.6733726531134125,0.673578557818382,0.6737842030837301,0.6739895893994885,0.6741947172544551,0.6743995871361991,0.6746041995310635,0.6748085549241699,0.6750126537994219,0.675216496639509,0.6756234161388989,0.6758264937575443,0.6760293172597182,0.676231887122096,0.6764342038201625,0.6766362678282141,0.6768380796193637,0.6770396396655435,0.677240948437509,0.6774420064048432,0.6778433717981043,0.6780436801573643,0.6782437395786662,0.6784435505257822,0.6786431134613329,0.6788424288467917
2.464646464646465,0.08824993340806742,0.07473439848082575,0.0648229942853843,0.05724367417464382,0.05125999006957638,0.046416045521396,0.0424145167412896,0.03905322353586982,0.03618989093797642,0.03372149223163434,0.031571588225374314,0.02968227042600935,0.0280088665535303,0.02651636318536499,0.02517692912603897,0.023968163644134788,0.022871833573365197,0.021872947186700964,0.020959064528178972,0.020119776643054754,0.019346307341942648,0.018631205131843687,0.01796810236204005,0.017351525076096497,0.016776741538152118,0.01623964055729965,0.015736632988295418,0.015264571416774841,0.014820684229220005,0.014402521148983882,0.014007907977705902,0.013634908776305243,0.013281794097120159,0.012947014166924897,0.012629176143409526,0.012327024741109027,0.012039425658420755,0.011765351344358299,0.011503868728586109,0.011254128605727165,0.01101535641969964,0.010786844237125615,0.010567943734659524,0.010358060053883067,0.010156646401071057,0.009963199288585467,0.009777254330822993,0.009598382520244919,0.009426186921496993,0.00926029972927711,0.009100379644295775,0.008946109527904533,0.00879719430147563,0.008653359061273291,0.008514347383185905,0.008379919795896251,0.008249852402805069,0.008123935636287327,0.00800197312963391,0.00788378069400042,0.00776918538882132,0.007658024676346575,0.00755014565117651,0.007445404337288353,0.007343665045735248,0.007244799787004097,0.007148687732679515,0.0070552147215511285,0.006964272806180949,0.00687575983586719,0.006789579072779439,0.0067056388381794285,0.006623852186033341,0.006544136601567607,0.006466413722567732,0.0063906090814106475,0.006316651866156597,0.006244474698967606,0.0061740134304514305,0.006105206948618491,0.006037997001235751,0.005972328030518392,0.005908147019082821,0.005845403346552591,0.005784048655462892,0.005724036726315385,0.005665323360664387,0.005607866272019368,0.005551624983374581,0.0054965607315953235,0.005442636377612997,0.005389816322295182,0.005338066427438948,0.005287353941617501,0.005237647430454295,0.005188916711117542,0.0051411327906193405,0.005094267807802755,0.005048294978619361,0.00500318854459747,0.6613583514178811,0.6615831779287169,0.6618077061098939,0.6620319365548134,0.6622558698553037,0.6627028473824802,0.6629258927850067,0.6631486433947955,0.6633710997958896,0.6635932625707897,0.6638151323004602,0.6640367095643336,0.6642579949403162,0.6644789890047922,0.6646996923326295,0.6651402290703069,0.6653600636223448,0.6655796097221494,0.6657988679370799,0.6660178388330091,0.6662365229743276,0.666454920923948,0.6666730332433113,0.6668908604923909,0.667108403229697,0.6675426373957447,0.667759329934236,0.6679757401804625,0.6681918686856917,0.6684077159997569,0.6686232826710612,0.6688385692465832,0.6690535762718807,0.6692683042910952,0.6694827538469573,0.6699108197325176,0.6701244371406615,0.6703377782423534,0.6705508435733354,0.6707636336679657,0.6709761490592228,0.6711883902787097,0.6714003578566592,0.671612052321937,0.6718234742020474,0.6722455023099985,0.6724561095860767,0.6726664463734715,0.6728765131929424,0.6730863105639131,0.6732958390044758,0.6735050990313945,0.6737140911601115,0.6739228159047488,0.6741312737781145,0.6745473909557141,0.6747550512790281,0.6749624467692388,0.6751695779326433,0.675376445274249,0.6755830492977775,0.675789390505669,0.6759954693990863,0.6762012864779187,0.676406842240786,0.6768171718067825,0.6770219466008407,0.6772264620608004,0.6774307186789944,0.6776347169465106,0.6778384573531951,0.6780419403876569,0.6782451665372703,0.6784481362881811,0.6786508501253082,0.6790555119917826,0.6792574609848734,0.6794591559916756,0.6796605974910367,0.679861785960601,0.6800627218768137,0.6802634057149245,0.6804638379489917,0.6806640190518854,0.6808639494952917,0.6812630602844867,0.6814622415677594,0.6816611740665203,0.6818598582465893,0.6820582945726245,0.6822564835081251
2.5030303030303034,0.08823552713484117,0.07472258684514554,0.06481308524557394,0.0572352199332089,0.05125268423331897,0.046409669232902684,0.04240890823149834,0.03904825985560967,0.036185476455596555,0.03371755109696328,0.031568059264606596,0.029679103583741706,0.028006020351174388,0.026513802866573566,0.025174625277634366,0.02396609115339876,0.0228699708278135,0.02187127545168399,0.020957567456906356,0.020118439886612327,0.01934511823573737,0.018630152441327374,0.01796717607451659,0.01735071622913642,0.016776042077069286,0.01623904321599534,0.015736131189012514,0.015264159185274795,0.014820356122623779,0.01440227219404655,0.014007733617850904,0.013634804825837454,0.013281756701591263,0.012947039768631319,0.01262926145126686,0.012327166704243386,0.012039621442945903,0.011765598312890702,0.011504164422103336,0.01125447072748309,0.011015742820905117,0.010787272904169365,0.010568412777679725,0.01035856769651644,0.010157190971245789,0.009963779210237056,0.0097778681164018,0.00959902876392904,0.009426864293089032,0.009261006968619756,0.009101115556215178,0.008946872977599885,0.00879798421032374,0.00865417440295857,0.0085151871802025,0.008380783116318735,0.008250738357326592,0.008124843375500679,0.008002901841528853,0.007884729601656204,0.0077701537482633976,0.007659011774590052,0.0075511508044024955,0.007446426889151203,0.007344704365799037,0.007245855269298995,0.007149758794325223,0.0070563008015185336,0.006965373364110294,0.0068768743509791674,0.006790707042847677,0.006706779778579697,0.00662500562884849,0.006545302094752792,0.006467590829156933,0.006391797378788477,0.006317850945364967,0.006245684164054355,0.006175232897860483,0.006106436046613095,0.006039235369357687,0.005973575319066726,0.005909402888683024,0.005846667467584332,0.005785320707745956,0.005725316398673019,0.005666610350507084,0.005609160284994141,0.005552925733040559,0.005497867939077139,0.005443949771288148,0.005391135637511146,0.005339391406228078,0.0052886843324279065,0.005238982987901375,0.005190257195740067,0.005142477968660852,0.0050956174509807495,0.005049648863924228,0.005004546454093428,0.6648124425238555,0.6650361372940441,0.6652595336881354,0.6654826323027169,0.6657054337327859,0.6661501474114634,0.666372060842168,0.666593679452563,0.6668150038297782,0.6670360345593853,0.6672567722254036,0.6674772174103039,0.6676973706950151,0.6679172326589287,0.6681368038799033,0.6685750763968402,0.668793778840904,0.6690121928382419,0.6692303189591265,0.6694481577723286,0.6696657098451206,0.6698829757432837,0.6700999560311105,0.6703166512714118,0.6705330620255204,0.6709650323131299,0.671180592961951,0.6713958713552293,0.6716108680469808,0.6718255835897728,0.6720400185347285,0.6722541734315315,0.6724680488284303,0.6726816452722435,0.6728949633083642,0.6733207663320012,0.673533252403218,0.6737454622341527,0.6739573963631399,0.6741690553271171,0.6743804396616278,0.6745915499008268,0.674802386577485,0.6750129502229927,0.6752232413673653,0.6756430082659161,0.6758524850732877,0.6760616914859199,0.6762706280270175,0.6764792952184361,0.6766876935806867,0.6768958236329401,0.6771036858930308,0.6773112808774621,0.6775186091014096,0.677932467321944,0.6781389983422833,0.6783452646496523,0.6785512667526526,0.6787570051585847,0.6789624803734506,0.6791676929019586,0.6793726432475274,0.6795773319122901,0.6797817593970986,0.6801898328238767,0.6803934797611795,0.6805968675092019,0.6807999965624498,0.6810028674141713,0.6812054805563617,0.681407836479767,0.6816099356738883,0.6818117786269847,0.6820133658260789,0.6824157749041856,0.6826165977510908,0.6828171667797873,0.6830174824711689,0.6832175453049154,0.6834173557594966,0.6836169143121757,0.6838162214390133,0.6840152776148714,0.6842140833134164,0.684610945167282,0.6848090022639945,0.6850068107661855,0.6852043711416023,0.6854016838568197,0.6855987493772436
2.541414141414142,0.0882259064566494,0.07471482129216545,0.06480667997756118,0.05722985475354836,0.05124814005464373,0.046405789559068156,0.04240557738652562,0.03904538992104167,0.03618299904586775,0.03371541197084171,0.031566214674825344,0.029677517732965453,0.028004663574621502,0.026512650305933305,0.02517365589498033,0.023965286985603407,0.022869316414356966,0.021870757389611417,0.02095717405047326,0.020118160868426882,0.019344944542551645,0.0186300760322321,0.017967189782059134,0.01735081363663249,0.016776217416691774,0.016239291283573487,0.015736447272346465,0.015264539003489341,0.014820795774553197,0.014402768114142872,0.014008282538256811,0.013635403743678776,0.013282402850629316,0.012947730594595863,0.012629994590316551,0.0123279399640841,0.01204043278622624,0.011766445842560813,0.011505046368443184,0.0112553854366082,0.011016688744528436,0.010788248590469784,0.010569416863136172,0.010359598898583289,0.01015824808177368,0.009964861089570065,0.009778973687987746,0.009600157009522658,0.009428014248358596,0.009262177719183251,0.009102306234021307,0.008948082757638698,0.008799212307647242,0.008655420069903497,0.008516449703909967,0.008382061816428532,0.008252032583871416,0.008126152506963469,0.008004225283075761,0.007886066783466705,0.007771504124035156,0.007660374820131821,0.007552526016335714,0.007447813783716173,0.007346102477732819,0.007247264150818444,0.007151178014138004,0.007057729943951485,0.006966812028267211,0.00687832214996309,0.006792163603036028,0.006708244738942937,0.006626478640317068,0.006546782819626951,0.006469078940530837,0.006393292560042396,0.006319352889668894,0.00624719257390427,0.0061767474846438075,0.006107956530198466,0.006040761477707934,0.005975106787887707,0.005910939461038156,0.005848208893627471,0.005786866744380781,0.005726866809230846,0.005668164904597983,0.005610718758079836,0.005554487906293204,0.0054994335991152,0.005445518709979114,0.005392707651697526,0.005340966297611827,0.005290261907320404,0.005240563057069769,0.005191839574222645,0.005144062475604283,0.005097203909494752,0.005051237100920369,0.005006136300151898,0.6681968164898061,0.6684193791369887,0.668641643408925,0.6688636099052313,0.6690852792239184,0.6695277287124829,0.6697485100704026,0.6699689966267979,0.6701891889717319,0.6704090876936941,0.6706286933796054,0.6708480066148237,0.6710670279831487,0.6712857580668271,0.6715041974465586,0.6719402064092693,0.6721577771459549,0.6723750594861162,0.6725920540027905,0.6728087612674983,0.673025181850248,0.6732413163195405,0.6734571652423751,0.6736727291842534,0.6738880087091847,0.6743177167568141,0.6745321464001136,0.6747462938676804,0.6749601597161355,0.6751737445006382,0.6753870487748882,0.675600073091133,0.6758128180001708,0.6760252840513558,0.676237471792603,0.6766610145297776,0.6768723706143813,0.6770834505664102,0.6772942549266531,0.6775047842344887,0.6777150390278881,0.6779250198434214,0.6781347272162601,0.6783441616801839,0.6785533237675831,0.6789708329354567,0.6791791810738108,0.6793872589514096,0.6795950670937694,0.679802606025044,0.6800098762680316,0.680216878344176,0.6804236127735738,0.6806300800749767,0.6808362807657972,0.6812478843786675,0.6814532883288821,0.6816584277248524,0.6818633030773568,0.6820679148958593,0.6822722636885141,0.6824763499621703,0.6826801742223748,0.682883736973378,0.6830870387181365,0.6834928611943072,0.6836953829252049,0.6838976456488377,0.6840996498617589,0.6843013960592533,0.6845028847353413,0.684704116382783,0.6849050914930819,0.6851058105564894,0.6853062740620086,0.6857064363491747,0.6859061361026215,0.6861055822417865,0.6863047752494904,0.6865037156073281,0.6867024037956747,0.6869008402936875,0.6870990255793106,0.6872969601292791,0.6874946444191224,0.6878892641145468,0.6880862004651931,0.6882828884458526,0.6884793285260842,0.6886755211742633,0.6888714668575865
2.57979797979798,0.08822083676648895,0.07471090338680308,0.06480360657236728,0.0572274270113855,0.05124622192353245,0.04640428385382478,0.04240441226967595,0.03904451079136362,0.03618236343117687,0.03371498618187563,0.031565971538458304,0.029677435012512077,0.02800472284124922,0.026512836115219263,0.025173955174580653,0.023965688572270882,0.022869810698618598,0.021871336039411493,0.02095782979361205,0.020118887319369838,0.019345736063278607,0.0186309276192419,0.017968096973969283,0.017351772437981472,0.016777224234654886,0.01624034287504672,0.01573754069944089,0.015265671595862007,0.014821965097351453,0.014403971940642135,0.014009518826293421,0.013636670615344682,0.0132836985746706,0.012949053571098434,0.012631343337328405,0.012329313105897244,0.012041829043067831,0.011767864021509644,0.01150648535536869,0.011256844189048043,0.011018166285330921,0.010789744002133173,0.01057092928274117,0.010361127513256574,0.010159792124606049,0.009966419835968798,0.00978054645232107,0.009601743142161667,0.0094296131329622,0.009263788770235704,0.00910392889460565,0.008949716497399507,0.00880085662095964,0.008657074474139326,0.008518113737927546,0.00838373503914569,0.00825371457296542,0.008127842857681311,0.00800592360714536,0.007887772708065288,0.007773217290877654,0.0076620948846019,0.0075542526466932935,0.007449546660357131,0.007347841292511648,0.007249008606419416,0.007152927823463551,0.007059484829593066,0.006968571721990169,0.006880086392227036,0.006793932142549641,0.0067100173322507395,0.006628255051402521,0.00654856281956262,0.006470862307110803,0.006395079077480159,0.006321142348288067,0.006248984769854804,0.006178542219635652,0.006109753611247215,0.006042560716897127,0.00597690800213968,0.005912742471921417,0.005850013527137765,0.00578867283074036,0.005728674182764348,0.005669973403461204,0.0056125282242003305,0.0055562981852098625,0.00550124453974199,0.005447330164546349,0.005394519475642179,0.005342778349358812,0.005292074048248163,0.005242375151366163,0.005193651488777817,0.005145874079919066,0.005099015075569313,0.005053047703171387,0.005007946215322856,0.6715135626412986,0.6717349934841073,0.6719561259974695,0.6721769607838799,0.6723974984442114,0.6728376847820559,0.6730573346532575,0.673276689785768,0.6734957507724355,0.6737145182045193,0.6739329926716943,0.6741511747620581,0.6743690650621348,0.6745866641568806,0.6748039726296898,0.6752377200352919,0.6754541601271069,0.6756703119150396,0.6758861759747489,0.6761017528803626,0.6763170432044815,0.6765320475181856,0.6767467663910381,0.6769612003910912,0.6771753500848908,0.6776027988124103,0.6778160989717351,0.6780291170760262,0.6782418536843717,0.678454309354384,0.6786664846422035,0.6788783801025035,0.6790899962884951,0.6793013337519322,0.6795123930431168,0.6799336793026994,0.6801439073644809,0.6803538594407861,0.680563536074725,0.680772937807984,0.6809820651808296,0.6811909187321141,0.6813994989992791,0.6816078065183608,0.6818158418239947,0.6822310979264821,0.6824383197856422,0.682645271555977,0.682851953765185,0.6830583669395912,0.683264511604151,0.683470388282455,0.6836759974967337,0.683881339767861,0.6840864156153598,0.6844957701108293,0.6847000497911266,0.6849040651124567,0.6851078165876491,0.6853113047282083,0.6855145300443172,0.6857174930448414,0.6859201942373342,0.68612263412804,0.6863248132218989,0.6867283910323398,0.6869297907523182,0.6871309316822503,0.6873318143206171,0.6875324391646201,0.6877328067101859,0.6879329174519692,0.688132771883358,0.6883323704964771,0.6885317137821925,0.6889296363286032,0.6891282165647709,0.6893265434244872,0.6895246173923829,0.6897224389518533,0.6899200085850624,0.6901173267729471,0.6903143939952211,0.6905112107303781,0.6907077774556967,0.6911001627798764,0.6912959823272509,0.6914915537618208,0.6916868775548438,0.6918819541763854,0.6920767840953213
2.618181818181818,0.08822009718960089,0.07471064631050195,0.06480370318601647,0.05722779396097388,0.051246802171819095,0.046405036654688536,0.04240530750143989,0.03904552555678764,0.03618347991670179,0.03371619025505934,0.03156725179777531,0.029678782125308834,0.028006129070580865,0.02651429497471891,0.025175461171786928,0.02396723701455028,0.02287139754423173,0.021872957781663205,0.02095948336965181,0.02012057003757528,0.01934744554496559,0.018632661751257662,0.017969853869972297,0.017353550406494445,0.01677902175253565,0.016242158565303977,0.015739373312579685,0.015267519994089485,0.014823828241129267,0.01440584887724261,0.014011408679898696,0.01363857257854384,0.013285611901081573,0.012950977568952471,0.012633277363867101,0.012331256562461812,0.01204378137078721,0.011769824697496545,0.011508453889347514,0.011258820120375823,0.011020149180344885,0.010791733451784635,0.01057292490048356,0.010363128933149945,0.010161798999626881,0.009968431836499092,0.009782563264728483,0.00960376446760014,0.009431638686236421,0.009265818278791249,0.009105962097602505,0.008951753144881835,0.008802896473113164,0.00865911730055502,0.008520159317005338,0.008385783157507709,0.008255765024929751,0.00812989544477527,0.008007978137677063,0.007889828996686998,0.00777527515823162,0.0076641541569715255,0.007556313155681282,0.007451608242591501,0.007349903789369172,0.007251071863786818,0.0071549916914755984,0.00706154916243118,0.0069706363776755875,0.006882151232429412,0.006795997032408074,0.0067120821402057995,0.006630319649048144,0.006550627081485794,0.0064729261107612235,0.006397142303043002,0.006323204878557753,0.006251046490122425,0.006180603017579833,0.006111813376831643,0.0060446193422755146,0.005978965381563395,0.005914798501643559,0.005852068105352881,0.005790725857487966,0.005730725559848993,0.0056720230344387,0.00561457601423454,0.005558344041011187,0.0055032883696011226,0.005449371878177955,0.005396558984173461,0.005344815565279326,0.005294108885343984,0.005244407524680472,0.005195681314569489,0.00514790127561382,0.0051010395597202995,0.005055069395420664,0.00500996503636153,0.6747646876522237,0.6749849876555255,0.6752049894179021,0.6754246935445793,0.6756441006391465,0.6760820261381574,0.676300545741647,0.6765187707111284,0.6767367016420913,0.6769543391284207,0.6771716837624046,0.6773887361347367,0.6776054968345243,0.677821966449292,0.6780381455649878,0.6784696346351012,0.6786849457535776,0.6788999687011095,0.6791147040558391,0.679329152394363,0.6795433142917376,0.6797571903214841,0.6799707810555935,0.6801840870645319,0.6803971089172456,0.6808223024222143,0.6810344752048078,0.6812463660918633,0.6814579756448028,0.6816693044235589,0.6818803529865789,0.6820911218908304,0.6823016116918056,0.6825118229435269,0.6827217561985508,0.6831407909214368,0.6833498934871289,0.683558720251794,0.6837672717607347,0.6839755485578164,0.6841835511854732,0.6843912801847115,0.684598736095116,0.6848059194548528,0.6850128308006753,0.6854258395905534,0.6856319381010914,0.6858377667306895,0.686043326009105,0.6862486164647087,0.686453638624491,0.6866583930140654,0.6868628801576735,0.6870671005781894,0.6872710547971238,0.6876781667095027,0.6878813254391929,0.6880842200398023,0.6882868510260922,0.6884892189114874,0.6886913242080798,0.6888931674266339,0.6890947490765899,0.6892960696660685,0.6894971297018755,0.6898984701331459,0.6900987515356826,0.6902987743987024,0.6904985392224978,0.690698046506072,0.6908972967471421,0.6910962904421432,0.6912950280862332,0.6914935101732964,0.6916917371959481,0.6920874280121538,0.6922848927846279,0.6924821044505378,0.6926790634962128,0.6928757704067368,0.6930722256659524,0.6932684297564653,0.6934643831596478,0.6936600863556427,0.6938555398233679,0.694245699483576,0.6944404066278024,0.6946348659472535,0.6948290779147787,0.6950230430020247,0.6952167616794398
2.6565656565656566,0.08822347961307075,0.07471387404028751,0.06480681732818305,0.05723082110757305,0.05124976051182384,0.04640793917495578,0.042408163795944254,0.039048342912154754,0.036186263995691026,0.03371894554433863,0.031569981911247935,0.029681490015621703,0.02800881718003423,0.02651696534548653,0.025178115527849654,0.02396987682364804,0.02287402406539696,0.021875572102196372,0.020962086434226812,0.020123162671364492,0.019350028472344016,0.018635235610839573,0.017972419226988556,0.017356107762980688,0.016781571555797403,0.016244701214990886,0.015741909166635315,0.015270049373790617,0.01482635143535238,0.014408366146172358,0.01401392025814241,0.013641078677860907,0.013288112712745215,0.012953473265797988,0.012635768102095435,0.012333742483212506,0.012046262601526858,0.0117723013532548,0.011510926073792227,0.01126128792679637,0.011022612692514255,0.010794192744735032,0.010575380041205285,0.010365579981222117,0.010164246007780764,0.009970874851168432,0.00978500232645263,0.009606199611505661,0.00943406994240914,0.009268245672639397,0.009108385650184014,0.008954172873206212,0.008805312390447018,0.008661529416626013,0.008522567638284961,0.008388187687421778,0.008258165764063463,0.008132292391061169,0.008010371286593765,0.007892218341388424,0.007777660689729182,0.0076665358642689085,0.007558691025910669,0.007453982261136027,0.007352273939988385,0.007253438128708156,0.007157354051507525,0.007063907597059549,0.006972990865142581,0.006884501749821692,0.006798343555731723,0.0067144246444547084,0.00663265810827951,0.006552961468866081,0.006475256398637108,0.006399468462987112,0.0063255268814234045,0.006253364306087694,0.006182916616191081,0.00611412272704448,0.0060469244124939925,0.005981266139662433,0.005917094915039112,0.005854360140985726,0.005793013481888654,0.005733008739136292,0.005674301734331255,0.005616850200144241,0.005560613678011972,0.0055055534224561775,0.005451632311358923,0.0053988147618795335,0.005347066651464338,0.005296355243714523,0.005246649118725744,0.005197918107563426,0.005150133230636844,0.0051032666396635396,0.005057291563005606,0.005012182254141795,0.6779521195914829,0.6781712903156175,0.6783901629279459,0.678608738036284,0.6788270162467959,0.679262684390776,0.6794800755283668,0.6796971721763883,0.6799139749328321,0.6801304843940719,0.6803467011548692,0.6805626258083783,0.6807782589461517,0.680993601158146,0.6812086530327268,0.6816378881151884,0.6818520724918944,0.6820659688688481,0.6822795778265406,0.6824928999439046,0.6827059357983188,0.6829186859656132,0.6831311510200745,0.6833433315344513,0.6835552280799588,0.6839781715415939,0.6841892195925331,0.6843999859442365,0.6846104711603309,0.6848206758029403,0.6850306004326912,0.6852402456087171,0.6854496118886644,0.6856586998286963,0.6858675099834988,0.6862842991487976,0.6864922792613205,0.6866999837926762,0.6869074132902344,0.6871145682999167,0.6873214493662001,0.6875280570321232,0.6877343918392895,0.6879404543278739,0.6881462450366251,0.6885570132625312,0.6887619918501021,0.6889667007986827,0.689171140639968,0.6893753119042558,0.6895792151204521,0.6897828508160743,0.689986219517257,0.6901893217487559,0.6903921580339527,0.6907970348521204,0.6909990764250235,0.6912008541314972,0.6914023684881189,0.6916036200101181,0.6918046092113814,0.6920053366044568,0.6922058027005576,0.6924060080095672,0.6926059530400429,0.6930050642930204,0.6932042315260474,0.6934031405015988,0.6936017917216684,0.6938001856869485,0.6939983228968362,0.6941962038494366,0.6943938290415673,0.6945911989687623,0.6947883141252765,0.6951817820969097,0.6953781358941789,0.6955742368850756,0.6957700855575197,0.6959656823981766,0.69616102789246,0.6963561225245382,0.6965509667773355,0.6967455611325384,0.6969399060705979,0.6973278496109424,0.6975214491679916,0.6977148012174339,0.6979079062336058,0.6981007646896323,0.6982933770574313
2.694949494949495,0.08823078779614435,0.07472042059610873,0.06481280521002775,0.05723638163211675,0.05125498352169433,0.04641288883815853,0.04241288753597028,0.03905287676603697,0.03619063598759065,0.03372317789577017,0.03157409253848953,0.029685493573159305,0.028012725805986016,0.02652078920553702,0.0251818632197085,0.023973555682858638,0.02287764040002571,0.021879131375365235,0.020965593407808458,0.020126621520312526,0.019353442876723026,0.018638608830344405,0.01797575416199304,0.017359407004864935,0.01678483742873471,0.01624793581089401,0.015745114374551394,0.015273226904774395,0.014829502843605624,0.014411492847193341,0.014017023544228957,0.013644159731545646,0.013291172618424607,0.01295651301985934,0.012638788621756158,0.012336744614279582,0.012049247125217821,0.011775268992220367,0.011513877497447478,0.011264223756059843,0.011025533504026463,0.010797099074628003,0.010578272388475751,0.010368458810763759,0.010167111753110136,0.009973727916916086,0.009787843090522164,0.009609028427142952,0.009436887140022554,0.009271051561459465,0.009111180519789763,0.008956956994918386,0.008808086018584405,0.008664292789674066,0.008525320979970608,0.008390931207690189,0.008260899659984111,0.008135016847663934,0.008013086477652531,0.007894924430098982,0.007780357829395124,0.007669224198905478,0.007561370690808977,0.007456653383388634,0.0073549366389864534,0.00725609251657533,0.007160000233536246,0.0070665456720993,0.00697562092597126,0.006887123883479451,0.006800957843844602,0.00671703116353084,0.0066352569299936714,0.006555552660301722,0.006477840022546033,0.006402044578012522,0.006328095542315726,0.006255925563900089,0.006185470518470071,0.0061166693180065845,0.006049463733190152,0.005983798228155757,0.005919619806486143,0.005856877867834953,0.005795524073998526,0.005735512223919215,0.0056767981368288645,0.005619339543139867,0.005563095982145216,0.00550802870633349,0.005454100591605893,0.005401276053282444,0.005349520967010024,0.005298802594688401,0.005249089514769878,0.005200351556762239,0.005152559739574181,0.0051056862134871706,0.0050597042054848496,0.005014587967726358,0.6810777117342435,0.6812957552879436,0.6815135008975322,0.6817309491732777,0.6819481007237835,0.6823815160751938,0.6825977810850279,0.6828137517874923,0.683029428782947,0.6832448126701207,0.6834599040461153,0.6836747035064122,0.6838892116448776,0.6841034290537679,0.6843173563237349,0.6847443428015185,0.6849574031826663,0.6851701757715641,0.6853826611509235,0.6855948599018835,0.685806772604017,0.686018399835335,0.6862297421722922,0.6864408001897924,0.6866515744611936,0.6870722740514338,0.6872822005093062,0.6874918454991573,0.6877012095866936,0.6879102933361064,0.6881190973100775,0.6883276220697837,0.688535868174902,0.6887438361836143,0.6889515266526133,0.6893660771908204,0.6895729383660089,0.689779524213454,0.689985835282473,0.6901918721209233,0.6903976352752058,0.6906031252902718,0.6908083427096264,0.6910132880753336,0.6912179619280211,0.6916264972496955,0.6918303597927994,0.6920339529711271,0.6922372773181961,0.6924403333661154,0.6926431216455916,0.6928456426859314,0.6930478970150483,0.6932498851594658,0.6934516076443223,0.6938542577290094,0.6940551863722331,0.6942558514426909,0.6944562534586645,0.6946563929370774,0.6948562703934997,0.6950558863421522,0.6952552412959115,0.6954543357663133,0.6956531702635581,0.6960500613727227,0.6962481189984027,0.6964459186784535,0.6966434609164611,0.696840746214701,0.6970377750741432,0.6972345479944557,0.6974310654740099,0.6976273280098836,0.697823336097866,0.6982145909068933,0.6984098386131097,0.6986048338417853,0.6987995770823272,0.6989940688228782,0.699188309550321,0.6993822997502828,0.6995760399071382,0.6997695305040148,0.6999627720227956,0.7003485097474078,0.7005410069108228,0.7007332569113164,0.7009252602246124,0.7011170173252147,0.7013085286864108
2.7333333333333334,0.08824183655355433,0.07473012934995171,0.06482153114554867,0.05724435586310617,0.05126236417298102,0.04641978885071951,0.04241939038285314,0.03905904588191256,0.036196520705871094,0.03372881733838584,0.031579518251073746,0.029690731361466827,0.028017797047743098,0.026525711807709684,0.0251866523303077,0.023978224229139644,0.022882199501517597,0.021883590665119357,0.02096996128528894,0.02013090535263473,0.01935764916057192,0.018642743323164734,0.0179798219894316,0.01736341274933295,0.016788785202964895,0.01625182931943958,0.01574895696551859,0.015277021613597008,0.014833252430293431,0.014415199828190839,0.014020690219761045,0.013647788209242173,0.013294764833786776,0.012960070754073905,0.012642313517258752,0.012340238188391028,0.0120527107821502,0.01177870403366188,0.01151728513194461,0.011267605107340373,0.011028889618415527,0.010800430927667803,0.010581580890851483,0.010371744813620798,0.01017037605284965,0.009976971259503586,0.009791066175368623,0.009612231910658409,0.00944007163881222,0.009274217655239614,0.009114328754035617,0.008960087883301826,0.008811200045159562,0.008667390410929676,0.008528402626675535,0.008393997286608834,0.008263950555442268,0.008138052922997296,0.008016108076557948,0.007897931877826947,0.007783351433923169,0.0076722042519816736,0.007564337468930815,0.007459607148706304,0.0073578776401588275,0.007259020989526133,0.007162916402202124,0.0070694497491013975,0.006978513113245266,0.006890004372867908,0.006803826817641467,0.006719888794998963,0.006638103383849847,0.0065583880931483485,0.006480664583308315,0.006404858408326941,0.006330898776896188,0.006258718330891089,0.006188252939767436,0.006119441509566337,0.006052225805312728,0.005986550285752568,0.005922361949380783,0.005859610190895426,0.005798246667490514,0.005738225173611444,0.005679501524315178,0.005622033445904395,0.00556578047380929,0.005510703856811738,0.005456766467287655,0.005403932717157445,0.005352168478812369,0.0053014410110521215,0.005251718889354273,0.005202971940365564,0.005155171180256213,0.005108288756684121,0.005062297894104062,0.005017172842258222,0.6841432461535846,0.6843601651502992,0.6845767864072451,0.6847931105370115,0.6850091381505083,0.6854403062639712,0.6856554479774117,0.6858702956015438,0.6860848497389662,0.6862991109906327,0.6865130799558574,0.6867267572323205,0.6869401434160739,0.6871532391015462,0.6873660448815488,0.6877907890883376,0.6880027286927087,0.6882143807467921,0.6884257458353938,0.688636824541736,0.6888476174474611,0.6890581251326375,0.6892683481757651,0.6894782871537801,0.6896879426420606,0.6901064054431724,0.6903152138990166,0.6905237411511629,0.6907319877672774,0.690939954313499,0.6911476413544452,0.6913550494532166,0.6915621791714022,0.6917690310690848,0.6919756057048456,0.6923879254174488,0.6925936716039914,0.6927991427480222,0.6930043394006905,0.6932092621116732,0.6934139114291811,0.6936182878999628,0.6938223920693104,0.6940262244810638,0.6942297856776152,0.6946360965874758,0.694838847378377,0.6950413291092702,0.6952435423153837,0.6954454875305266,0.6956471652870947,0.6958485761160741,0.6960497205470464,0.6962505991081932,0.6964512123263008,0.6968516448335942,0.6970514651694167,0.6972510222554833,0.6974503166116718,0.6976493487564926,0.697848119207092,0.6980466284792578,0.6982448770874229,0.6984428655446703,0.6986405943627371,0.6990352751215758,0.6992322280791331,0.6994289234310894,0.6996253616825195,0.699821543337178,0.700017468897505,0.7002131388646292,0.700408553738373,0.700603714017256,0.7007986201985,0.7011876722504929,0.7013818191092324,0.7015757138463224,0.7017693569525575,0.7019627489174582,0.7021558902292767,0.7023487813750002,0.7025414228403554,0.7027338151098118,0.7029259586665871,0.7033095015687243,0.7035009018742941,0.7036920553876067,0.7038829625856766,0.7040736239442903,0.704264039938009
2.771717171717172,0.08825645100495927,0.07474285239088208,0.06483286700139901,0.0572546307912557,0.051271801396469696,0.046428547809213794,0.04242758891797027,0.03906677354841093,0.036203847152765145,0.033735797799949174,0.03158619726675871,0.029697145368313693,0.02802397623224584,0.026531681457133915,0.025192433837526118,0.02398383585237507,0.022887656947404356,0.021888907542190306,0.02097514946095913,0.02013597523736954,0.019362609936314112,0.018647603128643997,0.017984588071798147,0.017368091589189838,0.01679338261820329,0.01625635055205399,0.015753406754643207,0.015281404257286635,0.014837571838140717,0.014419459566251791,0.014024893549189676,0.013651938119628837,0.013298864072055161,0.012964121849622479,0.012646318803922085,0.012344199823697055,0.01205663076425767,0.011782584216304959,0.011521127237664186,0.011271410739235987,0.01103266027060068,0.010804167994612257,0.010585285675737577,0.010375418535844227,0.010174019854785499,0.00998058621254172,0.009794653285447597,0.009615792123224942,0.00944360584333781,0.00927772668931759,0.009117813407117037,0.008963548900122187,0.008814638128814223,0.008670806225749117,0.008531796800836822,0.008397370414529037,0.008267303199985698,0.008141385617515207,0.008019421326741716,0.007901226163452235,0.007786627210443542,0.00767546195200719,0.00756757750359438,0.007462829908937096,0.00736108349787068,0.007262210298689564,0.007166089499881623,0.007072606956399885,0.006981654736188503,0.006893130703227612,0.006806938133705476,0.006722985362292544,0.00664118545581005,0.0065614559117420646,0.006483718379631687,0.0064078984031556985,0.0063339251812054576,0.006261731346336341,0.0061912527591468924,0.006122428317247741,0.006055199777636799,0.00598951159140404,0.005925310749770651,0.00586254664052599,0.005801170914157661,0.005741137358829307,0.00568240178352275,0.0056249219087818325,0.005568657264513277,0.0055135690942070825,0.005459620265193865,0.005406775184546242,0.005354999720012521,0.005304261125956722,0.005254527973595935,0.005205770085487393,0.0051579584738832285,0.005111065282670801,0.005065063732696773,0.005019928070229218,0.6871504371071603,0.6873662346245206,0.6875817346412668,0.687796937772181,0.6880118446303527,0.6884407719723974,0.688654793674038,0.6888685215384822,0.6890819561704429,0.6892950981729743,0.6895079481474781,0.6897205066937094,0.6899327744097821,0.6901447518921743,0.690356439735734,0.6907789488776325,0.6909897713575673,0.6912003065618733,0.6914105550773314,0.6916205174891259,0.6918301943808494,0.6920395863345081,0.692248693930528,0.6924575177477592,0.692666058363482,0.6930822922917059,0.6932899867509646,0.6934974003022419,0.6937045335150472,0.6939113869573511,0.6941179611955917,0.6943242567946784,0.6945302743179979,0.694736014327419,0.6949414773832981,0.6953515748683219,0.6955562104106611,0.6957605712258571,0.695964657866779,0.6961684708848125,0.6963720108298664,0.6965752782503765,0.6967782736933114,0.6969809977041764,0.6971834508270194,0.6975875465775707,0.6977891902861288,0.6979905652683744,0.6981916720611391,0.6983925111998243,0.6985930832184084,0.69879338864945,0.6989934280240927,0.6991932018720702,0.699392710721711,0.6997909355322968,0.6999896525429133,0.7001881066545456,0.7003862983885646,0.7005842282649634,0.7007818968023624,0.7009793045180129,0.7011764519278023,0.7013733395462585,0.7015699678865537,0.7019624487786031,0.702158302349967,0.7023538986823977,0.7025492382823588,0.702744321654985,0.7029391493040867,0.7031337217321545,0.7033280394403632,0.703522102928576,0.7037159126953494,0.7041027730522941,0.7042958246330813,0.7044886244736693,0.7046811730661431,0.7048734709013056,0.7050655184686824,0.7052573162565259,0.705448864751819,0.7056401644402798,0.705831215806365,0.7062125755029561,0.7064028847961074,0.7065929476921824,0.7067827646693939,0.7069723362047182,0.7071616627738988
2.81010101010101,0.08827446588434107,0.07475844994081038,0.0648466916906637,0.05726709962292298,0.051283199682698566,0.046439079339011924,0.04243740431287679,0.039075987275899005,0.0362125482383836,0.03374405684553772,0.03159407120496427,0.02970468077604238,0.02803121169757683,0.02653864930648886,0.02519916141997458,0.02399034651068943,0.02289397076328581,0.021895041915892643,0.020981119567549666,0.0201417943899741,0.019368289878019307,0.01865315426938685,0.01799001968217029,0.017373411960242557,0.016798599194168262,0.016261470041301962,0.01575843522303566,0.0152863472071465,0.014842434275493921,0.014424246058253765,0.01402960827350952,0.013656584907055569,0.013303446443426292,0.01296864304796419,0.012650781822516222,0.012348607430688552,0.01206098552430479,0.011786888509671356,0.01152538327713537,0.011275620585126767,0.011036825844123799,0.010808291089807187,0.010589367970149643,0.01037946160010339,0.010178025161247994,0.009984555143008556,0.009798587138214021,0.00961969211942515,0.009447473132703998,0.009281562355414996,0.009121618472107906,0.008967324329134163,0.008818384833868875,0.008674525069430783,0.00853548859961406,0.008401035941811408,0.00827094318893773,0.00814500076365221,0.008023012290293452,0.00790479357158358,0.007790171659281309,0.0076789840085256245,0.00757107770735832,0.007466308773715902,0.007364541513155243,0.007265647931053998,0.007169507194307756,0.007076005137475527,0.006985033809232988,0.006896491055341181,0.006810280134751268,0.00672630936581442,0.0066444917998742525,0.006564744919754784,0.006486990361081801,0.006411153654320101,0.006337163985807193,0.006264953976167331,0.006194459474646918,0.0061256193680530036,0.00605837540309917,0.005992672021070011,0.005928456203822208,0.005865677330260333,0.005804287042332712,0.005744239120099248,0.005685489364762986,0.005627995489462578,0.0055717170169946595,0.005516615184059881,0.005462652851502159,0.005409794420147662,0.005358005751800454,0.0053072540950951375,0.005257508015766188,0.005208737331115265,0.005160913048340654,0.005114007306487922,0.005067993321744013,0.005022845335899029,0.6901009342323937,0.6903156137745848,0.6905299960883782,0.6907440817906253,0.6909578714964719,0.6913845653710534,0.6915974707616046,0.6918100825993985,0.6920224014911406,0.6922344280418652,0.6924461628549413,0.6926576065320794,0.692868759673336,0.6930796228771194,0.6932901967401962,0.6937104788231179,0.6939201882283349,0.6941296106636006,0.6943387467175541,0.6945475969772259,0.694756162028043,0.6949644424538345,0.6951724388368371,0.6953801517577011,0.6955875817954944,0.6960015955302663,0.6962081803775221,0.696414484642272,0.6966205088957564,0.6968262537076668,0.6970317196461497,0.6972369072778128,0.6974418171677299,0.6976464498794458,0.6978508059749818,0.6982586905580134,0.6984622201619801,0.6986654753827194,0.6988684567747119,0.6990711648909449,0.6992736002829175,0.6994757635006464,0.6996776550926699,0.6998792756060532,0.7000806255863935,0.7004825161230235,0.7006830577632112,0.7008833310381621,0.7010833364862064,0.7012830746442351,0.7014825460477061,0.7016817512306468,0.7018806907256608,0.702079365063932,0.7022777747752288,0.7026738024289274,0.7028714214238336,0.7030687778967838,0.7032658723705416,0.7034627053664839,0.7036592774046048,0.7038555890035207,0.7040516406804747,0.7042474329513406,0.7044429663306289,0.7048332584657178,0.7050280182437574,0.7052225211747065,0.7054167677663209,0.7056107585250191,0.7058044939558865,0.7059979745626799,0.7061912008478313,0.7063841733124533,0.7065768924563428,0.7069615727745577,0.7071535349419374,0.7073452457747006,0.7075367057661305,0.7077279154082197,0.7079188751916753,0.7081095856059227,0.70830004713911,0.7084902602781119,0.708680225508534,0.7090594141797407,0.7092486385854283,0.70943761701235,0.7096263499398276,0.7098148378459385,0.7100030812075192
2.8484848484848486,0.08829572490385929,0.07477678981633618,0.06486289070655238,0.05728166136874646,0.05129646871398186,0.04645130176142209,0.042448762025456666,0.03908661851700079,0.03622256052198769,0.03375353543671977,0.03160308486153107,0.029713285750017526,0.028039454593551838,0.026546569167411715,0.025206791278116647,0.023997714560326622,0.022901101260664913,0.021901955879196078,0.02098783532790327,0.020148328030109464,0.019374655584786238,0.018659364619832197,0.017996085877587498,0.01737934401915231,0.01680440611260048,0.016267159926795505,0.015764015407372267,0.015291824341720717,0.014847814412512594,0.014429534720093673,0.014034810512346674,0.013661705356323273,0.013308489362413356,0.012973612360617892,0.012655681151343967,0.012353440126471438,0.01206575469223714,0.011791597032421719,0.011530033835267628,0.011280215675223526,0.011041367794926371,0.010812782076617733,0.01059381002772497,0.01038385663422181,0.010182374959130547,0.009988861382642322,0.00980285139686543,0.009623915881289635,0.009451657795859103,0.009285709238131878,0.00912572881860485,0.008971399314842143,0.008822425570173209,0.008678532608093037,0.008539463936778846,0.00840498002169221,0.008274856907203532,0.008148884970567871,0.008026867793555659,0.007908621139004701,0.0077939720212319985,0.0076827578602034485,0.007574825710884747,0.007470031560090407,0.007368239684066191,0.007269322060539651,0.007173157830335231,0.007079632803391411,0.006988639005117592,0.00690007425927297,0.006813841803983478,0.00672984993788972,0.006648011693637823,0.006568244536330425,0.006490470084775879,0.006414613853466755,0.006340605013563594,0.006268376171262413,0.00619786316207982,0.006129004859754761,0.0060617429985498905,0.005996022007903168,0.005931788858330789,0.005868992917966165,0.005807585818459748,0.005747521330022876,0.005688755244428134,0.005631245265858009,0.00557495090851301,0.005519833400858709,0.005465855595859992,0.00541298188678363,0.005361178128232225,0.005310411561883832,0.005260650746830686,0.005211865493997214,0.0051640268044506055,0.00511710681136035,0.005071078725260025,0.005025916782504192,0.6929963255627177,0.6932098910255386,0.6934231595635717,0.6936361317956182,0.6938488083387614,0.6942732768181153,0.6944850699799545,0.6946965699041592,0.6949077771993101,0.6951186924723053,0.6953293163283656,0.6955396493710401,0.6957496922022129,0.6959594454221084,0.6961689096292965,0.696586973391595,0.6967955741356264,0.6970038882448039,0.697211916309512,0.6974196589185154,0.6976271166589639,0.6978342901163982,0.6980411798747551,0.6982477865163734,0.6984541106219994,0.6988659135403277,0.6990713935066075,0.6992765932440609,0.6994815133255513,0.6996861543223826,0.6998905168043026,0.7000946013395101,0.700298408494659,0.7005019388348639,0.7007051929237055,0.7011108745939825,0.7013133032949552,0.7015154579836506,0.7017173392160563,0.701918947546657,0.7021202835284396,0.7023213477128976,0.7025221406500368,0.70272266288838,0.7029229149749717,0.7033226108737199,0.7035220557726203,0.7037212326932677,0.7039201421753909,0.7041187847572704,0.7043171609757433,0.7045152713662078,0.7047131164626285,0.7049106967975401,0.7051080129020538,0.7055018545372375,0.7056983811230502,0.7058946455887596,0.7060906484584256,0.7062863902547127,0.7064818714988932,0.7066770927108528,0.7068720544090952,0.7070667571107461,0.7072612013315587,0.7076493163868424,0.7078429882459948,0.708036403673681,0.7082295631788564,0.7084224672691309,0.7086151164507724,0.7088075112287121,0.708999652106548,0.7091915395865507,0.7093831741696658,0.7097656866424249,0.7099565655273804,0.7101471935060808,0.7103375710729172,0.7105276987209831,0.7107175769420785,0.7109072062267134,0.7110965870641129,0.7112857199422203,0.7114746053477031,0.7118516356811014,0.7120397815760039,0.7122276819322629,0.7124153372302234,0.7126027479489776,0.7127899145663701
2.886868686868687,0.08832008016721737,0.07479774693247188,0.06488135569239306,0.05729822046431654,0.05131152302508202,0.046465137786745214,0.04246159151973261,0.03909860240888219,0.036233823973391366,0.033764177709478815,0.031613186001018256,0.0297229112435623,0.028048658697841455,0.026555397336596287,0.02521528196931966,0.024005900598789265,0.0229090108874066,0.02190961356586718,0.02099526241821692,0.020155543250499397,0.01938167545477798,0.018666203785071223,0.018002757382297063,0.017385859530800296,0.01681077610847148,0.016273393849993933,0.01577012179805526,0.015297810948118107,0.014853688285461075,0.014435302293766994,0.014040477673679108,0.013667277504908482,0.01331397146242097,0.012979008985970375,0.012660996525173829,0.012358678155714675,0.012070918998057012,0.011796690977059043,0.011535060545804332,0.01128517806468654,0.011046268581065055,0.010817623798673792,0.010598595061435678,0.010388587205281907,0.010187053155324644,0.009993489164693337,0.009807430608334777,0.0096284482574861,0.00945614497192171,0.009290152756383008,0.009130130135236114,0.008975759806039374,0.008826746537634045,0.008682815284169587,0.008543709489136186,0.008409189557595176,0.008279031477458454,0.008153025573159556,0.008030975376964178,0.007912696605310354,0.007798016228960036,0.007686771626958633,0.007578809815792842,0.007473986746070915,0.007372166659912693,0.007273221502888116,0.007177030385474237,0.007083479088953015,0.0069924596116506255,0.006903869751711755,0.0068176127230218375,0.006733596801266284,0.006651734997317638,0.006571944755641934,0.006494147675457862,0.006418269252652875,0.00634423864070599,0.006271988429000008,0.006201454437054443,0.00613257552337898,0.006065293407726546,0.005999552505709604,0.005935299774647129,0.005872484570110914,0.00581105851168473,0.005750975358152832,0.00569219089033679,0.00563466280188929,0.005578350596999293,0.005523215494522171,0.005469220338231606,0.005416329512609064,0.005364508863783923,0.005313725625366139,0.0052639483486748295,0.005215146837187823,0.005167292084821917,0.005120356217873656,0.005074312440276674,0.005029134982044381,0.6958381403764423,0.6960505960148526,0.6962627550618884,0.6964746181381856,0.6966861858626495,0.6971084377230851,0.6973191230882699,0.6975295155600602,0.6977396157487994,0.6979494242631362,0.6981589417100307,0.6983681686947601,0.6985771058209244,0.6987857536904524,0.6989941129036074,0.6994099677535583,0.6996174645826052,0.6998246751397922,0.7000316000171409,0.7002382398050415,0.7004445950922592,0.7006506664659383,0.7008564545116087,0.7010619598131917,0.7012671829530052,0.7016767850686085,0.7018811652010659,0.702085265485099,0.7022890864950901,0.7024926288038509,0.7026958929826272,0.7028988796011055,0.7031015892274167,0.7033040224281427,0.7035061797683211,0.7039096691194962,0.7041110022528941,0.7043120617705579,0.7045128482298825,0.70471336218675,0.7049136041955347,0.7051135748091082,0.7053132745788444,0.7055127040546246,0.7057118637848426,0.7061093761947603,0.7063077299638549,0.7065058161661877,0.7067036353427898,0.7069011880332348,0.7070984747756434,0.7072954961066886,0.7074922525616001,0.7076887446741699,0.707884972976756,0.7082766402742735,0.7084720803267981,0.7086672586845354,0.7088621758727486,0.7090568324152964,0.7092512288346373,0.7094453656518348,0.7096392433865609,0.7098328625571022,0.7100262236803633,0.7104121738457844,0.7106047639148878,0.7107970979906069,0.7109891765830076,0.7111810002008019,0.7113725693513517,0.7115638845406739,0.7117549462734446,0.7119457550530035,0.7121363113813587,0.712516668685856,0.712706470659394,0.7128960221765286,0.713085323732674,0.7132743758219383,0.7134631789371289,0.713651733569755,0.7138400402100338,0.7140280993468934,0.7142159114679777,0.7145907966069988,0.7147778705938389,0.7149646995027188,0.715151283814923,0.715337624010477,0.7155237205681506
2.9252525252525254,0.08834739162811345,0.07482120284451066,0.06490198404467262,0.05731668641999166,0.051328281689959065,0.04648051423091981,0.042475826007209116,0.03911187753533685,0.0362462817528455,0.03377593076921215,0.03162432516497593,0.02973351081788722,0.02805878024622388,0.026565092435258397,0.02522459425559198,0.024014867320028555,0.022917664089704415,0.02191798101859488,0.0210033683418146,0.02016340889587953,0.01938931956894252,0.018673642988973893,0.01801000647998574,0.017392931764317665,0.016817683369561687,0.016280146857096223,0.015776730245205428,0.015304283630927284,0.014860033208353496,0.014441526761597934,0.014046588370497548,0.013673280561920409,0.013319872516892595,0.012984813232488568,0.012666708760414647,0.012364302817689521,0.012076460200636685,0.011802152540432487,0.011540446023443507,0.011290490767284278,0.011051511597843455,0.010822800016407896,0.010603707181474964,0.010393637758817853,0.010192044517159937,0.009998423565539594,0.009812310146050884,0.009633274907178913,0.009460920595115385,0.00929487910935567,0.009134808876607448,0.008980392503697754,0.008831334675025948,0.00868736026610406,0.008548212647076281,0.008413652154517948,0.00828345471231906,0.008157410585023173,0.008035323248754445,0.007917008367335554,0.007802292862135296,0.007691014065790092,0.007583018951149989,0.007478163427752982,0.007376311699016647,0.0072773356740303274,0.007181114428846502,0.007087533712235139,0.006996485491797877,0.006907867536616097,0.006821583033065459,0.006737540230785433,0.006655652115936994,0.006575836109564803,0.006498013788650336,0.006422110627960498,0.0063480557609035815,0.006275781757772214,0.006205224419922217,0.006136322588567555,0.006069017966989776,0.006003254955072257,0.005938980495204582,0.005876143928627675,0.005814696861266011,0.0057545930388953614,0.005695788229852394,0.005638240115905413,0.00558190818980242,0.00552675365952171,0.005472739358375889,0.005419829660833875,0.005367990403438161,0.005317188810593176,0.005267393424794653,0.005218574041041868,0.0051707016451285615,0.005123748355534308,0.005077687368689188,0.005032492907390385,0.6986278518889867,0.6988392022869571,0.6990502564552533,0.6992610150162348,0.6994714785905185,0.6998915232527855,0.7001011055733466,0.7003103953723776,0.7005193932618756,0.7007280998521314,0.700936515751736,0.7011446415675863,0.701352477904891,0.7015600253671761,0.7017672845562916,0.7021809405140641,0.7023873384780901,0.7025934505596957,0.7027992773524347,0.7030048194482191,0.7032100774373241,0.7034150519083946,0.7036197434484504,0.7038241526428918,0.7040282800755053,0.7044356919823587,0.7046389776161521,0.7048419838072358,0.7050447111314101,0.7052471601628938,0.7054493314743311,0.7056512256367957,0.7058528432197966,0.7060541847912839,0.7062552509176533,0.7066565590928842,0.7068568022668151,0.707056772245778,0.7072564695884781,0.7074558948520981,0.7076550485923039,0.7078539313632487,0.7080525437175793,0.7082508862064405,0.7084489593794802,0.7088442999692344,0.7090415684778067,0.709238569854284,0.709435304640906,0.7096317733784465,0.7098279766062177,0.7100239148620746,0.7102195886824207,0.710414998602213,0.7106101451549659,0.7109996502862318,0.7111940099246077,0.71138810831568,0.7115819459858258,0.7117755234600088,0.7119688412617852,0.7121618999133063,0.7123546999353253,0.7125472418472008,0.7127395261669015,0.7131233240947346,0.7133148387318982,0.713506097834959,0.7136971019150071,0.7138878514817704,0.7140783470436194,0.7142685891075714,0.7144585781792953,0.7146483147631161,0.714837799362019,0.7152160146103413,0.7154047462590735,0.715593227921522,0.7157814600940406,0.7159694432716701,0.7161571779481423,0.7163446646158845,0.7165319037660237,0.7167188958883914,0.7169056414715269,0.7172783949678274,0.7174644038516518,0.7176501681375709,0.7178356883077298,0.7180209648430069,0.7182059982230186
2.963636363636364,0.08837752658979214,0.07484704532467112,0.06492467854620843,0.057336973497302934,0.05134666803230348,0.046497361753688904,0.04249140220785874,0.03912638570694571,0.036259880007386114,0.033788744501299095,0.03163645549476901,0.029745040475690043,0.02806977777573394,0.026575615260800656,0.025234690962880668,0.024024579380642952,0.022927027184523774,0.021927026067127153,0.0210121223125056,0.020171895451139066,0.01939755958356504,0.018681654970826966,0.018017806914182977,0.01740053539702069,0.016825103443672274,0.016287395309317443,0.01578381787180183,0.01531122022804332,0.01486682769132086,0.014448187266991375,0.01405312234380951,0.013679694833230505,0.013326173366447702,0.012991006447766407,0.01267279968597157,0.012370296398854008,0.012082361021939936,0.011807964859523512,0.011546173801108006,0.011296137694091435,0.01105708111787218,0.010828295348420114,0.010609131337865896,0.010398993562629077,0.010197334617346843,0.010003650450744361,0.009817476157060634,0.009638382248174038,0.009465971343884272,0.009299875226566279,0.009139752214268104,0.008985284812821792,0.008836177612688179,0.00869215540186885,0.008552961468886622,0.00841835607410546,0.008288115070173574,0.008162028654987497,0.008039900242192477,0.00792154543706014,0.007806791105987476,0.00769547452996433,0.007587442633267605,0.00748255127973152,0.00738066462968745,0.007281654551623107,0.007185400083268956,0.0070917869372041364,0.007000707046819432,0.006912058148842548,0.006825743399023421,0.0067416710179899475,0.006659753964394444,0.006579909633196657,0.006502059576613428,0.006426129245889811,0.0063520477520763174,0.006279747644204248,0.006209164703396608,0.006140237751597111,0.006072908473735206,0.006007121252225911,0.00594282301265503,0.0058799630804494685,0.00581849304632609,0.005758366641474333,0.005699539620359295,0.005641969651473788,0.005585616214861755,0.005530440506332779,0.005476405347557445,0.005423475101838271,0.005371615595029744,0.005320794041264065,0.0052709789731983925,0.0052221401763977715,0.005174248627577871,0.005127276436504125,0.005081196791238085,0.005035983906524488,0.7013668797984322,0.7015771298409272,0.7017870840422912,0.7019967430264983,0.7022061074157695,0.7026239548896577,0.7028324392100043,0.7030406314068867,0.70324853209385,0.7034561418827225,0.7036634613836215,0.7038704912049594,0.7040772319534492,0.7042836842341115,0.7044898486502791,0.7049013162940612,0.7051066207199584,0.7053116396779379,0.7055163737629843,0.7057208235684298,0.7059249896859603,0.7061288727056205,0.7063324732158202,0.7065357918033394,0.7067388290533345,0.7071440618732914,0.7073462586054967,0.7075481763246759,0.7077498156079496,0.7079511770308476,0.7081522611673152,0.7083530685897175,0.7085535998688456,0.7087538555739217,0.7089538362726049,0.7093529749136437,0.7095521339835479,0.7097510203021681,0.7099496344294259,0.7101479769237119,0.7103460483418899,0.7105438492393032,0.7107413801697787,0.7109386416856329,0.7111356343376765,0.7115288152460773,0.7117250045965742,0.7119209272715497,0.712116583814363,0.7123119747668982,0.7125071006695696,0.7127019620613256,0.7128965594796551,0.7130908934605912,0.7132849645387171,0.7136723201176481,0.7138656056804116,0.7140586304642912,0.7142513949966914,0.7144438998035958,0.7146361454095709,0.7148281323377718,0.715019861109947,0.7152113322464424,0.7154025462662066,0.7157842050243757,0.7159746507937325,0.7161648415082706,0.7163547776800214,0.716544459819646,0.7167338884364407,0.7169230640383414,0.7171119871319279,0.7173006582224286,0.717489077813725,0.7178651645075227,0.7180528326110925,0.7182402512176037,0.7184274208242704,0.7186143419269854,0.7188010150203263,0.7189874405975594,0.7191736191506429,0.7193595511702331,0.7195452371456867,0.7199158729151469,0.7201008236814137,0.7202855303480731,0.7204699933980534,0.7206542133130099,0.7208381905733294
3.0020202020202023,0.0884103592421055,0.07487516797046545,0.06494934702681843,0.057359000409612504,0.051366609357767046,0.04651561461638076,0.04250826012902187,0.03914207175771278,0.03627456768263071,0.0338025713958654,0.0316495325676891,0.02975745850723932,0.028081611979574705,0.026586928649594332,0.025245536850924677,0.02403500327610386,0.02293706824161723,0.02193671821555443,0.02102149514668905,0.0201809749378542,0.019406368630888293,0.018690213889720808,0.01802613379616036,0.017408646425546515,0.016833013152794063,0.016295116799887377,0.015791362993369806,0.015318599732822236,0.014874051365101004,0.014455264041124627,0.014060060391414386,0.013686501652220517,0.013332855851490466,0.012997570952901327,0.012679252079303871,0.01237664211049605,0.012088605086185034,0.011814111952054396,0.011552228271935139,0.011302103596795066,0.01106296223563119,0.010834095217243545,0.010614853267388202,0.010404640654779529,0.010202909783073255,0.010009156425168753,0.00982291551311365,0.00964375740894896,0.009471284593833729,0.009305128721681766,0.009144947991357899,0.008990424797917118,0.0088412636287859,0.008697189175978282,0.008557944638492798,0.008423290193101951,0.008293001614317008,0.008166869026910661,0.00804469577601763,0.007926297402673588,0.007811500712977981,0.00770014293126442,0.007592070928528871,0.007487140518462554,0.007385215814132762,0.00728616863947984,0.007189877990189997,0.007096229539133692,0.007005115182168842,0.006916432620517221,0.006830084976329087,0.006745980438382149,0.006664031935152526,0.006584156832967869,0.0065062766568654284,0.006430316832273242,0.006356206445702228,0.00628387802284236,0.006213267322604965,0.0061443131457848965,0.006076957157150398,0.006011143719900525,0.005946819741359799,0.005883934529360757,0.005822439657987677,0.005762288842433461,0.005703437821977686,0.0056458442504574435,0.005589467594000808,0.005534269035044059,0.005480211382457023,0.005427258987297123,0.005375377663653591,0.0053245346144065175,0.005274698361388719,0.005225838679790984,0.0051779265363582905,0.005130934031291945,0.005084834343447753,0.005039601678730965,0.7040565926936309,0.7042657475405714,0.704474606960387,0.7046831715785634,0.7048914420188219,0.7053071028516856,0.7055144944829667,0.7057215944136943,0.7059284032588601,0.7061349216317283,0.7063411501438412,0.7065470894050264,0.7067527400234009,0.7069581026053795,0.7071631777556785,0.7075724681716528,0.7077766846383271,0.7079806160753318,0.7081842630789846,0.708387626243941,0.7085907061631997,0.708793503428109,0.708996018628372,0.7091982523520528,0.7094002051855818,0.7098032705197717,0.7100043841851763,0.710205219289928,0.7104057764123739,0.7106060561292609,0.7108060590157419,0.711005785645381,0.7112052365901586,0.7114044124204773,0.711603313705167,0.7120002949051507,0.712198375950291,0.7123961847095058,0.7125937217438438,0.7127909876128128,0.7129879828743859,0.7131847080850063,0.7133811637995929,0.7135773505715448,0.7137732689527471,0.7141643027429044,0.7143594192481055,0.7145542695550597,0.7147488542081585,0.7149431737503104,0.715137228722945,0.7153310196660193,0.7155245471180212,0.7157178116159758,0.7159108136954495,0.7162960327339588,0.7164882507568802,0.7166802084891019,0.7168719064589726,0.7170633451934117,0.7172545252179148,0.7174454470565579,0.7176361112320023,0.7178265182655,0.7180166686768974,0.7183962017057814,0.7185855853559787,0.7187747144495064,0.7189635894992563,0.7191522110167438,0.7193405795121114,0.7195286954941346,0.719716559470225,0.7199041719464359,0.7200915334274667,0.7204655054160423,0.7206521169262562,0.7208384794466371,0.7210245934751816,0.7212104595085592,0.7213960780421169,0.7215814495698829,0.7217665745845717,0.7219514535775884,0.7221360870390324,0.722504619321101,0.7226885191154379,0.7228721753256346,0.7230555884353296,0.7232387589268813,0.723421687281373
3.0404040404040407,0.08844577023285827,0.07490546984207835,0.06497590204911763,0.05738269004494301,0.051388036706024875,0.046535210457644416,0.042526342860685795,0.03915888335675699,0.03629029634846859,0.033817366385536785,0.031663514245209745,0.02977072534785863,0.02809424557277418,0.026598997349929987,0.025257098492748598,0.024046107226157964,0.02294775697428031,0.021947028537994018,0.021031459163459165,0.020190620818491767,0.01941572122708446,0.018699295236020874,0.018034963519633185,0.01741724208358164,0.016841390513640198,0.01630329007721354,0.015799345043560065,0.015326402221998214,0.014881684911127735,0.014462738335083603,0.014067384301964747,0.013693683315660565,0.013339902749817778,0.013004489981735645,0.012686049607213201,0.012383324031003728,0.012095176863516355,0.011820578661495551,0.011558594635566188,0.011308374015202127,0.011069140816144851,0.010840185799138813,0.01062085944443425,0.010410565795498594,0.010208757048874473,0.010014928786784338,0.009828615765389848,0.00964938818424399,0.009476848374165403,0.009310627849760111,0.009150384680652102,0.008995801141768567,0.008846581608808024,0.008702450669693995,0.008563151426348004,0.008428443964893173,0.008298103975115212,0.008171921502473367,0.008049699817821332,0.007931254392533171,0.00781641196731353,0.0077050097050545,0.007596894418966049,0.007491921868361673,0.007389956115043228,0.007290868934636596,0.007194539277226242,0.007100852772609856,0.0070097012759328114,0.006920982449905466,0.006834599380224793,0.006750460221122467,0.006668477868333578,0.006588569657123955,0.006510657083042992,0.006434665543506135,0.006360524098397935,0.00628816524808351,0.006217524727371804,0.0061485413141066925,0.006081156651187802,0.006015315080941108,0.005950963490819361,0.005888051169706365,0.005826529673542469,0.005766352700182886,0.005707475972322351,0.005649857128037561,0.0055934556182318795,0.005538232610894589,0.005484150900987084,0.005431174826259433,0.005379270188044849,0.005328404176973223,0.005278545303155857,0.005229663330499124,0.005181729214938313,0.005134715046273941,0.005088593993371693,0.005043340252530615,0.7066983103334562,0.7069063753955129,0.7071141454686001,0.7073216211796144,0.7075288031536772,0.7079422883825965,0.7081485928788771,0.7083546061210666,0.7085603287255049,0.7087657613067936,0.7089709044778032,0.7091757588496785,0.7093803250318444,0.7095846036320128,0.7097885952561878,0.7101957199920731,0.7103988543073083,0.710601704053612,0.7108042698285405,0.711006552227978,0.7112085518461431,0.7114102692755939,0.7116117051072341,0.711812859930319,0.7120137343324605,0.7124146442161824,0.7126146808648239,0.712814439426656,0.7130139204811616,0.7132131246062149,0.7134120523780862,0.7136107043714488,0.7138090811593835,0.7140071833133836,0.7142050114033622,0.7145998476630316,0.7147968569646905,0.7149935944662746,0.7151900607298718,0.7153862563160212,0.7155821817837181,0.71577783769042,0.7159732245920517,0.7161683430430097,0.7163631935961687,0.7167520932130069,0.7169461433748703,0.7171399278353129,0.7173334471396754,0.7175267018318069,0.7177196924540704,0.7179124195473475,0.7181048836510437,0.7182970853030938,0.7184890250399657,0.7188721209067487,0.7190632781023105,0.7192541755140065,0.7194448136710487,0.719635193101213,0.719825314330844,0.720015177884859,0.7202047842867537,0.7203941340586066,0.7205832277210842,0.7209606487935452,0.7211489772378423,0.7213370516414014,0.7215248725178983,0.721712440379625,0.7218997557374943,0.722086819101044,0.7222736309784425,0.7224601918764924,0.722646502300635,0.7230183737421895,0.7232039357637217,0.7233892493195963,0.7235743149085189,0.7237591330278617,0.7239437041736668,0.7241280288406524,0.7243121075222154,0.7244959407104373,0.7246795288960878,0.7250459722162211,0.7252288283257241,0.7254114413827051,0.7255938118714403,0.7257759402749213,0.725957827074857
3.078787878787879,0.08848364627050709,0.07493785512627127,0.06500426061730946,0.05740796920908686,0.05141088462098353,0.04655609008558759,0.0425455963857474,0.039176770833760366,0.03630702003750508,0.03383308669506402,0.03167836053234985,0.02978480344584067,0.028107643167681884,0.026611787904272655,0.025269344162982654,0.024057861068620068,0.02295906463811015,0.0219579295818072,0.02104198809201574,0.02020080790762635,0.019425593186983003,0.018708875749329335,0.01804427368173056,0.017426300765609803,0.01685021466400627,0.01631189497366503,0.015807744505225596,0.015334608788887705,0.014889709996741662,0.014470592356966017,0.01407507679385589,0.01370122302429122,0.01334729771879739,0.013011747624548486,0.012693176770978254,0.012390327052367422,0.012102061617810245,0.011827350606115838,0.011565258848370896,0.011314935228595724,0.011075603447419424,0.010846553977560291,0.010627137035474132,0.010416756422602202,0.01021486411295125,0.010020955483866834,0.009834565102532666,0.009655262993914948,0.009482651327302083,0.009316361467626377,0.009156051345651672,0.009001403107238737,0.008852121008039782,0.008707929524147895,0.008568571653178148,0.008433807383861347,0.008303412314950798,0.008177176406688691,0.008054902850118673,0.007936407041763904,0.007821515652065014,0.007710065777896347,0.007601904170376983,0.0074968865303846055,0.007394876864637578,0.007295746896845312,0.007199375528083141,0.007105648341865112,0.007014457149583819,0.006925699572558841,0.006839278657313597,0.0067551025209469096,0.006673084024007014,0.006593140468371672,0.006515193317895518,0.006439167939883528,0.0063649933655990365,0.006292602068183495,0.006221929756534683,0.006152915183820662,0.006085499969429087,0.006019628433297619,0.005955247441461586,0.005892306262378355,0.005830756432512296,0.005770551631137599,0.005711647563100275,0.005654001849464851,0.005597573924871924,0.005542324941670507,0.0054882176799145865,0.005435216463016812,0.005383287078604138,0.005332396704145537,0.0052825138371165314,0.0052336082293095165,0.0051856508250182065,0.0051386137028576195,0.005092470020952811,0.005047193965266872,0.709293305805163,0.7095002867212524,0.7097069731094231,0.7099133655978853,0.7101194648130639,0.7105307859203817,0.710736009056501,0.7109409414073098,0.711145583590401,0.7113499362216196,0.7115539999150694,0.7117577752831188,0.7119612629364069,0.7121644634838497,0.7123673775326459,0.7127723485545461,0.7129744067335169,0.7131761808255869,0.7133776714294598,0.7135788791421589,0.713779804559031,0.7139804482737546,0.7141808108783441,0.7143808929631561,0.7145806951168958,0.7149794619777524,0.7151784278540715,0.7153771161377337,0.7155755274092704,0.7157736622475955,0.715971521230011,0.716169104932212,0.7163664139282933,0.7165634487907542,0.7167602100905044,0.7171529142775958,0.7173488582988571,0.717544531025259,0.7177399330198452,0.7179350648441015,0.7181299270579632,0.7183245202198184,0.718518844886515,0.718712901613365,0.7189066909541499,0.7192934696850325,0.7194864601750893,0.7196791854790101,0.7198716461430038,0.7200638427117801,0.720255775728555,0.7204474457350558,0.7206388532715257,0.7208299988767297,0.7210208830879593,0.7214018694703228,0.721591972708717,0.7217818166876672,0.721971401937172,0.7221607289857869,0.722349798360628,0.7225386105873779,0.7227271661902903,0.7229154656921948,0.7231035096145015,0.7234788327988955,0.7236661130967498,0.7238531398865505,0.7240399136826835,0.7242264349981434,0.7244127043445395,0.7245987222320992,0.7247844891696736,0.7249700056647417,0.7251552722234149,0.725525057549214,0.7257095773217676,0.7258938491687903,0.7260778735896255,0.7262616510822765,0.7264451821434109,0.7266284672683654,0.7268115069511496,0.7269943016844512,0.7271768519596403,0.727541221094598,0.7277230409305568,0.727904618260793,0.7280859535701527,0.7282670473421916,0.7284479000591768
3.1171717171717175,0.08852387975558684,0.07497223282458632,0.0650343439070249,0.05743476838728978,0.05143509093759824,0.04657819728494539,0.042565969403992154,0.039195687017213654,0.03632469509519265,0.0338496917018235,0.03169403344720001,0.029799657139918168,0.028121771158468145,0.026625268540029112,0.025282243734257248,0.024070236160844027,0.02297096393708098,0.021969395277901205,0.02105305698578619,0.020211512289578404,0.019435961544954417,0.018718933342375843,0.01805404300966862,0.017435801956186547,0.016859465794448192,0.01632091233951427,0.015816542846475934,0.015343201481423319,0.01489810921509116,0.014478809213535948,0.014083121458541403,0.013709104827703378,0.013355025241729934,0.013019328775827899,0.012700618855460477,0.012397636830550285,0.012109245358254084,0.011834414131710269,0.011572207577280946,0.011321774210614755,0.011082337396325803,0.010853187300002287,0.010633673856812909,0.010423200610127359,0.010221219296657869,0.01002722507529974,0.009840752311729095,0.009661370844760153,0.009488682671444537,0.009322318997125434,0.009161937604508008,0.009007220501834223,0.008857871816759788,0.008713615906136285,0.008574195656365635,0.008439370952331049,0.008308917295724694,0.008182624555924,0.008060295838873799,0.007941746461282762,0.007826803018672557,0.007715302537519064,0.007607091702743651,0.0075020261528854215,0.007399969835948927,0.007300794420267098,0.007204378754660623,0.007110608373279037,0.007019375040855258,0.0069305763345678395,0.00684411525916051,0.006759899892128107,0.00667784305649044,0.006597862018515532,0.0065198782082482865,0.006443816960879478,0.006369607277141198,0.006297181601135349,0.006226475614120375,0.00615742804294217,0.006089980481909785,0.006024077227033908,0.005959665121554658,0.005896693412143272,0.005835113614474974,0.005774879387937526,0.005715946418427542,0.0056582723088012266,0.005601816476324406,0.005546540056707849,0.005492405814063517,0.005439378056539934,0.005387422557102561,0.0053365064791941474,0.0052865983067947875,0.005237667778777766,0.005189685827005408,0.005142624518163497,0.0050964569989013775,0.005051157444158072,0.7118428075692758,0.7120487101856342,0.712254318756824,0.7124596339122755,0.7126646562796235,0.7130738251516114,0.7132779729026025,0.7134818303582054,0.7136853981371744,0.7138886768565066,0.7140916671314482,0.7142943695755005,0.7144967848004263,0.7146989134162559,0.7149007560312934,0.7153035856836123,0.7155045739289252,0.7157052785895203,0.7159057002651609,0.7161058395539204,0.716305697052188,0.7165052733546748,0.7167045690544194,0.7169035847427938,0.7171023210095099,0.717498957628545,0.7176968591520365,0.7178944835962264,0.71809183154261,0.7182889035710567,0.7184857002598156,0.7186822221855216,0.7188784699231999,0.7190744440462725,0.7192701451265636,0.7196607304381422,0.7198556158051387,0.7200502304007828,0.7202445747889921,0.7204386495321199,0.7206324551909599,0.7208259923247518,0.7210192614911862,0.7212122632464113,0.7214049981450366,0.72178966958327,0.7219816072244554,0.7221732802122073,0.7223646890935248,0.722555834413901,0.7227467167173277,0.7229373365463007,0.7231276944418248,0.7233177909434193,0.7235076265891224,0.7238865174576353,0.7240755737491642,0.7242643713222497,0.7244529107076025,0.724641192434483,0.7248292170307056,0.7250169850226442,0.7252044969352369,0.7253917532919911,0.7255787546149882,0.7259519942409354,0.7261382335809619,0.7263242199613934,0.726509953897254,0.72669543590217,0.7268806664883758,0.7270656461667179,0.7272503754466598,0.7274348548362867,0.7276190848423097,0.7279867987235504,0.7281702836053642,0.7283535211167758,0.7285365117576974,0.7287192560266954,0.7289017544209943,0.7290840074364814,0.7292660155677115,0.7294477793079116,0.7296292991489844,0.7299916090947693,0.7301724001767089,0.7303529493139854,0.7305332569919496,0.7307133236946551,0.7308931499048628
3.155555555555556,0.08856636843847243,0.07500851646382933,0.06506607701447131,0.05746302152296512,0.05146059658393243,0.04660147863803665,0.04258741316865855,0.03921558708393802,0.03634328004067966,0.03386714280628478,0.031710496899787666,0.029815252545494775,0.028136597613878322,0.026639409068127784,0.025295768581008127,0.0240832052882457,0.022983428936344308,0.021981400857417177,0.021064642142678447,0.02022271124195263,0.01944680448146796,0.018729447030360058,0.018064251292678857,0.01744572616426676,0.016869125084858272,0.01633032398158818,0.01582572246130398,0.015352163244625072,0.014906866029334553,0.014487372856061054,0.014091502707904935,0.013717313573164192,0.013363070578053304,0.013027219085777753,0.012708361881852648,0.012405239739416984,0.012116714794395689,0.011841756267716774,0.011579428156924476,0.011328878587364644,0.01108933056764072,0.010860073937929537,0.0106404583353783,0.010429887029932194,0.010227811506896,0.010033726693716272,0.009847166742583235,0.00966770129508665,0.009494932165805325,0.009328490391001143,0.009168033596524072,0.009013243644812152,0.008863824527920117,0.008719500476367159,0.008580014258732005,0.008445125649878205,0.008314610048666182,0.008188257228205709,0.008065870204280956,0.00794726420904146,0.007832265758633272,0.007720711804944602,0.0076124489627587,0.007507332804568723,0.007405227216164434,0.007306003807212136,0.007209541371154038,0.007115725389839955,0.0070244475785604665,0.0069356054677212065,0.006849102017789432,0.006764845264297326,0.006682747990491955,0.006602727424904642,0.006524704961753391,0.006448605902191207,0.006374359214594505,0.0063018973122881405,0.006231155847237657,0.006162073518389488,0.006094591893462398,0.006028655243110803,0.005964210386454671,0.005901206547042848,0.005839595218443461,0.005779330039078601,0.00572036667466258,0.005662662708815991,0.0056061775403678515,0.005550872287376385,0.005496709697066726,0.005443654061388026,0.005391671137780607,0.005340728074795242,0.005290793342136113,0.005241836664939381,0.005193828961914226,0.005146742287081896,0.005100549774934904,0.005055225588714851,0.7143480013979001,0.7145528317486234,0.7147573685574871,0.7149616124550505,0.7151655640700681,0.7155725929585001,0.7157756714804576,0.7159784602169695,0.7161809597878629,0.7163831708111983,0.7165850939032765,0.7167867296786444,0.7169880787501014,0.7171891417287048,0.7173899192237774,0.7177906201919806,0.7179905448751354,0.7181901864948192,0.7183895456517707,0.718588622945029,0.7187874189719408,0.7189859343281658,0.7191841696076836,0.719382125402798,0.7195798023041448,0.7199743217797665,0.7201711655270201,0.7203677327264749,0.7205640239605087,0.7207600398098659,0.7209557808536622,0.7211512476693905,0.721346440832927,0.7215413609185365,0.7217360084988781,0.7221244884263991,0.7223183219109186,0.7225118851648616,0.7227051787529423,0.7228982032383028,0.7230909591825179,0.7232834471456012,0.7234756676860105,0.7236676213606521,0.723859308724888,0.7242418867358945,0.72443277848571,0.72462340613122,0.7248137702201399,0.725003871298671,0.725193709911507,0.7253832866018383,0.7255726019113571,0.7257616563802637,0.7259504505472698,0.7263272601230237,0.7265152766018039,0.7267030349187593,0.726890535605241,0.727077779191142,0.7272647662049043,0.7274514971735221,0.7276379726225469,0.7278241930760937,0.7280101590568446,0.7283813296835548,0.7285665353677605,0.7287514886556722,0.7289361900628833,0.7291206401035837,0.7293048392905639,0.7294887881352217,0.7296724871475647,0.7298559368362171,0.7300391377084224,0.7304047950255981,0.7305872524781999,0.7307694631296268,0.7309514274802942,0.731133146029265,0.7313146192742553,0.7314958477116382,0.7316768318364483,0.7318575721423863,0.732038069121824,0.7323983350640649,0.7325781050050049,0.7327576335757267,0.732936921262022,0.7331159685483802,0.7332947759179914
3.1939393939393943,0.0886110151013052,0.07504662382700256,0.06509938872329923,0.0574926658120366,0.051487345397195905,0.04662588335836204,0.04260988133454313,0.03923642841943231,0.036362735437481364,0.033885403311647244,0.03172771657949247,0.029831557448911195,0.02815209217757253,0.026654180788767134,0.02530989149007934,0.024096742579288066,0.022996434981151226,0.021993922774313224,0.021076721030978463,0.02023438316456505,0.019458101254821836,0.018740396865278508,0.018074879318742854,0.017456054862176607,0.01687917464551958,0.016340112606309964,0.01583526661441348,0.015361477867137818,0.014915964720785158,0.014496268029970172,0.01410020572535109,0.013725834858063668,0.013371419717070454,0.013035404915261006,0.012716392563768442,0.012413122827920398,0.012124457294370505,0.011849364686441377,0.011586908549795494,0.011336236598493366,0.011096571465983418,0.010867202649543661,0.010647479472299715,0.010436804916024278,0.010234630201157557,0.010040450011249757,0.009853798273532832,0.00967424442178344,0.00950139007830253,0.009334866101211259,0.009174329951033733,0.009019463336619071,0.008869970107125424,0.008725574359957133,0.0085860187395429,0.008451062904816786,0.008320482146291108,0.008194066135630229,0.008071617793619423,0.007952952263306834,0.007837895977195197,0.0077262858085792585,0.0076179682983330554,0.007512798949351085,0.007410641581867106,0.007311367743716546,0.007214856169993178,0.007120992287425798,0.007029667759199776,0.006940780066435059,0.006854232122923021,0.0067699319199829855,0.006687792198943554,0.006607730148560531,0.006529667125292016,0.006453528394416597,0.006379242890208414,0.006306742993550163,0.006235964325531529,0.006166845555692135,0.006099328223738043,0.006033356573590276,0.00596887739887042,0.005905839898780907,0.0058441955437450455,0.005783897949883099,0.005724902761726769,0.005667167542594109,0.005610651671854705,0.005555316249002518,0.005501124003429392,0.005448039210009803,0.0053960276098216076,0.005345056335706033,0.00529509384231408,0.005246109840313373,0.005198075234522315,0.005150962065622711,0.005104743455279448,0.0050593935544048785,0.7168100322128858,0.7170137965018313,0.7172172677716959,0.7174204466540809,0.7176233337787731,0.7180282352651971,0.7182302508774923,0.7184319772332337,0.7186334149532363,0.7188345646565392,0.7190354269604127,0.7192360024803647,0.7194362918301463,0.7196362956217593,0.7198360144654609,0.7202345997414775,0.7204334673856441,0.7206320525056144,0.7208303557030189,0.7210283775777817,0.7212261187281256,0.7214235797505784,0.721620761239979,0.7218176637894833,0.7220142879905705,0.7224067037050598,0.7226024963930878,0.7227980130819625,0.722993254354866,0.7231882207933388,0.7233829129772853,0.7235773314849793,0.7237714768930704,0.723965349776589,0.7241589507089522,0.7245453390058498,0.7247381275092034,0.7249306463390512,0.7251228960608288,0.7253148772383919,0.7255065904340222,0.7256980362084328,0.7258892151207734,0.7260801277286362,0.7262707745880607,0.7266512732780254,0.7268411262129317,0.7270307156081433,0.7272200420120187,0.7274091059713965,0.7275979080315998,0.7277864487364425,0.7279747286282335,0.7281627482477826,0.7283505081344053,0.7287252508586938,0.7289122347675662,0.7290989610859356,0.7292854303457237,0.7294716430773887,0.7296575998099302,0.729843301070894,0.730028747386378,0.7302139392810363,0.730398877278084,0.7307679936650467,0.7309521730942438,0.7311361007044044,0.7313197770116248,0.7315032025305913,0.7316863777745862,0.7318693032554916,0.7320519794837952,0.7322344069685939,0.7324165862175998,0.7327802020321791,0.7329616396062909,0.7331428309616952,0.7333237765992465,0.7335044770184418,0.7336849327174249,0.7338651441929916,0.7340451119405939,0.7342248364543441,0.7344043182270202,0.7347625555136158,0.7349413120064576,0.7351198277160796,0.7352981031286534,0.7354761387290423,0.7356539350008061
3.2323232323232327,0.0886577272621355,0.0750864767030236,0.0651342112877441,0.057523641511646684,0.0515152839526275,0.046651363135824186,0.04263332981670631,0.03925817048792368,0.036383023773187806,0.033904438311860186,0.031745659850333396,0.02984854120910463,0.0281682259754249,0.02666955640374491,0.025324586577572417,0.02411082342640214,0.02300995862157862,0.02200693863335823,0.02108927222042034,0.020246507513357326,0.01946983213766118,0.018751763874854888,0.018085908815754448,0.017466770428853695,0.016889597462284134,0.01635026176665888,0.015845159389903052,0.015371129931509464,0.014925390340688516,0.014505480228040435,0.014109216420322479,0.013734654985685268,0.013380059334906491,0.01304387329388379,0.012724698266404655,0.012421273780280684,0.01213246084605435,0.0118572276651282,0.01159463730921062,0.01134383706098352,0.011104049160421847,0.01087456274515719,0.010654726808965065,0.0104439440313705,0.010241665355026464,0.01004738520768056,0.009860637280631024,0.009680990789697197,0.009508047155523891,0.009341437049399381,0.009180817758454918,0.009025870830460248,0.00887629996470607,0.008731829118988843,0.008592200807530204,0.008457174567681802,0.00832652557631619,0.008200043398709833,0.008077530856008819,0.007958802997812375,0.007843686168897746,0.007732017160127724,0.007623642434861133,0.007518417422992751,0.007416205875996118,0.007316879276857424,0.007220316299465068,0.007126402312735869,0.0070350289252005815,0.006946093566281952,0.0068594991008095185,0.006775153473726481,0.006692969382388059,0.006612863973827765,0.006534758564891274,0.006458578383225055,0.006384252327326423,0.006311712744047293,0.0062408952220818215,0.006171738400119864,0.00610418378846489,0.006038175603017448,0.005973660610642195,0.005910587985012761,0.005848909172212369,0.005788577765006631,0.005729549385690591,0.005671781576245816,0.0056152336957208115,0.005559866824025983,0.005505643671890326,0.005452528496264097,0.005400487021048117,0.005349486362615674,0.005299494959793316,0.005250482508086685,0.005202419897735733,0.005155279155416692,0.005109033389336104,0.005063656737464339,0.7192300058298237,0.7194327104137762,0.719635122519858,0.7198372427806269,0.7200390718268187,0.7204418587893379,0.7206428179580812,0.720843488417092,0.7210438707880901,0.7212439656910106,0.7214437737440119,0.721643295563481,0.7218425317640401,0.7220414829585534,0.7222401497581323,0.7226366326082114,0.7228344498722306,0.7230319851683656,0.7232292390990613,0.7234262122650469,0.7236229052653428,0.7238193186972666,0.7240154531564391,0.7242113092367907,0.7244068875305663,0.7247972131189838,0.7249919615897459,0.725186434626185,0.7253806328122117,0.7255745567300868,0.7257682069604283,0.7259615840822163,0.7261546886727988,0.7263475213078974,0.7265400825616138,0.7269243932132369,0.7271161437512951,0.7273076251882855,0.7274988380902918,0.7276897830218116,0.727880460545761,0.7280708712234807,0.7282610156147414,0.7284508942777491,0.728640507769151,0.7290189414559614,0.7292077627569172,0.7293963210973725,0.7295846170262597,0.7297726510909842,0.7299604238374308,0.7301479358099673,0.7303351875514507,0.7305221796032326,0.7307089125051637,0.7310816030114058,0.7312675616879627,0.7314532633591709,0.731638708557456,0.7318238978137747,0.7320088316576182,0.7321935106170187,0.7323779352185534,0.7325621059873512,0.7327460234470947,0.7331131005269614,0.7332962611872735,0.7334791706189194,0.7336618293384342,0.7338442378609376,0.7340263967001394,0.7342083063683438,0.7343899673764547,0.7345713802339798,0.734752545449036,0.735114134977283,0.7352945602997948,0.7354747399984896,0.7356546745745998,0.735834364527995,0.7360138103571866,0.7361930125593326,0.7363719716302414,0.7365506880643774,0.7367291623548651,0.7370853864707203,0.7372631372756778,0.7374406478961758,0.737617918818707,0.7377949505284506,0.737971743509278
3.270707070707071,0.08870641689948522,0.07512800065372394,0.0651704802307479,0.05755589176207032,0.051544361404201156,0.04667787199264206,0.042657716658922595,0.03928077471139446,0.03640410934748606,0.03392421458739969,0.031764295653482044,0.02986617466605057,0.028184971529219616,0.02668550993484986,0.02533982921144018,0.024125424412381746,0.023023977542260265,0.022020427123093933,0.021102275318028996,0.020259064738859855,0.01948197835787946,0.018763530005682205,0.018097322396744775,0.017477856097010136,0.01690037734553773,0.016360755812824257,0.015855385643501863,0.015381104767901554,0.014935128665322317,0.014514995646815465,0.014118521385956262,0.013743760924035509,0.013388976754451942,0.013052611880989495,0.012733266968528278,0.01242968087892149,0.012140714020897891,0.011865334050660814,0.011602603544825674,0.011351669335460723,0.011111753251520806,0.010882144054959686,0.010662190395520632,0.010451294637016662,0.010248907431924192,0.01005452294079423,0.009867674608479149,0.009687931423131513,0.009514894594757739,0.009348194599491655,0.009187488543348166,0.00903245780584594,0.008882805929730342,0.00873825672697448,0.008598552575793117,0.00846345288655126,0.00833273271739099,0.008206181522490086,0.008083602018907565,0.007964809158629405,0.007849629194799035,0.007737898832172352,0.007629464453139834,0.007524181411338038,0.007421913386414847,0.007322531793615417,0.007225915242890846,0.007131949042764152,0.007040524744671983,0.006951539724032063,0.0068648967945225126,0.006780503852639952,0.006698273549796574,0.006618122989439756,0.006539973447032277,0.0064637501109015005,0.0063893818421665305,0.0063168009521236135,0.006245942995622977,0.0061767465791205955,0.006109153182201954,0.006043106991498681,0.005978554745872722,0.005915445592406643,0.005853730951617786,0.005793364392001843,0.005734301512554274,0.005676499833007775,0.005619918691095127,0.005564519146328717,0.005510263889910605,0.005457117160065916,0.005405044662746494,0.005354013497099519,0.005303992085442855,0.005254950107414058,0.005206858438018158,0.005159689089302533,0.0051134151554040885,0.005068010760768238,0.7216089906134578,0.721810641986472,0.7220120014402652,0.7222130696082713,0.7224138471220928,0.7228145327044745,0.7230144420271426,0.7232140632038544,0.7234133968571546,0.7236124436077954,0.7238112040747438,0.7240096788751872,0.7242078686245405,0.7244057739364519,0.7246033954228097,0.7249977893576544,0.7251945630211735,0.7253910552892162,0.725587266764964,0.7257831980498758,0.7259788497436941,0.7261742224444508,0.7263693167484735,0.7265641332503915,0.7267586725431421,0.727146921864464,0.7273406330705022,0.7275340694223192,0.7277272315044807,0.7279201198998955,0.7281127351898223,0.728305077953875,0.7284971487700281,0.7286889482146235,0.728880476862375,0.7292627240580998,0.7294534437474157,0.7296438949225841,0.7298340781502674,0.7300239939955347,0.7302136430218676,0.7304030257911651,0.7305921428637497,0.7307809947983728,0.73096958215222,0.7313459653385354,0.731533762277596,0.731721296849077,0.731908569602418,0.7320955810855252,0.7322823318447771,0.7324688224250301,0.7326550533696232,0.7328410252203836,0.7330267385176321,0.7333973916053738,0.7335823324690224,0.7337670169254801,0.7339514455076125,0.73413561874681,0.7343195371729924,0.7345032013146142,0.7346866116986698,0.734869768850698,0.7350526732947876,0.7354177261482857,0.7355998755986657,0.7357817744230599,0.7359634231383809,0.7361448222601205,0.7363259723023549,0.7365068737777493,0.7366875271975634,0.7368679330716554,0.7370480919084872,0.7374076704972653,0.7375870912591967,0.7377662670038476,0.7379451982327696,0.7381238854461463,0.7383023291427978,0.738480529820186,0.7386584879744179,0.7388362041002522,0.7390136786911016,0.7393679052348026,0.7395446581677971,0.7397211715261026,0.7398974457964758,0.7400734814643561,0.7402492790138698
3.3090909090909095,0.08875700019571575,0.07517112479675603,0.06520813415585802,0.057589362420791046,0.0515745293362031,0.04670536614909726,0.042683001911274054,0.03930420435687221,0.03642595816782068,0.03394470050814946,0.03178359441644252,0.0298844300554737,0.02820230267625823,0.026702016647824123,0.025355595939369646,0.02414052324180027,0.023038470497046548,0.022034367953388978,0.02111571090833131,0.020272036228872192,0.019494522043551177,0.018775678070250823,0.01810910350885442,0.017489295903903912,0.016911498882658527,0.016371579846236384,0.015865930958061214,0.015391388410969986,0.014945166154181955,0.014524801146005628,0.014128107859638028,0.013753140267487751,0.013398159908034946,0.01306160892930952,0.012742087227062715,0.012438332969938015,0.012149205940239383,0.011873673226672543,0.011610796890514474,0.011359723294796287,0.011119673840650268,0.010889936898995534,0.01066986076148535,0.010458847463309717,0.010256347354921203,0.010061854318755281,0.009874901543150405,0.009695057779293137,0.00952192401794627,0.009355130532124889,0.009194334239325364,0.009039216343943002,0.00888948022579139,0.008744849545062494,0.008605066538410533,0.008469890484030684,0.008339096316481553,0.00821247337430564,0.00808982426622562,0.00797096384262519,0.007855718261269073,0.007743924137289415,0.0076354277687968874,0.007530084430053652,0.007427757725944173,0.007328319001201455,0.007231646799224278,0.007137626365669392,0.007046149192543094,0.006957112599045079,0.006870419345608725,0.006785977278296107,0.0067036990006974495,0.00662350157088476,0.006545306221237945,0.006469038099155666,0.00639462602684393,0.0063220022785819285,0.00625110237398685,0.006181864885957067,0.006114231262090097,0.006048145658542836,0.005983554785076728,0.005920407760953927,0.005858655980269245,0.005798252986096264,0.005739154353222253,0.005681317578199008,0.005624701976576496,0.005569268586656073,0.00551498007925455,0.005461800673138062,0.005409696055531765,0.005358633307685046,0.0053085808347075325,0.005259508299702675,0.005211386561831399,0.005164187617895055,0.005117884547385709,0.005072451460656713,0.723948019049717,0.7241486238285532,0.7243489372633124,0.7245489599882253,0.7247486926356828,0.725147290218637,0.725346156409778,0.7255447350347644,0.7257430267168891,0.7259410320776446,0.7261387517367299,0.7263361863120572,0.7265333364197578,0.726730202674189,0.7269267856879403,0.7273191044349597,0.727514841384625,0.7277102975264164,0.7279054734641796,0.7281003698000293,0.7282949871343569,0.7284893260658357,0.7286833871914277,0.7288771711063892,0.7290706784042769,0.7294568655145988,0.729649546505704,0.7298419532370906,0.7300340862939084,0.7302259462596445,0.7304175337161284,0.7306088492435376,0.7307998934204045,0.7309906668236208,0.7311811700284445,0.7315613681358096,0.7317510641807483,0.7319404923120996,0.7321296530970374,0.7323185471011352,0.7325071748883722,0.7326955370211395,0.7328836340602451,0.7330714665649195,0.7332590350928211,0.7336333824411146,0.733820162369014,0.7340066805351667,0.7341929374894542,0.7343789337802191,0.7345646699542702,0.7347501465568879,0.7349353641318296,0.735120323221335,0.7353050243661313,0.7356736549769758,0.7358575855169638,0.7360412602601326,0.7362246797397263,0.7364078444875074,0.7365907550337626,0.7367734119073078,0.7369558156354927,0.737137966744207,0.7373198657578842,0.7376829095906138,0.7378640554513003,0.7380449513002284,0.7382255976546283,0.7384059950303047,0.7385861439416415,0.7387660449016068,0.7389456984217572,0.7391251050122435,0.7393042651818145,0.7396618482862298,0.7398402722316084,0.7400184517771503,0.7401963874246692,0.740374079674606,0.7405515290260334,0.740728735976661,0.7409057010228391,0.7410824246595639,0.7412589073804821,0.7416111520427644,0.7417869149647154,0.7419624389320421,0.7421377244317114,0.7423127719493687,0.7424875819693411
3.347474747474748,0.08880939729772697,0.07521578160316067,0.06524711457183308,0.05762400190777672,0.051605741624832446,0.04673380389835047,0.04270914751572685,0.03932842443132989,0.03644853785210822,0.03396586594284978,0.03180352796835895,0.02990328092930672,0.02822019449438129,0.026719052981462377,0.025371864421534163,0.024156098677060478,0.023053417248044994,0.022048741797199733,0.021129560497626265,0.02028540425501313,0.019507446171600162,0.018788191697562406,0.018121236385748918,0.01750107464544204,0.01692294739367395,0.016382719676700686,0.015876781602064738,0.015401967559659613,0.01495548991097928,0.014534884210632981,0.014137963686225885,0.013762781201024699,0.013407597302628194,0.013070853251089143,0.012751148144069524,0.01244721943090532,0.012157926243893336,0.011882235082883441,0.011619207474418247,0.011367989294840952,0.011127801501365608,0.010897932059163673,0.010677728888333182,0.010466593683076675,0.010263976480467618,0.010069370874365546,0.009882309786951482,0.009702361723538111,0.009529127447401975,0.009362237020806075,0.009201347165640805,0.009046138904600598,0.008896315448436942,0.008751600299859552,0.008611735548641697,0.008476480335841585,0.008345609467788395,0.008218912163044378,0.008096190917919466,0.007977260477377568,0.007861946900217465,0.007750086708584569,0.007641526113116415,0.007536120305736471,0.00743373281374593,0.007334234908709547,0.0072375050649685635,0.007143428462945578,0.007051896532977553,0.006962806535929622,0.00687606117697992,0.006791568249855828,0.006709240308521158,0.006628994363959584,0.006550751603845439,0.006474437133099031,0.006399979733545336,0.006327311641049604,0.006256368338661278,0.006187088364451476,0.00611941313283515,0.006053286768255339,0.005988655950436184,0.005925469769711755,0.005863679592610693,0.00580323893596868,0.0057441033494006755,0.005686230305405049,0.005629579096521953,0.005574110738981619,0.005519787882518279,0.00546657472563683,0.005414436936181821,0.005363341576777758,0.005313257034676666,0.005264152955855583,0.005216000182994174,0.0051687706970774405,0.005122437562391058,0.0050769748746753995,0.7262480892392238,0.7264476541498021,0.7266469283070384,0.7268459123458838,0.7270446068994421,0.7274411300739141,0.7276389599518579,0.7278365028585879,0.7280337594180704,0.7282307302524642,0.728427415982127,0.7286238172256216,0.7288199345997234,0.7290157687194254,0.7292113201979459,0.7296015776754773,0.7297962848921059,0.7299907119028011,0.7301848593120008,0.730378727722405,0.7305723177349833,0.7307656299489805,0.7309586649619225,0.731151423369623,0.7313439057661894,0.7317280448938543,0.731919702804691,0.7321110870638816,0.7323021982570934,0.732493036968323,0.7326836037799032,0.7328738992725087,0.7330639240251615,0.7332536786152378,0.7334431636184727,0.7338213271591917,0.7340100068399956,0.7341984192206097,0.7343865648686533,0.7345744443501396,0.7347620582294816,0.7349494070694975,0.7351364914314166,0.7353233118748848,0.7355098689579697,0.7358821952674058,0.7360679656020535,0.736253474792922,0.7364387233902726,0.7366237119428221,0.7368084409977474,0.736992911100692,0.7371771227957702,0.7373610766255728,0.7375447731311733,0.737911396326501,0.7380943240908323,0.7382769966801793,0.738459414628104,0.7386415784666822,0.7388234887265082,0.7390051459367001,0.739186550624905,0.739367703317304,0.7395486045386174,0.7399096546595944,0.7400898046014396,0.7402697051565728,0.7404493568424853,0.7406287601752379,0.7408079156694656,0.7409868238383822,0.7411654851937861,0.7413439002460639,0.7415220695041962,0.7418776726669445,0.7420551075825337,0.7422322987259335,0.7424092465991656,0.7425859517028738,0.742762414536329,0.7429386355974343,0.7431146153827294,0.743290354387395,0.7434658531052576,0.7438161316491387,0.7439909124560813,0.7441654549380788,0.7443397595822566,0.744513826874413,0.7446876572990244
3.3858585858585863,0.08886353209363607,0.07526190670845445,0.06528736572896454,0.05765976106109838,0.05163795430905327,0.04676314548962457,0.042736117199553614,0.03935340158361378,0.03647181753795148,0.03398768217459558,0.03182406946098715,0.02992270208147596,0.028238623232014426,0.02673659648145954,0.0253886133678497,0.024172130478695597,0.023068798508740107,0.02206353023623786,0.021143806461967563,0.020299151922842484,0.019520734519883343,0.01880105528704601,0.01813370600322517,0.01751317783335149,0.01693470888991122,0.01639416178239761,0.015887924490910588,0.015412829539684703,0.014966087647257376,0.014545232915708972,0.014148077283728022,0.013772672466863978,0.013417277987377685,0.013080334186460041,0.012760439335940066,0.012456330140836691,0.012166865060846077,0.011891009986492174,0.011627825891001087,0.01137645814711552,0.011136127252706074,0.010906120753108817,0.01068578618394167,0.010474524886594172,0.010271786573869734,0.010077064541032632,0.00988989143486696,0.009709835506272801,0.009536497283145318,0.00936950660968261,0.00920852000537431,0.009053218304907129,0.008903304544107815,0.008758502062734985,0.008618552798584034,0.008483215750817341,0.008352265593081665,0.008225491419794784,0.008102695610951782,0.007983692802436604,0.007868308950644942,0.007756380481508618,0.007647753515147571,0.00754228315829053,0.007439832857956019,0.007340273810000242,0.007243484417304824,0.007149349792787807,0.0070577613029767505,0.006968616148360973,0.006881816976950783,0.006797271528312998,0.006714892305056619,0.006634596269436854,0.006556304562862159,0.006479942246295112,0.006405438059772339,0.00633272419940234,0.006261736110393379,0.0061924122947739635,0.006124694132610742,0.006058525715611163,0.00599385369219485,0.005930627122914034,0.005868797345809029,0.005808317850476086,0.005749144160501096,0.005691233723480349,0.005634545808131275,0.005579041407875018,0.005524683150584742,0.005471435213813658,0.0054192632453348155,0.005368134288510906,0.005318016712106521,0.0052688801443537825,0.00522069541088499,0.005173434476318128,0.005127070389195909,0.005081577230122036,0.7285101663168233,0.7287086981816228,0.7289069398985446,0.7291048921031869,0.7293025554292922,0.7296970179716304,0.7298938184461342,0.7300903325586572,0.7302865609337676,0.7304825041942191,0.7306781629609566,0.7308735378531231,0.7310686294880667,0.7312634384813468,0.7314579654467396,0.7318461757400992,0.7320398602867658,0.7322332652429582,0.7324263912136378,0.7326192388020221,0.7328118086095905,0.7330041012360913,0.7331961172795471,0.7333878573362618,0.7335793220008261,0.733961427523339,0.73415206956196,0.734342438569787,0.734532535132938,0.7347223598358545,0.7349119132613077,0.7351011959904038,0.7352902086025909,0.7354789516756642,0.7356674257857727,0.7360435694134901,0.7362312400752155,0.7364186440622196,0.7366057819425049,0.7367926542824618,0.7369792616468744,0.7371656045989264,0.7373516837002067,0.7375374995107145,0.737723052588866,0.7380933727738789,0.7382781409897045,0.7384626486911127,0.738646896428685,0.7388308847514521,0.7390146142069002,0.7391980853409755,0.7393812986980904,0.7395642548211288,0.7397469542514504,0.7401115851918005,0.7402935177769805,0.7404751958197578,0.7406566198539555,0.7408377904119049,0.741018708024451,0.7411993732209576,0.7413797865293121,0.7415599484759314,0.741739859585766,0.742098931387586,0.7422780931221894,0.7424570061052548,0.7426356708544793,0.7428140878861252,0.7429922577150241,0.7431701808545815,0.7433478578167828,0.7435252891121971,0.7437024752499827,0.7440561140822765,0.7442325677880904,0.7444087783588974,0.7445847462968737,0.7447604721028137,0.744935956276135,0.7451111993148821,0.7452862017157319,0.7454609639739983,0.7456354865836367,0.7459838148260869,0.746157621440059,0.7463311903677333,0.7465045220963423,0.7466776171117878,0.7468504758986456
3.4242424242424243,0.08891933200421198,0.07530943873619789,0.06532883446620752,0.057696593002087404,0.05167112546997843,0.04679335301908061,0.04276387637574719,0.0393791040128475,0.036495767797856904,0.034010121821918315,0.03184519329489477,0.029942669478583372,0.02825756624283504,0.0267546257386162,0.02540582247936951,0.02418859934971873,0.023084595890873194,0.022078715710222352,0.021158431998591798,0.020313263125287362,0.019534371622463076,0.01881425396551195,0.018146498037749037,0.017525591655183748,0.016946770035376035,0.016405893272531946,0.01589934715075303,0.015423962268499514,0.01497694764841373,0.014555835893251934,0.01415843761126201,0.01378280333330606,0.013427191523277981,0.013090041573918354,0.012769950904625516,0.01246565545213485,0.012176012981884421,0.011899988755458613,0.011636643174955053,0.011385121093307804,0.011144642534262394,0.010914494609822745,0.01069402445871992,0.010482633058214619,0.010279769786400106,0.010084927630342633,0.009897638952569343,0.009717471741389816,0.009544026281758877,0.00937693219277036,0.009215845785033427,0.009060447699177132,0.008910440790474983,0.008765548230499132,0.00862551180018123,0.008490090352226809,0.008359058423334065,0.00823220497978372,0.008109332281517778,0.007990254851830358,0.007874798541421035,0.007762799676913401,0.007654104284999019,0.007548567384467297,0.0074460523394725975,0.007346430267721971,0.0072495794983380435,0.007155385074561926,0.007063738297055533,0.006974536303978818,0.006887681684339286,0.0068030821217959225,0.0067206500659431345,0.00664030242873781,0.006561960303828385,0.006485548706801403,0.006410996334553776,0.00633823534215372,0.0062672011357434165,0.006197832180147689,0.006130069819968331,0.0060638581131058356,0.00599914367571297,0.005935875537495527,0.005874005007253769,0.005813485546291686,0.005754272651381953,0.005696323744434739,0.005639598069548946,0.005584056596603326,0.0055296619308909944,0.00547637822835545,0.005424171116033105,0.0053730076173913455,0.005322856082120686,0.005273686120122356,0.005225468539438394,0.005178175287775977,0.005131779397423486,0.005086254933363454,0.7307351838013647,0.7309326895277062,0.73112990572554,0.731326833031041,0.7315234720785201,0.7319158879273895,0.732111665988152,0.7323071583096512,0.7325023655169883,0.7326972882334424,0.7328919270804772,0.7330862826777474,0.7332803556431059,0.7334741465926098,0.7336676561405269,0.7340538334797657,0.7342465024907361,0.7344388925394291,0.7346310042312643,0.7348228381699097,0.7350143949572895,0.73520567519359,0.7353966794772654,0.7355874084050446,0.7357778625719372,0.736157948994542,0.7363475824317326,0.7365369434710056,0.7367260326988665,0.7369148507001385,0.7371033980579679,0.7372916753538307,0.7374796831675382,0.7376674220772431,0.7378548926594457,0.7382290311391169,0.7384157001813753,0.7386021031857231,0.7387882407204849,0.7389741133523682,0.7391597216464683,0.7393450661662743,0.7395301474736748,0.7397149661289643,0.739899522690847,0.7402678517613009,0.7404516253793865,0.7406351391231062,0.740818393543303,0.7410013891892646,0.7411841266087283,0.7413666063478868,0.7415488289513931,0.7417307949623668,0.7419125049223988,0.7422751588483912,0.7424561038899394,0.7426367950317316,0.7428172328077968,0.742997417750667,0.7431773503913828,0.7433570312594987,0.7435364608830887,0.7437156397887503,0.743894568501611,0.7442516774421164,0.7444298587127086,0.744607791876405,0.7447854774510567,0.7449629159530742,0.7451401078974328,0.7453170537976778,0.7454937541659296,0.7456702095128876,0.7458464203478365,0.7461981105117981,0.7463735908523469,0.7465488287039689,0.746723824568945,0.7468985789481698,0.7470730923411566,0.7472473652460417,0.7474213981595896,0.7475951915771978,0.7477687459929007,0.748115139787945,0.7482879801485852,0.7484605834699267,0.7486329502392616,0.7488050809425468,0.7489769760644093
3.4626262626262627,0.08897672778795118,0.07535831913310742,0.06537147006831912,0.05773445300930968,0.0517052151181393,0.04682439032786401,0.04279239204995133,0.03940550138283161,0.036520360559989085,0.03403315876503388,0.031866875050477916,0.029963160195135896,0.028277001924707723,0.026773120331103017,0.02542347239351972,0.024205486883485117,0.02310079185479974,0.022094281469454913,0.021173421080529775,0.020327722499111633,0.019548342727786938,0.01882777354694054,0.018159598827704904,0.017538302936939587,0.016959118110632332,0.016417901852429417,0.01591103768471802,0.015435354222554487,0.014988058741944532,0.014566682301459966,0.014169034139103198,0.013793163565608668,0.013437327954845979,0.013099965722735973,0.012779673410753367,0.012475186164374819,0.012185361034023012,0.011909162633538473,0.01164565077681634,0.011393969781445468,0.011153339182876865,0.01092304564683333,0.010702435903298002,0.010490910554527999,0.01028791863390388,0.010092952811089906,0.009905545155867279,0.00972526338611357,0.009551707536594733,0.009384506994558728,0.009223317855518887,0.009067820560242357,0.00891771777806516,0.008772732507349001,0.008632606367476425,0.008497098060328834,0.008365981981561355,0.008239046965494046,0.008116095148431035,0.007996940937714081,0.007881410075187611,0.0077693387852043605,0.007660572998230419,0.007554967642491861,0.007452385996799427,0.0073526990983776574,0.007255785200381837,0.007161529274289813,0.007069822552930871,0.006980562110268873,0.006893650474542601,0.006808995271825213,0.006726508897115124,0.006646108210557333,0.006567714256611956,0.0064912520041287,0.0064166501055688,0.0063438406737317266,0.00627275907452296,0.006203343734436428,0.006135535961557692,0.006069279778956216,0.006004521769557125,0.0059412109313861095,0.005879298542785016,0.005818738036293958,0.005759484880936139,0.005701496472131584,0.005644732028649901,0.005589152496081606,0.005534720456510933,0.005481400043584883,0.005429156862991613,0.0053779579177030135,0.00532777153774977,0.0052785673141642064,0.005230316036854976,0.005182989636112634,0.005136561127486394,0.005091004559855339,0.732924044879708,0.733120531448855,0.7333167291219856,0.7335126385357813,0.7337082603250545,0.7340986435599753,0.7342934062659614,0.7344878838681154,0.7346820769920043,0.7348759862613661,0.735069612298117,0.7352629557223576,0.7354560171523795,0.7356487972046722,0.7358412964939298,0.7362254552331743,0.7364171159036291,0.7366084982519969,0.7367996028840904,0.7369904304039655,0.7371809814139273,0.7373712565145366,0.7375612563046169,0.7377509813812595,0.7379404323398304,0.7383185142756323,0.7385071464350242,0.7386955068406795,0.7388835960794299,0.7390714147364191,0.7392589633951087,0.7394462426372832,0.7396332530430579,0.7398199951908829,0.7400064696575506,0.7403786178463256,0.7405642927137791,0.7407497021907785,0.740934846845913,0.7411197272461485,0.7413043439568335,0.7414886975417054,0.7416727885628954,0.7418566175809345,0.7420401851547598,0.7424065381975783,0.7425893247765241,0.7427718521311722,0.7429541208125725,0.7431361313702134,0.743317884352028,0.7434993803044003,0.7436806197721697,0.7438616032986365,0.744042331425568,0.7444030236402593,0.7445829888039353,0.7447627007199183,0.7449421599223898,0.745121366944029,0.7453003223160197,0.7454790265680545,0.7456574802283409,0.7458356838236057,0.7460136378791005,0.746368799464443,0.7465460080374645,0.7467229691570746,0.7468996833412261,0.7470761511064274,0.7472523729677476,0.747428349438821,0.7476040810318526,0.747779568257623,0.7479548116254929,0.7483045688179069,0.7484790836541191,0.748653356655777,0.7488273883252174,0.7490011791633865,0.7491747296698449,0.7493480403427728,0.7495211116789744,0.7496939441738825,0.7498665383215637,0.7502110135447068,0.7503828956015117,0.7505545412737846,0.7507259510488299,0.7508971254126136,0.7510680648497674
3.501010101010101,0.08903565335875585,0.07540849201482291,0.06541522413223011,0.05777329840069334,0.05174018508805367,0.04685622290684055,0.042821632733409554,0.03943256474198309,0.036545569034067804,0.034056768076861976,0.03188909142345431,0.02998415235295382,0.02829690966258369,0.026792060770454262,0.025441544632877955,0.02422277551498697,0.023117369663056775,0.022110211530469992,0.021188758414146358,0.020342515384210058,0.019562633759597325,0.018841600494862165,0.01817299533716288,0.01755129910810993,0.016971740979044303,0.01643017579088546,0.015922984741296387,0.015446994406679182,0.014999410267749647,0.014577761795884103,0.014179856820677128,0.013803743398757895,0.013447677783613443,0.01311009738715574,0.01278959784848388,0.012484913499793748,0.01219490065658857,0.01191852326693521,0.011654840540160416,0.011402996243609631,0.011162209410852442,0.010931766248919672,0.010711013067673303,0.010499350083935988,0.010296225976793472,0.010101133089679415,0.009913603191491371,0.009733203722151806,0.009559534459291141,0.009392224551861061,0.009230929874301741,0.009075330661965086,0.00892512939307899,0.008780048887980563,0.008639830600019494,0.008504233076050749,0.008373030566775075,0.008246011770879247,0.008122978697594374,0.008003745635083659,0.007888138213313134,0.007775992551516064,0.00766715448126043,0.0075614788376857645,0.007458828811886975,0.007359075358363776,0.007262096652189687,0.007167777591082891,0.007076009338150113,0.006986688901368554,0.006899718746514405,0.006815006440474614,0.006732464322120935,0.006652009198350073,0.0065735620630555935,0.006497047837046743,0.006422395127110736,0.006349536002595468,0.006278405788043284,0.006208942870560952,0.0061410885206754084,0.0060747867256560895,0.00600998403424613,0.005946629411951787,0.005884674105887222,0.005824071518827023,0.005764777091372242,0.005706748191697142,0.005649944012531827,0.005594325474547079,0.005539855135891503,0.005486497107324961,0.005434216972580064,0.0053829817135687685,0.00533275964010671,0.005283520323820845,0.005235234535985955,0.0051878741889817,0.0051414122811445084,0.0050958228448055864,0.7350776236286591,0.7352730980856855,0.7354682842915569,0.7356631828833964,0.7358577944964505,0.7362461593178499,0.7364399137873692,0.7366333838004648,0.7368265699831054,0.7370194729594236,0.7372120933517239,0.737404431780489,0.737596488864386,0.7377882652202735,0.7379797614632082,0.7383619160614757,0.7385525756379707,0.7387429575438509,0.7389330623852609,0.7391228907665826,0.739312443290441,0.7395017205577111,0.7396907231675243,0.7398794517172742,0.7400679068026231,0.7404439989541494,0.7406316372030517,0.7408190043530156,0.7410061009911407,0.7411929277028326,0.7413794850718095,0.741565773680107,0.7417517941080853,0.741937546934435,0.7421230327361825,0.742493205565695,0.7426778937392479,0.7428623171797866,0.7430464764561081,0.7432303721353812,0.7434140047831517,0.7435973749633493,0.7437804832382926,0.7439633301686948,0.7441459163136699,0.7445103084758317,0.7446921156033004,0.7448736641659172,0.7450549547148836,0.7452359877998362,0.7454167639688509,0.7455972837684495,0.7457775477436043,0.7459575564377445,0.7461373103927612,0.7464960562453303,0.7466750492190234,0.7468537896058844,0.7470322779401956,0.7472105147547328,0.7473885005807714,0.7475662359480918,0.7477437213849846,0.7479209574182552,0.7480979445732298,0.748451174342229,0.7486274179995551,0.7488034148651983,0.7489791654571647,0.7491546702920114,0.7493299298848525,0.749504944749363,0.7496797153977846,0.74985424234093,0.7500285260881889,0.7503763660255166,0.7505499232272909,0.7507232392565991,0.750896314615787,0.7510691498058054,0.7512417453262166,0.7514141016751976,0.7515862193495463,0.7517580988446854,0.7519297406546673,0.752272313188547,0.7524432448937414,0.752613940876381,0.7527844016237378,0.7529546276217421,0.7531246193549863
3.5393939393939395,0.08909604561528917,0.07545990402156444,0.06546005044197578,0.05781308842320709,0.0517759989395431,0.04688881780719745,0.04285156836149284,0.039460266448393067,0.03657136764199764,0.03408092595846568,0.031911820164483795,0.030005625064472796,0.02831726977505089,0.0268114284510238,0.02546002155723759,0.02424044847527429,0.023134313336913737,0.022126490634519325,0.021204429399410585,0.020357627785502763,0.019577231280324847,0.0188557218871519,0.018186675121962925,0.01756456816896157,0.016984627055185775,0.016442703889619992,0.01593517748477824,0.015458872325428974,0.015010992050341176,0.014589064502451898,0.014190896066353598,0.01381453351198314,0.013458231943338617,0.013120427742244645,0.01279971562198401,0.012494829080348047,0.012204623678835458,0.011928062682454055,0.01166420468026208,0.011412192875078664,0.011171245785564277,0.010940649148155956,0.010719748841686472,0.010507944687545567,0.010304685001329306,0.01010946179178085,0.009921806519105902,0.009741286338067034,0.009567500762487247,0.009400078696840564,0.009238675788762696,0.009082972062863903,0.008932669801308135,0.00878749164179371,0.008647178867339345,0.00851148986572614,0.008380198738967115,0.008253094046595022,0.008129977667464705,0.008010663767472392,0.007894977861804708,0.007782755961849075,0.007673843797704083,0.007568096109010103,0.007465375996867696,0.007365554330903357,0.007268509206081686,0.007174125444443846,0.007082294137563672,0.006992912225715742,0.006905882110589401,0.00682111129834484,0.0067385120702705414,0.006658001178623585,0.006579499565419589,0.006502932102175896,0.0064282273488150965,0.0063553173301009735,0.006284137328139483,0.006214625689610065,0.006146723646518137,0.006080375149403294,0.006015526711965369,0.005952127266178109,0.00589012802730049,0.005829482367478378,0.0057701456981921195,0.005712075359644908,0.005655230517833343,0.005599572067826464,0.005545062543267365,0.005491666031407716,0.005439348093449592,0.005388075689689575,0.005337817109201892,0.005288541903700983,0.005240220825335706,0.005192825768110421,0.005146329712697351,0.0051007066744387375,0.7371967661783113,0.73739123562268,0.7375854174724096,0.737779312365,0.7379729209360695,0.7383592816467429,0.7385520350482304,0.7387445046519778,0.7389366910842924,0.7391285949696401,0.7393202169306515,0.7395115575881298,0.7397026175610564,0.7398933974665982,0.7400838979201139,0.7404640629235022,0.7406537286951116,0.7408431174581817,0.74103222981913,0.7412210663826049,0.7414096277514926,0.7415979145269233,0.7417859273082777,0.741973666693194,0.7421611332775723,0.7425352504196722,0.7427219021605679,0.7429082834672861,0.7430943949271378,0.7432802371257339,0.7434658106469924,0.7436511160731442,0.743836153984739,0.7440209249606515,0.7442054295780874,0.7445736420380442,0.7447573510266855,0.7449407959491036,0.745123977374249,0.745306895869439,0.7454895520003634,0.7456719463310902,0.7458540794240724,0.7460359518401523,0.7462175641385679,0.746580010611372,0.7467608458962672,0.7469414232845227,0.7471217433274409,0.7473018065747538,0.7474816135746288,0.747661164873675,0.7478404610169465,0.7480195025479506,0.7481982900086516,0.7485551048793214,0.7487331333655554,0.7489109099340273,0.7490884351190702,0.7492657094535075,0.7494427334686572,0.7496195076943385,0.7497960326588763,0.7499723088891065,0.7501483369103814,0.7504996504200875,0.7506749369518521,0.7508499773613381,0.7510247721665576,0.7511993218840699,0.7513736270289867,0.7515476881149772,0.751721505654273,0.7518950801576738,0.7520684121345512,0.7524143505391166,0.7525869579784561,0.7527593249145849,0.7529314518498124,0.7531033392850495,0.7532749877198147,0.7534463976522382,0.7536175695790666,0.7537885039956683,0.7539592013960379,0.7542998871172187,0.7544698764191928,0.7546396306672705,0.7548091503486483,0.7549784359491777,0.755147487953369
3.577777777777778,0.08915784428114693,0.07551250418291966,0.06550590485155783,0.05785378414952935,0.05181262186530533,0.04692214355689783,0.04288217021739149,0.03948858009965572,0.03659773195290794,0.03410560967858245,0.031935040022616046,0.030027558379633557,0.028338063464275143,0.02683120560264529,0.02547888631868278,0.024258489748758882,0.023151607615671144,0.02214310420869825,0.0212204200926851,0.020373046337257228,0.019592122456824734,0.018870125383061986,0.01820062629795194,0.01757809865988169,0.016997765275246657,0.016455475454657975,0.015947605567552037,0.01547097795624508,0.015022794372815729,0.01460058099220174,0.014202142718894528,0.013825525004888872,0.013468981776775912,0.013130948361281258,0.012810018523389033,0.012504924906228232,0.012214522298988562,0.011937773267036711,0.011673735764110238,0.011421552414800917,0.011180441210365322,0.010949687405229613,0.010728636436739158,0.010516687721261242,0.010313289202087073,0.01011793254514659,0.009930148894472968,0.0097495051127523,0.009575600443608168,0.009408063541106904,0.009246549820581818,0.00909073909079261,0.008940333433086312,0.008795055298094434,0.008654645794380578,0.008518863146792954,0.008387481305053734,0.00826028868616191,0.008137087035441914,0.008017690393558041,0.007901924158132068,0.007789624230084002,0.007680636235589677,0.0075748148164701545,0.007472022981647841,0.007372131513815328,0.007275018425883406,0.007180568462378245,0.007088672641604177,0.0069992278344854775,0.0069121363770699995,0.0068273057133132475,0.006744648065519443,0.006664080129979655,0.0065855227955670115,0.0065089008833060236,0.0064341429051151255,0.0063611808400879655,0.006289949926862715,0.00622038847070272,0.006152437664151966,0.006086041420108934,0.006021146216371398,0.0059577009506828205,0.005895656805491867,0.005834967121724377,0.0057755872808803455,0.005717474594593042,0.005660588201468086,0.0056048889703345095,0.005550339409730931,0.005496903582830059,0.005444547027754321,0.005393236682651237,0.005342940815348807,0.00529362895716079,0.005245271840642607,0.0051978413409685675,0.005151310420718036,0.005105653077828953,0.7392822918200409,0.7394757633968472,0.7396689480465002,0.7398618464068161,0.7400544591137216,0.7404388301016078,0.74063058964506,0.7408220660600593,0.7410132599731923,0.7412041720091972,0.7413948027909719,0.7415851529395806,0.7417752230742599,0.7419650138124256,0.7421545257696806,0.7425327157948374,0.7427213950849346,0.7429097980385246,0.7430979252622399,0.7432857773609385,0.7434733549377106,0.7436606585938853,0.7438476889290364,0.7440344465409892,0.744220932025827,0.7445930889898168,0.7447787616524812,0.7449641645550675,0.7451492982850425,0.7453341634281684,0.745518760568509,0.7457030902884356,0.7458871531686339,0.7460709497881092,0.7462544807241931,0.7466207478471792,0.7468034851804289,0.7469859591229945,0.7471681702439276,0.7473501191106423,0.7475318062889201,0.7477132323429168,0.7478943978351671,0.7480753033265913,0.748255949376501,0.7486164653810127,0.7487963364462449,0.7489759502912348,0.7491553074673352,0.7493344085243246,0.7495132540104125,0.749691844472245,0.7498701804549099,0.7500482625019435,0.7502260911553342,0.7505809904414432,0.7507580621504548,0.7509348826184213,0.75111145237968,0.7512877719670537,0.7514638419118564,0.7516396627438988,0.7518152349914934,0.7519905591814595,0.7521656358391297,0.7525150486515024,0.7526893858494785,0.7528634776017152,0.753037324426185,0.7532109268394035,0.7533842853564356,0.7535574004908995,0.7537302727549725,0.7539029026593957,0.7540752907134792,0.7544193433007419,0.7545910088454307,0.7547624345628092,0.7549336209551065,0.7551045685231511,0.7552752777663744,0.7554457491828164,0.7556159832691305,0.7557859805205878,0.7559557414310829,0.7562945561979063,0.7564636110351804,0.7566324314933935,0.7568010180596255,0.7569693712196078,0.7571374914577277
3.6161616161616164,0.08922099175505038,0.07556624379113352,0.06555274517514809,0.057895348381200806,0.0518500206042507,0.046956170082323334,0.042913410860596524,0.03951748046708137,0.036624638622260286,0.03413079751695125,0.03195873069229416,0.030049933236108717,0.02835927276908501,0.026851375246266906,0.02549812281956254,0.024276884033202162,0.023169237918520436,0.02216003832950897,0.021236717171847386,0.02038875826964337,0.01960729502824987,0.01888479919232,0.018214837511215554,0.01759187963272002,0.017011145069300126,0.016468480269519525,0.015960259104148777,0.01548330172430834,0.015034807952460483,0.01461230225760124,0.014213588030452251,0.01383670937508874,0.013479919013914876,0.01314165119456312,0.012820498712155293,0.012515193335725594,0.012224589064596225,0.011947647748589696,0.01168342669167921,0.011431067927089034,0.01118978890669875,0.010958874391940321,0.01073766936867071,0.010525572839023223,0.010322032365525868,0.010126539263515255,0.009938624353668546,0.009757854199963,0.009583827769689468,0.00941617346081891,0.009254546451108792,0.009098626328568948,0.00894811496917225,0.008802734632235354,0.008662226247905358,0.008526347874399542,0.008394873305689776,0.00826759081300954,0.008144302005118953,0.008024820794604315,0.00790897245886113,0.007796592785814127,0.007687527295372698,0.007581630529309491,0.007478765402274656,0.007378802608050461,0.007281620075626605,0.007187102470257889,0.007095140735298711,0.007005631670757739,0.006918477545542645,0.006833585739987602,0.006750868416070532,0.006670242212840072,0.006591627964816271,0.006514950441382061,0.006440138105354487,0.0063671228891192255,0.0062958399868480175,0.00622622766144898,0.006158227065101829,0.006091782072225493,0.006026839123893679,0.005963347082750814,0.005901257097769785,0.005840522477915111,0.005781098574067056,0.0057229426685886375,0.0056660138720774356,0.0056102730265295,0.005555682614798552,0.005502206675422117,0.005449810722918724,0.005398461672783239,0.005348127771109268,0.005298778528333936,0.005250384656977691,0.00520291801295536,0.005156351540326454,0.0051106592192354805,0.7413349940622057,0.7415274749540391,0.7417196695965222,0.741911578627727,0.7421032026838312,0.7424855984060126,0.7426763713350322,0.7428668618148501,0.7430570704722729,0.7432469979322545,0.7434366448179018,0.7436260117504828,0.7438150993494322,0.7440039082323585,0.744192439015051,0.7445686687338356,0.7447563688924691,0.7449437933959658,0.745130942851118,0.7453178178629378,0.7455044190346651,0.7456907469677728,0.7458768022619732,0.7460625855152253,0.7462480973237408,0.7466183089827096,0.7468030100169066,0.7469874419738672,0.7471716054411611,0.7473555010046488,0.7475391292484878,0.7477224907551381,0.7479055861053692,0.748088415878265,0.7482709806512318,0.7486353174986438,0.7488170907195614,0.7489986012335071,0.7491798496095841,0.7493608364152522,0.7495415622163353,0.7497220275770262,0.749902233059893,0.7500821792258843,0.7502618666343358,0.7506204674079303,0.7507993818837302,0.7509780398233156,0.7511564417780422,0.7513345882976871,0.7515124799304537,0.7516901172229782,0.7518675007203347,0.7520446309660409,0.7522215085020635,0.7525745076052045,0.7527506302485518,0.7529265023346844,0.7531021243978975,0.7532774969709677,0.7534526205851595,0.7536274957702298,0.7538021230544334,0.7539765029645289,0.7541506360257834,0.7544981636954119,0.7546715593469108,0.7548447102358284,0.7550176168800538,0.7551902797960158,0.7553626994986888,0.7555348765015971,0.7557068113168202,0.755878504454998,0.7560499564253365,0.7563921388921743,0.7565628703999573,0.7567333627624778,0.756903616481844,0.7570736320587589,0.7572434099925263,0.7574129507810546,0.757582254920863,0.7577513229070847,0.757920155233473,0.7582571148748902,0.7584252431705674,0.7585931377677169,0.7587607991532623,0.7589282278127754,0.7590954242304807
3.6545454545454548,0.0892854329703483,0.07562107628225412,0.06560053108411668,0.057937745557794296,0.0518881633603121,0.04699086863478985,0.04294526405982002,0.039546943434005444,0.036652065334745854,0.03415646871116429,0.03198287276364198,0.030072731412622455,0.028380880520971985,0.026871921152343492,0.025517715673012975,0.024295616702185385,0.0231871903087707,0.022177279688688656,0.02125330790358748,0.020404751377372965,0.01962273727592756,0.01889973204615436,0.01822929791016692,0.01760590062380274,0.01702475633529621,0.01648170857007003,0.015973128646902146,0.01549583447895131,0.015047023917883706,0.014624219690348994,0.014225223640998652,0.013848078497229244,0.013491035751566738,0.013152528549530862,0.012831148695694794,0.012525627066351519,0.012234816854114428,0.011957679178000835,0.011693270678367007,0.011440732784461671,0.011199282397297172,0.01096820377478347,0.010746841441685029,0.010534593977069684,0.010330908554589291,0.01013527613151699,0.009947227198284891,0.009766328013801728,0.009592177263137436,0.00942440308271364,0.009262660407653556,0.009106628600516808,0.008956009327525494,0.008810524652609342,0.00866991532370276,0.008533939228837606,0.008402370002925097,0.0082749957683238,0.008151617994321403,0.008032050462697837,0.007916118328064159,0.007803657262938191,0.0076945126787009155,0.007588539014943163,0.007485599090030548,0.007385563506942416,0.007288310108956808,0.007193723480367176,0.007101694487971488,0.007012119859357346,0.006924901794854388,0.006839947609819097,0.006757169404613239,0.0066764837598197735,0.006597811454444713,0.006521077205123071,0.0064462094245233414,0.006373139997325028,0.006301804072275763,0.006232139869026154,0.006164088498529008,0.006097593795882816,0.006032602164641632,0.0059690624316594,0.005906925711718691,0.005846145281059423,0.0057866764593248465,0.005728476498967239,0.005671504481977729,0.005615721222970049,0.005561089178535594,0.005507572362060342,0.005455136263936788,0.0054037477765337405,0.005353375123731019,0.005303987794657683,0.005255556481353341,0.005208053020061887,0.005161450335932294,0.005115722390923283,0.7433556416364051,0.7435471390557891,0.7437383509133185,0.7439292778472644,0.744119920493997,0.7445003554618409,0.7446901490462522,0.7448796608700641,0.7450688915602482,0.7452578417419178,0.7454465120383336,0.7456349030709121,0.7458230154592305,0.7460108498210355,0.7461984067722488,0.7465726908975033,0.746759419294325,0.7469458727261287,0.7471320517998131,0.7473179571204921,0.7475035892915013,0.747688948914405,0.7478740365890018,0.748058852913332,0.7482433984836834,0.7486116797388791,0.7487954166075959,0.748978885090091,0.7491620857739869,0.7493450192451919,0.7495276860879061,0.7497100868846281,0.7498922222161608,0.7500740926616177,0.7502556987984291,0.7506181204474586,0.7507989371061756,0.7509794917492585,0.7511597849458124,0.7513398172632959,0.7515195892675263,0.7516991015226858,0.751878354591328,0.7520573490343823,0.7522360854111612,0.7525927861950905,0.7527707517128306,0.7529484613854868,0.7531259157643709,0.7533031153992124,0.7534800608381629,0.7536567526278031,0.7538331913131476,0.7540093774376505,0.7541853115432112,0.7545364258573645,0.7547116071420321,0.7548865385599192,0.7550612206452344,0.7552356539306648,0.7554098389473811,0.7555837762250429,0.7557574662918043,0.7559309096743193,0.7561041068977469,0.7564497649605328,0.7566222268427824,0.7567944446517372,0.7569664189051607,0.7571381501193529,0.7573096388091558,0.757480885487958,0.7576518906677004,0.7578226548588805,0.7579931785705585,0.7583335065844888,0.7585033118977175,0.7586728787534066,0.7588422076535022,0.759011299098543,0.7591801535876647,0.7593487716186047,0.759517153687708,0.7596853002899311,0.759853211918847,0.760188332224162,0.7603555418808342,0.7605225185247548,0.7606892626426522,0.7608557747199003,0.761022055240523
3.692929292929293,0.08935111526315487,0.07567695712458822,0.06564922401039641,0.057980941671667785,0.051927019726241586,0.047026211721579725,0.04297770473004958,0.03957694593789429,0.03667999075069228,0.034182603406783474,0.03200744767582331,0.030095935485144443,0.02840287030279809,0.0268928278017857,0.025537650165891712,0.024314673769893824,0.0232054514602843,0.022194815561143,0.02127018011270887,0.0204210139902683,0.019638437995094238,0.01891491317009386,0.018243997119344102,0.017620151628683245,0.017038589414654193,0.01649515102092447,0.015986205163106115,0.015508567471525514,0.015059433787542487,0.01463632506053103,0.014237041558078367,0.013859624603304588,0.013502324434214397,0.013163573072122348,0.01284196131120241,0.012536219117121994,0.0122451988596195,0.011967860912267314,0.011703261238514728,0.011450540651535834,0.011208915490445448,0.010977669499546594,0.010756146733283622,0.010543745339184674,0.01033991209424534,0.010144137590505697,0.009955951981545086,0.00977492121511514,0.009600643688371213,0.009432747270997743,0.009270886650614707,0.009114740959818901,0.00896401165088867,0.0088184205884565,0.00867770833460002,0.008541632603761506,0.008409966868603957,0.008282499099638407,0.00815903062388601,0.008039375089704759,0.007923357526461006,0.00781081348895829,0.007701588277872817,0.007595536228569344,0.007492520061202157,0.0073924102861253616,0.007295084659189377,0.007200427682105048,0.007108330143577479,0.007018688697319808,0.006931405473712071,0.006846387721824887,0.0067635474791707395,0.006682801266690741,0.006604069806763757,0.006527277762217398,0.006452353494563634,0.006379228839815898,0.006307838900385776,0.006238121851798173,0.006170018762947538,0.006103473428822337,0.006038432214710232,0.005974843910941829,0.0059126595973993945,0.0058518325169771845,0.005792317957429072,0.005734073140720608,0.005677057119639173,0.005621230680859179,0.0055665562541892255,0.005512997827350596,0.0054605208661360205,0.005409092239304969,0.00535868014808627,0.005309254059860602,0.005260784645782279,0.005213243722019145,0.00516660419443471,0.005120840006429428,0.7453449794569803,0.7455355006393495,0.7457257369564572,0.7459156890467176,0.7461053575466382,0.7464838463120035,0.746672667840996,0.7468612083067593,0.7470494683363758,0.7472374485550639,0.747425149586185,0.7476125720512505,0.7477997165699276,0.7479865837600476,0.7481731742376119,0.7485455275099703,0.7487312915276791,0.7489167812786749,0.7491019973699109,0.7492869404065512,0.7494716109919766,0.7496560097277912,0.7498401372138298,0.7500239940481633,0.750207580827106,0.7505739465953292,0.7507567267685111,0.7509392392541178,0.7511214846397748,0.7513034635113891,0.7514851764531553,0.7516666240475615,0.7518478068753963,0.7520287255157545,0.7522093805460431,0.7525699020776394,0.7527497697253789,0.7529293760559245,0.7531087216383369,0.7532878070400261,0.7534666328267571,0.7536451995626553,0.7538235078102132,0.7540015581302959,0.754179351082147,0.7545341671100564,0.7547111912965475,0.754887960335684,0.7550644747786892,0.7552407351752006,0.755416742073274,0.7555924960193905,0.7557679975584609,0.7559432472338327,0.7561182455872942,0.7564674904878838,0.756641738110847,0.7568157365635825,0.75698948638017,0.7571629880931643,0.7573362422336002,0.7575092493309984,0.75768200991337,0.7578545245072231,0.7580267936375673,0.7583705976003069,0.7585421334752781,0.7587134259719016,0.758884475607775,0.7590552828990292,0.7592258483603336,0.7593961725049012,0.7595662558444939,0.7597360988894274,0.7599057021485769,0.7602441913378488,0.7604130782785621,0.7605817274546828,0.760750139367957,0.7609183145187199,0.7610862534059013,0.7612539565270294,0.7614214243782371,0.7615886574542656,0.7617556562484707,0.7620889529579298,0.7622552518530069,0.7624213184259168,0.7625871531631558,0.7627527565498639,0.7629181290698273
3.7313131313131316,0.08941798824851754,0.07573384371396086,0.06569878705572363,0.058024904187915394,0.051966560611897306,0.04706217304117988,0.04301070887343006,0.03960746591597608,0.03670839445573959,0.034209182610500544,0.03203243767322794,0.030119528785747973,0.028425226410022875,0.026914080349293767,0.025557912224021373,0.02433404185804655,0.023224008625949533,0.02221263377483451,0.021287322153312416,0.02043753494562406,0.01965438646834794,0.018930332258441207,0.01825892521481498,0.01763462307841046,0.017052635069346733,0.016508798693284032,0.01599948001356355,0.015521492334621079,0.015072029449593627,0.014648610497059789,0.014249034137801542,0.013871340264178689,0.013513777836030583,0.01317477772925979,0.012852929708597083,0.012546962811918916,0.012255728570576663,0.011978186598653906,0.011713392169931724,0.011460485469903636,0.011218682265205282,0.01098726577685083,0.01076557958010771,0.0105530213828402,0.010349037557913943,0.010153118325261001,0.009964793495265911,0.009783628698666669,0.009609222039281495,0.00944120111503799,0.009279220361394835,0.009122958676659354,0.008972117295136584,0.008826417878412207,0.008685600799211324,0.008549423595115124,0.008417659573489167,0.008290096550135906,0.008166535707131106,0.00804679055689983,0.007930686001209053,0.007818057474925144,0.00770875016593775,0.007602618303423125,0.007499524507470046,0.007399339194065102,0.007301940029981191,0.007207211432790017,0.007115044111630109,0.0070253346449487,0.006937985091853727,0.00685290263388072,0.006769999244504166,0.006689191383901338,0.006610399716749593,0.006533548851054949,0.0064585670962068464,0.006385386238626611,0.006313941333521145,0.006244170511449987,0.00617601479845431,0.00610941794865727,0.0060443262883532745,0.005980688570636161,0.005918455839888259,0.005857581304951953,0.0057980202211384,0.005739729779320912,0.005682669002544105,0.005626798649009834,0.00557208112122598,0.005518480380779955,0.005465961868380775,0.005414492428737594,0.005364040239998591,0.005314574747381173,0.005266066600755237,0.0052184875958408705,0.005171810618830097,0.005126009594230041,0.7473037295362696,0.7474932817334505,0.7476825497704909,0.7478715342858941,0.7480602359162526,0.7484367930586886,0.7486246498344569,0.7488122262525759,0.7489995229401869,0.7491865405225617,0.7493732796231105,0.7495597408633875,0.7497459248630992,0.7499318322401106,0.7501174636104518,0.7504879007861124,0.75067270781438,0.7508572412818879,0.7510415017955946,0.7512254899606644,0.751409206380474,0.7515926516566194,0.7517758263889214,0.7519587311754335,0.7521413666124478,0.7525058318143816,0.7526876627631363,0.7528692267300757,0.7530505243027813,0.7532315560671116,0.7534123226072084,0.7535928245055034,0.7537730623427239,0.7539530366978993,0.7541327481483676,0.754491384636113,0.7546703108196625,0.7548489763910624,0.7550273819192845,0.7552055279716449,0.7553834151138111,0.7555610439098075,0.7557384149220214,0.755915528711209,0.7560923858365012,0.756445332323832,0.7566214227960593,0.7567972588247797,0.7569728409610856,0.7571481697544796,0.757323245752879,0.7574980695026226,0.7576726415484759,0.7578469624336368,0.7580210326997415,0.7583684235335508,0.7585417451767685,0.7587148183519672,0.758887643593057,0.75906022143242,0.7592325524009144,0.7594046370278811,0.7595764758411487,0.7597480693670389,0.7599194181303718,0.7602613834611716,0.7604320010708192,0.7606023760022822,0.760772508772953,0.7609423998987543,0.7611120498941443,0.7612814592721221,0.7614506285442323,0.7616195582205707,0.7617882488097891,0.7621249147542849,0.7622928911196922,0.7624606304182502,0.762628133151467,0.762795399819438,0.7629624309208496,0.7631292269529844,0.7632957884117264,0.7634621157915663,0.7636282095856052,0.7639596983817702,0.7641250943631985,0.7642902587174395,0.7644551919307231,0.7646198944879183,0.7647843668725399
3.76969696969697,0.08948600370405535,0.07579169527527774,0.06574918490635873,0.05806960196913857,0.052006758177001844,0.04709872742241972,0.04304425352371466,0.039638482254148566,0.03673725691354646,0.03423618814612173,0.032057825764313486,0.03014349536395655,0.02844793381426347,0.026935664588882524,0.025578488379506492,0.024353708164820964,0.023242849608062888,0.02223072268248627,0.021304722881708704,0.020454303562235987,0.019670572440705802,0.018945979450270434,0.018274072701045307,0.017649305817238337,0.01706688446036697,0.016522643044116547,0.01601294493243377,0.015534601062538123,0.015084803142951797,0.014661068469288385,0.014261194066984895,0.013883218372223727,0.013525389043978042,0.013186135792397136,0.012864047334487427,0.012557851763860373,0.012266399758596336,0.011988650159804326,0.011723657539358556,0.011470561443930438,0.01122857705751834,0.010996987068561004,0.010775134564646072,0.010562416806174202,0.01035827975471515,0.010162213251492913,0.009973746757607982,0.00979244558116521,0.009617907527444958,0.009449759917798728,0.009287656931053045,0.009131277227070411,0.008980321818321313,0.008834512159751173,0.008693588431356147,0.008557307990739504,0.008425443977030822,0.00829778404858228,0.008174129239956418,0.008054292925231854,0.007938099876312998,0.007825385406002083,0.007715994587402908,0.007609781541613847,0.00750660878688747,0.007406346643165085,0.007308872686560108,0.0072140712490131875,0.007121832958679297,0.0070320543174050565,0.006944637311757429,0.00685948905453837,0.006776521454044726,0.006695650908606798,0.006616798024176362,0.00653988735296096,0.006464847151301023,0.006391609155141809,0.006320108371642319,0.0062502828855990344,0.006182073679435018,0.006115424465681474,0.0060502815309730895,0.005986593590435629,0.005924311652310887,0.005863388890879451,0.005803780528371827,0.005745443724000543,0.005688337470563298,0.0056324224972635895,0.005577661178837734,0.005524017450252328,0.005471456726697688,0.005419945828397221,0.005369452910005679,0.005319947394184066,0.00527139990913128,0.005223782229747398,0.0051770672222233305,0.005131228791812159,0.7492325918579827,0.7494211823321426,0.7496094893592665,0.7497975135778965,0.7499852556246571,0.7503598957395304,0.7505467950713749,0.7507334147588273,0.7509197554290373,0.7511058177072801,0.7512916022169643,0.7514771095796385,0.7516623404149981,0.7518472953408923,0.7520319749733315,0.7524005108127295,0.7525843682425739,0.7527679528247472,0.7529512651661655,0.7531343058719457,0.753317075545413,0.7534995747881071,0.7536818041997893,0.7538637643784476,0.7540454559203054,0.754408035469722,0.7545889246609571,0.7547695475827567,0.7549499048226125,0.7551299969662892,0.755309824597831,0.7554893882995672,0.7556686886521197,0.7558477262344078,0.7560265016236556,0.7563832681234862,0.7565612603800949,0.7567389927357271,0.7569164657592216,0.7570936800177579,0.7572706360768633,0.7574473345004179,0.7576237758506612,0.7577999606881981,0.7579758895720042,0.7583269817062194,0.7585021460664891,0.7586770566927611,0.7588517141359552,0.7590261189453975,0.7592002716688262,0.7593741728523967,0.7595478230406889,0.7597212227767105,0.7598943726019051,0.760239924677793,0.7604123280035975,0.7605844835688074,0.7607563919071244,0.7609280535507176,0.7610994690302301,0.7612706388747844,0.7614415636119872,0.7616122437679358,0.7617826798672225,0.7621228219866899,0.762292529048581,0.762461994137242,0.7626312177698228,0.7628002004620006,0.7629689427279855,0.7631374450805252,0.7633057080309102,0.7634737320889798,0.763641517763126,0.7639763759860151,0.764143449544355,0.7643102867379764,0.7644768880681143,0.7646432540345881,0.7648093851358059,0.7649752818687691,0.7651409447290783,0.7653063742109375,0.7654715708071592,0.7658012673070131,0.7659657681893571,0.7661300381434973,0.7662940776553618,0.7664578872095171,0.766621467289171
3.8080808080808084,0.08955511546054506,0.07585047276997736,0.06580038375290265,0.05811500520466217,0.0520475857678786,0.04713585076725202,0.043078316694036944,0.039669974738945624,0.03676655942132878,0.03426360261318351,0.032083595682903865,0.030167819950398522,0.02847097812903887,0.026957566921510967,0.025599365740011204,0.02437366043563649,0.02326196273047998,0.022249071134980203,0.0213223716309604,0.020471309615992417,0.019686986096153825,0.018961845306874836,0.018289430489205838,0.01766419108165518,0.01708132912748106,0.016536675896586694,0.016026592008289486,0.015547885992927779,0.01509774743948289,0.01467369176972999,0.014273514346359595,0.013895252124984325,0.01353715144192602,0.013197640822053658,0.012875307917102674,0.012568879860606952,0.012277206463092716,0.0119992457797512,0.011734051668798484,0.011480763027394092,0.011238594447148142,0.011006828075009634,0.010784806502728284,0.010571926535756226,0.010367633717483726,0.01017141750409234,0.009982807001558291,0.009801367189962606,0.009626695571048782,0.009458419184969369,0.009296191949628052,0.009139692282457368,0.008988620970382444,0.008842699258261977,0.008701667130121105,0.0085652817605949,0.008433316117759326,0.008305557699879396,0.00818180739154084,0.008061878426160907,0.007945595443611952,0.00783279363258893,0.007723317949484332,0.007617022405516316,0.0075137694153945,0.007413429201404753,0.007315879247486334,0.0072210037985127595,0.007128693400300423,0.007038844476807027,0.006951358940848196,0.006866143835336125,0.006783111002297781,0.006702176777180324,0.006623261706223849,0.006546290284899725,0.006471190715610975,0.006397894682976357,0.006326337145301841,0.006256456140851796,0.006188192607696874,0.006121490216072334,0.006056295212228613,0.005992556272865546,0.00593022436931534,0.005869252640760991,0.0058095962757579445,0.005751212401417405,0.005694059979681532,0.005638099710309041,0.0055832939397965076,0.0055296065760415125,0.005477003008281467,0.005425450031843915,0.005374915777493605,0.005325369644944011,0.005276782240371758,0.005229125317505967,0.0051823717221829435,0.005136495340088421,0.7511322452109112,0.7513198812289441,0.7515072345205109,0.7516943057241409,0.7518810954764422,0.7522538331639277,0.7524397823627859,0.752625452637678,0.7528108446157131,0.7529959589221216,0.7531807961802625,0.7533653570116302,0.7535496420358617,0.7537336518707435,0.7539173871322181,0.75428403638954,0.7544669516081159,0.7546495946987558,0.7548319662682863,0.7550140669217315,0.7551958972623188,0.7553774578914866,0.75555874940889,0.7557397724124079,0.7559205274981493,0.7562812362919297,0.756461191183397,0.7566408805239576,0.7568203049009691,0.7569994649000586,0.7571783611051288,0.7573569940983639,0.7575353644602362,0.7577134727695126,0.7578913196032605,0.7582462311439818,0.7584232969966492,0.7586001036651889,0.7587766517182647,0.7589529417228777,0.7591289742443732,0.759304749846446,0.7594802690911464,0.7596555325388872,0.759830540748448,0.7601797936800254,0.7603540395114942,0.760528032323699,0.7607017726673475,0.76087526109155,0.7610484981438254,0.7612214843701074,0.7613942203147496,0.7615667065205318,0.7617389435286657,0.7620826721090257,0.7622541647558839,0.7624254103543685,0.7625964094379338,0.7627671625384992,0.7629376701864545,0.7631079329106661,0.7632779512384825,0.7634477256957385,0.7636172568067621,0.7639555910799186,0.7641243952832186,0.764292958222631,0.764461280415027,0.7646293623758026,0.7647972046188837,0.7649648076567308,0.7651321720003457,0.7652992981592749,0.7654661866416159,0.765799252601708,0.7659654310884538,0.7661313739166115,0.7662970815871083,0.7664625545994539,0.7666277934517436,0.7667927986406639,0.766957570661498,0.7671221100081298,0.76728641717305,0.7676143369207767,0.767777950481639,0.7679413338169104,0.7681044874121856,0.7682674117516943,0.7684301073183062
3.846464646464647,0.08962527929898145,0.07591013880895126,0.06585235121485356,0.058161085344108354,0.052089017857931186,0.04717351999691766,0.04311287732777269,0.039701924012343404,0.03679628406802771,0.034291409348018886,0.032109731851776235,0.030192487922613198,0.02849434557754227,0.026979774324634498,0.02562053195985481,0.02439388693566935,0.023281336812417286,0.02226766845632988,0.02134025818692531,0.020488543316897756,0.019703618035587067,0.018977920790541836,0.018304989876708144,0.017679270480672082,0.01709596097018551,0.016550889421633297,0.016040413666284614,0.015561339789521789,0.015110855227260522,0.01468647349779384,0.014285988274773342,0.013907435009826608,0.013549058695706329,0.013209286653260155,0.012886705452112568,0.012580041250540464,0.012288142977801453,0.012009967890747375,0.011744569122660864,0.011491084910936866,0.011248729245396882,0.011016783722986201,0.010794590431772444,0.010581545715068752,0.01037709469148762,0.01018072642608503,0.009991969664107092,0.009810389052430923,0.00963558178447077,0.009467174614740781,0.00930482119610565,0.00914819969973979,0.008997010683464146,0.008850975178733012,0.008709832970509979,0.008573341047570016,0.008441272204237626,0.008313413776166234,0.008189566495591882,0.008069543453059325,0.007953169154304551,0.007840278661970457,0.007730716813894367,0.007624337509673729,0.007521003058838627,0.007420583584479723,0.00732295647690151,0.0072280058925343615,0.007135622293554134,0.007045702024799261,0.006958146924163078,0.006872863963564457,0.006789764917711327,0.006708766058169613,0.006629787870523263,0.006552754792610527,0.006477594972038259,0.006404240041284592,0.006332624909032192,0.006262687566271019,0.006194368906017211,0.006127612555540951,0.006062364720100799,0.005998574037250237,0.005936191440955474,0.005875170034651767,0.005815464972744988,0.005757033349677143,0.005699834096105749,0.005643827881851582,0.005588977024708175,0.005535245405090206,0.005482598385855186,0.00543100273704844,0.005380426565153473,0.005330839246591279,0.00528221136514595,0.005234514653039257,0.005187721935437817,0.005141807078142713,0.7530033479850607,0.7531900368133838,0.7533764436427784,0.7535625691117138,0.7537484138567333,0.7541192637116114,0.7543042700849919,0.7544889982615147,0.7546734488682018,0.7548576225301917,0.7550415198707475,0.7552251415112637,0.7554084880712725,0.7555915601684514,0.7557743584186304,0.7561391358321087,0.7563211162178899,0.7565028252016486,0.7566842633900778,0.7568654313880637,0.7570463297986927,0.7572269592232569,0.7574073202612621,0.757587413510434,0.7577672395667241,0.7581260924756383,0.7583051205113572,0.7584838837203964,0.7586623826899384,0.7588406180054298,0.75901859025059,0.759196300007416,0.7593737478561894,0.7595509343754827,0.7597278601421656,0.7600809317167017,0.7602570786698355,0.7604329671609333,0.7606085977584436,0.7607839710291491,0.7609590875381728,0.7611339478489845,0.7613085525234059,0.7614829021216181,0.7616569972021656,0.7620044260363058,0.7621777608988642,0.7623508434617021,0.7625236742752758,0.7626962538884416,0.7628685828484613,0.7630406617010086,0.763212490990174,0.7633840712584711,0.7635554030468424,0.7638973233397542,0.7640679129183738,0.7642382561652371,0.7644083536135143,0.7645782057948386,0.7647478132393108,0.7649171764755054,0.7650862960304755,0.765255172429759,0.7654238061973836,0.7657603479262483,0.7659282569280417,0.7660959253792936,0.7662633537965616,0.7664305426949259,0.7665974925879938,0.7667642039879049,0.7669306774053369,0.7670969133495106,0.7672629123281949,0.7675942014129434,0.767759492527333,0.7679245486928945,0.768089370410215,0.7682539581784608,0.7684183124953818,0.7685824338573175,0.7687463227592004,0.7689099796945631,0.7690734051555412,0.7693995636159372,0.7695622975926906,0.7697248020497407,0.7698870774723167,0.7700491243442809,0.7702109431481333
3.884848484848485,0.089696452853671,0.07597065757058163,0.06590505626958776,0.05820781503472505,0.05213102999161012,0.04721171300126492,0.04314791525228012,0.03973431152921769,0.03682641369493145,0.03431959238710347,0.032136219348386286,0.030217485272863498,0.028518022962302214,0.027002274323456366,0.025641975212802204,0.024414376423977924,0.023300961143787546,0.022286504420123143,0.021358372765706846,0.020505995287458334,0.01972045925603938,0.018994197244578404,0.018320742527952905,0.0176945359772559,0.017110772229778526,0.016565276120640293,0.016054402651380695,0.015574955425877723,0.015124119694792437,0.014699407044487689,0.014298609434328036,0.013919760789478541,0.013561104739046925,0.013221067381867568,0.01289823418928504,0.012591330329749795,0.012299203838085582,0.012020811160881606,0.011755204695657717,0.011501522010197718,0.011258976483541017,0.011026849154423202,0.01080448159970826,0.010591269693677297,0.010386658123818227,0.010190135558228453,0.01000123037604117,0.009819506885961893,0.009644561968467635,0.009476022088181546,0.009313540628968608,0.009156795512075377,0.009005487062799356,0.00885933609601286,0.008718082194640986,0.008581482158831588,0.008449308606564454,0.008321348708452359,0.008197403042113027,0.008077284553088204,0.007960817610967008,0.007847837150467551,0.0077381878890986355,0.007631723613171659,0.007528306525466211,0.007427806648395485,0.007330101277237211,0.007235074478637804,0.0071426166299009,0.007052623995556284,0.006964998337455008,0.006879646555461472,0.006796480355955037,0.006715415945666714,0.006636373748615476,0.006559278144145031,0.006484057224237172,0.00641064256845858,0.006338969035119879,0.0062689745672277475,0.0062006000120709,0.0061337889533079615,0.006068487554582003,0.006004644413736715,0.005942210426776451,0.005881138660883689,0.0058213842357965895,0.005762904212770592,0.005705657490752469,0.005649604709130229,0.00559470815659413,0.005540931685638517,0.005488240632365526,0.005436601741143465,0.005385983093819546,0.005336354043160907,0.005287685150226595,0.005239948125411953,0.0051931157728943855,0.005147161938293898,0.754846538932169,0.755032287831898,0.7552177554667304,0.755402942475029,0.7555878494932258,0.755956826095435,0.7561408969427257,0.7563246903264856,0.756508206873604,0.7566914472090833,0.7568744119560454,0.7570571017357401,0.7572395171675507,0.7574216588690016,0.7576035274557659,0.7579664477387066,0.7581475006570313,0.7583282829049791,0.7585087950890665,0.7586890378139995,0.75886901168268,0.7590487172962121,0.7592281552539104,0.7594073261533044,0.7595862305901471,0.7599432424503426,0.7601213510563738,0.7602991955652231,0.7604767765638557,0.760654094637498,0.7608311503696451,0.7610079443420664,0.7611844771348131,0.761360749326223,0.7615367614929283,0.7618880080502591,0.7620632435856738,0.7622382213859743,0.7624129420193555,0.7625874060523425,0.7627616140497983,0.7629355665749287,0.7631092641892893,0.7632827074527905,0.7634558969237047,0.7638015167127035,0.7639739481391933,0.764146127989918,0.7643180568150463,0.7644897351631437,0.7646611635811784,0.7648323426145274,0.7650032728069818,0.7651739547007529,0.7653443888364784,0.7656845159885043,0.7658542100782602,0.7660236585568918,0.766192861957251,0.7663618208106494,0.7665305356468637,0.7666990069941417,0.7668672353792078,0.7670352213272674,0.7672029653620142,0.767537729778811,0.767704751200733,0.7678715327890968,0.7680380750601135,0.7682043785285135,0.7683704437075527,0.7685362711090168,0.7687018612432269,0.7688672146190452,0.7690323317438793,0.7693618592629876,0.7695262706648537,0.7696904478309298,0.7698543912614308,0.7700181014551483,0.7701815789094555,0.7703448241203126,0.7705078375822717,0.7706706197884817,0.770833171230693,0.771157583783161,0.7713194458699726,0.7714810791459047,0.7716424840957908,0.771803661203096,0.7719646109499206
3.9232323232323236,0.08976859552095706,0.07603199472352151,0.06595846918546822,0.05825516806230646,0.052173598731640736,0.047250408591017035,0.043183411135334526,0.03976711951727485,0.03685693185858263,0.03434813643253831,0.03216304387258573,0.03024279857781864,0.028541997636605032,0.02702505496393015,0.02566368416643483,0.024435118129133904,0.023320825461972894,0.02230556922733362,0.021376705992420475,0.020523656542310587,0.019737501131130264,0.01901066637449711,0.018336680456211396,0.017709979870849657,0.01712575547247641,0.01657982880911124,0.01606855201254631,0.015588726170065681,0.015137534316177259,0.014712486077998577,0.01431137167636476,0.013932223488417272,0.013573283760326404,0.013232977351645192,0.012909888619916376,0.012602741729778155,0.012310383808979974,0.012031770482402115,0.011765953401407181,0.01151206945471206,0.011269331401943639,0.011037019715746887,0.010814475454563821,0.01060109401701892,0.010396319653393826,0.010199640629221296,0.010010584952363955,0.009828716588555109,0.009653632100948384,0.009484957660171212,0.009322346377299562,0.009165475920121735,0.009014046378133522,0.008867778346566713,0.00872641120345996,0.008589701557672025,0.008457421848346636,0.008329359078733889,0.008205313669644165,0.008085098419574055,0.007968537560040567,0.007855465896033587,0.007745728023033527,0.007639177612465575,0.007535676758851584,0.00743509538250231,0.0073373106823292344,0.00724220663392483,0.007149673528518363,0.007059607549197877,0.006971910380695889,0.006886488849800587,0.006803254593598318,0.006722123753066467,0.006643016689786174,0.0065658577237796,0.0064905748906153304,0.006417099716197305,0.0063453670077497915,0.006275314659618614,0.0062068834727115885,0.006140016986460273,0.006074661322302721,0.006010765037804955,0.0059482789904680144,0.005887156210721112,0.005827351783135204,0.005768822735310097,0.005711527934002758,0.005655427987773742,0.005600485155775381,0.005546663262192109,0.0054939276159886585,0.005442244935485174,0.005391583277551515,0.00534191197095224,0.0052932015537104915,0.005245423714073105,0.005198551234933402,0.00515255794144498,0.7566624378924495,0.7568472541149323,0.7570317898125916,0.7572160456236386,0.7574000221843495,0.7577671400902415,0.7579502826983685,0.7581331485820669,0.7583157383680498,0.7584980526811393,0.7586800921442738,0.7588618573785147,0.759043349003054,0.7592245676352204,0.7594055138904873,0.7597665917229787,0.7599467245219336,0.7601265873874637,0.7603061809258675,0.7604855057416292,0.7606645624374253,0.7608433516141314,0.7610218738708291,0.7612001298048124,0.7613781200115948,0.7617333056167459,0.7619105021972967,0.7620874354150245,0.7622641058566372,0.7624405141071018,0.7626166607496502,0.7627925463657858,0.7629681715352897,0.7631435368362275,0.7633186428449551,0.7636680792826944,0.7638424108559274,0.7640164854254058,0.7641903035590326,0.7643638658230386,0.7645371727819888,0.7647102249987893,0.7648830230346915,0.7650555674492997,0.765227858800577,0.7655716845368187,0.7657432200295554,0.7659145046745173,0.7660855390215499,0.7662563236188921,0.7664268590131833,0.7665971457494689,0.7667671843712056,0.7669369754202677,0.7671065194369533,0.7674448685265347,0.7676136746721935,0.7677822359310126,0.7679505528354912,0.7681186259165856,0.7682864557037153,0.7684540427247681,0.7686213875061055,0.7687884905725687,0.7689553524474835,0.7692883547084293,0.769454496133586,0.7696203984454565,0.7697860621598729,0.7699514877911843,0.7701166758522631,0.7702816268545093,0.770446341307856,0.7706108197207753,0.7707750626002825,0.771102843779873,0.7712663830867529,0.7714296888738239,0.7715927616408984,0.7717556018863626,0.771918210107183,0.7720805867989106,0.7722427324556864,0.7724046475702461,0.7725663326339254,0.7728890145670139,0.773050012412138,0.7732107821578215,0.7733713242884731,0.7735316392871312,0.773691727635468
3.961616161616162,0.0898416683731883,0.07609411735393601,0.0660125614587973,0.05830311929562515,0.0522167016092796,0.04728958645278525,0.04321934644406322,0.03980033093928548,0.03688782279582459,0.03437702681951438,0.032190191716196415,0.030268414969984225,0.028566257477560475,0.02704810478729036,0.025685647958001767,0.024456101726257562,0.023340919929937254,0.022324853485406915,0.021395248881174722,0.0205415184690384,0.01975473539262962,0.01902732023027276,0.01835279600654882,0.017725594780893528,0.01714090357350284,0.016594540601283736,0.01608285508786489,0.015602645570242935,0.015151092837111801,0.014725704530115902,0.014324269108290766,0.01394481738004194,0.01358559019008887,0.01324501114212584,0.012921663464989463,0.012614270306076314,0.01232167787392957,0.012042840960727497,0.011776810461697318,0.011522722577409827,0.011279789439795018,0.011047290947840405,0.010824567634635351,0.010611014416790687,0.010406075101539125,0.010209237546468852,0.01002002938321922,0.009838014229946568,0.009662788328262506,0.009493977550867005,0.009331234732398719,0.009174237283806841,0.009022685055630308,0.008876298420536055,0.008734816548931934,0.008597995855833651,0.008465608599163232,0.008337441612565999,0.008213295157956213,0.008092981884818329,0.007976325884753277,0.007863161831286547,0.007753334196240358,0.007646696534616471,0.007543110831230493,0.007442446902929389,0.007344581850965093,0.0072493995586582205,0.00715679023001381,0.007066649965584815,0.006978880371953489,0.006893388201854367,0.006810085022150081,0.006728886907184428,0.006649714155264053,0.0065724910262932035,0.006497145498669421,0.006423609043916145,0.00635181641748539,0.0062817054644064285,0.006213216938586119,0.006146294334631874,0.0060808837312229524,0.0060169336450695,0.00595439489470162,0.005893220473288885,0.005833365429706694,0.005774786757509975,0.005717443290808699,0.0056612956069258535,0.005606305935078937,0.005552438070751897,0.005499657295410465,0.0054479303009903335,0.005397225119026183,0.005347511053970577,0.005298758620488564,0.005250939484388817,0.005204026406989359,0.005157993192702048,0.7584516464893035,0.7586355372719857,0.7588191482755258,0.75900248013794,0.7591855334953063,0.7595508072295573,0.7597330288689713,0.7599149745284103,0.7600966448343695,0.760278040411449,0.7604591618823615,0.7606400098679393,0.7608205849871408,0.7610008878570585,0.7611809190929254,0.7615401691141829,0.7617193891208057,0.7618983399358552,0.7620770221653721,0.7622554364135787,0.7624335832828871,0.7626114633739044,0.7627890772854407,0.7629664256145149,0.7631435089563621,0.7634968830504356,0.7636731749842712,0.763849204294112,0.7640249715663716,0.7642004773857196,0.7643757223350871,0.764550706995674,0.7647254319469542,0.7648998977666837,0.7650741050309052,0.7654217461884735,0.7655951812254008,0.765768359993995,0.7659412830618308,0.7661139509948095,0.7662863643571627,0.7664585237114596,0.7666304296186136,0.7668020826378873,0.766973483326899,0.7673155299364259,0.7674861769640113,0.7676565738754868,0.7678267212203397,0.767996619546449,0.7681662694000913,0.7683356713259463,0.7685048258671028,0.7686737335650649,0.7688423949597571,0.7691789809911688,0.7693469066998929,0.7695145882493678,0.7696820261717078,0.769849220997482,0.7700161732557197,0.7701828834739167,0.77034935217804,0.7705155798925345,0.7706815671403268,0.7710128223199597,0.7711780912901172,0.7713431218702169,0.7715079145756809,0.7716724699204468,0.7718367884169726,0.7720008705762418,0.7721647169077697,0.7723283279196076,0.7724917041183488,0.7728177540956531,0.772980428880158,0.7731428708634601,0.7733050805449386,0.7734670584225463,0.7736288049928131,0.7737903207508522,0.7739516061903646,0.7741126618036444,0.7742734880815834,0.7745944545880277,0.7747545957913515,0.7749145096089823,0.7750741965248764,0.7752336570216176,0.7753928915804226
4.0,0.08991563407760261,0.07615699389687824,0.06606730575428887,0.05835164463399378,0.052260317077415186,0.047329227106645444,0.043255703406230195,0.03983392945747477,0.036919071390842606,0.034406249485634643,0.03221764973432206,0.030294322110762106,0.028590790860689164,0.02707141280604841,0.02570785617164517,0.024477317315359848,0.02336123511557986,0.02234434818855069,0.02141399281620826,0.020559572810073257,0.01977215411307609,0.01904415118963787,0.018369081839714974,0.017741373631294688,0.017156209702083758,0.016609404895623237,0.016097305490490266,0.015616707441048927,0.015164789261694733,0.014739056583421006,0.014337296081119555,0.01395753697457025,0.013598018689276459,0.013257163557147233,0.012933553664008168,0.012625911127118639,0.012333081224165876,0.012054017904074898,0.011787771296355887,0.011533476904717732,0.01129034622543812,0.011057658576581253,0.010834753959233279,0.010621026801885591,0.010415920463108574,0.010218922387386975,0.010029559825373235,0.009847396043243584,0.009672026957002089,0.009503078137645171,0.009340202139880738,0.009183076114564592,0.00903139967026012,0.008884892954247547,0.008743294926679468,0.008606361806274054,0.00847386566743702,0.008345593172066401,0.008221344421164178,0.008100931913321507,0.007984179598444774,0.00787092201693651,0.007761003515390774,0.0076542775309138555,0.007550605937223676,0.007449858446391455,0.007351912060774679,0.007256650570249157,0.007163964090489472,0.007073748638467436,0.006985905741623832,0.006900342077699628,0.006816969142442897,0.00673570294271475,0.006656463712746419,0.006579175651559188,0.0065037666796538,0.006430168213481413,0.0063583149560626495,0.0062881447024846215,0.0062195981590540406,0.0061526187749889605,0.006087152585648847,0.00602314806639892,0.005960555996269656,0.005899329330681935,0.0058394230824300175,0.005780794210521578,0.005723401516046556,0.0056672055446639336,0.005612168495280234,0.005558254134334528,0.005505427715420397,0.005453655903753463,0.00540290670520549,0.005353149399621837,0.005304354478002926,0.00525649358343061,0.005209539455377055,0.005163465877238593,0.7602147487936299,0.7603977213562313,0.7605804148905667,0.7607628300344159,0.7609449674236165,0.7613084114717544,0.7614897193927218,0.7616707520831152,0.7618515101691709,0.7620319942752269,0.7622122050237302,0.7623921430352434,0.7625718089284524,0.762751203320173,0.7629303268253584,0.7632877636266644,0.7634660781434405,0.763644124215006,0.7638219024471052,0.7639994134436606,0.7641766578067811,0.7643536361367678,0.7645303490321208,0.764706797089547,0.7648829809039656,0.7652345581745611,0.7654099528117008,0.7655850855677709,0.7657599570288547,0.7659345677792875,0.7661089184016637,0.7662830094768428,0.7664568415839568,0.7666304153004153,0.7668037312019133,0.7671495918542679,0.7673221377479945,0.7674944281125131,0.7676664635150368,0.7678382445211014,0.7680097716945709,0.7681810455976446,0.7683520667908623,0.7685228358331114,0.7686933532816324,0.7690336356182531,0.769203401612654,0.7693729182259409,0.76954218600721,0.7697112055039479,0.7698799772620347,0.7700485018257527,0.7702167797377905,0.770384811539249,0.770552597769648,0.7708874356674728,0.7710544884060815,0.7712212977160086,0.7713878641289514,0.7715541881750608,0.7717202703829453,0.7718861112796775,0.7720517113908,0.7722170712403292,0.7723821913507636,0.7727117144367732,0.7728761184497964,0.7730402847986306,0.7732042139982583,0.7733679065621756,0.7735313630023967,0.7736945838294597,0.7738575695524325,0.7740203206789171,0.7741828377150552,0.7745071715335904,0.7746689893210171,0.7748305750281675,0.7749919291539609,0.7751530521958869,0.7753139446500121,0.7754746070109834,0.7756350397720344,0.7757952434249898,0.7759552184602707,0.7762744846325045,0.7764337767433258,0.7765928421842194,0.7767516814386622,0.7769102949887576,0.7770686833152393
