Geometric_AR,BOR_LF_0.05,BOR_LF_0.06,BOR_LF_0.07,BOR_LF_0.08,BOR_LF_0.09,BOR_LF_0.10,BOR_LF_0.10,BOR_LF_0.11,BOR_LF_0.12,BOR_LF_0.13,BOR_LF_0.14,BOR_LF_0.15,BOR_LF_0.16,BOR_LF_0.17,BOR_LF_0.18,BOR_LF_0.19,BOR_LF_0.20,BOR_LF_0.20,BOR_LF_0.21,BOR_LF_0.22,BOR_LF_0.23,BOR_LF_0.24,BOR_LF_0.25,BOR_LF_0.26,BOR_LF_0.27,BOR_LF_0.28,BOR_LF_0.29,BOR_LF_0.30,BOR_LF_0.30,BOR_LF_0.31,BOR_LF_0.32,BOR_LF_0.33,BOR_LF_0.34,BOR_LF_0.35,BOR_LF_0.36,BOR_LF_0.37,BOR_LF_0.38,BOR_LF_0.39,BOR_LF_0.40,BOR_LF_0.40,BOR_LF_0.41,BOR_LF_0.42,BOR_LF_0.43,BOR_LF_0.44,BOR_LF_0.45,BOR_LF_0.46,BOR_LF_0.47,BOR_LF_0.48,BOR_LF_0.49,BOR_LF_0.50,BOR_LF_0.50,BOR_LF_0.51,BOR_LF_0.52,BOR_LF_0.53,BOR_LF_0.54,BOR_LF_0.55,BOR_LF_0.56,BOR_LF_0.57,BOR_LF_0.58,BOR_LF_0.59,BOR_LF_0.60,BOR_LF_0.60,BOR_LF_0.61,BOR_LF_0.62,BOR_LF_0.63,BOR_LF_0.64,BOR_LF_0.65,BOR_LF_0.66,BOR_LF_0.67,BOR_LF_0.68,BOR_LF_0.69,BOR_LF_0.70,BOR_LF_0.70,BOR_LF_0.71,BOR_LF_0.72,BOR_LF_0.73,BOR_LF_0.74,BOR_LF_0.75,BOR_LF_0.76,BOR_LF_0.77,BOR_LF_0.78,BOR_LF_0.79,BOR_LF_0.80,BOR_LF_0.80,BOR_LF_0.81,BOR_LF_0.82,BOR_LF_0.83,BOR_LF_0.84,BOR_LF_0.85,BOR_LF_0.86,BOR_LF_0.87,BOR_LF_0.88,BOR_LF_0.89,BOR_LF_0.90,BOR_LF_0.90,BOR_LF_0.91,BOR_LF_0.92,BOR_LF_0.93,BOR_LF_0.94,BOR_LF_0.95,Thermal_AR_LF_0.05,Thermal_AR_LF_0.06,Thermal_AR_LF_0.07,Thermal_AR_LF_0.08,Thermal_AR_LF_0.09,Thermal_AR_LF_0.10,Thermal_AR_LF_0.11,Thermal_AR_LF_0.12,Thermal_AR_LF_0.13,Thermal_AR_LF_0.14,Thermal_AR_LF_0.15,Thermal_AR_LF_0.16,Thermal_AR_LF_0.17,Thermal_AR_LF_0.18,Thermal_AR_LF_0.19,Thermal_AR_LF_0.20,Thermal_AR_LF_0.21,Thermal_AR_LF_0.22,Thermal_AR_LF_0.23,Thermal_AR_LF_0.24,Thermal_AR_LF_0.25,Thermal_AR_LF_0.26,Thermal_AR_LF_0.27,Thermal_AR_LF_0.28,Thermal_AR_LF_0.29,Thermal_AR_LF_0.30,Thermal_AR_LF_0.31,Thermal_AR_LF_0.32,Thermal_AR_LF_0.33,Thermal_AR_LF_0.34,Thermal_AR_LF_0.35,Thermal_AR_LF_0.36,Thermal_AR_LF_0.37,Thermal_AR_LF_0.38,Thermal_AR_LF_0.39,Thermal_AR_LF_0.40,Thermal_AR_LF_0.41,Thermal_AR_LF_0.42,Thermal_AR_LF_0.43,Thermal_AR_LF_0.44,Thermal_AR_LF_0.45,Thermal_AR_LF_0.46,Thermal_AR_LF_0.47,Thermal_AR_LF_0.48,Thermal_AR_LF_0.49,Thermal_AR_LF_0.50,Thermal_AR_LF_0.51,Thermal_AR_LF_0.52,Thermal_AR_LF_0.53,Thermal_AR_LF_0.54,Thermal_AR_LF_0.55,Thermal_AR_LF_0.56,Thermal_AR_LF_0.57,Thermal_AR_LF_0.58,Thermal_AR_LF_0.59,Thermal_AR_LF_0.60,Thermal_AR_LF_0.61,Thermal_AR_LF_0.62,Thermal_AR_LF_0.63,Thermal_AR_LF_0.64,Thermal_AR_LF_0.65,Thermal_AR_LF_0.66,Thermal_AR_LF_0.67,Thermal_AR_LF_0.68,Thermal_AR_LF_0.69,Thermal_AR_LF_0.70,Thermal_AR_LF_0.71,Thermal_AR_LF_0.72,Thermal_AR_LF_0.73,Thermal_AR_LF_0.74,Thermal_AR_LF_0.75,Thermal_AR_LF_0.76,Thermal_AR_LF_0.77,Thermal_AR_LF_0.78,Thermal_AR_LF_0.79,Thermal_AR_LF_0.80,Thermal_AR_LF_0.81,Thermal_AR_LF_0.82,Thermal_AR_LF_0.83,Thermal_AR_LF_0.84,Thermal_AR_LF_0.85,Thermal_AR_LF_0.86,Thermal_AR_LF_0.87,Thermal_AR_LF_0.88,Thermal_AR_LF_0.89,Thermal_AR_LF_0.90,Thermal_AR_LF_0.91,Thermal_AR_LF_0.92,Thermal_AR_LF_0.93,Thermal_AR_LF_0.94,Thermal_AR_LF_0.95
0.2,0.054708006853075385,0.04631985089744073,0.04016848516581766,0.03546445419012042,0.03175070480483808,0.028744299336305144,0.026260713215050427,0.02417446973373278,0.022397270469131092,0.02086517518379476,0.019530744346853837,0.018358038919910818,0.017319334501964767,0.01639290115720661,0.015561466372805532,0.014811127882238895,0.014130569887407574,0.013510488287690208,0.012943162658992868,0.012422133055137776,0.011941952854638805,0.011497997567573033,0.011086315357239505,0.010703509030740972,0.010346642031552602,0.010013162925317984,0.009700844269377387,0.009407732767995875,0.00913210835469239,0.00887245039110242,0.008627409578405987,0.008395784486134459,0.00817650183648831,0.007968599861038832,0.0077712141856589746,0.007583565806575614,0.007404950804591739,0.007234731511952672,0.007072328896860111,0.0069172159754748675,0.006768912092048662,0.006626977937768912,0.006491011198142088,0.006360642739292694,0.006235533256367292,0.0061153703201160614,0.005999865767693529,0.005888753391499524,0.0057817868873219404,0.005678738028307079,0.0055793950364159284,0.005483561126743134,0.005391053203751487,0.005301700691251814,0.005215344480428612,0.005131835981991025,0.005051036271014601,0.004972815313777261,0.004897051267643234,0.004823629846116554,0.004752443742032002,0.004683392102774495,0.004616380052193336,0.004551318254333842,0.004488122514884935,0.004426713416511193,0.004367015984797701,0.004308959381848704,0.004252476624882167,0.004197504327504827,0.004143982461538195,0.004091854137522094,0.004041065402224201,0.0039915650516100555,0.003943304457945155,0.0038962374097705516,0.003850319963667454,0.003805510306795894,0.0037617686293185243,0.0037190570058725264,0.0036773392853670013,0.003636580988417094,0.0035967492118118083,0.0035578125394493437,0.003519740959244233,0.0034825057855078735,0.00344607958642478,0.0034104361161729447,0.003375550251313768,0.003341397931121378,0.0033079561013885012,0.003275202661284496,0.003243116412608882,0.0032116770104330906,0.003180864913245397,0.0031506613288543634,0.003121048147737393,0.003092007844720666,0.0030635233018239116,0.0030355774294803834,0.4629748669470181,0.4632245038771014,0.46347390882682626,0.46372308211940144,0.46397202407743554,0.4644692152773226,0.46471746516140466,0.46496548499540635,0.46521327509895666,0.4654608357910924,0.46570816739025983,0.4659552702143163,0.4662021445805316,0.4664487908055885,0.46669520920558544,0.4671873637918745,0.4674331006074498,0.46767861085653417,0.4679238948523206,0.46816895290742544,0.46841378533388905,0.46865839244317764,0.46890277454618423,0.4691469319532303,0.46939086497406696,0.46987805909327185,0.47012132080830216,0.4703643593704495,0.4706071750866325,0.4708497682632074,0.47109213920596893,0.47133428822015194,0.47157621561043245,0.4718179216809293,0.4720594067352048,0.4725417150065686,0.47278253882801236,0.4730231428419484,0.47326352734917737,0.4735036926499512,0.4737436390439745,0.4739833668304059,0.47422287630785903,0.47446216777440403,0.47470124152756854,0.4751787370811625,0.47541715947394647,0.47565536533806146,0.47589335496834184,0.47613112865908663,0.47636868670406113,0.4766060293964983,0.4768431570290993,0.47708006989403534,0.4773167682829485,0.47778952279663695,0.4780255795020621,0.47826142289276685,0.47849705325776615,0.47873247088555304,0.4789676760641,0.47920266908086,0.4794374502227676,0.4796720197762401,0.47990637802717895,0.48037446176248816,0.48060818781609166,0.48084170370563006,0.4810750097144419,0.4813081061253569,0.4815409932206967,0.4817736712822761,0.4820061405914041,0.48223840142888547,0.4824704540750213,0.48293393591195083,0.48316536566084006,0.483396588334577,0.4836276042109625,0.48385841356730097,0.48408901668040116,0.48431941382657734,0.48454960528165036,0.48477959132094883,0.48500937221931023,0.4854683196901223,0.48569748680980174,0.4859264498830042,0.4861552091821274,0.48638376497908475,0.48661211754530603
0.23838383838383842,0.05290599460924448,0.04479745945002308,0.03885114059083237,0.034303902760521914,0.030713930802587042,0.027807720095797444,0.0254068980630391,0.023390171350909546,0.02167218537790797,0.02019113165414158,0.018901152267938173,0.017767506376974964,0.016763393903773016,0.015867809381805032,0.015064056158424162,0.014338695464596096,0.013680788767304813,0.013081342161897696,0.012532892621220544,0.012029195571573812,0.011564985980257092,0.011135793536530459,0.010737798156912321,0.010367715909900916,0.010022708142964274,0.009700308485834142,0.009398363758234503,0.009114985786818146,0.008848511851655328,0.008597472012035581,0.008360561954482806,0.00813662030391528,0.007924609565352092,0.007723600035510092,0.007532756158277103,0.007351324901653735,0.007178625815078189,0.007014042490299386,0.006857015200486427,0.00670703453117784,0.006563635851749683,0.00642639449971838,0.00629492157370077,0.006168860246683902,0.006047882526127979,0.005931686399122924,0.005819993310106916,0.005712545926773266,0.005609106156613871,0.005509453381830715,0.005413382884966892,0.005320704441878456,0.005231241061390025,0.0051448278542854465,0.005061311016327325,0.004980546912171836,0.0049024012485732495,0.004826748327088261,0.00475347036725585,0.004682456892833736,0.004613604174210988,0.004546814721139333,0.004481996820570219,0.004419064114955105,0.004357935216945512,0.004298533356920843,0.00424078606003188,0.004184624850060817,0.00412998497734721,0.004076805168726581,0.004025027397282752,0.003974596670170543,0.003925460832874832,0.0038775703884238928,0.003830878330242569,0.003785339987478732,0.003740912881694028,0.0036975565940044076,0.0036552326417383135,0.0036139043638778096,0.0035735368145293845,0.0035340966637710247,0.0034955521053219624,0.0034578727704581225,0.0034210296476875346,0.0033849950077699926,0.003349742333632864,0.003315246254824822,0.0032814824861600034,0.0032484277702206393,0.0032160598233979304,0.0031843572851503344,0.0031532996700956834,0.0031228673224151793,0.003093041371716969,0.003063803688596695,0.0030351368360220466,0.0030070240068193078,0.0029794489214472392,0.0029523956119042695,0.5068073529440326,0.5070583087187328,0.5073090092310261,0.507559454870179,0.5078096460246668,0.5083092664296053,0.5085586964530692,0.5088078735378987,0.5090567980686437,0.5093054704290748,0.5095538910021861,0.5098020601701955,0.5100499783145486,0.510297645815919,0.5105450630542117,0.5110391482573468,0.5112858169781692,0.5115322369478777,0.5117784085425594,0.5120243321375433,0.5122700081074029,0.5125154368259576,0.5127606186662746,0.5130055540006716,0.5132502432007172,0.5137388846802999,0.5139828376992505,0.5142265460626801,0.5144700101384445,0.514713230293662,0.5149562068947162,0.5151989403072567,0.5154414308962019,0.5156836790257403,0.5159256850593327,0.5164089722888928,0.5166502542081585,0.5168912954780778,0.5171320964584988,0.5173726575085525,0.5176129789866549,0.5178530612505082,0.5180929046571028,0.5183325095627193,0.5185718763229298,0.5190498968258924,0.5192885512762636,0.5195269689964711,0.5197651503385723,0.5200030956539271,0.5202408052931992,0.5204782796063578,0.5207155189426799,0.5209525236507515,0.5211892940784695,0.5216621334809959,0.5218982031481675,0.5221340399197151,0.5223696441401151,0.522605016153165,0.5228401563019849,0.523075064929019,0.523309742376038,0.5235441889841398,0.5237784050937518,0.5242461471758718,0.5244796738258958,0.524712971332465,0.524946040032678,0.525178880262972,0.5254114923591255,0.5256438766562591,0.5258760334888372,0.5261079631906699,0.5263396660949144,0.5268023928400133,0.5270334173439323,0.5272642163763953,0.5274947902673195,0.527725139345978,0.5279552639410028,0.5281851643803851,0.5284148409914781,0.5286442941009971,0.5288735240350227,0.5293313156777454,0.5295598780354389,0.529788218515635,0.5300163374412588,0.5302442351346096,0.530471911917362
0.2767676767676768,0.05172701162247082,0.043802041258122336,0.037990328614738146,0.03354601791184115,0.030037297908540005,0.027196856884645793,0.02485036110993074,0.02287926364814119,0.021200142581426485,0.01975258893502252,0.018491783147280807,0.017383771005039468,0.016402359257828545,0.015527018061696889,0.01474142882235769,0.01403245706172429,0.013389411925678408,0.012803503156525642,0.01226743671036688,0.011775109408435496,0.011321375432923664,0.010901865693451052,0.010512846603866786,0.010151108589733749,0.009813877273872252,0.009498742131512916,0.009203598736344607,0.00892660166850672,0.008666125856764247,0.008420734644023835,0.008189153250118104,0.007970246596651416,0.0077630006805411746,0.0075665068496040735,0.00737994846703825,0.007202589551639105,0.007033765060100481,0.006872872541476631,0.006719364942640439,0.006572744383742858,0.006432556754658242,0.006298387008487235,0.006169855049631935,0.006046612130632416,0.0059283376856212235,0.005814736540105463,0.005705536445720916,0.005600485896908377,0.0054993521922208,0.005401919709203736,0.005307988365788623,0.005217372244994142,0.005129898363138168,0.005045405564562836,0.0049637435275435215,0.00488477186899261,0.004808359336369932,0.004734383077363418,0.004662727978339648,0.004593286064478571,0.004525955954839653,0.004460642366560201,0.004397255663174456,0.004335711442426663,0.0042759301597406875,0.004217836783690809,0.004161360480393125,0.004106434324027733,0.004052995030966772,0.004000982715359266,0.003950340664082238,0.0039010151293993956,0.0038529551376126027,0.0038061123124015295,0.003760440711452238,0.0037158966752748163,0.003672438687160019,0.0036300272433019377,0.003588624732274995,0.003548195323050919,0.0035087048608912603,0.00347012077043396,0.0034324119654619407,0.0033955487647591154,0.003359502813621454,0.0033242470105681833,0.003289755438854712,0.003256003302436345,0.003222966866018671,0.0031906233989243016,0.0031589511224562328,0.003127929160493362,0.0030975374930386807,0.0030677569123890936,0.0030385689814819306,0.003009955993594929,0.002981900931601587,0.0029543874221258687,0.0029273996713874745,0.002900922341361094,0.5440261629093125,0.5442752098293919,0.5445239848456693,0.5447724884031891,0.5450207209460255,0.5455163747591061,0.5457637969126682,0.5460109498181883,0.5462578339149264,0.5465044496411875,0.5467507974343236,0.5469968777307378,0.5472426909658856,0.5474882375742779,0.5477335179894833,0.5482232819699135,0.5484677663975883,0.5487119863569813,0.5489559422769889,0.5491996345855806,0.5494430637098016,0.5496862300757749,0.5499291341087044,0.5501717762328769,0.5504141568716648,0.5508981353820186,0.5511397340957789,0.5513810730085486,0.551622152539164,0.5518629731055625,0.5521035351247835,0.5523438390129715,0.5525838851853784,0.5528236740563661,0.5530632060394085,0.5535415009911285,0.553780264782336,0.5540187733306633,0.5542570270451805,0.5544950263340847,0.5547327716047007,0.554970263263485,0.5552075017160274,0.5554444873670529,0.5556812206204246,0.5561539315453626,0.5563899100203654,0.5566256377045918,0.5568611149976286,0.5570963422982146,0.5573313200042419,0.5575660485127587,0.5578005282199721,0.558034759521249,0.5582687428111194,0.5587359669305872,0.5589692085450783,0.559202203717954,0.5594349528395914,0.5596674562995431,0.5598997144865399,0.5601317277884927,0.5603634965924951,0.5605950212848251,0.5608263022509475,0.5612881345423755,0.5615186866345634,0.5617489965343129,0.5619790646230542,0.5622088912814176,0.5624384768892343,0.5626678218255393,0.5628969264685735,0.5631257911957854,0.5633544163838338,0.5638109496451356,0.5640388584677741,0.5642665292500233,0.564493962364622,0.5647211581835314,0.5649481170779367,0.5651748394182493,0.5654013255741093,0.5656275759143863,0.565853590807183,0.566304915718918,0.5665302264702401,0.5667553032388537,0.5669801463890523,0.5672047562843734,0.567429133287601
0.3151515151515152,0.05094783919891294,0.04314475765094396,0.03742242253203322,0.03304645263070936,0.029591679877661915,0.02679490499231659,0.02448447627032806,0.02254367055307752,0.02089034932183599,0.019465032959859938,0.01822359142916639,0.017132592883017383,0.016166247039889604,0.015304339895450499,0.014530803907560928,0.013832706665409034,0.013199521787447448,0.012622594249210908,0.012094742221857357,0.011609956420303935,0.011163170192459586,0.010750081663961693,0.010367014687799372,0.010010809067400261,0.00967873310743726,0.009368413367914417,0.00907777779803103,0.008805009368692758,0.008548508009423337,0.008306859165383873,0.00807880766814985,0.007863235902004946,0.007659145463644609,0.00746564167998977,0.0072819204778123816,0.007107257198488576,0.0069409970300568415,0.006782546789974665,0.006631367841127516,0.006486969963335484,0.0063489060326752545,0.006216767387377594,0.006090179779508764,0.0059687998268020005,0.005852311895070008,0.005740425350913014,0.005632872134290454,0.00552940460886418,0.0054297936531476,0.005333826961820847,0.005241307530948012,0.005152052303680844,0.005065890957586805,0.004982664816194645,0.004902225870311638,0.004824435896488478,0.0047491656614099265,0.004676294202657757,0.004605708177480659,0.0045373012720976635,0.0044709736651807885,0.0044066315396509926,0.004344186637943098,0.004283555856194459,0.004224660873468511,0.004167427812558093,0.004111786929210754,0.004057672327116338,0.004005021696112355,0.003953776071547978,0.003903879612682205,0.003855279398528398,0.0038079252394751196,0.0037617695033186666,0.0037167669544097954,0.003672874604805825,0.0036300515763723696,0.0035882589729088516,0.003547459761487848,0.0035076186621730205,0.003468702045528563,0.003430677837203744,0.0033935154290721642,0.0033571855963931653,0.0033216604205269663,0.0032869132167793664,0.003252918466962898,0.0032196517563497823,0.0031870897146608146,0.0031552099607991308,0.0031239910510533365,0.003093412430514594,0.003063454387443265,0.003034098010368009,0.0030053251475935672,0.0029771183687128545,0.002949460927251425,0.00292233672227536,0.0028957302524188645,0.002869626540457066,0.576023013397496,0.5762681959897795,0.5765130951715867,0.5767577114340315,0.5770020452670941,0.5774898675993427,0.5777333570728481,0.5779765660656164,0.5782194950620066,0.5784621445452625,0.5787045149975169,0.5789466068997942,0.5791884207320139,0.5794299569729936,0.5796712161004521,0.580152904920207,0.580393335562476,0.5806334909911753,0.5808733716785776,0.5811129780958753,0.5813523107131842,0.581591369999546,0.5818301564229318,0.5820686704502451,0.5823069125473249,0.5827825828088335,0.5830200118996441,0.5832571709129907,0.5834940603094337,0.5837306805484878,0.5839670320886235,0.5842031153872711,0.5844389309008227,0.5846744790846361,0.5849097603930367,0.5853795241957616,0.5856140075936042,0.5858482259230772,0.5860821796333905,0.5863158691727398,0.5865492949883094,0.5867824575262746,0.5870153572318048,0.5872479945490663,0.5874803699212254,0.5879443365979166,0.5881759287838049,0.588407260787309,0.5886383330466359,0.588869145999009,0.5890997000806709,0.5893299957268865,0.589560033371945,0.5897898134491635,0.5900193363908889,0.5904776125924165,0.5907063667120882,0.5909348654160113,0.5911631091317244,0.5913910982858125,0.5916188333039093,0.5918463146107004,0.5920735426299255,0.5923005177843813,0.5925272404959241,0.5929799302730087,0.593205898177584,0.5934316153173184,0.5936570821094049,0.5938822989701115,0.5941072663147837,0.5943319845578472,0.5945564541128108,0.594780675392268,0.5950046488079004,0.5954518536898719,0.5956750859750357,0.5958980720340296,0.5961208122740115,0.596343307101243,0.5965655569210898,0.5967875621380262,0.5970093231556365,0.5972308403766173,0.5974521142027807,0.5978939332734924,0.5981144793172617,0.5983347835646602,0.5985548464131114,0.5987746682591684,0.5989942494985159
0.3535353535353536,0.050438993655933274,0.04271607348365272,0.03705251608464545,0.032721487418344415,0.02930218883022154,0.02653412591556668,0.024247411019544085,0.02232652053723546,0.02069016008030934,0.019279461298894858,0.018050747675630117,0.016970930939967186,0.016014485854949623,0.015161406153494166,0.014395789419116645,0.013704836145541457,0.01307812813024023,0.012507099295675537,0.011984641620182724,0.011504807575511485,0.011062582579191143,0.010653708966893232,0.010274548371018948,0.009921973072163406,0.009593279448266552,0.009286118451135186,0.008998439324157337,0.008728443711726715,0.008474547987247703,0.00823535213295225,0.008009613879768855,0.007796227097586491,0.007594203643605,0.007402658039148968,0.00722079447438422,0.007047895737941353,0.006883313747210708,0.006726461415706906,0.0065768056418612966,0.006433861243303981,0.006297185691134053,0.006166374523412335,0.006041057338111602,0.005920894281913891,0.005805572964260699,0.005694805738497867,0.005588327299386631,0.005485892555411257,0.005387274739675152,0.005292263728606218,0.005200664542791333,0.0051122960065469935,0.005026989547733316,0.004944588120495427,0.004864945236607632,0.004787924093039281,0.004713396784484236,0.004641243591536075,0.004571352336153467,0.004503617797004922,0.004437941178510929,0.004374229627618654,0.004312395793660352,0.004252357426685663,0.0041940370105472136,0.004137361427132439,0.004082261648794866,0.004028672456315091,0.003976532179746742,0.003925782460267265,0.003876368030867058,0.003828236514275345,0.003781338236526599,0.0037356260547785542,0.003691055198110431,0.0036475831202090747,0.0036051693628766923,0.0035637754294976904,0.0035233646675510034,0.00348390215951222,0.0034453546213818304,0.003407690308263362,0.003370878926415315,0.0033348915512605754,0.003299700550899168,0.0032652795146884362,0.0032316031865089467,0.0031986474023536966,0.0031663890319309413,0.003134805923968404,0.0031038768549538033,0.003073581481064989,0.0030439002930461785,0.0030148145738161537,0.0029863063585828476,0.002958358397181805,0.002930954118206129,0.0029040775938751363,0.0028777135024901724,0.002851847077242128,0.6038247615789145,0.6040649176880835,0.6043047828148256,0.6045443574876691,0.6047836422338627,0.6052613440489234,0.6054997621659269,0.6057378924525614,0.6059757354297372,0.6062132916171089,0.6064505615330781,0.6066875456947982,0.6069242446181776,0.6071606588178834,0.6073967888073453,0.6078681982030913,0.6081034786300811,0.6083384768882457,0.6085731934848831,0.608807628926076,0.6090417837166954,0.6092756583604042,0.6095092533596609,0.609742569215723,0.609975606428651,0.6104408469193806,0.6106730511913487,0.6109049788085223,0.6111366302650288,0.6113680060538192,0.6115991066666725,0.6118299325941983,0.6120604843258403,0.6122907623498808,0.6125207671534431,0.6129799590418525,0.6132091470951839,0.6134380638650119,0.6136667098327174,0.6138950854785435,0.6141231912815983,0.6143510277198582,0.6145785952701716,0.6148058944082617,0.6150329256087306,0.6154861860896244,0.6157124163136747,0.6159383804873617,0.6161640790797288,0.6163895125587174,0.6166146813911704,0.6168395860428353,0.617064226978367,0.6172886046613318,0.6175127195542099,0.6179601628142168,0.6181834921009055,0.6184065604366332,0.6186293682784986,0.6188519160825329,0.619074204303704,0.6192962333959185,0.619518003812026,0.619739516003821,0.6199607704220464,0.620402507735523,0.62062299152703,0.6208432193374863,0.6210631916124231,0.6212829087963382,0.6215023713326993,0.6217215796639467,0.6219405342314963,0.6221592354757426,0.6223776838360616,0.6228138236573475,0.6230315159920006,0.6232489571901048,0.6234661476859876,0.6236830879129761,0.6238997783033987,0.624116219288589,0.6243324112988881,0.6245483547636477,0.6247640501112328,0.6251946981634233,0.625409651719851,0.6256243588627542,0.6258388200156072,0.6260530356009142,0.6262670060402127
0.39191919191919194,0.050120255147426775,0.04244813146674954,0.03682181782498622,0.03251926350039965,0.029122439128345366,0.026372564626443898,0.024100870376189083,0.022192593037387916,0.020566973222826586,0.019165529997241762,0.017944874279937118,0.0168721355553501,0.01592195656913426,0.015074462716302004,0.014313856233931506,0.013627421850603552,0.013004809926030718,0.012437510756378634,0.011918463098129033,0.011441758563856826,0.01100241557212519,0.010596204478621227,0.01021951085990523,0.009869227580134119,0.009542668810085728,0.009237500960332521,0.008951686770554863,0.008683439720091064,0.00843118660427836,0.008193536618773898,0.007969255669902475,0.007757244907028702,0.007556522690272262,0.007366209368353812,0.0071855143683920986,0.007013725199136138,0.006850198043007555,0.006694349676874417,0.006545650507608025,0.006403618545750889,0.0062678141745503724,0.00613783559379826,0.006013314839044833,0.005893914293354016,0.0057793236220555445,0.0056692570712981085,0.005563451081768002,0.005461662174797377,0.005363665075719583,0.005269251043738654,0.005178226382430484,0.005090411108348117,0.005005637758594955,0.004923750320694903,0.004844603270384115,0.004768060704814915,0.00469399556022335,0.0046222889050112625,0.004552829299211112,0.004485512213854768,0.004420239503366722,0.004356918925624287,0.004295463704677894,0.0042357921317027125,0.004177827200542066,0.004121496274116747,0.004066730778920629,0.004013465924736868,0.003961640447356204,0.003911196371824227,0.0038620787946897412,0.0038142356832093134,0.0037676176901534353,0.0037221779827514923,0.003677872084554913,0.0036346577290558802,0.0035924947241525408,0.0035513448263825137,0.0035111716242587194,0.0034719404298615576,0.0034336181780495467,0.0033961733326501238,0.003359575799093279,0.0033237968429615317,0.003288809014005919,0.0032545860751933393,0.0032211029364134225,0.0031883355924808205,0.003156261065118301,0.0031248573486214776,0.0030941033589420492,0.003063978885931827,0.0030344645485297517,0.003005541752668967,0.0029771926517152226,0.0029494001092087597,0.002922147663652587,0.002895419494807459,0.002869200389970897,0.002843475704576532,0.6282056108194168,0.6284400819648365,0.6286742575594326,0.6289081381616657,0.6291417243285905,0.6296080155777288,0.6298407217670607,0.6300731357353295,0.6303052580326253,0.630537089207658,0.6307686298077627,0.6309998803789025,0.6312308414656744,0.6314615136113121,0.6316918973576913,0.6321518018134105,0.6323813235997479,0.6326105591408303,0.6328395089718051,0.6330681736264857,0.6332965536373577,0.6335246495355811,0.633752461850995,0.6339799911121224,0.6342072378461735,0.6346608858353492,0.6348872881383681,0.6351134100101073,0.6353392519712749,0.6355648145412908,0.6357900982382907,0.6360151035791294,0.6362398310793859,0.6364642812533661,0.6366884546141078,0.6371359729417065,0.6373593189283308,0.637582390141259,0.6378051870872442,0.6380277102717942,0.6382499601991748,0.6384719373724148,0.6386936422933086,0.6389150754624204,0.6391362373790888,0.6395777494463366,0.6397981005894942,0.6400181824653713,0.6402379955672302,0.6404575403871289,0.6406768174159254,0.6408958271432805,0.6411145700576625,0.6413330466463496,0.6415512573954346,0.6419868833132619,0.6422042994482928,0.6424214516763059,0.6426383404775189,0.6428549663309845,0.643071329714595,0.643287431105085,0.6435032709780355,0.6437188498078771,0.6439341680678933,0.6443640247658705,0.6445785641446956,0.6447928448354301,0.6450068673056751,0.6452206320219052,0.645434139449472,0.6456473900526076,0.6458603842944285,0.6460731226369373,0.6462856055410282,0.6467098068720034,0.6469215262151579,0.647132991952441,0.6473442045392489,0.6475551644298879,0.6477658720775781,0.6479763279344561,0.6481865324515793,0.6483964860789272,0.6486061892654069,0.6490248461060396,0.6492338006526671,0.6494425065433814,0.6496509642217698,0.6498591741303644,0.6500671367106464
0.43030303030303035,0.04993934450301891,0.04229671169400016,0.036692017946802574,0.03240599053465168,0.02902220840579065,0.026282887100120167,0.02401990631802513,0.022118944256152018,0.0204995522384178,0.019103474327260894,0.017887488375714935,0.016818850333315694,0.015872300504148118,0.015028040748459266,0.014270334083443977,0.013586514157097345,0.012966271148549122,0.012401128093860608,0.011884050916605524,0.011409153960954637,0.010971474811798339,0.010566800097501787,0.010191529300631353,0.009842567239580165,0.00951723841848573,0.009213218226047417,0.008928477239885624,0.008661235812777604,0.008409926792601012,0.008173164725992546,0.00794972026709725,0.007738498792935089,0.007538522440246315,0.007348914941944086,0.007168888766838315,0.006997734164666155,0.006834809794734228,0.006679534677850715,0.006531381258099647,0.006389869400454368,0.00625456117931327,0.006125056340303374,0.006000988334528017,0.00588202084384307,0.005767844727430907,0.005658175330752984,0.0055527501083233455,0.005451326518139208,0.00535368015202109,0.005259603072240842,0.005168902327379844,0.0050813986263524525,0.004996925150383588,0.004915326487103878,0.004836457671968053,0.004760183324813189,0.004686376870655365,0.004614919835263773,0.004545701207233743,0.004478616859629406,0.0044135690243085135,0.004350465813867364,0.004289220786031952,0.004229752546198633,0.004171984384279744,0.0041158439424896975,0.004061262910965868,0.004008176748602352,0.003956524426690334,0.003906248193154105,0.003857293355586774,0.0038096080812457522,0.003763143212568146,0.0037178520967765844,0.003673690428338126,0.003630616103179718,0.003588589083624535,0.0035475712731497045,0.003507526400156914,0.0034684199099834618,0.0034302188644949206,0.003392891848641666,0.0033564088834362616,0.0033207413448003626,0.0032858618878854884,0.003251744376389563,0.0032183638165177914,0.003185696295224202,0.0031537189224170826,0.003122409776835057,0.0030917478553214818,0.0030617130252572145,0.003032285979918067,0.0030034481965522148,0.002975181896986201,0.002947470010565405,0.002920296139233677,0.002893644524442502,0.0028675000151349634,0.0028418480339751835,0.6497603096673934,0.6499887611098528,0.6502169147217516,0.65044477108513,0.6506723307805121,0.6511265624818376,0.6513532356412957,0.6515796144397975,0.6518056994503627,0.6520314912445251,0.6522569903923365,0.6524821974623722,0.6527071130217357,0.6529317376360628,0.6531560718695276,0.653603871443281,0.6538273379046473,0.6540505162273159,0.6542734069682188,0.6544960106828536,0.6547183279252882,0.6549403592481654,0.6551621052027072,0.65538356633872,0.6556047432045982,0.6560462463124994,0.6562665736442951,0.6564866188855102,0.6567063825775499,0.6569258652604342,0.6571450674728033,0.6573639897519215,0.6575826326336818,0.6578009966526104,0.6580190823418703,0.6584544208572513,0.6586716747429249,0.6588886524180437,0.6591053544090231,0.6593217812409408,0.6595379334375425,0.6597538115212455,0.6599694160131427,0.6601847474330074,0.6603998062992965,0.6608291084384238,0.6610433527416347,0.6612573265520243,0.661471030381533,0.66168446474081,0.6618976301392178,0.6621105270848355,0.6623231560844639,0.6625355176436285,0.662747612266584,0.6631710027145556,0.6633822995417629,0.6635933314371504,0.6638040988986783,0.6640146024230593,0.6642248425057629,0.664434819641019,0.6646445343218224,0.6648539870399357,0.6650631782858946,0.6654807783173726,0.6656891880778577,0.6658973383161273,0.6661052295166346,0.666312862162628,0.6665202367361545,0.6667273537180636,0.666934213588011,0.667140816824462,0.667347163904696,0.6677590914997183,0.6679646729631656,0.6681700001677209,0.6683750735847855,0.668579893684597,0.6687844609362311,0.6689887758076066,0.6691928387654883,0.6693966502754906,0.6696002108020813,0.6700065807571862,0.6702093911089337,0.6704119523237434,0.6706142648604017,0.6708163291765695,0.6710181457287852
0.4686868686868687,0.04986079629143414,0.042231817910721454,0.03663713090225709,0.032358749964104115,0.028980999395731302,0.026246556144934888,0.02398760083028238,0.022090016272780906,0.020473497791251006,0.01907989372030329,0.017866059276195525,0.016799309016925976,0.01585442845886309,0.01501165489879665,0.014255279521510478,0.013572658646586997,0.012953500906383997,0.012389344509821716,0.011873167970828713,0.011399096168233694,0.010962175568909232,0.010558200342745159,0.01018357641677814,0.009835214149364897,0.009510442833318573,0.009206942018249216,0.00892268591411059,0.008655898058873186,0.008405014105339637,0.00816865107998277,0.00794558183712078,0.0077347137129647305,0.007535070594431972,0.007345777782670934,0.007166049156084954,0.006995176234538603,0.006832518825229822,0.006677496988721459,0.006529584113151552,0.006388300922770778,0.006253210275808734,0.006123912633998918,0.006000042104446173,0.00588126297088146,0.0057672666455542854,0.005657768983365705,0.005552507908543495,0.005451241313068098,0.005353745190324896,0.0052598119745216965,0.00516924905948392,0.0050818774748558415,0.004997530700273264,0.004916053601390643,0.004837301472925778,0.004761139176882621,0.0046874403646522,0.004616086773841748,0.004546967591629599,0.00447997887722792,0.004415023037313575,0.004352008348745733,0.004290848523808185,0.004231462313382736,0.004173773144499515,0.004117708788667034,0.0040632010581267575,0.00401018552706478,0.003958601275835265,0.003908390655507521,0.0038594990713886374,0.0038118747832787125,0.0037654687214184585,0.0037202343163179608,0.0036761273415409435,0.003633105768161385,0.003591129629953782,0.003550160898372805,0.003510163366526859,0.0034711025413856856,0.0034329455435503204,0.003395661013988836,0.0033592190271435974,0.003323591009954623,0.0032887496662913508,0.0032546689064103197,0.00322132378102529,0.0031886904196634564,0.0031567459729769454,0.0031254685587056097,0.003094837211053604,0.0030648318332004033,0.003035433152737196,0.003006622679824671,0.0029783826678690313,0.002950696076546918,0.0029235465370024095,0.0028969183190057685,0.0028707962996710823,0.002845165932321948,0.6689532970871758,0.6691756035369706,0.6693976116180307,0.6696193219306366,0.6698407350734601,0.6702826722364328,0.6705031974459278,0.6707234278643427,0.6709433640823838,0.6711630066891799,0.6713823562722881,0.6716014134176991,0.6718201787098418,0.6720386527315886,0.6722568360642616,0.6726923329799478,0.6729096477178953,0.6731266740766476,0.673343412629848,0.673559863949619,0.6737760286065682,0.6739919071697926,0.6742075002068836,0.6744228082839323,0.6746378319655346,0.6750670283933347,0.6752812022612905,0.6754950939773264,0.6757087040986339,0.6759220331809391,0.6761350817785062,0.6763478504441434,0.6765603397292066,0.676772550183605,0.6769844823558056,0.6774075140402982,0.6776186146423553,0.6778294391417539,0.6780399880798204,0.6782502619964668,0.6784602614301954,0.6786699869181039,0.6788794389958894,0.6790886181978532,0.6792975250569051,0.6797145238709849,0.679922616884917,0.6801304396737549,0.6803379927635197,0.6805452766788684,0.6807522919430977,0.680959039078149,0.681165518604612,0.6813717310417304,0.6815776769074048,0.6819887709893385,0.6821939202347261,0.682398804966935,0.6826034256972183,0.6828077829355126,0.6830118771904418,0.6832157089693219,0.6834192787781648,0.6836225871216824,0.6838256345032911,0.6842309483879933,0.6844332158914783,0.6846352244338458,0.6848369745120956,0.6850384666219567,0.6852397012578911,0.6854406789130981,0.6856414000795179,0.6858418652478361,0.6860420749074873,0.6864417296522969,0.6866411757101061,0.6868403682045581,0.6870393076188928,0.6872379944351229,0.6874364291340377,0.6876346121952076,0.6878325440969871,0.688030225316519,0.6882276563297386,0.6886217696349638,0.6888184528728347,0.6890148877961312,0.6892110748748058,0.6894070145776265,0.6896027073721793
0.5070707070707071,0.04985975437608485,0.04223242849283223,0.03663894702384009,0.032361482423730124,0.028984450324698634,0.026250584213831512,0.02399210158312643,0.02209491032750388,0.020478723410369316,0.019085401943426988,0.017871810622693576,0.01680527118778184,0.015860574695141603,0.015017962783769117,0.014261730089921376,0.013579235711193887,0.012960190541067356,0.012396134647599857,0.011880048087356114,0.011406057029919321,0.010969209030601453,0.010565299183184511,0.010190734204323149,0.00984242513107195,0.00951770184297039,0.009214244399245104,0.008930027454980012,0.008663274938278374,0.00841242284556365,0.008176088506960118,0.00795304504624588,0.00774220003967677,0.007542577588429894,0.0073533031857717325,0.007173590882592046,0.007002732354319077,0.006840087548632554,0.006685076653281932,0.006537173172136518,0.006395897934453054,0.006260813894367453,0.00613152160123038,0.006007655242369601,0.005888879175083707,0.005774884879315687,0.00566538827217051,0.005560127335261106,0.005458860013616332,0.005361362349658148,0.00526742682297895,0.005176860869578549,0.005089485558205795,0.00500513440491119,0.00492365230922896,0.004844894597482369,0.0047687261611905375,0.004695020679251919,0.004623659915115898,0.0045545330800889385,0.004487536256009156,0.004422571870790933,0.004359548221266337,0.004298379038452712,0.0042389830908656145,0.004181283822164126,0.004125209019527477,0.00407069050993666,0.0040176638815551426,0.003966068227868681,0.003915845912431564,0.0038669423522992136,0.003819305818451928,0.0037728872516681333,0.0037276400924781523,0.003683520123938926,0.0036404853261390313,0.0035984957414059316,0.0035575133493277135,0.0035175019507385375,0.0034784270599580286,0.003440255804588494,0.0034029568322533977,0.0033665002237392673,0.003330857412033824,0.003296001106769768,0.0032619052236995127,0.0032285448187886,0.003195896026568128,0.0031639360024719215,0.0031326428688111764,0.003101995664153288,0.003071974295850028,0.003042559495482282,0.0030137327770231987,0.0029854763975244287,0.0029577733201546453,0.0029306071794192867,0.0029039622483954764,0.0028778234077419607,0.002852176115757721,0.6861525363490797,0.6863687080281002,0.6865845821228763,0.6868001592474718,0.6870154400142622,0.6874451149155227,0.6876595102663542,0.6878736116921147,0.6880874197968249,0.688300935182851,0.688514158450911,0.6887270902000808,0.688939731027799,0.6891520815298728,0.6893641423004834,0.6897873970159449,0.6899985921410791,0.6902094998953275,0.6904201208648254,0.6906304556341143,0.690840504786149,0.6910502689023014,0.6912597485623672,0.6914689443445703,0.6916778568255686,0.6920948341827844,0.6923029002045348,0.6925106852161568,0.6927181897865569,0.6929254144831071,0.6931323598716496,0.6933390265165024,0.6935454149804644,0.6937515258248206,0.6939573596093465,0.6943681982304964,0.6945732041791725,0.6947779352921327,0.6949823921216834,0.6951865752186525,0.6953904851323933,0.6955941224107905,0.6957974876002647,0.696000581245777,0.6962034038908346,0.6966082383463702,0.6968102512366339,0.6970119952860238,0.6972134710308471,0.6974146790059861,0.6976156197449018,0.6978162937796393,0.6980167016408322,0.6982168438577074,0.6984167209580899,0.6988156819136933,0.6990147668175951,0.6992135887023753,0.6994121480889177,0.6996104454967313,0.6998084814439556,0.7000062564473641,0.70020377102237,0.7004010256830293,0.7005980209420464,0.7009912352992377,0.7011874554161003,0.7013834181687061,0.7015791240630657,0.7017745736038637,0.7019697672944638,0.7021647056369125,0.7023593891319434,0.7025538182789822,0.7027479935761503,0.703135584606864,0.7033290013301701,0.7035221661831345,0.7037150796574211,0.7039077422434157,0.7041001544302288,0.7042923167057006,0.7044842295564049,0.704675893467653,0.7048673089234984,0.705249396398926,0.7054400693803605,0.7056304958301038,0.7058206762259789,0.7060106110445745,0.7062003007612497
0.5454545454545455,0.04991832220371626,0.0422834088379525,0.03668435712319167,0.032402627556295874,0.029022223583356044,0.026285623528598517,0.024024878473427616,0.02212578315353002,0.02050797090170743,0.019113245166092297,0.017898427860025077,0.01683080831196956,0.015885152575456054,0.0150416826925756,0.014284677722543857,0.013601484225244398,0.012981802889220049,0.01241716539126712,0.011900544825548856,0.011426061535940009,0.010988758165302315,0.010584425636859018,0.010209467103225962,0.009860790537566435,0.009535723171046926,0.009231942761824501,0.008947421955874502,0.008680382919660985,0.008429260098184692,0.00819266945012677,0.00796938288227132,0.007758306887110591,0.007558464597790812,0.007368980639981704,0.0071890682849162614,0.007018018505344098,0.0068551906139418285,0.006700004223047379,0.006551932314342288,0.006410495241591017,0.00627525552526493,0.0061458133182378085,0.006021802444950398,0.005902886929555429,0.005788757945806165,0.0056791311288600455,0.005573744200222179,0.005472354864679198,0.0053747389423052395,0.00528068870664162,0.005190011402545237,0.005102527921019522,0.005018071612846953,0.0049364872234827694,0.0048576299355592234,0.004781364506371756,0.004707564489322556,0.004636111530380206,0.0045668947307370145,0.004499810068936246,0.004434759875925358,0.004371652357356338,0.004310401158438345,0.004250924966940858,0.004193147150310954,0.004136995423925554,0.004082401546911513,0.004029301043314464,0.003977632945996116,0.003927339561119981,0.003878366251344586,0.0038306612361474557,0.0037841754074047535,0.003738862159233818,0.003694677230609408,0.003651578559710687,0.003609526148985528,0.0035684819400937373,0.003528409697721105,0.003489274901752183,0.0034510446469412526,0.0034136875495814263,0.0033771736605452407,0.003341474384244433,0.00330656240300515,0.0032724116064678666,0.0032389970256106694,0.00320629477105521,0.003174281975330666,0.0031429367388062946,0.003112238079011826,0.003082165883121855,0.0030527008633555014,0.0030238245150999866,0.002995519077552149,0.0029677674967229424,0.0029405533906237597,0.002913861016495235,0.00288767523989643,0.0028619815052669207,0.7016533280040668,0.7018634621015215,0.702073300400401,0.7022828435248445,0.7024920920972361,0.7029097080666649,0.7031180766997525,0.7033261532529015,0.7035339383398148,0.703741432572477,0.7039486365611608,0.7041555509144324,0.7043621762391584,0.7045685131405109,0.7047745622219734,0.7051857993307582,0.7053909885566592,0.7055958923598397,0.7058005113354296,0.7060048460769058,0.7062088971760971,0.7064126652231907,0.7066161508067371,0.7068193545136567,0.707022276929245,0.7074272802195173,0.7076293622567178,0.707831165327631,0.7080326900095112,0.7082339368780214,0.7084349065072385,0.7086355994696587,0.7088360163362032,0.7090361576762233,0.7092360240575059,0.7096349342072165,0.7098339791034446,0.7100327512965463,0.7102312513465667,0.7104294798120185,0.710627437249887,0.7108251242156356,0.7110225412632108,0.7112196889450478,0.7114165678120745,0.7118095212979094,0.7120055970110878,0.7122014060982068,0.7123969491027387,0.7125922265666799,0.7127872390305555,0.7129819870334251,0.7131764711128867,0.7133706918050824,0.7135646496447031,0.7139517788977564,0.7141449513733586,0.7143378631207354,0.7145305146673946,0.7147229065394222,0.7149150392614868,0.7151069133568452,0.7152985293473454,0.7154898877534334,0.7156809890941559,0.7160624226487308,0.716252755893728,0.7164428341356595,0.7166326578866508,0.7168222276574572,0.7170115439574681,0.7172006072947119,0.7173894181758597,0.7175779771062308,0.7177662845897969,0.7181421472256877,0.7183297033792574,0.7185170100885204,0.7187040678507767,0.7188908771620052,0.7190774385168682,0.7192637524087158,0.7194498193295898,0.7196356397702289,0.7198212142200723,0.7201916270986576,0.7203764664998201,0.7205610618550364,0.7207454136473133,0.7209295223583838,0.7211133884687115
0.5838383838383839,0.05002331910075822,0.04237361327363921,0.036763707847528866,0.03247367318165179,0.029086707905522494,0.02634479212353562,0.024079651991074074,0.022176861294086293,0.020555897882182705,0.019158452612181822,0.0179412638618973,0.01687155767525534,0.015924051286274735,0.015078928473033762,0.01432043787976895,0.013635901586071053,0.013015000354181665,0.012449249477529614,0.011931608455511222,0.011456186256511394,0.011018015932363496,0.010612880262950042,0.010237175441903246,0.00988780346027889,0.009562086378101329,0.00925769746054339,0.008972605431165577,0.008705029016758101,0.008453399633064605,0.008216330561087202,0.007992591331546442,0.007781086321041353,0.007580836772603825,0.007390965618182929,0.0072106846067206964,0.00703928333904943,0.006876119888009433,0.0067206127431390485,0.006572233866043695,0.006430502682426667,0.006294980866083726,0.006165267796306059,0.0060409965886784045,0.005921830617242131,0.00580746045801715,0.005697601195783124,0.005591990044475461,0.00549038423981523,0.005392559167951084,0.005298306700390522,0.005207433708766782,0.005119760737391478,0.005035120814391503,0.004953358384618586,0.004874328350334586,0.004797895206927447,0.004723932262951567,0.004652320935167129,0.0045829501099726245,0.004515715564470073,0.004450519440377696,0.00438726976551743,0.004325880017848901,0.0042662687275098555,0.004208359113543542,0.004152078751195466,0.004097359267331616,0.004044136061038245,0.0039923480469682094,0.003941937419434938,0.0038928494351746657,0.0038450322132181436,0.0037984365502014795,0.0037530157498430233,0.0037087254652366586,0.0036655235529283736,0.003623369937776534,0.00358222648754068,0.0035420568965699767,0.0035028265777161034,0.003464502561828334,0.003427053404237355,0.0033904490976285973,0.0033546609908417908,0.0033196617131085538,0.0032854251033046667,0.0032519261438543096,0.003219140898912763,0.0031870464565181434,0.0031556208744203075,0.003124843129305689,0.0030946930691840525,0.0030651513687094717,0.0030361994872095516,0.003007819629265313,0.0029799947076309314,0.002952708308358444,0.0029259446579646487,0.0028996885925011468,0.002873925528294209,0.7156954016075915,0.7158996500395973,0.7161036052123779,0.7163072677570714,0.7165106383030057,0.716916505906899,0.7171190042145236,0.7173212130227328,0.7175231329519024,0.7177247646206373,0.7179261086457768,0.7181271656424021,0.7183279362238415,0.7185284210016775,0.7187286205857523,0.7191281666033248,0.7193275142478631,0.719526579120733,0.7197253618231694,0.7199238629547036,0.7201220831131697,0.7203200228947109,0.7205176828937846,0.7207150637031694,0.7209121659139701,0.7213055368959076,0.7215018068409405,0.7216978005351928,0.7218935185614911,0.7220889615010226,0.7222841299333426,0.7224790244363792,0.7226736455864398,0.7228679939582154,0.7230620701247882,0.7234494081266365,0.7236426711000769,0.7238356641446553,0.7240283878254883,0.7242208427061161,0.724413029348508,0.7246049483130681,0.7247966001586401,0.7249879854425134,0.7251791047204282,0.7255605474736301,0.7257508720527,0.7259409328333881,0.7261307303637691,0.7263202651904006,0.726509537858328,0.72669854891109,0.7268872988907242,0.7270757883377713,0.727264017791281,0.727639698866462,0.7278271515588229,0.728014346399036,0.7282012839187714,0.7283879646482391,0.7285743891161929,0.7287605578499364,0.7289464713753272,0.7291321302167821,0.7293175348972826,0.7296875838601944,0.7298722291814329,0.730056622419381,0.7302407640899138,0.7304246547075003,0.7306082947852068,0.7307916848347032,0.7309748253662668,0.7311577168887873,0.7313403599097715,0.7317049024702722,0.7318868030179297,0.7320684570803431,0.7322498651581744,0.7324310277507309,0.73261194535597,0.7327926184705023,0.7329730475895977,0.7331532332071892,0.7333331758158773,0.7336923339703117,0.733871550494638,0.7340505259672301,0.7342292608740941,0.7344077556999306,0.7345860109281387
0.6222222222222222,0.050164848917050434,0.04249467421809251,0.03686975255240583,0.03256822983129779,0.02917219053016181,0.026422925038875476,0.024151709698952018,0.02224381242285221,0.02061849581583162,0.01921729486805977,0.017996832314296385,0.016924246590071745,0.015974187345728308,0.015126785388295736,0.014366247256841562,0.013679861141213064,0.013057280218975374,0.012489997103432031,0.011970952473251622,0.011494239549381604,0.011054878106342123,0.010648639650691483,0.01027191074238081,0.0099215850911876,0.00959497759839924,0.009289755309414512,0.009003881517758263,0.008735570188347823,0.008483248543978368,0.008245526158427266,0.008021169273035247,0.0078090793355002665,0.00760827497223891,0.007417876770509757,0.0072370943720012305,0.007065215478323584,0.006901596446170848,0.006745654210381392,0.006596859320896407,0.006454729918523932,0.006318826505043038,0.006188747388745133,0.006064124704260432,0.005944620925467468,0.005829925801110699,0.005719753654096651,0.005613840995670083,0.005511944412412666,0.005413838689769682,0.00531931514268805,0.0052281801263116545,0.005140253705019249,0.00505536846035897,0.004973368421094748,0.004894108101434012,0.004817451634278888,0.0047432719893085095,0.004671450266038133,0.0046018750535790865,0.004534441850230283,0.0044690525358746114,0.004405614892243178,0.0043440421657332685,0.004284252668519791,0.0042261694141099305,0.004169719783915195,0.004114835221803115,0.0040614509539220744,0.00400950573137033,0.00395894159371906,0.003909703651115363,0.003861739883653189,0.0038150009562122012,0.0037694400474100726,0.0037250126915656496,0.003681676632335381,0.003639391687188742,0.0035981196216945716,0.003557824032921962,0.0035184702410045055,0.003480025188418945,0.0034424573461872155,0.003405736626532334,0.0033698343014570338,0.0033347229267737728,0.0033003762711774232,0.0032667692499629736,0.0032338778630526727,0.0032016791369849917,0.0031701510706015263,0.00313927258414077,0.0031090234714879718,0.003079384355383558,0.0030503366453405218,0.0030218624981101106,0.002993944780511673,0.0029665670344539547,0.002939713444018126,0.0029133688044559497,0.0028875184929390324,0.728475399958662,0.7286739477782617,0.7288722054404935,0.7290701735809463,0.7292678528333536,0.7296623471997321,0.7298591635719565,0.7300556935726547,0.7302519378263866,0.730447896955897,0.7306435715821222,0.7308389623241969,0.7310340697994607,0.7312288946234646,0.7314234374099772,0.7318116793167311,0.7320053796556565,0.7321988003944719,0.7323919421381313,0.7325848054898443,0.7327773910510831,0.7329696994215887,0.7331617311993766,0.7333534869807434,0.733544967360273,0.7339271042836283,0.7341177620081127,0.7343081466920894,0.73449825892167,0.7346880992812892,0.7348776683537117,0.7350669667200381,0.7352559949597101,0.735444753650517,0.7356332433686014,0.7360094181829759,0.7361971044233707,0.736384523979264,0.7365716774186531,0.7367585653079228,0.7369451882118518,0.7371315466936188,0.7373176413148075,0.7375034726354122,0.7376890412138439,0.7380593923699486,0.738244176056576,0.7384286992189507,0.7386129624076495,0.7387969661716989,0.7389807110585805,0.7391641976142364,0.7393474263830748,0.7395303979079754,0.7397131127302942,0.7400777744250269,0.740259722372585,0.7404414157678597,0.7406228551446707,0.740804041035346,0.7409849739707267,0.7411656544801736,0.7413460830915705,0.7415262603313312,0.7417061867244029,0.7420652890629725,0.7422444660510825,0.7424233942777382,0.7426020742606343,0.7427805065160303,0.7429586915587552,0.7431366299022117,0.7433143220583829,0.7434917685378354,0.7436689698497252,0.7440226390004161,0.7441991078505188,0.7443753335556716,0.7445513166180491,0.7447270575384436,0.7449025568162707,0.7450778149495731,0.7452528324350263,0.7454276097679422,0.7456021474422747,0.7459505057842404,0.7461243274330313,0.746297911385563,0.7464712581290668,0.7466443681494436,0.7468172419312676
0.6606060606060606,0.05033535766189199,0.04264020502296076,0.036996960629177504,0.03268142150502551,0.029274312243973855,0.02651608140416247,0.02423745630633305,0.022323331528762216,0.020692706960006513,0.019286927347037644,0.018062474276387932,0.016986379253072382,0.016033209438104046,0.015183030984643194,0.014419999040338432,0.013731360431052957,0.01310673466555128,0.01253758667473072,0.012016834166045392,0.011538551139787983,0.011097741164781112,0.01069016198783103,0.0103121884110635,0.00996070403592957,0.009633015026390324,0.00932678083626023,0.009039958131424853,0.008770755065040452,0.008517593741641372,0.008279079210535325,0.008053973698207135,0.007841175077471079,0.007639698781053163,0.007448662534591818,0.007267273407579726,0.00709481678362589,0.006930646924818579,0.006774178868434978,0.006624881441390934,0.006482271216272396,0.006345907264593466,0.00621538658719816,0.006090340121476007,0.005970429242810025,0.00585534269009821,0.005744793856437367,0.005638518395440193,0.005536272101397494,0.005437829026606309,0.005342979806787963,0.005251530166674884,0.0051632995849087504,0.0050781200979993025,0.0049958352269705575,0.0049162990123413465,0.004839375144643546,0.004764936179983271,0.004692862830721789,0.004623043323184877,0.004555372815372517,0.00448975286763845,0.0044260909613870825,0.004364300060475009,0.004304298211007259,0.0042460081757310164,0.0041893570995072005,0.004134276202865946,0.004080700500933835,0.004028568545266897,0.003977822186559351,0.0039284063561099624,0.0038802688644870493,0.0038333602157717733,0.0037876334359878217,0.0037430439145045924,0.0036995492572209033,0.0036571091505975656,0.0036156852355508596,0.003575240990422089,0.0035357416222600974,0.003497153965713072,0.0034594463889566296,0.0034225887060470106,0.00338655209526265,0.0033513090228521414,0.0033168331719042954,0.0032830993758353423,0.0032500835562143194,0.0032177626645729807,0.0031861146279061415,0.003155118297601162,0.0031247534015446266,0.003095000499162337,0.0030658409392201797,0.0030372568201520057,0.003009230952765031,0.002981746825152255,0.002954788569659726,0.00292834093178789,0.0029023892408761576,0.7401561425807063,0.7403491934490083,0.7405419576761718,0.7407344359001281,0.7409266287569178,0.7413101609037418,0.7415015014564614,0.7416925591673987,0.7418833346632407,0.7420738285688239,0.7422640415071419,0.7424539740993515,0.7426436269647806,0.7428330007209335,0.7430220959834988,0.7433994534815782,0.743587716939448,0.7437757043484544,0.743963416315304,0.7441508534449274,0.7443380163404844,0.7445249056033714,0.7447115218332279,0.7448978656279419,0.7450839375836581,0.7454552683539879,0.7456405283522249,0.7458255188787226,0.746010240520998,0.7461946938648609,0.7463788794944213,0.7465627979920945,0.7467464499386076,0.7469298359130059,0.7471129564926582,0.7474784037688587,0.7476607316118196,0.7478427963528722,0.7480245985610963,0.7482061388039313,0.7483874176471829,0.748568435655028,0.7487491933900219,0.7489296914131026,0.749109930283598,0.7494696327961231,0.7496490975488064,0.7498283053702219,0.75000725681173,0.750185952423114,0.7503643927525868,0.7505425783467957,0.7507205097508286,0.7508981875082192,0.7510756121609529,0.7514297043126805,0.7516063728879516,0.7517827905111312,0.7519589577165438,0.7521348750369982,0.7523105430037929,0.7524859621467211,0.7526611329940768,0.7528360560726584,0.7530107319077762,0.7533593439414445,0.7535332811832163,0.7537069732679761,0.7538804207136666,0.7540536240367717,0.7542265837523232,0.7543993003739048,0.7545717744136573,0.7547440063822843,0.7549159967890566,0.755259254946988,0.7554305237095711,0.7556015529331576,0.7557723431199301,0.7559428947706692,0.7561132083847569,0.7562832844601826,0.7564531234935477,0.7566227259800697,0.7567920924135882,0.7571301190901087,0.75729878031394,0.7574672074464361,0.7576354009746155,0.7578033613841463,0.7579710891593516
0.698989898989899,0.050528995988012526,0.04280526070824586,0.03714105029035497,0.03280947355346694,0.029389698761545718,0.026621211030584964,0.02433410934941208,0.022412861030495824,0.020776165293802742,0.019365149160731523,0.0181361326794121,0.017056024977222695,0.0160992988095132,0.015245946335849905,0.014480063888123569,0.013788850952956866,0.013161888507409354,0.012590609799758947,0.012067906248329763,0.011587829856212444,0.011145365645287484,0.010736255615369188,0.010356861111621913,0.010004054167390903,0.009675130946943753,0.00936774221588705,0.009079837055121736,0.008809616966140544,0.008555498196380873,0.008316080616837782,0.008090121859186021,0.007876515704774989,0.00767427393175787,0.0074825109902580955,0.007300431006353755,0.007127316710674474,0.006962519968148942,0.006805453644457202,0.006655584594578934,0.006512427596306055,0.006375540084259318,0.006244517563126764,0.00611898960002466,0.005998616313149827,0.005883085285792161,0.005772108846907931,0.005665421668521242,0.005562778638299046,0.005463952969503654,0.0053687345204874405,0.005276928294548796,0.005188353099995261,0.005102840349598133,0.005020232983305133,0.004940384499556233,0.004863158082664496,0.00478842581538798,0.004716067967033293,0.004645972348833587,0.0045780337292833685,0.004512153303112403,0.0044482382080279605,0.004386201084562367,0.004325959674348535,0.004267436453170387,0.004210558295200799,0.004155256165403163,0.004101464837419577,0.004049122634477812,0.003998171191127236,0.003948555234018253,0.0039002223797427616,0.003853122948377331,0.00380720979134741,0.0037624381321512213,0.0037187654190778486,0.003676151188685742,0.0036345569392342804,0.003593946013262223,0.00355428348839978,0.003515536075931215,0.0034776720263575145,0.0034406610414402516,0.0034044741922034977,0.0033690838424468767,0.0033344635773029053,0.0033005881365245305,0.0032674333520444432,0.003234976089582913,0.0032031941939459586,0.0031720664377624342,0.003141572473411339,0.0031116927879039236,0.0030824086605153772,0.0030537021229737177,0.003025555922022836,0.002997953484203365,0.0029708788826960137,0.002944316806103567,0.002918252529032423,0.750873597854523,0.7510613642523822,0.7512488478245971,0.7514360492097019,0.7516229690443096,0.7519959665989266,0.7521820455826238,0.7523678455432136,0.7525533671078135,0.7527386109016628,0.7529235775481303,0.7531082676687204,0.7532926818830809,0.7534768208090097,0.7536606850624613,0.7540275920065777,0.7542106359199979,0.7543934076064659,0.7545759076728232,0.754758136724109,0.7549400953635671,0.7551217841926522,0.7553032038110364,0.7554843548166167,0.7556652378055199,0.7560262021089983,0.7562062846070409,0.7563861014553543,0.7565656532413173,0.7567449405505785,0.7569239639670623,0.7571027240729753,0.7572812214488128,0.7574594566733652,0.7576374303237239,0.7579925952017686,0.7581697875751995,0.7583467206659377,0.7585233950426737,0.7586998112724358,0.7588759699205961,0.7590518715508774,0.7592275167253586,0.7594029060044805,0.7595780399470528,0.7599275440496612,0.7601019153192105,0.7602760334712472,0.7604498990565102,0.7606235126241414,0.7607968747216927,0.7609699858951297,0.7611428466888397,0.7613154576456361,0.7614878193067643,0.7618317968991919,0.7620034139051933,0.7621747837649416,0.7623459070119271,0.7625167841781053,0.7626874157939033,0.7628578023882248,0.7630279444884552,0.7631978426204682,0.7633674973086297,0.7637060784433608,0.763875005931176,0.764043692057642,0.7642121373396704,0.7643803422926978,0.7645483074306907,0.7647160332661518,0.7648835203101237,0.7650507690721956,0.7652177800605073,0.7655510907411959,0.7657173914426542,0.7658834563885252,0.7660492860797808,0.7662148810159749,0.7663802416952474,0.7665453686143301,0.7667102622685518,0.766874923151842,0.7670393517567375,0.7673675140945517,0.7675312488056198,0.7676947531946016,0.7678580277471392,0.7680210729475103,0.7681838892786331
0.7373737373737375,0.05074117757750718,0.042985964420493086,0.03729866494726844,0.03294942722931239,0.02951570541342406,0.026735923495338963,0.02443948842885216,0.022510396942564258,0.020867017104732693,0.01945023613716444,0.01821619617210798,0.01713167155209613,0.016171031055565943,0.015314185346581735,0.014545165978532249,0.013851120299096995,0.013221586847023046,0.012647963976181651,0.012123114150336494,0.01164106514508039,0.011196781554921145,0.010785988036417567,0.010405031113368783,0.010050770078132503,0.009720490081566469,0.009411832320205846,0.009122737520717634,0.00885139985905151,0.008596229131452715,0.00835581950561318,0.008128923552472585,0.007914430547462135,0.007711348243156303,0.0075187874825302405,0.007335949149605574,0.007162113053158265,0.00699662841783531,0.006838905717700247,0.00668840963579447,0.006544652973212304,0.006407191361755398,0.006275618658163997,0.006149562920524185,0.006028682882363927,0.005912664854160674,0.005801219992747376,0.0056940818894095635,0.005591004432954698,0.005491759912734222,0.005396137330835754,0.005303940896045245,0.00521498867842775,0.005129111403748419,0.005046151371959993,0.004965961484532988,0.004888404368238436,0.004813351584504418,0.0047406829147297325,0.004670285712906175,0.00460205431862583,0.004535889523918305,0.004471698087968132,0.004409392295219115,0.004348889551984377,0.004290112018025791,0.004232986269386063,0.004177442989579703,0.0041234166863064305,0.0040708454313109444,0.0040196706211536514,0.003969836757083194,0.003921291242057407,0.0038739841935449943,0.003827868270659396,0.003782898514262405,0.0037390321990586894,0.00369622869652797,0.003654449347863964,0.0036136573460163425,0.0035738176261170024,0.0035348967636032852,0.003496862879396751,0.00345968555158836,0.0034233357331148024,0.0033877856749488905,0.0033530088543803904,0.0033189799080099525,0.0032856745690737882,0.0032530696088080963,0.0032211427815202237,0.003189872773121517,0.003159239152855431,0.0031292223279980125,0.003099803501317095,0.0030709646310970807,0.00304268839355039,0.0030149581474531962,0.0029877579008539424,0.0029610722797173772,0.0029348864983941765,0.7607421988424661,0.7609248954981037,0.7611073133532186,0.761289453045511,0.7614713152107376,0.7618342094933496,0.7620152428725984,0.7621960012485232,0.7623764852472747,0.7625566954931039,0.7627366326083697,0.7629162972135457,0.7630956899272276,0.7632748113661406,0.7634536621451457,0.7638105541735993,0.7639885966435144,0.7641663708944681,0.7643438775321078,0.7645211171602581,0.764698090380929,0.7648747977943217,0.7650512399988361,0.7652274175910769,0.7654033311658613,0.7657543686334267,0.7659294937069607,0.7661043571245575,0.7662789594721929,0.7664533013340944,0.7666273832927476,0.766801205928903,0.7669747698215816,0.7671480755480823,0.767321123683988,0.7676664494778013,0.7678387282783512,0.7680107517736022,0.7681825205306514,0.7683540351149175,0.7685252960901474,0.7686963040184216,0.768867059460161,0.7690375629741331,0.7692078151174572,0.76954756751244,0.7697170688701547,0.7698863210693457,0.7700553246589855,0.7702240801864351,0.7703925881974494,0.7705608492361842,0.7707288638452006,0.7708966325654723,0.7710641559363902,0.7713984687798535,0.7715652593233218,0.7717318066592935,0.7718981113193351,0.7720641738334644,0.7722299947301571,0.7723955745363525,0.7725609137774582,0.7727260129773567,0.7728908726584103,0.7732198755458639,0.7733840197894377,0.7735479265885249,0.7737115964579695,0.7738750299111282,0.774038227459876,0.774201189614611,0.77436391688426,0.7745264097762838,0.7746886687966825,0.7750124872393327,0.7751740476663276,0.775335376231195,0.7754964734327093,0.7756573397682158,0.775817975733635,0.7759783818234682,0.7761385585308025,0.7762985063473155,0.7764582257632806,0.776776981347671,0.7769360184896673,0.777094829178268,0.7772534138968002,0.7774117731272168,0.7775699073501009
0.7757575757575759,0.05096826679967606,0.043179243245112256,0.03746714433553693,0.03309893781682796,0.029650236594531774,0.026858324848267445,0.024551866173396518,0.022614351814693876,0.020963794129498715,0.019540822755767278,0.01830138871507942,0.017212121569090005,0.0162472784080573,0.01538668235661592,0.014614295385453018,0.013917208836631056,0.013284915662827364,0.012708776736007754,0.012181623417866152,0.011697457459999314,0.0112512215146001,0.010838621608281227,0.010455988344520424,0.010100167329869243,0.0097684318848246,0.009458412927007696,0.009168042209988807,0.008895506040299,0.008639207284619928,0.008397733984375742,0.00816983327478019,0.007954389590714293,0.007750406360981692,0.007556990553669382,0.007373339570350864,0.007198730081391094,0.007032508475391687,0.0068740826572248415,0.006722914976977792,0.00657851611259354,0.006440439759184608,0.006308278003477441,0.006181657282522226,0.00606023484254235,0.00594369562674806,0.005831749533197206,0.005724128991915084,0.005620586819011436,0.005520894311369389,0.0054248395513523595,0.005332225894269388,0.005242870617183918,0.005156603707990426,0.005073266779183484,0.004992712090940448,0.004914801671205996,0.004839406521455171,0.004766405898945804,0.004695686666543408,0.004627142703168711,0.004560674368261003,0.0044961880144878275,0.004433595543728511,0.004372814002185397,0.004313765210142595,0.004256375423436217,0.0042005750232614,0.004146298231673403,0.004093482850292826,0.004042070020068035,0.003992004000128763,0.003943231963982956,0.00389570381147505,0.0038493719951709915,0.0038041913597505034,0.003760118993485796,0.0037171140905637285,0.0036751378234556793,0.003634153224460907,0.0035941250756632093,0.0035550198065919443,0.003516805398985927,0.0034794512981322395,0.0034429283301224013,0.003407208624761071,0.0033722655435109356,0.003338073612191009,0.0033046084580435576,0.0032718467508231165,0.0032397661476507894,0.0032083452413071657,0.003177563511750422,0.0031474012806307506,0.003117839668551043,0.0030888605549258858,0.0030604465402252713,0.0030325809104563757,0.003005247603724654,0.002978431178740351,0.0029521167851504888,0.7698589443655701,0.7700367838821982,0.7702143487631422,0.7703916396440867,0.7705686571587559,0.7709218746144094,0.7710980758131084,0.7712740061609764,0.7714496662820488,0.771625056798445,0.7718001783303766,0.771975031496154,0.7721496169121943,0.7723239351930281,0.7724979869513066,0.7728452933414505,0.7730185491892874,0.7731915409465261,0.773364269216529,0.7735367346008223,0.7737089376991023,0.7738808791092426,0.7740525594273014,0.7742239792475277,0.7743951391623688,0.7747366816367146,0.774907065372165,0.7750771915541348,0.7752470607661629,0.775416673590027,0.7755860306057494,0.7757551323916047,0.7759239795241254,0.7760925725781092,0.7762609121266247,0.7765968329909239,0.7767644154442607,0.7769317466672487,0.7770988272244111,0.7772656576785802,0.7774322385909055,0.7775985705208581,0.7777646540262386,0.7779304896631823,0.778096077986166,0.7784265148999027,0.7785913645913708,0.7787559691703209,0.7789203291830282,0.7790844451741457,0.77924831768671,0.7794119472621481,0.7795753344402827,0.7797384797593382,0.7799013837559469,0.7802264699204268,0.7803886531536538,0.7805505971951576,0.7807123025736967,0.7808737698164724,0.7810349994491343,0.7811959919957864,0.7813567479789917,0.7815172679197795,0.7816775523376495,0.7819974166750249,0.7821569976259356,0.7823163451167506,0.7824754596594083,0.7826343417643519,0.7827929919405341,0.7829514106954228,0.7831095985350067,0.7832675559638004,0.7834252834848495,0.783740050808587,0.7838970916100718,0.7840539045014159,0.7842104899784015,0.7843668485353739,0.7845229806652467,0.7846788868595072,0.7848345676082207,0.7849900234000367,0.7851452547221933,0.7854550458994561,0.7856096067220284,0.785763945009884,0.785918061243281,0.7860719559010968,0.7862256294608327
0.8141414141414142,0.05120735369098834,0.04338263788614113,0.037644359641224936,0.03325612921690102,0.029791615711362445,0.026986899994800067,0.024669860895453737,0.02272345601635953,0.02106532218909908,0.01963581711910221,0.018390690071476614,0.017296417761992422,0.016327139371160274,0.015462585607804176,0.01468664498380071,0.01398634971583252,0.013351144631128076,0.012772351031854605,0.012242767445046914,0.01175636814809376,0.01130807262983391,0.010893567248213205,0.010509165799813869,0.010151699442940301,0.009818429008551486,0.009506974563519946,0.009215258387617433,0.008941458479912488,0.00868397039155487,0.008441375696525111,0.008212415791024861,0.007995970000510047,0.007791037188598875,0.007596720232891723,0.007412212858384432,0.007236788422283892,0.007069790319160757,0.00691062374158299,0.006758748576759319,0.006613673261134521,0.006474949445363911,0.006342167347495755,0.0062149516932876415,0.006092958158767393,0.005975870243814074,0.005863396517455313,0.005755268183901152,0.005651236926752528,0.0055510729951777004,0.005454563500561441,0.005361510897223777,0.005271731625073201,0.005185054893001044,0.005101321587767723,0.005020383292595687,0.004942101403198379,0.004866346329887884,0.0047929967766463044,0.004721939087863495,0.00465306665612946,0.004586279384209222,0.004521483195562004,0.0044585895883315785,0.004397515228434615,0.004338181577824935,0.004280514554309001,0.004224444219928736,0.004169904495192881,0.004116832896573702,0.004065170295152568,0.004014860694492021,0.00396585102587169,0.0039180909593978476,0.003871532729593412,0.003826130974052409,0.0037818425842377963,0.0037386265671676133,0.003696443917213259,0.0036552574970959584,0.0036150319273208693,0.00357573348340071,0.0035373300001738817,0.0034997907827022706,0.003463086523209765,0.003427189223585314,0.003392072123021458,0.003357709630404429,0.00332407726108538,0.0032911515777103635,0.003258910134805789,0.003227331426846788,0.0031963948395549325,0.003166080604192307,0.0031363697546375863,0.0031072440870557284,0.003078686121971279,0.003050679068584123,0.0030232067911784167,0.0029962537774819165,0.0029698051088545997,0.7783065972989857,0.7784797872969584,0.7786527069092455,0.7788253567685456,0.7789977375055849,0.7793416941259705,0.7795132712609758,0.7796845817770538,0.779855626295183,0.7800264054344148,0.7801969198118812,0.7803671700428023,0.7805371567404937,0.7807068805163733,0.7808763419799691,0.7812144803990175,0.7813831585641424,0.7815515768363426,0.7817197358158058,0.7818876361008726,0.7820552782880443,0.7822226629719896,0.7823897907455516,0.7825566621997551,0.7827232779238137,0.7830557445293324,0.7832215965802242,0.7833871952398475,0.7835525410884613,0.7837176347045547,0.7838824766648529,0.7840470675443244,0.7842114079161873,0.7843754983519161,0.7845393394212489,0.7848662757310313,0.7850293721023311,0.7851922213689476,0.7853548240920324,0.7855171808310388,0.7856792921437292,0.7858411585861806,0.7860027807127918,0.7861641590762888,0.7863252942277318,0.7866468370904042,0.7868072458954801,0.7869674136762077,0.7871273409754105,0.7872870283342834,0.7874464762923985,0.7876056853877111,0.7877646561565664,0.7879233891337046,0.7880818848522675,0.7883981666382777,0.7885559537640695,0.7887135057479866,0.7888708231152671,0.789027906389586,0.7891847560930607,0.7893413727462573,0.7894977568681959,0.7896539089763568,0.7898098295866859,0.790120978369994,0.7902762075672441,0.7904312073152154,0.7905859781222668,0.7907405204952567,0.790894834939548,0.7910489219590144,0.7912027820560452,0.7913564157315514,0.7915098234849705,0.791815963215964,0.7919686961850965,0.792121205215268,0.792273490798631,0.7924255534258967,0.7925773935863405,0.7927290117678072,0.7928804084567161,0.793031584138067,0.7931825392954438,0.7934837899655693,0.7936340864384583,0.7937841643076641,0.793934024049773,0.7940836661399872,0.7942330910521295
0.8525252525252526,0.05145608916117667,0.04359416328927155,0.037828592762857355,0.03341948746232399,0.029938489949784063,0.027120426572971246,0.024792357993194312,0.022836685459875303,0.021170654296399145,0.019734338702172494,0.018483277599047346,0.017383788351757815,0.016409887212802548,0.015541208541955065,0.014761564265867087,0.014057924959419852,0.013419685276246976,0.012838125264280789,0.012306009218892322,0.011817282774320433,0.01136684126899891,0.010950350555997737,0.010564106909471833,0.010204926424322167,0.00987005691130197,0.009557107123543232,0.009263989464474867,0.00898887327205679,0.008730146470501743,0.00848638389087248,0.008256320946718179,0.008038831635954107,0.007832910063080274,0.007637654840928693,0.007452255861764916,0.007275983028318491,0.007108176613750358,0.006948238982938297,0.006795627455431591,0.0066498481307790515,0.0065104505281146086,0.00637702291730651,0.006249188240004533,0.006126600535188193,0.0060089417979894335,0.005895919211879247,0.005787262703019388,0.005682722774413396,0.005582068582811025,0.005485086227315028,0.005391577223084825,0.005301357137039402,0.0052142543660203145,0.005130109040137966,0.005048772036858416,0.004970104092747674,0.004893975001902948,0.004820262891391607,0.004748853565084318,0.0046796399085670915,0.004612521348458195,0.004547403360813416,0.00448419702280762,0.004422818603936499,0.0043631891925869195,0.004305234354111517,0.004248883817868698,0.00419407118997455,0.00414073368961668,0.004088811906555364,0.004038249577903472,0.003988993382416222,0.003940992750701461,0.003894199689954969,0.003848568621885825,0.0038040562327801442,0.003760621334533127,0.003718224735847724,0.003676829122653166,0.0036363989470205344,0.0035969003238970343,0.003558300934965849,0.0035205699391273365,0.0034836778890331432,0.003447596653230213,0.0034122993434502836,0.0033777602466795093,0.0033439547616283772,0.0033108593392807374,0.003278451427217578,0.003246709417438336,0.003215612597423201,0.0031851411042132594,0.003155275881285391,0.003125998638021511,0.0030972918116106535,0.0030691385311890002,0.0030415225840906596,0.0030144283840542858,0.0029878409412649343,0.7861562037301769,0.7863249450360957,0.7864934202489283,0.7866616299975935,0.78682957490903,0.7871646727181162,0.7873318268598112,0.7874987186523831,0.7876653487129851,0.7878317176568354,0.7879978260972261,0.7881636746455298,0.788329263911208,0.7884945945018174,0.7886596670230185,0.7889890402703982,0.7891533421984801,0.7893173884609757,0.7894811796541714,0.7896447163725021,0.789807999208556,0.7899710287530831,0.7901338055950022,0.7902963303214077,0.7904586035175767,0.7907823976512701,0.7909439197503256,0.7911051926422212,0.7912662169032526,0.7914269931079401,0.791587521829035,0.791747803637527,0.7919078391026505,0.7920676287918915,0.7922271732709945,0.7925455288530945,0.7927043410789316,0.7928629103403239,0.7930212371944065,0.7931793221966128,0.7933371659006804,0.7934947688586577,0.7936521316209103,0.793809254736128,0.79396613875133,0.7942791916614543,0.794435361642123,0.7945912946942817,0.7947469913566948,0.7949024521664948,0.7950576776591879,0.7952126683686603,0.7953674248271847,0.7955219475654256,0.7956762371124462,0.7959841187411067,0.7961377118729187,0.7962910739138666,0.796444205385095,0.796597106806183,0.7967497786951497,0.7969022215684599,0.7970544359410303,0.7972064223262351,0.7973581812359115,0.7976610186683802,0.7978120982072153,0.7979629523026192,0.7981135814588314,0.7982639861785887,0.7984141669631311,0.7985641243122068,0.7987138587240784,0.798863370695528,0.7990126607218626,0.7993105769130737,0.7994592040612392,0.7996076112308782,0.7997557989100049,0.799903767585191,0.8000515177415711,0.800199049862848,0.8003463644312977,0.8004934619277753,0.8006403428317195,0.800933456772714,0.8010796907616086,0.8012257100616683,0.8013715151453294,0.801517106483643,0.8016624845462802
0.890909090909091,0.051712562510880855,0.043812205054986904,0.03801844658117762,0.033587781583714574,0.030089759506282485,0.027257910956507488,0.024918451547684396,0.022953207896473735,0.021279020954967285,0.019835672101881845,0.018578483004904403,0.0174736064422388,0.016494931699526316,0.015621993621904813,0.01483852503460427,0.014131432845550565,0.01349005988582284,0.012905643594137864,0.012370912909586092,0.011879783881809816,0.011427126905612253,0.011008586655481623,0.01062044130729175,0.010259491398034884,0.00992297128978546,0.009608478050881608,0.009313913883561524,0.009037439180077536,0.008777433987167111,0.008532466171924649,0.008301264967927269,0.008082698870896647,0.007875757069796896,0.0076795337726168755,0.007493214912870361,0.0073160668253799644,0.007147426559322608,0.006986693559025686,0.006833322491976165,0.006686817044063978,0.006546724532851354,0.006412631216020172,0.006284158192520341,0.006160957810500014,0.0060427105109227865,0.005929122046132098,0.005819921022325758,0.005714856723032116,0.005613697176786741,0.00551622743712743,0.005422248049103723,0.005331573678111339,0.005244031882212563,0.005159462009977475,0.00507771421000052,0.004998648537993493,0.00492213415159483,0.004848048582035358,0.004776277074907909,0.004706711992104246,0.004639252268577611,0.004573802918157248,0.004510274583248691,0.004448583123973956,0.004388649242812142,0.00433039814113058,0.004273759204645519,0.0042186657147916485,0.004165054583697726,0.004112866110582575,0.004062043757322125,0.004012533941897061,0.003964285847534562,0.003917251246651749,0.003871384337985316,0.003826641595908667,0.0037829816307953946,0.003740365059582798,0.0036987543856085475,0.003658113886985432,0.003618409512826976,0.003579608786637989,0.003541680716365244,0.0035045957105046066,0.00346832549989592,0.0034328430646272585,0.003398122565787896,0.003364139281626821,0.0033308695478042444,0.0032982907014523933,0.003266381028734856,0.0032351197156742346,0.0032044868020044692,0.003174463137837012,0.0031450303429327543,0.0031161707684140678,0.003087867460734242,0.0030601041277594776,0.0030328651068205798,0.003006135334602192,0.7934690954717614,0.7936335810325789,0.7937978048023645,0.7939617674056114,0.7941254694648278,0.7944520944313256,0.7946150185737707,0.7947776846425283,0.7949400932503007,0.7951022450078519,0.795264140524016,0.795425780405704,0.7955871652579121,0.7957482956837287,0.7959091722843423,0.7962301664052586,0.7963902851185047,0.79655015239245,0.7967097688188938,0.7968691349877799,0.7970282514872038,0.7971871189034194,0.7973457378208472,0.7975041088220801,0.7976622324878917,0.7979777401272893,0.7981351252533874,0.7982922653491026,0.7984491609862154,0.7986058127347293,0.7987622211628764,0.7989183868371253,0.7990743103221876,0.7992299921810243,0.7993854329748536,0.7996955936036844,0.799850314552465,0.8000047966638097,0.8001590404903197,0.8003130465828929,0.8004668154907302,0.8006203477613422,0.8007736439405555,0.8009267045725198,0.8010795301997132,0.8013844786013852,0.8015366024525235,0.8016884934522229,0.801840152134703,0.8019915790325499,0.8021427746767233,0.8022937395965625,0.802444474319792,0.8025949793725289,0.8027452552792875,0.8030451217449553,0.8031947133449383,0.8033440778811027,0.8034932158700439,0.8036421278267912,0.8037908142648142,0.8039392756960282,0.8040875126308004,0.8042355255779555,0.804383315044782,0.8046782255589543,0.8048253476132463,0.8049722482011132,0.8051189278222471,0.8052653869748382,0.8054116261555798,0.8055576458596746,0.8057034465808399,0.8058490288113134,0.8059943930418584,0.8062844694588789,0.8064291826195598,0.8065736797287338,0.8067179612698759,0.8068620277250192,0.8070058795747609,0.8071495172982672,0.8072929413732792,0.8074361522761178,0.8075791504816886,0.8078645106936085,0.8080068736427422,0.808149025780188,0.8082909675738558,0.8084326994902719,0.8085742219945836
0.9292929292929294,0.05197520918012117,0.04403544142191697,0.03821277738134559,0.033760004014299155,0.03024452429473228,0.027398540063156798,0.025047400345492687,0.023072342478887675,0.021389792737128613,0.01993923221454601,0.018675759787170985,0.017565359451394844,0.01658179028981599,0.01570448509650538,0.014917095578940767,0.014206463354874124,0.013561878112477188,0.01297453359602742,0.012437122485511081,0.011943530492603232,0.01148860243264005,0.011067961261592263,0.01067786659603815,0.010315103018228355,0.009976891098880843,0.009660815923644062,0.009364769233646628,0.009086902247348412,0.008825586933266023,0.00857938401672872,0.00834701639436159,0.00812734691908596,0.007919359739076204,0.0077221445452536775,0.007534883211445004,0.007356838413718592,0.00718734389494383,0.007025796104460825,0.006871646990243943,0.006724397762902742,0.006583593482319088,0.006448818342694459,0.0063196915533471855,0.006195863728487651,0.006077013715301227,0.0059628457985095385,0.005853087230675108,0.005747486044905983,0.005645809112627511,0.005547840415175547,0.005453379502819005,0.0053622401164453715,0.005274248953902351,0.00518924456244255,0.0051070763430552946,0.005027603653360777,0.004950694998246867,0.0048762272979554645,0.004804085225581622,0.004734160605979532,0.004666351869873107,0.00460056355712806,0.004536705864307623,0.0044746942316851,0.004414448966020771,0.00435589489546078,0.004298961053295604,0.004243580388003336,0.004189689496851484,0.004137228381058392,0.004086140220360753,0.0040363711652346345,0.003987870145253242,0.003940588692090574,0.003894480775804581,0.003849502653485397,0.0038056127288461955,0.003762771422175943,0.0037209410495800633,0.0036800857107745417,0.0036401711848255292,0.0036011648330363756,0.00356303550854864,0.0035257534720572864,0.0034892903131701026,0.0034536188769912963,0.0034187131955133927,0.003384548423453862,0.0033511007782261377,0.0033183474836993494,0.003286266717513689,0.0032548375616543125,0.0032240399560773876,0.0031938546551562664,0.0031642631867525263,0.0031352478137385126,0.0031067914977838907,0.00307887786527139,0.0030514911751829644,0.0030246162888429057,0.8002984954578343,0.8004589097564822,0.8006190665498747,0.8007789664575558,0.8009386100970831,0.8012571310320264,0.8014160095527001,0.8015746342557513,0.8017330057489269,0.8018911246380355,0.8020489915269541,0.8022066070176368,0.802363971710122,0.80252108620254,0.8026779510911205,0.8029909344322315,0.803147054067787,0.8033029264655698,0.80345855221242,0.8036139318933216,0.8037690660914106,0.8039239553879813,0.8040786003624946,0.8042330015925844,0.8043871596540655,0.8046947485654057,0.8048481805578611,0.8050013716669144,0.8051543224593899,0.8053070335003345,0.8054595053530254,0.8056117385789763,0.8057637337379452,0.8059154913879403,0.8060670120852275,0.806369344838069,0.8065201579975034,0.8066707364120033,0.8068210806292229,0.8069711911951145,0.8071210686539346,0.807270713548251,0.8074201264189486,0.8075693078052364,0.807718258244654,0.8080154684247286,0.8081637292321752,0.8083117612263435,0.8084595649365223,0.8086071408903684,0.8087544896139144,0.8089016116315735,0.8090485074661471,0.8091951776388299,0.8093416226692167,0.8096338393735177,0.8097796120786762,0.809925161704039,0.8100704887612922,0.8102155937605575,0.8103604772103995,0.8105051396178307,0.8106495814883178,0.8107938033257874,0.8109378056326321,0.8112251536563816,0.8113685003704532,0.8115116295482452,0.8116545416845664,0.8117972372727262,0.8119397168045404,0.812081980770336,0.8122240296589579,0.8123658639577739,0.8125074841526804,0.8127900841670267,0.812931064950952,0.8130718335599502,0.813212390472643,0.8133527361662145,0.8134928711164149,0.8136327957975673,0.8137725106825721,0.8139120162429128,0.8140513129486612,0.8143292816696414,0.8144679546180054,0.8146064205780522,0.8147446800128738,0.8148827333841816,0.8150205811523119
0.9676767676767678,0.05224274042351197,0.04426278379605029,0.03841064334168855,0.03393532516532368,0.030402043327012334,0.027541644625188155,0.02517859436256052,0.02319352894434293,0.021502451766210493,0.020044537700334444,0.018774658425497335,0.017658625818938654,0.016670066185602135,0.015788308250266492,0.014996920998682248,0.01428267946742442,0.013634819152024802,0.013044489236102495,0.012504345425080117,0.012008242492423254,0.011550999168130738,0.011128216260217094,0.010736134458955049,0.010371522076399813,0.010031585619179748,0.00971389795343715,0.00941634015176391,0.009137054078252636,0.008874403463047449,0.0086269417484839,0.008393385368850528,0.008172591422775932,0.007963538918036948,0.007765312939134421,0.007577091219870871,0.007398132705087173,0.007227767766268735,0.007065389798537245,0.00691044797628986,0.006762440986033466,0.006620911585322662,0.00648544186428468,0.006355649104963446,0.006231182153436384,0.00611171823161535,0.005996960127530767,0.005886633713452818,0.005780485747206068,0.005678281920238765,0.005579805120732988,0.005484853884222548,0.005393241008907812,0.005304792315430732,0.00521934553382597,0.005136749302741391,0.005056862267916478,0.004979552268548165,0.004904695601861686,0.004832176357078777,0.004761885811432458,0.004693721881422379,0.004627588623640512,0.004563395779935792,0.004501058362456273,0.004440496274448392,0.004381633963405867,0.004324400103268764,0.004268727302956735,0.004214551838673157,0.00416181340776957,0.004110454902200442,0.0040604221997065605,0.004011663971183577,0.003964131502785374,0.003917778531427781,0.0038725610925734216,0.0038284373792159777,0.0037853676111068157,0.0037433139134170263,0.0037022402039636705,0.003662112088393779,0.0036228967626037124,0.0035845629218868975,0.003547080676203272,0.0035104214711592086,0.003474558014203409,0.00343946420568456,0.0034051150743572406,0.0033714867170480584,0.003338556242135764,0.0033063017165938353,0.0032747021163223506,0.003243737279530613,0.0032133878629673996,0.0031836353007864216,0.0031544617658696267,0.0031258501334345185,0.0030977839467743224,0.003070247384983642,0.0030432252325424125,0.8066908149599731,0.8068473337763745,0.8070035993371404,0.8071596122564454,0.8073153731464793,0.807626141277621,0.8077811497332593,0.8079359085887033,0.808090418446341,0.8082446799066234,0.8083986935680721,0.808552460027288,0.8087059798789579,0.8088592537158626,0.8090122821288851,0.809317605037367,0.8094699007051684,0.8096219532937858,0.8097737633847234,0.8099253315576319,0.8100766583903164,0.810227744458743,0.8103785903370467,0.8105291965975384,0.8106795638107124,0.8109795833680428,0.8111292368441684,0.8112786535369285,0.8114278340078409,0.8115767788166491,0.8117254885213295,0.8118739636780986,0.8120222048414195,0.8121702125640091,0.8123179873968451,0.8126128405885104,0.812759920040659,0.8129067687897065,0.8130533873780351,0.8131997763463288,0.8133459362335785,0.8134918675770906,0.8136375709124914,0.8137830467737356,0.8139282956931113,0.8142181148271207,0.8143626860980598,0.8145070325397542,0.8146511546762596,0.8147950530300038,0.814938728121794,0.8150821804708223,0.8152254105946721,0.8153684190093247,0.8155112062291651,0.8157961191340055,0.8159382458398502,0.816080153392584,0.8162218422987031,0.816363313063144,0.8165045661892899,0.816645602178976,0.8167864215324959,0.8169270247486077,0.8170674123245394,0.8173475425371605,0.8174872861607093,0.8176268161178083,0.8177661328981237,0.8179052369898265,0.8180441288795983,0.8181828090526369,0.8183212779926621,0.8184595361819212,0.8185975841011949,0.8188730510456067,0.8190104710250217,0.8191476826430157,0.819284686373118,0.8194214826874242,0.8195580720566015,0.8196944549498939,0.8198306318351282,0.8199666031787186,0.8201023694456726,0.8203732886026982,0.8205084424157976,0.8206433929983267,0.8207781408083372,0.8209126863025056,0.8210470299361379
1.006060606060606,0.05251408910938227,0.04449333091727908,0.03861126483632306,0.034113058420910246,0.03056170341222911,0.027686670887362857,0.025311528939290544,0.02331630387051147,0.02161656974504246,0.02015119053959911,0.018874807268509777,0.017753057063040357,0.01675943142426382,0.015873153419372326,0.015077708049834293,0.01435980275623816,0.013708618012151601,0.013115257762068058,0.012572340172247207,0.012073688605606297,0.011614095308689223,0.011189138603971003,0.010795039966235842,0.010428551189095374,0.010086864500542985,0.009767540360300015,0.009468449010486633,0.009187722817265527,0.008923717146961592,0.008674978047802135,0.008440215393119628,0.008218280439303283,0.00800814697539931,0.007808895409153162,0.007619699271172199,0.0074398137181574,0.0072685656987619175,0.007105345507113915,0.006949599501878614,0.006800823806859773,0.006658558842343866,0.006522384561935879,0.006391916291212765,0.006266801081112137,0.006146714503404807,0.006031357826708558,0.005920455521818635,0.00581375305184322,0.005711014910351673,0.005612022875494845,0.005516574452741213,0.00542448148315441,0.0053355688967979655,0.0052496735940596685,0.005166643439560129,0.005086336356311044,0.005008619507661246,0.004933368558306696,0.0048604670047135735,0.0047898055681234565,0.004721281642976376,0.004654798795187614,0.004590266304990137,0.0045275987498574035,0.004466715623373418,0.00440754098657373,0.004350003148569259,0.004294034373549868,0.004239570611730826,0.004186551251980736,0.004134918894091185,0.00408461913889838,0.004035600394681934,0.003987813698341669,0.003941212550061825,0.003895752760337204,0.0038513923082134555,0.003808091209860872,0.0037658113965973895,0.0037245166015635717,0.0036841722543519296,0.003644745382938146,0.0036062045223541933,0.0035685196295353206,0.0035316620038878016,0.0034956042131166765,0.0034603200239144505,0.0034257843371615,0.0033919731272598536,0.0033588633853423666,0.0033264330660347664,0.0032946610375307168,0.003263527034750508,0.003233011615333308,0.00320309611830037,0.0031737626251753565,0.0031449939234098807,0.0031167734719458485,0.003089085368777373,0.0030619143203762006,0.8126867095020325,0.8128394999098345,0.8129920412602222,0.8131443341616666,0.8132963792206593,0.8135997282273996,0.8137510333782992,0.8139020930930673,0.8140529079684128,0.8142034785991115,0.8143538055780145,0.814503889496056,0.8146537309422606,0.8148033305037511,0.8149526887657565,0.815250683722803,0.8153993215789003,0.8155477204576398,0.8156958809348941,0.8158438035846869,0.8159914889792006,0.8161389376887835,0.8162861502819574,0.8164331273254246,0.8165798693840755,0.8168726507974724,0.8170186912730036,0.8171644990053032,0.817310074550309,0.8174554184621895,0.8176005312933514,0.8177454135944461,0.8178900659143766,0.8180344888003052,0.818178682797659,0.8184663862997236,0.8186098968866793,0.8187531807495645,0.8188962384252375,0.8190390704488629,0.8191816773539184,0.8193240596722015,0.8194662179338357,0.8196081526672777,0.8197498643993234,0.8200326209581463,0.8201736668302712,0.8203144917917078,0.8204550963610466,0.8205954810552559,0.8207356463896883,0.8208755928780876,0.821015321032594,0.8211548313637512,0.8212941243805125,0.8215720604987443,0.821710704610224,0.8218491334273382,0.8219873474511799,0.8221253471812877,0.8222631331156528,0.8224007057507244,0.822538065581416,0.8226752131011108,0.8228121488016683,0.8230853867052244,0.8232216898843744,0.8233577831967016,0.8234936671265333,0.8236293421567069,0.823764808768577,0.8239000674420202,0.824035118655441,0.8241699628857775,0.8243046006085071,0.8245732584257841,0.8247072794640323,0.824841095882086,0.8249747081482018,0.8251081167292086,0.8252413220905129,0.8253743246961048,0.8255071250085625,0.8256397234890583,0.8257721205973639,0.8260363125295193,0.8261681082659561,0.8262997044553879,0.8264311015506617,0.8265623000032555,0.8266933002632832
1.0444444444444445,0.05278836752523641,0.04472633318041149,0.038813993534173856,0.03429263289083764,0.030722994793992365,0.027833158579209885,0.025445784681829627,0.02344028219702427,0.02173179085757932,0.02025886012447864,0.0189758976613446,0.017848363819013415,0.016849613724141923,0.015958763556738944,0.015159213355581347,0.014437602177767794,0.013783054834891695,0.013186629505221774,0.012640906378580887,0.012139677041535813,0.011677706949210758,0.011250551676229886,0.010854413258273188,0.010486026778140525,0.010142570018915751,0.009821590889405103,0.00952094867532668,0.009238766134010264,0.008973390170719709,0.008723359353431492,0.00848737691796724,0.00826428821087079,0.008053061741334402,0.007852773185964635,0.00766259182312236,0.007481768977516813,0.007309628134833093,0.007145556452273263,0.0069889974398695655,0.006839444629042829,0.006696436075342331,0.006559549571200021,0.006428398462788706,0.006302627985119982,0.006181912040539591,0.006065950360566769,0.005954465998228861,0.0058472031068024545,0.005743924968055345,0.005644412237176678,0.005548461377533017,0.005455883262016625,0.0053665019196581345,0.005280153411496394,0.005196684819248176,0.005115953334669077,0.005037825437447875,0.004962176152350125,0.004888888376219575,0.0048178522678076685,0.004748964693430129,0.00468212872260059,0.004617253168599035,0.004554252169115456,0.0044930448033347415,0.004433554741328624,0.004375709923131156,0.004319442264193721,0.004264687384957333,0.004211384362210325,0.004159475500186249,0.00410890611958075,0.004059624363029725,0.004011581015242064,0.003964729336957843,0.003919024911064122,0.003874425500175487,0.003830890914511672,0.0037883828892946803,0.00374686497082412,0.0037063024106067655,0.0036666620667377137,0.0036279123121300467,0.003590022948913656,0.0035529651285988962,0.00351671127751734,0.0034812350271648447,0.003446511149052145,0.0034125154937422342,0.003379224933757974,0.003346617310067991,0.0033146713819228735,0.003283366779747181,0.0032526839609231207,0.0032226041682343566,0.003193109390789888,0.0031641823272573317,0.0031358063512505153,0.0031079654787231304,0.0030806443372367277,0.8183219442647995,0.8184711647865194,0.8186201403860848,0.8187688716660038,0.8189173592268091,0.819213605583387,0.8193613655704252,0.8195088842208971,0.8196561621255832,0.8198031998733375,0.8199499980510947,0.8200965572438789,0.8202428780348106,0.8203889610051149,0.8205348067341294,0.8208257887762436,0.8209709262386475,0.8211158287583848,0.8212604969054674,0.8214049312480652,0.8215491323525129,0.8216931007833178,0.8218368371031667,0.8219803418729336,0.8221236156516869,0.8224094724634419,0.8225520566056174,0.8226944119751416,0.8228365391221629,0.8229784385950674,0.8231201109404854,0.8232615567032991,0.8234027764266487,0.8235437706519404,0.823684539918852,0.8239654057276521,0.8241055033403205,0.8242453781361828,0.8243850306463818,0.8245244614003733,0.824663670925933,0.8248026597491631,0.8249414283944991,0.8250799773847162,0.8252183072409357,0.8254943116276392,0.8256319871921564,0.8257694456907555,0.825906687636387,0.8260437135403863,0.8261805239124806,0.8263171192607945,0.8264535000918567,0.8265896669106062,0.8267256202203985,0.8269968883186533,0.827132204105965,0.8272673083820303,0.8274022016423799,0.8275368843809974,0.8276713570903261,0.8278056202612745,0.8279396743832222,0.8280735199440266,0.8282071574300277,0.8284738101154319,0.8286068262799842,0.8287396363000431,0.8288722406544525,0.8290046398205744,0.8291368342742945,0.829268824490028,0.8294006109407257,0.8295321940978787,0.829663574431525,0.8299257285012148,0.8300565031701166,0.8301870768812394,0.8303174500974368,0.8304476232801423,0.8305775968893743,0.8307073713837418,0.8308369472204498,0.8309663248553043,0.8310955047427185,0.8313532730859421,0.8314818624436583,0.8316102558577582,0.8317384537757668,0.8318664566438482,0.8319942649068092
1.082828282828283,0.053064834226774146,0.04496116460455868,0.03901828812328261,0.03447357200618947,0.030885492012918108,0.02798072361265077,0.025581011675457406,0.02356514271211997,0.02184781834037083,0.020367270765064806,0.019077672266739017,0.01794430487484268,0.016940386154482488,0.016044924465635022,0.015241234146983147,0.01451588527385228,0.013857946511926542,0.013258429874219275,0.012709877243051297,0.012206048152834974,0.011741681033247114,0.011312308512432461,0.010914113018117256,0.010543812776596202,0.01019857100013285,0.00987592293753706,0.009573716822081031,0.009290065719097913,0.009023307998934391,0.008771974684061577,0.008534762314992108,0.008310510276966039,0.00809818175332498,0.007896847648219803,0.007705672951001298,0.007523905120554532,0.007350864149786822,0.007185934031396509,0.007028555402252477,0.006878219178530947,0.006734461030643726,0.006596856570821794,0.006465017148793185,0.0063385861676748135,0.006217235845914587,0.006100664364523151,0.005988593346383464,0.0058807656236011165,0.005776943255519235,0.0056769057645400835,0.005580448563033016,0.005487381547060886,0.005397527836927453,0.005310722646977152,0.005226812269118332,0.00514565315756475,0.005067111102398071,0.004991060482846492,0.004917383590912919,0.004845970017961244,0.00477671609758796,0.004709524398612275,0.004644303263189684,0.0045809663855317685,0.004519432426721418,0.004459624662520431,0.004401470660642479,0.0043449019847681914,0.004289853922696366,0.004236265236416942,0.004184077932021341,0.004133237047664566,0.004083690457984068,0.0040353886933375905,0.003988284772914685,0.003942334050024913,0.0038974940689647636,0.0038537244322114517,0.003810986677182572,0.003769244161735455,0.0037284619577153677,0.0036886067518726107,0.0036496467535886657,0.003611551608845663,0.0035742923199701166,0.003537841170697331,0.003502171656145731,0.0034672584173380022,0.003433077179919998,0.00339960469677379,0.0033668186942361145,0.003334697821652759,0.0033032216040552887,0.0032723703976985014,0.003242125348294711,0.003212468351736053,0.003183382017137827,0.0031548496320456133,0.003126855129663676,0.0030993830579609328,0.8236281079102113,0.8237739087761874,0.8239194687836731,0.8240647885290119,0.8242098686065805,0.824499312126126,0.8246436767470936,0.8247878040582879,0.8249316946443711,0.8250753490880862,0.8252187679702652,0.8253619518698366,0.8255049013638338,0.8256476170274017,0.825790099433806,0.8260743667588298,0.8262161528146487,0.8263577078877172,0.8264990325420147,0.8266401273396862,0.8267809928410492,0.8269216296046019,0.8270620381870298,0.8272022191432138,0.827342173026237,0.8276214017761885,0.82776067774036,0.8278997288258714,0.8280385555769258,0.8281771585359721,0.8283155382437114,0.8284536952391044,0.8285916300593785,0.8287293432400346,0.8288668353148538,0.829141158273551,0.8292779902164554,0.8294146031715903,0.8295509976642419,0.8296871742180177,0.8298231333548537,0.8299588755950199,0.8300944014571285,0.830229711458139,0.8303648061133655,0.8306343514395355,0.8307688031329385,0.8309030415254902,0.8310370671243746,0.8311708804351694,0.8313044819618519,0.8314378722068052,0.831571051670825,0.8317040208531254,0.8318367802513452,0.8321016716782599,0.8322338046944122,0.832365729901411,0.8324974477891119,0.8326289588458317,0.8327602635583551,0.8328913624119404,0.8330222558903253,0.8331529444757333,0.8332834286488795,0.8335437856737387,0.8336736594793919,0.8338033307806753,0.8339328000508492,0.8340620677617003,0.8341911343835475,0.8343200003852476,0.8344486662342008,0.8345771323963567,0.8347053993362196,0.8349613373998918,0.8350890094455341,0.8352164841125609,0.835343761858334,0.8354708431388036,0.835597728408513,0.8357244181206047,0.8358509127268255,0.8359772126775316,0.8361033184216945,0.8363549490793828,0.8364804748839738,0.8366058082641631,0.8367309496620765,0.8368558995184863,0.8369806582728164
1.1212121212121213,0.05334286777136805,0.04519730062484807,0.03922369507848796,0.03465547656276448,0.031048838746599805,0.028129044376138182,0.025716916980291896,0.023690616557579217,0.021964403846664537,0.020476191795181516,0.01917991581492882,0.01804067848968617,0.017031558954710518,0.016131457071147316,0.015323600934219155,0.014594491204327605,0.013933140046282797,0.013330513016518235,0.012779113449403379,0.012272668623348875,0.011805889772520855,0.011374286434548582,0.01097402130481292,0.010601795646955054,0.010254758010277277,0.009930430904149896,0.00962665143953031,0.009341522928451267,0.009073375152314354,0.008820731540934703,0.008582281897223019,0.008356859607165177,0.008143422494846515,0.007941036661915273,0.007748862781368754,0.007566144422378938,0.007392198062495216,0.007226404510406268,0.0070682015113722185,0.006917077350001386,0.006772565296349842,0.006634238768863756,0.006501707108231677,0.006374611873994684,0.00625262359011623,0.0061354388773506375,0.006022777919414746,0.005914382218866817,0.005810012604940644,0.005709447460159809,0.005612481139146475,0.005518922555077608,0.005428593913724792,0.005341329577406803,0.005256975043355824,0.0051753860234406346,0.005096427613872158,0.005019973544204993,0.004945905497859845,0.004874112495169225,0.004804490333691711,0.004736941078348941,0.004671372597327972,0.004607698138446129,0.004545835942054821,0.004485708887137222,0.004427244166753616,0.004370372990585847,0.004315030311698379,0.004261154575292334,0.004208687487452305,0.004157573801999341,0.004107761123873914,0.0040591997275162585,0.00401184238900928,0.003965644230648522,0.003920562577046125,0.0038765568216256713,0.003833588302744923,0.003791620188640083,0.003750617370366416,0.0037105463622517493,0.0036713752091148528,0.003633073399808276,0.00359561178653819,0.003558962509544001,0.00352309892671324,0.0034879955477558223,0.003453627972620388,0.003419972833795962,0.0033870077422614004,0.003354711236778916,0.003323062736318121,0.0032920424953727535,0.0032616315619761194,0.003231811738219038,0.0032025655431015937,0.0031738761775649427,0.003145727491544213,0.003118103952917196,0.8286332049212951,0.8287757283938629,0.828918014993701,0.8290600653108395,0.8292018799333507,0.8294848044370386,0.8296259154846426,0.8297667931704897,0.8299074380729834,0.8300478507686166,0.8301880318319808,0.8303279818357728,0.8304677013508035,0.8306071909460048,0.8307464511884376,0.8310242858739344,0.831162861441835,0.8313012099066557,0.8314393318262175,0.8315772277565163,0.8317148982517298,0.8318523438642255,0.8319895651445672,0.8321265626415238,0.8322633369020751,0.8325362178929838,0.8326723257084245,0.8328082124576409,0.8329438786787796,0.8330793249082414,0.8332145516806895,0.8333495595290554,0.8334843489845469,0.8336189205766541,0.8337532748331573,0.8340213334419615,0.8341550388413334,0.8342885289992562,0.8344218044350615,0.8345548656664116,0.8346877132093057,0.8348203475780877,0.8349527692854513,0.8350849788424483,0.8352169767584935,0.8354803396972484,0.8356117057306663,0.835742862144562,0.8358738094402672,0.8360045481175166,0.8361350786744532,0.8362654016076361,0.8363955174120452,0.8365254265810889,0.8366551296066091,0.8369139191866565,0.837043006717094,0.8371718900558417,0.8373005696870048,0.8374290460931594,0.8375573197553584,0.8376853911531379,0.8378132607645227,0.8379409290660325,0.8380683965326877,0.838322730854056,0.8384495986513667,0.83857626749903,0.8387027378646581,0.8388290102143989,0.8389550850129417,0.8390809627235231,0.8392066438079322,0.8393321287265169,0.8394574179381887,0.8397074110692959,0.8398321158994253,0.8399566268440416,0.8400809443549603,0.8402050688825944,0.8403290008759593,0.8404527407826787,0.8405762890489901,0.840699646119749,0.8408228124384359,0.8410685745866674,0.8411911712963412,0.8413135790142118,0.8414357981769596,0.841557829219921,0.8416796725770928
1.1595959595959597,0.053621945743001574,0.04543430035845654,0.03942983330434313,0.034838011181625377,0.0312127357051092,0.02827785079205296,0.025853254648006647,0.023816478051495924,0.02208133895658212,0.02058542967366626,0.01928244772233291,0.018137315464829835,0.01712297300819508,0.016218211246108796,0.015406171657395296,0.014673285187523104,0.01400850725583147,0.013402756762698958,0.012848498326324858,0.012339426830539424,0.011870226196341403,0.011436382770942118,0.011034039432235179,0.01065988040763266,0.010311039520433662,0.009985026485279975,0.009679667242754502,0.00939305530938469,0.009123511840889664,0.00886955264106962,0.008629860746435665,0.0084032635176963,0.008188713396476532,0.007985271661193132,0.0077920946499715005,0.007608422025220432,0.007433566734294643,0.007266906387559493,0.007107875826589036,0.006955960692950616,0.0068106918459024226,0.006671640500725756,0.006538413980253233,0.0064106519926366845,0.0062880233599293634,0.006170223135923794,0.0060569700588764775,0.005948004296185361,0.005843085441555936,0.0057419907327326426,0.00564451346202442,0.005550461555452072,0.005459656300390834,0.005371931203325242,0.005287130963422497,0.005205110547031179,0.005125734353424941,0.005048875459827288,0.00497441493823774,0.004902241235703502,0.004832249611278958,0.0047643416238649485,0.004698424665583487,0.004634411535949837,0.004572220052876433,0.004511772696728009,0.004452996284325748,0.004395821669837604,0.004340183470118917,0.004286019812254943,0.0042332721010081955,0.004181884804637468,0.0041318052572301145,0.004082983476196257,0.00403537199346141,0.003988925699331403,0.00394360169776212,0.0038993591722303557,0.0038561592611970103,0.0038139649424280275,0.003772740925427247,0.003732453551349292,0.0036930706997488584,0.0036545617016659716,0.003616897258544257,0.00358004936650959,0.0035439912456248935,0.0035086972737309475,0.0034741429245294265,0.0034403047096037698,0.003407160124077982,0.0033746875956545764,0.003342866436787352,0.003311676799774399,0.003281099634548352,0.0032511166489963867,0.0032217102716188034,0.0031928636163798263,0.003164560449589285,0.0031367851586919793,0.833362149913222,0.8335015306489083,0.8336406784152691,0.8337795937959152,0.8339182773725093,0.8341949514305038,0.8343329430655643,0.8344707052039092,0.8346082384175839,0.8347455432767342,0.8348826203496141,0.8350194702025936,0.8351560934001669,0.8352924905049598,0.8354286620777372,0.8357003308610496,0.8358358291838808,0.8359711041993042,0.8361061564588966,0.8362409865124196,0.8363755949078272,0.8365099821912731,0.8366441489071186,0.836778095597939,0.836911822804532,0.8371786209193787,0.837311692900402,0.8374445475427515,0.8375771853784428,0.837709606937756,0.8378418127492436,0.8379738033397373,0.8381055792343546,0.8382371409565063,0.838368489027903,0.838630546296816,0.8387612565293159,0.8388917551810412,0.8390220427653056,0.8391521197937636,0.839281986776417,0.8394116442216222,0.8395410926360963,0.8396703325249241,0.8397993643915639,0.8400568060640242,0.840185216868691,0.8403134216488753,0.8404414209000037,0.8405692151159152,0.8406968047888681,0.8408241904095463,0.8409513724670652,0.8410783514489784,0.8412051278412839,0.8414580747933212,0.8415842463173256,0.8417102171802799,0.8418359878604953,0.8419615588347645,0.8420869305783673,0.8422121035650759,0.8423370782671624,0.8424618551554032,0.8425864346990857,0.8428350036225154,0.8429589939334446,0.8430827887621913,0.843206388570685,0.8433297938194008,0.8434530049673652,0.8435760224721622,0.8436988467899385,0.8438214783754089,0.8439439176818627,0.8441882212637812,0.8443100864387446,0.8444317611337,0.8445532457948901,0.844674540867165,0.844795646793987,0.8449165640174369,0.8450372929782185,0.8451578341156646,0.8452781878677421,0.8455183349608604,0.8456381291710529,0.8457577377341905,0.8458771610814895,0.8459963996428318,0.8461154538467699
1.1979797979797981,0.05390162788064364,0.04567179234163503,0.03963638178496961,0.03502089342160909,0.0313769308982715,0.02842691551846226,0.02598981769601657,0.023942537310937238,0.02219844835152694,0.020694821635645778,0.019385116156006733,0.018234073572603315,0.01721449459349267,0.016305060853714637,0.01548882698522193,0.014752154032289322,0.014083940517718963,0.013475058560751723,0.012917933960586903,0.012406229120065122,0.011934600574060816,0.01149851141739287,0.011094084657560233,0.010717987440729,0.010367338824657424,0.010039635694891491,0.009732692792155209,0.009444593811246769,0.009173651258913134,0.008918373293013704,0.00867743616533196,0.008449661195385101,0.00823399542800074,0.008029495305197316,0.007835312819016916,0.007650683714515144,0.007474917399205566,0.007307388277251763,0.00714752827824123,0.006994820393688372,0.0068487930659130326,0.006709015300894881,0.006575092398336693,0.006446662209843357,0.006323391851409177,0.006204974805366081,0.006091128360842452,0.005981591346443572,0.005876122116941027,0.005774496762406758,0.00567650750992023,0.005581961295773834,0.005490678486375823,0.00540249173029845,0.005317244926285237,0.00523479229339168,0.005154997531940375,0.005077733065096147,0.005002879351897439,0.004930324264466902,0.004859962521995291,0.004791695176017756,0.004725429141294907,0.004661076767859651,0.0045985554499971305,0.004537787268482244,0.004478698662845115,0.004421220130808272,0.004365285952128436,0.004310833934906436,0.004257805181792196,0.004206143874715518,0.004155797076210547,0.004106714545938615,0.004058848571059219,0.004012153809232937,0.0039665871432010835,0.003922107545926415,0.0038786759554312,0.003836255158515568,0.003794809682651842,0.0037543056953591087,0.003714710910483397,0.0036759945008458168,0.0036381270167166347,0.0036010803097311795,0.0035648274617610582,0.003529342718427911,0.0034946014268531895,0.0034605799773966828,0.0034272557490188883,0.00339460705806944,0.003362613110207167,0.0033312539552596194,0.00330051044480376,0.0032703641922742378,0.0032407975354335717,0.003211793501037888,0.0031833357715538935,0.003155408653781674,0.8378371823342818,0.8379735477649239,0.838109684044312,0.8382455917495667,0.8383812714558725,0.8386519491627417,0.8387869483040649,0.838921721727975,0.8390562700000954,0.8391905936841614,0.8393246933420279,0.8394585695336769,0.8395922228172262,0.8397256537489363,0.8398588628832181,0.8401246179679414,0.8402571650180276,0.8403894924699904,0.8405216008691088,0.8406534907588579,0.8407851626809167,0.8409166171751755,0.8410478547797423,0.8411788760309516,0.8413096814633707,0.8415706470013165,0.8417008081672084,0.8418307556350554,0.8419604899306983,0.8420900115782546,0.8422193211001248,0.8423484190169997,0.8424773058478674,0.8426059821100202,0.8427344483190616,0.8429907526318207,0.8431185917583625,0.8432462228774551,0.84337364649636,0.8435008631206911,0.8436278732544205,0.8437546773998856,0.8438812760577962,0.8440076697272401,0.8441338589056904,0.8443856257714665,0.8445112044457224,0.8446365806028575,0.8447617547323675,0.8448867273221715,0.8450114988586193,0.8451360698264966,0.8452604407090318,0.8453846119879026,0.8455085841432415,0.8457559329961669,0.8458793106463499,0.8460024910782061,0.8461254747642363,0.8462482621754328,0.8463708537812857,0.8464932500497894,0.8466154514474473,0.8467374584392794,0.8468592714888267,0.8471023176078749,0.8472235515971189,0.8473445934835759,0.8474654437234828,0.8475861027716325,0.8477065710813804,0.8478268491046496,0.8479469372919364,0.8480668360923167,0.8481865459534506,0.8484254006415771,0.8485445463568636,0.8486635049095026,0.8487822767401608,0.8489008622881224,0.8490192619912952,0.849137476286215,0.8492555056080519,0.8493733503906148,0.8494910110663575,0.8497257818204513,0.84984289275698,0.8499598213030539,0.8500765678844283,0.8501931329255341,0.8503095168494837
1.2363636363636366,0.05418154241926146,0.045909462982446275,0.039843069585489804,0.03520388496507966,0.03154121175631857,0.02857604682677842,0.02612643161018148,0.024068634279905257,0.02231558428983966,0.020804230553488057,0.019487793231183673,0.018330833049212996,0.01730601113805108,0.01639189973407348,0.015571466511537877,0.014831002522708619,0.0141593493230902,0.01354733218920764,0.012987338052087087,0.012472996791873858,0.01199893752224628,0.011560600055710435,0.011154087504279613,0.010776049910679882,0.010423591548307314,0.010094196457177398,0.009785668163670816,0.00949608052844034,0.009223737398431011,0.008967139275345473,0.008724955617614294,0.00849600169587837,0.008279219151083919,0.008073659583268984,0.007878470632152046,0.007692884120616274,0.007516205912082479,0.0073478071998337125,0.007187116998168128,0.007033615645084566,0.006886829162793373,0.006746324345194732,0.006611704466114841,0.006482605518671096,0.006358692910092167,0.006239658549527302,0.006125218275029939,0.006015109574590727,0.005909089562816581,0.005806933180299947,0.005708431587631632,0.005613390730101062,0.005521630051997937,0.005432981342809181,0.005347287699943796,0.005264402594081547,0.005184189025808289,0.005106518763355359,0.00503127165197838,0.004958334988172917,0.004887602950594538,0.004818976082721336,0.004752360821355931,0.004687669066491477,0.00462481778823479,0.00456372866723758,0.00450432776529887,0.004446545223190815,0.004390314983202304,0.004335574533994056,0.004282264675738762,0.00423032930365124,0.004179715208386114,0.0041303718915240185,0.0040822513951436845,0.004035308143959756,0.003989498799223612,0.003944782123114522,0.0039011188529582486,0.0038584715843547213,0.003816804662506604,0.0037760840810772134,0.0037362773879952805,0.0036973535976568984,0.0036592831089783235,0.0036220376289113182,0.0035855901009689906,0.003549914638379424,0.0035149864615331107,0.0034807818394035745,0.003447278034649234,0.0034144532521208637,0.003382286590549193,0.0033507579971662205,0.003319848225065829,0.0032895387931132698,0.003259811948217815,0.003230650629822719,0.0032020384364428124,0.0031739595941343408,0.8420782161238786,0.8422116868433844,0.8423449321425711,0.8424779525920296,0.8426107487604266,0.8428756705191307,0.8430077972372234,0.843139701929842,0.8432713851561532,0.843402847473448,0.8435340894371488,0.843665111600818,0.8437959145161652,0.8439264987330549,0.8440568647995147,0.8443169446641149,0.8444466595491931,0.8445761584577325,0.8447054419286889,0.8448345104992264,0.8449633647047248,0.845092005078787,0.8452204321532464,0.845348646458174,0.8454766485218861,0.8457320180301975,0.8458593865227197,0.8459865448698868,0.8461134935913482,0.846240233205042,0.8463667642272011,0.8464930871723605,0.8466192025533644,0.8467451108813732,0.8468708126658699,0.8471215986339163,0.8472466838281089,0.8473715645000888,0.8474962411510564,0.847620714280576,0.8477449843865817,0.8478690519653853,0.8479929175116817,0.8481165815185562,0.8482400444774906,0.8484863692094899,0.8486092319575609,0.8487318956077167,0.8488543606435199,0.8489766275469686,0.849098696798502,0.849220568877008,0.8493422442598282,0.8494637234227647,0.8495850068400862,0.8498269883273296,0.8499476873381777,0.8500681924852752,0.850188504235316,0.8503086230534973,0.8504285494035254,0.8505482837476218,0.8506678265465293,0.8507871782595173,0.8509063393443888,0.8511440914536913,0.8512626833864447,0.8513810865077376,0.8514993012681242,0.8516173281167266,0.8517351675012401,0.8518528198679391,0.8519702856616823,0.8520875653259189,0.8522046593026937,0.8524382919550496,0.8525548315077492,0.8526711871272351,0.8527873592486137,0.8529033483056204,0.8530191547306246,0.8531347789546352,0.8532502214073059,0.8533654825169404,0.8534805627104983,0.8537101820505302,0.8538247220442474,0.8539390828163849,0.8540532647872576,0.8541672683758675,0.8542810939999086
1.2747474747474747,0.054461374959604215,0.04614704715223565,0.040049667706003884,0.0353867844373309,0.03170539871149561,0.02872508280028796,0.0262629490530647,0.024194633865693156,0.022432622107756078,0.02091354075227928,0.019590371100405766,0.018427492924379854,0.017397427761525544,0.016478638437168458,0.0156540056573954,0.014909750476978892,0.014234657474839223,0.013619505081110189,0.01305664135395409,0.012539663647149535,0.01206317364980044,0.01162258789023553,0.011213989582219148,0.010834011663117957,0.010479743620331612,0.010148656647001786,0.009838543053869156,0.009547466866362144,0.009273723270471728,0.009015805111046445,0.008772375052366166,0.00854224231553226,0.008324343137175607,0.008117724274338623,0.007921529014323778,0.007734985257317448,0.007557395321938934,0.007388127190814053,0.007226606962173127,0.007072312320411294,0.006924766867222495,0.006783535184290914,0.006648218519264623,0.006518451006507846,0.006393896344430866,0.006274244868753101,0.006159210966268908,0.006048530784332079,0.0059419601969928106,0.005839272995452044,0.005740259273625298,0.005644723985699786,0.0055524856536976076,0.005463375208015209,0.005377234944538154,0.005293917585523904,0.005213285431767451,0.0051352095964006484,0.005059569311025056,0.004986251296247809,0.0049151491902020995,0.00484616302825818,0.004779198769222535,0.004714167862943779,0.004650986855349465,0.004589577026923784,0.004529864061665873,0.004471777743398162,0.004415251676853399,0.004360223031264693,0.004306632304243599,0.004254423104326253,0.004203541950216708,0.00415393808537937,0.004105563306797153,0.004058371806237391,0.004012320023409534,0.003967366509691809,0.003923471801700685,0.0038805983038101566,0.003838710178937142,0.003797773246861924,0.0037577548895989677,0.0037186239630936685,0.003680350714881502,0.0036429067072314414,0.0036062647452783326,0.0035703988098474255,0.0035352839945792048,0.0035008964470579452,0.003467213313622176,0.003434212687618105,0.003401873560838034,0.003370175777904676,0.00333909999342422,0.0033086276316836344,0.0032787408487314124,0.0032494224966879304,0.0032206560901117632,0.003192425774308798,0.8461031359260092,0.8462338260736318,0.846364294443862,0.8464945416007456,0.8466245681064176,0.8468839614031605,0.8470133293090183,0.847142478793255,0.8472714104085705,0.8474001247058016,0.8475286222339299,0.8476569035400894,0.8477849691695742,0.8479128196658466,0.8480404555705443,0.848295085762691,0.8484220811243623,0.8485488640429192,0.8486754350509915,0.8488017946794301,0.8489279434573143,0.8490538819119593,0.8491796105689234,0.8493051299520152,0.8494304405833011,0.8496804376700523,0.8498051251610039,0.8499296059711364,0.8500538806139123,0.8501779496010952,0.8503018134427557,0.8504254726472796,0.850548927721374,0.8506721791700745,0.8507952274967521,0.8510407167892403,0.8511631587535313,0.8512853995927736,0.8514074398021172,0.8515292798750879,0.8516509203035943,0.8517723615779346,0.851893604186802,0.8520146486172929,0.8521354953549122,0.8523765976856398,0.852496854241861,0.8526169150314493,0.852736780532051,0.8528564512197601,0.8529759275691239,0.8530952100531498,0.8532142991433116,0.8533331953095554,0.8534518990203058,0.8536887309414554,0.8538068600811521,0.8539247986239631,0.8540425470307976,0.8541601057610804,0.8542774752727567,0.8543946560222994,0.8545116484647137,0.8546284530535441,0.8547450702408793,0.8549777442121789,0.8550938018930968,0.8552096739664382,0.8553253608771025,0.8554408630685681,0.8555561809828985,0.8556713150607473,0.8557862657413648,0.8559010334626029,0.8560156186609205,0.8562442432277009,0.856358283462168,0.8564721429057347,0.8565858219879791,0.8566993211371193,0.8568126407800193,0.8569257813421934,0.8570387432478126,0.8571515269197091,0.8572641327793817,0.8574888127414169,0.8576008876801582,0.8577127864794436,0.8578245095541841,0.8579360573179887,0.8580474301831692
1.3131313131313131,0.054740859347624765,0.046384320476245425,0.040255982407071955,0.035569421523416224,0.03186933993961132,0.02887388658144563,0.026399245528987217,0.024320421954839487,0.02254945653429433,0.021022654582311815,0.019692758750447927,0.01852396801563589,0.01748866444443071,0.016565201547118522,0.015736373138031588,0.014988330335444935,0.014309800792207655,0.01369151613290647,0.013125785576858917,0.01260617398014861,0.01212725563157635,0.011684423795192205,0.011273741804244817,0.010891825505757036,0.01053574961409923,0.010202972486803288,0.009891275228644763,0.009598712038688355,0.009323569449490135,0.009064332655698915,0.008819657533446854,0.008588347259570884,0.008369332671180832,0.008161655686582257,0.007964455244399973,0.007776955325440331,0.007598454707093162,0.00742831816362082,0.007265968880069885,0.007110881889344389,0.006962578374920377,0.006820620707975955,0.0066846081121263445,0.0065541728642970155,0.006428976955732,0.006308709149933343,0.00619308238395103,0.0060818314654247675,0.005974711029177998,0.005871493717829706,0.005771968559699223,0.005675939518629896,0.005583224195269179,0.00549365266158527,0.005407066412758835,0.005323317423216393,0.005242267294556061,0.005163786485458327,0.005087753614289877,0.005014054826393911,0.0049425832197982035,0.004873238322216216,0.004805925614886828,0.004740556097942042,0.004677045893431383,0.004615315882064367,0.00455529137037742,0.0044969017855441985,0.004440080395043605,0.004384764048946737,0.004330892942620425,0.0042784103981108,0.004227262662430151,0.0041773987212012165,0.00412877012647466,0.004081330837290532,0.004035037072000877,0.003989847171394072,0.003945721471538266,0.0039026221857543864,0.0038605132948268867,0.003819360444839104,0.0037791308519947876,0.003739793213949587,0.0037013176270024317,0.0036636755088529527,0.003626839526386776,0.003590783528144522,0.0035554824811280723,0.0035209124116400503,0.003487050349805501,0.003453874277566017,0.00342136307986729,0.003389496498821016,0.003358255090631098,0.0033276201850896015,0.0032975738474684585,0.0032680988426424208,0.0032391786012917,0.0032107971880417836,0.8499280491517198,0.8500560667857118,0.8501838661970932,0.8503114479433718,0.8504388125801581,0.8506928927382561,0.8508196093613736,0.8509461110786263,0.8510723984362576,0.8511984719786608,0.8513243322483879,0.8514499797861564,0.8515754151308578,0.8517006388195647,0.8518256513875389,0.852075045293327,0.8521994276926782,0.8523236010943862,0.8524475660247717,0.8525713230083893,0.8526948725680358,0.8528182152247564,0.8529413514978531,0.8530642819048913,0.853187006961707,0.8534318430794142,0.8535539551633973,0.8536758639433553,0.8537975699265864,0.8539190736187023,0.8540403755236352,0.8541614761436451,0.8542823759793261,0.8544030755296141,0.8545235752917932,0.8547639774327431,0.8548838807978845,0.8550035863476719,0.8551230945712325,0.8552424059560821,0.8553615209881322,0.8554804401516958,0.8555991639294948,0.8557176928026661,0.855836027250768,0.856072114782144,0.8561898688167009,0.8563074303287666,0.8564247997901037,0.8565419776709349,0.8566589644399487,0.8567757605643063,0.8568923665096475,0.8570087827400968,0.8571250097182699,0.8573568977607413,0.8574725597427808,0.8575880343080384,0.857703321911676,0.8578184230073826,0.8579333380473808,0.8580480674824322,0.8581626117618435,0.8582769713334724,0.8583911466437332,0.8586189462586271,0.8587325714489252,0.8588460141491966,0.858959274798726,0.8590723538353899,0.8591852516956611,0.8592979688146151,0.8594105056259352,0.859522862561919,0.8596350400534826,0.8598588584201433,0.8599705001502185,0.86008196414584,0.8601932508311024,0.8603043606287517,0.8604152939601911,0.8605260512454863,0.860636632903371,0.8607470393512517,0.8608572710052136,0.8610772115891434,0.8611869213447199,0.8612964579576049,0.8614058218373529,0.861515013392228,0.8616240330292083
1.3515151515151516,0.05501977015999334,0.04662109298220474,0.040461849711199926,0.035751652121838014,0.03203290702862314,0.029022342457270676,0.026535215813692906,0.024445902131965274,0.02266599865643667,0.021131489596710056,0.019794879364771912,0.018620186453162182,0.017579653697098224,0.016651525479256604,0.015818508872908903,0.015066685178700657,0.01438472522169779,0.013763313901324854,0.01319472166472405,0.012672480926056107,0.012191138621273126,0.011746064789844524,0.011333302918659065,0.010949451793797456,0.010591571382060492,0.010257107227267295,0.009943829247585776,0.009649781832562583,0.009373242876217642,0.009112689936142384,0.008866772111966958,0.008634286546707804,0.008414158687097162,0.008205425621097558,0.008007221946024512,0.007818767730399166,0.007639358216117577,0.007468354974722424,0.007305178282876943,0.007149300526815663,0.007000240475758566,0.006857558294385882,0.006720851185585154,0.006589749572090004,0.006463913740810662,0.006343030885991767,0.006226812497140378,0.006114992044699785,0.00600732292619561,0.005903576637826955,0.00580354114402905,0.005707019420042353,0.005613828146740543,0.005523796539116245,0.005436765293009801,0.00535258563629564,0.005271118472630065,0.005192233607337496,0.005115809046557823,0.005041730361462319,0.004969890110816753,0.004900187315574733,0.004832526980203834,0.004766819655923943,0.004702981041689694,0.0046409316190055205,0.004580596317659343,0.00452190420878405,0.004464788223188377,0.004409184892327175,0.004355034109831306,0.004302278911782809,0.004250865273943297,0.0042007419245261935,0.004151860171095795,0.004104173740345551,0.00405763862969412,0.004012212969654498,0.003967856896118053,0.003924532431680465,0.0038822033752980195,0.003840835199650537,0.0038003949554476736,0.003760851182300787,0.0037221738255479426,0.003684334158566901,0.003647304710227006,0.0036110591970159706,0.003575572459523113,0.003540820402973353,0.0035067799414808688,0.0034734289457740864,0.0034407461941414275,0.003408711326357402,0.0033773048003970436,0.0033465078517215885,0.003316302454984202,0.0032866712879661775,0.003257597697613896,0.0032290656680162206,0.8535675013819125,0.8536929488395655,0.8538181815416893,0.8539432000392776,0.8540680048814404,0.8543169757865632,0.8544411429383992,0.8545650986125783,0.8546888433489143,0.8548123776853848,0.8549357021581401,0.8550588173015101,0.8551817236480126,0.8553044217283602,0.8554269120714688,0.8556712716526926,0.8557931419397222,0.8559148065873569,0.85603626611564,0.8561575210428632,0.8562785718855738,0.856399419158581,0.8565200633749644,0.856640505046081,0.8567607446815718,0.8570006198757065,0.8571202564451196,0.8572396930004593,0.8573589300428965,0.8574779680719286,0.857596807585387,0.8577154490794446,0.8578338930486216,0.857952139985793,0.8580701903821957,0.85830570350949,0.8584231672147239,0.8585404363278868,0.8586575113321246,0.8587743927089853,0.8588910809384248,0.8590075764988144,0.8591238798669472,0.8592399915180438,0.8593559119257598,0.8595871808978836,0.8597025304018329,0.8598176905414975,0.8599326617828017,0.8600474445901426,0.8601620394263961,0.8602764467529234,0.8603906670295771,0.8605047007147073,0.8606185482651679,0.8608456867820508,0.8609589786547538,0.8610720862053611,0.861185009883336,0.8612977501366813,0.861410307411946,0.8615226821542307,0.8616348748071931,0.8617468858130551,0.8618587156126071,0.8620818333488242,0.8621931221599684,0.8623042315137721,0.8624151618439583,0.8625259135828529,0.8626364871613915,0.8627468830091239,0.8628571015542202,0.8629671432234766,0.86307700844232,0.8632962112236666,0.8634055496302298,0.8635147132745111,0.8636237025751758,0.8637325179495531,0.8638411598136411,0.8639496285821124,0.8640579246683194,0.8641660484842992,0.8642740004407794,0.864489390411632,0.8645968292409567,0.8647040978406966,0.8648111966151071,0.8649181259671651,0.8650248862985732
1.38989898989899,0.055297916481649674,0.046857203841285645,0.0406671308503001,0.035933354332267325,0.03219599139284595,0.02917035261875216,0.026670770999028575,0.0245709929641574,0.02278217340750369,0.02123997621566171,0.01989666814129225,0.018716087631896472,0.01767033863033291,0.01673755665920979,0.015900362259897896,0.01514476708631986,0.014459385274107044,0.013834855111383635,0.013263408367636747,0.012738545094038045,0.012254784940315129,0.011807474777851521,0.011392638295574653,0.011006857260211778,0.010647176926776192,0.01031103005648304,0.0099961754088924,0.00970064758713426,0.009422715868033924,0.009160850190404912,0.008913692894400678,0.008680035103550183,0.008458796887482014,0.008249010515463402,0.008049806254262104,0.007860400269397874,0.007680084276044338,0.007508216650660117,0.007344214768934955,0.007187548376701943,0.007037733834723756,0.006894329106615772,0.006756929379439359,0.006625163226265511,0.006498689233842812,0.006377193031005019,0.0062603846631713745,0.006147996266874075,0.006039780005400539,0.005935506231244122,0.0058349618475995735,0.0057379488434672644,0.005644282982232803,0.005553792623967602,0.0054663176671470816,0.0053817085949110655,0.005299825614651793,0.005220537879927204,0.005143722786180297,0.005069265331750688,0.004997057537496447,0.0049269979188482395,0.004858991004664676,0.004792946898329035,0.004728780876696608,0.00466641302315434,0.004605767891544622,0.004546774197885136,0.00448936453711549,0.004433475122863914,0.004379045547760981,0.004326018562608962,0.004274339872584282,0.004223957949110663,0.0041748238558882355,0.004126891087823825,0.004080115421917646,0.004034454778946229,0.003989869095100859,0.0039463202027127465,0.0039037717193830374,0.003862188944784374,0.0038215387645363125,0.003781789560610117,0.00374291112773027,0.0037048745953213802,0.003667652354574288,0.0036312179902394815,0.0035955462168052134,0.0035606128187164305,0.0035263945943596288,0.003492869303525722,0.0034600156181017034,0.0034278130757813274,0.0033962420365484247,0.003365283641766803,0.003334919775690876,0.0033051330292257486,0.0032759066657881575,0.0032472245891276286,0.8570346611835687,0.8571576354251821,0.8572803982915437,0.8574029503271715,0.8575252920747148,0.8577693468668509,0.8578910609874707,0.8580125669720764,0.8581338653540933,0.8582549566651254,0.8583758414349633,0.8584965201915916,0.8586169934611975,0.8587372617681768,0.8588573256351434,0.8590968421306233,0.8592162957955176,0.8593355470931759,0.8594545965374105,0.8595734446402956,0.8596920919121749,0.8598105388616688,0.8599287859956817,0.8600468338194088,0.8601646828363444,0.8603997864553509,0.8605170420559656,0.8606341008468906,0.8607509633232184,0.8608676299783821,0.8609841013041627,0.8611003777906959,0.8612164599264788,0.8613323481983768,0.8614480430916306,0.8616788546750851,0.8617939723277036,0.8619088985265273,0.8620236337487736,0.8621381784700752,0.8622525331644868,0.8623666983044913,0.8624806743610068,0.8625944618033926,0.8627080610994557,0.8629346971161207,0.8630477347646337,0.8631605861226589,0.8632732516503382,0.8633857318062995,0.8634980270476624,0.8636101378300453,0.8637220646075702,0.8638338078328702,0.8639453679570951,0.8641679406995374,0.8642789542126919,0.8643897864146569,0.864500437749256,0.8646109086588653,0.8647211995844188,0.8648313109654158,0.864941243239925,0.865050996844592,0.8651605722146433,0.8653791899847508,0.8654882332482217,0.8655971000039175,0.8657057906800603,0.8658143057034876,0.8659226454996586,0.8660308104926596,0.8661388011052096,0.8662466177586654,0.8663542608730277,0.8665690281577244,0.8666761531613268,0.8667831062923825,0.8668898879641912,0.8669964985887286,0.8671029385766518,0.867209208337304,0.8673153082787204,0.8674212388076331,0.8675270003294764,0.8677380179672337,0.8678432748875734,0.8679483644097054,0.8680532869326518,0.8681580428541676,0.8682626325707458
1.4282828282828284,0.05557513672891153,0.04709251699304546,0.040871708478608784,0.03611442511806647,0.032358501290448066,0.029317834465821035,0.02680583603516224,0.024695625742192827,0.022897917478355723,0.02134805578395438,0.01999807047685804,0.018811620508341825,0.017760671354038738,0.016823250006270496,0.01598189073940307,0.015222535772932849,0.01453374272593842,0.013906103417272686,0.013331811056842524,0.012804333431506172,0.01231816298771355,0.01186862349966219,0.011451718918671994,0.011064014043799753,0.010702539463261955,0.010364715195194552,0.010048288873525395,0.009751285345503053,0.009471965296529461,0.009208791070847393,0.008960398268772991,0.008725572013074556,0.008503227012552794,0.008292390732586823,0.008092189122584073,0.007901834456973518,0.0077206149348186814,0.007547885747466501,0.0073830613783118105,0.007225608940785435,0.0070750423947262275,0.006930917509295261,0.006792827461896482,0.006660398981477506,0.006533288959978003,0.0064111814654442345,0.006293785103652146,0.006180830681413491,0.006072069131326328,0.005967269665840332,0.005866218129999339,0.005768715529775964,0.00567457671370348,0.005583629189544676,0.00549571206088062,0.005410675068415527,0.005328377725303606,0.005248688535444229,0.00517148428537035,0.005096649402343556,0.00502407537100058,0.004953660202734006,0.004885307952259181,0.004818928276490505,0.004754436031483622,0.004691750903708959,0.004630797072269496,0.004571502899059958,0.004513800644222433,0.004457626204522026,0.004402918872495141,0.004349621114533472,0.004297678366084761,0.004247038842577028,0.004197653364550167,0.00414947519582054,0.0041024598936806,0.004056565169803524,0.004011750761281526,0.003967978310770654,0.003925211255063208,0.003883414721358098,0.0038425554306818566,0.003802601607857979,0.0037635228974572782,0.0037252902853860403,0.0036878760255780896,0.0036512535714550943,0.00361539751178519,0.0035802835106052895,0.0035458882509289253,0.0035121893819452282,0.003479165469472451,0.003446795949432091,0.0034150610841167106,0.0033839419210833456,0.003353420254465246,0.0033234785885557184,0.003294100103498684,0.003265268622952352,0.860341479289266,0.8604620722246745,0.8605824570795524,0.8607026343919931,0.8608226046982366,0.8610619264278696,0.8611812789145418,0.8613004265215971,0.8614193697761257,0.8615381092034109,0.8616566453269374,0.8617749786683987,0.861893109747705,0.8620110390829907,0.8621287671906219,0.8623636217795893,0.8624807492848842,0.8625976776104569,0.8627144072639449,0.8628309387512616,0.8629472725766046,0.8630634092424623,0.8631793492496213,0.8632950930971736,0.863410641282524,0.8636411526478434,0.8637561168142486,0.8638708872913384,0.8639854645681868,0.8640998491322223,0.8642140414692351,0.8643280420633843,0.8644418513972043,0.8645554699516115,0.8646688982059116,0.8648951857233991,0.8650080459372032,0.8651207177521473,0.8652332016395826,0.8653454980692893,0.865457607509483,0.8655695304268213,0.8656812672864104,0.8657928185518112,0.8659041846850463,0.8661263633954533,0.866237176889034,0.8663478070832789,0.8664582544326119,0.8665685193899564,0.866678602406741,0.8667885039329056,0.866898224416908,0.8670077643057295,0.8671171240448812,0.8673353048489053,0.867444126797503,0.867552770363894,0.8676612359863283,0.8677695241016213,0.8678776351451605,0.8679855695509101,0.8680933277514176,0.8682009101778194,0.8683083172598466,0.8685226071027079,0.8686294907160285,0.8687362006899584,0.868842737447287,0.868949101409432,0.8690552929964457,0.8691613126270193,0.8692671607184896,0.8693728376868439,0.8694783439467254,0.8696888459929564,0.8697938426019214,0.8698986701476554,0.8700033290381629,0.8701078196801364,0.8702121424789618,0.8703162978387241,0.8704202861622117,0.8705241078509224,0.8706277633050683,0.870834577104116,0.8709377362430595,0.8710407307355316,0.8711435609753923,0.8712462273552465,0.8713487302664489
1.4666666666666668,0.055851294323450464,0.0473269174896663,0.04107548350849228,0.03629477751798839,0.0325203593318355,0.02946471835568885,0.026940347677445273,0.02481974259464351,0.023013177573366135,0.021455678949145143,0.020099040453035042,0.018906742180790945,0.017850611636099023,0.016908567669248403,0.01606305859611065,0.015299957449822075,0.014607765534994368,0.013977028367273166,0.013399900734943094,0.012869818275844307,0.01238124633045542,0.01192948565839518,0.01151052054360838,0.011120898878623187,0.010757636637208745,0.010418141139564263,0.010100148934143205,0.009801675147052482,0.00952097190323799,0.009256493978998937,0.00900687025931874,0.008770879887548417,0.008547432230761043,0.00833554996787665,0.00813435474608832,0.007943054962740186,0.0077609353134152305,0.007587347815551371,0.007421704070803559,0.007263468569476477,0.0071121528791465395,0.006967310582315636,0.006828532853853573,0.006695444585406146,0.006567700979942208,0.006444984550331997,0.006327002467965359,0.006213484214477649,0.006104179496463389,0.005998856390181431,0.0058972996864188965,0.005799309411539102,0.005704699502514715,0.005613296617989594,0.005524939069319723,0.005439475857473334,0.005356765803932818,0.005276676765142302,0.005199084920976823,0.005123874129631572,0.005050935341431052,0.004980166065570628,0.004911469884300721,0.004844756009669287,0.004779938878412374,0.004716937781513497,0.00465567652465967,0.004596083116933888,0.004538089484856281,0.0044816312094585475,0.004426647284251588,0.0043730798922563575,0.004320874200150006,0.0042699781682335215,0.004220342374797419,0.004171919853439089,0.004124665942460176,0.004078538145199095,0.004033496000368445,0.0039895009616274235,0.003946516285594757,0.0039045069276292888,0.003863439444761767,0.0038232819052106876,0.0037840038039310526,0.0037455759838338804,0.0037079705620873178,0.0036711608612555336,0.003635121344832586,0.0035998275568835626,0.003565256065460241,0.0035313844095506814,0.003498191049281063,0.003465655319166554,0.0034337573841612796,0.003402478198349712,0.0033717994660690093,0.0033417036053113858,0.003312173713249116,0.0032831935337352637,0.8634988261950631,0.8636171249921324,0.8637352189193522,0.8638531085084526,0.863970794289325,0.8642055565368068,0.8643226340540775,0.8644395098644592,0.8645561844887688,0.864672658446032,0.8647889322534907,0.8649050064266105,0.8650208814790887,0.8651365579228616,0.8652520362681118,0.8654824006950539,0.8655972877884117,0.8657119788065938,0.8658264742511276,0.8659407746218316,0.866054880416823,0.866168792132524,0.8662825102636696,0.8663960353033151,0.8665093677428426,0.866735456778749,0.8668482143495908,0.8669607812692542,0.8670731580208622,0.8671853450859063,0.8672973429442544,0.867409152074157,0.867520772952254,0.8676322060535819,0.86774345185158,0.8679653834234,0.8680760701361763,0.8681865714235445,0.8682968877510594,0.8684070195827185,0.8685169673809682,0.8686267316067112,0.8687363127193122,0.8688457111766043,0.8689549274348959,0.8691728151721237,0.8692814875561083,0.869389979551202,0.8694982916061823,0.8696064241683398,0.8697143776834834,0.8698221525959471,0.869929749348596,0.870037168382832,0.8701444101386001,0.8703583635672643,0.8704650761128196,0.8705716131252377,0.8706779750372683,0.87078416228024,0.870890175284066,0.8709960144772495,0.8711016802868898,0.8712071731386885,0.8713124934569539,0.8715226181831925,0.8716274234328719,0.8717320578324419,0.8718365217993338,0.8719408157496199,0.8720449400980196,0.8721488952579042,0.8722526816413031,0.8723562996589086,0.8724597497200818,0.8726661476039506,0.8727690962387595,0.8728718785413737,0.8729744949145773,0.8730769457598555,0.8731792314773988,0.873281352466109,0.873383309123604,0.8734851018462231,0.8735867310290318,0.873789500349145,0.8738906412702592,0.8739916202191927,0.8740924375847202,0.8741930937543726,0.8742935891144428
1.5050505050505052,0.05612627406232164,0.04756030842867599,0.04127837245560189,0.0364743383068067,0.0326815003894846,0.029610945714575898,0.027074252764751044,0.024943294905458734,0.023127908947246874,0.021562804301303116,0.02019953956284594,0.01900141669466712,0.017940125780729992,0.016993477966120954,0.01614383595414962,0.015377003870337642,0.014681426931378272,0.014047604536475322,0.013467653206705319,0.012934976560462797,0.012444012941353777,0.01199004018703022,0.011569022993539346,0.011177492414659485,0.010812449868601779,0.010471290028838192,0.010151738402927078,0.009851800434980842,0.00956971972401082,0.00930394350875344,0.009053093985962466,0.00881594434372192,0.00859139862871088,0.008378474752694105,0.008176290078086417,0.007984049140721117,0.007801033146576969,0.007626590952460479,0.007460131289443751,0.0073011160354807016,0.007149054375373418,0.007003497713888989,0.006864035231342189,0.006730289989570798,0.006601915509323525,0.006478592754505574,0.0063600274679682335,0.006245947811494647,0.0061361022705627155,0.006030257789882817,0.0059281981101393846,0.005829722282156787,0.0057346433348987825,0.005642787081352113,0.00555399104387574,0.005468103486642284,0.00538498254224784,0.005304495422270215,0.005226517702443724,0.0051509326741017636,0.005077630755452739,0.005006508955506377,0.004937470385964957,0.004870423815769821,0.004805283264079727,0.004741967627927033,0.004680400341119955,0.004620509061342941,0.004562225382826135,0.00450548457215183,0.004450225325032903,0.004396389542222751,0.0043439221227073044,0.004292770772741087,0.0042428858292998806,0.00419422009667747,0.004146728695095692,0.004100368920391974,0.004055100113697712,0.00401088354043298,0.003967682277775917,0.003925461109934223,0.0038841864305994168,0.003843826152017425,0.003804349620155697,0.003765727535472266,0.003727931878939415,0.0036909358427879486,0.0036547137657435558,0.0036192410723854896,0.0035844942162665456,0.0035504506266166775,0.003517088658301867,0.003484387544836598,0.003452327354231526,0.003420888947476433,0.003390053939473923,0.0033598046622659306,0.0033301241303870716,0.003300996008208672,0.8665166115150096,0.8666326988900419,0.8667485845235846,0.8668642689410732,0.8669797526661202,0.8672101201242717,0.8673250048955568,0.867439691050777,0.8675541791045474,0.8676684695697062,0.8677825629573236,0.8678964597767083,0.8680101605354158,0.8681236657392557,0.868236975892299,0.8684630130536336,0.8685757410614421,0.8686882760175034,0.8688006184173079,0.8689127687546516,0.8690247275216438,0.8691364952087139,0.8692480723046186,0.8693594592964493,0.869470656669639,0.869692484493577,0.8698031159069626,0.8699135596269955,0.8700238161309216,0.8701338858943705,0.8702437693913617,0.870353467094312,0.8704629794740418,0.8705723069997822,0.8706814501391813,0.8708991851216751,0.8710077778922123,0.8711161881313064,0.8712244162987914,0.8713324628529577,0.8714403282505591,0.8715480129468188,0.8716555173954366,0.871762842048594,0.8718699873569618,0.8720837417344925,0.8721903516974973,0.8722967841034082,0.8724030393954337,0.8725091180153084,0.8726150204032992,0.8727207469982112,0.8728262982373941,0.8729316745567478,0.873036876390729,0.8732467583332177,0.873351439303474,0.8734559475118673,0.873560283385725,0.8736644473509669,0.87376843983211,0.8738722612522751,0.8739759120331917,0.8740793925952042,0.8741827033572779,0.8743888171506053,0.8744916210129425,0.874594256737519,0.8746967247364866,0.8747990254206514,0.8749011591994788,0.8750031264810992,0.8751049276723138,0.8752065631785991,0.8753080334041132,0.8755104796228976,0.875611456417938,0.875712269535758,0.8758129193740014,0.8759134063290251,0.8760137307959042,0.876113893168437,0.8762138938391505,0.8763137331993052,0.8764134116389003,0.8766122873101331,0.8767114853155086,0.8768105239478102,0.8769094035908067,0.8770081246270354,0.8771066874378075
1.5434343434343436,0.056399979060190605,0.04779260836920083,0.04148030520314394,0.03665304602552497,0.03284186983776081,0.02975646744734076,0.027207506768895034,0.025066241981748148,0.023242074173008703,0.021669397228836554,0.020299535646258842,0.019095614040383384,0.018029185683895315,0.01707795449144892,0.016224197931816793,0.015453651526799703,0.014754704653245037,0.014117810797151955,0.013535048381439896,0.01299978914639518,0.012506444557877843,0.012050269632749846,0.011627209565795342,0.011233778646353791,0.010866963801116212,0.0105241471127754,0.010203043096819249,0.009901647557957654,0.009618195606995346,0.009351126978397255,0.009099057210185335,0.008860753561204382,0.008635114781816078,0.00842115403719076,0.008217984424027134,0.00802480663351108,0.007840898397965423,0.007665605426876966,0.007498333593686932,0.007338542175570648,0.007185737985081898,0.007039470258764169,0.006899326191214789,0.00676492702251319,0.006635924598634903,0.006511998341458182,0.006392852571456418,0.006278214136449911,0.006167830306191882,0.006061466898764538,0.005958906609583711,0.005859947517968128,0.005764401749162389,0.005672094274028451,0.005582861829474634,0.005496551946120468,0.005413022070739602,0.0053321387728753845,0.0052537770267338125,0.0051778195594275,0.0051041562592791636,0.005032683637371431,0.004963304336895624,0.004895926685666946,0.004830464287112455,0.004766835646070452,0.0047049638260866335,0.004644776135002471,0.004586203836242324,0.004529181883300109,0.004473648675425276,0.004419545832348524,0.0043668179865529655,0.004315412591336673,0.004265279743461422,0.004216372018918335,0.004168644320824263,0.004122053738415105,0.004076559416119475,0.004032122431957512,0.0039887056844511515,0.003946273787415442,0.0039047929719254588,0.0038642309949488613,0.0038245570541042273,0.0037857417080620543,0.0037477568021716213,0.0037105753989131896,0.003674171712807753,0.0036385210494631138,0.0036035997484462146,0.0035693851297160834,0.003535855443339072,0.003502989822279859,0.0034707682380351124,0.003439171458909104,0.0034081810107698314,0.0033777791400877917,0.0033479487791258406,0.0033186735131257262,0.8694038878531584,0.8695178423435271,0.8696315981403107,0.8697451557627263,0.8698585157281836,0.870084644748872,0.8701974148299556,0.8703099893058013,0.8704223686848986,0.8705345534739758,0.8706465441780079,0.8707583413002243,0.870869945342116,0.8709813568034435,0.8710925761822437,0.8713144406758392,0.871425086778159,0.8715355427730154,0.8716458091499397,0.871755886396784,0.8718657749997283,0.8719754754432877,0.8720849882103192,0.8721943137820295,0.8723034526379811,0.8725211721126838,0.8726297536824046,0.8727381504383209,0.8728463628518812,0.8729543913929323,0.8730622365297255,0.8731698987289234,0.8732773784556068,0.8733846761732814,0.8734917923438844,0.8737054818838215,0.873812056169247,0.8739184507397965,0.8740246660496637,0.8741307025515126,0.8742365606964848,0.8743422409342054,0.8744477437127892,0.8745530694788478,0.8746582186774948,0.8748679891455609,0.874972611297777,0.8750770586481885,0.8751813316345156,0.8752854306930186,0.8753893562585032,0.8754931087643277,0.8755966886424076,0.8757000963232228,0.8758033322358227,0.8760092904654607,0.8761120136335007,0.8762145667353408,0.8763169501929687,0.8764191644269769,0.8765212098565686,0.8766230868995636,0.8767247959724039,0.8768263374901595,0.876927711866534,0.8771299608431548,0.8772308362640264,0.8773315461847785,0.877432091012366,0.8775324711524106,0.8776326870092068,0.8777327389857263,0.8778326274836243,0.8779323529032443,0.8780319156436238,0.878230554676312,0.8783296317602127,0.8784285477480672,0.8785273030324617,0.8786258980047076,0.8787243330548469,0.8788226085716574,0.8789207249426577,0.8790186825541124,0.879116481791037,0.8793116066751432,0.8794089330861562,0.8795061026503118,0.8796031157464558,0.8796999727522146,0.8797966740440007
1.581818181818182,0.056672328164302434,0.04802374914802113,0.0416812231116773,0.036830849315777986,0.03300142206539198,0.029901242593380704,0.02734007257047829,0.025188549929307223,0.023355642101452592,0.02177542894932078,0.020399001980772283,0.019189309305622838,0.018117768035161453,0.017161975362789024,0.01630412392729923,0.01552988097253868,0.014827580300773562,0.014187629702693843,0.013602069683971452,0.013064240258246516,0.012568526140919316,0.012110159636800129,0.011685066531855286,0.01128974443050252,0.010921165836870004,0.01057670030261404,0.010254051403151323,0.009951205349776036,0.009666388805305697,0.009398034035538643,0.009144749951379467,0.008905297910852594,0.008678571392784573,0.008463578838431947,0.008259429098939714,0.008065319039408816,0.007880522934462937,0.0077043833616919745,0.0075363033503058775,0.007375739588988818,0.007222196529348111,0.007075221249927004,0.006934398969353803,0.006799349114254616,0.00666972186386843,0.006545195105382666,0.0064254717436878096,0.00631027731884399,0.006199357890623297,0.006092478155906538,0.005989419769738388,0.005889979844584867,0.005793969606202962,0.00570121318736099,0.005611546543279967,0.005524816474463504,0.005440879745104162,0.005359602285863883,0.005280858472177724,0.005204530469618186,0.005130507639166385,0.005058685996318899,0.004988967718038917,0.004921260693101567,0.00485547811109702,0.004791538086608054,0.004729363314613694,0.004668880754833594,0.004610021341420316,0.004552719716306314,0.004496913983638384,0.004442545483486421,0.004389558583080068,0.004337900483999703,0.004287521043902873,0.004238372611557858,0.004190409874019022,0.004143589714909817,0.00409787108287856,0.004053214869432014,0.004009583795303663,0.003966942304712665,0.003925256466892695,0.003884493884275015,0.003844623606833305,0.0038056160521155536,0.003767442930510345,0.00373007717535074,0.0036934928775454534,0.003657665224301855,0.0036225704417425387,0.003588185741071067,0.0035544892680569357,0.003521460055593823,0.003489077979120046,0.003457323714700739,0.003426178699589087,0.0033956250950930578,0.0033656457515961148,0.003336224175588352,0.8721689414865679,0.8722808377061414,0.8723925382015504,0.8725040434858751,0.8726153540704034,0.8728373931763123,0.8729481227113804,0.873058659574043,0.8731690042667459,0.8732791572901892,0.8733891191433352,0.8734988903234158,0.8736084713259399,0.8737178626447012,0.8738270647717851,0.874044903410767,0.8741535408983622,0.8742619911456887,0.8743702546364021,0.8744783318524932,0.8745862232742959,0.8746939293804938,0.874801450648128,0.874908787552603,0.8750159405676949,0.8752296968167304,0.8753363009901436,0.875442723153127,0.8755489637714159,0.8756550233091576,0.8757609022289188,0.875866600991692,0.8759721200569023,0.8760774598824137,0.8761826209245366,0.8763924084761251,0.8764970358904991,0.8766014863313141,0.8767057602472074,0.8768098580853011,0.8769137802912088,0.8770175273090414,0.8771210995814138,0.8772244975494514,0.8773277216527956,0.8775336500165907,0.8776363551489632,0.877738888160498,0.8778412494835124,0.8779434395488763,0.8780454587860197,0.8781473076229378,0.8782489864861975,0.8783504958009427,0.878451835990901,0.8786540106843187,0.8787548460282026,0.8788555139281603,0.8789560148009238,0.879056349061843,0.8791565171248927,0.8792565194026765,0.8793563563064337,0.8794560282460447,0.8795555356300363,0.8797540583585352,0.8798530745133794,0.8799519277332888,0.8800506184201067,0.8801491469743554,0.8802475137952431,0.8803457192806681,0.8804437638272241,0.8805416478302069,0.8806393716836182,0.8808343405112975,0.8809315862671492,0.8810286734366071,0.8811256024072842,0.8812223735655317,0.8813189872964433,0.8814154439838611,0.8815117440103801,0.881607887757354,0.8817038756048992,0.8818953851160164,0.881990907533683,0.8820862755601199,0.8821814895693346,0.8822765499341276,0.8823714570260972
1.6202020202020204,0.05694325376134821,0.048253674026878635,0.04188107741611897,0.037007705508245455,0.03316011921351428,0.030045237187434758,0.027471919418670075,0.02531019069705025,0.023468586981657037,0.021880875691041912,0.02049791651846904,0.019282481956902804,0.018205853641591663,0.017245522581889286,0.016383597013503417,0.015605676247106435,0.0149000387892122,0.014257046965634583,0.013668703555698887,0.01312831700584936,0.012630245416391619,0.012169698493885541,0.011742582713266494,0.011345379078074218,0.010975045742578649,0.010628939790208292,0.010304753911743425,0.010000464773379474,0.00971429063223642,0.00944465632314262,0.009190164163225711,0.00894956963937226,0.008721760985456009,0.008505741942625622,0.008300617137836632,0.008105579629272353,0.007919900251566905,0.007742918465813764,0.007574034471455802,0.007412702381793447,0.007258424299264266,0.007110745155432354,0.006969248202600078,0.006833551063317003,0.006703302258471552,0.006578178148209379,0.006457880229013232,0.00634213273972812,0.006230680536258748,0.006123287199934998,0.006019733350627554,0.005919815138864938,0.005823342895434529,0.005730139919212752,0.0056400413876673185,0.005552893374905149,0.005468551965959523,0.005386882455768127,0.005307758624050767,0.005231062077676429,0.005156681652973116,0.005084512872293691,0.0050144574487101445,0.004946422834168446,0.004880321806587262,0.004816072092146232,0.004753596019246139,0.0046928202011191,0.004633675244355666,0.004576095480877149,0.004520018721224459,0.00446538602721542,0.004412141502172395,0.004360232097198269,0.004309607432080436,0.004260219629487828,0.004212023161509561,0.004164974707188082,0.004119033020386139,0.004074158807045806,0.004030314610984972,0.003987464707693416,0.003945575005377193,0.0039046129527129537,0.0038645474527665424,0.0038253487826826866,0.0037869885185588537,0.0037494394652531583,0.0037126755906679338,0.0036766719642086854,0.0036414046991286265,0.0036068508984267483,0.0035729886040988573,0.003539796749472991,0.0035072551144151544,0.0034753442832159893,0.003444045604961048,0.003413341156226078,0.003383213705929168,0.0033536466822038525,0.8748193717725459,0.8749292806506256,0.8750389966975186,0.8751485204202532,0.8752578523240815,0.8754759426871955,0.8755847021481756,0.8756932717936535,0.8758016521201172,0.8759098436223247,0.8760178467933115,0.8761256621243981,0.8762332901051977,0.876340731223623,0.8764479859658942,0.8766619382584352,0.8767686367727473,0.8768751508390046,0.8769814809350727,0.8770876275371678,0.8771935911198644,0.8772993721561013,0.8774049711171895,0.8775103884728189,0.8776156246910652,0.8778255555796824,0.8779302511781963,0.8780347674956268,0.8781391049920824,0.878243264126098,0.8783472453546426,0.8784510491331255,0.8785546759154028,0.8786581261537841,0.8787614002990393,0.878967422105591,0.8790701706607866,0.8791727449106678,0.8792751452984023,0.8793773722656577,0.8794794262526061,0.8795813076979316,0.8796830170388363,0.879784554711046,0.8798859211488174,0.8800881420507596,0.8801889973761508,0.8802896831895564,0.880390199917977,0.8804905479869801,0.8805907278207065,0.8806907398418758,0.8807905844717928,0.8808902621303528,0.8809897732360484,0.8811882974558345,0.881287311399946,0.881386160451247,0.8814848450213008,0.8815833655203025,0.8816817223570842,0.8817799159391209,0.881877946672536,0.8819758149621073,0.8820735212112715,0.8822684491954589,0.8823656717307041,0.8824627338259975,0.8825596358781569,0.8826563782826926,0.8827529614338127,0.8828493857244286,0.8829456515461602,0.8830417592893411,0.8831377093430244,0.8833291379317361,0.8834246172385128,0.883519940399299,0.8836151077968212,0.8837101198125563,0.8838049768267364,0.8838996792183544,0.8839942273651681,0.8840886216437059,0.8841828624292721,0.8843708850166122,0.8844646675629161,0.8845582981053179,0.8846517770130731,0.884745104654242,0.8848382813956949
1.6585858585858588,0.05721269991119762,0.04848233611570383,0.042079827861391875,0.037183579419993125,0.033317930103032745,0.030188423289195115,0.027603022048516133,0.025431141265462625,0.023580887706049936,0.02198571799463156,0.020596261234249482,0.019375115228386388,0.018293426852206283,0.017328581491220976,0.016462603424496996,0.015681024387566276,0.014972067883827496,0.014326051014020147,0.013734939030495257,0.013192008979409467,0.012691592485677701,0.012228876777881472,0.011799749121639707,0.011400674007227867,0.01102859531479131,0.010680857725541297,0.010355143103107778,0.010049418618780535,0.009761894168512093,0.009490987195370178,0.009235293457607763,0.008993562601886851,0.008764677644913017,0.00854763765235741,0.008341543049629434,0.00814558310783756,0.007959025239766009,0.00778120580664405,0.00761152219301231,0.007449425950338452,0.007294416844405254,0.007146037671002128,0.007003869726670791,0.006867528839245161,0.00673666188009468,0.0066109436903853,0.006490074365581593,0.006373776850241986,0.0062617948027317485,0.006153890694741704,0.0060498441163974815,0.005949450261432945,0.005852518570317179,0.005758871512525822,0.005668343491837329,0.005580779859751266,0.005496036025780082,0.005413976652433499,0.005334474927023959,0.005257411900500473,0.005182675887354549,0.0051101619194264015,0.005039771248347186,0.004971410891522643,0.004904993217367116,0.004840435565727885,0.0047776599003250975,0.004716592489790251,0.004657163614858223,0.004599307299062613,0.004542961060901288,0.004488065685427716,0.004434565013427221,0.004382405746849005,0.004331537268855934,0.004281911477272875,0.004233482630293883,0.004186207203486392,0.004140043756963846,0.004094952812055265,0.0040508967366251125,0.004007839638324501,0.003965747265178192,0.003924586912910104,0.0038843273384798283,0.003844938679349636,0.0038063923780478543,0.0037686611116241843,0.003731718725633429,0.0036955401723085058,0.00366010145262176,0.0036253795619401214,0.0035913524390383767,0.003557998918204154,0.003525298684235932,0.0034932322301368507,0.003461780817292029,0.003430926437992952,0.003400651780122277,0.0033709401938767525,0.8773621608826452,0.8774701498872334,0.8775779488792519,0.877685558359766,0.8777929788280813,0.878007254716581,0.8781141111266443,0.8782207805042814,0.8783272633401116,0.8784335601230395,0.878539671340263,0.8786455974772804,0.8787513390178978,0.8788568964442363,0.8789622702367399,0.8791724688336742,0.8792772945906707,0.8793819386189785,0.8794864013907625,0.8795906833765539,0.8796947850452561,0.8797987068641527,0.8799024492989139,0.8800060128136039,0.8801093978706874,0.880315634453938,0.8804184868970999,0.8805211627166579,0.8806236623671829,0.8807259863016867,0.8808281349716298,0.8809301088269271,0.881031908315955,0.8811335338855577,0.881234985981054,0.8814373715234142,0.8815383058533464,0.8816390684753217,0.8817396598271283,0.8818400803450674,0.8819403304639593,0.8820404106171499,0.8821403212365173,0.8822400627524772,0.88233963559399,0.8825382769622724,0.8826373463397388,0.8827362487441633,0.882834984597319,0.8829335543195596,0.8830319583298251,0.8831301970456483,0.8832282708831608,0.883326180257098,0.8834239255808056,0.8836189257240019,0.8837161813632852,0.8838132745919403,0.8839102058164505,0.884006975441944,0.8841035838721992,0.8842000315096505,0.8842963187553939,0.8843924460091921,0.8844884136694807,0.8846798717966675,0.8847753630538491,0.8848706962980989,0.8849658719212976,0.885060890314031,0.8851557518655955,0.8852504569640032,0.8853450059959875,0.8854393993470085,0.8855336374012576,0.8857216491498958,0.8858154236063732,0.8859090442902654,0.8860025115795002,0.8860958258507674,0.8861889874795251,0.8862819968400037,0.8863748543052113,0.8864675602469386,0.8865601150357643,0.8867447726309912,0.8868368761725319,0.8869288300314591,0.8870206345723628,0.8871122901586501,0.8872037971525497
1.696969696969697,0.05748062075354725,0.04870969702707076,0.042277441538682244,0.037358442330443525,0.0334748293174566,0.030330778156921992,0.027733359926678056,0.02555138295393633,0.023692527173378154,0.022089940118501246,0.020694021569997667,0.019467195601666716,0.018380475067924062,0.01741114031107649,0.016541132115851634,0.015755915012527075,0.01504365780354842,0.014394632613318113,0.0138007673733944,0.013255307901366958,0.012752559493635438,0.012287687023145786,0.011856558651967488,0.011455622447931555,0.011081808095172008,0.010732447941359888,0.010405213081842961,0.010098061245457535,0.00980919401297315,0.009537021476134888,0.009280132870407076,0.009037272034392767,0.008807316796098173,0.008589261571612834,0.008382202607679268,0.008185325409237094,0.00799789398607826,0.007819241616377877,0.007648762885483154,0.007485906796957359,0.007330170792754188,0.007181095544750628,0.007038260404281158,0.006901279414469005,0.006769797806152975,0.006643488909874634,0.006522051427767944,0.0064052070172955855,0.00629269814576502,0.0061842861813472694,0.006079749690098311,0.0059788829141744606,0.005881494408660212,0.005787405818142442,0.0056964507769354,0.005608473918044881,0.005523329979005113,0.005440882993568913,0.00536100555967578,0.0052835781754966915,0.005208488636574257,0.005135631486916774,0.005064907519244314,0.004996223318814457,0.004929490846762783,0.004864627058784955,0.00480155355587689,0.004740196263970359,0.004680485139746282,0.004622353900028313,0.0045657397728973625,0.004510583268124606,0.004456827965429819,0.004404420318998316,0.00435330947664598,0.004303447112554735,0.004254787272262282,0.00420728622894863,0.004160902350023437,0.004115595973259215,0.00407132929150714,0.004028066245501544,0.00398577242397548,0.003944414970542939,0.003903962496849021,0.003864385001452443,0.00382565379404257,0.0037877414245622854,0.0037506216168967017,0.0037142692067453353,0.0036786600834182643,0.003643771135247783,0.003609580198347609,0.0035760660085143287,0.003543208156003999,0.0035109870430308616,0.003479383843764291,0.0034483804666736806,0.0034179595190553086,0.003388104273594182,0.8798037352108067,0.8799098685570703,0.8800158146371221,0.8801215739461559,0.8802271469776212,0.8804377361729682,0.8805427533150957,0.8806475861361615,0.8807522351210073,0.880856700752776,0.880960983512919,0.8810650838812031,0.881169002335719,0.8812727393528875,0.8813762954074675,0.8815828665196292,0.8816858825184826,0.8817887194373051,0.8818913777426524,0.8819938578994609,0.8820961603710552,0.8821982856191539,0.8823002341038778,0.8824020062837562,0.8825036026157337,0.8827062695558828,0.8828073410700824,0.8829082385484507,0.8830089624401113,0.8831095131926441,0.8832098912520914,0.8833100970629647,0.8834101310682514,0.8835099937094211,0.8836096854264319,0.8838085578402933,0.8839077394095625,0.8840067517995225,0.884105595442672,0.8842042707700365,0.8843027782111745,0.8844011181941847,0.8844992911457108,0.884597297490949,0.8846951376536532,0.8848903211193027,0.884987665262601,0.8850848449040837,0.8851818604603859,0.8852787123467373,0.8853754009769672,0.8854719267635116,0.885568290117418,0.8856644914483518,0.8857605311646018,0.8859521273793588,0.8860476846876133,0.8861430820006904,0.8862383197200827,0.8863333982459409,0.886428317977079,0.8865230793109796,0.8866176826438004,0.8867121283703786,0.8868064168842371,0.8869945238413476,0.8870883430651219,0.8871820066372323,0.8872755149447111,0.887368868373308,0.8874620673074959,0.8875551121304767,0.8876480032241855,0.8877407409692967,0.8878333257452289,0.8880180379009814,0.8881101660334062,0.8882021427018705,0.8882939682795908,0.8883856431385584,0.8884771676495443,0.8885685421821047,0.8886597671045852,0.8887508427841264,0.8888417695866687,0.8890231780185457,0.8891136603738035,0.8892039953039181,0.8892941831689019,0.8893842243275949,0.8894741191376716
1.7353535353535354,0.05774697914501121,0.04893572572469641,0.042473891888497484,0.037532271102272176,0.03363079642055167,0.0304722835394376,0.027862916605061395,0.025670900831891923,0.023803491740215073,0.022193529529986575,0.020791185959777483,0.019558712358621434,0.018466988321809548,0.017493189745361817,0.016619174390590543,0.015830339965569738,0.015114800882035269,0.014462784543114258,0.013866181770951398,0.013318207332639378,0.012813140344951702,0.012346123451858084,0.011913005820363443,0.011510219189083284,0.011134679127012126,0.010783705717600884,0.010454959349611983,0.010146388362686616,0.009856186069554391,0.00958275525258867,0.009324678661340902,0.00908069435923028,0.008849675015037766,0.00863061042185937,0.008422592671177112,0.008224803523366995,0.008036503604282952,0.00785702312689502,0.007685753892921159,0.007522142372600975,0.007365683697226455,0.007215916426818767,0.00707241797850414,0.006934800620933244,0.006802707953610059,0.006675811805058876,0.006553809492003697,0.0064364213920545645,0.006323388788294954,0.0062144719515845005,0.0061094484297450815,0.0060081115187814605,0.005910268893322912,0.005815741377880657,0.005724361841593845,0.005635974203041754,0.005550432531595817,0.0054676002357912125,0.005387349327568188,0.005309559755559261,0.0052341187991710005,0.00516092051738104,0.005089865246591211,0.00502085914241062,0.004953813760997048,0.004888645676018655,0.004825276127847523,0.004763630701654357,0.004703639031884738,0.004645234530440491,0.004588354136612294,0.004532938086449738,0.004478929700079618,0.004426275185317368,0.00437492345598635,0.004324825963909944,0.004275936543147348,0.004228211265649365,0.004181608307244471,0.004136087823143484,0.004091611832211881,0.004048144109203559,0.0040056500844602196,0.003964096750358787,0.003923452574048136,0.003883687415974192,0.0038447724537440226,0.003806680110913832,0.0037693839903909666,0.0037328588119999013,0.0036970803540298087,0.003662025398379612,0.0036276716790928205,0.0035939978340279494,0.003560983359438219,0.0035286085672653817,0.003496854544958215,0.0034657031176430486,0.0034351368124846877,0.0034051388250993598,0.8821500195927531,0.882254358437566,0.8823585126923681,0.8824624828465747,0.8825662693878725,0.8827732935738918,0.882876532185412,0.8829795891176361,0.8830824648497214,0.8831851598591417,0.8832876746216944,0.8833900096115086,0.8834921653010515,0.8835941421611365,0.88369594066093,0.8838990044481164,0.8840002706656719,0.8841013603832751,0.8842022740619653,0.8843030121611767,0.8844035751387467,0.884503963450922,0.8846041775523659,0.8847042178961649,0.8848040849338362,0.8850033008890535,0.8851026507018452,0.8852018289990132,0.8853008362243266,0.8853996728200246,0.8854983392268236,0.8855968358839234,0.8856951632290139,0.8857933216982814,0.8858913117264157,0.8860867881905955,0.8861842754885925,0.8862815960693717,0.8863787503602335,0.8864757387870186,0.8865725617741154,0.8866692197444656,0.8867657131195704,0.8868620423194968,0.8869582077628838,0.8871500490474894,0.887245725718899,0.8873412402941631,0.8874365931848696,0.8875317848012144,0.8876268155520071,0.8877216858446766,0.887816396085277,0.8879109466784936,0.8880053380276486,0.8881936446002808,0.888287560623638,0.8883813190027048,0.8884749201340729,0.888568364413005,0.8886616522334401,0.888754783987999,0.8888477600679902,0.8889405808634147,0.8890332467629722,0.8892181154228094,0.8893103189540285,0.8894023691312708,0.8894942663368085,0.8895860109516445,0.8896776033555173,0.8897690439269063,0.8898603330430374,0.8899514710798877,0.8900424584121912,0.8902239824559063,0.8903145199106144,0.8904049081473789,0.8904951475347931,0.8905852384402371,0.8906751812298831,0.8907649762687003,0.89085462392046,0.89094412454774,0.8910334785119297,0.891211747890685,0.8913006640221319,0.891389434924261,0.891478060952593,0.891566542461489,0.8916548798041553
1.7737373737373738,0.0580117454864955,0.0491603975335575,0.0426691578456681,0.03770504742923416,0.033785815283075414,0.03061292506880864,0.02799167917044319,0.025789683204622636,0.023913770751620232,0.022296476468725138,0.020887745421460133,0.019649657201673554,0.01855295892168689,0.017574722639108562,0.016696723577071016,0.01590429301045615,0.015185491277335197,0.014530501320119238,0.013931177067933818,0.013380702418559454,0.01287333046106812,0.012404181740638143,0.011969086539724552,0.011564460362978517,0.011187204746359385,0.010834627580767238,0.010504378610611613,0.010194396841182871,0.009902867365347385,0.009628185698544478,0.009368928142440247,0.009123827018810489,0.008891749867407928,0.008671681884993834,0.008462711032337993,0.008264015346868126,0.008074852090306846,0.007894548428215813,0.007722493395017975,0.007558130942303636,0.007400953904239798,0.007250498741187835,0.007106340947530598,0.006968091027526681,0.006835390959092754,0.006707911077338844,0.006585347321739384,0.0064674187974429155,0.006353865610279634,0.006244446940157402,0.00613893932260588,0.006037135112969977,0.0059388411105973605,0.005843877324620058,0.005752075863575306,0.005663279935668888,0.005577342946138827,0.005494127681819877,0.00541350557216821,0.005335356019380574,0.005259565789780485,0.00518602846016704,0.0051146439132817734,0.0050453178775549746,0.004977961506503267,0.0049124909940985485,0.004848827222090758,0.0047868954369240735,0.004726624952680011,0.004667948878110537,0.004610803865390668,0.004555129878457044,0.004500869979355821,0.004447970130977609,0.004396379014521501,0.0043460478607151454,0.00429693029339446,0.004248982184462394,0.00420216151925953,0.004156428271526513,0.004111744287137009,0.004068073175848008,0.00402538021052263,0.003983632233188237,0.003942797567337698,0.0039028459361135476,0.0038637483858036904,0.003825477214329306,0.0037880059043128456,0.0037513090603844236,0.0037153623504595657,0.0036801424506244873,0.003645626993448693,0.003611794519425821,0.003578624431353784,0.0035460969514292673,0.003514193080886423,0.0034828945619946234,0.003452183842256984,0.0034220440406696074,0.8844064852996391,0.8845090879230786,0.8846115085646403,0.8847137477080557,0.8848158058353427,0.8850193809610863,0.8851208989150828,0.8852222377640462,0.8853233979815429,0.8854243800394715,0.8855251844080698,0.8856258115559222,0.8857262619499671,0.8858265360555034,0.8859266343361989,0.8861263052696219,0.8862258788415897,0.8863252784272116,0.8864245044821032,0.8865235574602899,0.8866224378142152,0.8867211459947468,0.8868196824511837,0.8869180476312628,0.8870162419811659,0.8872121199674361,0.8873098044884515,0.8874073199486011,0.8875046667863913,0.8876018454388134,0.8876988563413499,0.8877956999279815,0.8878923766311927,0.8879888868819792,0.8880852311098535,0.8882774232075406,0.8883732719290214,0.8884689563309393,0.8885644768354874,0.8886598338634141,0.8887550278340286,0.8888500591652074,0.8889449282734004,0.8890396355736367,0.8891341814795313,0.8893227907557169,0.8894168549462188,0.8895107593828123,0.8896045044721292,0.8896980906194224,0.8897915182285716,0.8898847877020896,0.8899778994411275,0.8900708538454809,0.8901636513135953,0.8903487770281739,0.8904411060648306,0.8905332797456444,0.8906252984623959,0.8907171626055496,0.8908088725642589,0.8909004287263724,0.8909918314784389,0.8910830812057124,0.8911741782921588,0.8913559160720196,0.8914465575269688,0.8915370478641712,0.8916273874612278,0.8917175766944833,0.8918076159390298,0.8918975055687136,0.8919872459561391,0.8920768374726749,0.8921662804884579,0.8923447224921905,0.8924337222143048,0.892522574904006,0.8926112809253518,0.892699840641199,0.8927882544132084,0.8928765226018498,0.8929646455664069,0.893052623664982,0.8931404572545011,0.8933156923282222,0.8934030945204374,0.8934903536196328,0.893577469976924,0.8936644439422793,0.8937512758645236
1.8121212121212122,0.058274896717604344,0.04938369329054033,0.04286322310351293,0.037876757187856845,0.03393987350411896,0.030752691737324898,0.028119637765035153,0.025907721180283075,0.024023356136846648,0.02239877357168537,0.020983693207544243,0.01974002392359656,0.018638381137755334,0.017655733688630222,0.016773774753073623,0.015977769568711917,0.01525572472214996,0.014597778960313128,0.013995749538832774,0.01344278967043593,0.012933126571459713,0.012461858820092382,0.012024797926869817,0.011618343258990027,0.011239382403290444,0.010885211130629869,0.010553468604532481,0.010242084551488229,0.009949235893533215,0.009673310922780025,0.00941287953099539,0.009166668332730039,0.008933539769239336,0.00871247446853001,0.008502556285004577,0.0083029595553802,0.008112938197482917,0.007931816347438543,0.007758980288903443,0.007593871469919252,0.007435980441136691,0.007284841575831551,0.007140028456964248,0.007001149835138506,0.006867846076130382,0.006739786030701356,0.006616664269193257,0.006498198631894936,0.006384128054421218,0.00627421063216311,0.006168221894473651,0.006065953261560389,0.0059672106628527255,0.0058718132968709836,0.005779592515983573,0.005690390822371502,0.0056040609611621075,0.005520465101052799,0.005439474092536406,0.00536096679464561,0.005284829463710085,0.005210955197158703,0.0051392434268258125,0.005069599456436639,0.005001934039405901,0.00493616299209538,0.00487220683993753,0.004809990492565934,0.004749442945645166,0.004690497006568111,0.004633089042121944,0.004577158745711867,0.004522648922907927,0.004469505293080639,0.004417676306210451,0.004367112973263769,0.004317768709095345,0.004269599186739129,0.004222562202195285,0.004176617548827905,0.004131726900529875,0.004087853703051203,0.004044963072731135,0.004003021702119525,0.003961997771929737,0.003921860868810634,0.003882581908518439,0.003844133064083694,0.0038064876985595447,0.0037696203020821818,0.003733506432841649,0.0036981226617450414,0.0036634465204935357,0.0036294564527976636,0.0035961317685561573,0.003563452600758616,0.0035313998649384288,0.003499955221002279,0.003469101037267322,0.003438820356567443,0.8865781926243073,0.8866791145989585,0.8867798571338621,0.8868804207071597,0.8869808057952961,0.8871810424134234,0.887280894887885,0.8873805707661417,0.8874800705162642,0.8875793946046701,0.8876785434961318,0.8877775176537838,0.887876317539129,0.887974943612047,0.8880733963308006,0.8882697835308255,0.8883677189206027,0.8884654827732418,0.8885630755390279,0.8886604976666717,0.8887577496033161,0.8888548317945432,0.8889517446843809,0.8890484887153096,0.8891450643282696,0.8893377120563798,0.8894337850457673,0.8895296913656735,0.889625431449435,0.8897210057288877,0.8898164146343732,0.8899116585947449,0.8900067380373747,0.8901016533881595,0.8901964050715272,0.8903854191264174,0.8904796823395087,0.8905737835683332,0.8906677232300689,0.8907615017404631,0.8908551195138373,0.8909485769630944,0.8910418744997238,0.8911350125338087,0.8912279914740303,0.8914134737006425,0.8915059777974453,0.8915983244212214,0.8916905139737369,0.891782546855392,0.8918744234652276,0.8919661442009302,0.8920577094588381,0.8921491196339474,0.8922403751199168,0.8924224235924221,0.8925132173596422,0.8926038579991025,0.8926943458978618,0.8927846814416754,0.8928748650150012,0.8929648970010041,0.8930547777815623,0.8931445077372722,0.8932340872474539,0.8934127964421649,0.8935019268790011,0.8935909083749342,0.8936797413029826,0.8937684260349202,0.8938569629412819,0.893945352391368,0.8940335947532496,0.8941216903937742,0.89420963967857,0.894385100637425,0.8944726130366918,0.8945599805306551,0.8946472034789241,0.8947342822399194,0.8948212171708768,0.8949080086278538,0.894994656965733,0.895081162538228,0.8951675256978876,0.895339826183101,0.8954257642079723,0.8955115612186524,0.8955972175619384,0.8956827335834912,0.8957681096278396
1.8505050505050507,0.058536415447184444,0.04960559861027136,0.043056075479602884,0.03804738987922285,0.03409296191247841,0.030891575448146007,0.028246785178823904,0.026025008291531218,0.02413224206257953,0.022500415550138722,0.021079024503285516,0.019829808124885613,0.018723250938436613,0.017736219189845182,0.01685032450785454,0.016050766493754743,0.015325498309322394,0.014664614773407667,0.014059896692257934,0.013504466778714244,0.012992526533921356,0.01251915270242987,0.012080138136453223,0.011671866164203204,0.011291210507768996,0.010935454891691739,0.010602227962757655,0.01028945022511856,0.009995290479645091,0.0097181298386702,0.009456531823257786,0.009209217375234962,0.00897504386839354,0.008752987389623901,0.008542127711971126,0.008341635493992661,0.008150761329748837,0.00796882634447065,0.007795214087643847,0.00762936351898702,0.0074707629195298764,0.007318944588034535,0.007173480207844331,0.0070339767862993875,0.006900073086989034,0.006771436485323681,0.0066477601908082285,0.006528760786548816,0.0064141760449815755,0.006303762983720516,0.0061972961319099375,0.00609456598038197,0.0059953775938500166,0.005899549365112468,0.005806911895215935,0.005717306984362394,0.005630586721526355,0.0055466126612567935,0.0054652550784344755,0.005386392292258425,0.00530991005217469,0.005235700979127004,0.005163664056771536,0.005093704166813333,0.005025731664840358,0.004959661992033935,0.004895415319555507,0.004832916222351459,0.004772093379568314,0.004712879299101833,0.004655210064012213,0.004599025098938915,0.004544266954420593,0.004490881107845013,0.004438815779351727,0.00438802176149273,0.004338452261397793,0.004290062754459105,0.004242810848482389,0.004196656157534633,0.004151560184593807,0.004107486212386372,0.0040643992016755615,0.004022265696458741,0.003981053735523138,0.003940732769854024,0.0039012735854769354,0.003862648231276038,0.003824829951485063,0.003787793122421485,0.003751513193222454,0.0037159666302609535,0.003681130864977027,0.0036469842448892,0.003613505987560558,0.0035806761373162743,0.0035484755245097166,0.0035168857271871607,0.003485889034960657,0.0034554684149651666,0.8886698287578243,0.8887691231067156,0.8888682404940167,0.8889671813923754,0.8890659462727583,0.8892629498550986,0.8893611894906472,0.8894592549754176,0.8895571467720788,0.8896548653416624,0.8897524111435703,0.8898497846355806,0.8899469862738563,0.8900440165129511,0.8901408758058171,0.8903340833567067,0.8904304325126895,0.8905266125183766,0.890622623818817,0.8907184668574998,0.8908141420763608,0.8909096499157899,0.8910049908146371,0.8911001652102198,0.8911951735383292,0.8913846937277022,0.8914792064529773,0.8915735548388151,0.8916677393134752,0.8917617603037307,0.8918556182348741,0.8919493135307242,0.8920428466136321,0.8921362179044879,0.8922294278227271,0.8924153652118593,0.8925080935144052,0.8926006621076519,0.8926930714038541,0.892785321813849,0.8928774137470616,0.8929693476115121,0.8930611238138209,0.8931527427592149,0.8932442048515337,0.8934266600854012,0.8935176540277446,0.8936084927186138,0.8936991765549989,0.893789705932538,0.8938800812455224,0.8939703028869026,0.8940603712482939,0.8941502867199819,0.8942400496909286,0.8944191196798597,0.8945084274691987,0.8945975843005166,0.8946865905562397,0.8947754466175031,0.894864152864157,0.8949527096747718,0.8950411174266433,0.8951293764957984,0.8952174872570001,0.8953932653483094,0.8954809334216722,0.8955684546736026,0.8956558294726239,0.8957430581860276,0.8958301411798777,0.8959170788190162,0.8960038714670681,0.8960905194864466,0.8961770232383582,0.8963495993786023,0.8964356724833584,0.8965216027535049,0.8966073905442888,0.8966930362097804,0.896778540102877,0.8968639025753093,0.8969491239776451,0.8970342046592946,0.897119144968515,0.8972886058569602,0.8973731271269774,0.897457509406159,0.8975417530370683,0.8976258583611435,0.897709825718703
1.888888888888889,0.05879628920242306,0.04982610325116758,0.04324770636734833,0.03821693814585003,0.03424507413612594,0.031029570625669085,0.02837311649313807,0.0261415401718899,0.024240424630011748,0.02260139890846121,0.021173736165117512,0.01991900696996488,0.01880756576012066,0.01781617682124841,0.0169263707367853,0.016123281876410225,0.015394810305341637,0.01473100718748364,0.014123617102229185,0.013565732451500072,0.013051529179791481,0.012576062331989442,0.01213510621804979,0.011725028225267997,0.011342688296780819,0.010985358185006264,0.010650656084754398,0.010336493334872028,0.010041030664866961,0.009762642051799076,0.009499884685179974,0.009251473869183742,0.009016261941298025,0.008793220475312342,0.00858142518799703,0.008380043082551088,0.00818832144970405,0.008005578422351596,0.007831194832711044,0.0076646071673572526,0.007505301451824153,0.007352807923224014,0.007206696376796035,0.007066572087605384,0.006932072226742937,0.006802862703388114,0.006678635374605255,0.0065591055741142735,0.006444009918353191,0.006333104353705471,0.006226162415383239,0.006122973670476126,0.006023342324363856,0.005927085969152368,0.005834034459039913,0.005744028896716118,0.005656920719008822,0.005572570870072394,0.005490849052737651,0.005411633049729739,0.005334808106674939,0.005260266371080949,0.0051879063810985615,0.005117632599006248,0.005049354985067089,0.004982988607551261,0.004918453285572626,0.004855673261433768,0.004794576899713441,0.004735096410648636,0.0046771675953863725,0.004620729611357716,0.004565724755711407,0.004512098265312323,0.004459798131886603,0.004408774930923239,0.004358981663117593,0.004310373607428458,0.004262908184614167,0.0042165448305622345,0.004171244878396501,0.004126971448818604,0.004083689347976776,0.004041364972233158,0.003999966219315769,0.003959462405396527,0.003919824187560221,0.0038810234913251463,0.0038430334428215846,0.0038058283052565534,0.0037693834193930987,0.0037336751477098995,0.003698680822003229,0.003664378694196256,0.003630747890088437,0.0035977683658827376,0.0035654208672839683,0.003533686890978961,0.0035025486483626195,0.0034719890313384006,0.8906857415529664,0.8907834588969165,0.8908810016954524,0.8909783704158237,0.8910755655236137,0.8912694367554952,0.8913661138024885,0.8914626190827185,0.8915589530535476,0.8916551161707158,0.8917511088883484,0.8918469316589621,0.8919425849334734,0.8920380691612044,0.8921333847898909,0.8923235120331806,0.892418324535384,0.8925129702137572,0.8926074495082059,0.8927017628570911,0.8927959106972347,0.8928898934639274,0.8929837115909343,0.8930773655105022,0.8931708556533663,0.8933573463244041,0.8934503477065484,0.8935431870199431,0.8936358646878625,0.8937283811321087,0.8938207367730174,0.8939129320294642,0.8940049673188712,0.8940968430572134,0.8941885596590246,0.8943715171040216,0.8944627587691261,0.8945538429415492,0.8946447700287126,0.8947355404366337,0.8948261545699324,0.8949166128318361,0.8950069156241863,0.8950970633474444,0.8951870564006977,0.8953665800867031,0.8954561115108117,0.8955454898476399,0.895634715489492,0.8957237888273327,0.8958127102507932,0.8959014801481769,0.8959900989064649,0.8960785669113215,0.8961668845471004,0.8963430702423164,0.8964309390639553,0.8965186590409308,0.896606230551124,0.8966936539711381,0.8967809296763036,0.8968680580406838,0.89695503943708,0.8970418742370369,0.8971285628108476,0.8973015027549796,0.8973877548596778,0.8974738622069951,0.8975598251610464,0.8976456440847268,0.8977313193397161,0.8978168512864841,0.8979022402842963,0.8979874866912176,0.8980725908641185,0.8982423739293957,0.898327053529583,0.8984115923113817,0.8984959906257619,0.8985802488225286,0.8986643672503262,0.898748346256643,0.8988321861878169,0.8989158873890394,0.8989994502043605,0.8991661620478197,0.8992493117583933,0.8993323244479453,0.899415200454889,0.8994979401165241,0.8995805437690411
1.9272727272727275,0.05905450977824187,0.05004520056627197,0.043438110261203,0.03838539735400516,0.03439620622846065,0.03116667387893844,0.028498628775269284,0.02625731427262179,0.024347901617459256,0.02270172170676819,0.021267826495602975,0.020007618975422945,0.018891324308350846,0.017895605456431603,0.01700191246380549,0.0161953148748791,0.015463659992087367,0.014796955594397912,0.014186910261950736,0.01362658627449604,0.013110134179234456,0.012632587457710532,0.01218970199233341,0.01177782932961873,0.01139381571960837,0.011034921017351818,0.01069875303100801,0.010383213990956461,0.01008645660628068,0.009806847763009155,0.009542938358562712,0.009293438094985649,0.009057194304488321,0.008833174076096469,0.008620449095876843,0.008418182734176874,0.008225618999090958,0.008042073049838712,0.00786692301831704,0.007699602933699106,0.007539596579753211,0.007386432144862676,0.007239677548054514,0.007098936342826037,0.0069638441177578714,0.006834065325008567,0.006709290477560763,0.006589233667614641,0.006473630362750726,0.006362235444929578,0.006254821461447957,0.006151177061674467,0.006051105596825772,0.005954423863340346,0.005860960973276199,0.005770557336135692,0.005683063740656413,0.005598340524419543,0.005516256821897159,0.00543668988249408,0.0053595244512988196,0.0052846522052401035,0.005211971239820423,0.005141385600504493,0.005072804854648608,0.00500614369998493,0.004941321605765864,0.004878262483717572,0.004816894385844143,0.00475714922654464,0.004698962526824414,0.004642273178594193,0.0045870232271601075,0.004533157670408342,0.004480624273069357,0.004429373394895464,0.00437935783145027,0.0043305326664769194,0.004282855134891794,0.004236284495487883,0.0041907819125915425,0.004146310345901357,0.004102834447912818,0.004060320468272157,0.004018736164541197,0.003978050718911933,0.003938234660332242,0.0038992597917271955,0.0038610991218618646,0.003823726801545016,0.0037871180638347724,0.003751249167965558,0.0037160973467214664,0.0036816407570182037,0.0036478584334672815,0.003614730244704632,0.003582236852309152,0.0035503596721225984,0.0035190808378088617,0.0034883831665109316,0.8926299696864612,0.8927261583815813,0.8928221748874282,0.8929180196659476,0.8930136931774342,0.8932045282322775,0.893299690688035,0.8933946837015763,0.893489507725051,0.8935841632090018,0.893678650602371,0.8937729703525079,0.893867122905176,0.8939611087045596,0.8940549281932709,0.8942420700013083,0.8943353931980613,0.89442855183901,0.8945215463590104,0.8946143771913873,0.8947070447679417,0.8947995495189571,0.8948918918732062,0.8949840722579574,0.8950760910989818,0.8952596458454859,0.8953511825950785,0.8954425594891834,0.8955337769461815,0.8956248353829948,0.8957157352150931,0.8958064768565001,0.8958970607197998,0.8959874872161424,0.8960777567552513,0.8962578265935601,0.8963476277051254,0.8964372734841993,0.8965267643334608,0.8966161006541978,0.8967052828463139,0.8967943113083338,0.8968831864374094,0.8969719086293259,0.8970604782785077,0.8972371615195933,0.8973252758935935,0.897413239289062,0.8975010520937058,0.8975887146939047,0.897676227474718,0.8977635908198901,0.897850805111856,0.8979378707317467,0.8980247880593949,0.8981981793508363,0.8982846540678533,0.8983709819990856,0.8984571635179569,0.8985431989966253,0.8986290888059882,0.8987148333156888,0.89880043289412,0.8988858879084309,0.8989711987245312,0.8991413892195758,0.8992262696241912,0.8993110072819488,0.8993956025526412,0.8994800557948521,0.8995643673659632,0.8996485376221574,0.8997325669184246,0.8998164556085673,0.8999002040452043,0.9000672815625526,0.9001506113426309,0.900233802267948,0.9003168546852813,0.9003997689402546,0.9004825453773427,0.900565184339876,0.9006476861700454,0.9007300512089077,0.9008122797963889,0.9009763289712912,0.9010581502329569,0.9011398363917397,0.9012213877819854,0.9013028047369374,0.9013840875887417
1.9656565656565659,0.059311072672720365,0.050262887026678596,0.04362728434464141,0.038552765230923734,0.03454635634520225,0.03130288370951138,0.028623320811660094,0.026372329619071655,0.024454672252195074,0.022801383346769986,0.021361295048200533,0.020095643826900274,0.0189745263854865,0.017974505001374905,0.017076949686652423,0.016266865571416225,0.015532047525781046,0.014862460218488471,0.014249776457444057,0.013687028590016406,0.013168341926547367,0.012688728520602146,0.012243925944179905,0.011830270002371657,0.011444593338612823,0.011084143985280601,0.010746519429919839,0.010429612851900487,0.010131568990085478,0.00985074768443485,0.009585693579714187,0.009335110811233885,0.009097841737949315,0.00887284899188672,0.00865920025399742,0.008456055284634285,0.008262654830116931,0.008078311094601363,0.007902399526820638,0.007734351713835376,0.007573649211930774,0.007419818173735049,0.007272424653789538,0.00713107049489262,0.0069953897132320865,0.006865045312921583,0.0067397264715118544,0.006619146047400453,0.006503038366621297,0.006391157253367791,0.006283274273353273,0.006179177163883403,0.0060786684274198866,0.005981564069909065,0.00588769246572794,0.005796893335745004,0.005709016824662516,0.005623922667236055,0.005541479433114623,0.005461563841956285,0.0053840601412635004,0.005308859540507066,0.005235859695198654,0.005164964236666014,0.005096082341935561,0.00502912834040078,0.004964021353731133,0.004900684965136546,0.004839046916036299,0.004779038826841243,0.004720595940193885,0.004663656884148413,0.004608163453780868,0.0045540604094715465,0.0045012952904038206,0.0044498182419703425,0.004399581855871335,0.00435054102189241,0.004302652790248044,0.004255876243777323,0.004210172379061484,0.004165503995829426,0.004121835593881177,0.004079133277070355,0.004037364663687442,0.003996498802780983,0.003956506095978037,0.00391735822437703,0.0038790280801242706,0.003841489702333889,0.0038047182170462307,0.00376868978089898,0.003733381528288377,0.0036987715217248513,0.0036648387052069676,0.003631562860356501,0.0035989245651596763,0.0035669051551204967,0.0035354866866651774,0.0035046519026472917,0.8945062696602881,0.8946009759263354,0.8946955123011119,0.8947898792413539,0.8948840772021618,0.8950719679977416,0.8951656617346012,0.8952591882962165,0.8953525481296184,0.895445741680245,0.8955387693919492,0.895631631707006,0.8957243290661184,0.8958168619084259,0.8959092306715101,0.8960934777025902,0.8961853568380248,0.8962770736291269,0.8963686285057941,0.8964600218964078,0.8965512542278393,0.8966423259254567,0.8967332374131314,0.896823989113245,0.8969145814466957,0.8970952896898219,0.8971854064339347,0.8972753654802719,0.8973651672424109,0.8974548121324846,0.897544300561187,0.89763363293778,0.897722809670099,0.89781183116456,0.8979006978261648,0.8980779682637818,0.8981663728427844,0.898254624194924,0.8983427227182249,0.8984306688093348,0.8985184628635295,0.8986061052747198,0.8986935964354565,0.8987809367369368,0.8988681265690099,0.8990420563776274,0.8991287971271826,0.8992153889533645,0.899301832239369,0.8993881273670788,0.8994742747170689,0.8995602746686111,0.8996461275996815,0.8997318338869643,0.8998173939058581,0.899988076633678,0.9000732000870219,0.9001581787608235,0.9002430130241347,0.9003277032447538,0.9004122497892315,0.9004966530228756,0.9005809133097566,0.9006650310127131,0.9007490064933563,0.9009165322280452,0.9010000831992255,0.9010834933823723,0.9011667631330393,0.9012498928055843,0.9013328827531738,0.901415733327788,0.901498444880226,0.9015810177601106,0.9016634523158931,0.9018279078431299,0.9019099295056743,0.9019918142263061,0.9020735623476932,0.9021551742113608,0.9022366501576966,0.9023179905259555,0.9023991956542643,0.9024802658796265,0.9025612015379266,0.9027226704913128,0.902803204452616,0.9028836051793,0.902963873001725,0.9030440082491594,0.9031240112497849
2.004040404040404,0.059565976596269006,0.05047916180724773,0.04381522813211315,0.03871904154971317,0.03469552446271018,0.0314382002577549,0.028747192877520256,0.026486586598444127,0.02456073701767528,0.022900384392323066,0.021454142457175265,0.020183082220085025,0.019057172740968027,0.01805287625264145,0.01715148324550123,0.01633793484302001,0.015599973817485535,0.014927522001446107,0.014312216657724513,0.013747060392256085,0.013226153437916348,0.012744486558208557,0.012297779129757649,0.011882351316823659,0.011495022242552562,0.011133028192537775,0.010793956398539464,0.010475691046815718,0.01017636895655792,0.00989434296630368,0.009628151508732814,0.009376493187036055,0.009138205418520584,0.008912246407058582,0.0086976798535031,0.008493661931505232,0.008299430146127313,0.008114293765292014,0.007937625571690437,0.007768854725738358,0.007607460570510347,0.007452967235710808,0.007304938923260292,0.007162975776212515,0.0070267102482990396,0.006895803904885739,0.00676994459636975,0.0066488439554186485,0.006532235173668727,0.0064198710243046665,0.006311522097697887,0.0062069752248438605,0.006106032064999933,0.006008507838417093,0.005914230186693109,0.0058230381462825356,0.005734781222008528,0.005649318549659174,0.005566518137656882,0.005486256179196053,0.0054084164274919655,0.0053328896273685845,0.00525957299732752,0.0051883697570848574,0.0051191886957567346,0.005051943776909588,0.004986553776703967,0.004922941951998098,0.004861035735542133,0.004800766455667642,0.00474206907840659,0.004684881969653125,0.0046291466758266375,0.004574807721329962,0.004521812421218264,0.004470110707888576,0.00441965497050169,0.004370399906088737,0.004322302381336208,0.004275321304268696,0.004229417504790349,0.004184553623652839,0.0041406940089518,0.00409780461967749,0.004055852935723445,0.004014807873847829,0.0039746397091669095,0.003935320001730675,0.0038968215278047625,0.0038591182155233794,0.0038221850845845395,0.003785998189689467,0.0037505345674649594,0.0037157721866264266,0.0036816899011285088,0.0036482674061364246,0.0036154851965732233,0.0035833245281196658,0.0035517673804547384,0.003520796422617362,0.8963181400218677,0.8964114080621021,0.8965045084527754,0.8965974416455076,0.8966902080902979,0.8968752425279904,0.896967511412853,0.8970596153337088,0.8971515547325621,0.8972433300498394,0.8973349417243962,0.897426390193525,0.8975176758929613,0.8976087992568907,0.8976997607179562,0.8978811996543937,0.8979716779873986,0.8980619961328188,0.8981521545156846,0.8982421535595245,0.8983319936863708,0.8984216753167669,0.8985111988697736,0.8986005647629757,0.8986897734124885,0.8988677206375983,0.8989564600381365,0.8990450438448797,0.8991334724666922,0.8992217463110064,0.8993098657838299,0.8993978312897515,0.8994856432319474,0.8995733020121872,0.8996608080308406,0.8998353633779003,0.8999224135000986,0.9000093124483063,0.900096060615982,0.9001826583952202,0.9002691061767569,0.900355404349976,0.9004415533029144,0.9005275534222684,0.9006134050933996,0.900784664625798,0.9008700732511646,0.9009553349565185,0.9010404501206318,0.9011254191209759,0.9012102423337266,0.9012949201337702,0.9013794528947087,0.9014638409888652,0.9015480847872899,0.9017161409748095,0.9017999540996866,0.9018836244004074,0.9019671522417362,0.9020505379871965,0.9021337819990763,0.9022168846384326,0.9022998462650975,0.9023826672376827,0.9024653479135848,0.9026302897988835,0.902712551717045,0.9027946747560637,0.9028766592673381,0.9029585056010824,0.903040214106331,0.9031217851309441,0.9032032190216122,0.9032845161238608,0.9033656767820559,0.9035275901379795,0.903608343518684,0.9036889618212975,0.903769445384459,0.9038497945456768,0.9039300096413329,0.9040100910066875,0.9040900389758842,0.9041698538819543,0.9042495360568209,0.9044085035351277,0.904487789496918,0.904566944044214,0.9046459675034698,0.9047248602000587,0.9048036224582782
2.0424242424242425,0.05981922304400822,0.05069402642587553,0.044001943157027906,0.038884227854817106,0.03484371213343449,0.031572625081429835,0.02887024653470051,0.026600086775381913,0.024666097479818863,0.022998726410715764,0.02154637029004875,0.02026993572225856,0.019139264941279883,0.018130720776449883,0.017225514704483223,0.01640852425245785,0.0156674404281588,0.014992142502086421,0.014374232419685289,0.013806683235118116,0.013283570265970965,0.012799863119954085,0.012351263095874832,0.011934074817079563,0.011545103973015574,0.01118157517741252,0.010841065472232259,0.010521450107960049,0.010220858034923721,0.009937635135204133,0.009670313668459702,0.009417586741922104,0.00917828686268821,0.008951367834589496,0.00873588940414733,0.00853100418106808,0.008335946449935612,0.008150022561351809,0.007972602648898748,0.0078031134619582455,0.007641032144454709,0.007485880816211741,0.007337221838400623,0.007194653665143142,0.007057807197718757,0.0069263425718446405,0.0067999463196665,0.0066783288555693565,0.006561222244159321,0.006448378214375716,0.006339566387427831,0.006234572693865911,0.0061331979550945616,0.006035256610749059,0.0059405755742874145,0.0058489932021589565,0.005760358363417182,0.0056745295986815325,0.005591374358748077,0.0055107683137363295,0.005432594725707832,0.00535674387785339,0.0052831125544245796,0.0052116035661771455,0.005142125316824405,0.005074591406377036,0.0050089202677798495,0.004945034833556921,0.004882862229799928,0.004822333494672616,0.004763383319319803,0.004705949809137949,0.004649974263521792,0.004595400972378205,0.004542177028080891,0.004490252151399119,0.004439578530231184,0.004390110670102912,0.004341805255377401,0.004294621020332845,0.004248518629287529,0.004203460565034812,0.004159411024936951,0.004116335824041282,0.004074202304729372,0.0040329792523284835,0.0039926368162494265,0.0039531464362663506,0.003914480773508374,0.0038766136458405604,0.0038395199673006337,0.003803175691301809,0.0037675577573373442,0.0037326440409147944,0.0036984133065358477,0.0036648451634524615,0.0036319200240653633,0.0035996190647384113,0.003567924188896668,0.003536817992237135,0.8980688431316904,0.898160715244845,0.8982524218956475,0.898343963530694,0.8984353405949749,0.8986176027832167,0.8987084887891942,0.8987992119884541,0.8988897728180657,0.8989801717135346,0.8990704091088109,0.8991604854362953,0.8992504011268465,0.8993401566097875,0.899429752312913,0.899608466083294,0.8996975849985572,0.8997865458300334,0.8998753489979757,0.8999639949211492,0.900052484016837,0.9001408167008472,0.9002289933875189,0.9003170144897296,0.9004048804189007,0.9005801483965692,0.9006675512606886,0.9007548005830247,0.9008418967678157,0.900928840217882,0.9010156313346327,0.9011022705180715,0.9011887581668024,0.901275094678037,0.9013612804475993,0.9015332013381049,0.9016189372438155,0.9017045239774005,0.9017899619278392,0.9018752514827593,0.9019603930284432,0.9020453869498339,0.9021302336305407,0.9022149334528449,0.9022994867977054,0.9024681555723552,0.9025522717575026,0.9026362429759345,0.9027200696020837,0.9028037520090951,0.9028872905688304,0.9029706856518742,0.9030539376275392,0.9031370468638715,0.9032200137276566,0.9033855217984532,0.9034680637327788,0.9035504647491958,0.9036327252082649,0.9037148454693179,0.9037968258904627,0.9038786668285886,0.9039603686393717,0.9040419316772794,0.9041233562955765,0.904285791680412,0.9043668031475096,0.9044476775961251,0.9045284153735835,0.9046090168260369,0.9046894822984691,0.9047698121347013,0.9048500066773963,0.9049300662680638,0.9050099912470648,0.905169438725799,0.9052489619005558,0.9053283518137027,0.9054076087999307,0.9054867331928107,0.9055657253247987,0.9056445855272403,0.9057233141303747,0.9058019114633402,0.9058803778541786,0.9060369191161839,0.9061149946379915,0.9061929405189624,0.9062707570817226,0.9063484446478286,0.9064260035377719
2.080808080808081,0.060070815923024067,0.05090748442889211,0.04418743270014621,0.039048327223023156,0.0349909222720909,0.031706160964242246,0.02899248445568695,0.02671283273008851,0.024770756140362393,0.023096411834650846,0.02163798091900239,0.020356206651955477,0.019220805257386533,0.01820804080005037,0.01729904625172897,0.016478635952144112,0.015734449477493584,0.015056323810051364,0.014435825804908731,0.013865899155029147,0.013340594421826842,0.012854860194549622,0.012404379809980897,0.011985442450494186,0.011594840458311939,0.011229786850394202,0.01088784854436312,0.010566891912441485,0.010265038086777827,0.009980626037405555,0.009712181891398346,0.009458393294732335,0.009218087876099837,0.008990215067582035,0.008773830686799282,0.008568083802477817,0.008372205499267933,0.00818549922947111,0.008007332494439554,0.007837129648025598,0.00767436564927507,0.007518560620968641,0.00736927509526727,0.007226105848418587,0.007088682239129268,0.006956662982747568,0.006829733301449108,0.006707602399313482,0.006590001221262187,0.006476680458541122,0.006367408769546429,0.006261971190088136,0.006160167709137663,0.006061811990727401,0.0059667302249042055,0.0058747600924307555,0.0057857498306710855,0.005699557389013319,0.005616049664082943,0.005535101806360917,0.005456596589888444,0.005380423839214459,0.005306479907105881,0.005234667198005408,0.005164893732706566,0.005097072750002801,0.005031122341803283,0.004966965118445791,0.004904527901308892,0.0048437414401900315,0.004784540153185396,0.004726861886872689,0.004670647695180441,0.004615841635043455,0.004562390577590304,0.004510244033312905,0.0044593539901524515,0.004409674763357074,0.004361162856129165,0.004313776830134087,0.004267477185163848,0.004222226247068092,0.0041779880634475386,0.004134728306334021,0.004092414181491723,0.004051014343645599,0.004010498817318392,0.003970838922782605,0.003932007206767467,0.0038939773775838694,0.0038567242442875916,0.0038202236596589973,0.0037844524666759295,0.0037493884482491086,0.003715010279992167,0.0036812974858061293,0.003648230396093648,0.0036157901084163946,0.003583958450435449,0.0035527179449781976,0.8997614247633134,0.8998519414482455,0.8999422948052714,0.9000324852760551,0.9001225133006691,0.9003020837637674,0.9003916270745065,0.9004810096835995,0.9005702320232709,0.9006592945241965,0.9007481976155101,0.9008369417248111,0.9009255272781707,0.9010139547001389,0.9011022244137515,0.901278292400522,0.9013660915122402,0.9014537345927368,0.9015412220575763,0.9016285543208487,0.9017157317951763,0.9018027548917199,0.9018896240201852,0.9019763395888301,0.9020629020044694,0.9022355689968209,0.9023216743800104,0.9024076282231616,0.9024934309259741,0.9025790828867433,0.9026645845023659,0.9027499361683469,0.9028351382788049,0.902920191226479,0.9030050954027339,0.9031744589996124,0.9032589191961499,0.9033432321731082,0.9034273983150719,0.9035114180052874,0.9035952916256684,0.9036790195568019,0.9037626021779538,0.9038460398670747,0.9039293330008057,0.9040954871021484,0.9041783488165449,0.9042610674691328,0.9043436434300895,0.9044260770683165,0.9045083687514446,0.9045905188458399,0.9046725277166083,0.9047543957276022,0.9048361232414245,0.904999158221755,0.9050804664072735,0.9051616355336513,0.905242665957327,0.9053235580335226,0.9054043121162473,0.9054849285583041,0.9055654077112941,0.9056457499256222,0.9057259555505015,0.9058859584228397,0.9059657563628133,0.9060454190983774,0.9061249469728635,0.9062043403284414,0.9062835995061247,0.9063627248457747,0.9064417166861066,0.9065205753646931,0.90659930121797,0.9067563557886807,0.9068346851733429,0.9069128830671618,0.9069909498009585,0.9070688857044453,0.9071466911062303,0.907224366333822,0.9073019117136337,0.9073793275709889,0.9074566142301247,0.9076108012452849,0.9076877022443953,0.9077644753314671,0.9078411208253755,0.9079176390439372,0.9079940303039138
2.1191919191919193,0.06032076122673949,0.051119541116128576,0.04437170155197001,0.03921134405438003,0.0351371589704771,0.031838811745438754,0.02911391027437241,0.026824827921207946,0.024874716306816844,0.023193443842178044,0.021728977408640326,0.020441897973254654,0.01930179656423679,0.01828483911909573,0.017372080611045494,0.016548272600578243,0.015801003564397523,0.015120068469602977,0.014496999307556751,0.013924710598791617,0.013397228310111935,0.012909480146476509,0.012457131599034006,0.012036456508876033,0.01164423395736891,0.011277665439330032,0.010934307813472328,0.01061201863108225,0.010308911256452058,0.010023317792760602,0.009753758273428328,0.00949891491877757,0.009257610510269108,0.009028790136925051,0.008811505712515988,0.008604902787519986,0.008408209267876807,0.008220725725763711,0.008041817047469995,0.007870905206852423,0.007707462991950496,0.007551008541551154,0.007401100570809687,0.007257334188633184,0.007119337221163979,0.006986766972740429,0.006859307363834094,0.006736666396121994,0.006618573901976399,0.006504779541722159,0.006395051017163755,0.00628917247515115,0.006186943077603654,0.006088175717857659,0.005992695867312785,0.005900340535408111,0.0058109573319013366,0.005724403618641872,0.005640545741870118,0.005559258335627489,0.005480423689153992,0.005403931171307472,0.005329676706109382,0.005257562294377444,0.005187495576428217,0.005119389432158981,0.005053161614675473,0.004988734414164079,0.004926034349289351,0.004864991883367769,0.004805541163168146,0.004747619778147939,0.0046911685383122905,0.00463613126918781,0.0045824546220447305,0.004530087898468538,0.004478982887734803,0.0044290937160465105,0.0043803767065974265,0.004332790249579364,0.004286294681303815,0.00424085217170351,0.004196426619569236,0.004152983554856731,0.004110490047588836,0.004068914622730385,0.0040282271807194105,0.003988398923101718,0.003949402282955261,0.0039112108597306895,0.0038737993581877206,0.003837143531120857,0.003801220125617978,0.0037660068325915076,0.0037314822393390568,0.0036976257849643374,0.0036644177184023447,0.0036318390589213934,0.0035998715589091097,0.003568497668792731,0.9013987317834417,0.9014879318369902,0.9015769706459992,0.90166584864729,0.9017545662761076,0.9019315221494633,0.9020197612566727,0.9021078417167661,0.9021957639572118,0.9022835284039443,0.9023711354813704,0.9024585856123762,0.9025458792183343,0.9026330167191098,0.9027199985330677,0.9028934967665293,0.9029800140153214,0.9030663772358859,0.9031525868391859,0.9032386432347236,0.9033245468305474,0.9034102980332576,0.9034958972480132,0.9035813448785384,0.9036666413271286,0.9038367822805807,0.9039216275829474,0.9040063232984005,0.9040908698221868,0.9041752675481614,0.9042595168687942,0.9043436181751767,0.9044275718570267,0.9045113783026955,0.9045950378991732,0.9047619180857469,0.9048451394430718,0.9049282154856754,0.9050111465938315,0.9050939331464887,0.9051765755212753,0.9052590740945056,0.9053414292411852,0.9054236413350174,0.9055057107484078,0.9056694230170351,0.9057510666106484,0.9058325690005841,0.9059139305528461,0.9059951516321746,0.9060762326020513,0.906157173824705,0.9062379756611167,0.9063186384710257,0.906399162612934,0.9065597963206047,0.9066399065972348,0.90671987962761,0.9067997157641273,0.9068794153579784,0.9069589787591544,0.9070384063164517,0.9071176983774764,0.9071968552886496,0.9072758773952128,0.9074335185696044,0.907512138322061,0.9075906246391735,0.9076689778603585,0.9077471983238822,0.9078252863668655,0.9079032423252894,0.9079810665339983,0.9080587593267065,0.9081363210360021,0.9082910525291042,0.9083682229724992,0.9084452636516669,0.9085221748936354,0.9085989570243351,0.908675610368603,0.9087521352501872,0.9088285319917514,0.9089048009148799,0.9089809423400818,0.9091328439733928,0.9092086048171842,0.9092842394344229,0.9093597481403087,0.9094351312489932,0.9095103890735835
2.1575757575757577,0.06056906674966958,0.05133020330097055,0.04455475580499227,0.039373283889578455,0.035282427331312066,0.031970582175280336,0.02923452844762407,0.02693607655906365,0.02497798197934816,0.02328982625117905,0.021819363418026386,0.020527013205740224,0.01938224225670044,0.018361119016595824,0.0174446209649821,0.016617437289398747,0.01586710569782046,0.015183379413912155,0.014557755790667298,0.013983120366425477,0.013453474670709658,0.012963725660421888,0.012509521096282132,0.012087119577539098,0.011693287010328695,0.011325213442022673,0.010980445737511653,0.010656832684192341,0.010352479929023582,0.010065712752307894,0.009795045133618492,0.00953915390253928,0.009296857024930247,0.00906709527455772,0.008848916686732773,0.008641463316616827,0.008443959911649939,0.008255704182844048,0.008076058418192493,0.007904442226924688,0.007740326240456634,0.00758322662614197,0.007432700293749872,0.007288340695879247,0.007149774135987147,0.007016656516452858,0.0068886704645388765,0.006765522787271192,0.00664694221175875,0.006532677373910405,0.006422495025257649,0.006316178429428617,0.0062135259265232445,0.0061143496444498215,0.0060184743403730425,0.005925736356760969,0.005835982679873333,0.005749070087916871,0.005664864380172424,0.005583239677604117,0.005504077787832478,0.005427267626937761,0.00535270469305858,0.005280290585912204,0.00520993256779028,0.005141543162072968,0.005075039785231478,0.005010344409400022,0.004947383252428922,0.004886086493050984,0.0048263880084628485,0.004768225132624775,0.0047115384332884515,0.004656271505973871,0.004602370783573474,0.004549785360093206,0.004498466827441705,0.004448369123997074,0.004399448394102731,0.004351662857597646,0.004304972688367286,0.004259339901434868,0.004214728247750249,0.004171103116110273,0.004128431441663242,0.004086681620470735,0.004045823429688178,0.004005827952901513,0.003966667510267974,0.003928315593087134,0.0038907468024985837,0.003853936791958493,0.003817862213287948,0.003782500665988667,0.003747830649627375,0.0037138315190505334,0.0036804834422548955,0.003647767360723554,0.003615664952058022,0.003584158594756486,0.9029834281279743,0.9030713487365144,0.903159110134431,0.9032467127537912,0.9033341570251008,0.9035085722378225,0.9035955440324991,0.9036823591856677,0.903769018120129,0.9038555212571635,0.903941869016538,0.9040280618165129,0.9041141000738486,0.9041999842038125,0.9042857146201855,0.9044567159598894,0.9045419877034092,0.9046271073737291,0.9047120753772965,0.9047968921191116,0.9048815580027342,0.9049660734302895,0.9050504388024748,0.9051346545185662,0.905218720976424,0.9053864077018418,0.9054700287581025,0.9055535021335435,0.9056368282190419,0.905720007404097,0.9058030400768357,0.905885926624019,0.9059686674310475,0.9060512628819681,0.9061337133594792,0.9062981809183615,0.9063801987584419,0.9064620731425428,0.90654380444671,0.9066253930456758,0.9067068393128654,0.9067881436204022,0.9068693063391132,0.9069503278385354,0.9070312084869205,0.907192548697197,0.9072730089892181,0.9073533298904729,0.9074335117628722,0.9075135549670751,0.9075934598624942,0.9076732268073013,0.9077528561584325,0.9078323482715934,0.9079117035012648,0.908070004721968,0.9081489514158833,0.9082277626320864,0.9083064387190112,0.9083849800238981,0.9084633868927985,0.9085416596705802,0.9086197987009325,0.908697804326371,0.9087756768882431,0.9089310241808636,0.9090084995885083,0.9090858432863891,0.9091630556100845,0.9092401368940342,0.9093170874715436,0.9093939076747887,0.9094705978348208,0.9095471582815714,0.9096235893438568,0.90977606462475,0.9098521094954569,0.9099280262859064,0.9100038153194091,0.9100794769181886,0.9101550114033855,0.9102304190950627,0.9103057003122091,0.9103808553727446,0.9104558845935244,0.9106055667779418,0.9106802203700065,0.9107547493791788,0.9108291541170569,0.9109034348942011,0.9109775920201375
2.195959595959596,0.06081574183834546,0.051539479099698055,0.04473660267303581,0.03953415325037233,0.03542673333030634,0.032101477787236155,0.02935434414120901,0.027046583500666084,0.025080557751757087,0.02338556342820045,0.02190914311494249,0.020611556342176658,0.019462146172436214,0.018436884191528984,0.01751667088765274,0.016686133479675767,0.015932759235670804,0.015246259906943076,0.014618098432663928,0.014041131556143678,0.013509336528513858,0.013017599692920441,0.012561551194832044,0.012137434490295964,0.011742002395555704,0.011372433584815623,0.01102626499394215,0.010701336703080646,0.010395746691977672,0.0101078134624191,0.00983604497911929,0.009579112715963884,0.009335829854691882,0.009105132881423306,0.008886065978232145,0.008677767727752273,0.008479459739274631,0.008290436881159824,0.008110058860077858,0.007937742935946448,0.007772957597341629,0.007615217053013331,0.0074640764193610555,0.007319127503045975,0.007179995094947441,0.007046333704401886,0.006917824673895757,0.006794173623604507,0.006675108182419787,0.006560375968700103,0.006449742789613886,0.006342991031412987,0.006239918217706292,0.006140335715849312,0.0060440675734248885,0.00595094947044193,0.005860827773501894,0.005773558680956937,0.005689007448741599,0.005607047688099133,0.0055275607280670215,0.005450435034939328,0.005375565683674207,0.0053028538755067745,0.00523220649724519,0.005163535717971996,0.005096758619711769,0.005031796858594323,0.0049685763536862415,0.004907027000913278,0.004847082409645962,0.004788679660056805,0.004731759079147516,0.004676264033962929,0.004622140740413957,0.004569338086307296,0.004517807467416876,0.004467502635535445,0.004418379557354055,0.004370396283394529,0.0043235128262113665,0.004277691046917617,0.004232894549563818,0.004189088582726612,0.004146239947544737,0.004104316912012597,0.004063289130799309,0.0040231275702967695,0.003983804438474871,0.003945293119191815,0.003907568110626821,0.0038706049675470023,0.003834380247125806,0.003798871458046931,0.0037640570127122864,0.003729916182261055,0.003696429054277853,0.003663576492962466,0.003631340101616999,0.0035997021872763275,0.9045180092625971,0.9046046860877431,0.9046912056883049,0.9047775684916831,0.9048637749237312,0.9050357203695527,0.9051214602273567,0.9052070454019054,0.9052924763114176,0.9053777533726058,0.9054628770006828,0.9055478476093689,0.9056326656108981,0.9057173314160252,0.9058018454340319,0.9059704197384876,0.9060544808361957,0.9061383917693144,0.9062221529398602,0.9063057647484153,0.906389227594135,0.9064725418747531,0.9065557079865892,0.9066387263245543,0.9067215972821571,0.906886898623338,0.9069693297869788,0.907051615130395,0.9071337550401775,0.9072157499015515,0.907297600098383,0.9073793060131848,0.9074608680271223,0.9075422865200193,0.9076235618703642,0.9077856846507085,0.9078665328310596,0.9079472393695734,0.908027804638148,0.9081082290073805,0.9081885128465731,0.9082686565237381,0.9083486604056046,0.9084285248576228,0.9085082502439705,0.9086672852700354,0.9087465956317943,0.908825768371977,0.9089048038484806,0.9089837024179616,0.9090624644358423,0.909141090256316,0.9092195802323516,0.9092979347156999,0.9093761540568978,0.9095321887089561,0.9096100047148711,0.9096876869687549,0.9097652358151559,0.9098426515974399,0.9099199346577955,0.9099970853372387,0.9100741039756185,0.9101509909116214,0.910227746482777,0.9103808648749059,0.9104572283651955,0.9105334618292801,0.9106095655989758,0.9106855400049709,0.9107613853768304,0.9108371020430005,0.9109126903308141,0.9109881505664947,0.9110634830751616,0.9112137662064371,0.9112887174738046,0.9113635423036845,0.9114382410157443,0.9115128139285741,0.9115872613596919,0.9116615836255486,0.9117357810415312,0.9118098539219684,0.9118838025801347,0.9120313284775063,0.9121049063380288,0.9121783612189227,0.912251693428257,0.9123249032730721,0.9123979910593852
2.2343434343434345,0.06106079717233454,0.051747377746494225,0.044917250329719285,0.03969395949870807,0.03557008368951715,0.03223150478173704,0.029473363126033943,0.027156354155366942,0.025182448724783067,0.023480660207294366,0.021998321101232295,0.02069553177963872,0.019541512526772973,0.01851213869686723,0.017588234285906088,0.016754364946148095,0.015997967832919655,0.015308713493723345,0.014678030677690817,0.014098747519446444,0.013564817149389364,0.013071105430789803,0.012613225007185296,0.012187404290693205,0.011790383092144672,0.011419328786297398,0.01107176844422689,0.010745533495897908,0.010438714303053383,0.010149622632960915,0.009876760474755815,0.009618793981019265,0.009374531580480372,0.00914290549955789,0.008922956092049754,0.008713818490482297,0.008514711186473352,0.008324926224082778,0.008143820745422732,0.007970809676325605,0.007805359376488899,0.007646982108712397,0.007495231207554354,0.007349696844564958,0.007210002307754386,0.007075800722511857,0.006946772154901549,0.006822621045892088,0.006703073933281464,0.006587877424484523,0.006476796388438153,0.006369612339696652,0.006266121990717363,0.006166135953173326,0.006069477569759665,0.005975981862174359,0.005885494581495644,0.00579787134995697,0.005712976883608325,0.0056306842874047636,0.005550874414834182,0.00547343528527146,0.005398261553315956,0.005325254024310769,0.005254319211915849,0.005185368933296622,0.005118319938199809,0.005053093568775796,0.004989615447271976,0.004927815188602762,0.0048676261361001285,0.004808985117729187,0.004751832221342519,0.004696110587019258,0.004641766215058486,0.004588747788387074,0.00453700650797487,0.00448649594020207,0.0044371718752361155,0.004388992195443356,0.0043419167530512415,0.004295907256259913,0.004250927163210769,0.004206941583116931,0.00416391718401091,0.004121822106643564,0.004080625883994223,0.004040299366018796,0.004000814649230442,0.003962145010735996,0.003924264846432649,0.0038871496130356642,0.0038507757736777454,0.0038151207468291987,0.003780162858277758,0.0037458812960068045,0.0037122560677087363,0.003679267960803359,0.0036468985047739223,0.003615129935656983,0.9060048152930202,0.906090282551896,0.9061755945258713,0.906260751637766,0.9063457543088668,0.9065152980062052,0.9065998398674099,0.906684228957768,0.9067684656910012,0.9068525504793385,0.9069364837335233,0.9070202658628198,0.9071038972750195,0.9071873783764484,0.907270709571973,0.9074369238575187,0.9075198077500353,0.9076025433416517,0.9076851310300355,0.9077675712114339,0.9078498642806802,0.9079320106311991,0.9080140106550144,0.9080958647427542,0.9081775732836574,0.9083405552750013,0.9084218294970294,0.908502959715408,0.9085839463125222,0.9086647896694042,0.9087454901657399,0.9088260481798742,0.9089064640888174,0.9089867382682504,0.9090668710925317,0.9092267141664909,0.909306425158322,0.9093859962793192,0.9094654278973118,0.9095447203788407,0.9096238740891638,0.9097028893922614,0.9097817666508425,0.9098605062263494,0.9099391084789638,0.9100959024499715,0.9101740948824739,0.9102521514203131,0.9103300724174489,0.9104078582266131,0.9104855091993144,0.9105630256858444,0.9106404080352818,0.9107176565954985,0.9107947717131649,0.9109486030015479,0.911025319859642,0.9111019046499504,0.9111783577132113,0.9112546793889914,0.9113308700156916,0.9114069299305515,0.9114828594696546,0.9115586589679331,0.9116343287591732,0.9117852805499803,0.911860563211432,0.9119357174896247,0.9120107437126856,0.9120856422076257,0.9121604133003426,0.9122350573156267,0.9123095745771653,0.912383965407547,0.912458230128267,0.9126063825212613,0.9126802708310986,0.9127540343064096,0.9128276732632895,0.9129011880167677,0.9129745788808115,0.9130478461683308,0.913120990191183,0.9131940112601766,0.9132669096850765,0.9134123398364593,0.9134848721772907,0.9135572831027337,0.9136295729173979,0.913701741924875,0.9137737904277426
2.272727272727273,0.06130424457333587,0.05195390943355474,0.045096707770168415,0.03985271071625553,0.035712485765943054,0.03236066993039413,0.02959159168913564,0.02726539440257374,0.025283660430137744,0.023575121820397844,0.02208690234677963,0.02077894425760808,0.019620345854851156,0.01858688688493902,0.01765931534806724,0.01682213572838455,0.016062735393908456,0.015370743955817452,0.01473755619415857,0.01415597182075125,0.013619920001569925,0.013124246252369885,0.012664545829816274,0.012237032197844666,0.011838432246936623,0.011465902125594903,0.011116959104334237,0.010789426018528534,0.010481385661610798,0.010191143110023526,0.009917194415790516,0.0096582004452341,0.009412964904356787,0.009180415787675398,0.008959589645693036,0.008749618182977037,0.00854971679380488,0.008359174716165159,0.00817734654429146,0.008003644885061318,0.00783753398300673,0.007678524167911894,0.0075261670036712415,0.007380051037513348,0.00723979806427244,0.0071050598343840145,0.006975515145751565,0.006850867267794142,0.006730841654281838,0.006615183908276835,0.006503657966493215,0.006396044477489601,0.006292139347847383,0.006191752438425957,0.006094706391614341,0.006000835575042987,0.0059099851283201145,0.005822010101239743,0.005736774673521659,0.0056541514470073795,0.0055740208027978645,0.005496270316303857,0.005420794224390394,0.005347492939093471,0.0052762726034053355,0.005207044684799901,0.0051397256029066364,0.0050742363879832265,0.005010502367268426,0.0049484528766039005,0.004888020994934144,0.004829143299728452,0.004771759641197153,0.004715812933884408,0.004661248963929625,0.0046080162107029,0.004556065681620591,0.004505350758859336,0.004455827057212575,0.0044074522919701166,0.004360186156070953,0.004313990205811008,0.004268827754348907,0.004224663772458115,0.004181464795916713,0.004139198839058048,0.004097835313964808,0.004057344954909709,0.004017699747669221,0.003978872863299374,0.003940838596073922,0.0039035723052903227,0.0038670503606608015,0.003831250091009676,0.003796149736093546,0.0037617284012669678,0.0037279660148494026,0.00369484328798207,0.003662341676807774,0.0036304433468258763,0.9074460428697199,0.9075303334101843,0.907614470560545,0.9076984547391254,0.907782286362729,0.9079494936046627,0.9080328700490633,0.9081160955906415,0.9081991706387048,0.908282095601082,0.9083648708841293,0.9084474968927374,0.9085299740303383,0.9086123026989111,0.9086944832989892,0.908858401888604,0.9089401406720361,0.9090217329747771,0.9091031791902274,0.9091844797103802,0.9092656349258271,0.9093466452257651,0.9094275109980025,0.9095082326289647,0.9095888105037013,0.9097495365178494,0.9098296854205327,0.9099096920935459,0.9099895569151476,0.9100692802622563,0.9101488625104567,0.9102283040340047,0.910307605205834,0.9103867663975617,0.9104657879794941,0.9106234137886792,0.9107020187500424,0.9107804855698429,0.9108588146119192,0.910937006238833,0.9110150608118752,0.9110929786910713,0.9111707602351868,0.9112484058017329,0.9113259157469717,0.911480530192365,0.911557635398848,0.9116346063966925,0.9117114435359969,0.9117881471656436,0.9118647176333035,0.9119411552854413,0.9120174604673208,0.9120936335230104,0.9121696747953876,0.912321363355794,0.9123970113236721,0.9124725288679459,0.9125479163256173,0.9126231740325279,0.9126983023233644,0.9127733015316633,0.9128481719898162,0.912922914029074,0.9129975279795528,0.9131463729289885,0.913220604582544,0.9132947094565267,0.9133686878754483,0.9134425401627135,0.9135162666406254,0.9135898676303896,0.9136633434521197,0.9137366944248411,0.9138099208664957,0.9139560014229857,0.9140288561683303,0.9141015876436362,0.9141741961614979,0.9142466820334537,0.9143190455699906,0.9143912870805481,0.914463406873523,0.9145354052562742,0.9146072825351261,0.9147506750012872,0.9148221907961145,0.9148935867020879,0.9149648630204268,0.9150360200513425,0.9151070580940421
2.3111111111111113,0.06154609683484802,0.052159085167433436,0.045274984689684966,0.04001041559329337,0.03585394745735455,0.03248898048848904,0.029709036554433972,0.02737371051943379,0.025384198764046927,0.0236689538346202,0.02217489213211502,0.020861798804188543,0.01969865096083664,0.018661133360102094,0.01772991849818352,0.016889450088205256,0.016127066033236197,0.01543235527254927,0.0147966788378948,0.014212808202145544,0.013674648722126473,0.013177025698148983,0.012715517111844725,0.012286321576667963,0.011886153146109935,0.011512156815099633,0.01116184011711788,0.010833017348696794,0.010523763783896523,0.010232377851686545,0.009957349705418268,0.009697334959479964,0.00945113262774739,0.009217666500220678,0.008995969348601474,0.00878516947190736,0.008584479187008267,0.008393184944064236,0.008210638805965731,0.008036251075604921,0.007869483896084106,0.007709845676481094,0.007556886221857842,0.007410192465477947,0.0072693847186501605,0.007134113365714535,0.0070040559447260365,0.006878914561101742,0.006758413591625672,0.006642297641385353,0.006530329721212099,0.006422289619011653,0.006317972440788069,0.006217187301447221,0.006119756147608957,0.006025512697087334,0.005934301481951398,0.00584597698330994,0.005760402848000088,0.005677451178021795,0.005597001885153076,0.0055189421036504005,0.005443165655423687,0.005369572561747923,0.005298068597308192,0.005228564882183611,0.0051609775080162035,0.005095227195172651,0.005031238977845409,0.0049689419145575765,0.0049082688216212245,0.00484915602760329,0.004791543146590677,0.004735372869116405,0.004680590768507004,0.004627145121923463,0.004574986744438078,0.004524068835239418,0.0044743468349006665,0.004425778292688373,0.0043783227433132265,0.0043319415921305405,0.004286598008259891,0.0042422568249417415,0.004198884446550493,0.00415644876181685,0.004114919062712726,0.004074265968586114,0.004034461355191635,0.003995478288214782,0.003957290960966245,0.003919874635962217,0.0038832055900925866,0.0038472610631296983,0.0038120192093413453,0.0037774590519986024,0.0037435604405630252,0.003710304010386808,0.003677671144750752,0.0036456439390732953,0.9088437560145506,0.9089269013857374,0.909009895218147,0.9090927379256886,0.9091754299207655,0.909340363415649,0.9094226057327934,0.9095046989721624,0.9095866435387308,0.9096684398360082,0.9097500882660453,0.9098315892294406,0.9099129431253465,0.9099941503514767,0.9100752113041114,0.9102368959668927,0.9103175204624946,0.9103980002555245,0.9104783357351955,0.9105585272893258,0.9106385753043453,0.9107184801653019,0.9107982422558673,0.9108778619583433,0.9109573396536685,0.9111158705398369,0.9111949244857924,0.9112738379348337,0.9113526112611711,0.9114312448376868,0.9115097390359412,0.911588094226179,0.9116663107773344,0.9117443890570373,0.9118223294316188,0.9119777979242839,0.9120553267685881,0.9121327191602236,0.9122099754591138,0.9122870960239171,0.9123640812120332,0.9124409313796076,0.912517646881538,0.9125942280714796,0.9126706753018498,0.9128231692873929,0.9128992167412635,0.9129751316329685,0.9130509143088198,0.9131265651139241,0.9132020843921881,0.9132774724863235,0.9133527297378525,0.9134278564871131,0.9135028530732636,0.9136524571070022,0.9137270652270563,0.9138015445289425,0.9138758953459987,0.9139501180104136,0.9140242128532319,0.914098180204359,0.9141720203925658,0.914245733745494,0.9143193205896606,0.9144661160521825,0.9145393253179921,0.9146124093699578,0.9146853685290454,0.9147582031151245,0.9148309134469734,0.9149034998422839,0.9149759626176652,0.9150483020886493,0.9151205185696953,0.9152645838144717,0.9153364332017966,0.915408160846381,0.9154797670573872,0.9155512521429319,0.9156226164100896,0.9156938601648983,0.915764983712363,0.9158359873564604,0.9159068714001429,0.9160482818929799,0.9161188089429578,0.9161892175941767,0.916259508144533,0.916329680890925,0.9163997361292562
2.3494949494949497,0.06178636757534753,0.05236291664343947,0.04545209137471449,0.04016708333627981,0.03599447711755271,0.032616444119003045,0.02982570481379543,0.027481309117702968,0.025484069928567315,0.02376216209885543,0.022262295997870107,0.020944100688896197,0.01977643287374761,0.018734882936415183,0.01780004835788196,0.01695631247264695,0.016190964038932765,0.015493551587552373,0.014855402619847063,0.014269260552599392,0.013729007087318786,0.013229447439785174,0.01276614242831529,0.01233527591180488,0.011933549189867474,0.011558096175925608,0.01120641472951516,0.010876310663418352,0.01056585178114966,0.010273329907053588,0.009997229333968008,0.009736200458322844,0.009489037632276296,0.009254660468372295,0.009032097984119936,0.008820475094938472,0.008619001060063048,0.008426959560176932,0.00824370014290765,0.008068630822173175,0.007901211653189877,0.007740949136935063,0.007587391330691925,0.007440123564403267,0.007298764675386593,0.007162963690849186,0.007032396897026092,0.006906765242839269,0.0067857920351324565,0.006669220887476917,0.0065568138907001585,0.006448349977699497,0.006343623459072483,0.006242442708614039,0.006144628981674163,0.006050015350407468,0.005958445743310249,0.005869774076479563,0.005783863467299183,0.005700585521185464,0.005619819683577989,0.005541452650544588,0.005465377831627752,0.005391494859866722,0.005319709144078818,0.0052499314591438586,0.005182077570879977,0.005116067891726472,0.005051827164754242,0.004989284172941834,0.004928371471692354,0.004869025142231468,0.00481118456414274,0.004754792205308024,0.004699793427659598,0.0046461363074260355,0.004593771468625385,0.004542651928618484,0.0044927329548653284,0.004443971931718527,0.004396328236662187,0.0043497631250995405,0.004304239623039274,0.004259722427068846,0.004216177811023093,0.004173573538843305,0.004131878783157144,0.00409106404913465,0.004051101103222329,0.004011962906417255,0.003973623551722181,0.00393605820549825,0.0038992430524110084,0.0038631552437562917,0.003827772848872384,0.0037930748094731227,0.0037590408966734806,0.0037256516705304527,0.003692888441931338,0.0036607332366692825,0.9101998959814471,0.9102819264999478,0.9103638072888942,0.9104455387578627,0.910527121314937,0.9106898413183159,0.9107709795733866,0.9108519705341085,0.9109328146012041,0.9110135121739437,0.9110940636501517,0.9111744694262136,0.9112547298970822,0.911334845456284,0.9114148164959258,0.9115743265778962,0.911653866397397,0.9117332632516948,0.911812517525893,0.911891629603713,0.9119705998675003,0.9120494286982314,0.9121281164755186,0.9122066635776177,0.9122850703814328,0.9124414645951076,0.9125194527520734,0.9125973021049794,0.9126750130240633,0.9127525858782473,0.9128300210351438,0.9129073188610611,0.9129844797210099,0.9130615039787078,0.9131383919965863,0.9132917607562103,0.9133682422164361,0.9134445888738139,0.9135208010844261,0.9135968792031023,0.9136728235834245,0.9137486345777326,0.91382431253713,0.9138998578114889,0.9139752707494556,0.9141257010047017,0.9142007190131931,0.9142756060677272,0.9143503625109012,0.9144249886841187,0.9144994849275943,0.9145738515803588,0.9146480889802646,0.914722197463991,0.9147961773670485,0.9149437527673892,0.9150173489298976,0.9150908178421981,0.9151641598340355,0.9152373752340159,0.9153104643696125,0.9153834275671696,0.915456265151908,0.9155289774479297,0.9156015647782226,0.9157463658280324,0.9158185801879978,0.9158906708631411,0.9159626381709515,0.9160344824278321,0.9161062039491055,0.9161778030490174,0.9162492800407417,0.9163206352363852,0.9163918689469918,0.9165339731519836,0.9166048442631834,0.9166755951229849,0.9167462260371854,0.9168167373105465,0.9168871292467982,0.9169574021486432,0.9170275563177614,0.9170975920548143,0.9171675096594486,0.9173069916650043,0.9173765566601865,0.9174460047114806,0.9175153361135261,0.9175845511599732,0.9176536501434873
2.387878787878788,0.062025071107919945,0.052565416137053546,0.04562803860383979,0.04032272358433605,0.03613408348221941,0.03274306882593758,0.029941603866325144,0.027588197087728066,0.025583280380732987,0.023854752695747564,0.022349119700523872,0.021025855381157896,0.01985369680870598,0.01880814060171744,0.01786970971013857,0.017022727480358015,0.01625443384214263,0.015554337178871225,0.014913731677896605,0.014325332881010518,0.013782998987000368,0.013281515256862369,0.012816425456242984,0.012383898784841203,0.011980623870341267,0.011603723617002364,0.011250686272009376,0.010919309219565234,0.01060765284070943,0.010314002397797324,0.010036836361104877,0.009774799942619601,0.009526682862980116,0.00929140058416998,0.009067978393793823,0.008855537845428823,0.00865328516060496,0.00846050126807017,0.00827653321670466,0.008100786746110445,0.00793271983712962,0.007771837094887141,0.00761768484027495,0.0074698468102044925,0.007327940377521015,0.007191613221043304,0.0070605403832743364,0.006934421664100568,0.006812979307364273,0.006695955941468387,0.006583112743173866,0.0064742277959776795,0.006369094620128135,0.006267520853067634,0.00616932706335495,0.006074345681746124,0.005982420036956576,0.00589340348375952,0.005807158613488334,0.005723556538142318,0.005642476239933461,0.005563803979453694,0.005487432756626125,0.005413261818751395,0.005341196211076712,0.005271146365588817,0.005203027724322922,0.005136760393831501,0.005072268827909803,0.005009481535800592,0.004948330813631456,0.0048887524969260755,0.0048306857322591035,0.004774072766291857,0.004718858750945846,0.004664991562812938,0.00461242163606222,0.004561101807449936,0.004510987172405484,0.004462034951436964,0.004414204365822849,0.0043674565219849705,0.004321754303726927,0.004277062271888922,0.004233346570594185,0.004190574839808178,0.004148716133581428,0.004107740843642785,0.0040676206278387195,0.004028328343152254,0.003989837982927688,0.003952124617987599,0.003915164341378999,0.0038789342164840613,0.0038434122282613287,0.003808577237395424,0.0037744089371605383,0.00374088781280408,0.0037079951032898484,0.003675712765233295,0.9115162902502754,0.9115972350622733,0.9116780319131546,0.9117586812082418,0.9118391833513783,0.9119997477898176,0.9120798108854722,0.9121597284298929,0.9122395008196281,0.9123191284497868,0.9123986117140453,0.9124779510046541,0.9125571467124436,0.9126361992268308,0.9127151089358261,0.9128725014826851,0.9129509850895916,0.9130293274292043,0.9131075288825932,0.913185589829459,0.9132635106481393,0.9133412917156144,0.913418933407514,0.9134964360981224,0.9135738001603849,0.913728113884996,0.9138050642865942,0.9138818775383584,0.9139585540066281,0.9140350940564395,0.9141114980515314,0.91418776635435,0.9142638993260557,0.9143398973265282,0.9144157607143722,0.9145670850802539,0.9146425467691772,0.9147178752672549,0.9147930709268014,0.9148681340988895,0.9149430651333561,0.9150178643788076,0.9150925321826251,0.9151670688909698,0.9152414748487887,0.9153898958865958,0.9154639116504533,0.9155377980315337,0.9156115553687909,0.9156851839999959,0.9157586842617416,0.9158320564894487,0.9159053010173698,0.9159784181785956,0.9160514083050588,0.9161970087756728,0.9162696197779474,0.9163421050617172,0.9164144649532028,0.9164866997774971,0.9165588098585704,0.9166307955192748,0.9167026570813493,0.9167743948654246,0.9168460091910278,0.9169888687394363,0.9170601145958205,0.9171312382608995,0.9172022400487531,0.9172731202723854,0.91734387924373,0.9174145172736539,0.9174850346719624,0.9175554317474038,0.9176257088076734,0.9177659041082415,0.9178358229587076,0.9179056230143452,0.9179753045776532,0.9180448679501036,0.9181143134321472,0.918183641323217,0.9182528519217327,0.9183219455251054,0.9183909224297412,0.9185285273234297,0.9185971559003098,0.918665668954116,0.9187340667762949,0.9188023496573128,0.9188705178866609
2.4262626262626266,0.062262222326127575,0.05276659641076577,0.04580283757738249,0.04047734633536287,0.03627277560359099,0.032868862895413714,0.03005674136492472,0.027694381550098606,0.025681836787054456,0.02394673190031079,0.022435369173534343,0.021107068514100505,0.019930448132008567,0.018880911484527797,0.01793890747035487,0.017088699833373577,0.016317479989508308,0.015614716433115928,0.014971670252076479,0.01438102929234248,0.01383662840193554,0.013333233014695006,0.012866369953911152,0.012432193854213758,0.012027380753204593,0.01164904261630192,0.01129465814087189,0.010962016336418483,0.010649170209294075,0.01035439850212072,0.010076173900327366,0.009813136464597678,0.009564071313722864,0.009327889786316379,0.009103613463670866,0.00889036055922987,0.008687334276509837,0.008493812809995616,0.008309140725835058,0.00813272150394365,0.007964011064309995,0.007802512128217015,0.007647769291466726,0.007499364708114076,0.007356914295988757,0.007220064394218707,0.007088488809535244,0.006961886200274428,0.006839977754009161,0.006722505120408173,0.006609228568045291,0.006499925336340917,0.00639438816041333,0.0062924239461561605,0.006193852579652437,0.006098505854362985,0.0060062265031383755,0.0059168673229979775,0.005830290382694241,0.005746366303986077,0.0056649736087171255,0.005585998124906122,0.005509332445475594,0.005434875434422479,0.005362531775847873,0.0052922115609810305,0.0052238299102084695,0.005157306626130104,0.005092565875149724,0.005029535894511764,0.004968148722767708,0.004908339951318611,0.004850048495173358,0.004793216381326285,0.00473778855289789,0.004683712688202287,0.004630939032782888,0.0045794202439122245,0.004529111246146728,0.004479969097178531,0.004431952863086698,0.0043850235022612994,0.0043391437572574765,0.0042942780540001935,0.004250392407758913,0.004207454335297646,0.0041654327728817275,0.004124297999520743,0.004084021565150213,0.004044576223420201,0.004005935868654085,0.003968075476753342,0.003930971049730788,0.003894599563627207,0.003858938919562983,0.00382396789771717,0.0037896661140237597,0.0037560139794023473,0.0037229926613560217,0.0036905840477690867,0.9127946607414585,0.9128745478810958,0.9129542887885389,0.9130338838649348,0.9131133335099637,0.9132717980973548,0.9133508138318086,0.9134296857190926,0.9135084141516573,0.9135869995205275,0.9136654422153077,0.913743742624189,0.9138219011339559,0.9138999181299918,0.9139777939962862,0.9141331238686738,0.9142105786358309,0.9142878937953863,0.9143650697244519,0.9144421067987821,0.914519005392781,0.9145957658795075,0.9146723886306817,0.9147488740166911,0.9148252224065963,0.9149775096677373,0.9150534492705134,0.9151292533402774,0.9152049222395439,0.9152804563295361,0.9153558559701914,0.9154311215201665,0.9155062533368438,0.9155812517763369,0.915656117193496,0.9158054503739308,0.9158799188406409,0.9159542556918971,0.9160284612763168,0.9161025359412871,0.9161764800329706,0.9162502938963105,0.9163239778750362,0.9163975323116683,0.9164709575475243,0.9166174217761923,0.9166904614456701,0.9167633732677135,0.916836157577702,0.9169088147098432,0.9169813449971775,0.917053748771584,0.9171260263637843,0.9171981781033489,0.9172702043187013,0.9174138814847599,0.9174855330866242,0.9175570604666025,0.9176284639474588,0.9176997438508403,0.9177709004972813,0.917841934206209,0.9179128452959473,0.9179836340837226,0.9180543008856678,0.9181952697911601,0.9182655725215486,0.9183357545197989,0.9184058160966472,0.9184757575617646,0.918545579223761,0.9186152813901903,0.9186848643675544,0.9187543284613077,0.9188236739758621,0.9189620104798334,0.9190310020728993,0.9190998762940733,0.9191686334426189,0.9192372738167834,0.9193057977138018,0.9193742054299011,0.9194424972603047,0.9195106734992367,0.9195787344399259,0.9197145115945407,0.9197822283899858,0.9198498310502357,0.9199173198636058,0.9199846951174416,0.9200519570981223
2.464646464646465,0.062497836602742864,0.05296647062276008,0.04597649982825742,0.04063096188239775,0.036410562793475605,0.03299383484450792,0.030171125169468925,0.027799869812131305,0.02577974598423089,0.02403810614289692,0.02252105049317026,0.02118774585240646,0.02000669233242212,0.018953200827087513,0.018007646658974568,0.017154234351837556,0.016380107119382425,0.015674693822787855,0.015029222662879997,0.01443635396752347,0.013889899383573354,0.013384604645584091,0.012915979742557853,0.012480164837887591,0.012073823459892876,0.011694056705209446,0.011338333782591588,0.011004435380716888,0.010690407178594326,0.01039452144099722,0.01011524510555398,0.009851213114724033,0.009601206014861108,0.009364131047763822,0.009139006112263655,0.008924946103073705,0.008721151224965196,0.008526896955881078,0.008341525395004623,0.008164437777181455,0.00799508797466808,0.007832976837016066,0.007677647246153305,0.007528679783257473,0.007385688920574705,0.007248319666078512,0.007116244598752597,0.006989161242562737,0.006866789735711911,0.006748870755377413,0.00663516366767999,0.006525444873682229,0.0064195063281053955,0.006317154210059073,0.006218207727552835,0.006122498040897277,0.006029867290841984,0.005940167720259261,0.005853260878638212,0.005769016900636961,0.005687313850737935,0.005608037127135106,0.005531078918333487,0.00545633770758201,0.005383717820048269,0.00531312900845777,0.0052444860735592225,0.005177708516001697,0.005112720216600538,0.005049449142381273,0.004987827075949263,0.004927789366154931,0.004869274697960803,0.004812224880002928,0.004756584648076759,0.004702301483404447,0.004649325444140048,0.004597609009223077,0.004547106933422401,0.0044977761126775585,0.004449575458856967,0.0044024657832663705,0.004356409688111985,0.004311371465291845,0.004267317002019512,0.004224213692686266,0.004182030356501807,0.004140737160472268,0.004100305547341976,0.004060708168071834,0.004021918818606854,0.00398391238053624,0.003946664765426092,0.003910152862532014,0.003874354489678401,0.0038392483470536093,0.0038048139737481474,0.0037710317068318745,0.0037378826428068807,0.0037053486012677784,0.9140366313290149,0.914115487773253,0.9141941996759294,0.9142727674340908,0.9143511914433312,0.9145076097902,0.9145856049118113,0.9146634578524807,0.9147411690006365,0.9148187387432934,0.9148961674660592,0.9149734555531405,0.9150506033873498,0.9151276113501112,0.9152044798214676,0.9153577998032627,0.9154342520669335,0.9155105663456754,0.9155867430127149,0.9156627824399336,0.9157386849978745,0.9158144510557477,0.9158900809814368,0.9159655751415043,0.9160409339011981,0.9161912466739165,0.9162662014109152,0.9163410221954996,0.9164157093864312,0.916490263341191,0.9165646844159856,0.9166389729657535,0.9167131293441697,0.9167871539036522,0.9168610469953667,0.9170084401739312,0.917081940956904,0.9171553116643659,0.9172285526413068,0.9173016642314974,0.9173746467774953,0.9174475006206494,0.9175202261011062,0.9175928235578144,0.9176652933285304,0.9178098511570817,0.9178819398845154,0.917953902265164,0.9180257386309006,0.9180974493124369,0.9181690346393281,0.9182404949399788,0.918311830541647,0.9183830417704499,0.9184541289513682,0.9185959324638235,0.9186666494396857,0.9187372436563235,0.9188077154331106,0.9188780650883137,0.9189482929390975,0.9190183993015293,0.9190883844905837,0.9191582488201477,0.9192279926030249,0.9193671197745451,0.9194365037834216,0.9195057684860869,0.9195749141899984,0.9196439412015577,0.9197128498261156,0.9197816403679762,0.9198503131304018,0.919918868415617,0.9199873065248132,0.9201238324147756,0.9201919207927987,0.9202598931893251,0.9203277499004465,0.9203954912212475,0.9204631174458099,0.9205306288672167,0.9205980257775572,0.9206653084679304,0.9207324772284495,0.9208664741154738,0.9209333028173137,0.9210000187399769,0.9210666221687098,0.921133113387797,0.9211994926805668
2.5030303030303034,0.06273192969698634,0.05316505225599656,0.046149037167398835,0.040783580756616145,0.03654745457252414,0.03311799337499908,0.030284763305441782,0.027904669331144976,0.025877014944372206,0.024128881977265815,0.02260616984859801,0.021267893264702114,0.020082434994363605,0.01902501395959723,0.01807593237799825,0.017219335931885182,0.01644231994078295,0.01573427388617857,0.015086393292208478,0.014491311144656516,0.013942816037575427,0.013435634132144499,0.012965258691043573,0.012527815498266235,0.01211995565352724,0.011738769453860081,0.011381716680302727,0.01104656975383197,0.010731367072652065,0.010434374465779264,0.010154053159123226,0.009889033009882593,0.009638090021692167,0.009400127365105537,0.00917415928028864,0.008959297364364436,0.008754738842660457,0.008559756493797206,0.008373689965935713,0.0081959382630798,0.008025953222923368,0.00786323383527205,0.007707321279001819,0.007557794572606508,0.007414266751980742,0.007276381502442919,0.0071438101829485335,0.007016249190639209,0.006893417620820408,0.006775055184472332,0.006660920351059045,0.0065507886885492386,0.006444451376339231,0.006341713871386727,0.0062423947079827125,0.006146324417308906,0.006053344551799875,0.005963306803733549,0.005876072206644386,0.005791510411223879,0.0057094990275702775,0.005629923026705619,0.0055526741953530545,0.0054776506384173985,0.005404756324460104,0.005333900669845959,0.005264998157756876,0.005197967988790924,0.00513273376003065,0.005069223169981992,0.005007367746974523,0.004947102598828562,0.0048883661819449755,0.004831100088009244,0.004775248846796317,0.004720759743713554,0.004667582650720663,0.004615669869549405,0.004564975986292764,0.004515457736145002,0.004467073877774642,0.004419785076346042,0.004373553794595062,0.004328344191254211,0.004284122026311771,0.00424085457255674,0.004198510532890332,0.0041570599630544715,0.004116474199258424,0.00407672579045442,0.004037788434828382,0.003999636920260888,0.003962247068448721,0.003925595682423899,0.00388966049724228,0.0038544201336149376,0.0038198540542820265,0.003785942522936292,0.003752666565531304,0.003720007933809999,0.9152437347209356,0.9153215864411524,0.9153992952733294,0.9154768616104884,0.9155542858442107,0.9157087095605113,0.9157857098191116,0.9158625695263322,0.9159392890666527,0.9160158688231514,0.9160923091775122,0.9161686105100302,0.916244773199619,0.916320797623816,0.9163966841587893,0.9165480450589271,0.9166235201696356,0.9166988588822212,0.9167740615660968,0.9168491285893424,0.9169240603187113,0.9169988571196361,0.9170735193562343,0.9171480473913146,0.9172224415863826,0.9173708298960234,0.9174448247271443,0.9175186871513606,0.9175924175237496,0.91766601619812,0.9177394835270175,0.9178128198617308,0.917886025552297,0.9179591009475071,0.9180320463949116,0.9181775488303371,0.9182501065073059,0.9183225356143763,0.9183948364929783,0.9184670094833343,0.918539054924464,0.9186109731541899,0.9186827645091428,0.9187544293247665,0.9188259679353233,0.9189686678724106,0.919039829861605,0.9191108669710714,0.9191817795292422,0.9192525678633994,0.9193232322996789,0.9193937731630766,0.919464190777452,0.9195344854655346,0.9196046575489277,0.9197446351824592,0.9198144413702196,0.919884126228544,0.9199536900734798,0.9200231332199779,0.9200924559818973,0.9201616586720094,0.9202307416020032,0.9202997050824901,0.920368549423008,0.9205058819169504,0.9205743706841262,0.9206427415388451,0.9207109947853478,0.9207791307268296,0.9208471496654442,0.9209150519023088,0.9209828377375078,0.921050507470098,0.9211180613981124,0.9212528230274547,0.9213200313197704,0.9213871249894942,0.9214541043296065,0.9215209696320904,0.9215877211879352,0.921654359287141,0.9217208842187233,0.9217872962707164,0.9218535957301781,0.9219858580148802,0.9220518214093901,0.9221176733499159,0.9221834141186936,0.9222490439970075,0.9223145632651932
2.541414141414142,0.06296451768610815,0.0533623550517622,0.046320461624213084,0.04093521367794036,0.03668346062638369,0.033241347335582865,0.03039766392716019,0.028008787680058687,0.0259736507442228,0.02421906605230701,0.02269073351554981,0.021347516698223924,0.020157681773460143,0.019096356278867885,0.01814376979104897,0.017284009526233293,0.016504123215042417,0.015793461210280513,0.015143186566778329,0.014545905103560637,0.013995382508070356,0.013486325492819678,0.013014210700798856,0.012575149628389015,0.012165781025678144,0.011783184459066516,0.011424810341643506,0.01108842287940429,0.010772053236896006,0.010473960847137332,0.010192601261581724,0.009926599284271911,0.00967472640494173,0.009435881749060133,0.009209075921303505,0.008993417242392792,0.008788099976988515,0.008592394221684308,0.008405637189081097,0.00822722566687774,0.008056609470883791,0.007893285743071672,0.00773679397016921,0.007586711617902919,0.007442650294962272,0.007304252372405792,0.007171187997079006,0.007043152446301302,0.006919863779200222,0.006801060746706341,0.006686500927363955,0.006575959061283371,0.006469225557585873,0.0063661051555936755,0.006266415720222002,0.006169987157438724,0.006076660435254915,0.005986286698766901,0.005898726468861708,0.005813848915348402,0.005731531196794798,0.005651657859825671,0.005574120291934825,0.005498816222080324,0.005425649264507487,0.005354528501351541,0.005285368100240051,0.005218086963647085,0.005152608406725299,0.005088859861162254,0.005026772602649086,0.004966281499507983,0.004907324781029271,0.00484984382333396,0.004793782951479062,0.004739089256313405,0.004685712424778141,0.00463360458256715,0.004582720148123046,0.004533015696945435,0.004484449835464255,0.004436983083643185,0.004390577765634515,0.004345197907853434,0.004300809143878711,0.004257378625658622,0.004214874940548824,0.0041732680337150775,0.004132529135526895,0.004092630693565199,0.004053546308884659,0.004015250676258059,0.003977719528083155,0.003940929581716514,0.0039048584899751743,0.003869484794600237,0.003834787882466368,0.003800747944357617,0.003767345936129326,0.0037345635421059792,0.9164174187681968,0.9164942907787412,0.9165710215187949,0.9166476113774273,0.9167240607422804,0.9168765395341187,0.9169525697293098,0.9170284609671457,0.9171042136282291,0.9171798280917737,0.9172553047356107,0.9173306439361955,0.9174058460686135,0.9174809115065868,0.91755584062248,0.9177052913707335,0.9177798137410913,0.9178542012653758,0.9179284543092561,0.9180025732370807,0.9180765584118827,0.9181504101953867,0.9182241289480135,0.9182977150288871,0.9183711687958399,0.9185176808128894,0.9185907397722457,0.9186636678362112,0.9187364653562474,0.9188091326825586,0.9188816701640975,0.9189540781485709,0.9190263569824451,0.9190985070109517,0.9191705285780932,0.919314187698175,0.9193858259330221,0.9194573370703282,0.9195287214480301,0.9195999794028678,0.9196711112703894,0.9197421173849567,0.9198129980797505,0.9198837536867752,0.9199543845368648,0.920095273283751,0.9201655318364075,0.9202356669438592,0.9203056789311627,0.9203755681222344,0.9204453348398558,0.9205149794056775,0.9205845021402251,0.920653903362904,0.9207231833920034,0.9208613811370745,0.9209302994840912,0.9209990978996286,0.9210677766964711,0.9211363361863163,0.92120477667978,0.9212730984864004,0.9213413019146431,0.9214093872719061,0.9214773548645235,0.9216129379758696,0.9216805541019911,0.921748053678262,0.9218154370057678,0.9218827043845585,0.921949856113652,0.9220168924910386,0.9220838138136863,0.9221506203775441,0.9222173124775473,0.9223503544606855,0.9224167049286589,0.9224829421024631,0.9225490662720272,0.9226150777262917,0.9226809767532133,0.9227467636397682,0.9228124386719568,0.9228780021348083,0.9229434543123837,0.9230740259431374,0.9231391459596372,0.9232041558175114,0.9232690557960446,0.9233338461735776,0.9233985272275123
2.57979797979798,0.06319561688975123,0.05355839295178772,0.04649078539715079,0.04108587151122852,0.036818590766055675,0.03336390568274255,0.03050983528881452,0.02811223251829358,0.026069660538878825,0.024308665087067492,0.022774747833119325,0.021426622158357698,0.02023243837953121,0.01916723322935627,0.018211164104981328,0.01734826012727805,0.016565521739717544,0.015852260414373914,0.015199606943823512,0.014600140151706329,0.014047602964374524,0.013536682769207813,0.01306283969454041,0.012622171040781987,0.01221130328566246,0.011827305333504321,0.011467618288805048,0.011129998194877444,0.010812469027971028,0.010513283866345043,0.01023089262257407,0.00996391507977864,0.00971111824238237,0.009471397216421302,0.009243758994099412,0.009027308640682541,0.00882123747880278,0.008624812939990987,0.008437369817029392,0.008258302694981004,0.008087059380810478,0.007923135180446675,0.007766067899053272,0.007615433459536889,0.007470842052387048,0.007331934742794255,0.007198380473068533,0.007069873407924722,0.00694613057681448,0.006826889776783631,0.006711907701065809,0.006600958267146874,0.006493831118829887,0.006390330282276852,0.006290272957308709,0.006193488428652289,0.006099817083581316,0.006009109523471287,0.0059212257598402675,0.00583603448466379,0.005753412407839299,0.005673243654323914,0.0055954192148609996,0.005519836444859824,0.005446398606498394,0.005375014449802722,0.005305597828889365,0.005238067349915625,0.005172346047966411,0.005108361089601681,0.00504604349942964,0.0049853279078201996,0.004926152318394137,0.0048684578930752965,0.00481218875350783,0.0047572917972102625,0.004703716527276366,0.004651414894475736,0.004600341150676439,0.004550451712690512,0.004501705035676706,0.004454061495313212,0.00440748327805767,0.004361934278847869,0.004317380005646362,0.004273787490338608,0.004231125205457415,0.004189362986298937,0.004148471958066747,0.004108424467612282,0.004069194019476886,0.0040307552159136095,0.0039930837005922116,0.003956156105730984,0.003919950002436817,0.00388444385397922,0.003849616971850045,0.0038154494743874363,0.003781922247794468,0.003749016909403578,0.917559052257003,0.9176349686609152,0.9177107453770086,0.9177863827904718,0.9178618812850783,0.9180124630457801,0.9180875470724063,0.9181624937012505,0.9182373033091085,0.9183119762713994,0.9183865129621722,0.9184609137541121,0.9185351790185463,0.9186093091254505,0.918683304443455,0.9188308921805955,0.9189044853303198,0.9189779451523328,0.9190512720086287,0.9191244662598924,0.9191975282655052,0.9192704583835513,0.9193432569708229,0.9194159243828267,0.9194884609737892,0.9196331431031312,0.9197052893436153,0.9197773061672788,0.9198491939220341,0.9199209529545473,0.9199925836102444,0.9200640862333163,0.9201354611667248,0.9202067087522079,0.920277829330285,0.9204196908202402,0.9204904324071141,0.9205610483365846,0.92063153894316,0.9207019045601624,0.9207721455197331,0.9208422621528375,0.9209122547892704,0.9209821237576612,0.921051869385479,0.9211909919235015,0.9212603694828891,0.9213296250000795,0.9213987587968168,0.9214677711937149,0.9215366625102629,0.9216054330648297,0.9216740831746689,0.9217426131559242,0.9218110233236334,0.9219474854730674,0.9220155380793841,0.9220834721213484,0.9221512879085431,0.9222189857494737,0.9222865659515739,0.9223540288212096,0.9224213746636843,0.9224886037832428,0.9225557164830761,0.9226895938310906,0.9227563590804265,0.9228230091123557,0.9228895442248685,0.9229559647149287,0.9230222708784779,0.9230884630104396,0.9231545414047236,0.9232205063542313,0.9232863581508581,0.9234177234480556,0.9234832375274326,0.9235486396115501,0.9236139299873442,0.9236791089407712,0.9237441767568126,0.9238091337194787,0.9238739801118129,0.9239387162158957,0.9240033423128494,0.9241322656050878,0.9241965633578595,0.9242607522184839,0.9243248324633504,0.9243888043679133,0.9244526682066966
2.618181818181818,0.06342524380771801,0.053753180047285715,0.04666002080946314,0.04123556522714671,0.0369528548945997,0.03348567745412261,0.030621285712762854,0.028215011568666824,0.026165051537726143,0.024397685849136708,0.022858219184032,0.021505215688152793,0.02030671055566957,0.01923765028648678,0.018278120554504933,0.01741209275218734,0.016626520334396964,0.01591067613849763,0.015255658898201747,0.014654020612146854,0.014099481589663088,0.01358671001502733,0.013111149606069817,0.012668883556764828,0.01225652615038199,0.011871135696269328,0.011510144049189501,0.011171299141279154,0.010852617805941678,0.010552346806793496,0.010268930453129661,0.010000983538908055,0.009747268611484117,0.009506676782919641,0.009278211455797372,0.009060974460366371,0.008854154195862407,0.00865701544568501,0.008468890597894652,0.008289172049031266,0.008117305609800474,0.007952784761659821,0.0077951456388668195,0.00764396263120426,0.007498844520028866,0.0073594310727331,0.007225390034962078,0.0070964144655824325,0.006972220371106547,0.006852544600523171,0.006737142967456596,0.006625788571938771,0.006518270297270479,0.006414391460970511,0.006313968601978082,0.006216830387668705,0.006122816628240022,0.006031777384919747,0.0059435721629043725,0.005858069179432276,0.005775144698556793,0.005694682426180066,0.005616572958881151,0.0055407132808327686,0.005467006304387757,0.0053953604495378905,0.005325689258866451,0.005257911044175706,0.005191948562109662,0.005127728715880139,0.0050651822805311475,0.005004243650046274,0.004944850603754,0.004886944090765193,0.0048304680305727744,0.004775369128595853,0.004721596705252692,0.004669102537473705,0.004617840711617368,0.004567767486812535,0.00451884116789352,0.004471021987175036,0.0044242719942807485,0.004378554953504064,0.004333836247987316,0.00429008279031489,0.004247262938913595,0.004205346419915387,0.004164304254010646,0.0041241086879638044,0.004084733130412719,0.0040461520916744076,0.004008341127249396,0.003971276784764911,0.0039349365541245,0.0038992988206255786,0.0038643428208538417,0.003830048601157638,0.003796396978529673,0.0037633695037344274,0.9186699302329817,0.9187449142650692,0.9188197601581887,0.9188944682937173,0.9189690390516302,0.9191177699475335,0.9191919308385185,0.9192659558578894,0.9193398453787042,0.919413599772656,0.91948721941008,0.9195607046599593,0.9196340558899311,0.9197072734662927,0.9197803577540079,0.9199261279167223,0.9199988145150354,0.9200713692713415,0.9201437925440263,0.9202160846901782,0.9202882460655931,0.9203602770247814,0.9204321779209728,0.9205039491061227,0.9205755909309179,0.9207184878958815,0.9207897437311309,0.9208608715961988,0.9209318718355132,0.9210027447922675,0.9210734908084255,0.9211441102247271,0.9212146033806936,0.9212849706146338,0.9213552122636485,0.9214953201492999,0.921565187054149,0.9216349297105081,0.9217045484495205,0.9217740436011539,0.9218434154942053,0.9219126644563068,0.92198179081393,0.9220507948923914,0.9221196770158581,0.9222570766887551,0.9223255948808151,0.9223939924031497,0.9224622695742516,0.922530426711494,0.922598464131135,0.9226663821483228,0.9227341810771,0.9228018612304095,0.9228694229200982,0.9230041921505531,0.9230714003095786,0.923138491241512,0.9232054652527941,0.9232723226487987,0.9233390637338368,0.9234056888111617,0.9234721981829735,0.9235385921504234,0.9236048710136187,0.923737084622479,0.9238030199631782,0.9238688413896989,0.923934549196995,0.9240001436790024,0.9240656251286443,0.9241309938378351,0.924196250097485,0.9242613941975039,0.9243264264268062,0.9244561564239658,0.9245208547647117,0.9245854423805264,0.9246499195554095,0.9247142865723902,0.924778543713531,0.9248426912599325,0.9249067294917374,0.9249706586881341,0.9250344791273614,0.9251617948425369,0.925225290670249,0.9252886788443275,0.9253519596383216,0.9254151333248545,0.9254782001756273
2.6565656565656566,0.06365341507129611,0.05394673053440532,0.04682818027120637,0.04138430586908229,0.03708626297572765,0.03360667174183586,0.03073202356670338,0.028317132591530014,0.02625983098414649,0.0244861351354804,0.022941153975300894,0.021583303353698926,0.020380504064412035,0.0193076129420024,0.018344644388317843,0.017475512429987763,0.016687123828948814,0.015968713030414312,0.015311346911041919,0.014707550812956858,0.014151022570744931,0.013636411286082156,0.013159144370023046,0.0127152909979911,0.012301453335956019,0.011914679164844915,0.011552391147595034,0.011212329156447336,0.010892502926714365,0.010591152947069376,0.010306717958879084,0.010037807797978074,0.009783180583060143,0.009541723457058218,0.009312436255642565,0.009094417594278315,0.008886852967356869,0.008689004526506052,0.008500202270445805,0.008319836420813274,0.008147350804603127,0.00798223709033214,0.007824029751853019,0.00767230165545561,0.007526660182151581,0.007386743809811366,0.007252219094826904,0.007122777997217198,0.006998135506946501,0.0068780275309895545,0.006762209008830653,0.006650452228196443,0.006542545316670026,0.006438290887579142,0.006337504823102643,0.006240015177294397,0.0061456611867469115,0.006054292375903412,0.005965767747011963,0.005879955045364934,0.005796730092045573,0.005715976176603164,0.005637583503815998,0.005561448689030682,0.005487474296945738,0.005415568419642303,0.005345644290040379,0.005277619927480278,0.005211417811961375,0.005146964584904188,0.005084190773476834,0.0050230305366697,0.004963421430973819,0.004905304194002084,0.004848622544373539,0.00479332299663815,0.004739354689642832,0.004686669227609328,0.004635220532414338,0.0045849647064952126,0.004535859905311627,0.004487866218707448,0.0044409455603496685,0.0043950615646828495,0.0043501794908400926,0.004306266132836578,0.004263289735720813,0.0042212199171370235,0.004180027593933623,0.004139684913409134,0.004100165188902089,0.004061442839373756,0.004023493332708889,0.003986293132473736,0.003949819647881373,0.003914051186747972,0.0038789669112223907,0.0038445467961192776,0.0038107715896535783,0.0037776227764419385,0.9197512789008649,0.9198253529683114,0.9198992904128361,0.9199730916120743,0.9200467569422698,0.9201936814935961,0.9202669414603204,0.9203400670492017,0.9204130586296273,0.9204859165696315,0.9205586412359026,0.9206312329937881,0.9207036922073019,0.9207760192391292,0.9208482144506337,0.9209922108515541,0.9210640127571408,0.9211356842747582,0.9212072257592493,0.9212786375641705,0.9213499200417978,0.9214210735431325,0.9214920984179066,0.9215629950145888,0.9216337636803906,0.9217749186019435,0.9218453055458797,0.9219155659353173,0.9219857001112637,0.9220557084135024,0.9221255911805984,0.9221953487499038,0.9222649814575627,0.922334489638517,0.9224038736265119,0.9225422703526504,0.9226112837523476,0.9226801742822028,0.9227489422700559,0.9228175880425817,0.9228861119252949,0.9229545142425553,0.9230227953175725,0.9230909554724117,0.9231589950279984,0.9232947136194471,0.9233623932915068,0.9234299536367189,0.9234973949703853,0.9235647176066982,0.9236319218587445,0.9236990080385115,0.9237659764568905,0.9238328274236829,0.9238995612476039,0.9240326786962936,0.9240990629331071,0.9241653312511484,0.924231483953775,0.9242975213432869,0.9243634437209312,0.9244292513869062,0.924494944640367,0.9245605237794288,0.9246259891011723,0.9247565794758799,0.9248217051178714,0.9248867181206086,0.9249516187760649,0.9250164073752055,0.9250810842079916,0.9251456495633852,0.9252101037293526,0.9252744469928696,0.9253386796399249,0.9254668142236975,0.9255307167274969,0.9255945097490073,0.925658193569347,0.9257217684686728,0.9257852347261839,0.9258485926201261,0.9259118424277961,0.9259749844255448,0.9260380188887823,0.9261637663086807,0.9262264798114908,0.9262890868720962,0.9263515877612599,0.9264139827488276,0.926476272103731
2.694949494949495,0.0638801473943557,0.054139058674459985,0.04699527624490432,0.041532104523332204,0.03721882500809717,0.03372689766394321,0.030842057242502614,0.028418603367315925,0.02635400613735639,0.024574019755765453,0.023023558625870022,0.021660891228573873,0.020453824673709105,0.019377126691323344,0.018410740856717105,0.01753852418996755,0.016747337051751465,0.016026375735702803,0.015366675460133117,0.014760735077930218,0.014202230089179264,0.013685790632462938,0.013206827913885895,0.012761397178472545,0.01234608855025554,0.011957939347501952,0.011594363099398921,0.011253091668173072,0.010932127735686081,0.010629705554879377,0.010344258333647096,0.010074390981607862,0.00981885721569864,0.009576540234885791,0.009346436330055401,0.009127640922201958,0.008919336618707854,0.008720782956496713,0.008531307559360013,0.008350298487807979,0.00817719759752595,0.008011494755433326,0.007852722785331508,0.00770045303963629,0.00755429150761046,0.0074138753859381845,0.007278870048938266,0.007148966364754308,0.0070238783132187755,0.006903340865079123,0.00678710809118158,0.006674951472073658,0.006566658384286114,0.006462030741440805,0.006360883772995564,0.006263044923504062,0.006168352859588864,0.006076656572267841,0.005987814563894475,0.005901694110955281,0.005818170594212349,0.005737126889410003,0.005658452812101438,0.005582044611061122,0.005507804505485793,0.005435640261584099,0.0053654648046526565,0.0052971958632776405,0.005230755642618799,0.005166070523924132,0.005103070788012388,0.005041690360384027,0.0049818665760721515,0.004923539962517233,0.004866654038717888,0.00481115512954054,0.004756992193448273,0.004704116662970785,0.0046524822965610425,0.00460204504093504,0.004552762903126212,0.004504595831388593,0.004457505604275126,0.004411455727227326,0.004366411336101225,0.004322339107112644,0.004279207172635984,0.004236985042511592,0.004195643530383597,0.004155154684712487,0.004115491724138736,0.004076628976832506,0.0040385418236165305,0.004001206644517038,0.003964600768566433,0.0039287024265818316,0.003893490706744876,0.0038589455127802097,0.0038250475245585097,0.0037917781609602603,0.9208042601386315,0.9208774458593003,0.9209504964412708,0.9210234122585017,0.921096193683573,0.9212413548407034,0.9213137353110872,0.9213859828659735,0.9214580978711445,0.9215300806910416,0.9216019316887709,0.9216736512261103,0.921745239663515,0.9218166973601233,0.9218880246737632,0.9220302895769326,0.9221012278756185,0.922172037209661,0.9222427179304239,0.922313270387996,0.9223836949311967,0.9224539919075814,0.9225241616634478,0.9225942045438412,0.9226641208925603,0.9228035753639706,0.9228731141680766,0.9229425278033484,0.9230118166074356,0.9230809809167737,0.923150021066591,0.923218937390913,0.9232877302225679,0.9233563998931926,0.9234249467332372,0.9235616732374872,0.9236298535567086,0.9236979123553926,0.9237658499581363,0.9238336666883818,0.9239013628684216,0.9239689388194029,0.9240363948613336,0.9241037313130868,0.9241709484924058,0.9243050262990973,0.9243718875563532,0.9244386308009522,0.924505256345064,0.9245717644997582,0.9246381555750092,0.9247044298797013,0.9247705877216328,0.9248366294075216,0.9249025552430092,0.9250340605799949,0.9250996406874382,0.9251651061563797,0.9252304572871508,0.9252956943790347,0.925360817730271,0.9254258276380605,0.9254907243985688,0.9255555083069322,0.9256201796572611,0.9257491858551559,0.9258135212858548,0.9258777453247939,0.9259418582610224,0.9260058603825896,0.9260697519765506,0.9261335333289697,0.9261972047249246,0.9262607664485114,0.9263242187828479,0.926450796411378,0.9265139222669561,0.926576939856061,0.9266398494569842,0.9267026513470641,0.9267653458026901,0.9268279330993069,0.9268904135114184,0.9269527873125918,0.9270150547754613,0.927139271772186,0.9272012218466816,0.927263066664162,0.9273248064926568,0.9273864415992863,0.9274479722502654
2.7333333333333334,0.06410545753178949,0.05433017875990139,0.04716132121569789,0.041678972293081956,0.03735055100545468,0.033846364348143775,0.03095139513690892,0.02851943167850276,0.026447584256498607,0.02466134651775872,0.023105439549361156,0.021737985380930237,0.020526678145184798,0.019446197022384638,0.01847641520191975,0.017601133052111164,0.016807164821414707,0.016083668888886696,0.015421649011885188,0.01481357771853905,0.014253108313751706,0.013734852090711014,0.013254204151837168,0.012807205897959853,0.012390435486429357,0.012000919837856084,0.011636063404598947,0.011293590088615968,0.010971495562279514,0.010668007881389044,0.010381554755419098,0.010110736197619073,0.009854301551071063,0.009611130095096652,0.009380214598121312,0.009160647306293337,0.008951607958157018,0.008752353491842857,0.008562209171323807,0.008380560909276491,0.00820684860258022,0.008040560327517448,0.00788122726816268,0.007728419272534997,0.007581740946812615,0.007440828214327217,0.007305345274818758,0.007174981911370575,0.00704945109985744,0.006928486880686511,0.006811842461469787,0.006699288520620833,0.00659061168821278,0.006485613182640229,0.006384107584588151,0.0062859217329470475,0.006190893727933339,0.006098872030429675,0.006009714646054043,0.005923288385316765,0.0058394681914669035,0.00575813652903331,0.005679182826715867,0.00560250296899824,0.00552799883177619,0.0054555778573938275,0.0053851526653933635,0.005316640695482639,0.005249963879648346,0.005185048340604546,0.005121824114354768,0.005060224894341103,0.005000187795539203,0.004941653136516447,0.004884564237924239,0.004828867236072707,0.0047745109101750005,0.004721446522174242,0.0046696276680903625,0.00461901013989103,0.004569551797102326,0.0045212124472786075,0.004473953734693931,0.004427739036586473,0.004382533366320979,0.004338303283034512,0.004295016807124186,0.004252643341303343,0.004211153596652441,0.00417051952341531,0.004130714246112063,0.004091712002699818,0.0040534880874712065,0.0040160187974432405,0.003979281381958022,0.00394325399531803,0.003907915652194441,0.003873246185668041,0.0038392262076883954,0.003805837071811432,0.9218299756610392,0.9219022938996265,0.9219744784528598,0.922046529691087,0.9221184479832893,0.9222618871987479,0.9223334088531896,0.9224047990239895,0.922476058073389,0.9225471863623,0.9226181842503115,0.9226890520956946,0.9227597902554097,0.9228303990851116,0.9229008789391557,0.9230414531312331,0.9231115481715341,0.9231815156407251,0.9232513558867536,0.9233210692563026,0.923390656094797,0.9234601167464087,0.9235294515540627,0.9235986608594423,0.9236677450029951,0.9238055391602649,0.923874249848748,0.9239428367249475,0.9240113001232149,0.9240796403766989,0.9241478578173509,0.9242159527759302,0.9242839255820096,0.9243517765639802,0.9244195060490574,0.9245546018315437,0.9246219687775502,0.9246892155238684,0.9247563423919116,0.9248233497019481,0.9248902377731065,0.9249570069233806,0.9250236574696342,0.9250901897276069,0.9251566040119181,0.9252890799124659,0.9253551421523875,0.9254210876660276,0.9254869167624811,0.9255526297497524,0.9256182269347605,0.9256837086233434,0.9257490751202634,0.9258143267292113,0.9258794637528112,0.9260093952491592,0.9260741903218647,0.9261388720091464,0.9262034406083651,0.9262678964158432,0.926332239726868,0.9263964708356975,0.9264605900355642,0.9265245976186797,0.9265884938762391,0.9267159535744138,0.926779517592377,0.9268429714394877,0.9269063154019246,0.9269695497648761,0.9270326748125444,0.9270956908281499,0.9271585980939356,0.9272213968911712,0.9272840875001571,0.9274091452697611,0.9274715129861721,0.9275337736259271,0.9275959274645433,0.927657974776593,0.9277199158357085,0.9277817509145856,0.9278434802849876,0.92790510421775,0.9279666229827829,0.9280893460847052,0.9281505509568291,0.9282116517317007,0.9282726486746673,0.928333542050175,0.9283943321217729
2.771717171717172,0.06432936224581134,0.0545201050834044,0.04732632766457618,0.04182492027578486,0.037481450969817455,0.033965080911554084,0.031060045634797615,0.028619625294964136,0.026540572587023088,0.02474812221457523,0.023186803144649697,0.021814591862969888,0.0205990702237151,0.019514829405620895,0.01854167264819998,0.017663344018285634,0.016866611937837384,0.016140597105858277,0.015476272013416122,0.014866083027011787,0.01430366139363302,0.013783599677829748,0.013301276977803287,0.012852720936129085,0.012434497817278883,0.012043624209045716,0.011677495542693688,0.011333827809306505,0.011010609715174076,0.010706063157337131,0.010418610380813265,0.010146846532904286,0.009889516609740134,0.009645495995512248,0.009413773957744833,0.009193439587480898,0.008983669772161917,0.008783718867373851,0.008592909791747903,0.008410626323358903,0.008236306412417205,0.008069436355744053,0.007909545707822619,0.007756202821528224,0.007609010928551294,0.00746760468673229,0.007331647128525282,0.007200826958659756,0.007074856155261964,0.006953467834206092,0.006836414345174743,0.006723465569374023,0.006614407395133256,0.006509040349782026,0.006407178369407771,0.00630864769087117,0.00621328585154974,0.00612094078546602,0.006031470004539931,0.00594473985621789,0.005860624848969764,0.005779007038585121,0.005699775469344906,0.0056228256637273245,0.005548059156409641,0.005475383067882501,0.005404709713844578,0.005335956246907319,0.00526904432754289,0.005203899821585978,0.00514045252169683,0.0050786358907322715,0.005018386824951576,0.004959645435338904,0.0049023548454171385,0.004846461004144479,0.004791912512563231,0.004738660463095504,0.004686658290325266,0.004635861632448731,0.00458622820238105,0.004537717667854665,0.004490291539705308,0.004443913067744736,0.004398547143615951,0.004354160210092367,0.004310720176294397,0.004268196338466835,0.004226559305771569,0.004185780930836214,0.004145834244647666,0.004106693395503164,0.004068333591708043,0.004030731047776197,0.003993862933862248,0.00395770732821854,0.003922243172467477,0.0038874502294814163,0.00385330904371149,0.0038198009037916526,0.9228294708639171,0.9229009417660909,0.9229722804062868,0.9230434871513054,0.9231145623665926,0.9232563196630182,0.9233270024683289,0.9233975551922651,0.9234679781935904,0.9235382718297502,0.9236084364568781,0.9236784724298012,0.923748380102047,0.9238181598258487,0.9238878119521515,0.924026734809635,0.924096006236318,0.9241651514565179,0.9242341708148266,0.9243030646545826,0.9243718333178766,0.9244404771455579,0.9245089964772385,0.9245773916513005,0.9246456630049003,0.9247818355932466,0.92484973749623,0.9249175169152358,0.9249851741813773,0.9250527096245749,0.9251201235735623,0.9251874163558916,0.9252545882979384,0.9253216397249069,0.9253885709608359,0.9255220741499314,0.9255886467453924,0.9256551004344135,0.9257214355352815,0.9257876523651485,0.9258537512400364,0.9259197324748427,0.9259855963833443,0.9260513432782039,0.9261169734709739,0.9262478849909342,0.9263131669357237,0.9263783334136317,0.9264433847307341,0.9265083211920259,0.926573143101426,0.9266378507617823,0.9267024444748759,0.926766924541426,0.9268312912610943,0.9269596858531755,0.9270237143196677,0.927087630627446,0.9271514350709553,0.9272151279436109,0.9272787095378024,0.9273421801448991,0.9274055400552536,0.9274687895582067,0.9275319289420917,0.92765787850098,0.9277206892476517,0.9277833910186011,0.9278459840971891,0.9279084687657955,0.9279708453058223,0.9280331139976988,0.9280952751208853,0.9281573289538774,0.92821927577421,0.9283428494822595,0.9284044769202808,0.92846599844626,0.928527414332991,0.9285887248523318,0.9286499302752084,0.9287110308716185,0.9287720269106363,0.9288329186604153,0.9288937063881931,0.929014970842138,0.9290754480982344,0.9291358223921959,0.9291960939867375,0.9292562631436811,0.9293163301239594
2.81010101010101,0.06455187827208199,0.05470885191331252,0.04749030804887507,0.04196995954181873,0.03761153487845925,0.03408305644551473,0.03116801709563629,0.0287191919606627,0.02663297834840986,0.024834353613132798,0.023267655785182337,0.021890716701010567,0.020671006628509847,0.019583029286406584,0.01860651839443204,0.017725162065063756,0.016925683175568147,0.016197164976997587,0.015530548886585385,0.014918255270280328,0.01435389345267254,0.013832037385375417,0.013348050260664402,0.012897946047610345,0.012478279190900577,0.012086056009175814,0.011718662968139693,0.011373808196855469,0.011049473478090694,0.010743874588499869,0.010455428341869981,0.01018272504963464,0.00992450538778089,0.00967964086929223,0.009447117282376667,0.009226020582303818,0.009015524823208427,0.008814881793716811,0.008623412081657431,0.008440497343855165,0.008265573595581222,0.008098125365214448,0.007937680587743563,0.007783806129984369,0.007636103857757275,0.007494207171117959,0.007357777942340826,0.007226503804630603,0.007100095744330808,0.006978285958551258,0.006860825944304102,0.006747484790522371,0.0066380476483277285,0.006532314358260912,0.006430098215766169,0.006331224859388719,0.006235531267148629,0.006142864849396523,0.006053082627455947,0.005966050488530526,0.005881642508935826,0.0057997403383781565,0.005720232638987291,0.005643014573462025,0.005567987337370167,0.005495057731348047,0.005424137769103522,0.005355144317921786,0.005287998768483341,0.005222626731225866,0.005158957757043955,0.005096925079594409,0.005036465377772708,0.004977518556271693,0.004920027542685754,0.0048639380997696725,0.004809198651513603,0.004755760121830496,0.0047035757848913175,0.004652601126053622,0.004602793712532487,0.00455411307309531,0.004506520585952895,0.00445997937428011,0.004414454208754716,0.004369911416496675,0.004326318796045249,0.004283645537822439,0.00424186214970057,0.004200940387288132,0.004160853188621884,0.004121574612888709,0.004083079782936887,0.004045344831285491,0.004008346849386224,0.003972063839916932,0.003936474671896014,0.003901559038420488,0.003867297416858238,0.0038336710313230855,0.92380373837741,0.923874381402068,0.9239448935590331,0.9240152752116212,0.9240855267218052,0.9242256407561701,0.9242955039976338,0.9243652385312712,0.9244348447124292,0.9245043228951478,0.9245736734321662,0.9246428966749288,0.9247119929735906,0.9247809626770239,0.9248498061328236,0.9249871156855514,0.9250555824713357,0.9251239243872105,0.9251921417744718,0.9252602349731728,0.9253282043221298,0.9253960501589277,0.9254637728199253,0.9255313726402619,0.9255988499538613,0.925733438390505,0.9258005501753734,0.9258675407771639,0.925934410523809,0.9260011597420591,0.9260677887574876,0.9261342978944967,0.9262006874763221,0.9262669578250384,0.9263331092615645,0.9264650566759737,0.9265308532899618,0.92659653226398,0.9266620939132454,0.9267275385518494,0.9267928664927638,0.9268580780478449,0.9269231735278389,0.9269881532423869,0.9270530175000293,0.9271824008732877,0.9272469206005268,0.9273113260941167,0.9273756176571688,0.9274397955917234,0.9275038601987539,0.9275678117781716,0.9276316506288309,0.9276953770485331,0.9277589913340316,0.9278858846842191,0.927949164337216,0.9280123330326343,0.928075391062056,0.9281383387160423,0.928201176284138,0.9282639040548759,0.9283265223157816,0.9283890313533777,0.9284514314531879,0.9285759059765784,0.9286379809662519,0.9286999481503347,0.928761807809422,0.9288235602231357,0.9288852056701297,0.9289467444280928,0.9290081767737537,0.9290695029828849,0.9291307233303069,0.9292528475345684,0.9293137519363251,0.9293745515662151,0.9294352466943593,0.9294958375899511,0.9295563245212601,0.9296167077556362,0.929676987559513,0.9297371641984125,0.9297972379369485,0.9299170777668684,0.9299768443829742,0.9300365091481686,0.9300960723225825,0.9301555341654624,0.9302148949351727
2.8484848484848486,0.06477302229229757,0.05489643346488571,0.04765327477928812,0.042114101119578376,0.03774081266711079,0.03420030000152542,0.03127531783994497,0.02881813938201811,0.02672480872390424,0.024920047445233427,0.023348003808771237,0.02196636588735141,0.020742493045238213,0.019650802076423238,0.018670957606735664,0.01778659213657542,0.016984383277401434,0.016253377061433132,0.015584484022310083,0.014970098684505067,0.014403808584531448,0.013880169175013508,0.013394527839518744,0.01294288495742803,0.012521783225944405,0.012128218757414178,0.011759569106829213,0.011413534589356027,0.011088090106711412,0.010781445352512686,0.01049201174263354,0.010218374782202428,0.009959270853584168,0.009713567622172332,0.009480247418206966,0.009258393080265865,0.00904717584661382,0.008845844954650635,0.008653718675611186,0.008470176558097262,0.008294652694224405,0.008126629854820757,0.00796563436526538,0.007811231615376366,0.007663022113546445,0.007520638009699312,0.007383740023042873,0.007252014721742718,0.007125172106551264,0.007002943461331583,0.006885079435691863,0.006771348331155097,0.006661534566134497,0.006555437298591649,0.006452869187234422,0.0063536552759662236,0.006257631986859088,0.0061646462098308465,0.0060745544785632145,0.005987222222871989,0.005902523089576775,0.005820338324726773,0.0057405562106845566,0.005663071552541754,0.005587785208874849,0.005514603662402148,0.005443438626699778,0.005374206685458658,0.005306828961178083,0.0052412308105818884,0.005177341544164398,0.005115094167841997,0.005054425144439069,0.004995274173654022,0.004937583988315611,0.004881300166185043,0.004826370955209737,0.004772747111869432,0.0047203817508843894,0.004669230205706944,0.004619249898752794,0.004570400220671519,0.004522642417868816,0.004475939487662434,0.004430256080481246,0.0043855584085186194,0.004341814160403166,0.004298992421387157,0.004257063598666859,0.004215999351437365,0.004175772525346225,0.004136357091013517,0.004097728086358284,0.004059861562405485,0.0040227345323866626,0.003986324923867587,0.00395061153370627,0.003915573985654278,0.003881192690406511,0.0038474488079511177,0.9247537213535642,0.9248235553033295,0.9248932597514418,0.9249628350577936,0.925032281580945,0.9251707897052629,0.9252398520169434,0.9253087869664636,0.9253775949058141,0.9254462761856892,0.9255148311554935,0.9255832601633476,0.9256515635560938,0.9257197416793024,0.9257877948772772,0.9259235278684439,0.9259912083439634,0.9260587652589158,0.9261261989513595,0.9261935097581204,0.926260698014798,0.926327764055771,0.9263947082142026,0.9264615308220463,0.9265282322100511,0.926661272643551,0.9267276123445715,0.9267938321368142,0.9268599323450879,0.9269259132930289,0.9269917753031068,0.9270575186966298,0.9271231437937498,0.9271886509134674,0.9272540403736373,0.927384467581055,0.9274495059583286,0.9275144279361169,0.9275792338266214,0.9276439239409285,0.9277084985890137,0.9277729580797471,0.9278373027208981,0.9279015328191405,0.9279656486800569,0.9280935389068181,0.9281573138784175,0.9282209758242099,0.9282845250443961,0.9283479618381143,0.9284112865034455,0.9284744993374179,0.9285376006360113,0.928600590694162,0.9286634698057675,0.9287888963597651,0.9288514443847983,0.9289138826285771,0.9289762113798724,0.929038430926443,0.9291005415550402,0.929162543551412,0.9292244372003082,0.929286222785484,0.9293479005897047,0.9294709339814173,0.9295322901295286,0.9295935396179319,0.9296546827245067,0.929715719726168,0.9297766508988708,0.9298374765176141,0.9298981968564444,0.9299588121884608,0.9300193227858186,0.9301400308604845,0.930200228877421,0.9302603232389633,0.9303203142126086,0.9303802020649344,0.9304399870616026,0.9304996694673632,0.9305592495460584,0.9306187275606266,0.9306781037731059,0.9307965518354734,0.930855624204972,0.9309145958116105,0.9309734669129838,0.9310322377658098,0.9310909086259327
2.886868686868687,0.06499281091055127,0.05508286388850181,0.047815240202935656,0.04225735597790343,0.037869294216682975,0.03431682057915492,0.03138195613913671,0.028916475218278715,0.02681607085091185,0.025005210398238616,0.023427853511235552,0.022041545372971538,0.020813535119313387,0.019718153148205256,0.018734995413132234,0.017847639139697936,0.017042716949254934,0.016309237881992122,0.01563808177587722,0.015021617470734334,0.014453410848392545,0.013927998974395433,0.013440713519973826,0.012987541357258943,0.012565013508277718,0.012170115940397075,0.011800217352482949,0.011453010293175041,0.0111264628252126,0.010818778596001,0.010528363656457691,0.010253798734639528,0.009993815945417261,0.009747279129984092,0.009513167181558082,0.009290559841371933,0.009078625548582471,0.008876611004995705,0.008683832179360005,0.008499666524794836,0.008323546222175855,0.008154952295290998,0.00799340946978149,0.007838481667436836,0.007689768047455168,0.007546899517195623,0.0074095356500526455,0.007277361955364468,0.007150087454380806,0.007027442523326956,0.0069091769695860394,0.006795058311963824,0.006684870240617273,0.006578411235123831,0.006475493321369842,0.006375940952202539,0.006279589997098576,0.006186286828758103,0.006095887496187137,0.006008256974552174,0.005923268483818902,0.005840802868828376,0.005760748034503231,0.005682998430541335,0.005607454580468534,0.005534022651106109,0.005462614057695833,0.005393145102067707,0.0053255366401951144,0.00525971377656834,0.0051956055828198235,0.005133144838438376,0.005072267791584825,0.005012913938119883,0.004955025817378309,0.0048985488231338015,0.0048434310284673565,0.004789623023406527,0.004737077764203369,0.004685750433320899,0.00463559830925694,0.004586580645385688,0.004538658557106429,0.004491794916648956,0.00444595425492971,0.00440110266991248,0.004357207740981932,0.0043142384488587295,0.004272165100682893,0.004230959259816314,0.004190593680081091,0.004151042244077902,0.004112279905305081,0.0040742826337931215,0.004037027365029263,0.004000491951921489,0.003964655119612716,0.003929496422926789,0.0038949962062927125,0.0038611355659643144,0.9256803165111397,0.9257493595612075,0.9258182744482328,0.9258870615287439,0.9259557211579478,0.9260926594766934,0.9261609388700983,0.9262290922199345,0.9262971198748945,0.9263650221823853,0.9264327994885352,0.9265004521381991,0.9265679804749647,0.9266353848411581,0.9267026655778496,0.9268368575207642,0.9269037694029008,0.9269705590073738,0.9270372266690606,0.9271037727216168,0.9271701974974816,0.927236501327884,0.9273026845428477,0.9273687474711965,0.9274346904405606,0.9275662178069153,0.9276318028532435,0.9276972692392725,0.9277626172867421,0.9278278473162299,0.9278929596471563,0.9279579545977905,0.9280228324852551,0.9280875936255311,0.9281522383334637,0.9282811797060283,0.9283454769947153,0.9284096590991786,0.9284737263286584,0.9285376789912888,0.9286015173941029,0.9286652418430374,0.9287288526429383,0.9287923500975646,0.9288557345095941,0.9289821654111949,0.9290452125007572,0.929108147747714,0.929170971449407,0.9292336839021248,0.9292962854011074,0.9293587762405513,0.9294211567136137,0.9294834271124173,0.9295455877280544,0.9296695807690769,0.9297314137715381,0.9297931381449934,0.9298547541754527,0.9299162621479229,0.929977662346412,0.9300389550539336,0.9301001405525114,0.9301612191231834,0.9302221910460057,0.9303438160634461,0.9304044697133083,0.9304650178258177,0.9305254606761874,0.9305857985386743,0.9306460316865836,0.9307061603922724,0.9307661849271542,0.9308261055617033,0.9308859225654577,0.9310052467540829,0.9310647544733889,0.9311241596307789,0.9311834624911738,0.9312426633185826,0.931301762376107,0.9313607599259447,0.9314196562293934,0.931478451546855,0.9315371461378389,0.9316542341739735,0.9317126281337164,0.9317709223961734,0.9318291172164499,0.9318872128487815,0.9319452095465379
2.9252525252525254,0.06521126063233788,0.055268157243595684,0.04797621658830846,0.04239973501418251,0.037996989341457614,0.034432627115735026,0.031487940205568915,0.029014207073125978,0.026906771812860733,0.025089849109457597,0.02350721113895363,0.02211626106112555,0.020884138449680272,0.019785087830132598,0.01879863689746221,0.01790830793826459,0.017100688855546036,0.01636475192108858,0.015691346462745486,0.015072815791526972,0.01450270426508298,0.01397553067343893,0.013486611070680943,0.013031918903057485,0.012607973588037398,0.012211751009702032,0.011840611064115412,0.011492238580431404,0.011164594823862164,0.010855877432113881,0.010564487123612956,0.010288999878243561,0.010028143569172936,0.009780778236582568,0.009545879357532514,0.00932252359433613,0.00910987660424272,0.008907182568734002,0.008713755168089332,0.008528969772585849,0.008352256663312201,0.008183095127657658,0.008021008301177277,0.00786555864661241,0.007716343982023746,0.0075729939797877545,0.007435167074283933,0.00730254772261569,0.007174843972314778,0.007051785297571286,0.006933120668480317,0.006818616825953051,0.006708056736444843,0.006601238205060422,0.006497972628726756,0.006398083872842464,0.006301407257636647,0.0062077886416943085,0.006117083592250525,0.0060291566326672475,0.005943880558569504,0.005861135816025939,0.005780809934806928,0.005702797011313899,0.005626997236207282,0.005553316462170166,0.005481665807955932,0.005411961295259417,0.005344123515128616,0.005278077321336766,0.005213751548100918,0.005151078749890149,0.005089994961434569,0.0050304394760480875,0.004972354640690251,0.004915685666326767,0.004860380452181876,0.0048063894228510375,0.004753665377068291,0.004702163347234865,0.004651840468798233,0.004602655858688512,0.004554570502080254,0.004507547146881824,0.004461550205219164,0.004416545661521625,0.0043725009865802,0.004329385057231159,0.004287168081154004,0.004245821526457947,0.004205318055699189,0.004165631463989453,0.004126736620916164,0.004088609416007606,0.004051226707476501,0.004014566274028123,0.003978606769519666,0.003943327680266792,0.003908709284834333,0.003874732616126031,0.9265843769583134,0.9266526466837519,0.9267207895581151,0.9267888059346251,0.9268566961651942,0.926992099589643,0.9270596134808504,0.9271270026207842,0.9271942673548956,0.927261408027362,0.9273284249810921,0.927395318557732,0.9274620890976712,0.9275287369400482,0.927595262422756,0.9277279476545446,0.9277941080732367,0.9278601474714935,0.9279260661810668,0.927991864532497,0.9280575428551187,0.9281231014770659,0.9281885407252776,0.9282538609255034,0.9283190624023088,0.9284491104780308,0.928513957720206,0.9285786875254879,0.9286433002126012,0.9287077960991185,0.9287721755014648,0.9288364387349239,0.9289005861136421,0.9289646179506342,0.9290285345577889,0.9291560233245356,0.9292195961023171,0.9292830548866491,0.9293463999838626,0.9294096316991917,0.9294727503367788,0.9295357561996797,0.929598649589868,0.9296614308082403,0.9297241001546207,0.9298491044253695,0.9299114399440672,0.9299736647794412,0.9300357792260251,0.9300977835773082,0.9301596781257404,0.9302214631627367,0.9302831389786819,0.9303447058629349,0.9304061641038336,0.9305287558038393,0.9305898898345563,0.9306509163651472,0.9307118356789107,0.930772648058151,0.9308333537841816,0.9308939531373309,0.9309544463969451,0.9310148338413935,0.931075115748072,0.9311953640528651,0.9312553310009449,0.9313151935111943,0.9313749518562077,0.9314346063076315,0.9314941571361687,0.9315536046115825,0.9316129490027006,0.9316721905774192,0.9317313296027069,0.9318493010682508,0.9319081340378431,0.9319668655166843,0.9320254957671655,0.9320840250507739,0.9321424536280972,0.9322007817588267,0.9322590097017618,0.9323171377148136,0.9323751660550088,0.9324909247405357,0.9325486555955322,0.932606287797009,0.9326638215976268,0.932721257249184,0.9327785950026208
2.963636363636364,0.06542838784915227,0.05545232749264109,0.04813621611276986,0.04254124904258716,0.038123907779190835,0.034547728477360144,0.031593278184682494,0.02911134248533585,0.026996918635373218,0.025173970157091708,0.023586082883214874,0.022190518802236894,0.02095430858501877,0.019851611400330062,0.018861887096329757,0.017968603350069286,0.017158303615367916,0.01641992361667453,0.01574428235501752,0.015123697766848678,0.014551692814172646,0.014022768121757907,0.013532224220345739,0.013076021211297646,0.012650666977001646,0.012253127378990996,0.01188075356344106,0.011531222686672742,0.011202489256928698,0.010892744938472332,0.010600385149308245,0.010323981149661645,0.010062256596590657,0.009814067752062505,0.009578386697371861,0.009354287034811526,0.00914093165616449,0.008937562237725159,0.008743490185193476,0.008558088798406185,0.008380786470158655,0.008211060761961953,0.008048433228709247,0.007892464882944863,0.007742752209632069,0.007598923653537584,0.00746063651701932,0.007327574211093725,0.00719944381561312,0.007075973908015112,0.006956912626181588,0.00684202593786303,0.006731096090036842,0.006623920217524828,0.006520309092010226,0.0064200859949976275,0.0063230857007147935,0.00622915355679589,0.006138144651654345,0.0060499230594099895,0.00596436115399111,0.0058813389850831555,0.005800743709536902,0.0057224690726387995,0.005646414934094155,0.005572486834411059,0.005500595597629958,0.005430656966950521,0.0053625912701367184,0.0052963231117306555,0.00523178108997053,0.005168897535638539,0.005107608271345424,0.005047852389056965,0.004989572044538235,0.004932712267020871,0.00487722078292501,0.004823047852414212,0.004770146117644195,0.0047184704618596284,0.0046679778783215164,0.004618627348326504,0.004570379727635029,0.0045231976405536445,0.004477045381145858,0.0044318888209750685,0.004387695322911944,0.0043444336605194134,0.004302073942618437,0.004260587542641438,0.004219947032424612,0.004180126120115805,0.004141099591901739,0.004102843257288761,0.004065333897680505,0.004028549218025566,0.003992467801326369,0.003957069065801494,0.003922333224547777,0.003888241247501248,0.9274667148119435,0.9275342282135459,0.9276016160501549,0.9276688786717436,0.927736016426986,0.927869918726666,0.9279366839620083,0.9280033257128256,0.9280698443213845,0.9281362401286878,0.9282025134744804,0.9282686646972552,0.9283346941342588,0.928400602121497,0.9284663889937408,0.9285976007261886,0.9286630262498108,0.9287283319852864,0.928793518261296,0.9288585854053191,0.9289235337436392,0.9289883636013497,0.9290530753023585,0.929117669169394,0.9291821455240107,0.9293107469763651,0.9293748727113879,0.9294388822085726,0.9295027757836818,0.9295665537513351,0.929630216425015,0.9296937641170712,0.9297571971387266,0.9298205158000816,0.9298837204101197,0.9300097887066229,0.9300726530055142,0.9301354044779511,0.930198043427406,0.9302605701562642,0.9303229849658284,0.9303852881563238,0.9304474800269026,0.9305095608756488,0.9305715309995835,0.9306951402558131,0.930756779976876,0.930818310150672,0.9308797310689761,0.9309410430225279,0.9310022463010365,0.9310633411931846,0.9311243279866337,0.931185206968028,0.931245978422999,0.9313671998911627,0.9314276504705958,0.9314879946560961,0.9315482327282988,0.9316083649668533,0.9316683916504273,0.9317283130567104,0.9317881294624201,0.9318478411433039,0.9319074483741451,0.9320263505800346,0.9320856460998637,0.9321448382592201,0.9322039273281265,0.9322629135756655,0.9323217972699843,0.9323805786782986,0.9324392580668962,0.9324978357011416,0.9325563118454798,0.9326729607176408,0.9327311339697916,0.9327892067806989,0.9328471794102694,0.9329050521175138,0.9329628251605507,0.9330204987966103,0.9330780732820384,0.9331355488723003,0.9331929258219843,0.9333073848136101,0.9333644673603779,0.9334214522762273,0.9334783398114184,0.9335351302153565,0.933591823736596
3.0020202020202023,0.0656442088157351,0.05563538847876752,0.04829525085086474,0.0426819087841964,0.038250059182174945,0.034662133450220574,0.03169797814760098,0.029207888926810602,0.0270865182759094,0.025257580058284664,0.023664474875247775,0.022264324388820946,0.021024051017370527,0.019917729084045526,0.01892475099419493,0.018028530142523622,0.017215565799126687,0.016474757359539547,0.015796893679277182,0.015174267471550278,0.014600380431163565,0.014069715125826141,0.013577556655648573,0.013119851857155711,0.012693097146402765,0.012294248422332319,0.011920648133378436,0.011569965808975988,0.011240149240833702,0.010929384155461297,0.010636060702031411,0.01035874544944756,0.010096157863733333,0.009847150451201927,0.009610691917917065,0.009385852824195287,0.00917179331287042,0.008967752570280057,0.008773039740824043,0.008587026066503823,0.008409138062972594,0.008238851576206692,0.00807568658991366,0.007919202675081631,0.00776899499148474,0.0076246907638570305,0.0074859461690222374,0.007352443578270616,0.007223889109572231,0.007100010448880169,0.006980554907070549,0.006865287683090343,0.006753990308862812,0.006646459252917133,0.006542504665423038,0.006441949247469467,0.0063446272306116715,0.0062503834545088845,0.006159072531592678,0.006070558089552607,0.005984712083003678,0.005901414167690283,0.005820551129786855,0.005742016365516046,0.005665709405624354,0.0055915354803103435,0.0055194051206682694,0.005449233793081249,0.005380941563545564,0.005314452788934815,0.005249695832865434,0.005186602803810051,0.005125109313491987,0.005065154253759228,0.00500667959030654,0.004949630171720343,0.004893953552658742,0.004839599829823816,0.004786521489753543,0.004734673267413756,0.004684012014716544,0.004634496578155226,0.0045860876848306765,0.004538747836199817,0.004492441208963828,0.004447133562506113,0.0044027921524064486,0.004359385649579399,0.004316884064579878,0.004275258676727876,0.004234481967682596,0.004194527559147113,0.004155370154407399,0.004116985483423302,0.004079350251251707,0.004042442089526707,0.004006239510814532,0.003970721865650014,0.003935869302049985,0.00390166272736016,0.9283281036303038,0.9283948771590804,0.928461526383792,0.9285280516512181,0.9285944533068496,0.9287268871582848,0.9287929200386803,0.9288588306764768,0.9289246194108106,0.9289902865795647,0.9290558325193747,0.9291212575656344,0.9291865620525012,0.9292517463129025,0.9293168106785409,0.929446581046249,0.9295112877056508,0.9295758757849648,0.9296403456098535,0.9297046975047885,0.9297689317930549,0.9298330487967574,0.9298970488368259,0.9299609322330199,0.9300246993039347,0.9301518857385171,0.9302153057336003,0.9302786106662457,0.9303418008493052,0.930404876594497,0.9304678382124116,0.9305306860125168,0.9305934203031617,0.9306560413915836,0.9307185495839114,0.9308432284992917,0.9309053998291079,0.9309674594763676,0.9310294077417349,0.9310912449247961,0.9311529713240635,0.9312145872369813,0.9312760929599295,0.9313374887882292,0.931398775016147,0.9315210198426594,0.9315819790245577,0.9316428297726904,0.9317035723761223,0.9317642071228915,0.9318247343000143,0.9318851541934894,0.9319454670883025,0.9320056732684309,0.932065773016848,0.9321856543454476,0.9322454364865963,0.9323051133179748,0.9323646851176024,0.9324241521625203,0.9324835147287966,0.93254277309153,0.9326019275248542,0.9326609783019424,0.9327199256950109,0.932837511413198,0.9328961502780045,0.9329546868381756,0.9330131213612076,0.933071454113665,0.9331296853611843,0.9331878153684791,0.9332458443993423,0.9333037727166521,0.9333616005823743,0.9334769560023859,0.9335344840760843,0.9335919127370214,0.9336492422426634,0.9337064728495885,0.9337636048134905,0.9338206383891823,0.9338775738305998,0.9339344113908062,0.9339911513219951,0.9341043393017701,0.9341607878504301,0.9342171397702277,0.9342733953090653,0.9343295547139978,0.9343856182312368
3.0404040404040407,0.06585873964041593,0.05581735391892414,0.04845333276484352,0.04282172485879283,0.03837545310963771,0.034775850735149355,0.03180204808604771,0.029303853792114608,0.027175577621500722,0.0253406852613531,0.023742393181966644,0.02233768355250319,0.021093371180986944,0.01998344604924478,0.01898723352074126,0.01808809302991086,0.017272479925551094,0.016529257490045014,0.015849184613048104,0.015224528933362838,0.014648771005381549,0.014116375446952798,0.01362261201908916,0.013163414372709386,0.012735267525184628,0.012335117472002157,0.011960298015949744,0.011608471104421219,0.011277577852702874,0.010965798084751477,0.010671516712268498,0.010393295640640477,0.010129850169800407,0.00988002907268372,0.009642797700102488,0.009417223588494663,0.009202464148208689,0.008997756090207809,0.008802406311197837,0.008615784007433964,0.008437313828659405,0.00826646991551548,0.008102770689826962,0.007945774289507077,0.007795074557178047,0.007650297504580413,0.007511098189873167,0.007377157950705878,0.007248181948912127,0.0071238969842758295,0.007004049545438301,0.006888404067308633,0.006776741370869144,0.006668857262373809,0.006564561274154961,0.006463675530336379,0.006366033723002659,0.006271480186870705,0.006179869061223221,0.006091063529900583,0.006004935130874078,0.005921363128140225,0.005840233939395034,0.005761440613922078,0.0056848823554512175,0.005610464085708057,0.005538096044567786,0.005467693423267314,0.0053991760275848046,0.005332467968208726,0.005267497375487912,0.0052041961369259405,0.005142499654617042,0.005082346621490319,0.005023678814255805,0.004966440901985153,0.004910580268563185,0.004856046848200576,0.004802792972752862,0.004750773229772036,0.004699944330681486,0.004650264987955447,0.004601695800806461,0.004554199148574372,0.004507739091292682,0.0044622812768264465,0.004417792854114271,0.004374242392019587,0.004331599803422285,0.0042898362740852215,0.004248924196028434,0.00420883710502497,0.004169549621947694,0.004131037397692002,0.004093277061415982,0.004056246171871534,0.004019923171615544,0.003984287343893412,0.003949318772033559,0.003914998301161471,0.9291692806745975,0.9292353302549934,0.9293012567678042,0.9293670605566703,0.9294327419639536,0.9295637389968658,0.929629055300881,0.9296942505800985,0.9297593251705776,0.9298242794071349,0.9298891136233494,0.9299538281515688,0.9300184233229146,0.9300828994672882,0.9301472569133762,0.9302756170194016,0.9303396203306892,0.9304035062464021,0.9304672750892369,0.9305309271807083,0.9305944628411548,0.9306578823897442,0.9307211861444789,0.9307843744222007,0.9308474475385972,0.930973249544419,0.9310359790594913,0.9310985946645427,0.9311610966695638,0.931223485383422,0.9312857611138659,0.9313479241675302,0.9314099748499411,0.9314719134655215,0.9315337403175954,0.9316570599390565,0.9317185533096431,0.931779936119132,0.931841208665428,0.9319023712453662,0.9319634241547178,0.932024367688194,0.9320852021394507,0.932145927801094,0.9322065449646841,0.9323274549587461,0.9323877483671525,0.932447934433384,0.9325080134438424,0.9325679856839114,0.9326278514379616,0.9326876109893544,0.9327472646204468,0.9328068126125957,0.9328662552461625,0.9329848255540432,0.9330439537841411,0.9331029777672337,0.9331618977787698,0.9332207140932286,0.933279426984124,0.933338036724009,0.9333965435844794,0.9334549478361789,0.9335132497488021,0.9336295476308827,0.9336875441350246,0.9337454393694681,0.9338032335992276,0.9338609270883934,0.9339185201001365,0.9339760128967114,0.9340334057394611,0.9340906988888207,0.9341478926043209,0.9342619827673713,0.9343188797294986,0.9343756782869288,0.9344323786947315,0.9344889812070952,0.9345454860773317,0.9346018935578795,0.9346582039003075,0.9347144173553192,0.9347705341727561,0.9348824788899828,0.9349383072851788,0.9349940400336193,0.9350496773808911,0.9351052195717406,0.9351606668500781
3.078787878787879,0.066071996279358,0.05599823739428626,0.04861047369604183,0.042960707777147715,0.038500099022047034,0.03488888894179127,0.03190549590631399,0.02939924439655872,0.0272641034840162,0.025423292143921028,0.023819843802774986,0.022410601959011456,0.02116227444717682,0.02004876740432472,0.01904933954810885,0.018147296671045324,0.017329050459983942,0.016583428297065463,0.015901159283039114,0.01527448613060129,0.014696868378125687,0.014162752799695588,0.013667393908106625,0.013206712245344103,0.012777181498460044,0.01237573781767195,0.011999706411010336,0.011646741688815123,0.011314778129130936,0.011001989688268423,0.010706756071322543,0.01042763454779432,0.01016333627595548,0.009912706317551112,0.009674706687961332,0.009448401917477074,0.009232946700077205,0.009027575286050043,0.00883159233763185,0.00864436501740332,0.008465316120221753,0.008293918091433379,0.008129687800137897,0.007972181959888167,0.00782099310362862,0.007675746037484427,0.007536094707346365,0.007401719423523142,0.007272324397253576,0.007147635547340816,0.007027398545122623,0.006911377065997568,0.006799351224144989,0.00669111616743277,0.006586480814054868,0.006485266714561082,0.0063873070247432,0.006292445577359465,0.006200536041335841,0.006111441159310583,0.006025032055006168,0.005941187603001377,0.005859793854758655,0.0057807435146114885,0.0057039354611844485,0.005629274309586453,0.005556670010201278,0.005486037480713444,0.005417296268252936,0.005350370238696064,0.0052851872906256115,0.005221679091787961,0.005159780835925435,0.005099431018186995,0.0050405712274669435,0.004983145954333642,0.004927102412923584,0.00487239037593604,0.004818962021410189,0.004766771790396481,0.004715776254641099,0.004665933993393021,0.004617205478733867,0.0045695529686078686,0.004522940407065198,0.004477333331114901,0.004432698783676057,0.004389005232178936,0.004346222492389901,0.004304321657077265,0.004263275029145697,0.0042230560589461286,0.004183639285429387,0.004145000280887743,0.004107115599027972,0.00406996272615791,0.004033520035229815,0.003997766742603405,0.0039626828672979664,0.003928249192587829,0.9299909490131514,0.930056290065065,0.9301215092621056,0.9301866069448276,0.9302515834525172,0.9303811742936406,0.9304457892993608,0.9305102844746328,0.9305746601524916,0.930638916664739,0.9307030543419497,0.9307670735134769,0.9308309745074574,0.9308947576508183,0.9309584232692815,0.931085403228412,0.9311487182145494,0.9312119169667397,0.9312749998047636,0.93133796704723,0.9314008190115811,0.9314635560140977,0.9315261783699047,0.9315886863929764,0.9316510803961418,0.9317755275883722,0.9318375813974149,0.931899522426516,0.9319613509828549,0.9320230673724966,0.9320846719003965,0.9321461648704051,0.9322075465852742,0.9322688173466604,0.9323299774551314,0.932451966910178,0.9325127968524844,0.9325735173333473,0.9326341286479589,0.9326946310904517,0.9327550249539022,0.9328153105303358,0.9328754881107321,0.9329355579850284,0.9329955204421255,0.9331151242551686,0.9331747661837729,0.933234301840504,0.933293731509147,0.9333530554724772,0.9334122740122653,0.9334713874092812,0.9335303959432987,0.9335892998930998,0.9336480995364793,0.933765387010242,0.9338238753913174,0.9338822605673638,0.9339405428113045,0.9339987223951012,0.9340567995897582,0.9341147746653271,0.9341726478909103,0.9342304195346658,0.934288089863811,0.9344031276424613,0.9344604956217354,0.9345177633459453,0.9345749310776666,0.9346319990785595,0.9346889676093716,0.9347458369299424,0.9348026072992072,0.9348592789752009,0.9349158522150623,0.9350287044104838,0.935084983875874,0.9351411659247998,0.9351972508099758,0.9352532387832433,0.9353091300955738,0.9353649249970732,0.9354206237369853,0.9354762265636953,0.9355317337247337,0.9356424620356671,0.9356976836763827,0.9357528106330754,0.935807843149057,0.9358627814668062,0.9359176258279728
3.1171717171717175,0.06628399451538257,0.056178052340788126,0.048766685358076045,0.04309886793533111,0.038624006274998006,0.035001256583510526,0.032008329425147926,0.029494067971955876,0.027352102596511312,0.02550540700921622,0.023896832665565033,0.02248308520725263,0.02123076612299173,0.020113698195759522,0.01911107388869179,0.018206145667024165,0.01738528181150965,0.016637274015144934,0.01595282176381956,0.01532414299064536,0.014744676341120151,0.014208850850263624,0.013711905871486534,0.013249748916266433,0.01281884240633665,0.012416112704905391,0.012038876475514968,0.011684780635686325,0.011351753065212616,0.011037961887126151,0.01074178163052302,0.0104617649560651,0.010196618904885593,0.009945184849036313,0.009706421488103712,0.009479390363959584,0.009263243470026652,0.009057212610466103,0.008860600226050286,0.008672771457638498,0.008493147256157891,0.008321198381493635,0.008156440159214382,0.007998427886762765,0.00784675279513374,0.007701038491908586,0.0075609378172394005,0.0074261300601619375,0.007296318486770814,0.007171228140266256,0.0070506038792610415,0.006934208624171775,0.0068218217865554055,0.006713237859747248,0.0066082651513697755,0.006506724641762305,0.0064084489536094,0.006313281420636283,0.006221075244159681,0.0061316927282064615,0.00604500458464747,0.00596088930103695,0.005879232564625905,0.0057999267368672915,0.0057228703732233235,0.005647967783963386,0.005575128631646712,0.00550426756203759,0.005435303865131421,0.005368161163440711,0.005302767125094444,0.005239053199424811,0.005176954373005487,0.005116408944385824,0.005057358315756314,0.004999746800205349,0.004943521443132085,0.004888631856660061,0.004835030065921516,0.004782670366327988,0.004731509190755981,0.004681504986035113,0.004632618097838437,0.004584810663430226,0.004538046511561723,0.004492291069034545,0.004447511273379501,0.004403675491169917,0.004360753441646611,0.004318716125114982,0.0042775357559022365,0.004237185699427548,0.004197640413200603,0.004158875391373083,0.004120867112650282,0.004083592991310114,0.004047031331116613,0.00401116128193289,0.003975962798846456,0.003941416603643,0.9307937794809108,0.9308584269405866,0.930922953734991,0.9309873602016437,0.9310516466768071,0.9311798609914612,0.9312437894972408,0.9313075993441201,0.9313712908621602,0.9314348643801994,0.9314983202258585,0.9315616587255467,0.9316248802044671,0.9316879849866222,0.9317509733948194,0.9318766023746282,0.9319392435859291,0.9320017697026617,0.9320641810417404,0.932126477918917,0.9321886606487866,0.932250729544792,0.9323126849192299,0.9323745270832554,0.9324362563468874,0.9325593774073984,0.9326207698186814,0.9326820505583894,0.9327432199309381,0.9328042782396379,0.9328652257866985,0.9329260628732344,0.9329867897992695,0.933047406863742,0.9331079143645097,0.9332286018609875,0.9332887824470537,0.9333488546501365,0.9334088187627632,0.9334686750764092,0.9335284238815026,0.9335880654674296,0.9336476001225384,0.9337070281341443,0.9337663497885342,0.9338846751656987,0.9339436794559464,0.934002578523933,0.9340613726508719,0.934120062116975,0.9341786472014578,0.9342371281825436,0.9342955053374672,0.9343537789424804,0.9344119492728558,0.9345279812059125,0.9345858433542821,0.9346436033193982,0.9347012613717023,0.9347588177806817,0.9348162728148751,0.9348736267418757,0.9349308798283358,0.9349880323399706,0.9350450845415632,0.935158889069113,0.9352156419200087,0.9352722955107471,0.935328850101508,0.9353853059515631,0.9354416633192792,0.9354979224621227,0.935554083636663,0.9356101470985771,0.9356661131026529,0.9357777537520194,0.9358334289024762,0.935889007605434,0.9359444901112938,0.9359998766695901,0.9360551675289956,0.9361103629373243,0.936165463141535,0.9362204683877355,0.9362753789211864,0.9363849168266636,0.9364395446850056,0.936494078803236,0.9365485194224318,0.9366028667828438,0.9366571211239006
3.155555555555556,0.06649474995362538,0.056356812042864655,0.04892197933076665,0.043236215609808774,0.038747184113509574,0.035112962072254054,0.03211055636604143,0.029588331662972762,0.027439581610344797,0.025587036082890258,0.023973365625848998,0.022555138827068576,0.021298851448441854,0.02017824340585385,0.01917244129339113,0.018264644559565526,0.017441178332424756,0.016690798823402644,0.016004176076244714,0.015373503388706957,0.014792198635361138,0.014254673215485108,0.013756151411495854,0.013292527779775392,0.012860253543016198,0.012456245334204846,0.012077811322317809,0.011722590975469079,0.011388505613848392,0.01107371756103754,0.010776596200492983,0.010495689610766745,0.010229700739768317,0.009977467291531816,0.009737944669104255,0.009510191443216154,0.009293356922776504,0.009086670479779417,0.008889432346597146,0.008701005654144778,0.00852080952011623,0.008348313028752306,0.008183029971253086,0.00802451423691329,0.00787235576273063,0.007726176964410247,0.007585629582958117,0.007450391892020252,0.007320166218121291,0.00719467673383107,0.007073667489969515,0.00695690065621522,0.006844154945668399,0.0067352242009078534,0.006629916122592941,0.0065280511241190275,0.006429461298201131,0.006333989482443855,0.00624148841326628,0.006151819958630471,0.006064854421004049,0.005980469903080892,0.005898551730104847,0.0058189919226205545,0.005741688714823294,0.00566654611387986,0.005593473496239509,0.0055223852373240045,0.005453200371468918,0.005385842279270795,0.005320238399743826,0.005256319965064926,0.005194021755875593,0.005133281875239648,0.005074041539729679,0.0050162448860120445,0.004959838791717686,0.004904772709318978,0.00485099851197384,0.004798470350264198,0.004747144519025676,0.004696979333418331,0.0046479350134696375,0.004599973576449843,0.00455305873649246,0.0045071558108393805,0.004462231632224668,0.004418254466982852,0.004375193938369778,0.0043330209547798315,0.0042917076424623226,0.004251227282415845,0.004211554251180186,0.00417266396522063,0.004134532828674978,0.00409713818421642,0.00406045826682111,0.004024472160244089,0.003989159756013803,0.003954501714787665,0.9315784125057089,0.9316423808455728,0.9317062296872899,0.9317699593653963,0.9318335702131805,0.931960436744734,0.932023693088895,0.9320868319235284,0.9321498535757716,0.9322127583715489,0.9322755466355769,0.93233821869137,0.9324007748612467,0.9324632154663343,0.9325255408265747,0.9326498470863878,0.9327118286199663,0.9327736961767205,0.9328354500707466,0.9328970906149882,0.9329586181212405,0.9330200329001568,0.9330813352612527,0.9331425255129119,0.9332036039623912,0.9333254266782337,0.9333861715535219,0.9334468058444907,0.9335073298528387,0.9335677438791684,0.9336280482229906,0.9336882431827296,0.933748329055728,0.9338083061382518,0.9338681747254951,0.933987587589586,0.9340471324515061,0.9341065699882997,0.9341659004898739,0.9342251242450924,0.9342842415417804,0.9343432526667292,0.9344021579057012,0.9344609575434338,0.9345196518636446,0.9346367256812986,0.9346951057411179,0.9347533816081767,0.9348115535611604,0.9348696218777618,0.9349275868346846,0.9349854487076488,0.9350432077713944,0.9351008642996859,0.9351584185653168,0.9352732213949405,0.9353304704997033,0.9353876184233536,0.9354446654338934,0.9355016117983788,0.9355584577829246,0.9356152036527082,0.9356718496719739,0.9357283961040366,0.9357848432112864,0.9358974404963069,0.9359535911942687,0.9360096436078083,0.936065597994751,0.9361214546120211,0.9361772137156458,0.9362328755607593,0.9362884404016063,0.9363439084915463,0.9363992800830571,0.9365097347763182,0.9365648183786507,0.9366198064837266,0.9366746993396728,0.936729497193758,0.9367842002923953,0.9368388088811463,0.9368933232047253,0.9369477435070018,0.9370020700310057,0.9371104427121313,0.9371644893511419,0.9372184431756646,0.9372723044245801,0.9373260733359501,0.937379750147021
3.1939393939393943,0.06670427802383143,0.05653452962725789,0.04907636705530806,0.04337276095108986,0.03886964167250822,0.035224013717468416,0.03221218435678652,0.02968204252470092,0.027526547092651357,0.025668185511458774,0.02404944846312925,0.022626768275692953,0.021366535595299534,0.02024240795134927,0.019233446449911762,0.018322797829964946,0.017496744316210715,0.016744006844261597,0.016055226186100762,0.015422571146775237,0.014839438950113033,0.014300223461490813,0.013800133980386453,0.013335052182367062,0.01290141815598768,0.012496138860586075,0.012116514019514777,0.011760175694941222,0.011425038685130149,0.011109259547909518,0.010811202550672328,0.01052941121668522,0.010262584424169448,0.010009556230498436,0.009769278761138802,0.00954080763297043,0.009323289485823965,0.009115951273672802,0.008918091033269966,0.008729069897253987,0.00854830516065419,0.00837526424180893,0.008209459406343036,0.008050443143702957,0.007897804104181394,0.0077511635186548545,0.007610172035344658,0.007474506918375081,0.007343869560030493,0.0072179832675207025,0.007096591288287102,0.006979455045775018,0.006866352558634135,0.006757077022451176,0.006651435534395733,0.006549247944316391,0.0064503458179223485,0.006354571499576316,0.006261777263545582,0.006171824544244792,0.0060845832370539955,0.005999931062089181,0.005917752984656148,0.005837940686358995,0.005760392082016158,0.005685010877416114,0.005611706164574039,0.005540392050122546,0.0054709873142210685,0.005403415096963309,0.005337602609555704,0.0052734808682898095,0.005210984449047821,0.005150051260576089,0.005090622334877527,0.0050326416332255874,0.0049760558664436105,0.004920814328305965,0.00486686874084295,0.004814173110654304,0.004762683595347483,0.0047123583791724355,0.004663157557219292,0.004615043027486419,0.004567978390142161,0.004521928853492753,0.004476861146102715,0.004432743434625328,0.00438954524690346,0.004347237399946294,0.004305791932441056,0.004265182041449861,0.004225382023011941,0.004186367216357773,0.004148113951488445,0.004110599499888361,0.004073802028143923,0.004037700554284144,0.004002274906648792,0.003967505685118135,0.9323454598117654,0.9324087630592639,0.9324719479538752,0.9325350148272012,0.9325979640096066,0.9327235106169589,0.9327861086964985,0.9328485903943134,0.9329109560346662,0.9329732059406153,0.9330353404340216,0.9330973598355534,0.9331592644646923,0.9332210546397385,0.9332827306778163,0.9334057416057168,0.933467077123957,0.933528299762075,0.9335894098313962,0.9336504076421022,0.9337112935032362,0.9337720677227082,0.9338327306072995,0.9338932824626692,0.9339537235933579,0.9340742748932973,0.9341343856660861,0.9341943869212804,0.9342542789579081,0.9343140620739089,0.9343737365661402,0.9344333027303814,0.9344927608613393,0.9345521112526523,0.9346113541968958,0.934729518909189,0.9347884412571166,0.93484725731774,0.9349059673783903,0.9349645717253637,0.9350230706439265,0.9350814644183193,0.9351397533317619,0.9351979376664581,0.9352560177035995,0.9353718660049541,0.9354296348265332,0.9354873004652982,0.9355448631974494,0.9356023232982031,0.9356596810417944,0.9357169367014824,0.9357740905495545,0.9358311428573306,0.9358880938951671,0.936001693237658,0.9360583420782479,0.9361148907207778,0.9361713394308521,0.9362276884731369,0.9362839381113647,0.9363400886083384,0.9363961402259352,0.936452093225111,0.936507947865904,0.9366193631079316,0.9366749242246918,0.936730388014128,0.9367857547317513,0.9368410246321792,0.9368961979691393,0.9369512749954736,0.937006255963142,0.9370611411232265,0.9371159307259345,0.9372252242557026,0.9372797286788407,0.9373341385367653,0.9373884540753694,0.937442675539694,0.9374968031739317,0.9375508372214313,0.9376047779247004,0.9376586255254095,0.9377123802643957,0.9378196121164014,0.9378730897069595,0.9379264753908789,0.9379797694048826,0.9380329719848811,0.9380860833659761
3.2323232323232327,0.06691259396015832,0.05671121805846086,0.049229859829946765,0.04350851398381266,0.038991387969628324,0.035334419721753135,0.032313220926515764,0.02977520752047461,0.027613005524601504,0.025748861360061936,0.024125086880287725,0.02269797893611282,0.021433823665374004,0.020306196682142428,0.019294093981974268,0.018380609897350415,0.01755198399681666,0.01679690214265737,0.016105976003570777,0.015471350032804008,0.014886400922213255,0.014345505103947243,0.013843856981037739,0.013377325422002269,0.01294233944559269,0.012535796392923997,0.012154987590407545,0.011797537736705348,0.011461355145725596,0.011144590642974508,0.010845603408991147,0.010562932437876411,0.010295272561810065,0.010041454212057297,0.00980042625572213,0.009571241372753605,0.009353043549184441,0.009145057335003861,0.00894657858387742,0.008756966441593135,0.00857563639109682,0.008402054194384603,0.008235730600302835,0.00807621670647001,0.00792309988386286,0.007776000185391738,0.0076345671727570275,0.007498477106284167,0.0073674304496000875,0.007241149649244272,0.0071193771541841235,0.007001873645738185,0.0068884164521655035,0.006778798125775404,0.0066728251637556526,0.006570316855554235,0.0064711042429916555,0.006375029180005685,0.0062819434813770215,0.006191708150399076,0.006104192677753544,0.006019274403204346,0.005936837934167644,0.0058567746152900415,0.005778982043747874,0.005703363625810555,0.005629828170621695,0.005558289517594215,0.005488666194162074,0.005420881101306213,0.0053548612237326,0.005290537363099843,0.0052278438916932525,0.005166718525065165,0.0051071021117117255,0.005048938438517884,0.004992174050478978,0.0049367580835624515,0.004882642109546967,0.004829779991881722,0.004778127751730016,0.0047276434431842785,0.004678287037129422,0.004630020312961685,0.004582806757542444,0.0045366114708746165,0.004491401077947004,0.0044471436463162485,0.0044038086089472905,0.004361366692003044,0.004319789847101082,0.004279051187854844,0.004239124930266933,0.004199986336777428,0.0041616116636775035,0.004123978111671089,0.004087063779348833,0.004050847619393291,0.004015309397316932,0.003980429652573819,0.9330955060099319,0.9331581577654341,0.9332206922920347,0.9332831099184503,0.933345410972169,0.9334696646653657,0.9335316179537327,0.9335934559671928,0.9336551790271803,0.9337167874539362,0.9337782815665123,0.9338396616827783,0.933900928119426,0.9339620811919752,0.9340231212147794,0.9341448633627654,0.9342055661108695,0.9342661570550836,0.9343266365040085,0.9343870047651102,0.9344472621447253,0.934507408948066,0.9345674454792257,0.9346273720411832,0.9346871889358089,0.9348064949250314,0.9348659846178695,0.9349253658398683,0.9349846388874289,0.9350438040558734,0.93510286163945,0.9351618119313377,0.9352206552236513,0.9352793918074459,0.9353380219727221,0.9354549642024771,0.9355132768417266,0.9355714842120084,0.935629586598121,0.9356875842838364,0.9357454775519045,0.9358032666840584,0.9358609519610184,0.9359185336624968,0.935976012067202,0.9360906600961375,0.9361478302728075,0.9362048982575931,0.9362618643242523,0.9363187287455658,0.936375491793342,0.9364321537384209,0.9364887148506787,0.9365451753990318,0.9366015356514413,0.9367139563355218,0.9367700172983761,0.9368259790276612,0.9368818417866245,0.9369376058375828,0.9369932714419269,0.9370488388601252,0.9371043083517283,0.9371596801753728,0.937214954588785,0.9373252122112933,0.9373801959313282,0.9374350832630168,0.9374898744595954,0.9375445697734136,0.937599169455939,0.9376536737577603,0.9377080829285916,0.9377623972172762,0.9378166168717897,0.9379247732658953,0.9379787104971374,0.9380325540775165,0.9380863042507289,0.9381399612596265,0.9381935253462199,0.938246996751682,0.9383003757163523,0.9383536624797394,0.9384068572805259,0.9385129719449133,0.9385658922817774,0.9386187216025739,0.9386714601419045,0.9387241081335655,0.9387766658105513
3.270707070707071,0.06711971280483323,0.05688689013504293,0.04938246880713361,0.04364348460117116,0.03911243190355169,0.03544418817902658,0.03241367350403821,0.029867833520043185,0.027698963299526556,0.025829069611279874,0.0242002865012685,0.02276877611957446,0.021500720689632553,0.020369614380208026,0.019354388448135116,0.01843808511876358,0.01760690154807676,0.016849488725437883,0.0161564293826422,0.015519843760341117,0.01493308813523521,0.014390521607177496,0.013887323766145192,0.01341935074802839,0.012983020564572106,0.012575220993626623,0.012193235012698343,0.011834679999081181,0.01149745781936094,0.011179713599069059,0.010879801461648035,0.01059625589749088,0.010327767715687821,0.010073163742839302,0.009831389605611283,0.009601495064026442,0.009382621465511403,0.009173990969692165,0.008974897259678625,0.008784697505907697,0.008602805389489352,0.008428685025476588,0.00826184565467536,0.008101836990736315,0.00794824513278642,0.007800688962370326,0.00765881696094739,0.007522304390759039,0.007390850792036702,0.00726417775570487,0.007142026936611383,0.00702415827837117,0.0069103484227244685,0.006800389282356442,0.00669408675791613,0.0065912595817153585,0.006491738274575989,0.006395364202892788,0.006301988724467522,0.006211472414130035,0.006123684360112949,0.006038501523898001,0.005955808157121109,0.005875495269386386,0.005797460142088833,0.005721605883623756,0.005647841021896812,0.005576079130642587,0.005506238486059419,0.005438241751307788,0.005372015685903064,0.00530749087812302,0.005244601497802085,0.005183285068403535,0.0051234822559773465,0.00506513667399636,0.005008194702601022,0.004952605320835111,0.004898319951073086,0.004845292314475391,0.004793478296496948,0.004742835821829629,0.004693324737870208,0.0046449067060876205,0.004597545100687645,0.004551204913978979,0.004505852667974668,0.004461456331693496,0.00441798524378223,0.004375410040051105,0.004333702585569785,0.004292835910968533,0.004252784152671496,0.004213522496765844,0.004175027126257248,0.004137275171472998,0.00410024466339709,0.004063914489738275,0.0040282643535422625,0.003993274734183506,0.9338291100833731,0.9338911235371912,0.9339530208653901,0.9340148023938479,0.9340764684472244,0.9341994554213153,0.9342607769853095,0.9343219843607927,0.9343830778664186,0.9344440578196559,0.9345049245367947,0.9345656783329512,0.9346263195220738,0.9346868484169478,0.9347472653292015,0.9348677644466054,0.9349278472692731,0.9349878193443659,0.935047680977805,0.9351074324743855,0.9351670741377823,0.9352266062705548,0.9352860291741519,0.9353453431489178,0.9354045484940964,0.935522634487196,0.9355815157281492,0.9356402895255894,0.9356989561733347,0.9357575159641328,0.9358159691896664,0.9358743161405568,0.9359325571063702,0.9359906923756216,0.9360487222357795,0.9361644668734866,0.9362221822207845,0.9362797932984953,0.9363373003889273,0.93639470377337,0.9364520037320996,0.9365092005443831,0.9365662944884832,0.9366232858416624,0.9366801748801877,0.936793647113394,0.9368502308556714,0.9369067133784968,0.9369630949532262,0.9370193758502461,0.9370755563389788,0.9371316366878858,0.9371876171644725,0.9372434980352924,0.937299279565951,0.9374105456644947,0.9374660307588901,0.9375214175661541,0.9375767063472166,0.9376318973620843,0.9376869908698457,0.9377419871286746,0.9377968863958339,0.9378516889276801,0.9379063949796669,0.9380155186613881,0.9380699367975526,0.9381242594667256,0.9381784869199069,0.938232619407217,0.9382866571779015,0.938340600480334,0.9383944495620209,0.9384482046696045,0.9385018660488672,0.9386089086012805,0.9386622902617289,0.9387155791684589,0.9387687755630083,0.9388218796860766,0.9388748917775291,0.9389278120764007,0.9389806408208989,0.9390333782484079,0.9390860245954918,0.9391910449905624,0.9392434195076094,0.939295703882359,0.939347898347328,0.9394000031342349,0.939452018474002
3.3090909090909095,0.06732564940255709,0.05706155848458094,0.04953420498953712,0.043777682563661796,0.03923278225281863,0.03555332707313382,0.0325135494162673,0.02995992729841942,0.027784426722259413,0.02590881616432632,0.02427505287244599,0.022839165060337972,0.021567231627435804,0.02043266575950729,0.01941433434131696,0.018495227787873967,0.01766150108270121,0.016901770540564187,0.016206590120396727,0.015568055987483627,0.014979504120217455,0.014435276383067661,0.01393053763829753,0.013461131360693093,0.01302346461775629,0.01261441567843329,0.012231259218630155,0.011871605335621687,0.011533349485549642,0.011214631126558483,0.010913799353036744,0.010629384177730421,0.010360072409335404,0.010104687290031967,0.00986217122476748,0.009631571070122358,0.00941202554985205,0.009202754446786516,0.009003049285898408,0.008812265273345379,0.008629814298609999,0.008455158839349806,0.008287806636683714,0.008127306028314574,0.007973241848637711,0.0078252318145284,0.007682923333263703,0.007545990674747577,0.007414132461037091,0.007287069432194465,0.007164542453740794,0.007046310735403262,0.006932150236535499,0.006821852233793502,0.006715222034641778,0.006612077817409832,0.006512249584950748,0.0064155782187746814,0.006321914622437617,0.006231118944604565,0.006143059873380168,0.00605761399414292,0.0059746652047641,0.005894104181687977,0.005815827892309468,0.0057397391488802465,0.005665746199673463,0.005593762354200124,0.005523705638859209,0.005455498480350984,0.005389067414331475,0.005324342816809126,0.005261258656409584,0.0051997522655442075,0.005139764128847757,0.00508123768741277,0.005024119157398913,0.004968357361852209,0.00491390357461379,0.004860711375306795,0.0048087365144927775,0.004757936788189999,0.00470827192099916,0.004659703457133037,0.0046121946587719875,0.00456571041116998,0.004520217133929836,0.004475682698091621,0.0044320763485170556,0.0043893686311887725,0.004347531325108439,0.0043065373784007465,0.004266360848361437,0.004226976845160633,0.004188361478933009,0.004150491810027325,0.004113345802206839,0.004076902278575759,0.00404114088006724,0.004006042026316333,0.9345468067766213,0.9346081947251987,0.9346694676312877,0.9347306258179737,0.9347916696071341,0.9349134152743771,0.9349741177902213,0.9350347071840742,0.9350951837718537,0.9351555478683024,0.935215799786993,0.935275939840334,0.9353359683395748,0.9353958855948111,0.9354556919149907,0.9355749729802602,0.9356344483375515,0.9356938139841993,0.935753070223489,0.9358122173575889,0.9358712556875558,0.9359301855133398,0.9359890071337897,0.9360477208466575,0.9361063269486039,0.9362232175009481,0.9362815025392549,0.9363396811424682,0.936397753601866,0.9364557202076641,0.9365135812490216,0.9365713370140453,0.9366289877897943,0.9366865338622853,0.936743975516497,0.9368585467048353,0.9369156768037714,0.9369727036140568,0.9370296274155504,0.9370864484871008,0.9371431671065511,0.9371997835507437,0.9372562980955242,0.9373127110157461,0.9373690225852752,0.937481342762808,0.9375373519136455,0.9375932607994665,0.937649069689265,0.9377047788510736,0.937760388551968,0.9378158990580708,0.9378713106345564,0.9379266235456545,0.9379818380546548,0.9380919729148458,0.9381468937879527,0.9382017173028026,0.938256443718047,0.9383110732914215,0.9383656062797509,0.9384200429389523,0.9384743835240396,0.9385286282891272,0.9385827774874345,0.9386907901921309,0.9387446542005168,0.9387984236461236,0.9388520987777521,0.9389056798433313,0.9389591670899217,0.9390125607637196,0.9390658611100605,0.9391190683734231,0.9391721827974329,0.9392781340976522,0.9393309714568803,0.9393837169427999,0.939436370794826,0.9394889332515427,0.9395414045507062,0.9395937849292492,0.9396460746232833,0.939698273868104,0.939750382898193,0.9398543312480584,0.9399061710327634,0.9399579215326013,0.9400095829780395,0.9400611555987533,0.9401126396236287
3.347474747474748,0.06753041839693755,0.05723523556543919,0.04968507923050772,0.04391111749697036,0.039352447674647406,0.03566184427634974,0.032612855887179104,0.030051495534703525,0.02786940200747493,0.025988106832844565,0.024349391459195995,0.022909150917343673,0.021633361365978408,0.02049535546409802,0.019473936088545862,0.018552042134941785,0.01771578665262065,0.016953751477221127,0.0162564619571007,0.015615990317893496,0.015025652353915698,0.014479772791937302,0.013973501849369343,0.013502670411087674,0.013063674662300151,0.01265338341644879,0.012269063094725164,0.011908316555619063,0.01156903288073436,0.011249345892881433,0.010947599685758725,0.01066231981960651,0.010392189125574412,0.010136027281370308,0.009892773488512505,0.00966147171637285,0.00944125807988337,0.009231349998633032,0.009031036851401116,0.008839671891306966,0.008656665226258076,0.008481477705729552,0.008313615579628777,0.008152625817475381,0.007998091996016199,0.007849630674089376,0.007706888190838979,0.007569537829359794,0.007437277298781757,0.007309826493114513,0.007186925492805545,0.007068332778242941,0.006953823629819,0.0068431886920455876,0.0067362326823708265,0.006632773228313698,0.006532639817673713,0.0064356728498820015,0.00634172277670816,0.006250649323091542,0.006162320779259584,0.006076613356678592,0.005993410601347646,0.005912602858478657,0.005834086783266531,0.0057577648934196935,0.0056835451592064535,0.00561134062740644,0.0055410690759886295,0.005472652696574439,0.00540601780216616,0.005341094557763818,0.005277816731875312,0.005216121466929402,0.005155949067216281,0.0050972428023842165,0.005039948725550342,0.004984015504645556,0.004929394265793244,0.004876038447904756,0.004823903667395062,0.004772947592333773,0.004723129825221748,0.00467441179367724,0.004626756648497162,0.004580129168457577,0.004534495671348782,0.004489823930786657,0.004446083098366519,0.0044032436307586765,0.004361277221378055,0.004320156736307018,0.004279856154164897,0.0042403505096308336,0.00420161584037469,0.004163629137170721,0.004126368296935451,0.004089812078531921,0.00405394006113421,0.004018732604972842,0.935249107895251,0.9353098827565685,0.9353705436389084,0.9354310908626096,0.9354915247468119,0.9356120537673152,0.9356721495359493,0.9357321332297618,0.9357920051619792,0.9358517656446621,0.9359114149887103,0.9359709535038684,0.9360303814987309,0.9360896992807477,0.9361489071562294,0.9362669944071657,0.936325874389592,0.9363846456794379,0.9364433085773959,0.9365018633830503,0.9365603103948827,0.9366186499102765,0.9366768822255226,0.9367350076358234,0.9367930264352989,0.9369087453728687,0.9369664460938326,0.9370240413697206,0.9370815314893116,0.9371389167403317,0.9371961974094576,0.9372533737823224,0.93731044614352,0.9373674147766097,0.9374242799641208,0.9375377011274052,0.9375942576631303,0.9376507118731903,0.9377070640350351,0.937763314425113,0.937819463318874,0.9378755109907755,0.937931457714286,0.9379873037618898,0.9380430494050915,0.9381542405594344,0.9382096866087252,0.938265033329922,0.9383202809896957,0.9383754298537638,0.9384304801868943,0.9384854322529099,0.9385402863146923,0.9385950426341861,0.9386497014724036,0.9387587277444197,0.9388130956956164,0.9388673672003415,0.9389215425150053,0.9389756218951102,0.9390296055952548,0.9390834938691374,0.93913728696956,0.9391909851484326,0.9392445886567768,0.9393515126615499,0.9394048336556161,0.9394580609744364,0.9395111948646497,0.9395642355720297,0.9396171833414888,0.939670038417082,0.9397228010420102,0.9397754714586248,0.9398280499084304,0.9399329318694241,0.9399852358594233,0.9400374488402428,0.9400895710492106,0.9401416027228306,0.9401935440967853,0.9402453954059403,0.9402971568843471,0.940348828765247,0.9404004112810747,0.9405033091432384,0.9405546249504412,0.9406058523143116,0.9406569914633025,0.9407080426250803,0.9407590060265288
3.3858585858585863,0.06773403422968698,0.05740793365973121,0.04983510223070472,0.044043798891294506,0.039471436702899876,0.03576974754858791,0.03271160003706546,0.03014254481166304,0.02795389527943694,0.026066947346995707,0.024423307647061798,0.022978738773494337,0.021699114720050545,0.020557688070235215,0.019533198050479386,0.01860853232657703,0.017769762248404875,0.01700543536544528,0.01630604857593776,0.015663650299667955,0.015071536260155274,0.014524014142449129,0.014016219600926265,0.013543971001365554,0.013103653707376555,0.012692127130094044,0.012306649482115413,0.011944816423765594,0.011604510697652939,0.01128386052295465,0.010981205020742988,0.010695065323605804,0.010424120307306835,0.010167186105318003,0.00992319873334616,0.00969119929004206,0.009470321296144573,0.009259779820793812,0.009058862109075567,0.008866919471798978,0.008683360245267469,0.008507643659924846,0.008339274482819426,0.008177798323032448,0.00802279750659894,0.007873887440794631,0.00773071340267774,0.007592947694082871,0.007460287116281661,0.007332450721928896,0.00720917781090805,0.007090226138215717,0.006975370309226792,0.006864400339711204,0.00675712036049885,0.006653347451365175,0.006552910587966809,0.006455649690265749,0.006361414760872993,0.00627006510334189,0.006181468612240131,0.0060955011272027905,0.006012045844399088,0.005930992779607386,0.005852238277553212,0.005775684563101418,0.005701239330031527,0.005628815363880887,0.005558330195595468,0.0054897057830080665,0.005422868217730192,0.005357747454926723,0.005294277064104108,0.00523239399881868,0.005172038383971892,0.005113153318740452,0.005055684694117705,0.004999581023787471,0.004944793287002067,0.004891274782721523,0.004838980993977837,0.004787869461611741,0.004737899666696577,0.004689032920921138,0.004641232264315802,0.004594462369787856,0.004548689453870658,0.004503881193305057,0.0044600066469515955,0.004417036182657652,0.004374941408735875,0.004333695109689696,0.004293271185897745,0.004253644596967199,0.0042147913085233135,0.004176688242142076,0.004139313228273275,0.004102644961900286,0.004066662960780858,0.0040313475260777,0.9359365035228185,0.9359966773510595,0.9360567382447292,0.9361166865214641,0.9361765224977102,0.9362958588086042,0.9363553597702442,0.9364147496853907,0.9364740288646227,0.9365331976173618,0.936592256251878,0.9366512050752952,0.9367100443935958,0.9367687745116269,0.9368273957331047,0.9369443126956449,0.9370026090385348,0.9370607976885365,0.9371188789437918,0.9371768531013431,0.9372347204571385,0.9372924813060365,0.9373501359418113,0.9374076846571575,0.9374651277436956,0.9375796981914856,0.9376368261306499,0.9376938495968407,0.9377507688763792,0.9378075842545415,0.937864296015563,0.9379209044426433,0.9379774098179512,0.9380338124226286,0.9380901125367961,0.938202406409002,0.9382584007222141,0.938314293655273,0.9383700854832593,0.9384257764802596,0.9384813669193705,0.9385368570727034,0.9385922472113888,0.9386475376055805,0.9387027285244606,0.9388128130081788,0.9388677071065594,0.9389225027967218,0.9389772003430528,0.9390318000089921,0.9390863020570385,0.939140706748752,0.9391950143447597,0.939249225104759,0.9393033392875219,0.9394112789518247,0.9394651049463194,0.9395188353894949,0.939572470535558,0.9396260106378149,0.9396794559486743,0.9397328067196524,0.9397860632013761,0.9398392256435872,0.9398922942951465,0.9399981512173694,0.9400509399813832,0.9401036359414532,0.9401562393420917,0.9402087504269532,0.9402611694388373,0.9403134966196933,0.9403657322106234,0.9404178764518862,0.9404699295829013,0.9405737634676888,0.9406255446961349,0.9406772357636871,0.9407288369056215,0.940780348356396,0.9408317703496543,0.9408831031182292,0.9409343468941461,0.940985501908627,0.9410365683920929,0.9411384366836854,0.941189238948684,0.9412399535964191,0.9412905808533621,0.9413411209452044,0.941391574096861
3.4242424242424243,0.06793651113746944,0.05757966487667192,0.0499842845374341,0.04417573609972789,0.039589757748074855,0.03587704453689582,0.03280978888185456,0.030233081614958395,0.02803791257289504,0.02614534335180515,0.02449680674107833,0.023047933635398633,0.02176449643162318,0.020619668083097023,0.01959212452119623,0.01866470246568308,0.017823431799354812,0.017056825976304518,0.016355353602531913,0.015711039425618054,0.015117159209038888,0.014568003690936027,0.014058694043949944,0.013585036184357737,0.013143404714445115,0.012730649695255614,0.012344021176484159,0.011981107660263739,0.011639785585820968,0.011318177599395731,0.011014617877327777,0.010727623149233399,0.010455868357651188,0.010198166111115315,0.009953449257663996,0.009720756040967797,0.009499217401823024,0.009288046072597573,0.009086527176025126,0.008894010091507032,0.00870990139381408,0.00853365870322022,0.008364785312058674,0.00820282547667704,0.008047360279334455,0.007898003982229855,0.007754400806081331,0.007616222077057033,0.007483163693555807,0.00735494387157855,0.007231301134805032,0.007111992516793619,0.00699679195179911,0.006885488830191989,0.006777886699634844,0.006673802095043455,0.006573063482804017,0.006475510306175372,0.006380992121018392,0.006289367811867824,0.006200504879844375,0.006114278794805067,0.006030572405060742,0.005949275398727472,0.005870283811872046,0.005793499578103886,0.005718830116236592,0.005646187952078353,0.005575490370842674,0.005506659097947897,0.005439620004813255,0.0053743028379482005,0.005310640968935869,0.005248571163558591,0.005188033368284598,0.005128970512783905,0.00507132832685123,0.005015055170752196,0.004960101877680082,0.004906421607446524,0.004853969710428761,0.004802703600951966,0.004752582639340672,0.004703568021987966,0.00465562267878664,0.004608711177355538,0.004562799633538307,0.004517855627743951,0.004473848126608305,0.004430747409649549,0.00438852500055826,0.004347153602707796,0.004306607038670394,0.004266860193410937,0.004227888960894067,0.004189670193894918,0.004152181656761661,0.0041154019809553745,0.0040793106231587885,0.0040438878257955035,0.9366094631611434,0.9366690476606632,0.936728520251411,0.9367878812483635,0.9368471309653167,0.936965297808537,0.9370242155565408,0.9370830232680295,0.9371417212509767,0.9372003098122078,0.9372587892574052,0.9373171598911137,0.9373754220167462,0.937433575936588,0.9374916219518032,0.9376073914674311,0.9376651155646093,0.9377227329507019,0.9377802439213412,0.9378376487710686,0.9378949477933395,0.9379521412805281,0.9380092295239327,0.9380662128137807,0.9381230914392331,0.9382365358482944,0.9382931022049383,0.9383495650432672,0.9384059246471839,0.9384621812995544,0.9385183352822123,0.9385743868759633,0.9386303363605899,0.9386861840148565,0.9387419301165133,0.9388531187679581,0.9389085618682191,0.9389639045168258,0.9390191469865279,0.939074289549089,0.9391293324752904,0.9391842760349357,0.9392391204968554,0.939293866128911,0.9393485131979994,0.9394575127100667,0.939511865682056,0.9395661211491076,0.9396202793733609,0.9396743406160158,0.9397283051373383,0.9397821731966634,0.9398359450523999,0.9398896209620347,0.9399432011821364,0.9400500755754493,0.9401033702572442,0.9401565702666816,0.9402096758558007,0.9402626872757469,0.9403156047767757,0.9403684286082566,0.9404211590186772,0.9404737962556469,0.9405263405659008,0.9406311513888531,0.940683418390685,0.9407355934440756,0.9407876767914463,0.9408396686743664,0.9408915693335583,0.9409433790088999,0.9409950979394289,0.9410467263633466,0.9410982645180211,0.9412010709649703,0.9412523397278492,0.9413035191627004,0.9413546095027816,0.9414056109805388,0.9414565238276104,0.9415073482748302,0.9415580845522311,0.9416087328890488,0.9416592935137247,0.9417601525364684,0.9418104513874802,0.9418606634322452,0.9419107888952862,0.9419608280003526,0.9420107809704232
3.4626262626262627,0.0681378631522889,0.057750441149378995,0.05013263654464812,0.04430693833888371,0.039707419096807764,0.03598374277484517,0.032907429333306606,0.030323112334246796,0.02812145983114324,0.02622330040595574,0.0245698939658748,0.02311674043347881,0.02182951117045563,0.020681299940460165,0.0196507197288435,0.018720556591669806,0.017876799173613667,0.01710792702197001,0.016404380606653515,0.015758161133822713,0.015162524517368325,0.014611744642317435,0.014100928279540537,0.013625868964341432,0.01318293059753953,0.012768953941530721,0.012381180928283442,0.012017192941457136,0.011674860151446365,0.011352299662662744,0.011047840733836816,0.010759995716008908,0.01048743564008966,0.010228969609483702,0.009983527321664774,0.009750144181446103,0.009527948563827025,0.009316150877203864,0.009114034133868259,0.008920945792394852,0.008736290675728437,0.008559524802896457,0.008390149999785395,0.008227709177313969,0.008071782180924128,0.0079219821340276,0.007777952206911956,0.007639362755386078,0.0075059087799381275,0.007377307664789595,0.007253297161404612,0.00713363358606662,0.00701809020551041,0.006906455788268651,0.0067985333019411655,0.006694138739713187,0.006593100061465629,0.006495256236351736,0.006400456376017684,0.006308558948249538,0.006219431062937588,0.006132947822164605,0.006048991728274412,0.005967452143672605,0.005888224797333165,0.005811211333262995,0.005736318896864402,0.005663459755545195,0.0055925509502994875,0.005523513975295126,0.005456274483023279,0.005390762012489859,0.0053269097384591735,0.005264654239920444,0.005203935285971041,0.0051446956376761345,0.005086880864519265,0.005030439174198558,0.004975321254663077,0.004921480127339648,0.0048688710106885415,0.004817451193205139,0.004767179915154248,0.004718018258260063,0.004669929042881231,0.004622876731931925,0.00457682734113526,0.004531748355085788,0.004487608648707199,0.004444378413691401,0.004402029089556907,0.004360533299002497,0.004319864787228043,0.004279998364959482,0.00424090985490758,0.004202576041419809,0.004164974623112557,0.004128084168272689,0.0040918840728481854,0.004056354520846722,0.937268436799506,0.9373274433381426,0.9373863389756799,0.9374451240244777,0.9375037987957235,0.9376208187444836,0.9376791645385627,0.9377374012882306,0.937795529298897,0.9378535488748323,0.9379114603191725,0.937969263933925,0.9380269600199734,0.9380845488770831,0.938142030803906,0.938256675055765,0.9383138379725856,0.9383708951426986,0.9384278468592668,0.9384846934143708,0.938541435099013,0.9385980722031234,0.9386546050155642,0.9387110338241347,0.9387673589155762,0.9388796990887776,0.9389357147387737,0.9389916278081237,0.9390474385783513,0.9391031473299511,0.9391587543423935,0.9392142598941287,0.9392696642625917,0.9393249677242073,0.9393801705543938,0.9394902754171519,0.9395451779955717,0.939599981034268,0.9396546848036977,0.9397092895733388,0.9397637956116944,0.9398182031862979,0.939872512563717,0.9399267240095577,0.9399808377884692,0.9400887733993423,0.9401425957558557,0.9401963214945521,0.9402499508753599,0.9403034841572755,0.9403569215983684,0.9404102634557844,0.9404635099857507,0.9405166614435791,0.9405697180836708,0.940675547923718,0.9407283216279574,0.9407810015230361,0.940833587858861,0.9408860808844522,0.9409384808479468,0.940990787996603,0.9410430025768036,0.9410951248340604,0.9411471550130175,0.9412509401102955,0.9413026955136021,0.941354359808588,0.9414059332356169,0.9414574160342086,0.9415088084430411,0.9415601106999552,0.9416113230419583,0.9416624457052272,0.9417134789251128,0.9418152779720265,0.9418660442656561,0.9419167220491129,0.9419673115536692,0.9420178130097923,0.9420682266471481,0.9421185526946043,0.942168791380234,0.9422189429313192,0.9422690075743544,0.9423688770383332,0.9424186823083575,0.9424684015684995,0.9425180350413659,0.9425675829487954,0.942617045511863
3.501010101010101,0.06833810410003122,0.05792027423476217,0.050280168492081244,0.04443741468791023,0.03982442891198839,0.03608984968348607,0.033004528198794625,0.030412643260567678,0.028204542907414965,0.026300823984501096,0.02464257446586282,0.023185164021920834,0.02189416353379043,0.020742588009881616,0.01970898783539543,0.018776098680552283,0.01792986817854317,0.01715874215542347,0.016453133100891342,0.015805018807485447,0.015207635449070396,0.01465524015009602,0.014142925358447045,0.013666472297045602,0.013222234223382803,0.012807042652546142,0.012418131443328737,0.012053074899827479,0.011709736958195167,0.011386229211385213,0.011080876027453652,0.010792185403067731,0.01051882447889864,0.01025959887224275,0.010013435147860461,0.009779365886728564,0.009556516912440305,0.009344096322052875,0.009141385029041398,0.0089477285817274,0.008762530060785185,0.008585243892790488,0.008415370445405952,0.008252451291312198,0.008096065045989809,0.007945823700328845,0.007801369379861279,0.007662371475483748,0.007528524094722091,0.007399543794397429,0.0072751675581463416,0.007155150988892998,0.007039266689556281,0.006927302810185133,0.006819061741488877,0.006714358937940399,0.006613021855699928,0.006514888992396162,0.00641980901786589,0.006327639985518552,0.006238248616096136,0.006151509645951474,0.006067305233369703,0.00598552441678162,0.005906062619830922,0.005828821198449391,0.0057537070261286195,0.005680632113373091,0.005609513258201153,0.005540271724871418,0.00547283294811867,0.005407126260584244,0.005343084641286315,0.005280644483480455,0.005219745379832211,0.005160329923742062,0.005102343525255165,0.005045734240351056,0.004990452612524081,0.00493645152558115,0.004883686066782308,0.004832113399503607,0.004781692644574873,0.004732384769710749,0.004684152486331044,0.004636960153215654,0.004590773686515487,0.004545560475543347,0.004501289304016847,0.0044579302762662865,0.004415454748119345,0.004373835262036353,0.004333045486269147,0.004293060157715134,0.004253855028219209,0.004215406814080439,0.004177693148540471,0.004140692537063236,0.004104384315192999,0.00406874860884332,0.937913855917881,0.9379722955396431,0.9380306252503176,0.9380888453596882,0.9381469561763757,0.9382628511604014,0.9383206359392147,0.9383783126483054,0.9384358815905602,0.9384933430677349,0.9385506973804595,0.9386079448282441,0.9386650857094831,0.9387221203214619,0.9387790489603604,0.9388925894981444,0.9389492019839125,0.9390057096703759,0.9390621128482671,0.9391184118072449,0.9391746068358979,0.9392306982217508,0.9392866862512682,0.9393425712098605,0.9393983533818877,0.9395096104984676,0.9395650860065345,0.9396204598550746,0.9396757323232705,0.9397309036892834,0.9397859742302579,0.9398409442223268,0.939895813940615,0.939950583659245,0.9400052536513409,0.9401142955434625,0.9401686679847857,0.940222941782179,0.9402771172038425,0.9403311945170055,0.9403851739879298,0.9404390558819148,0.9404928404633015,0.9405465279954771,0.9406001187408792,0.9407070109163895,0.940760312866663,0.9408135190705011,0.9408666297856572,0.9409196452689593,0.940972565776316,0.9410253915627196,0.94107812288225,0.9411307599880799,0.9411833031324776,0.9412881085415549,0.9413403713062883,0.9413925411097049,0.941444618199614,0.9414966028229446,0.9415484952257497,0.9416002956532102,0.9416520043496386,0.9417036215584828,0.94175514752233,0.9418579266811018,0.9419091803569315,0.941960343749582,0.9420114170973936,0.9420624006378685,0.9421132946076742,0.9421640992426478,0.9422148147777987,0.9422654414473128,0.9423159794845564,0.9424167905916173,0.942467064124099,0.9425172499496457,0.9425673482975772,0.942617359396414,0.9426672834738817,0.9427171207569142,0.9427668714716566,0.9428165358434694,0.9428661140969313,0.9429650131432306,0.9430143343813481,0.943063570391682,0.9431127213949537,0.9431617876111233,0.9432107692593926
3.5393939393939395,0.06853724760140549,0.058089175714918145,0.05042689046591318,0.04456717408913296,0.03994079523256444,0.03619537257015897,0.03310109218120968,0.03050168059043921,0.028287167564308536,0.026377919476390104,0.02471485330548573,0.023253209179509682,0.021958458046852005,0.020803536590795937,0.01976693293705432,0.018831332645397443,0.01798264256066119,0.017209274972390203,0.016501614541468524,0.015851615775434796,0.015252495215475559,0.014698493316741095,0.01418468828243575,0.0137068490900696,0.013261318412044538,0.01284491856631298,0.012454875382751774,0.012088756124431721,0.011744418527245741,0.01141996870272139,0.011113726154987036,0.01082419454991574,0.010550037159357126,0.010290056133526848,0.010043174921278375,0.009808423295364084,0.009584924541917046,0.009371884459153457,0.009168581873239974,0.008974360432565276,0.008788621485182033,0.008610817873858818,0.008440448515800867,0.008277053652962147,0.008120210677530151,0.007969530453921332,0.007824654068899413,0.007685249953450355,0.00755101132700369,0.007421653923592905,0.007296913963296997,0.007176546339421536,0.007060322994684096,0.006948031464064546,0.006839473564600224,0.006734464214911973,0.00663283037014904,0.006534410059080778,0.006439051512109725,0.006346612370503173,0.006256958967978604,0.00616996567718775,0.006085514314210655,0.006003493595264927,0.005923798640301823,0.005846330518833495,0.005770995833903344,0.005697706340458487,0.005626378594891932,0.005556933632817903,0.005489296672367686,0.005423396840971896,0.005359166922997871,0.005296543126932967,0.005235464869989841,0.005175874578821277,0.005117717504909081,0.005060941553326592,0.005005497123912184,0.004951336963599332,0.004898416029174607,0.004846691359548421,0.004796121956816383,0.004746668675260983,0.004698294117964328,0.004650962540165123,0.004604639758958751,0.004559293068904425,0.004514891163009468,0.004471404058733887,0.00442880302865383,0.004387060535433759,0.004346150170798202,0.0043060465982197905,0.004266725499062215,0.004228163521947659,0.004190338235103491,0.004153228081509213,0.004116812336636823,0.004081071068622179,0.9385461344289027,0.9386040178660712,0.9386617923649522,0.9387194582327941,0.938777015775691,0.938891807105286,0.9389490414984493,0.9390061687796081,0.9390631892491654,0.939120103206402,0.9391769109494815,0.9392336127754558,0.93929020898027,0.9393466998587677,0.9394030857046963,0.9395155434683836,0.9395716159682005,0.9396275845995746,0.939683449650847,0.9397392114092927,0.9397948701611251,0.9398504261915012,0.9399058797845263,0.9399612312232593,0.9400164807897169,0.9401266754286923,0.9401816210600771,0.9402364659369299,0.9402912103361293,0.9403458545335401,0.9404003988040184,0.9404548434214159,0.9405091886585846,0.940563434787381,0.9406175820786715,0.9407255812272722,0.9407794336214018,0.940833188251673,0.9408868453840655,0.9409404052835956,0.9409938682143194,0.941047234439338,0.9411005042208016,0.9411536778199137,0.9412067554969352,0.9413126241210649,0.9413654155840212,0.9414181121565921,0.9414707140943899,0.9415232216521096,0.9415756350835333,0.9416279546415337,0.941680180578079,0.9417323131442359,0.9417843525901747,0.941888153117617,0.9419399146950119,0.9419915841439793,0.9420431617102641,0.9420946476387383,0.9421460421734041,0.9421973455573986,0.9422485580329972,0.9422996798416171,0.9423507112238219,0.9424525036669913,0.9425032652048465,0.9425539372700745,0.9426045200990246,0.9426550139272144,0.9427054189893335,0.9427557355192469,0.9428059637499988,0.9428561039138164,0.9429061562421129,0.9430059983137503,0.9430557885158818,0.9431054918000807,0.9431551083937454,0.9432046385234815,0.9432540824151058,0.9433034402936493,0.9433527123833608,0.9434018989077101,0.9434510000893916,0.9435489473116719,0.9435977937938123,0.9436465558163747,0.9436952335982264,0.9437438273574787,0.943792337311491
3.577777777777778,0.06873530707131643,0.05825715699599727,0.05057281239902871,0.04469622534846229,0.04005652597455219,0.03630031863028593,0.033197127881272805,0.03059023042287393,0.02836933947491625,0.026454592187424724,0.024786735469661432,0.023320880609284465,0.022022399163471103,0.020864149913794577,0.019824559064915218,0.018886262336707014,0.018035126006921032,0.017259529009944586,0.01654982832900961,0.015897955312613652,0.01529710697557131,0.014741507194131063,0.014226220003839534,0.0137470022033096,0.013300185936942932,0.012882584375668962,0.012491415363725824,0.012124239161365418,0.011778907337837501,0.01145352055287547,0.011146393473025469,0.010856025456960183,0.010581075928553396,0.010320343589518102,0.01007274879006286,0.009837318509767386,0.009613173510936442,0.009399517305572693,0.009195626643646862,0.009000843284232419,0.008814566851832968,0.008636248614064757,0.008465386045622445,0.008301518064859743,0.008144220847318489,0.007993104137085776,0.00784780798765575,0.007707999875389916,0.007573372136545614,0.007443639686671563,0.007318537986423409,0.007197821223362416,0.007081260683651272,0.006968643290491072,0.006859770290308248,0.006754456068768233,0.006652527082822617,0.0065538208948274935,0.006458185298167583,0.006365477524188653,0.006275563521718763,0.00618831730163037,0.0061036203396657,0.0060213610315965616,0.0059414341953244465,0.005863740615452806,0.005788186626053007,0.005714683727933553,0.00564314823715571,0.005573500961898126,0.005505666904937082,0.005439574989521967,0.0053751578064584115,0.005312351380478538,0.0052510949542670105,0.005191330788661043,0.0051330039774004,0.005076062275515412,0.005020455939941286,0.004966137581472463,0.004913062027137086,0.004861186192071765,0.004810468960231914,0.0047608710731305804,0.004712355026094255,0.004664884971356832,0.004618426627515231,0.004572947194888353,0.004528415276257025,0.004484800802677784,0.004442074963935433,0.004400210143329316,0.004359179856470702,0.004318958693801881,0.0042795222665933386,0.004240847156152964,0.004202910866046611,0.004165691777108602,0.00412916910506435,0.004093322860585866,0.9391656695628863,0.9392230072475597,0.9392802369499693,0.9393373589748677,0.9393943736258614,0.9395080820148661,0.9395647763544103,0.9396213645231268,0.9396778468189743,0.939734223538797,0.9397904949783308,0.9398466614322079,0.939902723193962,0.9399586805560339,0.9400145338097761,0.9401259291522703,0.9401814718183319,0.9402369115306924,0.9402922485753391,0.9403474832372003,0.9404026158001514,0.9404576465470194,0.9405125757595871,0.940567403718599,0.9406221307037654,0.9407312828662606,0.9407857085978822,0.9408400344642533,0.9408942607399846,0.9409483876986809,0.9410024156129457,0.9410563447543859,0.941110175393616,0.9411639078002628,0.9412175422429702,0.941324518306253,0.9413778604592402,0.9414311057131206,0.941484254331689,0.9415373065777833,0.9415902627132893,0.9416431229991443,0.9416958876953425,0.9417485570609384,0.941801131354051,0.9419059957506526,0.9419582863657419,0.9420104829315564,0.9420625857016023,0.942114594928475,0.942166510863864,0.9422183337585567,0.942270063862442,0.9423217014245154,0.9423732466928818,0.9424760613364871,0.9425273312035214,0.9425785097604474,0.9426295972509788,0.9426805939179631,0.9427315000033847,0.9427823157483693,0.9428330413931878,0.9428836771772594,0.9429342233391561,0.9430350477464967,0.9430853264648804,0.9431355165069761,0.9431856181071739,0.9432356314990386,0.943285556915313,0.9433353945879224,0.943385144747977,0.9434348076257766,0.9434843834508133,0.9435832748565509,0.9436325908922311,0.9436818207851138,0.943730964760707,0.9437800230437322,0.943828995858128,0.9438778834270531,0.9439266859728905,0.94397540371725,0.9440240368809718,0.9441210503460365,0.9441694310852429,0.9442177281195446,0.9442659416659843,0.9443140719408551,0.9443621191597033
3.6161616161616164,0.06893229572192629,0.058424229310000284,0.050717944071769404,0.044824577135979836,0.04017162893125471,0.03640469494700206,0.03329264179479915,0.030678298761635397,0.028451064222982634,0.026530847338851644,0.02485822586436489,0.023388182939953338,0.022085991266143856,0.020924432142502027,0.019881870185244628,0.018940891542883094,0.018087322144150462,0.01730950774819113,0.016597777808803418,0.01594404064050243,0.015341473836774516,0.014784284784066093,0.014267523426469007,0.01378693444935305,0.013338839525821804,0.01292004272869775,0.012527753959823338,0.012159526514230894,0.011813205827645048,0.011486887137222393,0.011178880298515896,0.010887680385563758,0.010611942995116648,0.010350463399209626,0.01010215886580076,0.009866053596316902,0.009641265843003921,0.009426996843806703,0.009222521283719618,0.00902717904262968,0.00884036803083088,0.008661537949206115,0.008490184837802823,0.008325846298278324,0.008168097296290944,0.008016546461536822,0.00787083281982716,0.007730622898021669,0.007595608153921065,0.007465502689069298,0.0073400412087155,0.007218977198535227,0.007102081291590179,0.006989139802678107,0.006879953410591094,0.0067743359710417585,0.006672113445366223,0.006573122932023786,0.0064772117897568615,0.006384236842178989,0.0062940636552843345,0.0062065658801524004,0.006121624654014049,0.006039128053888049,0.005958970597263215,0.005881052785392161,0.0058052806848014615,0.00573156554351912,0.005659823438600877,0.005589974951966098,0.005521944872212422,0.005455661919566685,0.0053910584922422745,0.005328070432199437,0.0052666368085925175,0.0052066997172700415,0.005148204095140623,0.005091097547952529,0.005035330190522411,0.0049808544982542025,0.004927625169093064,0.004875598995081799,0.004824734742676751,0.004774993041213379,0.0047263362788447305,0.004678728505354762,0.00463213534138353,0.0045865238934998465,0.004541862674757329,0.004498121530266249,0.004455271567468515,0.00441328509072682,0.0043721355399445804,0.004331797432932946,0.004292246311241477,0.004253458689230042,0.004215412006148072,0.004178084581020551,0.0041414555701484125,0.004105504927048325,0.9397728426998804,0.9398296447749945,0.9398863398075131,0.9399429280997316,0.9399994099528078,0.9401120555405121,0.9401682198718181,0.9402242789573485,0.9402802330926548,0.9403360825721833,0.9403918276892792,0.940447468736193,0.9405030060040847,0.9405584397830292,0.9406137703620218,0.9407241230707598,0.9407791457731401,0.9408340664208475,0.9408888852975515,0.9409436026858712,0.94099821886738,0.9410527341226113,0.9411071487310618,0.9411614629711978,0.9412156771204591,0.9413238062510128,0.9413777217820954,0.9414315383218933,0.9414852561427846,0.9415388755161495,0.9415923967123743,0.9416458200008562,0.9416991456500073,0.94175237392726,0.9418055050990704,0.9419114771873378,0.9419643186318685,0.9420170640271133,0.9420697136347158,0.9421222677153706,0.9421747265288264,0.9422270903338917,0.9422793593884382,0.9423315339494052,0.9423836142728037,0.9424874932263241,0.942539292363865,0.9425909982786836,0.9426426112222127,0.9426941314449815,0.9427455591966198,0.9427968947258626,0.9428481382805529,0.942899290107647,0.9429503504532175,0.943052197679686,0.9431029850483481,0.943153681911023,0.9432042885094256,0.9432548050844106,0.943305231875977,0.9433555691232711,0.9434058170645907,0.943455975937389,0.9435060459782777,0.943605920506592,0.9436557254630694,0.9437054425257488,0.9437550719270924,0.9438046138987429,0.9438540686715283,0.943903436475464,0.9439527175397578,0.9440019120928123,0.944051020362229,0.9441489789565705,0.9441978297327239,0.9442465951277036,0.9442952753651576,0.9443438706679531,0.9443923812581806,0.9444408073571569,0.9444891491854283,0.9445374069627746,0.9445855809082115,0.9446816781756237,0.9447296019318425,0.9447774427246463,0.9448252007692821,0.9448728762802535,0.9449204694713234
3.6545454545454548,0.06912822655926106,0.05859040371539792,0.05086229511285302,0.04495223798668069,0.040286111773533806,0.03650850849267922,0.033387640316956894,0.03076589151568078,0.028532347303814994,0.026606690069245587,0.024929329317210036,0.023455120725758314,0.022149238667095155,0.020984387373019345,0.01993887020019864,0.01899522399096752,0.018139234540456135,0.017359214609807064,0.01664546627126668,0.015989874927677575,0.015385598855158698,0.014826829038699203,0.014308601406137576,0.013826648594184397,0.013377281860869505,0.012957296229272948,0.012563893701494766,0.012194620644513836,0.011847316393280674,0.01152007079155724,0.011211188909206533,0.010919161558849373,0.010642640530400505,0.010380417684864782,0.010131407223955145,0.0098946305861513,0.009669203526896026,0.009454325022260908,0.009249267703346489,0.009053369580785398,0.008866026859937013,0.008686687683235106,0.008514846663811589,0.008350040093689701,0.008191841735018348,0.008039859109143874,0.007893730219632926,0.007753120648921863,0.0076177209810910675,0.0074872445079588535,0.007361425183478487,0.0072400157951649936,0.007122786326485965,0.007009522487031508,0.006900024391058095,0.006794105367114889,0.006691590883562906,0.006592317577487968,0.006496132375270881,0.0064028916950238535,0.006312460721939662,0.006224712749182395,0.006139528577303345,0.006056795966291019,0.0059764091348331995,0.00589826830230771,0.005822279269152162,0.0057483530319654775,0.0056764054300308155,0.005606356820317895,0.005538131778322265,0.00547165882229653,0.005406870158935532,0.005343701448446092,0.005282091587300467,0.005221982507313395,0.00516331898934522,0.0051060484906822546,0.005050120984789043,0.004995488812379306,0.004942106543034968,0.00488993084633801,0.004838920371883985,0.004789035637434253,0.004740238924534235,0.004692494181078786,0.004645766930254948,0.004600024185395528,0.0045552343703016175,0.004511367244604769,0.004468393833839155,0.004426286363846407,0.004385018199238294,0.00434456378557562,0.004304898595062778,0.0042659990754677635,0.0042278426020694315,0.004190407432414405,0.004153672663693867,0.004117618192577578,0.940368020152411,0.9404242964822616,0.9404804666932369,0.9405365310852131,0.940592489956937,0.940704092329004,0.9407597364212449,0.9408152761770392,0.9408707118895692,0.9409260438509192,0.9409812723520816,0.9410363976829617,0.9410914201323822,0.9411463399880894,0.9412011575367568,0.9413104868543382,0.9413649991912842,0.9414194103572652,0.9414737206336689,0.9415279303008405,0.9415820396380878,0.9416360489236857,0.9416899584348805,0.9417437684478955,0.9417974792379354,0.941904604244842,0.9419580190070664,0.9420113356370403,0.9420645544049444,0.942117675579969,0.9421706994303175,0.9422236262232119,0.9422764562248964,0.9423291897006426,0.9423818269147536,0.9424868136104658,0.9425391636158704,0.9425914184072551,0.9426435782441461,0.9426956433851278,0.9427476140878459,0.9427994906090128,0.942851273204411,0.9429029621288978,0.9429545576364091,0.9430574694116686,0.94310878618272,0.9431600105434109,0.9432111427431332,0.9432621830303823,0.943313131652761,0.9433639888569834,0.9434147548888793,0.9434654299933976,0.9435160144146107,0.9436169121790511,0.9436672260060749,0.9437174501173943,0.9437675847527567,0.9438176301510559,0.9438675865503362,0.9439174541877957,0.9439672332997908,0.9440169241218391,0.9440665268886236,0.9441654691909818,0.9442148091917811,0.9442640620677754,0.9443132280495289,0.9443623073667934,0.9444113002485114,0.9444602069228196,0.9445090276170526,0.9445577625577464,0.9446064119706419,0.9447034551120463,0.9447518492880929,0.9448001588314225,0.9448483839638527,0.944896524906426,0.9449445818794139,0.9449925551023203,0.9450404447938846,0.9450882511720852,0.9451359744541425,0.945231172594941,0.945278647884364,0.9453260409390138,0.9453733519723714,0.945420581197179,0.945467728825444
3.692929292929293,0.06932311239089364,0.05875569109833576,0.05100587500031913,0.04507921630152237,0.04039998205318884,0.036611766128643884,0.03348212974042473,0.030853014500161993,0.028613194124879598,0.026682125434857245,0.025000050578342266,0.023521698447624893,0.0222121456087956,0.02104401963489182,0.019995562948396644,0.01904926334649824,0.018190866705446593,0.01740865296208757,0.016692896952707228,0.01603546129035622,0.01542948503649869,0.014869142860961526,0.0143494567509111,0.013866147357568985,0.013415515578934372,0.012994347437554232,0.012599837076664074,0.012229523972292758,0.01188124139095289,0.011553073811770509,0.011243321544168832,0.010950471162126297,0.010673170668913283,0.010410208532328531,0.010160495904527167,0.009923051475524889,0.009696988517188492,0.009481503755718275,0.00927586777934099,0.009079416739274529,0.008891545144949149,0.00871169958877495,0.008539373264239909,0.008374101161158363,0.008215455844206607,0.008063043732267516,0.007916501812198431,0.007775494727048891,0.007639712191741246,0.007508866692694857,0.007382691436555011,0.007260938516386047,0.007143377269483045,0.007029792803475107,0.0069199846711142255,0.006813765676497401,0.0067109607976932086,0.00661140621287223,0.006514948418290779,0.006421443428707968,0.006330756050569795,0.006242759221054645,0.006157333405814448,0.0060743660494366105,0.0059937510734210855,0.005915388416783803,0.005839183615268076,0.005765047415387271,0.005692895419927854,0.005622647762070807,0.0055542288053438416,0.0054875668671415,0.005422593963635852,0.005359245574213395,0.005297460423631106,0.005237180280483525,0.005178349770456725,0.005120916203156023,0.005064829411425577,0.0050100416020345696,0.004956507216854017,0.004904182803663987,0.004853026895832192,0.004802999900121324,0.004754063992048442,0.004706183018150162,0.0046593224046832206,0.004613449072244654,0.004568531355850225,0.004524538930102612,0.0044814427390683165,0.004439214930491645,0.004397828794082411,0.004357258703540042,0.004317480062089112,0.004278469251262185,0.004240203582706492,0.004202661252814067,0.0041658212999863276,0.004129663564343141,0.9409515539022953,0.9410073140825895,0.9410629690521753,0.9411185191085462,0.941173964548075,0.9412845427565274,0.9413396761126415,0.941394706026305,0.9414496327883667,0.941504456688586,0.941559178015638,0.9416137970571188,0.94166831409955,0.9417227294283844,0.9417770433280105,0.9418853679719007,0.9419393792796654,0.941993290285233,0.942047101267745,0.942100812505308,0.9421544242749984,0.9422079368528677,0.9422613505139467,0.9423146655322502,0.942367882180782,0.942474021455518,0.9425269446227156,0.9425797705021378,0.9426324993618023,0.9426851314687426,0.9427376670890134,0.9427901064876952,0.9428424499288979,0.9428946976757657,0.9429468499904818,0.943050869367411,0.9431027369492232,0.9431545101380904,0.9432061891914546,0.9432577743658225,0.9433092659167694,0.9433606640989444,0.9434119691660733,0.9434631813709635,0.9435143009655084,0.9436162633265879,0.9436671065923743,0.943717858246327,0.9437685185358291,0.9438190877073735,0.9438695660065678,0.943919953678137,0.9439702509659286,0.9440204581129158,0.944070575361202,0.9441705411257568,0.9442203901219162,0.9442701501791637,0.94431982153531,0.9443694044273185,0.9444188990913097,0.9444683057625639,0.9445176246755261,0.9445668560638091,0.944616000160197,0.9447140274043045,0.9447629110134835,0.9448117082536933,0.9448604193536305,0.9449090445411853,0.9449575840434445,0.9450060380866954,0.9450544068964292,0.9451026906973442,0.94515088971335,0.9452470342823467,0.9452949802792419,0.9453428423790431,0.9453906208017657,0.9454383157666565,0.9454859274921967,0.9455334561961061,0.9455809020953452,0.9456282654061198,0.9456755463438832,0.9457698619584501,0.9458168970624297,0.9458638506477568,0.9459107229261735,0.945957514108689,0.9460042244055831
3.7313131313131316,0.06951696582262215,0.05892010217426854,0.051148693062918534,0.04520552034951057,0.04051324720063781,0.036714474609174964,0.03357611625792065,0.030939673436662374,0.028693610006948,0.026757158410427424,0.025070394320857177,0.023587920513699193,0.022274716264735775,0.021103332892105687,0.020051952205582948,0.01910301321648067,0.018242222090912277,0.01745782611629536,0.01674007303583055,0.016080802793146876,0.015473135336154764,0.014911229105987332,0.014390092222008662,0.013905433413704251,0.013453543273571527,0.013031198870637733,0.012635586531239163,0.01226423887662677,0.01191498313688715,0.011585898454750252,0.011275280404347221,0.010981611343359192,0.010703535508280689,0.010439837991813201,0.010189426912432043,0.009951318226245778,0.009724622734691941,0.009508534926020962,0.009302323356064813,0.009105322326712873,0.008916924660297936,0.0087365754074884,0.008563766349583224,0.008398031180831378,0.008238941274995788,0.008086101954282434,0.00793914919413601,0.00779774670318824,0.007661583331791804,0.007530370765234741,0.00740384146678698,0.0072817468386686835,0.0071638555754781775,0.007049952186063714,0.00693983566456402,0.006833318293438853,0.006730224563052928,0.006630390195021302,0.006533661257866743,0.006439893365022106,0.006348950946224119,0.006260706584506678,0.00617504041239471,0.006091839560783058,0.0060109976555343825,0.005932414356747929,0.005855994936903712,0.005781649893717861,0.005709294594758552,0.005638848950584228,0.0055702371138680274,0.005503387202206254,0.005438231042263184,0.005374703933551883,0.005312744430001118,0.005252294137895424,0.005193297528520585,0.005135701764595229,0.005079456539090936,0.005024513925520803,0.004970828238733753,0.0049183559053489955,0.004867055343116472,0.004816886848386056,0.004767812491199857,0.004719796017278201,0.004672802756462646,0.004626799537095248,0.004581754605872068,0.004537637552829099,0.004494419240986052,0.004452071740402345,0.0044105682662791525,0.004369883120836479,0.0043299916386850025,0.004290870135467488,0.004252495859536243,0.004214846946453925,0.004177902376137624,0.004141641932459281,0.9415237822946378,0.9415790356621002,0.9416341847118489,0.9416892297390315,0.9417441710376828,0.9418537436200011,0.941908375486223,0.941962904789034,0.9420173318169853,0.9420716568575465,0.9421258801971106,0.9421800021210002,0.9422340229134706,0.9422879428577162,0.9423417622358753,0.9424491004172332,0.9425026197794704,0.9425560396937074,0.9426093604368736,0.9426625822848712,0.9427157055125799,0.9427687303938616,0.9428216572015652,0.9428744862075311,0.9429272176825962,0.9430323891183802,0.9430848296157954,0.9431371736557118,0.9431894215040165,0.9432415734256202,0.9432936296844617,0.9433455905435126,0.9433974562647813,0.9434492271093179,0.9435009033372179,0.9436039729787465,0.9436553669078348,0.9437066672512143,0.9437578742642748,0.9438089882014775,0.9438600093163593,0.9439109378615373,0.9439617740887127,0.944012518248675,0.9440631705913062,0.9441642008195893,0.9442145792005042,0.9442648667546217,0.9443150637273471,0.944365170363202,0.9444151869058293,0.944465113597996,0.944514950681598,0.9445646983976634,0.9446143569863571,0.9447134077379921,0.9447628003769791,0.9448121048406931,0.9448613213650382,0.9449104501850774,0.9449594915350369,0.9450084456483095,0.9450573127574585,0.9451060930942212,0.9451547868895127,0.9452519157752528,0.945300351323453,0.9453487012456924,0.9453969657688289,0.94544514511892,0.945493239521226,0.9455412492002133,0.9455891743795586,0.9456370152821516,0.9456847721300988,0.945780034546587,0.9458275405554557,0.9458749633903413,0.9459223032694853,0.9459695604103668,0.9460167350297048,0.9460638273434626,0.9461108375668502,0.9461577659143281,0.9462046125996105,0.9462980618347323,0.9463446648082973,0.9463911869671239,0.9464376285212426,0.9464839896799567,0.9465302706518456
3.76969696969697,0.06970979926039987,0.05908364748936894,0.05129075848219817,0.04533115826664889,0.04062591452686237,0.036816640578686846,0.03366960596272737,0.031025873955109726,0.02877360018458801,0.02683179388992491,0.025140365142195704,0.023653791260566864,0.022336954740202235,0.021162331043704113,0.020108041685669056,0.019156477146751394,0.0182933040918009,0.017506737328949345,0.01678699765058519,0.016125902449671,0.015516552660323384,0.014953090580672226,0.014430510534368073,0.013944509391677525,0.013491367493873108,0.013067853003094303,0.012671144469771878,0.012298767696192916,0.011948543907939884,0.011618546938951067,0.011307067653077856,0.011012584213689352,0.010733737110339281,0.010469308078184025,0.010218202218076074,0.009979432766342373,0.00975210806705692,0.009535420382022089,0.009328636245845266,0.009131088120301643,0.008942167149595202,0.008761316850681647,0.008588027600141608,0.008421831803453603,0.00826229964955183,0.008109035370016329,0.007961673933968023,0.007819878120421191,0.007683335919859448,0.007551758220582706,0.007424876746341608,0.007302442212264075,0.007184222673481622,0.007070002043192112,0.006959578759941433,0.006852764587238174,0.006749383530275178,0.0066492708565505845,0.006552272209017138,0.006458242802017502,0.006367046690412975,0.006278556105024892,0.0061926508469775255,0.00610921773511822,0.006028150101185038,0.005949347327890431,0.005872714425781331,0.005798161645097261,0.005725604119416028,0.005654961537827423,0.005586157843297365,0.005519120954625145,0.005453782509964137,0.005390077629908729,0.005327944698493403,0.005267325160465035,0.00520816333357069,0.005150406234390542,0.005094003416761821,0.005038906821649234,0.00498507063752767,0.004932451170512743,0.0048810067233174825,0.004830697482475174,0.004781485413105,0.004733334160625252,0.0046862089589790245,0.004640076544728152,0.00459490507673223,0.004550664060879069,0.004507324279577182,0.004464857725605913,0.004423237540055342,0.004382437954032623,0.004342434233895528,0.004303202629744929,0.004264720326967421,0.004226965400616384,0.00418991677243165,0.004153554170330872,0.9420850306918834,0.9421397863334384,0.9421944385354726,0.9422489875908227,0.942303433791221,0.9424120187886009,0.9424661581635722,0.9425201958395811,0.9425741321029161,0.9426279672387916,0.9426817015313536,0.9427353352636847,0.9427888687178089,0.9428423021746966,0.9428956359142694,0.9430020053559434,0.9430550416126882,0.9431079792614154,0.9431608185768761,0.9432135598328014,0.9432662033019076,0.9433187492559004,0.9433711979654803,0.9434235497003463,0.943475804729201,0.943580025738734,0.943631992251877,0.9436838631239475,0.9437356386187349,0.9437873189990592,0.9438389045267757,0.9438903954627794,0.9439417920670095,0.9439930945984533,0.9440443033151512,0.9441464403317608,0.9441973691430559,0.9442482051623805,0.9442989486431035,0.9443495998376721,0.9444001589976159,0.9444506263735515,0.9445010022151862,0.9445512867713226,0.9446014802898621,0.9447015952012766,0.9447515170854869,0.9448013489147786,0.9448510909326097,0.944900743381561,0.9449503065033409,0.9449997805387884,0.9450491657278779,0.9450984623097224,0.9451476705225779,0.9452458227900816,0.9452947673169897,0.9453436244194358,0.9453923943314467,0.9454410772862146,0.9454896735161007,0.945538183252639,0.9455866067265406,0.9456349441676962,0.9456831958051806,0.9457794425813758,0.9458274381741878,0.9458753488715382,0.9459231748984749,0.945970916479251,0.9460185738373283,0.9460661471953813,0.9461136367752997,0.9461610427981926,0.9462083654843917,0.9463027617241687,0.9463498357145538,0.9463968272418659,0.9464437365226007,0.9464905637724965,0.946537309206538,0.946583973038959,0.9466305554832464,0.9466770567521424,0.9467234770576491,0.9468160756228169,0.9468622543028062,0.9469083528600695,0.9469543715029523,0.9470003104390786,0.9470461698753538
3.8080808080808084,0.06990162491680091,0.05924633742260958,0.051432080292684056,0.04545613806114399,0.040737991229835346,0.036918270575157446,0.03376260484974028,0.031111621594105677,0.02885316980777941,0.02690603668812016,0.025209967564724267,0.02371931495389615,0.0223988650731496,0.021221017924549904,0.0201638350410827,0.019209658625460375,0.018344116046633916,0.01755538980246626,0.01683367387473013,0.016170763222856346,0.015559739866788158,0.014994730044943592,0.014470714357307242,0.013983377876508607,0.01352899074619686,0.013104312267579195,0.012706513255977063,0.012333112730126477,0.011981925942016318,0.011651021444961107,0.011338685416682592,0.011043391848146336,0.010763777501475518,0.010498620771745602,0.010246823757740964,0.010007396990480906,0.00977944636916642,0.00956216194101527,0.00935480822952888,0.00915671586622343,0.008967274325947492,0.00878592559975176,0.008612158666900904,0.008445504650781548,0.00828553256181741,0.008131845546243022,0.007984077572386457,0.007841890494593416,0.007704971447734584,0.0075730305273126654,0.00744579872144183,0.007323026061655532,0.007204479967073645,0.007089943758256445,0.00697921532106457,0.006872105902746847,0.006768439025872525,0.006668049506165332,0.006570782563249024,0.006476493014410317,0.006385044541612182,0.006296309025299762,0.006210165936907787,0.006126501784866749,0.006045209608334894,0.005966188514048477,0.005889343252004107,0.005814583826269315,0.005741825137622875,0.005670986654841892,0.005601992112265419,0.005534769230961221,0.0054692494615420995,0.005405367746619387,0.005343062301163548,0.005282274409302718,0.005222948236001651,0.005165030652477468,0.005108471074146359,0.005053221310109244,0.004999235423152012,0.0049464695994769605,0.004894882027385369,0.004844432784159977,0.004795083730532152,0.004746798412168788,0.004699541967575668,0.004653281042041609,0.004607983707024992,0.004563619384720782,0.00452015877734156,0.0044775738007846655,0.0044358375224144665,0.0043949241026000375,0.004354808739799114,0.004315467618910852,0.004276877862686284,0.004239017485982702,0.00420186535266609,0.00416540113499161,0.9426356120905852,0.9426898788521394,0.9427440430379218,0.9427981049384929,0.9428520648433171,0.94295967981813,0.9430133354616118,0.9430668902563426,0.9431203444863815,0.9431736984347221,0.943226952383297,0.943280106612983,0.943333161403606,0.9433861170339458,0.9434389737817412,0.9435443917354776,0.943596953491734,0.9436494174660868,0.9437017839311412,0.9437540531584906,0.9438062254187202,0.9438583009814123,0.9439102801151512,0.943962163087527,0.9440139501651408,0.9441172376975681,0.944168738680679,0.9442201448256313,0.9442714563941487,0.9443226736469917,0.9443737968439642,0.9444248262439159,0.9444757621047478,0.9445266046834166,0.9445773542359382,0.9446785752819291,0.9447290472827675,0.944779427272206,0.9448297155016231,0.9448799122214826,0.9449300176813374,0.9449800321298343,0.9450299558147168,0.9450797889828311,0.945129531880128,0.9452287478416286,0.9452782213932996,0.9453276056490965,0.945376900850559,0.9454261072383572,0.9454752250522942,0.9455242545313107,0.945573195913489,0.9456220494360562,0.9456708153353887,0.9457680852056225,0.9458165896450558,0.9458650073983257,0.9459133386976105,0.9459615837742599,0.9460097428587989,0.9460578161809318,0.9461058039695448,0.946153706452711,0.9462015238576933,0.9462969043381272,0.9463444678640858,0.9463919472128813,0.9464393426077793,0.9464866542712564,0.9465338824250039,0.9465810272899311,0.9466280890861689,0.946675068033073,0.9467219643492277,0.9468155099597875,0.9468621596875331,0.9469087276512169,0.9469552140656154,0.9470016191447537,0.947047943101908,0.9470941861496099,0.9471403484996495,0.9471864303630778,0.9472324319502108,0.9473241951331973,0.9473699571460349,0.9474156397165514,0.947461243051434,0.9475067673566532,0.9475522128374666
3.846464646464647,0.07009245480828082,0.059408182186816455,0.05157266738407038,0.04558046760948857,0.04084948438766308,0.037019371031058436,0.033855118817032924,0.03119692180236942,0.028932323942603144,0.02697989154083759,0.025279206036879054,0.023784495789050997,0.022460451235055766,0.021279397306351977,0.020219335863996536,0.019262561082832988,0.018394661238570142,0.017603786685929195,0.01688010473467202,0.01621538802667447,0.01560269976531143,0.015036150212344659,0.014510706315058748,0.014022041409517443,0.013566415494156665,0.013140579055490645,0.012741695213320992,0.012367276238009626,0.01201513143907968,0.011683324116064922,0.011370135785048799,0.011074036286023341,0.010793658673166713,0.010527778018553789,0.010275293434454704,0.01003521276057078,0.009806639463904952,0.009588761388338671,0.009380841056962448,0.009182207280416188,0.008992247872517163,0.008810403306673311,0.008636161171916013,0.00846905131614993,0.008308641577283758,0.008154534022173332,0.008006361623119851,0.007863785314808231,0.007726491380748228,0.007594189127938014,0.007466608812547602,0.0073434997860761,0.007224628834868724,0.007109778689969029,0.0069987466873704385,0.0068913435607924935,0.006787392352607755,0.006686727429108791,0.006589193588861088,0.006494645253988383,0.00640294573568775,0.006313966565651371,0.006227586887423277,0.006143692900601476,0.006062177353310763,0.00598293907765422,0.005905882564503925,0.005830917572997775,0.005757958772321167,0.005686925412078761,0.005617741019072261,0.005550333117632073,0.0054846329718206055,0.005420575347172266,0.005358098290492068,0.0052971429260976035,0.005237653266967695,0.005179576039702586,0.005122860522026183,0.005067458391856913,0.005013323586915038,0.004960412174141099,0.0049086822280035415,0.004858093717092591,0.004808608398304611,0.004760189718050304,0.004712802719924533,0.004666413958387262,0.004620991417958686,0.004576504437569803,0.004532923639648586,0.004490220863618214,0.00444836910349081,0.004407342449265407,0.004367116031851153,0.004327665971281345,0.004288969327998049,0.004251004056971192,0.004213748964493208,0.004177183667444081,0.943175827703342,0.9432296141981865,0.943283298966911,0.9433368822978342,0.9433903644781859,0.9434970265306828,0.9435502069718913,0.943603287400665,0.9436562680988676,0.9437091493473047,0.9437619314257285,0.9438146146128431,0.9438671991863092,0.943919685422749,0.943972073597751,0.9440765568606564,0.9441286524946121,0.9441806511592437,0.9442325531250434,0.9442843586614984,0.9443360680370952,0.9443876815193247,0.9444391993746865,0.9444906218686934,0.9445419492658766,0.9446443198230129,0.9446953635071582,0.9447463131428738,0.9447971689898479,0.9448479313068135,0.9448986003515532,0.9449491763809026,0.9449996596507556,0.9450500504160683,0.9451003489308629,0.9452006702203465,0.9452506934984513,0.9453006255328781,0.9453504665730456,0.945400216867464,0.9454498766637397,0.9454994462085787,0.9455489257477915,0.9455983155262966,0.9456476157881244,0.9457459487334566,0.9457949819006192,0.9458439265184293,0.9458927828265385,0.9459415510637341,0.9459902314679436,0.9460388242762379,0.9460873297248358,0.9461357480491074,0.946184079483578,0.9462804826170162,0.9463285547808447,0.9463765409846011,0.9464244414586432,0.9464722564325068,0.9465199861349084,0.94656763079375,0.9466151906361217,0.946662665888306,0.9467100567757816,0.9468045863545194,0.9468517254927491,0.9468987811602121,0.9469457535784187,0.9469926429680963,0.9470394495491924,0.9470861735408785,0.9471328151615535,0.9471793746288465,0.947225852159621,0.9473185622752583,0.9473647952900482,0.9474109472281804,0.9474570183027384,0.9475030087260601,0.9475489187097399,0.9475947484646333,0.9476404982008594,0.9476861681278037,0.9477317584541226,0.9478227011358769,0.9478680539050033,0.9479133279008922,0.9479585233285976,0.9480036403924622,0.9480486792961207
3.884848484848485,0.07028230075985857,0.05956919183192559,0.05171252850571235,0.04570415466606812,0.04096040096654092,0.03711994827481102,0.03394715366660269,0.03128177993993189,0.029011067572394432,0.027053363106044115,0.025348084934059566,0.02384933789249886,0.02252171713192706,0.021337472898326593,0.020274547687103555,0.019315187891885546,0.018444942895961436,0.017651931075800622,0.016926293206045613,0.016259779725789687,0.015645435118146325,0.01507735375057411,0.01455048898764696,0.014060502488935707,0.01360364415989122,0.013176655717634218,0.012776692625816582,0.012401260441217095,0.012048162561272216,0.011715457058844104,0.011401420812170469,0.011104519531701915,0.010823382582685843,0.01055678173110397,0.01030361311831683,0.010062881906242762,0.009833689142250324,0.009615220478523954,0.009406736447591236,0.009207564048521568,0.009017089443130209,0.008834751594550001,0.008660036708846264,0.008492473364926327,0.008331628234359352,0.008177102309882556,0.008028527573208122,0.00788556404380861,0.0077478971584688605,0.007615235439496302,0.007487308414970377,0.007363864759839046,0.007244670630934019,0.007129508172852976,0.0070181741744614725,0.006910478858616572,0.006806244789953794,0.006705305887675515,0.006607506531358998,0.00651270075015718,0.006420751486225815,0.006331529924441938,0.00624491488204342,0.006160792251421156,0.006079054491108269,0.005999600160135834,0.005922333491401001,0.005847164000467221,0.005774006126087361,0.005702778899832315,0.0056334056420174194,0.0055658136812650584,0.0054999340960279865,0.005435701475688678,0.005373053699734747,0.005311931733498928,0.005252279438754408,0.005194043398235909,0.005137172752669529,0.005081619049464041,0.005027336101936064,0.004974279858354952,0.004922408279951305,0.0048716812271768495,0.004822060353631276,0.004773509006975468,0.00472599213637754,0.004679476205936989,0.0046339291136876515,0.004589320115720901,0.004545619755089967,0.004502799795132366,0.004460833156892338,0.004419693860355265,0.00437935696922869,0.004339798539017717,0.004300995568168812,0.004262925952077017,0.00422556843975557,0.004188902592993569,0.9437059675081804,0.9437592821250318,0.9438124958516544,0.9438656089741578,0.943918621777571,0.9440243475618681,0.9440770611074516,0.9441296754633535,0.9441821909092747,0.9442346077238652,0.9442869261847295,0.9443391465684312,0.9443912691504979,0.944443294205426,0.9444952220066862,0.944598786936981,0.9446504246078677,0.9447019661088005,0.9447534117081894,0.944804761673447,0.9448560162709922,0.9449071757662558,0.9449582404236838,0.9450092105067432,0.9450600862779258,0.9451615559297797,0.9452121503305999,0.9452626514598503,0.9453130595752147,0.9453633749334286,0.9454135977902836,0.9454637284006314,0.9455137670183889,0.9455637138965414,0.9456135692871478,0.9457130066093482,0.945762589040464,0.9458120809830851,0.9458614826846995,0.9459107943918934,0.9459600163503556,0.9460091488048812,0.9460581919993758,0.9461071461768598,0.9461560115794722,0.9462534770242541,0.9463020775463303,0.9463505902533561,0.9463990153831225,0.9464473531725632,0.946495603857758,0.9465437676739364,0.9465918448554819,0.9466398356359352,0.9466877402479988,0.9467832918935952,0.946830939388373,0.9468785016372586,0.946925978868817,0.9469733713107968,0.947020679190134,0.9470679027329554,0.947115042164582,0.9471620977095333,0.9472090695915302,0.947302763257574,0.9473494854851028,0.9473961249366477,0.9474426818319908,0.9474891563901365,0.9475355488293153,0.9475818593669875,0.9476280882198457,0.947674235603819,0.9477203017340764,0.9478121910903359,0.9478580147429037,0.947903757994893,0.9479494210577206,0.9479950041420624,0.9480405074578571,0.9480859312143091,0.9481312756198922,0.948176540882352,0.9482217272087102,0.9483118638776025,0.9483568146305849,0.9484016872683679,0.9484464819943974,0.9484911990114128,0.9485358385214511
3.9232323232323236,0.07047117440679257,0.05972937624611604,0.05185167226187727,0.04582720685375528,0.0410707478161881,0.03722000853170824,0.03403871510615741,0.03136620127929135,0.029089405598191776,0.02712645596557623,0.02541660855914569,0.02391384532285886,0.022582666605168167,0.021395248347876712,0.02032947398440507,0.019367542369671815,0.018494964193373993,0.017699826016788146,0.01697224221479178,0.016303941136861653,0.015687948641461183,0.015118343282550033,0.014590064911341832,0.014098763570754631,0.013640679124463873,0.013212544564812974,0.012811507738753423,0.012435067523061512,0.012081021433926895,0.011747422343827496,0.011432542516951265,0.011134843555169771,0.010852951153511337,0.010585633789035875,0.010331784647039353,0.010090406225575761,0.0098605971645181,0.009641540935541815,0.009432496090835565,0.009232787827278544,0.009041800662811001,0.008858972058132875,0.008683786843411565,0.008515772335070837,0.008354494044178984,0.008199551894994184,0.008050576883424714,0.007907228118648016,0.007769190194885247,0.007636170853881923,0.007507898899298132,0.007384122332944466,0.007264606685401504,0.00714913351769835,0.007037499074504397,0.0069295130703108665,0.006824997594561724,0.006723786121551984,0.006625722614062531,0.006530660710247945,0.00643846298507243,0.006349000278478321,0.006262151082995104,0.00617780098535714,0.006095842156011793,0.006016172882249046,0.005938697140435584,0.005863324203674397,0.005789968281514695,0.005718548188625652,0.005648987039839071,0.0055812119691169195,0.005515153870207718,0.005450747157255972,0.005387929543311163,0.005326641835497771,0.005266827745171858,0.0052084337119136116,0.0051514087401804964,0.005095704247523718,0.005041273923485983,0.004988073598280716,0.004936061120472354,0.004885196242928031,0.004835440516476108,0.0047867571905322315,0.004739111120322389,0.00469246868004087,0.004646797681678813,0.004602067298910344,0.0045582479958222255,0.00451531146005243,0.004473230540046573,0.00443197918613785,0.004391532395173267,0.004351866158457586,0.004312957412760832,0.004274783994205983,0.004237324594818118,0.004200558721579174,0.9442263107674852,0.9442791616781848,0.9443319125211119,0.9443845635801996,0.9444371151383082,0.9445419208776926,0.9445941756193684,0.9446463319808747,0.9446983902397811,0.9447503506726143,0.9448022135548623,0.94485397916098,0.9449056477643935,0.9449572196375052,0.9450086950516986,0.9451113575837973,0.9451625452394172,0.9452136375115574,0.945264634666577,0.9453155369698444,0.9453663446857421,0.9454170580776706,0.9454676774080536,0.9455182029383419,0.9455686349290184,0.9456692193286543,0.9457193722537793,0.9457694326716326,0.9458194008379236,0.9458692770074196,0.9459190614339514,0.9459687543704162,0.9460183560687828,0.9460678667800958,0.9461172867544793,0.9462158554883789,0.9462650047435808,0.9463140642532322,0.9463630342629195,0.9464119150173335,0.9464607067602739,0.9465094097346535,0.9465580241825018,0.9466065503449691,0.946654988462331,0.9467516015184885,0.946799776933495,0.946847865255826,0.9468958667214403,0.9469437815654457,0.9469916100221015,0.9470393523248238,0.947087008706188,0.9471345793979333,0.9471820646309665,0.9472767796403818,0.9473240098744476,0.9473711555651758,0.9474182169393656,0.9474651942230055,0.9475120876412773,0.9475588974185596,0.947605623778431,0.9476522669436743,0.9476988271362794,0.9477916994875931,0.9478380120863504,0.9478842425925735,0.947930391224342,0.9479764581989636,0.9480224437329774,0.948068348042158,0.9481141713415181,0.9481599138453122,0.9482055757670401,0.9482966587145416,0.9483420801635699,0.948387421877048,0.948432684064751,0.948477866935718,0.9485229706982569,0.9485679955599463,0.9486129417276393,0.9486578094074668,0.9487025988048401,0.9487919435702923,0.9488364993456256,0.9488809776530202,0.9489253786943374,0.9489697026707383,0.9490139497826863
3.961616161616162,0.07065908719805074,0.05988874515821607,0.0519901071229712,0.045949631677887966,0.04118053167991729,0.0373195579261588,0.03412980875010352,0.03145019100672262,0.02916734284173515,0.02719917462690156,0.025484781145122315,0.023978022071293133,0.022643303432663898,0.021452727242651903,0.02038411817192806,0.019419627777871745,0.0185447282523277,0.017747474502762275,0.017017954637726707,0.016347875029209504,0.015730243005352387,0.015159121386802024,0.01462943658002615,0.014136827069297165,0.013677522728236191,0.0132482478684918,0.01284614275836187,0.012468699629699225,0.012113710145884105,0.011779222005997854,0.011463502883347059,0.011165010292250588,0.010882366276030864,0.010614336039317718,0.010359809826617486,0.010117787485336791,0.00988736526026019,0.009667724453436506,0.009458121646830606,0.009257880244186547,0.009066383128106719,0.008883066264287032,0.008707413113994493,0.008538949737540736,0.008377240491425597,0.008221884236680306,0.008072510988843507,0.00792877895094392,0.007790371879135925,0.007656996738462493,0.007528381611860138,0.0074042738314259605,0.0072844383046189055,0.007168656011996327,0.007056722656596626,0.006948447447289571,0.006843652000597967,0.006742169348272764,0.0066438430383353175,0.006548526319932159,0.006456081402773222,0.006366378783471127,0.0062792966316317835,0.006194720229817358,0.006112541461835676,0.006032658344644472,0.005954974599352838,0.0058793992578483525,0.005805846301650454,0.005734234329593698,0.005664486252110864,0.005596529009441329,0.005530293311609972,0.005465713398368052,0.005402726817188024,0.005341274217809658,0.005281299161890748,0.005222747946632387,0.00516556944087906,0.005109714932986128,0.005055137989363935,0.005001794322756412,0.004949641669630808,0.004898639675830215,0.0048487497899151345,0.004799935163567771,0.004752160558526564,0.004705392259568405,0.004659597993053282,0.004614746850661417,0.00457080921791575,0.0045277567071362,0.0044855620945407305,0.004444199261158941,0.004403643137320921,0.004363869650453068,0.004324855675964221,0.00428657899100271,0.004249018230897707,0.004212152848097981,0.9447371265184304,0.9447895216853183,0.9448418175937704,0.9448940145255759,0.9449461127614578,0.9450500142630455,0.9451018180849144,0.9451535243231964,0.9452051332533613,0.945256645149843,0.9453080602860446,0.9453593789343431,0.9454106013660939,0.9454617278516361,0.9455127586602967,0.9456145343192514,0.945665279703183,0.9457159304775179,0.9457664869065945,0.9458169492537675,0.9458673177814122,0.9459175927509296,0.9459677744227498,0.9460178630563381,0.9460678589101977,0.9461675733079667,0.9462172923641169,0.9462669196650295,0.9463164554644682,0.9463659000152618,0.9464152535693084,0.9464645163775801,0.9465136886901268,0.9465627707560802,0.9466117628236589,0.9467094779520223,0.9467582015047132,0.9468068360428498,0.9468553818101445,0.9469038390494212,0.9469522080026185,0.9470004889107946,0.9470486820141305,0.9470967875519349,0.9471448057626473,0.9472405811522336,0.947288338803678,0.9473360100731788,0.94738359519489,0.9474310944021201,0.947478507927336,0.9475258360021664,0.9475730788574063,0.9476202367230198,0.9476673098281445,0.9477612026693678,0.9478080228596416,0.9478547591977847,0.9479014119088567,0.9479479812171124,0.9479944673460059,0.9480408705181932,0.9480871909555367,0.9481334288791085,0.9481795845091933,0.9482716497661282,0.948317559829645,0.9483633884730154,0.9484091359126415,0.9484548023641597,0.9485003880424435,0.9485458931616068,0.9485913179350074,0.9486366625752506,0.9486819272941919,0.9487722178118645,0.9488172440305893,0.9488621911680064,0.9489070594322733,0.9489518490308175,0.9489965601703402,0.9490411930568187,0.9490857478955101,0.9491302248909543,0.949174624246977,0.949263190852509,0.9493073585061274,0.9493514493285484,0.9493954635200736,0.9494394012803091,0.9494832628081684
4.0,0.07084605039772053,0.06004730814103536,0.052127841415575436,0.04607143651969834,0.04128975918840208,0.03741860248221992,0.03422044012095598,0.031533754223254294,0.029244884045156825,0.027271523522006614,0.02555260685412795,0.024041872063248003,0.022703631329305383,0.021509913110436787,0.020438483608996565,0.019471447323721237,0.018594238142123146,0.01779487947696255,0.01706343330313934,0.016391584125549957,0.015772320835002032,0.015199690598260016,0.01466860644417781,0.0141746953579651,0.013714177272137718,0.013283767861681981,0.012880599854453572,0.01250215887050045,0.012146230750374147,0.011810858045472168,0.01149430386149535,0.011195021645680361,0.010911629808042753,0.01064289029729905,0.010387690431832726,0.010145027421872304,0.009913995129062372,0.0096937726968502,0.009483614746832616,0.009282842898745765,0.009090838407808792,0.008907035752499006,0.008730917031994165,0.008562007056805654,0.008399869034743957,0.008244100768928928,0.008094331299303781,0.007950217927554888,0.007811443575814409,0.0076777144363867145,0.007548757875161658,0.0074243205578704875,0.007304166771965516,0.007188076920411536,0.007075846167421121,0.0069672832186965985,0.0068622092203408005,0.006760456763688479,0.006661868984123226,0.006566298743750682,0.006473607888858614,0.00638366657445309,0.006296352648801715,0.006211551091894989,0.006129153502383379,0.00604905762812023,0.0059711669362850295,0.005895390218848408,0.005821641230342043,0.005749838354908229,0.0056799042995857585,0.005611765811872203,0.00554535341900862,0.005480601187237921,0.005417446499256604,0.005355829848209656,0.005295694646863873,0.0052369870507021745,0.005179655793647161,0.005123652035545323,0.005068929220249501,0.005015442943657903,0.004963150830684072,0.004912012420692248,0.0048619890604917814,0.004813043804521426,0.004765141321510624,0.00471824780725543,0.0046723309029255145,0.004627359618619914,0.004583304261687927,0.004540136369515065,0.00449782864645227,0.004456354904578058,0.0044156900080364325,0.004375809820699881,0.004336691156923461,0.0042983117351793445,0.004260650134384163,0.004223685752731402,0.9452386740367198,0.9452906212196989,0.9453424699407666,0.9453942204795985,0.945445873114812,0.9455488857835912,0.9456002463691454,0.9456515101550678,0.9457026774147589,0.945753748420591,0.9458047234439124,0.9458556027550523,0.9459063866233258,0.9459570753170387,0.9460076691034918,0.946108573018827,0.9461588836773295,0.9462091004878223,0.9462592237126526,0.9463092536131908,0.9463591904498349,0.9464090344820146,0.9464587859681971,0.9465084451658899,0.9465580123316465,0.9466568715888182,0.9467061641886073,0.9467553657732168,0.9468044765944936,0.946853496903356,0.9469024269497984,0.9469512669828957,0.9470000172508067,0.9470486780007793,0.9470972494791539,0.9471941256019601,0.9472424307345741,0.9472906475719632,0.9473387763559938,0.9473868173276497,0.9474347707270363,0.9474826367933844,0.9475304157650543,0.9475781078795392,0.9476257133734702,0.9477206654419039,0.94776801248539,0.9478152738462967,0.9478624497569995,0.9479095404490347,0.9479565461531028,0.948003467099072,0.9480503035159827,0.9480970556320506,0.9481437236746705,0.9482368084450644,0.9482832256235574,0.9483295596300475,0.9483758106878809,0.9484219790196043,0.9484680648469693,0.9485140683909354,0.9485599898716742,0.948605829508572,0.9486515875202342,0.9487428595383864,0.9487883739782118,0.9488338076594784,0.9488791607969368,0.9489244336045768,0.9489696262956304,0.9490147390825763,0.9490597721771419,0.9491047257903074,0.949149600132309,0.9492391118400644,0.9492837496225995,0.9493283089675397,0.9493727900814497,0.9494171931701693,0.9494615184388168,0.9495057660917922,0.9495499363327804,0.9495940293647541,0.9496380453899772,0.9497258472256999,0.94976963343721,0.9498133434439965,0.9498569774448242,0.9499005356377677,0.9499440182202136
