Time (s),0,1,2,3,4,5,6,7,8,9
0.0,88.05394995211066,88.05394995211066,88.05394995211066,88.05394995211066,88.05394995211066,88.05394995211066,88.05394995211066,88.05394995211066,88.05394995211066,88.05394995211066
1200.0,88.05394995211066,88.09500431948283,88.119758545989,88.132057042708,88.13717156444258,88.13898432149506,88.13954118884372,88.13969170195776,88.13972832192911,88.13974052858619
2400.0,88.05394995211066,88.10693860605208,88.14977357368657,88.18108176971147,88.20164716717768,88.2137824713109,88.22023416900203,88.22333882695226,88.2246919704641,88.22514301830135
3600.0,88.05394995211066,88.11203742192852,88.16413274377575,88.20823752330743,88.24317871897672,88.26893927758695,88.28656252857378,88.29771765712772,88.30407645115659,88.30619604916618
4800.0,88.05394995211066,88.11456361734953,88.17160130614282,88.22343554220325,88.26857654696593,88.3060108847316,88.33541352295603,88.35708689270662,88.37133901187427,88.37608971826349
6000.0,88.05394995211066,88.11591601262923,88.17571058176927,88.23216759217087,88.28400585859245,88.33001822901353,88.3692394242257,88.40088220797833,88.42345542346654,88.4309798286293
7200.0,88.05394995211066,88.11667599141823,88.17806079761885,88.23730499896395,88.29343138815085,88.34534673791526,88.39189068977589,88.43157795000668,88.4612968234836,88.47120311464258
8400.0,88.05394995211066,88.11711753450076,88.1794422392381,88.24038660777765,88.2992334668499,88.35508639655771,88.40676857779798,88.45240033251804,88.48759066977405,88.49932078219271
9600.0,88.05394995211066,88.11737999450803,88.1802714279185,88.24226107823297,88.30283359592994,88.36126063949817,88.41643342745104,88.46622022665777,88.5053382369838,88.51837757375915
10800.0,88.05394995211066,88.11753892352857,88.1807761601187,88.24341531750711,88.30507848696966,88.36517661362669,88.42266033566881,88.47526846390589,88.51708290547306,88.53102105266218
12000.0,88.05394995211066,88.11763630089244,88.18108715173952,88.24413127392567,88.30648602925002,88.36765804508283,88.42665564689072,88.48113247133209,88.52475565190097,88.53929671209069
13200.0,88.05394995211066,88.11769650641149,88.18128043158673,88.2445779242437,88.30737188821936,88.36923009683801,88.42921132639208,88.48490714953893,88.52972405894306,88.54466302874452
14400.0,88.05394995211066,88.11773411924813,88.18140086542883,88.24485874628681,88.30792905272563,88.3702290210934,88.4308383605354,88.48733037347927,88.53291908498797,88.54811532215759
15600.0,88.05394995211066,88.11775762432235,88.18147658811377,88.24503508247132,88.30828160795596,88.37086137287663,88.43187597758963,88.48887728037452,88.53496715616951,88.55033044810125
16800.0,88.05394995211066,88.11777243797563,88.18152412367418,88.24514657359998,88.30850402437144,88.37126326858318,88.43253476995064,88.48986503600428,88.53627475224968,88.55174465766484
18000.0,88.05394995211066,88.1177817187658,88.1815542835353,88.24521661622624,88.30864553473045,88.37151696831835,88.4329551542202,88.49049207516778,88.53710939092957,88.5526484961835
19200.0,88.05394995211066,88.11778768543282,88.1815730028418,88.245261675498,88.30873373508898,88.37168021140141,88.43321893105445,88.49089448258925,88.53763866376914,88.55322005749578
20400.0,88.05394995211066,88.11779132247786,88.18158527130096,88.24528923808346,88.30879143062286,88.3717808029205,88.43339055022722,88.49114564518307,88.53797782019096,88.55358854519356
21600.0,88.05394995211066,88.11779371649577,88.18159274708901,88.24530735178702,88.30882676870222,88.37184662222639,88.43349667577199,88.49130829752497,88.53819158166242,88.55381934304157
22800.0,88.05394995211066,88.1177952196261,88.1815975236432,88.24531873794699,88.30884934658066,88.37188808931573,88.43356442653067,88.49141113152396,88.53832759797493,88.55396642012528
24000.0,88.05394995211066,88.11779611682796,88.1816007248018,88.24532556378195,88.30886439992769,88.37191319100928,88.43360910130941,88.49147454563764,88.5384150070042,88.55406182745976
25200.0,88.05394995211066,88.11779674093239,88.18160257904559,88.24533028499008,88.308873206249,88.3719303222375,88.43363575747519,88.49151666241622,88.53846943348898,88.5541203571799
26400.0,88.05394995211066,88.11779706890172,88.18160396838071,88.24533279833918,88.30887969519233,88.3719397144345,88.43365473339257,88.49154110444287,88.53850526371497,88.5541599834723
27600.0,88.05394995211066,88.11779736975102,88.18160455620445,88.24533505149874,88.30888257089914,88.37194769608908,88.43366394091001,88.49155974645767,88.53852623068883,88.55418172543261
28800.0,88.05394995211066,88.11779747534716,88.1816051979033,88.24533587593241,88.30888553221374,88.37195090323378,88.43367237908473,88.49156870029564,88.53854115677187,88.55419864226397
30000.0,88.05394995211066,88.11779764523355,88.18160528005411,88.24533712920737,88.30888603680877,88.37195517967595,88.4336745954595,88.49157785210686,88.5385486667568,88.55420560497346
31200.0,88.05394995211066,88.11779764874198,88.18160566119649,88.24533718436331,88.3088877484291,88.37195562151246,88.43367917877514,88.4915801420197,88.53855541655943,88.55421384140598
32400.0,88.05394995211066,88.11779771467066,88.18160570188125,88.24533767143419,88.30888798380012,88.37195728955444,88.43368014469898,88.49158374337448,88.53855848548898,88.55421673286045
33600.0,88.05394995211066,88.11779775837876,88.18160572172597,88.24533799379854,88.30888810789995,88.37195838880771,88.43368069992724,88.49158609165227,88.53856039645736,88.55421849805907
34800.0,88.05394995211066,88.11779771940064,88.18160594485589,88.24533772492019,88.30888907700962,88.37195763308543,88.43368308507947,88.49158533169273,88.53856287896319,88.5542220613867
36000.0,88.05394995211066,88.1177977693777,88.18160585060525,88.24533808449185,88.30888869459561,88.37195878098825,88.43368232138795,88.4915873690529,88.53856303123472,88.55422158529531
37200.0,88.05394995211066,88.1177976923914,88.18160613388318,88.24533754126591,88.30888990284085,88.37195714153556,88.43368514946182,88.49158499583991,88.5385651975731,88.55422526481756
38400.0,88.05394995211066,88.11779777401813,88.1816059017873,88.24533812251,88.30888892781498,88.37195894348605,88.43368296733516,88.49158789036005,88.53856408743842,88.55422281979794
39600.0,88.05394995211066,88.11779773251344,88.18160604900035,88.24533782922255,88.30888955450929,88.37195805449493,88.43368442613414,88.49158658041377,88.53856515961272,88.55422468601243
40800.0,88.05394995211066,88.11779774842722,88.18160600905189,88.2453379429496,88.3088893881872,88.371958410743,88.43368406411281,88.49158717409688,88.53856503534787,88.55422432243162
42000.0,88.05394995211066,88.11779775181162,88.1816060048913,88.24533796747191,88.30888937225366,88.37195849055446,88.43368403897648,88.49158732438914,88.53856508430482,88.5542243376101
43200.0,88.05394995211066,88.11779778315841,88.18160591008555,88.24533819024673,88.30888897237358,88.37195917725732,88.4336831331078,88.49158840451464,88.53856455931859,88.55422327758664
44400.0,88.05394995211066,88.11779777800137,88.18160592898775,88.24533815385244,88.30888905297968,88.37195906736862,88.43368332167097,88.49158824513681,88.53856470315769,88.55422352249808
45600.0,88.05394995211066,88.1177977632884,88.18160597709267,88.24533804956911,88.30888925684069,88.37195874842149,88.43368378999388,88.49158775815714,88.53856501228199,88.55422409699038
46800.0,88.05394995211066,88.11779783826074,88.18160574150622,88.24533858169728,88.3088882608124,88.37196038256477,88.43368151769495,88.49159029250889,88.53856360297371,88.55422137312873
48000.0,88.05394995211066,88.11779773295258,88.18160607457081,88.24533783442226,88.30888966951562,88.3719580892135,88.43368473518397,88.49158674462673,88.53856561997021,88.55422524508478
49200.0,88.05394995211066,88.1177977925595,88.18160588685257,88.24533825745971,88.30888887576278,88.37195938805395,88.43368292363002,88.49158875726762,88.53856449228728,88.55422307062729
50400.0,88.05394995211066,88.11779775624247,88.18160600175325,88.24533799975435,88.30888936174657,88.37195859719581,88.43368403368682,88.4915875339452,88.53856518854673,88.55422440674731
51600.0,88.05394995211066,88.11779776809425,88.18160596451536,88.24533808387427,88.308889204311,88.37195885552775,88.4336836745268,88.4915879346022,88.53856496583158,88.5542239762415
52800.0,88.05394995211066,88.1177977598375,88.18160599068541,88.24533802528813,88.30888931501214,88.3719586757684,88.43368392746517,88.49158765673862,88.53856512494855,88.5542242810186
54000.0,88.05394995211066,88.11779775210174,88.18160601517151,88.24533797039578,88.30888941858151,88.37195850732007,88.4336841640522,88.49158739622463,88.53856527345533,88.55422456586568
55200.0,88.05394995211066,88.11779778742365,88.18160590372477,88.24533822106447,88.30888894728342,88.37195927679701,88.43368308806531,88.4915885877281,88.53856460158912,88.55422327287624
56400.0,88.05394995211066,88.11779774988445,88.1816060222415,88.24533795466645,88.30888944849825,88.37195845908721,88.43368423248097,88.49158732184127,88.53856531691848,88.554224648611
57600.0,88.05394995211066,88.11779782599893,88.18160578201132,88.2453384948195,88.30888843256771,88.37196011714099,88.43368191295038,88.49158988895643,88.53856386780173,88.55422186075027
58800.0,88.05394995211066,88.1177977344795,88.18160607089432,88.24533784534624,88.3088896542595,88.37195812354003,88.433684702322,88.4915868024559,88.53856561076958,88.55422521354096
60000.0,88.05394995211066,88.11779779413406,88.1816058826077,88.24533826868998,88.30888885799494,88.37195942303168,88.43368288431203,88.4915888143929,88.53856447490917,88.55422302841468
61200.0,88.05394995211066,88.11779776487325,88.181605974971,88.24533806103878,88.30888924860167,88.37195878563305,88.43368377614865,88.4915878275733,88.53856503219176,88.55422410039802
62400.0,88.05394995211066,88.11779776542109,88.18160597324484,88.24533806492616,88.30888924130291,88.37195879756753,88.43368375948906,88.4915878460622,88.53856502181067,88.5542240803936
63600.0,88.05394995211066,88.11779776846559,88.18160596363676,88.2453380865325,88.30888920067035,88.37195886389117,88.43368366672037,88.4915879487537,88.53856496386479,88.55422396890195
64800.0,88.05394995211066,88.11779769921971,88.18160618220548,88.24533759512472,88.30889012499883,88.37195735547854,88.43368577713778,88.49158561339415,88.53856628250861,88.55422650554685
66000.0,88.05394995211066,88.11779777579974,88.18160594048906,88.24533813858012,88.30888910277879,88.3719590236569,88.43368344321888,88.4915881961149,88.53856482423497,88.55422370027512
67200.0,88.05394995211066,88.11779773584533,88.1816060666019,88.24533785503993,88.30888963611181,88.3719581533085,88.43368466091925,88.49158684861997,88.53856558508427,88.55422516390584
68400.0,88.05394995211066,88.11779777423406,88.18160594543174,88.24533812746922,88.30888912368151,88.37195898955189,88.43368349094466,88.49158814331581,88.53856485406259,88.55422375764498
69600.0,88.05394995211066,88.11779774524057,88.1816060369468,88.24533792171519,88.30888951069976,88.37195835797363,88.43368437458119,88.49158716548988,88.53856540617892,88.55422481974209
70800.0,88.05394995211066,88.11779781778858,88.18160580795663,88.24533843655671,88.30888854229865,88.37195993831945,88.43368216353925,88.49158961222435,88.5385640246749,88.55422216215854
72000.0,88.05394995211066,88.11779776180153,88.18160598467426,88.24533803924058,88.3088892896387,88.37195871872734,88.43368386985719,88.49158772401952,88.5385650908187,88.5542242130852
73200.0,88.05394995211066,88.11779778030494,88.18160592627002,88.24533817055149,88.30888904264715,88.37195912179628,88.43368330592887,88.49158834806167,88.53856473846498,88.55422353526619
74400.0,88.05394995211066,88.11779782329681,88.18160579057067,88.24533847564601,88.30888846877374,88.37196005830678,88.43368199566846,88.49158979799245,88.53856391978728,88.55422196038566
75600.0,88.05394995211066,88.11779774233601,88.18160604611529,88.24533790110245,88.30888954947301,88.37195829470163,88.4336844631077,88.49158706753227,88.53856546149483,88.55422492614919
76800.0,88.05394995211066,88.11779778657623,88.18160590647548,88.24533821505605,88.3088889589356,88.37195925840645,88.4336831148,88.4915885595655,88.53856461904435,88.55422330553746
78000.0,88.05394995211066,88.11779772650702,88.18160609607793,88.2453377887706,88.30888976076581,88.3719579498911,88.43368494552846,88.49158653368708,88.53856576292165,88.554225506
79200.0,88.05394995211066,88.11779777608825,88.18160593957981,88.24533814062715,88.30888909893419,88.37195902994151,88.43368343444276,88.49158820584994,88.53856481876393,88.55422368973538
80400.0,88.05394995211066,88.11779774543861,88.18160603632217,88.24533792312039,88.30888950805792,88.3719583622876,88.43368436854949,88.49158717217047,88.53856540241337,88.55422481249447
81600.0,88.05394995211066,88.11779779735933,88.18160587243977,88.24533829157895,88.30888881499828,88.37195949329958,88.4336827861639,88.49158892323354,88.53856441370591,88.55422291053013
82800.0,88.05394995211066,88.11779777038167,88.1816059575921,88.2453381001301,88.30888917510799,88.37195890563243,88.43368360836216,88.49158801339148,88.53856492743235,88.55422389877938
84000.0,88.05394995211066,88.11779777050505,88.1816059572025,88.24533810100604,88.30888917346046,88.37195890832115,88.43368360460052,88.49158801755401,88.53856492508208,88.5542238942582
85200.0,88.05394995211066,88.11779781880239,88.18160580475698,88.24533844375107,88.30888852876714,88.37195996040332,88.43368213264486,88.4915896464156,88.53856400537357,88.55422212502631
86400.0,88.05394995211066,88.11779773516577,88.18160606874736,88.24533785021819,88.30888964518495,88.37195813850873,88.43368468163594,88.49158682571019,88.53856559803609,88.55422518881146
87600.0,88.05394995211066,88.11779779310552,88.18160588586639,88.24533826139168,88.30888887177983,88.37195940063715,88.43368291580698,88.49158877977092,88.53856449470956,88.55422306635583
88800.0,88.05394995211066,88.11779772296619,88.18160610725435,88.2453377636424,88.30888980803147,88.37195787275748,88.43368505344532,88.49158641426719,88.53856583035025,88.55422563571135
90000.0,88.05394995211066,88.11779777790338,88.18160593385039,88.24533815350897,88.30888907470387,88.37195906948287,88.43368337912099,88.4915882670692,88.53856478419766,88.55422362324056
91200.0,88.05394995211066,88.11779774718644,88.18160603080548,88.24533793552342,88.30888948472843,88.3719584003592,88.43368431528403,88.49158723111398,88.53856536913186,88.55422474847128
92400.0,88.05394995211066,88.11779772810105,88.18160609104672,88.24533780008223,88.30888973948936,88.371957984612,88.43368489695116,88.49158658744282,88.53856573256972,88.55422544761218
93600.0,88.05394995211066,88.11779776270873,88.18160598181082,88.24533804567879,88.30888927752932,88.37195873849001,88.43368384220923,88.49158775461714,88.5385650735449,88.55422417985432
94800.0,88.05394995211066,88.11779776146989,88.18160598572084,88.24533803688784,88.30888929406494,88.37195871150519,88.43368387996337,88.49158771283851,88.53856509713444,88.55422422523323
96000.0,88.05394995211066,88.11779778210854,88.18160592057713,88.24533818335097,88.30888901857179,88.3719591610858,88.43368325096051,88.49158840889113,88.53856470412042,88.554223469197
97200.0,88.05394995211066,88.11779775352862,88.18160601078704,88.24533798053105,88.30888940007024,88.371958538514,88.43368412199324,88.49158744500892,88.53856524835996,88.55422451614379
98400.0,88.05394995211066,88.11779783874691,88.1816057418037,88.24533858528993,88.30888826253677,88.37196039486773,88.4336815247903,88.49159031906596,88.53856362557303,88.55422139440888
99600.0,88.05394995211066,88.1177977410812,88.18160605007603,88.24533789219689,88.30888956622415,88.37195826736566,88.43368450135384,88.4915870252097,88.53856548539227,88.55422497212001
100800.0,88.05394995211066,88.11779779080499,88.18160589312758,88.24533824506643,88.30888890248679,88.37195935052635,88.43368298591636,88.49158870218812,88.53856453851543,88.55422315062472
102000.0,88.05394995211066,88.11779776064145,88.18160598833605,88.2453380310078,88.30888930512508,88.37195869345601,88.43368390521582,88.49158768489418,88.5385651129128,88.55422425558585
103200.0,88.05394995211066,88.11779772818922,88.18160609076831,88.24533780070793,88.30888973831262,88.37195798653204,88.43368489426511,88.49158659041503,88.53856573089172,88.55422544438416
104400.0,88.05394995211066,88.11779777180347,88.1816059531042,88.24533811022023,88.30888915612871,88.37195893660488,88.43368356502893,88.49158806134402,88.53856490035695,88.55422384669478
105600.0,88.05394995211066,88.11779774581707,88.18160603512769,88.24533792580577,88.30888950300684,88.37195837053073,88.4336843570167,88.4915871849327,88.5385653952075,88.55422479863265
106800.0,88.05394995211066,88.11779778813832,88.18160590154461,88.24533822614228,88.30888893808299,88.37195929243642,88.43368306718921,88.49158861225176,88.53856458929646,88.55422324831159
108000.0,88.05394995211066,88.11779774226144,88.18160604635077,88.24533790057292,88.30888955046913,88.37195829307623,88.43368446538231,88.49158706501576,88.5385654629165,88.55422492888367
109200.0,88.05394995211066,88.1177978226354,88.1816057926584,88.24533847095235,88.30888847760268,88.37196004389891,88.4336820158271,88.49158977568594,88.53856393238344,88.55422198461622
110400.0,88.05394995211066,88.11779774577543,88.18160603525904,88.24533792551061,88.30888950356193,88.3719583696249,88.43368435828403,88.49158718353036,88.53856539599923,88.5542248001558
111600.0,88.05394995211066,88.11779778853366,88.18160590029693,88.2453382289474,88.30888893280655,88.37195930104693,88.43368305514244,88.4915886255828,88.53856458176932,88.55422323383175
112800.0,88.05394995211066,88.11779778945527,88.18160589738812,88.24533823548732,88.30888892050515,88.3719593211217,88.43368302705605,88.4915886566631,88.53856456422032,88.55422320007295
114000.0,88.05394995211066,88.11779775463803,88.1816060072851,88.24533798840476,88.30888938526012,88.37195856268266,88.43368408817923,88.49158748242753,88.53856522723214,88.55422447550056
115200.0,88.05394995211066,88.11779777938891,88.18160592916156,88.24533816405068,88.3088890548752,88.37195910184172,88.433683333848,88.49158831716811,88.53856475591029,88.55422356882461
116400.0,88.05394995211066,88.11779769487981,88.1816061959063,88.2453375643252,88.30889018294117,88.3719572609378,88.43368590943537,88.49158546703076,88.53856636519109,88.55422666457814
117600.0,88.05394995211066,88.11779777902868,88.18160593029857,88.24533816149435,88.3088890596837,88.37195909399475,88.43368334482665,88.49158830501905,88.53856476277,88.55422358202057
118800.0,88.05394995211066,88.11779773446742,88.18160607095164,88.24533784526194,88.30888965450781,88.37195812329453,88.43368470292185,88.49158680215518,88.53856561133603,88.55422521439654
120000.0,88.05394995211066,88.11779775851474,88.1816059950485,88.24533801591635,88.30888933351169,88.37195864713178,88.43368397002733,88.49158761317393,88.53856515340848,88.55422433348694
121200.0,88.05394995211066,88.11779774943528,88.18160602370729,88.24533795148231,88.30888945471001,88.37195844934664,88.43368424674632,88.49158730695767,88.53856532630824,88.55422466609205
122400.0,88.05394995211066,88.11779779978097,88.18160586479613,88.24533830876415,88.30888878267346,88.37195954605077,88.43368271236038,88.49158900490451,88.53856436759179,88.55422282182117
123600.0,88.05394995211066,88.11779777306965,88.18160594910762,88.24533811920578,88.30888913922719,88.37195896418659,88.43368352643975,88.49158810404663,88.53856487624562,88.55422380031222
124800.0,88.05394995211066,88.11779777101086,88.18160595560586,88.2453381045957,88.30888916670844,88.37195891933978,88.43368358918441,88.49158803461357,88.53856491544987,88.5542238757289
126000.0,88.05394995211066,88.11779779555309,88.18160587814094,88.245338278761,88.30888883910846,88.37195945395385,88.43368284121223,88.49158886231723,88.53856444810138,88.55422297669635
127200.0,88.05394995211066,88.1177977071447,88.18160615719319,88.2453376513643,88.30889001922337,88.37195752811093,88.43368553563623,88.49158588067608,88.53856613163344,88.55422621528612
128400.0,88.05394995211066,88.11779778411967,88.18160591422934,88.24533819762304,88.30888899172648,88.37195920489488,88.43368318966756,88.4915884767178,88.53856466582334,88.55422339552544
129600.0,88.05394995211066,88.11779773608195,88.18160606585538,88.24533785672044,88.30888963295456,88.37195815846714,88.43368465371259,88.49158685660987,88.5385655805892,88.55422515524917
130800.0,88.05394995211066,88.11779776198345,88.1816059841001,88.2453380405316,88.30888928721095,88.37195872269041,88.43368386431426,88.49158773015559,88.53856508735682,88.5542242064241
132000.0,88.05394995211066,88.11779775346041,88.18160601100217,88.24533798004744,88.30888940098,88.37195853702936,88.43368412407047,88.49158744271027,88.53856524965774,88.55422451864041
133200.0,88.05394995211066,88.1177977796194,88.18160592843407,88.24533816568633,88.30888905179854,88.37195910686245,88.43368332682374,88.4915883249411,88.5385647515215,88.55422356038183
134400.0,88.05394995211066,88.11779778028136,88.18160592634457,88.24533817038419,88.30888904296208,88.37195912128271,88.4336833066483,88.49158834726721,88.53856473891535,88.5542235361316
135600.0,88.05394995211066,88.1177977606935,88.18160598817161,88.24533803137781,88.308889304429,88.37195869459204,88.43368390362645,88.49158768665295,88.53856511191975,88.55422425367553
136800.0,88.05394995211066,88.11779782842734,88.18160577437656,88.24533851205577,88.30888840028811,88.37196017006974,88.4336818393029,88.49158997102684,88.53856382208751,88.5542217724413
138000.0,88.05394995211066,88.11779773117136,88.18160608135538,88.24533782187139,88.30888969850461,88.37195805149548,88.43368480337509,88.491586690994,88.53856567410143,88.55422533513745
139200.0,88.05394995211066,88.11779779465301,88.18160588098182,88.24533827237387,88.30888885112267,88.37195943434781,88.43368286864278,88.49158883196263,88.53856446524043,88.55422300966654
140400.0,88.05394995211066,88.11779774634711,88.18160603345478,88.24533792956697,88.30888949593214,88.37195838207587,88.43368434086403,88.4915872028074,88.53856538511482,88.55422477921748
141600.0,88.05394995211066,88.11779777163088,88.18160595364904,88.24533810899536,88.30888915843272,88.37195893284498,88.43368357028947,88.49158805552268,88.53856490364397,88.55422385301792
142800.0,88.05394995211066,88.11779775815124,88.1816059961961,88.24533801333617,88.30888933836485,88.37195863921181,88.43368398110815,88.4915876009121,88.53856516033193,88.55422434680538
144000.0,88.05394995211066,88.11779770578151,88.18160616149574,88.24533764169107,88.30889003741812,88.371957498419,88.43368557717793,88.4915858347062,88.53856615758956,88.55422626521754
145200.0,88.05394995211066,88.11779776966192,88.18160595986384,88.24533809502243,88.30888918471538,88.37195888995407,88.43368363029755,88.49158798911792,88.5385649411382,88.55422392514518
146400.0,88.05394995211066,88.11779774540217,88.18160603643723,88.24533792286161,88.3088895085448,88.37195836149317,88.43368436966107,88.49158717094056,88.53856540310784,88.55422481383049
147600.0,88.05394995211066,88.11779777726213,88.18160593587466,88.24533814895753,88.30888908326503,88.37195905551208,88.43368339866747,88.4915882454389,88.538564796411,88.55422364673525
148800.0,88.05394995211066,88.11779774800276,88.18160602822863,88.24533794131695,88.30888947383083,88.37195841814345,88.43368429040234,88.49158725864801,88.53856535358538,88.55422471856473
150000.0,88.05394995211066,88.11779783194217,88.18160576328236,88.24533853699893,88.3088883533705,88.37196024663511,88.4336817321811,88.49159008956788,88.53856375515534,88.55422164368468
151200.0,88.05394995211066,88.11779775302719,88.18160601236967,88.2453379769729,88.30888940676316,88.37195852759173,88.43368413727445,88.49158742809885,88.53856525790802,88.55422453451122
152400.0,88.05394995211066,88.11779778578237,88.18160590898111,88.24533820942285,88.30888896953152,88.37195924111494,88.43368313899244,88.4915885327947,88.53856463416051,88.55422333461595
153600.0,88.05394995211066,88.11779777579136,88.18160594051683,88.24533813852048,88.30888910289681,88.37195902347482,88.43368344349028,88.49158819583828,88.53856482441708,88.55422370061014
154800.0,88.05394995211066,88.11779770859962,88.181606152601,88.24533766168881,88.30888999980323,88.37195755980271,88.43368549129684,88.49158592974166,88.5385661039294,88.5542261619921
156000.0,88.05394995211066,88.11779777885147,88.18160593085787,88.24533816023683,88.30888906204905,88.37195909013472,88.43368335022718,88.4915882990429,88.53856476614428,88.55422358851153
157200.0,88.05394995211066,88.11779773450172,88.18160607084339,88.24533784550584,88.30888965404891,88.37195812404315,88.43368470187453,88.49158680331414,88.53856561068172,88.55422521313768
158400.0,88.05394995211066,88.11779778231771,88.18160591991703,88.24533818483538,88.30888901578005,88.37195916564141,88.43368324458652,88.4915884159445,88.53856470013788,88.55422346153584
159600.0,88.05394995211066,88.11779774195033,88.18160604733245,88.24533789836595,88.30888955462022,88.37195828630219,88.43368447485976,88.49158705452808,88.53856546883806,88.55422494027488
160800.0,88.05394995211066,88.1177978116295,88.18160582739715,88.24533839284878,88.30888862451306,88.37195980415427,88.433682351251,88.49158940450667,88.53856414196345,88.55422238778253
162000.0,88.05394995211066,88.11779776007526,88.18160599012315,88.24533802698998,88.30888931268237,88.37195868112323,88.43368392247024,88.4915876658005,88.53856512369374,88.55422427632499
163200.0,88.05394995211066,88.11779777993759,88.18160592742952,88.24533816794501,88.30888904755015,88.37195911379541,88.43368331712384,88.49158833567503,88.53856474546055,88.55422354872252
164400.0,88.05394995211066,88.11779781117231,88.18160582884047,88.24533838960389,88.30888863061638,88.37195979419451,88.43368236518533,88.4915893890871,88.53856415066969,88.55422240453075
165600.0,88.05394995211066,88.11779774328318,88.18160604312585,88.24533790782321,88.3088895368315,88.37195831533181,88.43368443424498,88.49158709947207,88.53856544346125,88.55422489145785
166800.0,88.05394995211066,88.11779778790508,88.18160590228112,88.24533822448635,88.30888894119765,88.37195928735329,88.43368307430103,88.49158860438187,88.53856459374003,88.5542232568596
168000.0,88.05394995211066,88.11779770769238,88.18160615546464,88.24533765525068,88.308890011913,88.37195754004107,88.43368551894494,88.49158589914686,88.5385661212041,88.55422619522339
169200.0,88.05394995211066,88.1177977787649,88.18160593113129,88.24533815962208,88.30888906320547,88.37195908824738,88.43368335286772,88.49158829612098,88.5385647677942,88.55422359168546
170400.0,88.05394995211066,88.11779774047343,88.18160605199436,88.24533788788443,88.30888957433552,88.37195825412878,88.43368451987317,88.49158700471644,88.53856549696344,88.55422499437933
171600.0,88.05394995211066,88.11779773702467,88.18160606288001,88.24533786340997,88.30888962037154,88.37195817900208,88.43368462498184,88.4915868884035,88.53856556263764,88.55422512071586
172800.0,88.05394995211066,88.11779775673425,88.18160600066868,88.24533800328061,88.30888935727887,88.3719586083458,88.43368402429245,88.49158755312438,88.5385651873145,88.55422439871141
174000.0,88.05394995211066,88.11779777778904,88.18160593421129,88.2453381526973,88.30888907623067,88.37195906699148,88.43368338260667,88.49158826321181,88.53856478637593,88.55422362743083
175200.0,88.05394995211066,88.1177977793471,88.1816059292935,88.24533816375401,88.30888905543335,88.37195910093074,88.4336833351226,88.49158831575765,88.53856475670676,88.55422357035665
176400.0,88.05394995211066,88.11779776106401,88.18160598700224,88.24533803400685,88.30888929948381,88.37195870266211,88.4336838923356,88.49158769914753,88.5385651048649,88.55422424010419
177600.0,88.05394995211066,88.11779780120052,88.1816058603152,88.24533831883866,88.308888763724,88.37195957697432,88.4336826690959,88.49158905278064,88.53856434055947,88.55422276981925
178800.0,88.05394995211066,88.11779772426924,88.18160610314114,88.24533777289074,88.30888979063512,88.37195790114707,88.43368501372558,88.49158645822082,88.53856580553267,88.55422558797012
180000.0,88.05394995211066,88.11779778031466,88.18160592623964,88.24533817062006,88.3088890425185,88.3719591220068,88.43368330563531,88.49158834838812,88.53856473828259,88.55422353491429
181200.0,88.05394995211066,88.11779774695843,88.18160603152508,88.24533793390563,88.30888948777132,88.3719583953937,88.4336843222312,88.49158722342636,88.5385653734726,88.55422475682151
182400.0,88.05394995211066,88.11779774120589,88.18160604968273,88.24533789308147,88.30888956456006,88.37195827008141,88.43368449755414,88.4915870294145,88.5385654830181,88.55422496755281
183600.0,88.05394995211066,88.11779776406453,88.18160597753158,88.2453380552999,88.30888925943228,88.37195876802267,88.4336838008904,88.49158780034044,88.5385650477282,88.55422413019089
184800.0,88.05394995211066,88.11779775832689,88.18160599564163,88.24533801458287,88.30888933601997,88.37195864303847,88.43368397575438,88.49158760683656,88.53856515698662,88.55422434037013
186000.0,88.05394995211066,88.11779778623011,88.18160590756786,88.24533821260003,88.30888896355552,88.37195925086733,88.43368312534817,88.49158854789333,88.5385646256353,88.55422331821613
187200.0,88.05394995211066,88.11779774984876,88.18160602240165,88.24533795441783,88.30888944918841,88.37195845835757,88.43368423413924,88.49158732090868,88.538565318431,88.55422465093856
188400.0,88.05394995211066,88.11779783021943,88.18160576872005,88.24533852477325,88.3088883763669,88.37196020910719,88.4336817846859,88.49159003146605,88.5385637879616,88.55422170679356
189600.0,88.05394995211066,88.11779773785655,88.18160606025428,88.24533786931316,88.30888960926792,88.3719581971221,88.43368459963062,88.49158691645687,88.5385655467977,88.55422509024474
190800.0,88.05394995211066,88.11779779244375,88.18160588795517,88.24533825669543,88.30888888061341,88.37195938622149,88.4336829359758,88.49158875745213,88.53856450731152,88.55422309059813
192000.0,88.05394995211066,88.11779777537583,88.18160594182835,88.2453381355718,88.30888910844328,88.37195901442333,88.43368345615416,88.49158818182445,88.53856483232975,88.55422371583164
193200.0,88.05394995211066,88.11779776182541,88.18160598459919,88.24533803940953,88.30888928932153,88.37195871924617,88.43368386913303,88.49158772482339,88.53856509036747,88.55422421221564
194400.0,88.05394995211066,88.11779777101559,88.18160595559105,88.24533810462903,88.30888916664571,88.37195891944214,88.43368358904122,88.4915880347721,88.53856491536027,88.55422387555647
195600.0,88.05394995211066,88.11779769022651,88.18160621059377,88.24533753130345,88.30889024505396,88.3719571595756,88.43368605124962,88.49158531010009,88.53856645379928,88.55422683503252
196800.0,88.05394995211066,88.11779777559616,88.18160594113306,88.24533813713515,88.30888910550264,88.37195901922212,88.43368344944021,88.49158818925412,88.53856482813482,88.55422370776189
198000.0,88.05394995211066,88.11779773570356,88.18160606704993,88.2453378540346,88.30888963800636,88.37195815022355,88.43368466524562,88.49158684384773,88.5385655877952,88.55422516911118
199200.0,88.05394995211066,88.11779776445849,88.18160597628768,88.24533805809666,88.30888925417179,88.37195877660726,88.43368378887973,88.49158781363144,88.53856504022353,88.55422411575438
200400.0,88.05394995211066,88.11779774746792,88.18160602991665,88.24533793752188,88.3088894809693,88.3719584064939,88.4336843067012,88.49158724061171,88.53856536376914,88.5542247381551
201600.0,88.05394995211066,88.11779778911671,88.18160589845688,88.24533823308448,88.30888892502465,88.37195931374616,88.43368303737522,88.49158864524378,88.53856457066804,88.55422321247623
202800.0,88.05394995211066,88.1177977871914,88.18160590453364,88.245338219422,88.30888895072358,88.3719592718078,88.43368309605056,88.491588580314,88.53856460732949,88.55422328300145
204000.0,88.05394995211066,88.11779775373212,88.18160601014485,88.24533798197487,88.30888939735425,88.37195854294636,88.43368411579199,88.49158745187121,88.5385652444853,88.55422450869013
205200.0,88.05394995211066,88.1177977809281,88.18160592430328,88.24533817497363,88.30888903432951,88.37195913537043,88.43368328693852,88.49158836907797,88.53856472660023,88.55422351244111
206400.0,88.05394995211066,88.11779770204168,88.18160617329991,88.2453376151519,88.30889008733726,88.37195741695534,88.43368569115265,88.49158570858218,88.53856622880313,88.55422640221025
207600.0,88.05394995211066,88.11779778283437,88.18160591828628,88.24533818850166,88.30888900888378,88.37195917689563,88.43368322884113,88.49158843336829,88.5385646902998,88.55422344261041
208800.0,88.05394995211066,88.11779773201877,88.18160607868039,88.2453378278856,88.30888968719188,88.37195806995716,88.43368477754552,88.49158671957694,88.53856565796244,88.55422530409106
210000.0,88.05394995211066,88.11779776962827,88.18160595996981,88.24533809478406,88.30888918516385,88.37195888922221,88.4336836313216,88.4915879879847,88.53856494177795,88.55422392637581
211200.0,88.05394995211066,88.11779774751786,88.18160602975955,88.24533793787485,88.30888948030523,88.37195840757764,88.43368430518477,88.49158724228988,88.53856536282166,88.5542247363324
212400.0,88.05394995211066,88.11779779603755,88.1816058766118,88.24533828219873,88.30888883264251,88.37195946450578,88.43368282644913,88.49158887865397,88.53856443887696,88.5542229589514
213600.0,88.05394995211066,88.11779777270422,88.18160595026099,88.24533811661267,88.3088891441048,88.37195895622678,88.4336835375762,88.49158809172303,88.53856488320395,88.55422381369767
214800.0,88.05394995211066,88.11779776994632,88.18160595896605,88.24533809704104,88.30888918091824,88.37195889615057,88.43368362162836,88.49158799871128,88.53856493572128,88.55422391472476
216000.0,88.05394995211066,88.11779782662975,88.18160578005043,88.24533849929898,88.30888842428335,88.37196013091179,88.43368189408832,88.4915899104016,88.5385638563186,88.55422183829107
217200.0,88.05394995211066,88.11779773406487,88.18160607222248,88.2453378424049,88.30888965988163,88.37195811452496,88.43368471519145,88.49158678857773,88.53856561900248,88.55422522914424
218400.0,88.05394995211066,88.11779779257985,88.1816058875255,88.2453382576616,88.3088888787959,88.3719593891877,88.43368293182559,88.491588762045,88.5385645047182,88.55422308560937
219600.0,88.05394995211066,88.11779773049274,88.18160608349758,88.24533781705512,88.30888970756385,88.37195803671158,88.43368482405941,88.49158666810469,88.53856568702535,88.55422535999908
220800.0,88.05394995211066,88.11779777480908,88.1816059436173,88.24533813154972,88.30888911600883,88.37195900207693,88.4336834734279,88.49158816270939,88.53856484312266,88.5542237365939
222000.0,88.05394995211066,88.11779775046543,88.18160602045562,88.24533795879317,88.3088894409585,88.37195847178815,88.43368421534872,88.49158734170223,88.53856530669007,88.55422462835284
223200.0,88.05394995211066,88.11779771301707,88.18160613865751,88.24533769303869,88.30888994083462,88.37195765603464,88.43368535665981,88.49158607873083,88.53856601980519,88.55422600016347
224400.0,88.05394995211066,88.11779776442597,88.18160597639067,88.24533805786497,88.30888925460748,88.37195877589637,88.43368378987438,88.49158781253071,88.53856504084506,88.55422411694998
225600.0,88.05394995211066,88.1177977527909,88.18160601311554,88.24533797529601,88.3088894099172,88.37195852244467,88.43368414447578,88.49158742012982,88.53856526240735,88.5542245431667
226800.0,88.05394995211066,88.11779782226674,88.18160579382197,88.24533846833648,88.30888848252262,88.37196003587042,88.43368202705955,88.49158976325617,88.53856393940157,88.55422199811692
228000.0,88.05394995211066,88.11779772894785,88.18160608837356,88.24533780609246,88.30888972818423,88.37195800306122,88.43368487113902,88.49158661600656,88.53856571644178,88.55422541658704
229200.0,88.05394995211066,88.1177977955353,88.181605878197,88.24533827863502,88.30888883934573,88.3719594535667,88.43368284175378,88.49158886171818,88.5385644484394,88.55422297734663
230400.0,88.05394995211066,88.11779774231552,88.18160604618005,88.2453379009565,88.30888954974768,88.37195829425379,88.43368446373476,88.49158706683892,88.53856546188709,88.5542249269033
231600.0,88.05394995211066,88.1177977742184,88.18160594548172,88.24533812735793,88.30888912389325,88.37195898921036,88.43368349142933,88.49158814278908,88.53856485437052,88.55422375823112
232800.0,88.05394995211066,88.11779775879694,88.181605994158,88.24533801791823,88.3088893297462,88.3719586532766,88.43368396143035,88.49158762268739,88.53856514803681,88.55422432315339
234000.0,88.05394995211066,88.11779772044827,88.18160611520166,88.24533774577444,88.30888984164079,88.3719578179096,88.43368513018264,88.49158632934969,88.53856587829759,88.55422572794697
235200.0,88.05394995211066,88.11779777167357,88.18160595351421,88.24533810929837,88.30888915786272,88.3719589337751,88.43368356898809,88.49158805696278,88.53856490283063,88.55422385145332
236400.0,88.05394995211066,88.11779774375299,88.18160604164278,88.2453379111578,88.30888953055927,88.3719583255675,88.43368441992413,88.49158711531966,88.53856543451315,88.55422487424437
237600.0,88.05394995211066,88.1177977845161,88.18160591297791,88.24533820043658,88.30888898643451,88.3719592135309,88.43368317758507,88.4915884900882,88.53856465827386,88.55422338100244
238800.0,88.05394995211066,88.11779774440257,88.18160603959244,88.24533791576772,88.3088895218882,88.37195833971775,88.43368440012657,88.49158713722768,88.53856542214311,88.55422485044832
240000.0,88.05394995211066,88.11779782567086,88.18160578307717,88.24533849249396,88.30888843708334,88.37196011002338,88.43368192331282,88.49158987806196,88.5385638745784,88.55422187341723
241200.0,88.05394995211066,88.11779774935748,88.18160602395271,88.24533795093058,88.30888945574813,88.37195844765259,88.43368424911638,88.4915873043349,88.53856532778892,88.55422466894032
242400.0,88.05394995211066,88.11779778717147,88.18160590459662,88.24533821928037,88.3088889509899,88.37195927137331,88.43368309665837,88.49158857964139,88.53856460770915,88.55422328373179
243600.0,88.05394995211066,88.11779779979261,88.18160586475912,88.24533830884742,88.30888878251697,88.37195954630629,88.43368271200299,88.49158900529974,88.5385643673685,88.55422282139146
244800.0,88.05394995211066,88.11779775185273,88.18160601607678,88.245337968638,88.30888942244071,88.37195850200735,88.43368417306931,88.49158738848841,88.53856528027318,88.55422457753482
246000.0,88.05394995211066,88.11779778038778,88.1816059260086,88.24533817113957,88.30888904154138,88.37195912360119,88.43368330340466,88.49158835085653,88.53856473688862,88.5542235322327
247200.0,88.05394995211066,88.11779769407428,88.18160619844865,88.2453375586093,88.30889019369228,88.37195724339345,88.43368593398087,88.49158543986918,88.53856638052724,88.55422669408001
248400.0,88.05394995211066,88.11779777744867,88.18160593528572,88.24533815028148,88.30888908077472,88.371959059576,88.43368339298144,88.4915882517312,88.53856479285784,88.55422363990009
249600.0,88.05394995211066,88.11779773669669,88.18160606391517,88.24533786108258,88.30888962474926,88.37195817185795,88.43368463497713,88.49158687734258,88.53856556888275,88.55422513272947
250800.0,88.05394995211066,88.11779774539274,88.18160603646685,88.24533792279482,88.30888950867039,88.3719583612883,88.43368436994753,88.49158717062342,88.53856540328677,88.55422481417453
252000.0,88.05394995211066,88.117797752082,88.18160601535303,88.24533797026535,88.30888941937975,88.3719585070025,88.43368416608057,88.49158739622199,88.53856527590638,88.5542245691345
253200.0,88.05394995211066,88.1177977773486,88.18160593560161,88.2453381495716,88.30888908211001,88.3719590573969,88.43368339603025,88.49158824835735,88.53856479476286,88.5542236435647
254400.0,88.05394995211066,88.11779780712183,88.18160584162526,88.24533836085972,88.30888868468328,88.37195970596221,88.4336824886301,88.49158925248352,88.53856422780031,88.55422255290591
255600.0,88.05394995211066,88.1177977415418,88.18160604862197,88.24533789546632,88.30888956007452,88.37195827740116,88.43368448731334,88.4915870407469,88.53856547661931,88.55422495524346
256800.0,88.05394995211066,88.11779778932355,88.18160589780383,88.24533823455276,88.3088889222629,88.37195931825322,88.43368303106934,88.49158865222199,88.53856456672784,88.55422320489652
258000.0,88.05394995211066,88.11779770916236,88.18160615082472,88.24533766568278,88.30888999229057,88.37195757206266,88.43368547414414,88.49158594872293,88.53856609321186,88.55422614137488
259200.0,88.05394995211066,88.11779778251355,88.18160591929876,88.2453381862255,88.30888901316517,88.37195916990895,88.43368323861591,88.49158842255157,88.53856469640728,88.55422345435923
260400.0,88.05394995211066,88.11779773871832,88.18160605753442,88.24533787542823,88.30888959776574,88.37195821589235,88.43368457336965,88.491586945517,88.53856553038926,88.55422505868007
261600.0,88.05394995211066,88.11779775119528,88.18160601815208,88.24533796397205,88.30888943121752,88.3719584876844,88.43368419310843,88.49158736631296,88.53856529279427,88.55422460162146
262800.0,88.05394995211066,88.11779775607076,88.18160600276293,88.24533799857188,88.30888936613613,88.37195859389149,88.43368404451527,88.49158753074589,88.53856519994993,88.554224423018
264000.0,88.05394995211066,88.11779777611882,88.18160593948336,88.24533814084394,88.30888909852642,88.37195903060685,88.43368343351196,88.49158820688034,88.53856481818221,88.5542236886162
265200.0,88.05394995211066,88.11779778159307,88.18160592220433,88.24533817969268,88.30888902545315,88.37195914985591,88.43368326667195,88.49158839150486,88.5385647139373,88.55422348808146
266400.0,88.05394995211066,88.11779775926725,88.18160599267357,88.24533802125566,88.3088893234685,88.37195866352123,88.43368394709701,88.49158763854871,88.53856513908092,88.55422430592496
267600.0,88.05394995211066,88.1177978345596,88.18160575502073,88.24533855557354,88.30888831843251,88.37196030365095,88.43368165241058,88.49159017784167,88.53856370531294,88.55422154780344
268800.0,88.05394995211066,88.11779773310857,88.1816060752409,88.24533783561891,88.30888967264536,88.37195809369564,88.43368474433359,88.49158675632889,88.538565637211,88.55422526417172
270000.0,88.05394995211066,88.11779779356497,88.181605884416,88.24533826465291,88.30888886564546,88.37195941064795,88.43368290180081,88.49158879527005,88.53856448595822,88.55422304952096
271200.0,88.05394995211066,88.11779775914692,88.18160599305325,88.24533802040223,88.3088893250737,88.37195866090183,88.43368395076202,88.49158763449286,88.53856514137094,88.55422431033026
272400.0,88.05394995211066,88.11779776756335,88.1816059664875,88.24533808013045,88.30888921272678,88.37195884424196,88.43368369425286,88.49158791834518,88.53856498109872,88.55422400201654
273600.0,88.05394995211066,88.11779776234953,88.18160598294466,88.24533804312952,88.30888928232437,88.37195873066473,88.43368385315743,88.4915877425018,88.53856508038552,88.55422419301341
274800.0,88.05394995211066,88.1177976905353,88.18160620961872,88.24533753349554,88.30889024093078,88.37195716630406,88.4336860418362,88.49158532051648,88.53856644791773,88.55422682371811
276000.0,88.05394995211066,88.11779777114616,88.18160595517882,88.24533810555576,88.30888916490238,88.37195892228704,88.43368358506086,88.49158803917658,88.53856491287326,88.55422387077208
277200.0,88.05394995211066,88.11779774105834,88.18160605014809,88.24533789203508,88.30888956652836,88.37195826686911,88.43368450204851,88.49158702444092,88.53856548582613,88.55422497295446
278400.0,88.05394995211066,88.11779782206088,88.18160579447165,88.24533846687568,88.30888848527039,88.37196003138628,88.43368203333318,88.49158975631363,88.53856394332135,88.55422200565721
279600.0,88.05394995211066,88.11779773624762,88.18160606533299,88.2453378578947,88.30888963074557,88.37195816207239,88.43368464866832,88.49158686219175,88.5385655774373,88.55422514918574
280800.0,88.05394995211066,88.11779779243166,88.18160588799351,88.24533825660946,88.30888888077477,88.37195938595819,88.43368293634396,88.49158875704484,88.53856450754128,88.55422309104004
282000.0,88.05394995211066,88.11779776805486,88.18160596493627,88.24533808361804,88.3088892061667,88.37195885494734,88.43368367927498,88.49158793491954,88.53856497174019,88.55422398401366
283200.0,88.05394995211066,88.11779776341449,88.18160597958313,88.24533805068735,88.3088892681084,88.3719587538639,88.43368382069971,88.49158777841933,88.53856506010531,88.55422415400055
284400.0,88.05394995211066,88.1177977725586,88.18160595072064,88.24533811557917,88.30888914604886,88.3719589530543,88.43368354201478,88.49158808681128,88.53856488597708,88.55422381903229
285600.0,88.05394995211066,88.11779770150898,88.18160617498164,88.2453376113703,88.30889009445075,88.37195740534665,88.43368570739449,88.49158569060882,88.53856623895142,88.55422642173221
286800.0,88.05394995211066,88.11779777847191,88.18160593205593,88.2453381575431,88.30888906711562,88.37195908186646,88.43368336179525,88.49158828624172,88.53856477337213,88.55422360241553
288000.0,88.05394995211066,88.11779773350928,88.18160607397584,88.24533783846302,88.30888966729604,88.371958102425,88.43368473212034,88.49158676984412,88.53856562957982,88.55422524949165
289200.0,88.05394995211066,88.11779777557169,88.18160594121024,88.24533813696146,88.30888910582941,88.37195901868895,88.43368345018608,88.49158818842855,88.5385648286007,88.554223708658
290400.0,88.05394995211066,88.11779774444473,88.18160603945954,88.24533791606629,88.30888952132645,88.37195834063468,88.43368439884397,88.49158713864661,88.53856542134194,88.55422484890696
291600.0,88.05394995211066,88.117797811465,88.18160582791637,88.2453383916817,88.30888862670828,88.37195980057189,88.43368235626289,88.49158939896057,88.5385641450946,88.55422239380587
292800.0,88.05394995211066,88.11779776402797,88.18160597764688,88.24533805504063,88.30888925991992,88.37195876722683,88.43368380200374,88.49158779910826,88.53856504842359,88.55422413152864
294000.0,88.05394995211066,88.11779777812549,88.18160593314931,88.24533815508497,88.3088890717394,88.37195907432093,88.43368337235212,88.49158827455939,88.53856477996838,88.5542236151046
295200.0,88.05394995211066,88.11779782158722,88.1816057959668,88.24533846351409,88.30888849159359,88.37196002106738,88.4336820477702,88.49158974033777,88.53856395234185,88.55422202300974
296400.0,88.05394995211066,88.11779774057561,88.1816060516718,88.24533788860946,88.30888957297223,88.37195825635328,88.43368451676088,88.49158700816035,88.53856549501863,88.55422499063792
297600.0,88.05394995211066,88.11779778849517,88.18160590041857,88.24533822867396,88.30888893332079,88.37195930020768,88.43368305631668,88.49158862428317,88.53856458250281,88.55422323524257
298800.0,88.05394995211066,88.11779771487747,88.1816061327856,88.24533770624032,88.30888991600278,88.37195769655797,88.43368529996407,88.49158614147007,88.53856598438024,88.55422593201686
300000.0,88.05394995211066,88.11779777623408,88.18160593911942,88.24533814166239,88.30888909698697,88.37195903311897,88.43368342999729,88.4915882107695,88.53856481598619,88.55422368439166
301200.0,88.05394995211066,88.117797744214,88.18160604018745,88.24533791443002,88.3088895244042,88.37195833561182,88.43368440587122,88.49158713087047,88.53856542573253,88.5542248573531
302400.0,88.05394995211066,88.11779778371765,88.18160591549832,88.2453381947699,88.3088889970933,88.37195919613652,88.43368320192128,88.49158846315748,88.53856467347977,88.55422341025377
303600.0,88.05394995211066,88.11779777403565,88.18160594605844,88.24533812606123,88.30888912633233,88.37195898523001,88.43368349699814,88.49158813662648,88.53856485784975,88.55422376492409
304800.0,88.05394995211066,88.1177977666935,88.18160596923305,88.24533807395757,88.30888922433776,88.37195882529363,88.43368372076348,88.4915878890085,88.538564997663,88.55422403388108
306000.0,88.05394995211066,88.11779781731498,88.18160580945181,88.24533843319556,88.30888854862185,88.37195992800191,88.43368217797742,88.49158959625028,88.5385640336986,88.55422217951464
307200.0,88.05394995211066,88.11779773276294,88.18160607633128,88.24533783316737,88.30888967725706,88.37195808616985,88.43368475486244,88.49158674467805,88.5385656437894,88.5542252768264
308400.0,88.05394995211066,88.11779779505882,88.18160587970105,88.24533827525319,88.30888884570679,88.37195944318596,88.43368285627743,88.49158884564605,88.53856445751417,88.55422299480342
309600.0,88.05394995211066,88.1177977270731,88.18160609429093,88.24533779278859,88.30888975320808,88.37195796222454,88.43368492827295,88.49158655278231,88.53856575214002,88.55422548525918
310800.0,88.05394995211066,88.11779777812062,88.18160593316455,88.24533815505075,88.30888907180393,88.37195907421551,88.43368337249973,88.49158827439597,88.5385647800607,88.55422361528218
312000.0,88.05394995211066,88.1177977493427,88.18160602399934,88.24533795082601,88.30888945594452,88.37195844733218,88.4336842495645,88.49158730383894,88.5385653280689,88.55422466947878
313200.0,88.05394995211066,88.11779772980002,88.18160608568404,88.24533781213933,88.30888971681017,88.3719580216227,88.43368484516941,88.49158664474443,88.53856570021523,88.55422538537208
314400.0,88.05394995211066,88.11779776482408,88.18160597513392,88.24533806069041,88.30888924929295,88.37195878456916,88.43368377774031,88.49158782595812,88.53856503326325,88.5542241023649
315600.0,88.05394995211066,88.11779775675035,88.1816060006181,88.24533800339394,88.30888935706581,88.37195860869343,88.43368402380602,88.4915875536626,88.53856518701016,88.55422439812598
316800.0,88.05394995211066,88.11779778398635,88.18160591465033,88.24533819667649,88.30888899350714,88.3719592019889,88.43368319373323,88.49158847221862,88.5385646683635,88.55422340041176
318000.0,88.05394995211066,88.1177977506144,88.18160601998558,88.24533795984999,88.30888943897082,88.37195847503172,88.43368421081054,88.49158734672412,88.53856530385451,88.55422462289796
319200.0,88.05394995211066,88.11779783435355,88.18160575567086,88.24533855411195,88.30888832118188,88.37196029916402,88.43368165868883,88.49159017089382,88.53856370923592,88.5542215553499
320400.0,88.05394995211066,88.11779774175751,88.18160604794144,88.24533789699667,88.30888955719583,88.371958282099,88.43368448074041,88.49158704802043,88.53856547251239,88.55422494734296
321600.0,88.05394995211066,88.11779779074351,88.18160589332207,88.24533824462907,88.30888890331005,88.37195934918242,88.4336829877967,88.4915887001073,88.53856453969014,88.55422315288433
322800.0,88.05394995211066,88.11779778767547,88.18160590300572,88.24533822285714,88.30888894426234,88.37195928235201,88.43368308129843,88.49158859663848,88.53856459811202,88.55422326526981
324000.0,88.05394995211066,88.11779775817133,88.18160599613272,88.24533801347872,88.3088893380965,88.37195863964976,88.43368398049542,88.49158760158997,88.5385651599489,88.55422434606847
325200.0,88.05394995211066,88.11779777342511,88.18160594798562,88.24533812172834,88.30888913448236,88.37195897192981,88.43368351560635,88.49158811603475,88.53856486947657,88.55422378729043
326400.0,88.05394995211066,88.11779773203924,88.18160607861594,88.24533782803084,88.30888968691866,88.37195807040277,88.43368477692191,88.49158672026708,88.53856565757265,88.55422530334111
327600.0,88.05394995211066,88.11779778939963,88.1816058975637,88.24533823509265,88.30888892124763,88.37195931991005,88.43368302875128,88.49158865478698,88.53856456527942,88.55422320211018
328800.0,88.05394995211066,88.11779774031207,88.18160605250365,88.24533788673949,88.30888957648924,88.37195825061384,88.4336845247909,88.49158699927433,88.53856550003613,88.55422500029005
330000.0,88.05394995211066,88.11779781857717,88.181605805468,88.24533844215243,88.30888853177406,88.37195995549651,88.43368213950968,88.49158963881901,88.53856400966278,88.55422213327734
331200.0,88.05394995211066,88.11779774783028,88.181606028773,88.24533794009317,88.30888947613278,88.37195841438677,88.4336842956582,88.49158725283189,88.53856535686917,88.55422472488155
332400.0,88.05394995211066,88.11779778697513,88.18160590521619,88.24533821788745,88.30888895361001,88.37195926709765,88.43368310264037,88.4915885730216,88.53856461144694,88.55422329092201
333600.0,88.05394995211066,88.11779779075232,88.18160589329423,88.24533824469181,88.3088889031916,88.37195934937596,88.43368298752578,88.49158870040712,88.53856453952085,88.55422315255872
334800.0,88.05394995211066,88.11779775265919,88.1816060135314,88.24533797436062,88.30888941167684,88.37195851957327,88.43368414849293,88.49158741568442,88.53856526491735,88.55422454799496
336000.0,88.05394995211066,88.11779778194568,88.18160592109129,88.24533818219524,88.308889020746,88.37195915753759,88.43368325592446,88.49158840339801,88.53856470722192,88.55422347516318
337200.0,88.05394995211066,88.11779769831874,88.18160618505125,88.24533758873092,88.30889013703452,88.37195733585368,88.43368580462128,88.49158558301781,88.53856629970096,88.5542265385953
338400.0,88.05394995211066,88.11779778069354,88.18160592504364,88.24533817330898,88.30888903746056,88.37195913026085,88.43368329408733,88.49158836116703,88.53856473106696,88.55422352103356
339600.0,88.05394995211066,88.11779773407515,88.18160607218958,88.24533784247934,88.3088896597414,88.37195811475387,88.4336847148709,88.49158678893232,88.53856561880207,88.55422522875861
340800.0,88.05394995211066,88.11779776051071,88.18160598874856,88.24533803008073,88.30888930686872,88.37195869061061,88.43368390919666,88.49158768048899,88.53856511540005,88.55422426037038
342000.0,88.05394995211066,88.11779774972565,88.18160602279069,88.24533795354324,88.30888945083346,88.37195845567297,88.43368423789505,88.49158731675243,88.53856532077752,88.55422465545254
343200.0,88.05394995211066,88.11779779517515,88.18160587933374,88.24533827607922,88.30888884415326,88.37195944572116,88.43368285273044,88.49158884957117,88.53856445529794,88.55422299054024
344400.0,88.05394995211066,88.11779777453728,88.1816059444753,88.24533812962068,88.30888911963714,88.37195899615588,88.43368348171188,88.49158815354228,88.53856484829872,88.55422374655085
345600.0,88.05394995211066,88.11779776909925,88.18160596163976,88.2453380910297,88.30888919222568,88.37195887769792,88.43368364744504,88.49158797014243,88.53856495185221,88.55422394575547
346800.0,88.05394995211066,88.11779783524202,88.1816057528669,88.24533856041603,88.3088883093241,88.37196031851454,88.43368163161588,88.49159020085244,88.53856369232042,88.55422152280974
348000.0,88.05394995211066,88.11779773334932,88.18160607448077,88.2453378373279,88.30888966943098,88.37195809894138,88.43368473699415,88.49158676445104,88.53856563262484,88.55422525534945
349200.0,88.05394995211066,88.11779779194835,88.1816058895191,88.24533825317918,88.30888888722725,88.37195937542822,88.43368295107662,88.49158874074153,88.53856451674682,88.55422310874859
350400.0,88.05394995211066,88.11779774123696,88.18160604958442,88.24533789330272,88.308889564144,88.37195827076029,88.43368449660419,88.49158703046562,88.53856548242449,88.55422496641074
351600.0,88.05394995211066,88.11779777152995,88.18160595396787,88.24533810827835,88.30888915978134,88.37195893064406,88.43368357336868,88.49158805211505,88.53856490556782,88.55422385671879
352800.0,88.05394995211066,88.11779775412539,88.18160600890309,88.245337984767,88.30888939210266,88.37195855151649,88.43368410380153,88.49158746513987,88.53856523699304,88.55422449427749
354000.0,88.05394995211066,88.11779776298101,88.18160598095142,88.24533804761094,88.30888927389492,88.37195874442092,88.4336838339112,88.4915877637997,88.53856506836006,88.55422416988021
355200.0,88.05394995211066,88.11779778419448,88.1816059139932,88.24533819815395,88.30888899072818,88.37195920652391,88.43368318738841,88.49158847923972,88.5385646643993,88.55422339278586
356400.0,88.05394995211066,88.1177977554508,88.18160600471974,88.24533799417235,88.30888937441136,88.37195858038714,88.433684063409,88.49158750983811,88.53856521175507,88.55422444572746
357600.0,88.05394995211066,88.11779782533554,88.18160578413566,88.24533849011428,88.30888844155938,88.3719601027188,88.43368193353257,88.49158986675286,88.53856388096388,88.55422188570093
358800.0,88.05394995211066,88.11779773113315,88.18160608147599,88.24533782160027,88.30888969901439,88.37195805066364,88.43368480453906,88.49158668970585,88.53856567482869,88.55422533653635
360000.0,88.05394995211066,88.11779779550014,88.18160587830793,88.2453382783854,88.3088888398152,88.37195945280048,88.4336828428259,88.49158886053142,88.53856444910947,88.55422297863556
361200.0,88.05394995211066,88.11779775166242,88.18160601667745,88.24533796728771,88.30888942498062,88.3719584978624,88.4336841788684,88.491587382071,88.53856528389659,88.55422458450515
362400.0,88.05394995211066,88.11779777039435,88.18160595755226,88.24533810021966,88.30888917493942,88.37195890590743,88.4336836079774,88.49158801381732,88.53856492719194,88.55422389831679
363600.0,88.05394995211066,88.11779776192726,88.1816059842775,88.2453380401328,88.30888928796124,88.37195872146603,88.43368386602721,88.49158772826024,88.53856508842678,88.55422420848227
364800.0,88.05394995211066,88.11779770788705,88.18160615485033,88.24533765663155,88.30889000931575,88.37195754427938,88.43368551301518,88.49158590570845,88.53856611749933,88.55422618809628
366000.0,88.05394995211066,88.11779777257708,88.18160595066229,88.24533811571044,88.30888914580187,88.37195895345737,88.43368354145096,88.49158808743532,88.5385648856248,88.5542238183546
367200.0,88.05394995211066,88.11779774082626,88.18160605088079,88.24533789038796,88.30888956962657,88.37195826181326,88.43368450912178,88.49158701661383,88.5385654902457,88.55422498145636
368400.0,88.05394995211066,88.11779777910999,88.18160593004191,88.24533816207148,88.3088890585982,88.37195909576606,88.43368334234839,88.49158830776153,88.53856476122155,88.55422357904156
369600.0,88.05394995211066,88.11779774544338,88.18160603630722,88.24533792315398,88.30888950799493,88.37195836239059,88.43368436840537,88.4915871723301,88.53856540232316,88.55422481232085
370800.0,88.05394995211066,88.11779782558273,88.18160578335564,88.24533849186768,88.30888843826133,88.37196010810095,88.43368192600256,88.4915898750854,88.53856387625912,88.55422187665037
372000.0,88.05394995211066,88.11779775497523,88.18160600622053,88.24533799079803,88.30888938075842,88.37195857002925,88.43368407790075,88.49158749380166,88.53856522080993,88.55422446314601
373200.0,88.05394995211066,88.11779778452613,88.18160591294615,88.24533820050792,88.30888898630042,88.37195921374963,88.43368317727908,88.49158849042674,88.53856465808273,88.55422338063477
374400.0,88.05394995211066,88.11779781338392,88.18160582185962,88.24533840529894,88.30888860109442,88.37195984237161,88.43368229778137,88.49158946367604,88.53856410855425,88.55422232351366
375600.0,88.05394995211066,88.11779774753151,88.18160602971619,88.24533793797242,88.30888948012178,88.37195840787697,88.43368430476585,88.4915872427533,88.53856536255991,88.55422473582874
376800.0,88.05394995211066,88.11779778284262,88.18160591826017,88.24533818856041,88.3088890087732,88.37195917707595,88.43368322858875,88.49158843364756,88.53856469014198,88.55422344230678
378000.0,88.05394995211066,88.11779772510316,88.18160610050917,88.24533777880771,88.3088897795058,88.37195791930876,88.43368498831609,88.4915864863388,88.53856578965622,88.55422555742871
379200.0,88.05394995211066,88.11779778212758,88.18160592051701,88.24533818348627,88.30888901831754,88.37195916150047,88.43368325038011,88.49158840953332,88.53856470375779,88.55422346849919
380400.0,88.05394995211066,88.11779774211861,88.18160604680133,88.2453378995599,88.30888955237447,88.37195828996711,88.43368446973221,88.49158706020201,88.53856546563438,88.55422493411179
381600.0,88.05394995211066,88.11779780604166,88.18160584503461,88.24533835319411,88.30888869910238,88.37195968243138,88.43368252155193,88.49158921605223,88.53856424837075,88.55422259247683
382800.0,88.05394995211066,88.11779776324629,88.18160598011407,88.24533804949371,88.30888927035352,88.37195875020018,88.43368382582563,88.49158777274714,88.53856506330793,88.55422416016144
384000.0,88.05394995211066,88.11779777654884,88.18160593812601,88.24533814389594,88.30888909278585,88.37195903997468,88.43368342040556,88.49158822138364,88.53856480999318,88.554223672863
385200.0,88.05394995211066,88.11779781150794,88.18160582778117,88.24533839198554,88.30888862613695,88.37195980150425,88.43368235495875,88.49158940040348,88.53856414427996,88.55422239223878
386400.0,88.05394995211066,88.11779774041909,88.18160605216603,88.24533788749845,88.30888957506191,88.37195825294332,88.43368452153172,88.491587002881,88.53856549799956,88.55422499637243
387600.0,88.05394995211066,88.11779779041512,88.1816058943584,88.24533824229904,88.30888890769262,88.37195934203072,88.43368299780242,88.49158868903508,88.53856454594188,88.55422316491075
388800.0,88.05394995211066,88.11779771208406,88.18160614160267,88.2453376864169,88.30888995329012,88.37195763570833,88.43368538509787,88.49158604726145,88.53856603757367,88.55422603434445
390000.0,88.05394995211066,88.1177977798001,88.18160592786361,88.24533816696892,88.30888904938624,88.37195911079925,88.43368332131574,88.49158833103613,88.5385647480798,88.55422355376105
391200.0,88.05394995211066,88.11779774170894,88.18160604809455,88.24533789665234,88.3088895578435,88.37195828104238,88.43368448221868,88.49158704638462,88.53856547343607,88.55422494911987
392400.0,88.05394995211066,88.11779773904485,88.18160605650351,88.2453378777461,88.30888959340571,88.37195822300777,88.43368456341423,88.49158695653409,88.53856552416858,88.55422504671341
393600.0,88.05394995211066,88.11779775824871,88.18160599588825,88.24533801402825,88.30888933706304,88.37195864133622,88.43368397813589,88.49158760420114,88.53856515847471,88.55422434323256
394800.0,88.05394995211066,88.11779777244169,88.18160595108945,88.24533811475014,88.30888914760834,88.37195895050937,88.43368354557538,88.49158808287125,88.53856488820199,88.55422382331224
396000.0,88.05394995211066,88.11779778132168,88.18160592306094,88.2453381777668,88.30888902907554,88.37195914394447,88.43368327494271,88.49158838235252,88.53856471910494,88.55422349802247
397200.0,88.05394995211066,88.11779775830212,88.18160599571979,88.24533801440705,88.30888933635059,88.37195864249884,88.43368397650929,88.49158760600103,88.53856515745844,88.5542243412776
398400.0,88.05394995211066,88.11779784031411,88.18160573685724,88.24533859641073,88.30888824161929,88.37196042900268,88.43368147703306,88.4915903719134,88.53856359573389,88.55422133700739
399600.0,88.05394995211066,88.11779773625359,88.18160606531356,88.24533785793884,88.3088896306625,88.37195816220792,88.43368464847856,88.49158686240202,88.5385655773188,88.55422514895773
400800.0,88.05394995211066,88.11779779217608,88.18160588879991,88.24533825479641,88.30888888418545,88.37195938039196,88.43368294413202,88.49158874842622,88.5385645124078,88.55422310040173
402000.0,88.05394995211066,88.11779775230295,88.18160601465566,88.24533797183318,88.30888941643073,88.37195851181511,88.43368415934727,88.49158740367318,88.5385652716993,88.55422456104134
403200.0,88.05394995211066,88.11779773868003,88.18160605765492,88.2453378751576,88.30888959827482,88.37195821506178,88.43368457453138,88.49158694423171,88.538565531115,88.55422506007612
404400.0,88.05394995211066,88.11779776677821,88.18160596896588,88.24533807455813,88.30888922320815,88.37195882713725,88.43368371818396,88.4915878918631,88.53856499605129,88.55422403078072
405600.0,88.05394995211066,88.11779775480468,88.18160600675922,88.24533798958689,88.30888938303654,88.37195856631136,88.43368408310245,88.49158748804541,88.53856522405997,88.55422446939824
406800.0,88.05394995211066,88.11779778805275,88.18160590181483,88.24533822553464,88.30888893922582,88.37195929057145,88.4336830697984,88.4915886093645,88.53856459092664,88.55422325144743
408000.0,88.05394995211066,88.11779774592499,88.1816060347871,88.24533792657148,88.30888950156654,88.371958372881,88.43368435372852,88.49158718857144,88.53856539315277,88.55422479467995
409200.0,88.05394995211066,88.11779782615568,88.1816057815469,88.24533849593465,88.30888843061109,88.37196012058546,88.43368190853566,88.49158989441418,88.5385638653456,88.5542218556562
410400.0,88.05394995211066,88.11779773920547,88.18160605599653,88.24533787888609,88.30888959126145,88.37195822650682,88.43368455851882,88.49158696195104,88.53856552111012,88.55422504082989
411600.0,88.05394995211066,88.11779779183091,88.18160588988955,88.24533825234644,88.30888888879355,88.37195937287234,88.43368295465234,88.49158873678482,88.53856451898096,88.55422311304633
412800.0,88.05394995211066,88.1177977769525,88.1816059368517,88.24533814676089,88.3088890873968,88.3719590487694,88.43368340810096,88.49158823499994,88.53856480230502,88.55422365807337
414000.0,88.05394995211066,88.11779776049833,88.18160598878784,88.2453380299921,88.30888930703559,88.3719586903384,88.43368390957755,88.49158768006752,88.53856511563795,88.55422426082816
415200.0,88.05394995211066,88.11779777363647,88.1816059473185,88.24533812322821,88.3088891316612,88.37195897653379,88.43368350916502,88.49158812316276,88.53856486545193,88.55422377954834
416400.0,88.05394995211066,88.1177976938436,88.18160619917676,88.24533755697223,88.30889019677211,88.37195723836683,88.43368594101385,88.49158543208658,88.5385663849215,88.55422670253314
417600.0,88.05394995211066,88.11779777743016,88.18160593534408,88.2453381501505,88.30888908102115,88.37195905917375,88.43368339354441,88.49158825110813,88.53856479320969,88.55422364057685
418800.0,88.05394995211066,88.11779773431816,88.18160607142237,88.24533784420419,88.30888965649709,88.37195812004808,88.43368470746385,88.49158679712906,88.53856561417385,88.5542252198554
420000.0,88.05394995211066,88.11779776674581,88.18160596906789,88.24533807432906,88.30888922363896,88.37195882643408,88.4336837191678,88.4915878907744,88.53856499666591,88.55422403196306
421200.0,88.05394995211066,88.11779774690123,88.18160603170547,88.24533793350015,88.30888948853418,88.37195839414869,88.43368432397287,88.49158722149896,88.53856537456073,88.55422475891459
422400.0,88.05394995211066,88.11779781037873,88.1816058313452,88.24533838397251,88.30888864120884,88.37195977690881,88.43368238936961,88.4915893623247,88.53856416578049,88.5542224335991
423600.0,88.05394995211066,88.11779776764106,88.18160596624243,88.24533808068135,88.30888921169056,88.37195884593294,88.433683691887,88.49158792096321,88.53856497962032,88.5542239991727
424800.0,88.05394995211066,88.11779777610984,88.18160593951146,88.24533814078114,88.30888909864464,88.37195903041376,88.43368343378214,88.49158820658111,88.53856481835118,88.55422368894118
426000.0,88.05394995211066,88.11779779063875,88.18160589365245,88.24533824388627,88.30888890470702,88.37195934690301,88.43368299098566,88.49158869657836,88.53856454168275,88.55422315671754
427200.0,88.05394995211066,88.11779770327115,88.18160616941955,88.24533762387593,88.3088900709279,88.3719574437337,88.43368565368748,88.49158575004091,88.53856620539406,88.55422635717845
428400.0,88.05394995211066,88.11779778400683,88.18160591458563,88.24533819682198,88.30888899323348,88.37195920243539,88.43368319310869,88.49158847290975,88.53856466797332,88.55422339966113
429600.0,88.05394995211066,88.11779773283901,88.18160607609168,88.24533783370597,88.30888967624402,88.37195808782286,88.43368475254991,88.49158674723694,88.53856564234444,88.55422527404691
430800.0,88.05394995211066,88.11779777037579,88.18160595761029,88.24533810008917,88.308889175185,88.37195890550669,88.43368360853809,88.49158801319678,88.53856492754228,88.55422389899071
432000.0,88.05394995211066,88.11779774856052,88.18160602646837,88.24533794527458,88.30888946638652,88.37195843029185,88.43368427340569,88.49158727745635,88.53856534296534,88.55422469813497
433200.0,88.05394995211066,88.11779779025032,88.18160589487857,88.24533824112947,88.30888890989218,88.37195933844137,88.43368300282425,88.49158868347786,88.53856454907961,88.55422317094677
434400.0,88.05394995211066,88.1177977749121,88.18160594329211,88.24533813228074,88.30888911463356,88.37195900432138,88.43368347028758,88.49158816618441,88.53856484116038,88.554223732819
435600.0,88.05394995211066,88.11779776686363,88.18160596869618,88.24533807516458,88.30888922206735,88.3719588289989,88.43368371557926,88.49158789474535,88.53856499442375,88.55422402764981
436800.0,88.05394995211066,88.117797824603,88.18160578644776,88.24533848491585,88.30888845133751,88.37196008676177,88.4336819558579,88.49158984204756,88.53856389491314,88.55422191253489
438000.0,88.05394995211066,88.11779773244503,88.18160607733502,88.24533783091083,88.30888968150131,88.37195807924346,88.43368476455335,88.49158673395384,88.53856564984466,88.5542252884748
439200.0,88.05394995211066,88.11779779390687,88.18160588333706,88.24533826707844,88.30888886108315,88.37195941809307,88.43368289138476,88.4915888067964,88.53856447944993,88.55422303700104
440400.0,88.05394995211066,88.11779773273274,88.18160607642717,88.2453378329516,88.30888967766275,88.37195808550777,88.43368475578876,88.49158674365286,88.53856564436822,88.55422527793988
441600.0,88.05394995211066,88.11779777518075,88.181605942444,88.24533813418772,88.3088891110467,88.3719590101748,88.4336834620982,88.49158817524663,88.53856483604363,88.55422372297586
442800.0,88.05394995211066,88.11779775179163,88.18160601626948,88.24533796820506,88.30888942325515,88.37195850067822,88.43368417492879,88.49158738643064,88.53856528143491,88.55422457976954
444000.0,88.05394995211066,88.1177977164795,88.18160612772901,88.24533771760909,88.3088898946186,88.37195773145503,88.43368525114003,88.49158619549851,88.53856595387415,88.55422587333257
445200.0,88.05394995211066,88.11779776572423,88.18160597229273,88.24533806707845,88.30888923727719,88.37195880417791,88.43368375030605,88.4915878563168,88.53856501612178,88.55422406938996
446400.0,88.05394995211066,88.11779775420688,88.18160600864616,88.24533798534453,88.30888939101634,88.37195855328926,88.43368410132133,88.49158746788446,88.5385652354434,88.55422449129617
447600.0,88.05394995211066,88.11779778013414,88.18160592680918,88.24533816933969,88.30888904492676,88.37195911807667,88.4336833111339,88.49158834230339,88.53856474171785,88.5542235415225
448800.0,88.05394995211066,88.117797751091,88.18160601848115,88.24533796323246,88.30888943260824,88.37195848541477,88.43368419628392,88.4915873627991,88.53856529477804,88.55422460543754
450000.0,88.05394995211066,88.11779783764995,88.18160574526638,88.24533857750461,88.30888827718066,88.37196037097038,88.43368155822496,88.49159028206695,88.53856364646391,88.55422143459604
451200.0,88.05394995211066,88.11779774641404,88.1816060332435,88.2453379300421,88.30888949503853,88.3719583835341,88.43368433882392,88.49158720506476,88.53856538383994,88.5542247767648
452400.0,88.05394995211066,88.11779778875673,88.18160589959278,88.24533823053054,88.30888892982888,88.37195930590619,88.43368304834392,88.49158863310589,88.53856457752119,88.5542232256594
453600.0,88.05394995211066,88.117797767842,88.18160596560823,88.2453380821073,88.30888920900838,88.37195885031002,88.43368368576309,88.49158792773981,88.53856497579395,88.55422399181177
454800.0,88.05394995211066,88.11779771768646,88.1816061239191,88.24533772617492,88.30888987850669,88.37195775774819,88.43368521435336,88.49158623620679,88.53856593088877,88.55422582911588
456000.0,88.05394995211066,88.11779777522655,88.18160594229963,88.24533813451222,88.30888911043627,88.37195901117104,88.43368346070434,88.49158817678914,88.53856483517255,88.55422372130015
457200.0,88.05394995211066,88.11779773973453,88.18160605432664,88.24533788264058,88.30888958419945,88.37195823803162,88.43368454239452,88.4915869797942,88.53856551103513,88.55422502144854
458400.0,88.05394995211066,88.11779778587449,88.18160590869043,88.24533821007626,88.30888896830244,88.3719592431207,88.43368313618643,88.49158853589961,88.53856463240716,88.55422333124284
459600.0,88.05394995211066,88.11779774144185,88.18160604893728,88.24533789475785,88.30888956140709,88.37195827522663,88.43368449035549,88.49158703738048,88.53856547851994,88.55422495889957
460800.0,88.05394995211066,88.11779781882436,88.18160580468756,88.24533844390703,88.30888852847396,88.37195996088161,88.43368213197593,88.49158964715568,88.53856400495555,88.55422212422204
462000.0,88.05394995211066,88.11779775255503,88.1816060138599,88.24533797362241,88.30888941306522,88.37195851730746,88.43368415166294,88.49158741217651,88.53856526689792,88.55422455180491
463200.0,88.05394995211066,88.11779778484225,88.18160591194862,88.2453382027507,88.30888898208173,88.37195922063435,88.43368316764662,88.49158850108594,88.53856465206391,88.55422336905639
464400.0,88.05394995211066,88.11779780108344,88.18160586068498,88.24533831800744,88.30888876528734,88.37195957442343,88.43368267266457,88.4915890488315,88.53856434278896,88.55422277410796
465600.0,88.05394995211066,88.11779774914699,88.18160602461721,88.24533794943675,88.30888945855787,88.37195844306744,88.43368425553119,88.49158729723628,88.53856533179689,88.5542246766502
466800.0,88.05394995211066,88.11779778368656,88.18160591559636,88.24533819454957,88.3088889975078,88.37195919546025,88.4336832028674,88.49158846211066,88.53856467407066,88.55422341139044
468000.0,88.05394995211066,88.11779769901095,88.18160618286672,88.24533759364226,88.30889012779647,88.37195735092935,88.43368578352889,88.49158560635871,88.53856628652153,88.55422651324228
469200.0,88.05394995211066,88.11779777912092,88.18160593000744,88.24533816214901,88.30888905845238,88.37195909600406,88.43368334201536,88.49158830812992,88.53856476101328,88.5542235786408
470400.0,88.05394995211066,88.11779773677347,88.1816060636732,88.24533786162648,88.30888962372626,88.37195817352712,88.43368463264216,88.49158687992644,88.53856556742359,88.55422512992243
471600.0,88.05394995211066,88.11779774768125,88.18160602924357,88.24533793903518,88.308889478123,88.37195841113875,88.43368430020256,88.49158724780304,88.53856535970843,88.55422473034331
472800.0,88.05394995211066,88.11779775282069,88.18160601302142,88.24533797550758,88.30888940951945,88.37195852309387,88.43368414356739,88.49158742113508,88.53856526183962,88.55422454207421
474000.0,88.05394995211066,88.11779778959458,88.18160589694857,88.24533823647555,88.30888891864608,88.37195932415565,88.43368302281148,88.49158866135993,88.53856456156805,88.55422319497048
475200.0,88.05394995211066,88.11779777680604,88.18160593731405,88.24533814572142,88.30888908935214,88.37195904557846,88.43368341256527,88.49158823005966,88.53856480509428,88.55422366343889
476400.0,88.05394995211066,88.11779776623743,88.18160597067302,88.24533807071975,88.30888923042802,88.37195881535507,88.43368373466804,88.49158787362188,88.5385650063506,88.55422405059326
477600.0,88.05394995211066,88.11779779905534,88.18160586708622,88.24533830361538,88.3088887923583,88.37195953024603,88.43368273447254,88.49158898043508,88.53856438140755,88.55422284839817
478800.0,88.05394995211066,88.1177977142695,88.18160613470447,88.24533770192612,88.30888992411792,88.37195768331436,88.43368531849299,88.49158612096593,88.53856599595767,88.55422595428803
480000.0,88.05394995211066,88.11779778262937,88.18160591893319,88.2453381870473,88.30888901161941,88.37195917243125,88.43368323508702,88.49158842645654,88.53856469420214,88.5542234501171
481200.0,88.05394995211066,88.11779774101863,88.18160605027361,88.24533789175295,88.30888956705905,88.37195826600319,88.43368450325987,88.4915870231005,88.53856548658278,88.55422497441
482400.0,88.05394995211066,88.11779775145936,88.18160601731876,88.24533796584554,88.3088894276932,88.3719584934358,88.43368418506141,88.491587375218,88.53856528776568,88.55422459194806
483600.0,88.05394995211066,88.1177977587324,88.18160599436179,88.24533801746024,88.30888933060741,88.37195865187115,88.43368396339648,88.49158762051162,88.53856514926505,88.55422432551596
484800.0,88.05394995211066,88.11779776900214,88.18160596194627,88.2453380903405,88.30888919352175,88.37195887558276,88.4336836504043,88.4915879668678,88.5385649537009,88.55422394931175
486000.0,88.05394995211066,88.11779778403306,88.18160591450288,88.24533819700783,88.3088889928837,88.3719592030065,88.43368319230956,88.4915884737939,88.53856466747395,88.55422339870042
487200.0,88.05394995211066,88.11779775513084,88.18160600572973,88.24533799190148,88.30888937868276,88.37195857341645,88.43368407316164,88.49158749904583,88.53856521784857,88.55422445744925
488400.0,88.05394995211066,88.11779783092977,88.1816057664778,88.24533852981476,88.30888836688372,88.3719602245828,88.43368176303423,88.49159005542553,88.53856377443299,88.55422168076855
489600.0,88.05394995211066,88.11779773341179,88.18160607428399,88.24533783777021,88.30888966859916,88.37195810029851,88.43368473509548,88.49158676655183,88.53856563143864,88.55422525306732
490800.0,88.05394995211066,88.1177977940308,88.1816058829456,88.24533826795859,88.30888885942784,88.37195942079454,88.43368288760486,88.49158881097922,88.53856447708799,88.55422303245732
492000.0,88.05394995211066,88.11779776142032,88.18160598587767,88.24533803653509,88.30888929472833,88.37195871042272,88.43368388147783,88.49158771116247,88.53856509808057,88.554224227053
493200.0,88.05394995211066,88.11779776688365,88.18160596863329,88.24533807530575,88.30888922180185,88.3719588294323,88.43368371497291,88.49158789541629,88.53856499404489,88.55422402692085
494400.0,88.05394995211066,88.11779776475588,88.18160597534917,88.24533806020658,88.30888925020302,88.37195878308411,88.43368377981811,88.49158782365888,88.53856503456142,88.55422410486206
495600.0,88.05394995211066,88.11779769449898,88.1816061971079,88.24533756162401,88.30889018802145,88.37195725264803,88.43368592103293,88.49158545419748,88.53856637243675,88.55422667851629
496800.0,88.05394995211066,88.1177977729571,88.18160594946274,88.24533811840736,88.30888914072904,88.37195896173577,88.43368352986872,88.4915881002521,88.53856487838796,88.55422380443305
498000.0,88.05394995211066,88.11779773896045,88.1816060567697,88.2453378771478,88.30888959453114,88.37195822117117,88.43368456598382,88.49158695369043,88.53856552577405,88.5542250498017
499200.0,88.05394995211066,88.11779777126793,88.18160595479422,88.24533810642073,88.30888916327548,88.37195892494195,88.4336835813467,88.49158804328664,88.53856491055241,88.55422386630747
500400.0,88.05394995211066,88.11779774691298,88.18160603166851,88.24533793358296,88.30888948837824,88.37195839440338,88.43368432361663,88.49158722189321,88.53856537433805,88.55422475848613
501600.0,88.05394995211066,88.11779779428326,88.18160588214933,88.24533826974886,88.30888885605984,88.37195942629118,88.43368287991436,88.49158881948966,88.53856447228272,88.55422302321357
502800.0,88.05394995211066,88.11779777528027,88.18160594213002,88.24533813489367,88.30888910971886,88.37195901234176,88.43368345906624,88.49158817860194,88.53856483414896,88.55422371933112
504000.0,88.05394995211066,88.11779776032307,88.18160598934098,88.24533802874866,88.3088893093745,88.37195868652135,88.433683914918,88.49158767415771,88.53856511897459,88.55422426724672
505200.0,88.05394995211066,88.11779777493082,88.18160594323308,88.24533813241355,88.30888911438377,88.37195900472899,88.43368346971741,88.49158816681533,88.53856484080416,88.55422373213362
506400.0,88.05394995211066,88.11779770407647,88.18160616687759,88.24533762959105,88.30889006017807,88.37195746127665,88.43368562914316,88.49158577720158,88.5385661900583,88.55422632767701
507600.0,88.05394995211066,88.11779778102729,88.18160592399026,88.24533817567747,88.30888903300561,88.3719591375309,88.43368328391577,88.49158837242277,88.53856472471149,88.55422350880757
508800.0,88.05394995211066,88.11779773160984,88.18160607997127,88.2453378249834,88.30888969265085,88.37195806104866,88.43368479000924,88.49158670578454,88.53856566574994,88.55422531907156
510000.0,88.05394995211066,88.11779777656763,88.18160593806658,88.24533814402946,88.30888909253467,88.37195904038468,88.4336834198321,88.49158822201828,88.5385648096346,88.55422367217325
511200.0,88.05394995211066,88.11779774421905,88.18160604017191,88.24533791446481,88.30888952433874,88.37195833571906,88.43368440572105,88.49158713103665,88.53856542563862,88.55422485717249
512400.0,88.05394995211066,88.11779780585026,88.18160584563893,88.2453383518357,88.30888870165725,88.37195967826223,88.43368252738489,88.49158920959759,88.53856425201512,88.55422259948746
513600.0,88.05394995211066,88.11779776615502,88.18160597093292,88.24533807013563,88.3088892315267,88.37195881356207,88.43368373717665,88.49158787084575,88.53856500791828,88.55422405360895
514800.0,88.05394995211066,88.11779777572669,88.181605940721,88.24533813806154,88.30888910375995,88.37195902206622,88.43368344546094,88.49158819365753,88.53856482564802,88.55422370297804
516000.0,88.05394995211066,88.1177978200131,88.18160580093536,88.2453384523432,88.30888851260538,88.37195998677832,88.43368209574322,88.49158968725114,88.53856398231615,88.55422208067097
517200.0,88.05394995211066,88.11779773879807,88.18160605728232,88.24533787599532,88.30888959669896,88.37195821763332,88.43368457093368,88.4915869482127,88.53856552886695,88.55422505575152
518400.0,88.05394995211066,88.11779779026631,88.18160589482802,88.24533824124319,88.30888890967844,88.37195933878995,88.43368300233652,88.49158868401757,88.53856454877469,88.55422317036013
519600.0,88.05394995211066,88.11779771741233,88.18160612478457,88.24533772422905,88.30888988216667,88.37195775177534,88.43368522271021,88.49158622695886,88.53856593611042,88.55422583916071
520800.0,88.05394995211066,88.11779777705178,88.18160593653842,88.24533814746523,88.30888908607201,88.37195905093124,88.4336834050762,88.49158823834716,88.5385648004148,88.55422365443712
522000.0,88.05394995211066,88.11779774489027,88.181606038053,88.24533791922887,88.30888951537776,88.37195835034234,88.43368438526203,88.49158715367642,88.53856541285545,88.55422483258157
523200.0,88.05394995211066,88.11779772446798,88.18160610251391,88.2453377743004,88.308889787984,88.37195790547324,88.43368500767309,88.49158646491846,88.53856580175062,88.55422558069442
524400.0,88.05394995211066,88.11779776036549,88.18160598920713,88.24533802904958,88.30888930880838,88.3719586874453,88.43368391362526,88.49158767558826,88.53856511816689,88.55422426569287
525600.0,88.05394995211066,88.11779776022514,88.18160598965017,88.24533802805347,88.3088893106819,88.37195868438783,88.43368391790278,88.49158767085473,88.53856512083978,88.55422427083457
526800.0,88.05394995211066,88.11779781932718,88.18160580310057,88.24533844747528,88.30888852176203,88.37195997183517,88.43368211665026,88.49158966411528,88.53856399537946,88.5542221058006
528000.0,88.05394995211066,88.11779772991883,88.18160608530886,88.24533781298278,88.30888971522363,88.3719580242117,88.43368484154749,88.49158664875237,88.53856569795231,88.55422538101868
529200.0,88.05394995211066,88.11779779513621,88.18160587945664,88.24533827580309,88.30888884467213,88.3719594448744,88.43368285391503,88.49158884826032,88.53856445603815,88.55422299196385
530400.0,88.05394995211066,88.11779773033125,88.18160608400733,88.24533781590888,88.30888970971976,88.37195803319342,88.43368482898141,88.49158666265805,88.53856569010046,88.55422536591436
531600.0,88.05394995211066,88.11779777826631,88.18160593270488,88.24533815608413,88.3088890698601,88.37195907738777,88.43368336806127,88.49158827930769,88.53856477728728,88.55422360994692
532800.0,88.05394995211066,88.11779775174713,88.18160601641004,88.24533796788893,88.30888942384979,88.3719584997078,88.43368417628656,88.49158738492808,88.53856528228317,88.55422458140134
534000.0,88.05394995211066,88.1177977309361,88.18160608209804,88.24533782020168,88.30888970164514,88.37195804637052,88.43368481054539,88.49158668305923,88.5385656785813,88.55422534375516
535200.0,88.05394995211066,88.11779776704597,88.18160596812065,88.24533807645851,88.30888921963367,88.3719588329705,88.43368371002258,88.49158790089433,88.53856499095178,88.55422402097074
536400.0,88.05394995211066,88.11779775257241,88.18160601380524,88.24533797374517,88.30888941283433,88.3719585176842,88.43368415113599,88.49158741275953,88.5385652665686,88.55422455117147
537600.0,88.05394995211066,88.11779778569493,88.18160590925717,88.24533820880207,88.30888897069947,88.37195923920898,88.43368314165905,88.4915885298438,88.53856463582633,88.55422333782033
538800.0,88.05394995211066,88.11779774773456,88.18160602907535,88.24533793941332,88.30888947741143,88.37195841230009,88.43368429857752,88.49158724960127,88.53856535869325,88.55422472839047
540000.0,88.05394995211066,88.11779783021977,88.18160576871895,88.24533852477573,88.3088883763623,88.3719602091146,88.43368178467557,88.4915900314772,88.53856378795517,88.554221706781
541200.0,88.05394995211066,88.11779774256175,88.18160604540277,88.24533790270415,88.30888954646032,88.37195829961841,88.43368445622929,88.49158707514448,88.53856545719708,88.55422491788116
542400.0,88.05394995211066,88.11779779044711,88.18160589425722,88.24533824252656,88.3088889072646,88.37195934272908,88.43368299682538,88.49158869011617,88.53856454533133,88.55422316373627
543600.0,88.05394995211066,88.117797787198,88.18160590451288,88.24533821946862,88.30888895063573,88.37195927195121,88.43368309584982,88.49158858053602,88.53856460720388,88.5542232827597
544800.0,88.05394995211066,88.11779775749092,88.18160599828053,88.24533800864971,88.30888934717986,88.37195862482636,88.43368400123462,88.49158757863995,88.53856517290721,88.55422437099614
546000.0,88.05394995211066,88.11779777507985,88.18160594276259,88.24533813347138,88.3088891123941,88.37195900797589,88.43368346517468,88.49158817184222,88.53856483796571,88.55422372667336
547200.0,88.05394995211066,88.11779768891027,88.18160621474829,88.24533752196265,88.30889026262368,88.37195713090347,88.43368609136422,88.49158526570943,88.53856647886323,88.55422688324768
548400.0,88.05394995211066,88.11779777640731,88.18160593857247,88.24533814289204,88.30888909467417,88.37195903689323,88.43368342471673,88.49158821661291,88.53856481268676,88.55422367804455
549600.0,88.05394995211066,88.11779773558098,88.181606067437,88.24533785316449,88.3088896396428,88.3719581475528,88.43368466898227,88.4915868397127,88.53856559012954,88.55422517360164
550800.0,88.05394995211066,88.11779775520536,88.1816060054945,88.24533799243055,88.30888937768756,88.37195857504061,88.43368407088919,88.49158750156043,88.53856521642867,88.55422445471788
552000.0,88.05394995211066,88.11779774938891,88.18160602385336,88.24533795115403,88.30888945532752,88.37195844833909,88.43368424815583,88.49158730539767,88.53856532718865,88.55422466778546
553200.0,88.05394995211066,88.1177977841873,88.18160591401579,88.2453381981031,88.30888899082386,88.37195920636779,88.43368318760675,88.49158847899801,88.53856466453554,88.55422339304788
554400.0,88.05394995211066,88.11779779768769,88.18160587140325,88.2453382939094,88.30888881061485,88.37195950045283,88.43368277615596,88.49158893430824,88.53856440745245,88.55422289850034
555600.0,88.05394995211066,88.11779774799052,88.18160602826734,88.24533794123003,88.30888947399428,88.37195841787643,88.43368429077576,88.49158725823472,88.53856535381853,88.55422471901295
556800.0,88.05394995211066,88.11779778503258,88.1816059113479,88.24533820410147,88.3088889795409,88.37195922478064,88.43368316184556,88.49158850750536,88.53856464843932,88.55422336208377
558000.0,88.05394995211066,88.11779770323115,88.18160616954584,88.24533762359184,88.3088900714623,88.37195744286169,88.43368565490769,88.49158574869041,88.53856620615657,88.55422635864512
559200.0,88.05394995211066,88.11779778289079,88.1816059181081,88.24533818890241,88.30888900812994,88.37195917812573,88.43368322711987,88.49158843527294,88.53856468922413,88.55422344054102
560400.0,88.05394995211066,88.11779773452882,88.1816060707579,88.24533784569779,88.30888965368773,88.37195812463256,88.43368470104994,88.49158680422664,88.53856561016619,88.55422521214588
561600.0,88.05394995211066,88.11779776075893,88.18160598796524,88.24533803184164,88.30888930355651,88.3719586960157,88.43368390163457,88.4915876888571,88.53856511067494,88.55422425128074
562800.0,88.05394995211066,88.11779775137109,88.18160601759672,88.24533796522107,88.30888942886781,88.37195849151897,88.43368418774347,88.49158737224988,88.53856528944178,88.55422459517226
564000.0,88.05394995211066,88.11779778729715,88.18160590420003,88.24533822017226,88.30888894931219,88.37195927411102,88.43368309282799,88.49158858388012,88.53856460531567,88.55422327912736
565200.0,88.05394995211066,88.1177977774803,88.18160593518596,88.24533815050604,88.30888908035234,88.37195906026534,88.43368339201713,88.49158825279817,88.53856479225536,88.55422363874094
566400.0,88.05394995211066,88.11779776507764,88.18160597433358,88.24533806249005,88.30888924590789,88.37195879009332,88.43368377001171,88.4915878345106,88.53856502843425,88.5542240930753
567600.0,88.05394995211066,88.11779783222835,88.18160576237926,88.24533853902929,88.30888834955178,88.37196025286698,88.43368172346216,88.49159009921583,88.53856374970763,88.55422163320472
568800.0,88.05394995211066,88.11779773211663,88.18160607837144,88.24533782858053,88.30888968588461,88.37195807209048,88.43368477456094,88.49158672287962,88.53856565609739,88.55422530050315
570000.0,88.05394995211066,88.11779779338579,88.1816058849819,88.2453382633803,88.3088888680394,88.37195940674101,88.43368290726718,88.4915887892209,88.53856448937358,88.554223056091
571200.0,88.05394995211066,88.11779774435887,88.18160603973024,88.2453379154579,88.30888952247098,88.37195833876685,88.43368440145709,88.49158713575515,88.53856542297443,88.55422485204733
572400.0,88.05394995211066,88.11779777148723,88.18160595410257,88.24533810797547,88.30888916035101,88.37195892971454,88.4336835746693,88.49158805067594,88.53856490638027,88.55422385828153
573600.0,88.05394995211066,88.11779775614269,88.18160600253579,88.24533799908251,88.3088893651756,88.37195859545908,88.43368404232199,88.49158753317279,88.53856519857939,88.5542244203814
574800.0,88.05394995211066,88.11779770017607,88.18160617918895,88.24533760191132,88.30889011224271,88.37195737631185,88.43368574801652,88.49158564565649,88.53856626433284,88.55422647055812
576000.0,88.05394995211066,88.1177977678304,88.18160596564478,88.2453380820251,88.30888920916307,88.37195885005765,88.43368368611621,88.49158792734909,88.53856497601461,88.55422399223626
577200.0,88.05394995211066,88.1177977466086,88.18160603262909,88.24533793142359,88.30888949243987,88.37195838777505,88.43368433289027,88.49158721163097,88.53856538013235,88.55422476963258
578400.0,88.05394995211066,88.1177978237026,88.18160578928969,88.24533847852625,88.30888846335611,88.37196006714838,88.43368198329907,88.4915898116811,88.53856391205915,88.55422194551828
579600.0,88.05394995211066,88.11779773143205,88.18160608053225,88.2453378237223,88.30888969502293,88.37195805717744,88.4336847954255,88.49158669979093,88.53856566913421,88.55422532558177
580800.0,88.05394995211066,88.11779779451486,88.18160588141775,88.24533827139359,88.30888885296662,88.37195943133851,88.43368287285301,88.49158882730377,88.53856446787086,88.55422301472638
582000.0,88.05394995211066,88.11779775525821,88.18160600532774,88.24533799280525,88.3088893769828,88.37195857619076,88.43368406928003,88.49158750334126,88.53856521542332,88.55422445278381
583200.0,88.05394995211066,88.11779776908135,88.18160596169638,88.24533809090235,88.30888919246505,88.37195887730736,88.43368364799143,88.49158796953783,88.53856495219351,88.55422394641191
584400.0,88.05394995211066,88.11779776574382,88.18160597223088,88.24533806721742,88.30888923701572,88.37195880460452,88.43368374970912,88.49158785697742,88.53856501574872,88.55422406867237
585600.0,88.05394995211066,88.1177977093821,88.18160615013086,88.2453376672429,88.30888998935598,88.37195757685186,88.43368546744341,88.49158595613785,88.53856608902505,88.55422613332067
586800.0,88.05394995211066,88.11779777534474,88.18160594192653,88.24533813535102,88.30888910885845,88.37195901374584,88.43368345710196,88.49158818077547,88.53856483292186,88.55422371697054
588000.0,88.05394995211066,88.117797737307,88.18160606198876,88.24533786541384,88.30888961660226,88.37195818515286,88.43368461637671,88.49158689792577,88.53856555726078,88.5542251103723
589200.0,88.05394995211066,88.11779778064731,88.18160592518933,88.24533817298158,88.30888903807657,88.37195912925544,88.43368329549395,88.49158835961036,88.53856473194591,88.55422352272429
590400.0,88.05394995211066,88.11779774358831,88.18160604216277,88.24533790998846,88.30888953275876,88.3719583219781,88.43368442494616,88.49158710976214,88.53856543765086,88.55422488028024
591600.0,88.05394995211066,88.11779781978818,88.18160580164547,88.24533845074667,88.30888851560861,88.37195998187686,88.43368210260132,88.49158967966184,88.53856398660143,88.55422208891447
592800.0,88.05394995211066,88.11779775690734,88.18160600012249,88.24533800450844,88.30888935496937,88.37195861211467,88.43368401901938,88.49158755895944,88.53856518401952,88.55422439237276
594000.0,88.05394995211066,88.117797782966,88.1816059178708,88.24533818943567,88.3088890071268,88.37195917976273,88.4336832248298,88.49158843780721,88.5385646877932,88.55422343778837
595200.0,88.05394995211066,88.11779781227325,88.18160582536525,88.24533839741719,88.30888861592005,88.37195981817744,88.43368233163119,88.49158942621783,88.53856412970428,88.55422236419962
596400.0,88.05394995211066,88.11779774597592,88.1816060346263,88.24533792693285,88.3088895008869,88.37195837399024,88.43368435217634,88.49158719028911,88.53856539218275,88.55422479281383
597600.0,88.05394995211066,88.11779778486843,88.18160591186604,88.2453382029363,88.30888898173266,88.3719592212036,88.43368316685032,88.49158850196703,88.53856465156655,88.55422336809956
598800.0,88.05394995211066,88.11779770312677,88.18160616987538,88.24533762285091,88.30889007285568,88.37195744058825,88.43368565808781,88.49158574517166,88.5385662081433,88.55422636246702
600000.0,88.05394995211066,88.11779777719062,88.18160593610015,88.24533814845054,88.30888908421854,88.37195905395595,88.43368340084439,88.49158824303,88.53856479777085,88.554223649351
601200.0,88.05394995211066,88.11779773995326,88.1816060536363,88.24533788419272,88.30888958127967,88.37195824279631,88.43368453572843,88.49158698717073,88.53856550687,88.55422501343624
602400.0,88.05394995211066,88.11779779420787,88.18160588238705,88.2453382692145,88.3088888570653,88.37195942464972,88.4336828822113,88.49158881694775,88.53856447371801,88.5542230259746
603600.0,88.05394995211066,88.11779776681789,88.18160596884066,88.24533807483968,88.30888922267849,88.37195882800158,88.43368371697453,88.49158789320134,88.53856499529556,88.55422402932676
604800.0,88.05394995211066,88.11779777309401,88.18160594903081,88.24533811937835,88.30888913890254,88.37195896471651,88.43368352569831,88.49158810486708,88.53856487578207,88.55422379942021
606000.0,88.05394995211066,88.11779781071851,88.18160583027279,88.24533838638342,88.30888863667411,88.37195978430867,88.43368237901657,88.4915893737815,88.53856415931146,88.5542224211546
607200.0,88.05394995211066,88.11779773787096,88.18160606020895,88.24533786941511,88.3088896090761,88.3719581974349,88.43368459919297,88.49158691694113,88.53856554652415,88.5542250897183
608400.0,88.05394995211066,88.11779779286307,88.18160588663159,88.24533825967141,88.30888887501551,88.37195939535668,88.4336829231947,88.49158877159562,88.5385644993254,88.55422307523516
609600.0,88.05394995211066,88.11779771608566,88.18160612897185,88.24533771481465,88.30888989987494,88.37195772287731,88.43368526314073,88.49158618221863,88.5385659613723,88.5542258877567
610800.0,88.05394995211066,88.11779778056143,88.18160592546059,88.24533817237163,88.30888903922383,88.37195912738346,88.43368329811284,88.49158835671238,88.53856473358195,88.55422352587163
612000.0,88.05394995211066,88.11779774324525,88.18160604324558,88.24533790755406,88.30888953733805,88.37195831450502,88.43368443540157,88.49158709819223,88.53856544418373,88.55422489284737
613200.0,88.05394995211066,88.11779774062288,88.18160605152265,88.24533788894479,88.30888957234136,88.37195825738266,88.43368451532096,88.49158700975366,88.53856549411911,88.55422498890741
614400.0,88.05394995211066,88.11779776000888,88.18160599033259,88.24533802651922,88.30888931356785,88.3719586796783,88.43368392449196,88.49158766356324,88.53856512495675,88.55422427875446
615600.0,88.05394995211066,88.11779776744804,88.18160596685144,88.24533807931228,88.30888921426585,88.37195884173022,88.43368369776687,88.49158791445652,88.53856498329421,88.55422400623999
616800.0,88.05394995211066,88.11779778319762,88.18160591713975,88.24533819107943,88.30888900403494,88.37195918480873,88.43368321776993,88.49158844561957,88.53856468338206,88.5542234293028
618000.0,88.05394995211066,88.11779775539407,88.18160600489881,88.24533799376981,88.30888937516845,88.37195857915162,88.4336840651377,88.49158750792505,88.53856521283507,88.55422444780497
619200.0,88.05394995211066,88.11779783638099,88.18160574927204,88.24533856849852,88.30888829412078,88.37196034332541,88.4336815969028,88.49159023926613,88.5385636706306,88.55422148108534
620400.0,88.05394995211066,88.1177977364749,88.18160606461554,88.24533785950761,88.30888962771185,88.37195816702321,88.43368464174154,88.49158686985704,88.53856557310914,88.55422514085976
621600.0,88.05394995211066,88.11779779254745,88.18160588762802,88.24533825743121,88.30888887922892,88.37195938848123,88.43368293281404,88.49158876095099,88.53856450533567,88.55422308679711
622800.0,88.05394995211066,88.11779777343268,88.18160594796171,88.24533812178224,88.308889134381,88.37195897209541,88.43368351537448,88.49158811629137,88.53856486933164,88.5542237870116
624000.0,88.05394995211066,88.11779776320832,88.1816059802336,88.24533804922484,88.30888927085945,88.37195874937476,88.4336838269805,88.49158777146909,88.53856506402968,88.55422416154974
625200.0,88.05394995211066,88.11779776763018,88.18160596627675,88.2453380806042,88.30888921183562,88.37195884569627,88.43368369221822,88.49158792059671,88.5385649798272,88.55422399957058
626400.0,88.05394995211066,88.11779774004316,88.18160605335271,88.24533788483026,88.30888958008066,88.37195824475279,88.43368453299114,88.49158699019986,88.53856550515977,88.5542250101463
627600.0,88.05394995211066,88.11779778986977,88.18160589607994,88.24533823842852,88.30888891497263,88.3719593301505,88.43368301442389,88.49158867064166,88.53856455632727,88.55422318488907
628800.0,88.05394995211066,88.11779774321728,88.18160604333364,88.24533790735613,88.30888953771019,88.37195831389798,88.43368443625079,88.49158709725246,88.53856544471444,88.55422489386831
630000.0,88.05394995211066,88.1177978224846,88.1816057931343,88.2453384698826,88.30888847961462,88.3719600406158,88.43368202042018,88.49158977060306,88.5385639352532,88.55422199013647
631200.0,88.05394995211066,88.11779774076969,88.18160605105923,88.24533788998669,88.30888957038151,88.37195826058112,88.43368451084588,88.49158701470593,88.53856549132277,88.55422498352834
632400.0,88.05394995211066,88.11779779099902,88.1816058925154,88.24533824644267,88.30888889989835,88.37195935475032,88.4336829800066,88.49158870872789,88.53856453482263,88.55422314352082
633600.0,88.05394995211066,88.11779777877132,88.18160593111087,88.2453381596681,88.30888906311883,88.37195908838882,88.43368335266985,88.49158829633986,88.53856476767041,88.55422359144717
634800.0,88.05394995211066,88.11779775891138,88.18160599379678,88.24533801873083,88.30888932821748,88.3719586557712,88.43368395794027,88.49158762654946,88.53856514585593,88.55422431895795
636000.0,88.05394995211066,88.11779777622695,88.18160593914195,88.24533814161177,88.30888909708223,88.37195903296359,88.43368343021466,88.49158821052889,88.53856481612209,88.55422368465302
637200.0,88.05394995211066,88.11779769706521,88.18160618900824,88.24533757983403,88.30889015376954,88.3719573085437,88.43368584283004,88.49158554073651,88.5385663235741,88.55422658451982
638400.0,88.05394995211066,88.11779777929715,88.18160592945112,88.24533816339967,88.30888905609986,88.37195909984315,88.43368333664417,88.49158831407375,88.53856475765718,88.55422357218485
639600.0,88.05394995211066,88.11779773317082,88.18160607504441,88.24533783606032,88.3088896718157,88.37195809504937,88.43368474243943,88.4915867584251,88.53856563602741,88.55422526189476
640800.0,88.05394995211066,88.11779776867807,88.18160596296893,88.24533808804132,88.30888919784671,88.37195886852489,88.433683660279,88.49158795594052,88.53856495987088,88.55422396118092
642000.0,88.05394995211066,88.11779774658575,88.18160603270154,88.24533793126024,88.30888949274727,88.37195838727322,88.43368433359257,88.49158721085377,88.53856538057131,88.55422477047708
643200.0,88.05394995211066,88.11779780583548,88.1816058456855,88.24533835173094,88.30888870185414,88.37195967794091,88.43368252783434,88.49158920910024,88.53856425229594,88.55422260002774
644400.0,88.05394995211066,88.11779776892718,88.181605962183,88.24533808980817,88.30888919452325,88.37195887394846,88.43368365269087,88.4915879643375,88.53856495512981,88.55422395206051
645600.0,88.05394995211066,88.11779777456091,88.18160594440046,88.24533812978885,88.30888911932078,88.37195899667239,88.43368348098934,88.49158815434183,88.53856484784711,88.55422374568211
646800.0,88.05394995211066,88.11779782968027,88.1816057704219,88.24533852094696,88.3088883835638,88.37196019736258,88.43368180111752,88.49159001328286,88.53856379822824,88.55422172654326
648000.0,88.05394995211066,88.11779773697839,88.18160606302594,88.2453378630817,88.30888962098909,88.37195817799389,88.4336846263928,88.49158688684192,88.53856556351907,88.55422512241135
649200.0,88.05394995211066,88.11779779011543,88.18160589530433,88.24533824017234,88.30888891169242,88.3719593355035,88.43368300693449,88.49158867892952,88.5385645516478,88.55422317588712
650400.0,88.05394995211066,88.11779772631594,88.18160609668111,88.2453377874143,88.30888976331741,88.37195794572654,88.43368495135547,88.491586527239,88.5385657665626,88.5542255130037
651600.0,88.05394995211066,88.11779777415573,88.1816059456794,88.24533812691342,88.30888912472942,88.37195898784582,88.43368349333838,88.49158814067644,88.53856485556307,88.55422376052518
652800.0,88.05394995211066,88.11779774854236,88.18160602652586,88.24533794514524,88.30888946662984,88.37195842989465,88.43368427396123,88.49158727684164,88.53856534331246,88.55422469880266
654000.0,88.05394995211066,88.11779777446344,88.18160594470837,88.24533812909672,88.30888912062252,88.37195899454788,88.43368348396154,88.49158815105285,88.53856484970424,88.55422374925463
655200.0,88.05394995211066,88.11779777927728,88.18160592951398,88.24533816325841,88.30888905636556,88.37195909940958,88.43368333725077,88.49158831340249,88.53856475803629,88.55422357291413
656400.0,88.05394995211066,88.11779776171001,88.18160598496324,88.24533803859117,88.30888929086086,88.371958716734,88.43368387264778,88.4915877209338,88.53856509256357,88.55422421644008
657600.0,88.05394995211066,88.11779782257783,88.18160579283992,88.24533847054464,88.30888847836914,88.37196004264864,88.43368201757605,88.49158977375058,88.53856393347598,88.5542219867177
658800.0,88.05394995211066,88.11779773054752,88.1816060833245,88.24533781744418,88.30888970683209,88.37195803790584,88.43368482238836,88.49158666995399,88.53856568598106,88.55422535798999
660000.0,88.05394995211066,88.1177977956422,88.18160587785964,88.24533827939335,88.30888883791916,88.37195945589468,88.43368283849692,88.49158886532204,88.5385644464045,88.55422297343185
661200.0,88.05394995211066,88.11779773836234,88.1816060586578,88.24533787290272,88.30888960251589,88.37195820814078,88.4336845842144,88.49158693351649,88.53856553716507,88.55422507171448
662400.0,88.05394995211066,88.11779777467018,88.18160594405558,88.24533813056432,88.30888911786222,88.37195899905241,88.43368347765956,88.49158815802654,88.53856484576669,88.55422374168
663600.0,88.05394995211066,88.11779775515117,88.18160600566549,88.24533799204598,88.3088893784111,88.3719585738599,88.43368407254104,88.49158749973262,88.53856521746096,88.55422445670368
664800.0,88.05394995211066,88.1177977180985,88.18160612261848,88.24533772909928,88.30888987300557,88.37195776672581,88.43368520179297,88.491586250106,88.53856592304089,88.55422581401908
666000.0,88.05394995211066,88.11779776857502,88.18160596329457,88.24533808730911,88.30888919922386,88.37195886627742,88.43368366342327,88.49158795246102,88.53856496183572,88.5542239649605
667200.0,88.05394995211066,88.11779774859967,88.1816060263449,88.24533794555211,88.30888946586454,88.37195843114353,88.43368427221391,88.49158727877519,88.53856534222072,88.55422469670249
668400.0,88.05394995211066,88.11779778215184,88.18160592044059,88.24533818365812,88.30888901799422,88.37195916202805,88.43368324964221,88.49158841034986,88.53856470329657,88.55422346761205
669600.0,88.05394995211066,88.11779774779939,88.18160602887038,88.24533793987426,88.30888947654448,88.37195841371494,88.4336842965981,88.49158725179187,88.53856535745639,88.55422472601113
670800.0,88.05394995211066,88.11779783180172,88.18160576372544,88.24533853600265,88.3088883552449,88.37196024357596,88.43368173646168,88.49159008483049,88.53856375783013,88.55422164882988
672000.0,88.05394995211066,88.11779774800995,88.1816060282061,88.24533794136771,88.30888947373516,88.37195841829943,88.43368429018393,88.49158725888971,88.53856535344858,88.55422471830143
673200.0,88.05394995211066,88.11779778808467,88.1816059017142,88.24533822576088,88.30888893880034,88.37195929126548,88.43368306882753,88.4915886104387,88.53856459031982,88.55422325028015
674400.0,88.05394995211066,88.11779780157119,88.1816058591454,88.24533832146885,88.30888875877645,88.37195958504847,88.4336826577992,88.49158906528145,88.53856433350077,88.55422275624046
675600.0,88.05394995211066,88.11779775296695,88.18160601255961,88.24533797654604,88.30888940756587,88.37195852628176,88.43368413910721,88.49158742607055,88.53856525905283,88.55422453671345
676800.0,88.05394995211066,88.1177977782222,88.18160593284409,88.24533815577124,88.30888907044866,88.3719590764273,88.43368336940505,88.49158827782063,88.5385647781269,88.55422361156221
678000.0,88.05394995211066,88.11779772683177,88.1816060950529,88.24533779107526,88.30888975643111,88.37195795696455,88.43368493563237,88.49158654463827,88.5385657567383,88.5542254941049
679200.0,88.05394995211066,88.11779778647455,88.18160590679616,88.24533821433519,88.30888896029174,88.37195925619339,88.43368311789645,88.49158855613916,88.53856462097917,88.5542233092591
680400.0,88.05394995211066,88.11779774037596,88.18160605230185,88.24533788719289,88.30888957563647,88.3719582520056,88.43368452284378,88.49158700142884,88.53856549881964,88.5542249979498
681600.0,88.05394995211066,88.11779781353106,88.18160582139528,88.24533840634285,88.30888859913114,88.37195984557529,88.43368229329951,88.49158946863557,88.538564105754,88.55422231812672
682800.0,88.05394995211066,88.11779775555367,88.18160600439505,88.2453379949023,88.30888937303845,88.3719585826276,88.43368406027437,88.49158751330681,88.53856520979646,88.55422444195958
684000.0,88.05394995211066,88.11779778219164,88.18160592031504,88.24533818394046,88.3088890174633,88.37195916289471,88.43368324842949,88.49158841169185,88.53856470253884,88.55422346615438
685200.0,88.05394995211066,88.11779780230849,88.1816058568182,88.2453383267011,88.30888874893475,88.37195960110944,88.43368263532851,88.49158909014749,88.53856431946058,88.55422272923148
686400.0,88.05394995211066,88.11779774639936,88.18160603328984,88.24533792993793,88.30888949523442,88.37195838321452,88.43368433927081,88.49158720457035,88.53856538411927,88.55422477730217
687600.0,88.05394995211066,88.11779778655986,88.18160590652705,88.24533821494015,88.30888895915382,88.37195925805042,88.43368311529834,88.4915885590143,88.53856461935584,88.55422330613625
688800.0,88.05394995211066,88.1177977033347,88.18160616921905,88.2453376243265,88.30889007008034,88.37195744511705,88.43368565175207,88.49158575218252,88.538566204185,88.55422635485242
690000.0,88.05394995211066,88.1177977806119,88.18160592530123,88.24533817273,88.30888903854978,88.3719591284834,88.43368329657395,88.49158835841537,88.53856473262061,88.5542235240223
691200.0,88.05394995211066,88.11779773724656,88.18160606217972,88.24533786498426,88.3088896174103,88.37195818383434,88.43368461822138,88.49158689588452,88.53856555841338,88.5542251125896
692400.0,88.05394995211066,88.11779774956584,88.18160602329513,88.24533795240906,88.30888945296687,88.37195845219141,88.4336842427662,88.49158731136205,88.53856532382122,88.55422466130759
693600.0,88.05394995211066,88.11779775385673,88.18160600975139,88.24533798285954,88.30888939569041,88.37195854566144,88.43368411199334,88.49158745607481,88.53856524211163,88.55422450412387
694800.0,88.05394995211066,88.11779778401804,88.18160591455009,88.24533819690197,88.30888899308297,88.37195920268101,88.4336831927651,88.49158847328997,88.53856466775862,88.55422339924819
696000.0,88.05394995211066,88.11779777873522,88.18160593122487,88.24533815941172,88.3088890636009,88.37195908760206,88.43368335377065,88.49158829512172,88.53856476835833,88.55422359277051
697200.0,88.05394995211066,88.11779776364853,88.18160597884473,88.24533805234738,88.30888926498575,88.37195875895989,88.43368381357003,88.49158778630917,88.53856505565045,88.5542241454309
698400.0,88.05394995211066,88.11779783960947,88.18160573908152,88.24533859141013,88.30888825102464,88.37196041365476,88.43368149850548,88.4915903481527,88.53856360914978,88.55422136281548
699600.0,88.05394995211066,88.11779773339886,88.18160607432436,88.24533783767932,88.30888966877015,88.37195810001963,88.43368473548568,88.49158676612004,88.53856563168273,88.55422525353698
700800.0,88.05394995211066,88.11779779251623,88.18160588772632,88.24533825721021,88.30888887964477,88.37195938780225,88.43368293376422,88.49158875989946,88.53856450592968,88.55422308793977
702000.0,88.05394995211066,88.11779774419799,88.18160604023817,88.24533791431584,88.30888952461913,88.37195833526121,88.43368440636176,88.49158713032759,88.53856542603916,88.55422485794308
703200.0,88.05394995211066,88.11779774919611,88.18160602446198,88.24533794978571,88.30888945790136,88.37195844413874,88.43368425403258,88.49158729889454,88.53856533086085,88.55422467484966
704400.0,88.05394995211066,88.1177977612881,88.18160598629491,88.24533803559707,88.30888929649272,88.37195870754326,88.43368388550641,88.49158770670456,88.53856510059788,88.55422423189567
705600.0,88.05394995211066,88.11779776497858,88.18160597464644,88.24533806178638,88.30888924723136,88.3719587879335,88.43368377303348,88.49158783116678,88.53856503032235,88.55422409670753
706800.0,88.05394995211066,88.11779778612893,88.18160590788722,88.24533821188186,88.30888896490636,88.37195924866289,88.43368312843224,88.49158854448054,88.5385646275621,88.55422332192268
708000.0,88.05394995211066,88.11779775096547,88.181606018877,88.24533796234242,88.30888943428252,88.37195848268271,88.43368420010621,88.49158735856946,88.53856529716623,88.5542246100318
709200.0,88.05394995211066,88.11779782762528,88.18160577690828,88.24533850636335,88.3088884109955,88.3719601525964,88.43368186374944,88.49158994397449,88.53856383736206,88.55422180182458
710400.0,88.05394995211066,88.11779773401322,88.18160607238548,88.24533784203871,88.30888966057012,88.3719581134013,88.43368471676348,88.49158678683806,88.53856561998457,88.55422523103339
711600.0,88.05394995211066,88.11779779406244,88.18160588284623,88.245338268182,88.30888885900738,88.37195942148044,88.43368288664533,88.49158881204106,88.53856447648882,88.55422303130472
712800.0,88.05394995211066,88.11779776356947,88.18160597909394,88.24533805178706,88.30888926603997,88.37195875723964,88.4336838159768,88.49158778364576,88.53856505715429,88.55422414832377
714000.0,88.05394995211066,88.11779776599468,88.18160597143888,88.2453380689982,88.30888923366606,88.37195881007094,88.43368374206122,88.4915878654405,88.53856501097039,88.55422405948032
715200.0,88.05394995211066,88.11779776727704,88.1816059673915,88.24533807809776,88.30888921655018,88.37195883800251,88.4336837029824,88.49158790868508,88.53856498655306,88.55422401250905
716400.0,88.05394995211066,88.11779769791306,88.18160618633178,88.24533758585176,88.30889014245055,88.3719573270148,88.43368581698785,88.49158556933311,88.53856630742779,88.5542265534594
717600.0,88.05394995211066,88.11779777487448,88.18160594341083,88.24533813201384,88.30888911513576,88.37195900350187,88.4336834714341,88.49158816491564,88.5385648418769,88.55422373419731
718800.0,88.05394995211066,88.11779773679874,88.181606063593,88.24533786180717,88.30888962338632,88.3719581740822,88.4336846318653,88.49158688078617,88.53856556693839,88.5542251289891
720000.0,88.05394995211066,88.11779777342701,88.18160594797939,88.24533812174249,88.30888913445588,88.37195897197314,88.43368351554571,88.49158811610194,88.5385648694386,88.5542237872175
721200.0,88.05394995211066,88.117797745706,88.18160603547811,88.245337925018,88.30888950448858,88.37195836811286,88.43368436039937,88.49158718118943,88.5385653973209,88.55422480269803
722400.0,88.05394995211066,88.11779781990619,88.18160580127277,88.24533845158453,88.30888851403306,88.37195998444768,88.4336820990048,88.49158968364145,88.53856398435461,88.55422208459237
723600.0,88.05394995211066,88.11779776124449,88.18160598643237,88.24533803528806,88.30888929707397,88.37195870659488,88.4336838868333,88.49158770523626,88.5385651014269,88.55422423349047
724800.0,88.05394995211066,88.11779778084912,88.18160592455251,88.24533817441316,88.30888903538384,88.37195913364984,88.43368328934577,88.49158836641408,88.53856472810433,88.55422351533443
726000.0,88.05394995211066,88.11779778447064,88.18160591312146,88.24533820011389,88.30888898704141,88.37195921254039,88.43368317897095,88.49158848855446,88.53856465913985,88.55422338266831
727200.0,88.05394995211066,88.11779770368302,88.18160616811954,88.24533762679845,88.30889006543103,88.37195745270388,88.43368564113771,88.49158576392821,88.53856619755292,88.5542263420945
728400.0,88.05394995211066,88.11779778265154,88.1816059188632,88.24533818720461,88.3088890113235,88.37195917291427,88.43368323441132,88.49158842720435,88.53856469378006,88.55422344930527
729600.0,88.05394995211066,88.11779773171916,88.18160607962648,88.24533782575863,88.30888969119218,88.3719580634291,88.4336847866788,88.4915867094699,88.53856566366916,88.55422531506893
730800.0,88.05394995211066,88.11779777743027,88.18160593534392,88.24533815015079,88.30888908102052,88.37195905917498,88.43368339354235,88.49158825111029,88.53856479320858,88.5542236405746
732000.0,88.05394995211066,88.11779774445603,88.18160603942356,88.24533791614746,88.30888952117378,88.37195834088385,88.43368439849523,88.49158713903267,88.53856542112386,88.55422484848755
733200.0,88.05394995211066,88.11779780025893,88.18160586328753,88.2453383121561,88.3088887762937,88.37195955646183,88.43368269779447,88.49158902102288,88.53856435849073,88.55422280431337
734400.0,88.05394995211066,88.11779776836077,88.18160596397067,88.24533808578902,88.30888920208314,88.37195886161143,88.4336836699515,88.49158794523693,88.53856496591465,88.55422397280722
735600.0,88.05394995211066,88.11779777302512,88.18160594924828,88.24533811888955,88.30888913982187,88.37195896321619,88.4336835277975,88.4915881025442,88.53856487709378,88.55422380194364
736800.0,88.05394995211066,88.1177978186188,88.18160580533618,88.24533844244891,88.30888853121654,88.37195995640633,88.43368213823673,88.49158964022774,88.5385640088674,88.55422213174724
738000.0,88.05394995211066,88.11779773692636,88.18160606319036,88.24533786271202,88.3088896216847,88.37195817685898,88.43368462798047,88.49158688508494,88.53856556451113,88.5542251243198
739200.0,88.05394995211066,88.1177977919571,88.18160588949124,88.24533825324194,88.30888888710946,88.37195937562038,88.43368295080775,88.49158874103912,88.53856451657866,88.5542231084251
740400.0,88.05394995211066,88.11779772003257,88.18160611651379,88.24533774282446,88.3088898471892,88.37195780885588,88.4336851428493,88.49158631533301,88.53856588621156,88.55422574317102
741600.0,88.05394995211066,88.11779777778276,88.18160593423124,88.24533815265244,88.30888907631494,88.37195906685395,88.43368338279926,88.49158826299873,88.53856478649595,88.55422362766163
742800.0,88.05394995211066,88.11779774582276,88.18160603510974,88.24533792584639,88.30888950293044,88.3719583706553,88.43368435684229,88.49158718512577,88.53856539509823,88.55422479842235
744000.0,88.05394995211066,88.11779772768287,88.18160609236654,88.24533779711506,88.30888974507023,88.37195797550477,88.43368490969266,88.49158657334333,88.53856574053066,88.55422546292637
745200.0,88.05394995211066,88.11779776143398,88.18160598583435,88.24533803663272,88.30888929454461,88.37195871072251,88.43368388105839,88.49158771162674,88.53856509781852,88.55422422654905
746400.0,88.05394995211066,88.11779776470961,88.18160597549527,88.24533805987807,88.30888925082093,88.3719587820758,88.43368378122867,88.49158782209794,88.53856503544284,88.55422410655775
747600.0,88.05394995211066,88.11779778107372,88.18160592384352,88.24533817600737,88.30888903238504,88.3719591385437,88.43368328249883,88.49158837399078,88.53856472382623,88.55422350710464
748800.0,88.05394995211066,88.11779775528807,88.18160600523323,88.245337993018,88.30888937658271,88.37195857684338,88.43368406836704,88.49158750435156,88.5385652148529,88.55422445168666
750000.0,88.05394995211066,88.11779784126007,88.18160573387128,88.24533860312413,88.30888822899115,88.37196044961152,88.43368144819884,88.4915904038215,88.53856357771737,88.55422130234926
751200.0,88.05394995211066,88.11779774047052,88.18160605200347,88.24533788786363,88.30888957437504,88.37195825406378,88.43368451996413,88.49158700461554,88.53856549702034,88.55422499448858
752400.0,88.05394995211066,88.11779779084618,88.1816058929979,88.24533824535803,88.30888890193835,88.3719593514212,88.43368298466417,88.49158870357375,88.53856453773278,88.55422314911911
753600.0,88.05394995211066,88.11779775947383,88.18160599202155,88.24533802272178,88.3088893207107,88.37195866802179,88.43368394080038,88.49158764551636,88.53856513514668,88.55422429835679
754800.0,88.05394995211066,88.11779772788393,88.18160609173191,88.24533779854183,88.30888974238646,88.37195797988439,88.43368490356535,88.49158658012364,88.53856573670213,88.55422545556164
756000.0,88.05394995211066,88.11779777075937,88.18160595639968,88.24533810281095,88.30888917006543,88.37195891386143,88.43368359684908,88.49158802613188,88.53856492023867,88.55422388494095
757200.0,88.05394995211066,88.11779774740681,88.18160603010992,88.2453379370873,88.30888948178668,88.37195840516009,88.43368430856702,88.49158723854691,88.53856536493488,88.55422474039753
758400.0,88.05394995211066,88.11779778756663,88.18160590334944,88.24533822208436,88.30888894571582,88.3719592799801,88.43368308461655,88.49158859296683,88.53856460018508,88.55422326925785
759600.0,88.05394995211066,88.11779774333309,88.18160604296853,88.2453379081769,88.30888953616646,88.37195831641706,88.4336844327263,88.49158710115283,88.53856544251208,88.5542248896318
760800.0,88.05394995211066,88.11779782426002,88.18160578753029,88.24533848248224,88.30888845591498,88.37196007929177,88.43368196630904,88.49158983048234,88.53856390144338,88.55422192509705
762000.0,88.05394995211066,88.11779774524145,88.1816060369448,88.24533792172038,88.30888951069129,88.3719583579902,88.43368437456195,88.49158716551719,88.53856540616987,88.55422481972074
763200.0,88.05394995211066,88.11779778894144,88.18160589900997,88.24533823184086,88.30888892736412,88.37195930992837,88.4336830427164,88.49158863933327,88.53856457400522,88.55422321889588
764400.0,88.05394995211066,88.11779778943237,88.18160589746034,88.2453382353249,88.30888892081059,88.37195932062315,88.43368302775363,88.49158865589109,88.53856456465601,88.554223200911
765600.0,88.05394995211066,88.117797755137,88.1816060057101,88.24533799194569,88.30888937859973,88.37195857355204,88.43368407297193,88.49158749925574,88.53856521773027,88.5542244572218
766800.0,88.05394995211066,88.11779777856536,88.18160593176097,88.24533815820642,88.30888906586809,88.37195908390237,88.43368335894681,88.49158828939375,88.53856477159242,88.55422359899198
768000.0,88.05394995211066,88.11779769360957,88.18160619991538,88.24533755531154,88.30889019989554,88.37195723327027,88.4336859481441,88.49158542419606,88.53856638937684,88.55422671110378
769200.0,88.05394995211066,88.11779777843098,88.18160593218504,88.24533815725303,88.30888906766145,88.37195908097569,88.43368336304168,88.49158828486226,88.53856477415111,88.55422360391412
770400.0,88.05394995211066,88.1177977347221,88.18160607014764,88.24533784706988,88.30888965110694,88.37195812884434,88.4336846951572,88.49158681074756,88.53856560648443,88.55422520506343
771600.0,88.05394995211066,88.11779775736935,88.18160599866403,88.2453380077874,88.30888934880201,88.37195862217924,88.43368400493812,88.49158757454175,88.53856517522144,88.55422437544806
772800.0,88.05394995211066,88.11779774949032,88.18160602353329,88.24533795187348,88.30888945397452,88.37195845054697,88.43368424506686,88.49158730881607,88.5385653252588,88.55422466407315
774000.0,88.05394995211066,88.11779780116751,88.18160586041951,88.24533831860435,88.3088887641643,88.37195957625615,88.43368267010031,88.49158905166925,88.53856434118678,88.55422277102599
775200.0,88.05394995211066,88.11779777269118,88.18160595030233,88.24533811651969,88.30888914427955,88.37195895594171,88.43368353797511,88.49158809128161,88.53856488345295,88.55422381417675
776400.0,88.05394995211066,88.11779777148723,88.18160595410248,88.24533810797566,88.30888916035096,88.37195892971472,88.43368357466883,88.4915880506765,88.53856490637996,88.55422385828115
777600.0,88.05394995211066,88.11779779543599,88.18160587851042,88.24533827793037,88.30888884067116,88.37195945140364,88.43368284478015,88.491588858369,88.53856445033043,88.55422298098425
778800.0,88.05394995211066,88.1177977067463,88.18160615845032,88.24533764853847,88.30889002453834,88.37195751943754,88.43368554777093,88.49158586724784,88.53856613921523,88.55422622987105
780000.0,88.05394995211066,88.11779778372458,88.1816059154763,88.24533819481957,88.30888899699995,88.37195919628914,88.4336832017078,88.49158846339375,88.53856467334644,88.55422340999735
781200.0,88.05394995211066,88.11779773620741,88.18160606545956,88.24533785761035,88.30888963128055,88.37195816119917,88.43368464989018,88.49158686083983,88.53856557820066,88.55422515065425
782400.0,88.05394995211066,88.11779776104561,88.18160598706052,88.24533803387567,88.30888929973055,88.37195870225942,88.43368389289903,88.49158769852393,88.5385651052169,88.55422424078125
783600.0,88.05394995211066,88.11779775345676,88.18160601101354,88.24533798002199,88.3088894010278,88.37195853695133,88.43368412417958,88.49158744258956,88.53856524972578,88.55422451877116
784800.0,88.05394995211066,88.11779778003196,88.18160592713171,88.24533816861425,88.30888904629136,88.37195911584979,88.43368331424954,88.4915883388557,88.53856474366461,88.55422354526752
786000.0,88.05394995211066,88.11779778015742,88.18160592673571,88.2453381695048,88.30888904461627,88.37195911858343,88.43368331042501,88.49158834308787,88.53856474127497,88.55422354067066
787200.0,88.05394995211066,88.1177977610465,88.18160598705765,88.24533803388218,88.30888929971836,88.37195870227937,88.43368389287104,88.49158769855495,88.53856510519941,88.5542242407475
788400.0,88.05394995211066,88.11779782939405,88.18160577132527,88.24533851891617,88.30888838738385,88.37196019112838,88.43368180983974,88.49159000363099,88.53856380367799,88.5542217370269
789600.0,88.05394995211066,88.11779773136912,88.18160608073123,88.24533782327484,88.30888969586447,88.37195805580407,88.43368479734698,88.49158669766457,88.53856567033507,88.55422532789187
790800.0,88.05394995211066,88.11779779445307,88.18160588161304,88.24533827095468,88.30888885379191,88.37195942999193,88.43368287473677,88.49158882521917,88.53856446904793,88.5542230169908
792000.0,88.05394995211066,88.11779774719875,88.18160603076659,88.24533793561078,88.30888948456408,88.37195840062748,88.43368431490876,88.4915872315292,88.53856536889748,88.55422474802023
793200.0,88.05394995211066,88.11779777126995,88.18160595478813,88.2453381064342,88.30888916325017,88.37195892498322,88.43368358128878,88.49158804335094,88.53856491051643,88.55422386623827
794400.0,88.05394995211066,88.11779775829748,88.18160599573457,88.24533801437374,88.30888933641317,88.37195864239662,88.4336839766523,88.49158760584277,88.53856515754771,88.55422434144933
795600.0,88.05394995211066,88.11779770381644,88.1816061676982,88.24533762774608,88.30889006364845,88.37195745561293,88.43368563706753,88.49158576843243,88.53856619500958,88.55422633720195
796800.0,88.05394995211066,88.11779776959743,88.18160596006724,88.24533809456513,88.30888918557557,88.37195888855022,88.4336836322616,88.4915879869444,88.53856494236517,88.55422392750538
798000.0,88.05394995211066,88.1177977453242,88.18160603668323,88.2453379223084,88.30888950958547,88.37195835979483,88.43368437203708,88.4915871683113,88.53856540459213,88.55422481668569
799200.0,88.05394995211066,88.11779777628615,88.18160593895503,88.24533814203198,88.30888909629181,88.37195903425338,88.43368342841009,88.49158821252593,88.53856481499447,88.55422368248391
800400.0,88.05394995211066,88.11779774823965,88.18160602748088,88.24533794299852,88.30888947066776,88.37195842330503,88.43368428318068,88.49158726663941,88.53856534907294,88.55422470988405
801600.0,88.05394995211066,88.11779779822051,88.18160586972137,88.24533829769071,88.30888880350258,88.37195951205928,88.43368275991767,88.49158895227731,88.53856439730663,88.55422287898303
802800.0,88.05394995211066,88.11779776256346,88.1816059822693,88.24533804464787,88.30888927946843,88.3719587353255,88.43368384663661,88.4915877497177,88.5385650763111,88.55422418517551
804000.0,88.05394995211066,88.11779776651612,88.18160596979313,88.24533807269843,88.30888922670611,88.37195882142896,88.43368372617022,88.49158788302537,88.53856500104138,88.55422404038
805200.0,88.05394995211066,88.1177977682931,88.1816059641844,88.24533808530848,88.30888920298696,88.37195886013646,88.433683672015,88.49158794295346,88.53856496720392,88.55422397528739
806400.0,88.05394995211066,88.11779771114142,88.18160614457776,88.24533767972791,88.30888996587208,88.37195761517563,88.43368541382503,88.49158601547192,88.53856605552318,88.5542260688736
807600.0,88.05394995211066,88.11779777813801,88.18160593310985,88.24533815517371,88.30888907157266,88.37195907459302,88.43368337197134,88.49158827498083,88.53856477973046,88.55422361464701
808800.0,88.05394995211066,88.11779773407112,88.18160607220253,88.24533784245013,88.30888965979617,88.37195811466445,88.43368471499628,88.49158678879354,88.53856561888037,88.55422522890923
810000.0,88.05394995211066,88.11779778184695,88.18160592140298,88.24533818149445,88.30888902206408,88.37195915538656,88.43368325893421,88.49158840006731,88.53856470910247,88.55422347878086
811200.0,88.05394995211066,88.11779774236915,88.18160604601059,88.24533790133765,88.30888954903068,88.37195829542378,88.43368446209794,88.49158706865018,88.53856546086419,88.55422492493551
812400.0,88.05394995211066,88.11779781442308,88.18160581857946,88.24533841267399,88.30888858722223,88.37195986501004,88.43368226610797,88.49158949872589,88.53856408876388,88.55422228544319
813600.0,88.05394995211066,88.11779775891101,88.18160599379794,88.24533801872789,88.30888932822316,88.37195865576209,88.43368395795291,88.49158762653543,88.53856514586396,88.55422431897345
814800.0,88.05394995211066,88.11779778107054,88.18160592385381,88.24533817598414,88.3088890324287,88.37195913847248,88.43368328259844,88.4915883738807,88.53856472388826,88.55422350722408
816000.0,88.05394995211066,88.11779781135769,88.18160582825507,88.24533839092007,88.30888862814079,88.37195979823457,88.43368235953288,88.49158939534223,88.5385641471377,88.5542223977362
817200.0,88.05394995211066,88.11779774426458,88.18160604002789,88.24533791478868,88.30888952372969,88.37195833671265,88.43368440433125,88.49158713257451,88.53856542477058,88.55422485550255
818400.0,88.05394995211066,88.11779778687631,88.1816059055282,88.24533821718579,88.3088889549297,88.37195926494385,88.43368310565386,88.49158856968691,88.5385646133297,88.55422329454395
819600.0,88.05394995211066,88.11779770607622,88.18160616056564,88.24533764378229,88.30889003348467,88.37195750483767,88.43368556819767,88.49158584464361,88.53856615197837,88.55422625442326
820800.0,88.05394995211066,88.11779777828554,88.18160593264429,88.24533815622046,88.30888906960384,88.3719590778057,88.4336833674766,88.4915882799546,88.53856477692207,88.55422360924453
822000.0,88.05394995211066,88.11779774018214,88.1816060529139,88.24533788581675,88.30888957822499,88.37195824778131,88.43368452875393,88.49158699488892,88.53856550251218,88.55422500505324
823200.0,88.05394995211066,88.1177977358278,88.18160606665762,88.24533785491678,88.30888963634699,88.3719581529313,88.4336846614575,88.49158684803957,88.5385655854282,88.5542251645577
824400.0,88.05394995211066,88.11779775631072,88.18160600200558,88.24533800027443,88.30888936293375,88.37195859911753,88.43368403720362,88.49158753883687,88.53856519538145,88.55422441422958
825600.0,88.05394995211066,88.11779776793408,88.1816059653174,88.24533808276122,88.30888920777839,88.37195885231729,88.43368368295492,88.49158793084733,88.53856497403953,88.5542239884369
826800.0,88.05394995211066,88.11779781417648,88.18160581935801,88.24533841092338,88.30888859051518,88.37195985963601,88.43368227362701,88.49158949040522,88.53856409346216,88.55422229448112
828000.0,88.05394995211066,88.11779773445446,88.18160607099273,88.24533784517007,88.30888965468029,88.37195812301313,88.43368470331548,88.49158680171958,88.53856561158204,88.55422521486945
829200.0,88.05394995211066,88.11779779343455,88.18160588482785,88.24533826372688,88.30888886738741,88.37195940780505,88.43368290577843,88.49158879086846,88.53856448844354,88.55422305430186
830400.0,88.05394995211066,88.11779771959529,88.18160611789436,88.24533773972033,88.30888985302805,88.3719577993271,88.43368515618103,88.49158630057983,88.53856589454189,88.55422575919587
831600.0,88.05394995211066,88.11779778124586,88.18160592330035,88.24533817722858,88.30888903008788,88.37195914229248,88.433683277254,88.49158837979466,88.53856472054922,88.55422350080067
832800.0,88.05394995211066,88.11779774510659,88.18160603737027,88.24533792076369,88.30888951249104,88.37195835505314,88.43368437867123,88.49158716096986,88.53856540873747,88.55422482465994
834000.0,88.05394995211066,88.11779774160233,88.18160604843104,88.24533789589563,88.30888955926723,88.37195827871848,88.43368448547018,88.49158704278645,88.5385654754677,88.55422495302805
835200.0,88.05394995211066,88.11779776201017,88.18160598401583,88.24533804072121,88.30888928685441,88.37195872327231,88.43368386350019,88.49158773105655,88.53856508684783,88.55422420544487
836400.0,88.05394995211066,88.11779776280557,88.18160598150523,88.24533804636587,88.30888927623684,88.371958740599,88.43368383925853,88.49158775788237,88.53856507170111,88.55422417630723
837600.0,88.05394995211066,88.11779778498726,88.18160591149088,88.24533820377981,88.30888898014604,88.37195922379313,88.4336831632273,88.49158850597635,88.5385646493027,88.5542233637447
838800.0,88.05394995211066,88.11779775234,88.18160601453856,88.24533797209656,88.30888941593531,88.37195851262354,88.43368415821628,88.49158740492467,88.53856527099248,88.55422455968166
840000.0,88.05394995211066,88.11779783264356,88.18160576106857,88.24533854197611,88.3088883440089,88.37196026191239,88.43368171080682,88.49159011322017,88.53856374180036,88.55422161799356
841200.0,88.05394995211066,88.11779773686833,88.18160606337325,88.2453378623011,88.3088896224571,88.37195817559845,88.43368462974414,88.49158688313344,88.53856556561286,88.55422512643919
842400.0,88.05394995211066,88.11779779271008,88.18160588711451,88.2453382585855,88.30888887705825,88.37195939202286,88.4336829278592,88.49158876643389,88.53856450223994,88.55422308084178
843600.0,88.05394995211066,88.11779777348907,88.18160594778364,88.24533812218236,88.30888913362843,88.37195897332339,88.4336835136566,88.49158811819223,88.53856486825823,88.55422378494673
844800.0,88.05394995211066,88.11779776281948,88.1816059814613,88.24533804646451,88.30888927605125,88.37195874090206,88.43368383883451,88.49158775835137,88.53856507143627,88.55422417579773
846000.0,88.05394995211066,88.11779776919637,88.18160596133319,88.24533809171884,88.30888919092942,88.37195887981329,88.43368364448543,88.4915879734176,88.53856495000284,88.55422394219777
847200.0,88.05394995211066,88.11779768820406,88.18160621697739,88.24533751695091,88.30889027205065,88.37195711551938,88.43368611288828,88.49158524189076,88.5385664923121,88.55422690911904
848400.0,88.05394995211066,88.11779777446435,88.18160594470548,88.24533812910315,88.30888912061063,88.37195899456732,88.43368348393437,88.49158815108287,88.53856484968718,88.55422374922176
849600.0,88.05394995211066,88.11779773670784,88.18160606387988,88.24533786116204,88.30888962459969,88.37195817210215,88.43368463463564,88.49158687772025,88.53856556866948,88.55422513231906
850800.0,88.05394995211066,88.11779776363512,88.18160597888681,88.24533805225278,88.30888926516378,88.37195875866954,88.43368381397622,88.4915877858596,88.53856505590419,88.55422414591888
852000.0,88.05394995211066,88.11779774778896,88.18160602890356,88.24533793979961,88.30888947668494,88.37195841348561,88.43368429691884,88.49158725143695,88.53856535765674,88.55422472639653
853200.0,88.05394995211066,88.11779779019439,88.18160589505509,88.24533824073276,88.3088889106386,88.37195933722296,88.43368300452912,88.49158868159122,88.53856455014491,88.55422317299602
854400.0,88.05394995211066,88.11779778668425,88.18160590613441,88.24533821582291,88.30888895749331,88.37195926076033,88.43368311150695,88.49158856320994,88.53856461698685,88.55422330157904
855600.0,88.05394995211066,88.11779775461883,88.18160600734579,88.24533798826829,88.30888938551668,88.37195856226401,88.43368408876495,88.49158748177946,88.53856522759787,88.55422447620391
856800.0,88.05394995211066,88.11779777976034,88.18160592798918,88.24533816668658,88.30888904991731,88.37195910993258,88.43368332252822,88.49158832969438,88.53856474883739,88.55422355521831
858000.0,88.05394995211066,88.11779770095052,88.18160617674418,88.24533760740776,88.30889010190403,88.37195739318362,88.43368572441135,88.49158567177834,88.53856624958371,88.55422644218537
859200.0,88.05394995211066,88.11779778208344,88.18160592065638,88.24533818317292,88.30888901890688,88.3719591605388,88.43368325172561,88.49158840804441,88.53856470459841,88.55422347011636
860400.0,88.05394995211066,88.1177977321549,88.18160607825087,88.24533782885143,88.30888968537501,88.3719580729219,88.43368477339774,88.4915867241667,88.53856565537087,88.55422529910551
861600.0,88.05394995211066,88.11779776915085,88.18160596147706,88.24533809139541,88.3088891915376,88.37195887882068,88.43368364587425,88.49158797188065,88.53856495087079,88.55422394386744
862800.0,88.05394995211066,88.11779774730766,88.18160603042278,88.24533793638365,88.30888948311033,88.37195840300015,88.43368431158903,88.49158723520281,88.53856536682318,88.55422474402987
864000.0,88.05394995211066,88.11779779803216,88.18160587031598,88.24533829635388,88.3088888060171,88.37195950795585,88.43368276565867,88.49158894592453,88.53856440089368,88.5542228858833
865200.0,88.05394995211066,88.11779777199179,88.18160595250971,88.2453381115568,88.30888915361479,88.37195894070743,88.43368355928918,88.49158806769545,88.53856489677062,88.55422383979558
866400.0,88.05394995211066,88.11779777095283,88.181605955789,88.245338104184,88.30888916748282,88.37195891807596,88.43368359095243,88.49158803265709,88.53856491655449,88.55422387785347
867600.0,88.05394995211066,88.11779782760291,88.18160577697884,88.24533850620509,88.30888841129277,88.37196015211127,88.43368186442822,88.49158994322342,88.53856383778607,88.55422180264016
868800.0,88.05394995211066,88.11779773463617,88.18160607041901,88.24533784646,88.30888965225398,88.37195812697247,88.4336846977761,88.49158680784937,88.53856560812093,88.55422520821136
870000.0,88.05394995211066,88.11779779206658,88.18160588914564,88.24533825401909,88.30888888564748,88.37195937800608,88.43368294746988,88.49158874473278,88.53856451449312,88.55422310441315
871200.0,88.05394995211066,88.11779772997859,88.18160608512034,88.24533781340665,88.30888971442626,88.37195802551302,88.43368483972674,88.49158665076742,88.53856569681432,88.55422537882988
872400.0,88.05394995211066,88.11779777456633,88.18160594438355,88.2453381298272,88.30888911924863,88.37195899679003,88.43368348082457,88.4915881545242,88.53856484774407,88.55422374548394
873600.0,88.05394995211066,88.11779775015043,88.18160602144988,88.24533795655768,88.30888944516346,88.37195846492591,88.43368422494966,88.49158733107765,88.53856531268904,88.55422463989278
874800.0,88.05394995211066,88.11779771125592,88.1816061442166,88.24533768053983,88.30888996434479,88.37195761766796,88.43368541033831,88.49158601933021,88.53856605334454,88.5542260646826
876000.0,88.05394995211066,88.11779776407235,88.1816059775068,88.24533805535559,88.30888925932757,88.37195876819356,88.4336838006513,88.49158780060495,88.53856504757852,88.55422412990292
877200.0,88.05394995211066,88.11779775334652,88.18160601136198,88.2453379792382,88.30888940250237,88.371958534545,88.43368412754617,88.49158743886406,88.53856525182923,88.55422452281756
878400.0,88.05394995211066,88.11779782305653,88.18160579132868,88.24533847394218,88.30888847197865,88.37196005307736,88.43368200298528,88.49158978989676,88.53856392435924,88.55422196917998
879600.0,88.05394995211066,88.11779772911053,88.1816060878604,88.24533780724583,88.30888972601457,88.37195800660179,88.43368486618559,88.49158662148784,88.53856571334664,88.55422541063284
880800.0,88.05394995211066,88.11779779534378,88.18160587880153,88.24533827727564,88.3088888419026,88.37195944939423,88.43368284759136,88.49158885525824,88.53856445208665,88.5542229843627
882000.0,88.05394995211066,88.11779774249786,88.18160604560433,88.24533790225126,88.30888954731206,88.37195829822826,88.43368445817421,88.49158707299215,88.53856545841256,88.55422492021928
883200.0,88.05394995211066,88.11779777400136,88.18160594616677,88.24533812581784,88.30888912679004,88.371958984483,88.43368349804332,88.49158813546987,88.53856485850282,88.55422376618034
884400.0,88.05394995211066,88.11779775867623,88.181605994539,88.24533801706197,88.30888933135664,88.37195865064852,88.43368396510716,88.49158761861851,88.53856515033401,88.5542243275724
885600.0,88.05394995211066,88.1177977191275,88.18160611937068,88.24533773640125,88.30888985927102,88.37195778913927,88.43368517043461,88.49158628480694,88.53856590344759,88.55422577632766
886800.0,88.05394995211066,88.11779777139772,88.18160595438484,88.24533810734094,88.30888916154461,88.37195892776666,88.43368357739443,88.49158804766029,88.53856490808306,88.55422386155718
888000.0,88.05394995211066,88.11779774401985,88.18160604080047,88.24533791305156,88.30888952699698,88.37195833138087,88.43368441179071,88.49158712431999,88.53856542943105,88.55422486446795
889200.0,88.05394995211066,88.1177977838758,88.18160591499907,88.24533819589243,88.3088889949819,88.37195919958221,88.43368319710031,88.49158846849257,88.53856467046735,88.55422340445882
890400.0,88.05394995211066,88.1177977448427,88.1816060382031,88.24533791889142,88.3088895160126,88.37195834930637,88.43368438671126,88.49158715207274,88.53856541376089,88.55422483432349
891600.0,88.05394995211066,88.11779782640708,88.1816057807536,88.24533849771802,88.30888842725707,88.37196012605847,88.43368190087874,88.49158990288707,88.53856386056121,88.5542218464525
892800.0,88.05394995211066,88.11779774967133,88.18160602296213,88.24533795315776,88.30888945155866,88.37195845448946,88.43368423955084,88.49158731492015,88.53856532181202,88.55422465744255
894000.0,88.05394995211066,88.11779778708319,88.18160590487551,88.24533821865349,88.30888895216886,88.37195926944933,88.43368309934992,88.49158857666283,88.53856460939096,88.55422328696693
895200.0,88.05394995211066,88.11779780114362,88.18160586049494,88.24533831843465,88.30888876448347,88.37195957573537,88.43368267082894,88.49158905086298,88.53856434164186,88.5542227719014
896400.0,88.05394995211066,88.11779775162118,88.18160601680746,88.24533796699528,88.30888942553067,88.37195849696504,88.433684180124,88.4915873806815,88.53856528468114,88.55422458601423
897600.0,88.05394995211066,88.11779778035286,88.1816059261189,88.2453381708914,88.30888904200796,88.37195912284,88.43368330446971,88.49158834967794,88.53856473755398,88.55422353351256
898800.0,88.05394995211066,88.11779769398039,88.18160619874494,88.24533755794296,88.30889019494585,88.37195724134769,88.43368593684337,88.49158543670136,88.53856638231592,88.55422669752068
900000.0,88.05394995211066,88.1177977771622,88.18160593618987,88.24533814824898,88.30888908459762,88.37195905333736,88.43368340170981,88.49158824207237,88.53856479831168,88.55422365039138
901200.0,88.05394995211066,88.11779773701718,88.18160606290364,88.24533786335671,88.30888962047183,88.37195817883791,88.43368462521187,88.49158688814884,88.53856556278105,88.55422512099166
902400.0,88.05394995211066,88.11779780356272,88.18160585285918,88.24533833560213,88.30888873219203,88.37195962843198,88.43368259710178,88.49158913244895,88.53856429557592,88.55422268328479
903600.0,88.05394995211066,88.11779775895822,88.18160599364901,88.24533801906283,88.3088893275931,88.37195865679021,88.4336839565142,88.49158762812736,88.53856514496492,88.55422431724399
904800.0,88.05394995211066,88.11779777908598,88.18160593011758,88.24533816190129,88.30888905891818,88.37195909524395,88.43368334307897,88.49158830695288,88.53856476167786,88.55422357991938
906000.0,88.05394995211066,88.11779780228588,88.18160585688948,88.24533832654093,88.30888874923595,88.37195960061786,88.43368263601616,88.49158908938652,88.5385643198902,88.55422273005793
907200.0,88.05394995211066,88.11779774384021,88.18160604136773,88.24533791177592,88.30888952939664,88.37195832746498,88.43368441726938,88.49158711825717,88.53856543285445,88.55422487105339
908400.0,88.05394995211066,88.11779778944953,88.18160589740641,88.24533823544633,88.30888892058209,88.37195932099603,88.43368302723196,88.49158865646825,88.5385645643301,88.5542232002839
909600.0,88.05394995211066,88.1177977072299,88.18160615692439,88.2453376519689,88.30889001808578,88.37195752996745,88.43368553303874,88.49158588355047,88.53856613001012,88.55422621216321
910800.0,88.05394995211066,88.11779778186273,88.18160592135288,88.24533818160721,88.308889021852,88.37195915573272,88.43368325844975,88.49158840060346,88.53856470879977,88.55422347819837
912000.0,88.05394995211066,88.11779773811666,88.18160605943336,88.24533787115904,88.3088896057958,88.37195820278819,88.43368459170344,88.49158692522899,88.53856554184432,88.5542250807159
913200.0,88.05394995211066,88.1177977510209,88.18160601870245,88.24533796273477,88.30888943354462,88.37195848388681,88.43368419842149,88.49158736043363,88.53856529611359,88.55422460800673
914400.0,88.05394995211066,88.11779775520509,88.18160600549514,88.24533799242907,88.30888937769046,88.37195857503593,88.4336840708959,88.49158750155308,88.53856521643293,88.55422445472604
915600.0,88.05394995211066,88.11779777873043,88.18160593123974,88.24533815937832,88.30888906366394,88.37195908749925,88.43368335391449,88.4915882949625,88.53856476844797,88.55422359294296
916800.0,88.05394995211066,88.11779778062673,88.18160592525439,88.24533817283528,88.30888903835172,88.37195912880662,88.43368329612177,88.4915883589157,88.53856473233799,88.55422352347857
918000.0,88.05394995211066,88.11779776082756,88.18160598774843,88.2453380323291,88.30888930263963,88.37195869751206,88.43368389954098,88.49158769117392,88.53856510936676,88.55422424876423
919200.0,88.05394995211066,88.11779783610193,88.18160575015243,88.2453385665194,88.30888829784331,88.37196033725074,88.43368160540183,88.49159022986107,88.53856367594098,88.5542214913008
920400.0,88.05394995211066,88.11779773312783,88.1816060751798,88.24533783575599,88.30888967238805,88.37195809411548,88.4336847437459,88.49158675697933,88.53856563684366,88.5542252634649
921600.0,88.05394995211066,88.11779779327259,88.18160588533888,88.24533826257782,88.30888886954867,88.37195940427813,88.43368291071283,88.49158878540803,88.53856449152643,88.55422306023239
922800.0,88.05394995211066,88.11779775852726,88.18160599500933,88.24533801600437,88.30888933334606,88.37195864740188,88.43368396964944,88.49158761359207,88.53856515317203,88.55422433303184
924000.0,88.05394995211066,88.11779776769016,88.18160596608739,88.2453380810299,88.30888921103508,88.3719588470025,88.43368369039064,88.49158792261889,88.5385649786854,88.5542239973741
925200.0,88.05394995211066,88.11779776155466,88.18160598545346,88.24533803748908,88.30888929293384,88.37195871335115,88.43368387738052,88.49158771569651,88.53856509552057,88.55422422212841
926400.0,88.05394995211066,88.11779774987157,88.18160602232979,88.24533795457955,88.30888944888434,88.37195845885384,88.43368423344471,88.49158732167712,88.53856531799673,88.55422465010308
927600.0,88.05394995211066,88.11779778844863,88.18160590056543,88.24533822834381,88.30888893394187,88.37195929919412,88.43368305773483,88.49158862271379,88.53856458338896,88.55422323694721
928800.0,88.05394995211066,88.11779774783363,88.1816060287624,88.24533794011705,88.30888947608754,88.37195841446069,88.43368429555484,88.49158725294627,88.53856535680434,88.55422472475693
930000.0,88.05394995211066,88.11779782435231,88.18160578723901,88.24533848313662,88.3088884546844,88.37196008129973,88.43368196350006,88.4915898335906,88.53856389968828,88.5542219217207
931200.0,88.05394995211066,88.1177977349674,88.18160606937327,88.24533784881116,88.30888964783131,88.37195813419028,88.4336846876777,88.49158681902428,88.53856560181114,88.55422519607329
932400.0,88.05394995211066,88.11779779392153,88.18160588329069,88.24533826718262,88.30888886088731,88.37195941841276,88.43368289093726,88.4915888072917,88.53856447917026,88.55422303646296
933600.0,88.05394995211066,88.11779776593468,88.18160597162847,88.24533806857175,88.30888923446825,88.37195880876179,88.4336837438928,88.49158786341378,88.53856501211457,88.55422406168131
934800.0,88.05394995211066,88.117797764817,88.18160597515649,88.24533806063987,88.30888924938793,88.37195878441413,88.43368377795727,88.4915878257181,88.53856503339878,88.5542241026255
936000.0,88.05394995211066,88.11779776985694,88.1816059592482,88.24533809640657,88.30888918211194,88.37195889420268,88.43368362435345,88.49158799569557,88.53856493742393,88.55422391799986
937200.0,88.05394995211066,88.11779770081672,88.18160617716728,88.24533760645635,88.30889010369339,88.37195739026347,88.43368572849741,88.49158566725629,88.53856625213689,88.55422644709691
938400.0,88.05394995211066,88.11779777688673,88.1816059370593,88.24533814629423,88.30888908827467,88.3719590473367,88.4336834101054,88.49158823278177,88.53856480355728,88.55422366048234
939600.0,88.05394995211066,88.11779773483285,88.18160606979822,88.24533784785571,88.3088896496286,88.37195813125692,88.43368469178182,88.49158681448266,88.53856560437545,88.55422520100623
940800.0,88.05394995211066,88.11779777528687,88.18160594210937,88.24533813494004,88.30888910963155,88.37195901248417,88.43368345886705,88.4915881788223,88.53856483402458,88.55422371909191
942000.0,88.05394995211066,88.11779774471826,88.18160603859579,88.24533791800863,88.30888951767301,88.37195834659676,88.43368439050222,88.49158714787774,88.53856541612966,88.55422483888022
943200.0,88.05394995211066,88.11779781538242,88.18160581555159,88.24533841948114,88.308888574418,88.3719598859053,88.43368223687396,88.49158953107595,88.53856407049804,88.55422225030529
944400.0,88.05394995211066,88.11779776237739,88.18160598285651,88.24533804332768,88.30888928195165,88.37195873127307,88.43368385230633,88.49158774344367,88.53856507985358,88.55422419199009
945600.0,88.05394995211066,88.11779777965681,88.18160592831585,88.24533816595213,88.30888905129868,88.37195910767817,88.43368332568237,88.49158832620412,88.53856475080791,88.55422355900903
946800.0,88.05394995211066,88.11779782189568,88.18160579499306,88.24533846570337,88.3088884874757,88.37196002778724,88.43368203836847,88.49158975074164,88.5385639464675,88.55422201170933
948000.0,88.05394995211066,88.11779774187606,88.18160604756716,88.24533789783781,88.30888955561383,88.37195828468066,88.43368447712858,88.49158705201717,88.53856547025556,88.55422494300156
949200.0,88.05394995211066,88.11779778725587,88.1816059043302,88.24533821987951,88.30888894986276,88.37195927321282,88.43368309408466,88.4915885824894,88.5385646061009,88.55422328063793
950400.0,88.05394995211066,88.11779771256352,88.18160614008946,88.24533768981873,88.30888994689182,88.37195764614924,88.43368537049056,88.4915860634255,88.5385660284468,88.55422601678706
951600.0,88.05394995211066,88.11779777586354,88.18160594028897,88.24533813903287,88.30888910193302,88.37195902504754,88.43368344128986,88.49158819827315,88.53856482304211,88.5542236979649
952800.0,88.05394995211066,88.1177977436045,88.18160604211171,88.24533791010327,88.30888953254293,88.37195832233024,88.43368442445335,88.49158711030732,88.53856543734318,88.55422487968833
954000.0,88.05394995211066,88.11779778570737,88.18160590921798,88.24533820889022,88.3088889705335,88.3719592394799,88.43368314127997,88.49158853026306,88.53856463558954,88.55422333736486
955200.0,88.05394995211066,88.11779777302758,88.18160594924032,88.24533811890738,88.3088891397886,88.37195896327059,88.4336835277213,88.49158810262838,88.5385648770462,88.55422380185195
956400.0,88.05394995211066,88.11779776812394,88.18160596471809,88.2453380841086,88.30888920524391,88.37195885645339,88.43368367716798,88.4915879372512,88.53856497042361,88.55422398148089
957600.0,88.05394995211066,88.11779781769715,88.18160580824555,88.24533843590777,88.30888854351976,88.37195993632878,88.4336821663268,88.49158960914342,88.53856402641854,88.55422216551004
958800.0,88.05394995211066,88.11779773362392,88.18160607361385,88.2453378392771,88.30888966576461,88.37195810492429,88.43368472862376,88.4915867737133,88.53856562739522,88.55422524528896
960000.0,88.05394995211066,88.1177977945064,88.1816058814447,88.24533827133308,88.30888885308016,88.37195943115317,88.4336828731125,88.49158882701633,88.53856446803293,88.55422301503826
961200.0,88.05394995211066,88.11779772583883,88.18160609818686,88.24533778402916,88.30888976968448,88.37195793533631,88.43368496589208,88.49158651115309,88.53856577564513,88.55422553047553
962400.0,88.05394995211066,88.11779777798876,88.18160593358087,88.24533815411482,88.30888907356453,88.3719590713423,88.43368337651935,88.49158826994783,88.53856478257217,88.5542236201134
963600.0,88.05394995211066,88.11779774862639,88.18160602626024,88.24533794574255,88.30888946550644,88.3719584317278,88.43368427139661,88.49158727967962,88.53856534170981,88.55422469571961
964800.0,88.05394995211066,88.11779772894577,88.18160608838005,88.24533780607771,88.30888972821194,88.37195800301583,88.43368487120252,88.4915866159361,88.53856571648122,88.55422541666267
966000.0,88.05394995211066,88.11779776409371,88.18160597743933,88.24533805550722,88.30888925904223,88.37195876865917,88.43368379999983,88.49158780132578,88.53856504717143,88.55422412911975
967200.0,88.05394995211066,88.11779775827992,88.18160599578987,88.24533801424965,88.30888933664662,88.37195864201574,88.43368397718507,88.4915876052531,88.53856515788056,88.55422434208943
968400.0,88.05394995211066,88.11779778327197,88.18160591690501,88.24533819160732,88.30888900304215,88.3719591864286,88.43368321550356,88.49158844812746,88.53856468196605,88.5542234265786
969600.0,88.05394995211066,88.11779775164479,88.18160601673335,88.24533796716214,88.3088894252167,88.37195849747732,88.4336841794072,88.49158738147469,88.53856528423294,88.55422458515204
970800.0,88.05394995211066,88.11779783596172,88.1816057505952,88.24533856552357,88.30888829971687,88.37196033419332,88.43368160967931,88.49159022512764,88.53856367861353,88.55422149644185
972000.0,88.05394995211066,88.11779774161813,88.18160604838107,88.24533789600834,88.30888955905496,88.37195827906513,88.43368448498524,88.49158704332311,88.53856547516446,88.55422495244461
973200.0,88.05394995211066,88.1177977907433,88.18160589332263,88.24533824462776,88.30888890331244,88.37195934917845,88.4336829878023,88.49158870010113,88.53856453969352,88.55422315289064
974400.0,88.05394995211066,88.11779778825291,88.18160590118326,88.24533822695467,88.30888893655482,88.37195929492987,88.43368306370088,88.49158861611181,88.53856458711655,88.55422324411782
975600.0,88.05394995211066,88.11779775827186,88.18160599581547,88.24533801419196,88.308889336755,88.37195864183896,88.43368397743244,88.49158760497949,88.53856515803493,88.5542243423864
976800.0,88.05394995211066,88.11779777294625,88.18160594949721,88.24533811832983,88.30888914087487,88.37195896149787,88.43368353020149,88.49158809988381,88.53856487859574,88.55422380483273
978000.0,88.05394995211066,88.11779773218348,88.18160607816098,88.24533782905347,88.30888968499502,88.37195807354213,88.43368477252999,88.49158672512691,88.53856565482828,88.55422529806171
979200.0,88.05394995211066,88.1177977889417,88.18160589900904,88.24533823184295,88.30888892736009,88.37195930993518,88.43368304270682,88.49158863934392,88.53856457399883,88.55422321888342
980400.0,88.05394995211066,88.11779774080948,88.1816060509337,88.24533789026896,88.30888956985059,88.37195826144725,88.43368450963416,88.49158701604671,88.53856549056559,88.55422498207155
981600.0,88.05394995211066,88.11779781934764,88.18160580303596,88.2453384476204,88.30888852148918,88.37195997228005,88.43368211602795,88.49158966480383,88.5385639949907,88.55422210505266
982800.0,88.05394995211066,88.11779774791148,88.18160602851685,88.24533794066892,88.30888947504967,88.37195841615421,88.43368429318538,88.49158725556816,88.53856535532388,88.5542247219088
984000.0,88.05394995211066,88.11779778707808,88.18160590489158,88.24533821861715,88.30888895223737,88.37195926933748,88.43368309950674,88.4915885764892,88.53856460948865,88.55422328715484
985200.0,88.05394995211066,88.11779779151252,88.1816058908945,88.24533825008689,88.3088888930438,88.37195936593618,88.43368296435666,88.49158872604585,88.53856452504415,88.55422312470994
986400.0,88.05394995211066,88.11779775264706,88.18160601356958,88.24533797427516,88.30888941183719,88.3719585193115,88.43368414885917,88.49158741527908,88.53856526514592,88.55422454843456
987600.0,88.05394995211066,88.11779778170796,88.18160592184158,88.24533818050831,88.30888902391898,88.37195915235942,88.43368326316939,88.49158839538072,88.5385647117485,88.5542234838708
988800.0,88.05394995211066,88.11779769771393,88.18160618696072,88.24533758443741,88.30889014511084,88.37195732267352,88.43368582306142,88.49158556261206,88.53856631122238,88.55422656075885
990000.0,88.05394995211066,88.11779778031351,88.1816059262432,88.2453381706122,88.30888904253337,88.37195912198253,88.43368330566913,88.49158834835053,88.53856473830331,88.55422353495395
991200.0,88.05394995211066,88.11779773432764,88.18160607139299,88.24533784427011,88.30888965637318,88.37195812025037,88.43368470718092,88.49158679744185,88.53856561399716,88.55422521951529
992400.0,88.05394995211066,88.11779775916209,88.18160599300546,88.24533802050972,88.30888932487164,88.3719586612315,88.43368395030062,88.49158763500336,88.53856514108246,88.55422430977515
993600.0,88.05394995211066,88.11779774993873,88.18160602211792,88.245337955056,88.30888944798826,88.37195846031601,88.43368423139908,88.4915873239407,88.5385653167186,88.5542246476443
994800.0,88.05394995211066,88.11779779544487,88.18160587848226,88.24533827799358,88.3088888405522,88.3719594515976,88.43368284450884,88.49158885866913,88.5385644501606,88.55422298065751
996000.0,88.05394995211066,88.11779777456937,88.18160594437384,88.24533812984879,88.30888911920805,88.37195899685626,88.43368348073201,88.4915881546265,88.53856484768629,88.5542237453726
997200.0,88.05394995211066,88.11779776916325,88.18160596143775,88.24533809148365,88.30888919137165,88.37195887909161,88.43368364549505,88.49158797230034,88.53856495063367,88.5542239434112
998400.0,88.05394995211066,88.11779783651109,88.18160574886083,88.24533856942313,88.3088882923818,88.37196034616319,88.4336815929325,88.4915902436597,88.5385636681498,88.55422147631296
999600.0,88.05394995211066,88.11779773340052,88.18160607431956,88.24533783769007,88.30888966874976,88.37195810005291,88.43368473543904,88.49158676617166,88.53856563165343,88.55422525348047
1000800.0,88.05394995211066,88.11779779178468,88.18160589003561,88.24533825201814,88.30888888941102,88.37195937186465,88.43368295606211,88.49158873522462,88.53856451986151,88.55422311474022
1002000.0,88.05394995211066,88.11779773688693,88.18160606331492,88.24533786243194,88.30888962221115,88.37195817599965,88.43368462918292,88.49158688375432,88.53856556526216,88.5542251257645
1003200.0,88.05394995211066,88.11779775917617,88.18160599296097,88.24533802060986,88.30888932468335,88.37195866153871,88.43368394987074,88.49158763547905,88.53856514081382,88.55422430925843
1004400.0,88.05394995211066,88.11779775570727,88.18160600391026,88.24533799599243,88.30888937098791,88.37195858597376,88.43368405559283,88.49158751848735,88.53856520687124,88.55422443633223
1005600.0,88.05394995211066,88.11779777560965,88.18160594109033,88.24533813723123,88.3088891053219,88.37195901951718,88.43368344902731,88.49158818971084,88.53856482787647,88.55422370726467
1006800.0,88.05394995211066,88.11779778250362,88.1816059193304,88.24533818615433,88.30888901329901,88.37195916969041,88.43368323892165,88.49158842221308,88.53856469659804,88.55422345472607
1008000.0,88.05394995211066,88.1177977568761,88.18160600022085,88.24533800428728,88.30888935538562,88.37195861143535,88.43368401996983,88.49158755790764,88.53856518461316,88.55422439351464
1009200.0,88.05394995211066,88.11779782688026,88.18160577925964,88.24533850107704,88.30888842093873,88.37196013637,88.43368188645141,88.49158991885264,88.53856385154641,88.55422182911065
1010400.0,88.05394995211066,88.11779773100936,88.18160608186652,88.24533782072236,88.3088897006658,88.37195804796863,88.43368480830935,88.49158668553356,88.53856567718422,88.55422534106744
1011600.0,88.05394995211066,88.1177977950992,88.18160587957348,88.24533827554033,88.3088888451665,88.3719594440677,88.43368285504368,88.49158884701119,88.53856445674322,88.55422299332021
1012800.0,88.05394995211066,88.1177977498813,88.18160602229936,88.24533795464795,88.30888944875556,88.3719584590639,88.43368423315088,88.49158732200216,88.5385653178131,88.55422464974971
1014000.0,88.05394995211066,88.11779777084374,88.18160595613361,88.24533810340922,88.30888916894008,88.37195891569793,88.43368359427974,88.49158802897497,88.53856491863309,88.55422388185211
1015200.0,88.05394995211066,88.1177977606246,88.18160598838921,88.24533803088856,88.30888930534928,88.37195869309024,88.43368390572749,88.49158768432784,88.53856511323225,88.55422425620002
1016400.0,88.05394995211066,88.11779770687464,88.18160615804534,88.24533764944876,88.30889002282593,88.37195752223225,88.4336855438612,88.49158587157412,88.5385661367723,88.55422622517129
1017600.0,88.05394995211066,88.1177977715168,88.18160595400892,88.24533810818609,88.30888915995493,88.3719589303609,88.43368357376491,88.49158805167664,88.53856490581501,88.55422385719402
1018800.0,88.05394995211066,88.11779774236135,88.18160604603521,88.24533790128243,88.30888954913452,88.37195829525444,88.43368446233471,88.49158706838807,88.53856546101184,88.55422492521934
1020000.0,88.05394995211066,88.1177977783308,88.1816059325013,88.24533815654218,88.3088890689985,88.37195907879376,88.43368336609416,88.49158828148435,88.53856477605801,88.55422360758212
1021200.0,88.05394995211066,88.1177977463265,88.1816060335196,88.24533792942157,88.3088894962057,88.37195838162944,88.43368434148867,88.49158720211592,88.53856538550471,88.55422477996721
1022400.0,88.05394995211066,88.117797827867,88.1816057761453,88.24533850807903,88.3088884077684,88.3719601578625,88.43368185638195,88.49158995212724,88.53856383275836,88.5542217929683
1023600.0,88.05394995211066,88.11779775436379,88.18160600815068,88.24533798645865,88.3088893889207,88.37195855670917,88.43368409653655,88.49158747317914,88.53856523245373,88.55422448554486
1024800.0,88.05394995211066,88.11779778497612,88.18160591152582,88.24533820370137,88.30888898029364,88.37195922355228,88.43368316356431,88.49158850560333,88.53856464951322,88.55422336414945
1026000.0,88.05394995211066,88.11779777729348,88.18160593577555,88.24533814918047,88.30888908284572,88.37195905619632,88.43368339770998,88.49158824649842,88.53856479581226,88.55422364558316
1027200.0,88.05394995211066,88.11779770939596,88.18160615008715,88.2453376673411,88.30888998917143,88.37195757715314,88.43368546702182,88.49158595660442,88.53856608876147,88.55422613281345
1028400.0,88.05394995211066,88.11779778013324,88.18160592681198,88.24533816933334,88.30888904493884,88.37195911805702,88.43368331116142,88.49158834227285,88.53856474173493,88.55422354155525
1029600.0,88.05394995211066,88.11779773332042,88.18160607457237,88.2453378371216,88.30888966981931,88.37195809830754,88.43368473788084,88.4915867634694,88.538565633179,88.55422525641517
1030800.0,88.05394995211066,88.11779778286818,88.18160591817957,88.24533818874161,88.30888900843253,88.37195917763198,88.4336832278106,88.49158843450853,88.5385646896556,88.55422344137091
1032000.0,88.05394995211066,88.11779774164347,88.18160604830119,88.24533789618779,88.30888955871728,88.3719582796161,88.43368448421431,88.49158704417601,88.53856547468303,88.5542249515183
1033200.0,88.05394995211066,88.11779780912973,88.1816058352877,88.24533837510833,88.30888865788212,88.37195974969909,88.43368242743854,88.49158932019776,88.53856418956651,88.55422247935572
1034400.0,88.05394995211066,88.11779776103901,88.18160598708104,88.2453380338297,88.30888929981712,88.37195870211822,88.43368389309644,88.49158769830534,88.53856510534004,88.55422424101786
1035600.0,88.05394995211066,88.11779777882836,88.18160593093106,88.24533816007215,88.30888906235883,88.3719590896291,88.43368335093443,88.49158829826011,88.53856476658598,88.55422358936083
1036800.0,88.05394995211066,88.11779781061105,88.1816058306119,88.24533838562108,88.30888863810814,88.37195978196831,88.43368238229097,88.49158937015801,88.53856416135736,88.55422242509005
1038000.0,88.05394995211066,88.11779774239956,88.1816060459148,88.2453379015531,88.30888954862526,88.37195829608532,88.43368446117236,88.4915870696744,88.53856546028568,88.55422492382235
1039200.0,88.05394995211066,88.11779778886252,88.18160589925898,88.24533823128111,88.30888892841678,88.37195930821055,88.43368304511985,88.4915886366735,88.53856457550671,88.55422322178404
1040400.0,88.05394995211066,88.11779770903377,88.18160615123037,88.24533766477073,88.30888999400625,88.37195756926288,88.43368547806129,88.49158594438805,88.53856609565909,88.55422614608237
1041600.0,88.05394995211066,88.11779777933971,88.18160592931667,88.245338163702,88.30888905553117,88.37195910077114,88.43368333534593,88.49158831551036,88.53856475684601,88.5542235706241
1042800.0,88.05394995211066,88.11779774065754,88.18160605141318,88.24533788919088,88.30888957187837,88.37195825813853,88.43368451426333,88.49158701092405,88.53856549345804,88.55422498763564
1044000.0,88.05394995211066,88.11779773880208,88.18160605726982,88.24533787602327,88.30888959664628,88.37195821771938,88.43368457081311,88.49158694834632,88.53856552879148,88.55422505560608
1045200.0,88.05394995211066,88.11779775708084,88.18160599957473,88.24533800574012,88.30888935265256,88.37195861589541,88.43368401372983,88.4915875648127,88.53856518071436,88.55422438601445
1046400.0,88.05394995211066,88.1177977761481,88.18160593939098,88.24533814105175,88.30888909813552,88.37195903124483,88.43368343261928,88.49158820786786,88.53856481762425,88.55422368754257
1047600.0,88.05394995211066,88.1177977801299,88.1816059268227,88.24533816930925,88.30888904498403,88.3719591179831,88.43368331126477,88.4915883421585,88.53856474179953,88.55422354167939
1048800.0,88.05394995211066,88.11779776019937,88.18160598973135,88.24533802787097,88.30888931102525,88.37195868382742,88.43368391868688,88.49158766998701,88.53856512132951,88.55422427177655
1050000.0,88.05394995211066,88.1177978425533,88.1816057297894,88.2453386123016,88.30888821172877,88.37196047778181,88.43368140878657,88.4915904474348,88.5385635530914,88.55422125497644
1051200.0,88.05394995211066,88.11779773591381,88.18160606638621,88.24533785552694,88.30888963519938,88.37195815480415,88.43368465883711,88.491586850939,88.53856558379074,88.5542251614075
1052400.0,88.05394995211066,88.11779779195048,88.18160588951206,88.24533825319519,88.30888888719706,88.37195937547776,88.4336829510069,88.49158874081867,88.53856451670285,88.55422310866373
1053600.0,88.05394995211066,88.1177977510925,88.18160601847634,88.2453379632432,88.30888943258829,88.3719584854474,88.43368419623806,88.49158736284981,88.53856529474903,88.55422460538156
1054800.0,88.05394995211066,88.1177977385417,88.18160605809167,88.24533787417545,88.30888960012201,88.37195821204732,88.43368457874907,88.4915869395642,88.53856553374993,88.55422506514468
1056000.0,88.05394995211066,88.11779776569205,88.1816059723943,88.24533806685008,88.30888923770672,88.37195880347696,88.43368375128664,88.49158785523157,88.5385650167343,88.55422407056805
1057200.0,88.05394995211066,88.11779775674891,88.18160600062231,88.24533800338479,88.30888935708307,88.37195860866522,88.43368402384553,88.49158755361876,88.53856518703465,88.55422439817279
1058400.0,88.05394995211066,88.11779778737359,88.18160590395898,88.2453382207139,88.30888894829343,88.37195927577368,88.43368309050193,88.49158858645389,88.5385646038623,88.55422327633129
1059600.0,88.05394995211066,88.11779774726942,88.18160603054353,88.24533793611226,88.30888948362067,88.3719584021673,88.43368431275407,88.49158723391362,88.53856536755082,88.55422474542934
1060800.0,88.05394995211066,88.11779782767465,88.18160577675253,88.24533850671351,88.30888841033675,88.37196015367132,88.43368186224576,88.49158994563827,88.53856383642234,88.55422180001652
1062000.0,88.05394995211066,88.1177977387698,88.1816060573717,88.24533787579429,88.30888959707679,88.37195821701681,88.43368457179605,88.49158694725855,88.53856552940556,88.55422505678737
1063200.0,88.05394995211066,88.11779779204932,88.18160588920027,88.24533825389614,88.30888888587853,88.37195937762937,88.43368294799663,88.4915887441498,88.53856451482189,88.55422310504541
1064400.0,88.05394995211066,88.11779777659547,88.1816059379787,88.24533814422706,88.3088890921629,88.37195904099138,88.43368341898297,88.49158822295784,88.538564809104,88.55422367115219
1065600.0,88.05394995211066,88.11779776093022,88.18160598742452,88.24533803305752,88.30888930126939,88.3719586997482,88.43368389641239,88.49158769463581,88.53856510741191,88.55422424500341
1066800.0,88.05394995211066,88.11779777273536,88.18160595016286,88.24533811683325,88.30888914368975,88.37195895690424,88.43368353662824,88.49158809277183,88.53856488261123,88.55422381255721
1068000.0,88.05394995211066,88.11779769244393,88.18160620359487,88.24533754703893,88.30889021545615,88.37195720787618,88.43368598367333,88.49158538487919,88.538566411576,88.55422675380777
1069200.0,88.05394995211066,88.11779777674933,88.18160593749322,88.2453381453186,88.30888909010966,88.37195904434216,88.4336834142949,88.49158822814555,88.53856480617483,88.5542236655174
1070400.0,88.05394995211066,88.1177977348075,88.18160606987806,88.24533784767625,88.30888964996639,88.37195813070548,88.4336846925532,88.49158681362873,88.53856560485734,88.55422520193301
1071600.0,88.05394995211066,88.11779776572737,88.1816059722828,88.24533806710065,88.30888923723568,88.37195880424557,88.43368375021122,88.49158785642155,88.53856501606236,88.5542240692754
1072800.0,88.05394995211066,88.11779774713362,88.18160603097215,88.24533793514861,88.30888948543331,88.37195839920905,88.43368431689312,88.49158722933313,88.53856537013705,88.55422475040449
1074000.0,88.05394995211066,88.11779781194947,88.18160582638723,88.24533839511969,88.30888862024138,88.37195981112548,88.4336823414974,88.49158941529993,88.53856413586853,88.55422237605751
1075200.0,88.05394995211066,88.11779776729728,88.18160596732768,88.24533807824136,88.30888921628001,88.37195883844335,88.43368370236561,88.49158790936745,88.53856498616734,88.55422401176678
1076400.0,88.05394995211066,88.1177977765312,88.1816059381815,88.24533814377118,88.30888909302038,88.37195903959203,88.43368342094098,88.49158822079092,88.53856481032744,88.55422367350577
1077600.0,88.05394995211066,88.11779779045521,88.18160589423194,88.24533824258347,88.30888890715747,88.37195934290389,88.4336829965808,88.4915886903866,88.53856454517843,88.55422316344182
1078800.0,88.05394995211066,88.11779770261346,88.18160617149535,88.24533761920908,88.30889007970602,88.37195742940864,88.43368567372958,88.49158572786212,88.53856621791664,88.5542263812677
1080000.0,88.05394995211066,88.11779778357462,88.18160591594977,88.24533819375492,88.30888899900242,88.37195919302118,88.43368320627998,88.49158845833426,88.53856467620272,88.55422341549173
1081200.0,88.05394995211066,88.1177977330254,88.1816060755034,88.2453378350286,88.30888967375586,88.37195809188341,88.43368474686886,88.4915867535233,88.53856563879471,88.55422526721804
1082400.0,88.05394995211066,88.1177977695621,88.18160596017913,88.24533809431345,88.30888918604877,88.37195888777813,88.43368363334197,88.4915879857487,88.53856494304004,88.55422392880334
1083600.0,88.05394995211066,88.1177977486201,88.18160602628026,88.24533794569749,88.30888946559125,88.37195843158959,88.4336842715899,88.49158727946559,88.53856534183058,88.55422469595177
1084800.0,88.05394995211066,88.11779779082396,88.18160589306777,88.24533824520084,88.30888890223439,88.37195935093803,88.4336829853403,88.4915887028254,88.5385645381552,88.55422314993129
1086000.0,88.05394995211066,88.11779777483483,88.18160594353604,88.24533813173248,88.3088891156648,88.37195900263838,88.43368347264229,88.49158816357858,88.53856484263144,88.55422373564858
1087200.0,88.05394995211066,88.11779776720812,88.18160596760899,88.24533807760893,88.30888921746967,88.37195883650196,88.43368370508172,88.49158790636177,88.53856498786458,88.55422401503164
1088400.0,88.05394995211066,88.1177978256012,88.18160578329699,88.24533849199989,88.3088884380125,88.37196010850708,88.43368192543423,88.49158987571424,88.53856387590366,88.55422187596625
1089600.0,88.05394995211066,88.11779773258277,88.1816060769004,88.24533783188764,88.30888967966415,88.3719580822415,88.43368476035874,88.49158673859547,88.53856564722369,88.55422528343256
1090800.0,88.05394995211066,88.11779779367954,88.18160588405472,88.24533826546504,88.30888886411792,88.3719594131408,88.43368289831315,88.49158879912932,88.53856448377877,88.55422304532804
1092000.0,88.05394995211066,88.11779773330701,88.18160607461434,88.24533783702745,88.30888966999638,88.37195809801854,88.43368473828524,88.4915867630221,88.53856563343145,88.55422525690075
1093200.0,88.05394995211066,88.11779777481426,88.18160594360099,88.24533813158648,88.30888911593954,88.37195900219004,88.43368347326958,88.49158816288445,88.5385648430234,88.55422373640256
1094400.0,88.05394995211066,88.11779775194769,88.18160601577696,88.2453379693121,88.30888942117272,88.37195850407662,88.43368417017415,88.49158739169205,88.5385652784638,88.55422457405388
1095600.0,88.05394995211066,88.117797714542,88.1816061338445,88.2453377038597,88.3088899204809,88.37195768924975,88.43368531018872,88.49158613015548,88.53856599076857,88.55422594430576
1096800.0,88.05394995211066,88.1177977657037,88.18160597235752,88.24533806693283,88.30888923755116,88.37195880373073,88.43368375093154,88.49158785562447,88.53856501651238,88.55422407014115
1098000.0,88.05394995211066,88.1177977541441,88.1816060088442,88.24533798489914,88.30888939185427,88.37195855192184,88.43368410323428,88.4915874657674,88.53856523663828,88.55422449359475
1099200.0,88.05394995211066,88.11779777939658,88.18160592913745,88.24533816410484,88.30888905477347,88.37195910200785,88.43368333361556,88.49158831742506,88.53856475576457,88.55422356854392
1100400.0,88.05394995211066,88.11779775129713,88.18160601783049,88.24533796469531,88.30888942985675,88.3719584899051,88.43368419000132,88.49158736975134,88.5385652908522,88.55422459788537
1101600.0,88.05394995211066,88.11779780076495,88.1816058616902,88.24533831574743,88.30888876953802,88.37195956748668,88.43368268236948,88.49158903809199,88.53856434885262,88.55422278577237
1102800.0,88.05394995211066,88.11779774956713,88.18160602329107,88.24533795241814,88.30888945294986,88.37195845221918,88.43368424272731,88.49158731140479,88.53856532379662,88.55422466126011
1104000.0,88.05394995211066,88.11779777203886,88.18160595236145,88.24533811188991,88.30888915298813,88.3719589417302,88.43368355785816,88.49158806927888,88.53856489587619,88.55422383807485
1105200.0,88.05394995211066,88.1177977612939,88.1816059862766,88.24533803563843,88.30888929641486,88.37195870767033,88.43368388532848,88.49158770690133,88.53856510048642,88.55422423168098
1106400.0,88.05394995211066,88.11779772040136,88.18160611534984,88.24533774544146,88.3088898422666,88.37195781688906,88.43368513160983,88.49158632777035,88.53856587918875,88.55422572966107
1107600.0,88.05394995211066,88.11779777430752,88.18160594520035,88.24533812799055,88.30888912270333,88.37195899115216,88.43368348871257,88.49158814579519,88.53856485267262,88.55422375496464
1108800.0,88.05394995211066,88.11779773965817,88.18160605456787,88.24533788209799,88.30888958521996,88.37195823636604,88.43368454472494,88.49158697721525,88.538565512491,88.5542250242491
1110000.0,88.05394995211066,88.11779778530831,88.18160591047742,88.24533820605855,88.3088889758598,88.37195923078761,88.43368315344145,88.4915885168053,88.5385646431881,88.55422335198188
1111200.0,88.05394995211066,88.11779774247611,88.18160604567306,88.2453379020965,88.30888954760327,88.37195829775322,88.43368445883863,88.49158707225668,88.53856545882755,88.55422492101738
1112400.0,88.05394995211066,88.11779782139568,88.18160579657115,88.24533846215542,88.30888849414916,88.3719600168972,88.43368205360427,88.49158973388168,88.53856395598696,88.55422203002155
1113600.0,88.05394995211066,88.11779775144979,88.18160601734868,88.24533796577852,88.30888942781941,88.37195849322984,88.43368418534966,88.49158737489873,88.53856528794591,88.55422459229452
1114800.0,88.05394995211066,88.11779778573971,88.181605909116,88.24533820911935,88.30888897010253,88.37195924018324,88.43368314029614,88.49158853135167,88.53856463497466,88.55422333618186
1116000.0,88.05394995211066,88.11779780088959,88.18160586129663,88.24533831663231,88.30888876787394,88.37195957020224,88.43368267857034,88.49158904229614,88.53856434647881,88.55422278120587
1117200.0,88.05394995211066,88.11779775009197,88.18160602163415,88.24533795614359,88.3088894459424,88.37195846365465,88.43368422672815,88.49158732910944,88.53856531380008,88.55422464202978
1118400.0,88.05394995211066,88.11779778251622,88.18160591929039,88.2453381862443,88.30888901312983,88.37195916996639,88.43368323853569,88.49158842264002,88.5385646963569,88.55422345426204
1119600.0,88.05394995211066,88.11779769728858,88.18160618830296,88.24533758141997,88.30889015078647,88.3719573134117,88.43368583601927,88.49158554827324,88.5385663193183,88.55422657633285
1120800.0,88.05394995211066,88.11779777848598,88.18160593201154,88.2453381576431,88.30888906692779,88.37195908217294,88.43368336136628,88.49158828671617,88.538564773104,88.55422360189948
1122000.0,88.05394995211066,88.11779773674748,88.181606063755,88.24533786144269,88.30888962407197,88.37195817296305,88.43368463343127,88.49158687905314,88.53856556791644,88.55422513087044
1123200.0,88.05394995211066,88.11779774659668,88.18160603266689,88.24533793133858,88.30888949259977,88.37195838751391,88.43368433325554,88.49158721122657,88.53856538036052,88.55422477007137
1124400.0,88.05394995211066,88.11779775256562,88.1816060138263,88.24533797369807,88.3088894129228,88.37195851753988,88.43368415133772,88.49158741253632,88.53856526669443,88.55422455141331
1125600.0,88.05394995211066,88.11779777550169,88.18160594143085,88.24533813646548,88.30888910676232,88.37195901716652,88.43368345231615,88.49158818607125,88.53856482993132,88.55422371121752
1126800.0,88.05394995211066,88.11779780695277,88.18160584215896,88.24533835965971,88.30888868694055,88.37195970227823,88.43368249378447,88.49158924677938,88.53856423102091,88.5542225591009
1128000.0,88.05394995211066,88.11779774030116,88.18160605253834,88.24533788666129,88.3088895766365,88.37195825037367,88.43368452512692,88.49158699890225,88.53856550024582,88.55422500069318
1129200.0,88.05394995211066,88.11779779047795,88.18160589416014,88.2453382427448,88.30888890685414,88.37195934339893,88.43368299588812,88.49158869115314,88.53856454474567,88.55422316260933
1130400.0,88.05394995211066,88.11779771082963,88.18160614556194,88.24533767751521,88.30888997003396,88.37195760838401,88.43368542332708,88.49158600495699,88.5385660614599,88.55422608029376
1131600.0,88.05394995211066,88.11779778305828,88.18160591757938,88.24533819009116,88.308889005894,88.37195918177466,88.4336832220148,88.49158844092209,88.53856468603445,88.55422343440482
1132800.0,88.05394995211066,88.11779773929192,88.18160605572366,88.24533787949954,88.30888959010754,88.37195822839003,88.43368455588411,88.4915869648665,88.53856551946367,88.55422503766226
1134000.0,88.05394995211066,88.11779775192491,88.18160601584914,88.24533796914992,88.30888942147777,88.37195850357891,88.43368417087054,88.4915873909213,88.53856527889926,88.55422457489146
1135200.0,88.05394995211066,88.11779775685692,88.18160600028152,88.24533800415094,88.30888935564195,88.3719586110171,88.43368402055498,88.4915875572601,88.53856518497885,88.55422439421798
1136400.0,88.05394995211066,88.11779777377195,88.1816059468908,88.24533812419004,88.30888912985193,88.37195897948622,88.43368350503431,88.49158812773369,88.5385648628707,88.55422377458258
1137600.0,88.05394995211066,88.11779778248639,88.18160591938468,88.24533818603223,88.30888901352883,88.37195916931533,88.43368323944648,88.4915884216323,88.53856469692602,88.55422345535683
1138800.0,88.05394995211066,88.1177977577846,88.18160599735342,88.24533801073423,88.30888934325893,88.37195863122513,88.43368399228227,88.49158758854661,88.53856516731331,88.55422436023514
1140000.0,88.05394995211066,88.11779783281519,88.1816057605267,88.24533854319475,88.30888834171664,88.37196026565323,88.4336817055732,88.49159011901178,88.53856373852996,88.55422161170226
1141200.0,88.05394995211066,88.11779773299791,88.1816060755903,88.24533783483314,88.30888967412372,88.37195809128308,88.43368474770868,88.49158675259412,88.53856563931947,88.55422526822751
1142400.0,88.05394995211066,88.11779779386802,88.18160588345961,88.24533826680299,88.3088888616016,88.37195941724679,88.43368289256846,88.49158880548649,88.53856448018931,88.55422303842316
1143600.0,88.05394995211066,88.1177977591182,88.18160599314395,88.24533802019837,88.30888932545716,88.37195866027595,88.43368395163749,88.49158763352408,88.53856514191759,88.55422431138166
1144800.0,88.05394995211066,88.117797767612,88.18160596633433,88.24533808047467,88.30888921207944,88.3719588452985,88.43368369277464,88.49158791998082,88.5385649801748,88.55422400023903
1146000.0,88.05394995211066,88.11779776296318,88.18160598100758,88.24533804748476,88.3088892741325,88.3719587440333,88.43368383445356,88.49158776319935,88.53856506869873,88.55422417053136
1147200.0,88.05394995211066,88.11779769296375,88.18160620195404,88.24533755072808,88.30889020851662,88.37195721920152,88.4336859678277,88.49158540241429,88.53856640167508,88.55422673476153
1148400.0,88.05394995211066,88.1177977717282,88.18160595334179,88.24533810968606,88.30888915713352,88.3719589349652,88.43368356732293,88.49158805880525,88.53856490178995,88.55422384945108
1149600.0,88.05394995211066,88.11779774063591,88.18160605148145,88.24533788903739,88.3088895721673,88.37195825766659,88.43368451492357,88.4915870101934,88.5385654938705,88.55422498842906
1150800.0,88.05394995211066,88.11779777042184,88.18160595746498,88.24533810041574,88.3088891745709,88.37195890650898,88.43368360713578,88.49158801474833,88.53856492666593,88.55422389730467
1152000.0,88.05394995211066,88.11779774769322,88.18160602920565,88.2453379391202,88.30888947796294,88.37195841140016,88.43368429983656,88.49158724820813,88.53856535947958,88.55422472990293
1153200.0,88.05394995211066,88.1177977951241,88.18160587949508,88.2453382757164,88.30888884483524,88.37195944460831,88.43368285428724,88.49158884784839,88.53856445627038,88.55422299241062
1154400.0,88.05394995211066,88.11779777448548,88.1816059446387,88.24533812925324,88.30888912032822,88.37195899502811,88.43368348328964,88.49158815179621,88.53856484928419,88.55422374844643
1155600.0,88.05394995211066,88.11779776108382,88.18160598693984,88.24533803414707,88.30888929921996,88.37195870309276,88.433683891733,88.49158769981403,88.53856510448807,88.55422423937905
1156800.0,88.05394995211066,88.11779777369365,88.1816059471381,88.24533812363386,88.30888913089812,88.37195897777895,88.43368350742276,88.49158812509067,88.53856486436301,88.55422377745342
1158000.0,88.05394995211066,88.1177977032376,88.18160616952551,88.24533762363768,88.3088900713761,88.37195744300234,88.43368565471073,88.49158574890825,88.53856620603345,88.55422635840813
1159200.0,88.05394995211066,88.1177977801432,88.18160592678068,88.2453381694037,88.30888904480655,88.37195911827268,88.4336833108596,88.4915883426068,88.53856474154637,88.55422354119251
1160400.0,88.05394995211066,88.11779773212949,88.18160607833134,88.24533782867034,88.30888968571544,88.3719580723668,88.43368477417405,88.4915867233079,88.53856565585518,88.55422530003723
1161600.0,88.05394995211066,88.11779777607451,88.18160593962303,88.24533814053027,88.30888909911644,88.37195902964395,88.43368343485896,88.49158820538939,88.53856481902382,88.55422369023493
1162800.0,88.05394995211066,88.11779774429812,88.18160603992204,88.24533791502644,88.30888952328272,88.37195833744204,88.43368440331058,88.49158713370403,88.53856542413243,88.55422485427485
1164000.0,88.05394995211066,88.1177978078493,88.18160583932888,88.24533836602254,88.30888867497235,88.37195972180955,88.4336824664581,88.49158927701903,88.53856421394659,88.55422252625542
1165200.0,88.05394995211066,88.1177977654528,88.18160597314925,88.24533806515261,88.30888924089956,88.37195879826636,88.43368375857673,88.4915878471644,88.53856502128936,88.5542240793307
1166400.0,88.05394995211066,88.11779777659744,88.18160593797269,88.24533814424052,88.30888909213746,88.37195904103282,88.43368341892507,88.49158822302188,88.53856480906789,88.55422367108287
1167600.0,88.05394995211066,88.11779782077299,88.18160579853665,88.2453384577362,88.30888850246158,88.37196000333167,88.43368207258409,88.49158971287858,88.53856396784602,88.55422205283477
1168800.0,88.05394995211066,88.11779773940441,88.18160605536846,88.24533788029802,88.30888958860571,88.3719582308409,88.43368455245503,88.49158696866122,88.53856551732103,88.55422503354056
1170000.0,88.05394995211066,88.11779778963823,88.18160589681052,88.24533823678598,88.30888891806208,88.37195932510863,88.43368302147785,88.49158866283572,88.53856456073463,88.55422319336722
1171200.0,88.05394995211066,88.11779771666275,88.18160612715043,88.24533771890981,88.30888989217232,88.3719577354469,88.43368524555503,88.4915862016787,88.53856595038444,88.55422586661929
1172400.0,88.05394995211066,88.11779777670381,88.18160593763693,88.24533814499532,88.30888909071801,88.37195904334945,88.43368341568387,88.4915882266085,88.53856480704273,88.55422366718709
1173600.0,88.05394995211066,88.11779774469944,88.18160603865539,88.24533791787445,88.30888951792545,88.37195834618488,88.43368439107853,88.49158714723998,88.53856541648943,88.55422483957217
1174800.0,88.05394995211066,88.11779772281784,88.18160610772213,88.24533776259103,88.30888981000895,88.37195786953048,88.43368505796012,88.49158640927084,88.53856583317105,88.55422564113732
1176000.0,88.05394995211066,88.11779776009432,88.18160599006303,88.24533802712517,88.30888931242802,88.37195868153837,88.43368392188944,88.49158766644308,88.53856512333046,88.55422427562578
1177200.0,88.05394995211066,88.11779776077056,88.18160598792839,88.24533803192456,88.30888930340056,88.37195869627037,88.43368390127816,88.49158768925149,88.53856511045201,88.55422425085176
1178400.0,88.05394995211066,88.11779782011321,88.18160580061947,88.24533845305332,88.30888851126993,88.37195998895731,88.43368209269514,88.49158969062381,88.53856398041175,88.5542220770073
1179600.0,88.05394995211066,88.11779773012755,88.18160608464997,88.24533781446416,88.30888971243708,88.3719580287593,88.43368483518482,88.49158665579317,88.5385656939767,88.55422537337081
1180800.0,88.05394995211066,88.1177977948799,88.18160588026569,88.24533827398385,88.3088888480943,88.3719594392897,88.43368286172871,88.49158883961353,88.53856446092011,88.55422300135517
1182000.0,88.05394995211066,88.1177977303523,88.1816060839404,88.24533781605973,88.30888970943609,88.37195803365636,88.43368482833354,88.4915866633749,88.53856568969553,88.55422536513528
1183200.0,88.05394995211066,88.11779777799113,88.1816059335732,88.24533815413201,88.30888907353192,88.37195907139561,88.43368337644479,88.49158827003048,88.53856478252544,88.55422362002336
1184400.0,88.05394995211066,88.1177977516777,88.18160601662935,88.24533796739573,88.30888942477753,88.37195849819379,88.43368417840487,88.49158738258392,88.53856528360666,88.55422458394716
1185600.0,88.05394995211066,88.11779772965782,88.1816060861327,88.24533781113051,88.30888971870779,88.37195801852549,88.43368484950331,88.49158663994835,88.5385657029231,88.55422539058095
1186800.0,88.05394995211066,88.11779776682717,88.18160596881145,88.24533807490543,88.30888922255485,88.37195882820333,88.43368371669224,88.4915878935137,88.53856499511903,88.55422402898712
1188000.0,88.05394995211066,88.11779775288223,88.18160601282743,88.24533797594371,88.30888940869896,88.37195852443286,88.43368414169407,88.49158742320792,88.53856526066905,88.55422453982236
1189200.0,88.05394995211066,88.1177977851972,88.18160591082827,88.24533820526987,88.30888897734322,88.37195922836703,88.43368315682812,88.4915885130575,88.53856464530432,88.55422335605289
1190400.0,88.05394995211066,88.11779774818373,88.1816060276576,88.24533794260095,88.30888947141564,88.37195842208477,88.43368428488813,88.4915872647499,88.53856535013965,88.55422471193586
1191600.0,88.05394995211066,88.1177978310634,88.18160576605621,88.24533853076262,88.30888836510105,88.371960227492,88.43368175896404,88.49159005992965,88.53856377188968,88.55422167587604
1192800.0,88.05394995211066,88.11779774288254,88.18160604439011,88.24533790498111,88.30888954217745,88.37195830660758,88.43368444645064,88.49158708596538,88.5385654510873,88.55422490612759
1194000.0,88.05394995211066,88.11779779031482,88.1816058946751,88.24533824158699,88.308888909032,88.37195933984485,88.43368300086058,88.49158868565068,88.53856454785273,88.5542231685864
1195200.0,88.05394995211066,88.1177977885033,88.18160590039285,88.24533822873173,88.30888893321236,88.37195930038459,88.43368305606914,88.49158862455712,88.53856458234797,88.55422323494459
1196400.0,88.05394995211066,88.1177977572136,88.18160599915565,88.24533800668219,88.30888935088078,88.37195861878689,88.4336840096844,88.4915875692895,88.53856517818657,88.55422438115191
1197600.0,88.05394995211066,88.11779777509472,88.18160594271569,88.24533813357681,88.30888911219573,88.37195900829968,88.43368346472163,88.49158817234351,88.5385648376826,88.55422372612857
1198800.0,88.05394995211066,88.11779768830048,88.18160621667309,88.2453375176352,88.30889027076364,88.37195711761942,88.43368610995017,88.49158524514178,88.53856649047658,88.55422690558778
1200000.0,88.05394995211066,88.1177977761772,88.18160593929895,88.2453381412588,88.30888909774615,88.37195903187998,88.43368343173066,88.49158820885127,88.53856481706923,88.55422368647481
1201200.0,88.05394995211066,88.11779773582793,88.1816060666572,88.24533785491772,88.3088896363452,88.37195815293407,88.43368466145361,88.49158684804378,88.5385655854255,88.55422516455229
1202400.0,88.05394995211066,88.11779781140368,88.18160582811024,88.24533839124554,88.30888862752832,88.37195979923413,88.43368235813445,88.49158939688951,88.5385641462638,88.55422239605477
1203600.0,88.05394995211066,88.11779775092951,88.18160601899076,88.24533796208654,88.30888943476401,88.37195848189685,88.43368420120568,88.49158735735257,88.5385652978531,88.55422461135286
1204800.0,88.05394995211066,88.11779778441102,88.1816059133096,88.24533819969074,88.30888898783753,88.37195921124126,88.4336831807885,88.49158848654305,88.53856466027523,88.55422338485215
1206000.0,88.05394995211066,88.11779779225726,88.18160588854393,88.24533825537182,88.30888888310291,88.37195938215868,88.43368294166002,88.49158875116184,88.53856451086277,88.55422309742934
1207200.0,88.05394995211066,88.11779775025884,88.18160602110754,88.24533795732742,88.30888944371554,88.3719584672887,88.43368422164367,88.49158733473615,88.5385653106231,88.55422463591829
1208400.0,88.05394995211066,88.11779778492284,88.18160591169422,88.24533820332269,88.30888898100577,88.37195922239,88.43368316519039,88.49158850380392,88.5385646505291,88.55422336610371
1209600.0,88.05394995211066,88.11779770131035,88.18160617560855,88.24533760996094,88.30889009710161,88.37195740102058,88.43368571344679,88.49158568391123,88.5385662427328,88.5542264290062
1210800.0,88.05394995211066,88.11779778199758,88.18160592092748,88.24533818256344,88.30888902005333,88.3719591586679,88.43368325434312,88.49158840514762,88.53856470623366,88.55422347326186
1212000.0,88.05394995211066,88.1177977344035,88.18160607115344,88.24533784480884,88.30888965535966,88.37195812190423,88.43368470486705,88.49158680000241,88.53856561255115,88.55422521673363
1213200.0,88.05394995211066,88.11779776056076,88.18160598859087,88.24533803043508,88.30888930620223,88.37195869169834,88.43368390767469,88.49158768217305,88.53856511444873,88.55422425854023
1214400.0,88.05394995211066,88.11779775074523,88.1816060195726,88.24533796077843,88.30888943722432,88.37195847788188,88.43368420682306,88.49158735113646,88.53856530136284,88.5542246181046
1215600.0,88.05394995211066,88.11779779000356,88.18160589565746,88.24533823937836,88.30888891318621,88.37195933306555,88.43368301034553,88.4915886751548,88.53856455377884,88.5542231799865
1216800.0,88.05394995211066,88.11779777645481,88.18160593842263,88.24533814322888,88.30888909404047,88.37195903792744,88.43368342326978,88.49158821821405,88.53856481178258,88.55422367630509
1218000.0,88.05394995211066,88.1177977665641,88.18160596964184,88.2453380730384,88.30888922606664,88.3719588224723,88.43368372471045,88.49158788464081,88.53856500012893,88.55422403862457
1219200.0,88.05394995211066,88.11779783347788,88.18160575843501,88.24533854789722,88.30888833287163,88.37196028008711,88.433681685379,88.49159014135823,88.5385637259125,88.55422158743019
1220400.0,88.05394995211066,88.11779773252191,88.18160607709254,88.24533783145579,88.30888968047626,88.37195808091633,88.43368476221248,88.49158673654422,88.53856564838188,88.55422528566068
1221600.0,88.05394995211066,88.11779779288305,88.1816058865687,88.24533825981261,88.30888887474998,88.37195939578991,88.43368292258876,88.49158877226597,88.53856449894678,88.55422307450671
1222800.0,88.05394995211066,88.11779774347839,88.18160604250956,88.24533790920897,88.30888953422505,88.37195831958536,88.43368442829367,88.49158710605782,88.53856543974231,88.55422488430341
1224000.0,88.05394995211066,88.117797771452,88.18160595421365,88.24533810772574,88.30888916082071,88.37195892894809,88.43368357574161,88.49158804948918,88.53856490705013,88.55422385957013
1225200.0,88.05394995211066,88.11779775545176,88.18160600471668,88.24533799417928,88.30888937439833,88.37195858040828,88.43368406337942,88.49158750987071,88.53856521173643,88.55422444569132
1226400.0,88.05394995211066,88.11779776078741,88.18160598787533,88.24533803204385,88.30888930317624,88.37195869663651,88.4336839007658,88.49158768981843,88.538565110132,88.55422425023619
1227600.0,88.05394995211066,88.1177977852395,88.18160591069477,88.24533820556972,88.30888897677926,88.37195922928748,88.43368315553995,88.49158851448303,88.53856464449953,88.5542233545047
1228800.0,88.05394995211066,88.11779775350978,88.18160601084645,88.24533798039771,88.3088894003212,88.37195853810455,88.4336841225659,88.49158744437513,88.53856524871739,88.55422451683114
1230000.0,88.05394995211066,88.11779782408793,88.18160578807363,88.24533848126049,88.3088884582132,88.37196007554104,88.43368197155688,88.49158982467505,88.53856390472207,88.55422193140407
1231200.0,88.05394995211066,88.11779773113562,88.18160608146842,88.2453378216173,88.30888969898233,88.3719580507162,88.43368480446536,88.49158668978752,88.53856567478213,88.55422533644666
1232400.0,88.05394995211066,88.11779779563176,88.1816058778927,88.24533827931916,88.30888883805878,88.37195945566688,88.43368283881564,88.49158886496912,88.53856444660349,88.55422297381459
1233600.0,88.05394995211066,88.1177977527077,88.18160601337816,88.24533797470563,88.3088894110277,88.37195852063239,88.43368414701123,88.49158741732403,88.53856526399129,88.55422454621333
1234800.0,88.05394995211066,88.11779777012703,88.18160595839579,88.24533809832324,88.30888917850656,88.3719589000862,88.4336836161218,88.49158800480465,88.53856493228061,88.55422390810554
1236000.0,88.05394995211066,88.11779776307922,88.18160598064136,88.24533804830813,88.3088892725836,88.37195874656099,88.43368383091709,88.49158776711275,88.53856506648908,88.55422416628078
1237200.0,88.05394995211066,88.11779770938095,88.1816061501345,88.24533766723468,88.30888998937162,88.37195757682628,88.43368546747924,88.49158595609825,88.53856608904707,88.55422613336287
1238400.0,88.05394995211066,88.11779777358215,88.18160594748987,88.24533812284298,88.3088891323859,88.37195897535116,88.43368351081953,88.49158812133167,88.53856486648544,88.55422378153625
1239600.0,88.05394995211066,88.1177977395519,88.18160605490309,88.24533788134438,88.30888958663756,88.37195823405297,88.43368454796084,88.49158697363438,88.5385655145129,88.55422502813863
1240800.0,88.05394995211066,88.117797780142,88.18160592678458,88.24533816939477,88.30888904482319,88.3719591182457,88.43368331089748,88.49158834256492,88.53856474157001,88.55422354123796
1242000.0,88.05394995211066,88.11779774458351,88.18160603902099,88.24533791705244,88.30888951947163,88.37195834366165,88.43368439460893,88.49158714333318,88.53856541869546,88.55422484381576
1243200.0,88.05394995211066,88.11779782343994,88.1816057901187,88.24533847666241,88.30888846686216,88.37196006142648,88.43368199130475,88.49158980282178,88.53856391706141,88.55422195514085
1244400.0,88.05394995211066,88.11779775531403,88.18160600515135,88.2453379932021,88.30888937623632,88.37195857740885,88.43368406757577,88.49158750522713,88.53856521435829,88.5542244507349
1245600.0,88.05394995211066,88.11779778417015,88.18160591406989,88.24533819798158,88.30888899105238,88.37195920599491,88.43368318812853,88.49158847842065,88.53856466486143,88.55422339367453
1246800.0,88.05394995211066,88.1177978120678,88.18160582601381,88.24533839595905,88.30888861866231,88.37195981370249,88.43368233789208,88.49158941928958,88.53856413361602,88.55422237172438
1248000.0,88.05394995211066,88.11779774725107,88.1816060306014,88.24533793598218,88.30888948386531,88.37195840176784,88.43368431331312,88.49158723329491,88.53856536790019,88.55422474610145
1249200.0,88.05394995211066,88.11779778345058,88.18160591634123,88.24533819287491,88.30888900065766,88.3719591903199,88.43368321005913,88.49158845415229,88.53856467856413,88.55422342003422
1250400.0,88.05394995211066,88.1177977007134,88.18160617749278,88.24533760572459,88.30889010507028,88.37195738801596,88.4336857316419,88.49158566377646,88.53856625410154,88.55422645087607
1251600.0,88.05394995211066,88.11779777661492,88.18160593791723,88.24533814436514,88.30888909190334,88.37195904141518,88.43368341838999,88.49158822361389,88.53856480873368,88.55422367043978
1252800.0,88.05394995211066,88.11779773966379,88.18160605454982,88.24533788213886,88.30888958514316,88.37195823649155,88.4336845445491,88.49158697740978,88.53856551238118,88.5542250240378
1254000.0,88.05394995211066,88.11779779619582,88.18160587611196,88.24533828332285,88.30888883052796,88.37195946795653,88.4336828216212,88.49158888399637,88.53856443586012,88.5542229531476
1255200.0,88.05394995211066,88.11779776577934,88.181605972119,88.2453380674691,88.30888923654226,88.37195880537715,88.4336837486281,88.49158785817355,88.53856501507325,88.55422406737269
1256400.0,88.05394995211066,88.11779777436463,88.18160594502018,88.24533812839556,88.30888912194159,88.37195899239529,88.43368348697321,88.49158814772002,88.5385648515857,88.55422375287388
1257600.0,88.05394995211066,88.11779781080784,88.18160582999087,88.24533838701733,88.30888863548172,88.37195978625466,88.4336823762941,88.4915893767939,88.53856415761054,88.55422241788233
1258800.0,88.05394995211066,88.11779773881976,88.1816060572139,88.24533787614912,88.30888959640927,88.37195821810616,88.43368457027191,88.491586948945,88.53856552845335,88.55422505495568
1260000.0,88.05394995211066,88.11779779211874,88.181605888981,88.2453382543892,88.30888888495133,88.3719593791423,88.43368294588,88.49158874649187,88.5385645134996,88.55422310250167
1261200.0,88.05394995211066,88.11779771476628,88.18160613313644,88.24533770545148,88.30888991748671,88.37195769413636,88.43368530335191,88.49158613772096,88.5385659864969,88.55422593608844
1262400.0,88.05394995211066,88.11779778024376,88.18160592646318,88.2453381701176,88.30888904346362,88.37195912046421,88.43368330779356,88.49158834599956,88.53856473963056,88.55422353750707
1263600.0,88.05394995211066,88.1177977427166,88.18160604491395,88.24533790380328,88.30888954439291,88.37195830299214,88.43368445150894,88.49158708036778,88.53856545424769,88.55422491220716
1264800.0,88.05394995211066,88.11779773984945,88.18160605396398,88.2453378834559,88.30888958266561,88.37195824053452,88.43368453889269,88.49158698366917,88.53856550884689,88.55422501723895
1266000.0,88.05394995211066,88.11779775938177,88.18160599231214,88.24533802206852,88.30888932193946,88.37195866601644,88.43368394360594,88.49158764241156,88.53856513689941,88.55422430172823
1267200.0,88.05394995211066,88.1177977691457,88.18160596149335,88.24533809135852,88.30888919160701,88.37195887870773,88.43368364603207,88.49158797170581,88.53856495096905,88.55422394405635
1268400.0,88.05394995211066,88.11779778250335,88.1816059193312,88.24533818615232,88.30888901330266,88.37195916968437,88.43368323893016,88.49158842220375,88.53856469660332,88.55422345473606
1269600.0,88.05394995211066,88.11779775645384,88.18160600155383,88.2453380012903,88.30888936102258,88.37195860223639,88.43368403284008,88.49158754366535,88.53856519265479,88.55422440898417
1270800.0,88.05394995211066,88.1177978378919,88.18160574450266,88.24533857922144,88.30888827395162,88.3719603762396,88.43368155085277,88.49159029022489,88.53856364185741,88.55422142573445
1272000.0,88.05394995211066,88.11779773645722,88.18160606467097,88.24533785938372,88.30888962794462,88.37195816664317,88.43368464227322,88.49158686926862,88.53856557344123,88.5542251414983
1273200.0,88.05394995211066,88.11779779240037,88.18160588809192,88.24533825638832,88.308888881191,88.37195938527873,88.43368293729476,88.49158875599235,88.53856450813532,88.55422309218251
1274400.0,88.05394995211066,88.11779777381243,88.18160594676317,88.24533812447693,88.30888912931222,88.37195898036711,88.43368350380175,88.49158812909755,88.53856486210054,88.55422377310103
1275600.0,88.05394995211066,88.11779776321256,88.1816059802205,88.24533804925434,88.30888927080363,88.3719587494656,88.4336838268534,88.49158777160964,88.53856506395003,88.55422416139628
1276800.0,88.05394995211066,88.1177977671974,88.18160596764278,88.24533807753288,88.3088892176126,88.3719588362687,88.43368370540814,88.49158790600066,88.5385649880684,88.55422401542377
1278000.0,88.05394995211066,88.11779774023356,88.1816060527515,88.24533788618172,88.30888957753858,88.37195824890144,88.43368452718659,88.49158699662323,88.53856550153257,88.55422500316843
1279200.0,88.05394995211066,88.11779778948444,88.18160589729597,88.24533823569459,88.3088889201151,88.37195932175823,88.4336830261655,88.49158865764838,88.53856456366357,88.55422319900137
1280400.0,88.05394995211066,88.11779774381172,88.18160604145747,88.24533791157417,88.30888952977617,88.37195832684552,88.43368441813591,88.49158711729825,88.53856543339558,88.55422487209408
1281600.0,88.05394995211066,88.11779782326839,88.18160579066027,88.24533847544483,88.30888846915207,88.37196005769006,88.43368199653152,88.49158979703826,88.5385639203266,88.5542219614221
1282800.0,88.05394995211066,88.11779774088637,88.18160605069089,88.24533789081485,88.30888956882377,88.371958263123,88.43368450728954,88.49158701864114,88.53856548910049,88.55422497925302
1284000.0,88.05394995211066,88.11779779101646,88.18160589246014,88.24533824656713,88.3088888996643,88.37195935513219,88.43368297947218,88.4915887093189,88.53856453448851,88.5542231428778
1285200.0,88.05394995211066,88.11779777944774,88.18160592897586,88.24533816446828,88.30888905408969,88.3719591031236,88.43368333205444,88.49158831915257,88.53856475478919,88.55422356666752
1286400.0,88.05394995211066,88.11779775883197,88.18160599404766,88.24533801816654,88.30888932927907,88.37195865403888,88.43368396036368,88.49158762386757,88.53856514736985,88.55422432187008
1287600.0,88.05394995211066,88.1177977760195,88.1816059397967,88.24533814013958,88.30888909985151,88.37195902844424,88.43368343653755,88.49158820353185,88.53856482007251,88.55422369225214
1288800.0,88.05394995211066,88.11779769610706,88.18160619203226,88.24533757303551,88.30889016655702,88.37195728767588,88.43368587202562,88.49158550842866,88.53856634181604,88.55422661961119
1290000.0,88.05394995211066,88.11779777893965,88.18160593057974,88.24533816086209,88.30888906087296,88.37195909205388,88.43368334754197,88.49158830201416,88.53856476446622,88.55422358528295
1291200.0,88.05394995211066,88.11779773343136,88.18160607422207,88.24533783790937,88.30888966833751,88.37195810072562,88.43368473449756,88.49158676721346,88.5385656310647,88.55422525234785
1292400.0,88.05394995211066,88.11779776748435,88.1816059667371,88.24533807956917,88.30888921378254,88.37195884251899,88.43368369666341,88.49158791567734,88.53856498260446,88.5542240049129
1293600.0,88.05394995211066,88.11779774686877,88.1816060318081,88.24533793326908,88.30888948896865,88.37195839343963,88.43368432496496,88.49158722040102,88.53856537518016,88.55422476010591
1294800.0,88.05394995211066,88.11779780620971,88.18160584450423,88.2453383543868,88.30888869685883,88.37195968609271,88.43368251642922,88.49158922172089,88.5385642451696,88.55422258631853
1296000.0,88.05394995211066,88.1177977690932,88.18160596165889,88.24533809098662,88.30888919230664,88.37195887756576,88.43368364762993,88.49158796993777,88.53856495196729,88.5542239459765
1297200.0,88.05394995211066,88.11779777456292,88.18160594439442,88.24533812980249,88.30888911929516,88.3719589967141,88.43368348093088,88.49158815440632,88.53856484781042,88.55422374561114
1298400.0,88.05394995211066,88.11779783105818,88.18160576607258,88.24533853072579,88.30888836517042,88.3719602273788,88.43368175912234,88.49159005975423,88.5385637719886,88.55422167606612
1299600.0,88.05394995211066,88.11779773685952,88.18160606340125,88.24533786223805,88.30888962257602,88.37195817540423,88.43368463001576,88.49158688283268,88.53856556578238,88.55422512676503
1300800.0,88.05394995211066,88.11779778999204,88.18160589569385,88.24533823929652,88.30888891334011,88.37195933281447,88.43368301069683,88.49158867476582,88.53856455399836,88.5542231804086
1302000.0,88.05394995211066,88.11779773087994,88.1816060822754,88.2453378198028,88.30888970239539,88.3719580451463,88.43368481225814,88.49158668116391,88.53856567965106,88.55422534581288
1303200.0,88.05394995211066,88.11779776820609,88.18160596445904,88.24533808469091,88.3088892041487,88.37195885824069,88.43368367466721,88.49158794001835,88.53856496886095,88.55422397847452
1304400.0,88.05394995211066,88.11779775038872,88.1816060206977,88.24533795824892,88.30888944198209,88.37195847011748,88.43368421768614,88.49158733911536,88.53856530815034,88.55422463116138
1305600.0,88.05394995211066,88.117797786144,88.18160590783963,88.24533821198902,88.30888896470475,88.37195924899179,88.43368312797207,88.49158854498954,88.53856462727433,88.55422332136865
1306800.0,88.05394995211066,88.11779777737695,88.18160593551207,88.24533814977275,88.30888908173172,88.37195905801417,88.43368339516658,88.49158824931294,88.538564794223,88.55422364252571
1308000.0,88.05394995211066,88.117797763249,88.1816059801054,88.2453380495132,88.30888927031694,88.3719587502598,88.43368382574211,88.49158777283938,88.5385650632555,88.55422416006029
1309200.0,88.05394995211066,88.11779782390799,88.18160578864162,88.24533847998339,88.3088884606152,88.37196007162133,88.43368197704092,88.4915898186063,88.53856390814855,88.55422193799538
1310400.0,88.05394995211066,88.11779773100572,88.18160608187819,88.24533782069581,88.30888970071575,88.37195804788728,88.4336848084232,88.49158668540751,88.53856567725512,88.55422534120376
1311600.0,88.05394995211066,88.11779779489669,88.18160588021273,88.24533827410293,88.30888884787025,88.37195943965534,88.43368286121702,88.49158884017973,88.53856446060023,88.55422300073982
1312800.0,88.05394995211066,88.11779773643453,88.18160606474267,88.24533785922209,88.30888962824868,88.37195816614685,88.43368464296766,88.49158686850008,88.53856557387518,88.554225142333
1314000.0,88.05394995211066,88.11779777486625,88.181605943437,88.24533813195501,88.30888911524622,88.37195900332155,88.43368347168649,88.49158816463606,88.53856484203439,88.55422373449994
1315200.0,88.05394995211066,88.11779775396523,88.1816060094089,88.2453379836295,88.30888939424226,88.37195854802476,88.43368410868666,88.49158745973381,88.53856524004529,88.55422450014856
1316400.0,88.05394995211066,88.11779771726773,88.18160612524073,88.24533772320349,88.30888988409565,88.37195774862737,88.43368522711445,88.49158622208506,88.53856593886222,88.55422584445402
1317600.0,88.05394995211066,88.11779776752718,88.18160596660181,88.24533807987326,88.30888921321052,88.37195884345245,88.43368369535737,88.4915879171227,88.53856498178848,88.55422400334322
1318800.0,88.05394995211066,88.1177977505226,88.18160602027513,88.24533795919913,88.30888944019506,88.37195847303367,88.43368421360603,88.49158734363027,88.53856530560113,88.55422462625756
1320000.0,88.05394995211066,88.1177977813442,88.18160592298973,88.2453381779269,88.3088890287746,88.37195914443554,88.43368327425563,88.4915883831124,88.5385647186756,88.5542234971961
1321200.0,88.05394995211066,88.11779774899809,88.18160602508722,88.24533794837996,88.30888946054526,88.37195843982437,88.43368426006873,88.49158729221494,88.53856533463191,88.55422468210372
1322400.0,88.05394995211066,88.11779783396146,88.18160575690891,88.24533855132842,88.3088883264175,88.37196029061984,88.43368167064281,88.49159015766537,88.538563716705,88.55422156971768
1323600.0,88.05394995211066,88.11779774750978,88.18160602978493,88.24533793781798,88.30888948041222,88.37195840740316,88.43368430542878,88.49158724201973,88.53856536297374,88.55422473662455
1324800.0,88.05394995211066,88.11779778832931,88.18160590094203,88.24533822749704,88.3088889355344,88.37195929659534,88.43368306137062,88.49158861869032,88.53856458566058,88.5542232413168
1326000.0,88.05394995211066,88.1177977693651,88.1816059608006,88.24533809291628,88.308889188677,88.37195888348907,88.43368363934262,88.49158797910852,88.53856494678918,88.5542239360155
1327200.0,88.05394995211066,88.11779771827808,88.18160612205187,88.24533773037301,88.30888987061012,88.37195777063471,88.4336851963241,88.49158625615772,88.53856591962361,88.55422580744505
1328400.0,88.05394995211066,88.11779777657061,88.18160593805712,88.2453381440507,88.30888909249475,88.3719590404499,88.43368341974065,88.49158822211935,88.53856480957742,88.55422367206295
1329600.0,88.05394995211066,88.11779773806188,88.18160605960594,88.2453378707711,88.30888960652561,88.37195820159731,88.43368459336916,88.49158692338584,88.53856554288491,88.55422508271745
1330800.0,88.05394995211066,88.11779778652817,88.1816059066271,88.2453382147151,88.30888895957699,88.37195925735988,88.43368311626443,88.49158855794524,88.5385646199593,88.55422330729682
1332000.0,88.05394995211066,88.11779774062249,88.1816060515242,88.2453378889413,88.30888957234761,88.3719582573728,88.43368451533452,88.49158700973858,88.53856549412735,88.55422498892312
1333200.0,88.05394995211066,88.11779781651353,88.18160581198151,88.24533842750834,88.30888855931909,88.37195991054533,88.4336822024003,88.49158956922426,88.53856404895797,88.55422220886868
1334400.0,88.05394995211066,88.11779775339066,88.1816060112225,88.24533797955203,88.30888940191187,88.37195853550863,88.43368412619796,88.49158744035581,88.5385652509867,88.55422452119649
1335600.0,88.05394995211066,88.11779778402368,88.1816059145324,88.24533819694153,88.30888899300848,88.37195920280278,88.43368319259446,88.49158847347857,88.53856466765177,88.55422339904236
1336800.0,88.05394995211066,88.11779780078967,88.18160586161197,88.24533831592318,88.30888876920778,88.37195956802556,88.4336826816156,88.49158903892638,88.53856434838137,88.5542227848659
1338000.0,88.05394995211066,88.11779774836984,88.18160602707013,88.24533794392187,88.30888946893099,88.3719584261393,88.43368427921526,88.49158727102741,88.53856534659508,88.55422470511716
1339200.0,88.05394995211066,88.11779778471426,88.18160591235264,88.24533820184234,88.30888898379038,88.37195921784566,88.43368317154835,88.49158849676806,88.5385646545019,88.55422337374605
1340400.0,88.05394995211066,88.11779770050367,88.18160617815488,88.245337604236,88.30889010787004,88.37195738344788,88.43368573803231,88.49158565670517,88.53856625809412,88.55422645855663
1341600.0,88.05394995211066,88.11779777981731,88.18160592780939,88.24533816709067,88.30888904915744,88.37195911117243,88.43368332079365,88.4915883316137,88.53856474775338,88.55422355313281
1342800.0,88.05394995211066,88.11779773669834,88.1816060639096,88.24533786109558,88.30888962472469,88.37195817189806,88.43368463492097,88.49158687740484,88.53856556884712,88.55422513266075
1344000.0,88.05394995211066,88.11779774934666,88.18160602398672,88.24533795085435,88.30888945589126,88.37195844741929,88.43368424944272,88.49158730397376,88.53856532799243,88.55422466933153
1345200.0,88.05394995211066,88.11779775296193,88.18160601257561,88.24533797650992,88.30888940763388,88.3719585261709,88.4336841392623,88.49158742589906,88.53856525914946,88.5542245368991
1346400.0,88.05394995211066,88.1177977878869,88.18160590233845,88.24533822435735,88.30888894144006,88.37195928695797,88.43368307485407,88.49158860376997,88.53856459408492,88.55422325752274
1347600.0,88.05394995211066,88.11779777743071,88.18160593534226,88.24533815015452,88.30888908101363,88.37195905918608,88.43368339352696,88.49158825112752,88.5385647931985,88.55422364055498
1348800.0,88.05394995211066,88.11779776549058,88.18160597303,88.24533806542081,88.30888924039525,88.37195879908933,88.43368375742534,88.4915878484385,88.53856502056989,88.55422407794654
1350000.0,88.05394995211066,88.11779784144348,88.1816057332926,88.24533860442523,88.30888822654373,88.37196045360521,88.43368144261159,88.49159041000426,88.53856357422607,88.55422129563287
1351200.0,88.05394995211066,88.1177977335012,88.18160607400141,88.24533783840558,88.30888966740409,88.37195810224875,88.43368473236671,88.49158676957157,88.53856562973344,88.55422524978692
1352400.0,88.05394995211066,88.11779779202209,88.18160588928603,88.2453382537034,88.3088888862411,88.3719593770377,88.43368294882434,88.49158874323389,88.53856451533915,88.55422310604047
1353600.0,88.05394995211066,88.11779774311093,88.18160604366925,88.24533790660163,88.30888953912942,88.37195831158142,88.4336844394921,88.49158709366537,88.53856544673951,88.55422489776373
1354800.0,88.05394995211066,88.11779774910423,88.18160602475224,88.24533794913303,88.30888945912885,88.37195844213552,88.43368425683535,88.49158729579275,88.53856533261177,88.55422467821761
1356000.0,88.05394995211066,88.11779776028824,88.18160598945073,88.24533802850189,88.30888930983853,88.37195868576407,88.4336839159773,88.49158767298537,88.53856511963642,88.55422426851959
1357200.0,88.05394995211066,88.11779776708389,88.18160596800102,88.24533807672753,88.30888921912754,88.37195883379653,88.43368370886702,88.49158790217287,88.53856499022966,88.55422401958147
1358400.0,88.05394995211066,88.11779778535744,88.1816059103224,88.24533820640707,88.30888897520435,88.37195923185746,88.43368315194456,88.49158851846163,88.53856464225295,88.55422335018292
1359600.0,88.05394995211066,88.11779775241861,88.18160601429055,88.24533797265406,88.30888941488661,88.37195851433506,88.43368415582161,88.49158740757456,88.538565269496,88.55422455680271
1360800.0,88.05394995211066,88.11779782892617,88.18160577280214,88.24533851559548,88.30888839363001,88.3719601809349,88.43368182410165,88.49158998784847,88.538563812589,88.55422175416875
1362000.0,88.05394995211066,88.11779773381372,88.18160607301515,88.2453378406229,88.3088896632335,88.37195810905497,88.43368472284432,88.49158678010886,88.53856562378381,88.55422523834167
1363200.0,88.05394995211066,88.11779779404911,88.18160588288806,88.2453382680878,88.30888885918469,88.37195942119132,88.43368288704981,88.49158881159342,88.53856447674114,88.55422303178995
1364400.0,88.05394995211066,88.11779776298961,88.18160598092422,88.24533804767206,88.30888927378007,88.3719587446084,88.43368383364891,88.4915877640899,88.53856506819595,88.55422416956421
1365600.0,88.05394995211066,88.11779776627374,88.18160597055838,88.2453380709776,88.30888922994285,88.37195881614686,88.43368373356029,88.49158787484755,88.53856500565864,88.55422404926188
1366800.0,88.05394995211066,88.11779776640583,88.18160597014139,88.24533807191526,88.30888922817924,88.37195881902477,88.43368372953391,88.49158787930315,88.53856500314272,88.55422404442214
1368000.0,88.05394995211066,88.11779769648714,88.18160619083244,88.24533757573302,88.3088901614834,88.37195729595506,88.43368586044265,88.49158552124636,88.5385663345787,88.55422660568904
1369200.0,88.05394995211066,88.11779777416739,88.18160594564263,88.24533812699617,88.30888912457377,88.37195898809982,88.43368349298296,88.49158814106957,88.53856485534087,88.55422376009749
1370400.0,88.05394995211066,88.11779773753936,88.18160606125552,88.24533786706218,88.30888961350199,88.37195819021204,88.43368460929841,88.49158690575842,88.53856555283785,88.55422510186384
1371600.0,88.05394995211066,88.11779777249043,88.18160595093582,88.2453381150953,88.30888914695913,88.37195895156884,88.43368354409299,88.49158808451133,88.53856488727543,88.55422382152962
1372800.0,88.05394995211066,88.11779774616183,88.18160603403949,88.24533792825237,88.30888949840502,88.37195837804036,88.43368434651009,88.49158719655912,88.53856538864225,88.55422478600283
1374000.0,88.05394995211066,88.11779782150704,88.18160579621964,88.24533846294582,88.30888849266229,88.3719600193235,88.43368205020991,88.49158973763784,88.53856395386613,88.55422202594175
1375200.0,88.05394995211066,88.11779776098261,88.18160598725927,88.24533803342888,88.30888930057097,88.37195870088797,88.4336838948178,88.49158769640053,88.53856510641555,88.55422424308672
1376400.0,88.05394995211066,88.11779778114679,88.18160592361322,88.24533817652517,88.30888903141125,88.37195914013272,88.43368328027553,88.49158837645113,88.53856472243679,88.55422350443149
1377600.0,88.05394995211066,88.11779778427025,88.18160591375403,88.24533819869168,88.30888898971675,88.37195920817452,88.43368318507919,88.49158848179492,88.53856466295616,88.55422339000937
1378800.0,88.05394995211066,88.11779770281805,88.18160617085,88.24533762065975,88.30889007697736,88.37195743386164,88.43368566749915,88.49158573475691,88.53856621402382,88.55422637377893
1380000.0,88.05394995211066,88.11779778220598,88.18160592026959,88.2453381840427,88.30888901727097,88.37195916320854,88.43368324799039,88.49158841217766,88.53856470226431,88.55422346562604
1381200.0,88.05394995211066,88.11779773199281,88.18160607876257,88.2453378277007,88.30888968754,88.37195806938871,88.4336847783408,88.49158671869684,88.53856565845895,88.55422530504585
1382400.0,88.05394995211066,88.11779777670056,88.18160593764694,88.24533814497286,88.30888909076003,88.3719590432809,88.43368341577973,88.49158822650253,88.53856480710263,88.55422366730224
1383600.0,88.05394995211066,88.11779774462836,88.1816060388796,88.24533791737045,88.3088895188735,88.3719583446374,88.43368439324367,88.49158714484382,88.53856541784252,88.55422484217495
1384800.0,88.05394995211066,88.1177978008932,88.18160586128542,88.24533831665745,88.30888876782622,88.37195957028047,88.43368267846068,88.49158904241736,88.5385643464103,88.55422278107417
1386000.0,88.05394995211066,88.11779776836099,88.18160596397004,88.24533808579035,88.30888920208065,88.37195886161545,88.43368366994576,88.49158794524323,88.53856496591075,88.55422397279949
1387200.0,88.05394995211066,88.11779777329087,88.18160594840946,88.24533812077543,88.30888913627471,88.37195896900491,88.4336835196983,88.49158811150659,88.53856487203304,88.5542237922081
1388400.0,88.05394995211066,88.11779781962522,88.18160580215968,88.24533844959062,88.30888851778303,88.37195997832859,88.43368210756547,88.49158967416847,88.53856398970295,88.55422209488076
1389600.0,88.05394995211066,88.11779773701164,88.18160606292115,88.24533786331735,88.30888962054578,88.37195817871743,88.43368462538052,88.491586887962,88.53856556288632,88.55422512119401
1390800.0,88.05394995211066,88.11779779172339,88.18160589022888,88.24533825158359,88.3088888902285,88.37195937053065,88.43368295792853,88.49158873315926,88.53856452102764,88.55422311698337
1392000.0,88.05394995211066,88.1177977203754,88.18160611543155,88.24533774525777,88.30888984261219,88.37195781632472,88.4336851324,88.49158632689584,88.53856587968268,88.55422573061121
1393200.0,88.05394995211066,88.1177977774014,88.18160593543485,88.2453381499464,88.30888908140506,88.37195905854728,88.43368339442081,88.4915882501382,88.53856479375735,88.55422364162999
1394400.0,88.05394995211066,88.11779774603023,88.18160603445477,88.24533792731879,88.3088895001609,88.37195837517498,88.43368435051879,88.49158719212313,88.53856539114705,88.55422479082132
1395600.0,88.05394995211066,88.11779772579834,88.18160609831486,88.24533778374123,88.3088897702259,88.37195793445301,88.43368496712772,88.49158650978578,88.5385657764171,88.5542255319605
1396800.0,88.05394995211066,88.11779776149129,88.18160598565352,88.24533803703923,88.30888929378001,88.3719587119703,88.43368387931255,88.49158771355864,88.53856509672754,88.55422422445011
1398000.0,88.05394995211066,88.11779776464472,88.18160597569995,88.24533805941803,88.30888925168628,88.37195878066342,88.43368378320471,88.49158781991127,88.53856503667733,88.55422410893229
1399200.0,88.05394995211066,88.11779778056724,88.18160592544216,88.24533817241311,88.30888903914582,88.3719591275106,88.43368329793505,88.49158835690903,88.53856473347092,88.55422352565779
1400400.0,88.05394995211066,88.11779775543054,88.18160600478362,88.24533799402873,88.3088893746815,88.371958579946,88.43368406402634,88.49158750915501,88.53856521214055,88.55422444646862
1401600.0,88.05394995211066,88.11779780181926,88.1816058583624,88.24533832322922,88.3088887554652,88.37195959045211,88.43368265023926,88.49158907364708,88.53856432877714,88.55422274715339
1402800.0,88.05394995211066,88.11779773686895,88.1816060633712,88.2453378623057,88.30888962244853,88.37195817561246,88.43368462972443,88.49158688315514,88.53856556560044,88.55422512641512
1404000.0,88.05394995211066,88.1177977766809,88.18160593770914,88.2453381448331,88.30888909102286,88.37195904285183,88.43368341638023,88.49158822583793,88.53856480747793,88.55422366802419
1405200.0,88.05394995211066,88.11779775423904,88.18160600854446,88.24533798557317,88.30888939058609,88.37195855399123,88.43368410033918,88.49158746897133,88.53856523482953,88.5542244901152
1406400.0,88.05394995211066,88.11779773057529,88.18160608323672,88.24533781764178,88.30888970645985,88.37195803851327,88.43368482153825,88.49158667089465,88.53856568544977,88.55422535696775
1407600.0,88.05394995211066,88.11779776971552,88.1816059596947,88.24533809540269,88.30888918400004,88.37195889112128,88.4336836286644,88.491587990925,88.53856494011741,88.55422392318121
1408800.0,88.05394995211066,88.1177977476648,88.18160602929552,88.24533793891831,88.30888947834264,88.37195841078048,88.43368430070343,88.49158724724872,88.53856536002141,88.55422473094525
1410000.0,88.05394995211066,88.11779778687666,88.18160590552701,88.24533821718872,88.30888895492417,88.37195926495282,88.43368310564115,88.49158856970092,88.5385646133215,88.55422329452799
1411200.0,88.05394995211066,88.11779774498942,88.18160603774027,88.24533791993161,88.30888951405608,88.37195835249932,88.43368438224418,88.4915871570159,88.53856541096971,88.55422482895392
1412400.0,88.05394995211066,88.11779782650345,88.18160578044919,88.24533849840245,88.30888842596951,88.37196012816032,88.43368189793749,88.49158990614224,88.53856385872304,88.55422184291629
1413600.0,88.05394995211066,88.1177977443091,88.18160603988747,88.24533791510427,88.30888952313605,88.37195833768133,88.43368440297597,88.49158713407415,88.53856542392343,88.55422485387282
1414800.0,88.05394995211066,88.11779778955068,88.18160589708698,88.24533823616437,88.30888891923166,88.37195932319989,88.4336830241484,88.49158865988053,88.53856456240314,88.55422319657701
1416000.0,88.05394995211066,88.11779778889984,88.18160589914118,88.24533823154587,88.30888892791889,88.37195930902311,88.43368304398301,88.4915886379316,88.53856457479634,88.55422322041758
1417200.0,88.05394995211066,88.11779775595883,88.1816060031161,88.24533799777778,88.30888936762963,88.37195859145424,88.4336840479251,88.49158752697258,88.53856520208025,88.55422442711581
1418400.0,88.05394995211066,88.11779777732384,88.18160593567967,88.245338149396,88.3088890824403,88.37195905685799,88.43368339678419,88.491588247523,88.53856479523381,88.5542236444704
1419600.0,88.05394995211066,88.11779769189552,88.18160620532574,88.24533754314743,88.3088902227757,88.3719571959316,88.4336860003847,88.49158536638664,88.53856642201771,88.55422677389434
1420800.0,88.05394995211066,88.11779777767138,88.18160593458279,88.24533815186209,88.30888907780174,88.37195906442764,88.43368338619356,88.49158825924252,88.53856478861658,88.5542236317408
1422000.0,88.05394995211066,88.1177977350171,88.18160606921685,88.24533784916281,88.30888964716992,88.3719581352693,88.43368468616816,88.49158682069464,88.53856560086761,88.55422519425815
1423200.0,88.05394995211066,88.11779775635803,88.18160600185628,88.24533800061026,88.30888936230187,88.37195860014876,88.43368403576058,88.4915875404336,88.53856519447972,88.55422441249462
1424400.0,88.05394995211066,88.11779774946432,88.1816060236156,88.24533795168857,88.30888945432224,88.3719584499793,88.43368424586102,88.49158730793704,88.53856532575487,88.55422466502702
1425600.0,88.05394995211066,88.11779778257697,88.18160591909883,88.24533818667494,88.30888901231988,88.37195917128817,88.43368323668625,88.49158842468684,88.53856469520122,88.55422345203884
1426800.0,88.05394995211066,88.11779779786939,88.18160587082963,88.24533829519912,88.30888880818918,88.37195950441141,88.43368277061751,88.49158894043697,88.53856440399184,88.55422289184293
1428000.0,88.05394995211066,88.1177977467969,88.18160603203492,88.2453379327594,88.30888948992731,88.37195839187531,88.43368432715363,88.49158721797896,88.53856537654792,88.55422476273704
1429200.0,88.05394995211066,88.11779778635663,88.18160590716879,88.24533821349736,88.30888896186757,88.3719592536219,88.4336831214942,88.49158855215785,88.5385646232269,88.55422331358272
1430400.0,88.05394995211066,88.11779770480356,88.18160616458283,88.24533763475007,88.30889005047385,88.37195747711326,88.43368560698647,88.4915858017199,88.53856617621408,88.55422630104492
1431600.0,88.05394995211066,88.11779778365626,88.18160591569199,88.24533819433454,88.30888899791216,88.37195919480031,88.43368320379086,88.49158846108874,88.53856467464739,88.55422341249978
1432800.0,88.05394995211066,88.11779773475024,88.18160607005902,88.24533784726935,88.30888965073152,88.37195812945684,88.43368469430023,88.49158681169578,88.53856560594873,88.55422520403258
1434000.0,88.05394995211066,88.11779776146209,88.18160598574595,88.24533803683144,88.30888929417091,88.37195871133233,88.43368388020494,88.49158771257093,88.53856509728513,88.55422422552272
1435200.0,88.05394995211066,88.1177977519123,88.18160601588843,88.24533796906186,88.30888942164351,88.37195850330835,88.4336841712491,88.49158739050235,88.53856527913557,88.55422457534613
1436400.0,88.05394995211066,88.1177977848718,88.18160591185521,88.2453382029608,88.3088889816866,88.371959221279,88.43368316674476,88.49158850208387,88.53856465150032,88.55422336797197
1437600.0,88.05394995211066,88.11779777835929,88.18160593241134,88.2453381567442,88.30888906861863,88.3719590794136,88.433683365227,88.49158828244398,88.53856477551615,88.55422360653971
1438800.0,88.05394995211066,88.11779776368788,88.18160597872044,88.24533805262699,88.30888926445981,88.3719587598182,88.43368381236905,88.49158778763795,88.53856505489982,88.55422414398663
1440000.0,88.05394995211066,88.11779783068938,88.18160576723668,88.24533852810838,88.30888837009348,88.37196021934511,88.43368177036199,88.49159004731665,88.5385637790112,88.55422168957563
1441200.0,88.05394995211066,88.1177977317356,88.18160607957437,88.24533782587581,88.30888969097249,88.37195806378713,88.43368478617815,88.49158671002382,88.53856566335614,88.55422531446648
1442400.0,88.05394995211066,88.11779779387169,88.18160588344807,88.24533826682905,88.30888886155203,88.37195941732817,88.43368289245471,88.4915888056123,88.53856448011832,88.55422303828655
1443600.0,88.05394995211066,88.11779774459544,88.18160603898362,88.24533791713648,88.30888951931364,88.37195834391925,88.4336843942486,88.49158714373186,88.53856541847031,88.55422484338266
1444800.0,88.05394995211066,88.11779777168856,88.18160595346684,88.24533810940488,88.3088891576624,88.37195893410212,88.43368356853053,88.49158805746902,88.53856490254438,88.55422385090233
1446000.0,88.05394995211066,88.11779775663412,88.18160600098469,88.2453380025701,88.30888935861539,88.3719586061647,88.433684027344,88.49158754974735,88.53856518922062,88.55422440237788
1447200.0,88.05394995211066,88.11779770267613,88.18160617129745,88.245337619654,88.30889007886906,88.3719574307747,88.4336856718183,88.49158572997722,88.53856621672247,88.55422637897038
1448400.0,88.05394995211066,88.11779776834328,88.18160596402599,88.24533808566461,88.30888920231715,88.37195886122952,88.4336836704858,88.49158794464557,88.53856496624817,88.55422397344852
1449600.0,88.05394995211066,88.11779774762982,88.18160602940591,88.24533793867029,88.30888947880915,88.37195841001906,88.43368430176893,88.49158724606961,88.53856536068712,88.55422473222575
1450800.0,88.05394995211066,88.1177977753869,88.18160594179335,88.24533813565064,88.3088891082949,88.37195901466552,88.43368345581527,88.49158818219922,88.53856483211767,88.55422371542333
1452000.0,88.05394995211066,88.11779774950166,88.18160602349772,88.24533795195363,88.30888945382345,88.37195845079363,88.43368424472179,88.49158730919771,88.53856532504278,88.5542246636573
1453200.0,88.05394995211066,88.11779779878908,88.18160586792675,88.24533830172568,88.3088887959128,88.37195952444532,88.43368274258847,88.49158897145377,88.53856438647878,88.55422285815327
1454400.0,88.05394995211066,88.11779776153345,88.18160598552045,88.24533803733836,88.30888929321732,88.37195871288854,88.43368387802782,88.49158771498016,88.53856509592472,88.55422422290573
1455600.0,88.05394995211066,88.11779776709497,88.18160596796625,88.24533807680552,88.30888921898092,88.37195883403571,88.43368370853219,88.49158790254357,88.53856499002039,88.55422401917883
1456800.0,88.05394995211066,88.11779776705652,88.1816059680874,88.24533807653329,88.30888921949285,88.37195883320031,88.4336837097012,88.49158790124996,88.53856499075079,88.55422402058387
1458000.0,88.05394995211066,88.1177977105688,88.18160614638566,88.24533767566298,88.30888997351762,88.371957602699,88.43368543128068,88.49158599615583,88.53856606642925,88.55422608985319
1459200.0,88.05394995211066,88.1177977771655,88.1816059361795,88.24533814827217,88.30888908455422,88.37195905340822,88.4336834016107,88.49158824218196,88.53856479824944,88.55422365027138
1460400.0,88.05394995211066,88.11779773502039,88.18160606920621,88.2453378491868,88.30888964712504,88.37195813534238,88.4336846860657,88.49158682080797,88.53856560080371,88.55422519413507
1461600.0,88.05394995211066,88.11779778131266,88.1816059230893,88.24533817770292,88.30888902919592,88.3719591437481,88.43368327521736,88.49158838204826,88.53856471927621,88.55422349835169
1462800.0,88.05394995211066,88.11779774279856,88.18160604465551,88.24533790438412,88.30888954330045,88.37195830477509,88.43368444901456,88.49158708312805,88.5385654526891,88.5542249092089
1464000.0,88.05394995211066,88.11779781635452,88.1816058124831,88.24533842638051,88.30888856144088,88.37195990708264,88.43368220724487,88.49158956386331,88.53856405198496,88.55422221469168
1465200.0,88.05394995211066,88.11779775825906,88.18160599585589,88.24533801410088,88.30888933692627,88.37195864155939,88.43368397782362,88.49158760454652,88.53856515827923,88.5542243428563
1466400.0,88.05394995211066,88.11779778176066,88.18160592167516,88.24533818088261,88.30888902321495,88.37195915350834,88.43368326156188,88.49158839715939,88.53856471074404,88.5542234819384
1467600.0,88.05394995211066,88.11779781189816,88.18160582654927,88.24533839475528,88.30888862092662,88.37195981000721,88.43368234306203,88.49158941356848,88.5385641368462,88.55422237793829
1468800.0,88.05394995211066,88.11779774484269,88.18160603820354,88.24533791889027,88.3088895160146,88.37195834930299,88.43368438671624,88.49158715206713,88.53856541376385,88.55422483432895
1470000.0,88.05394995211066,88.1177977861675,88.18160590776549,88.24533821215581,88.30888896439087,88.37195924950413,88.43368312725514,88.49158854578296,88.53856462682629,88.55422332050688
1471200.0,88.05394995211066,88.1177977051251,88.18160616356796,88.24533763703215,88.30889004618152,88.37195748411726,88.43368559718739,88.49158581256332,88.53856617009164,88.55422628926723
1472400.0,88.05394995211066,88.11779777784372,88.18160593403915,88.24533815308432,88.30888907550266,88.37195906817941,88.43368338094464,88.49158826505085,88.53856478533683,88.55422362543166
1473600.0,88.05394995211066,88.11779774014576,88.18160605302837,88.24533788555975,88.3088895787083,88.37195824699272,88.43368452985722,88.49158699366774,88.53856550320127,88.55422500637862
1474800.0,88.05394995211066,88.11779773428964,88.18160607151285,88.24533784400067,88.30888965687964,88.37195811942408,88.43368470833673,88.49158679616305,88.5385656147191,88.55422522090394
1476000.0,88.05394995211066,88.11779775615284,88.18160600250391,88.24533799915419,88.30888936504071,88.37195859567902,88.43368404201435,88.49158753351325,88.53856519838695,88.55422442001104
1477200.0,88.05394995211066,88.11779776843493,88.18160596373671,88.24533808631509,88.30888920109352,88.37195886322637,88.433683667692,88.49158794773716,88.53856496450264,88.55422397009062
1478400.0,88.05394995211066,88.11779781493912,88.18160581695096,88.24533841633523,88.30888858033539,88.37195987624865,88.43368225038435,88.49158951612547,88.5385640789392,88.55422226654328
1479600.0,88.05394995211066,88.1177977346775,88.18160607028874,88.24533784675262,88.30888965170344,88.3719581278709,88.43368469651917,88.49158680924032,88.53856560733512,88.55422520669951
1480800.0,88.05394995211066,88.11779779312931,88.18160588579123,88.2453382615608,88.30888887146176,88.37195940115598,88.43368291508106,88.49158878057405,88.53856449425564,88.55422306548233
1482000.0,88.05394995211066,88.11779771945884,88.18160611832509,88.24533773875203,88.30888985484923,88.37195779635535,88.43368516033824,88.49158629597964,88.53856589713882,88.55422576419137
1483200.0,88.05394995211066,88.11779778091585,88.18160592434192,88.24533817488675,88.30888903449299,88.37195913510351,88.4336832873118,88.4915883686648,88.53856472683302,88.55422351288854
1484400.0,88.05394995211066,88.11779774510688,88.18160603736915,88.24533792076639,88.30888951248575,88.37195835506185,88.43368437865895,88.49158716098347,88.53856540872931,88.55422482464408
1485600.0,88.05394995211066,88.11779774038088,88.18160605228653,88.24533788722732,88.30888957557185,88.371958252111,88.43368452269613,88.49158700159226,88.53856549872695,88.55422499777129
1486800.0,88.05394995211066,88.11779776186987,88.18160598445871,88.24533803972555,88.30888928872717,88.37195872021601,88.43368386777607,88.49158772632477,88.53856508951917,88.55422421058341
1488000.0,88.05394995211066,88.11779776315772,88.18160598039358,88.24533804886539,88.30888927153543,88.3719587482715,88.433683828524,88.49158776976098,88.53856506499362,88.55422416340396
1489200.0,88.05394995211066,88.11779778462719,88.18160591262722,88.24533820122515,88.30888898495124,88.37195921595128,88.43368317419886,88.49158849383512,88.53856465615779,88.55422337693145
1490400.0,88.05394995211066,88.11779775276075,88.18160601321074,88.24533797508192,88.30888941031986,88.37195852178752,88.43368414539486,88.4915874191128,88.5385652629812,88.55422454427011
1491600.0,88.05394995211066,88.11779783357444,88.18160575813054,88.24533854858166,88.30888833158397,88.37196028218874,88.43368168243852,88.4915901446123,88.53856372407498,88.55422158389536
1492800.0,88.05394995211066,88.11779773717497,88.18160606240546,88.24533786447671,88.3088896183651,88.37195818227612,88.43368462040135,88.49158689347209,88.53856555977501,88.55422511520875
1494000.0,88.05394995211066,88.11779779253872,88.18160588765554,88.24533825736928,88.30888887934577,88.37195938829011,88.43368293308141,88.49158876065496,88.5385645055025,88.55422308711776
1495200.0,88.05394995211066,88.11779777472309,88.18160594388875,88.2453381309394,88.3088891171567,88.37195900020386,88.43368347604836,88.4915881598094,88.53856484475958,88.55422373974237
1496400.0,88.05394995211066,88.11779776249709,88.18160598247881,88.24533804417675,88.30888928035479,88.37195873387901,88.43368384866024,88.49158774747822,88.53856507757529,88.55422418760708
1497600.0,88.05394995211066,88.11779776927318,88.18160596109084,88.24533809226374,88.30888918990435,88.37195888148605,88.43368364214506,88.49158797600731,88.53856494854024,88.55422393938396
1498800.0,88.05394995211066,88.11779768700995,88.18160622074619,88.24533750847787,88.30889028798781,88.3719570895116,88.43368614927503,88.49158520162544,88.53856651504687,88.55422695285343
1500000.0,88.05394995211066,88.11779777430154,88.18160594521926,88.24533812794797,88.30888912278338,88.37195899102153,88.4336834888953,88.49158814559293,88.53856485278669,88.55422375518405
1501200.0,88.05394995211066,88.11779773683972,88.18160606346376,88.24533786209739,88.30888962284064,88.3719581749724,88.43368463061982,88.49158688216448,88.53856556615968,88.55422512749084
1502400.0,88.05394995211066,88.11779781743003,88.18160580908874,88.2453384340118,88.30888854708637,88.3719599305081,88.43368217447063,88.49158960013118,88.53856403150684,88.5542221752981
1503600.0,88.05394995211066,88.11779774327493,88.18160604315183,88.24533790776489,88.30888953694128,88.3719583151526,88.4336844344955,88.49158709919483,88.53856544361726,88.55422489175751
1504800.0,88.05394995211066,88.11779778885673,88.18160589927737,88.24533823123977,88.30888892849455,88.37195930808369,88.43368304529722,88.49158863647732,88.5385645756174,88.5542232219968
1506000.0,88.05394995211066,88.11779778093762,88.18160592427316,88.24533817504134,88.30888903420215,88.37195913557827,88.4336832866476,88.49158836939968,88.53856472641802,88.55422351209022
1507200.0,88.05394995211066,88.11779775676246,88.18160600057952,88.24533800348075,88.30888935690261,88.37195860895972,88.4336840234334,88.49158755407473,88.53856518677722,88.55422439767744
1508400.0,88.05394995211066,88.11779777942958,88.18160592903317,88.24533816433943,88.30888905433221,88.37195910272776,88.4336833326083,88.49158831853964,88.5385647551353,88.55422356733325
1509600.0,88.05394995211066,88.11779769919403,88.18160618228875,88.24533759494166,88.3088901253524,88.37195735491768,88.43368577794907,88.4915856125332,88.53856628303502,88.55422650653506
1510800.0,88.05394995211066,88.11779778098256,88.18160592413143,88.24533817535988,88.30888903360298,88.3719591365561,88.43368328527956,88.49158837091358,88.53856472556332,88.554223510446
1512000.0,88.05394995211066,88.11779773258982,88.18160607687781,88.24533783193858,88.30888967956811,88.3719580823984,88.43368476013914,88.49158673883855,88.5385656470863,88.55422528316831
1513200.0,88.05394995211066,88.11779776888467,88.18160596231726,88.24533808950626,88.30888919509084,88.37195887302231,88.43368365398649,88.49158796290358,88.53856495593918,88.55422395361713
1514400.0,88.05394995211066,88.11779774700129,88.18160603138995,88.2453379342093,88.30888948720005,88.37195839632574,88.43368432092721,88.49158722486906,88.53856537265747,88.55422475525305
1515600.0,88.05394995211066,88.11779780074517,88.18160586175252,88.24533831560764,88.3088887698011,88.37195956705719,88.43368268297053,88.49158903742668,88.53856434922827,88.55422278649485
1516800.0,88.05394995211066,88.11779777093713,88.1816059558388,88.24533810407189,88.3088891676935,88.37195891773227,88.43368359143331,88.49158803212475,88.53856491685454,88.55422387843049
1518000.0,88.05394995211066,88.11779777229236,88.18160595156128,88.24533811368902,88.30888914960384,88.37195894725303,88.43368355013126,88.49158807782946,88.53856489104817,88.5542238287871
1519200.0,88.05394995211066,88.11779782854018,88.18160577402048,88.24533851285626,88.30888839878216,88.37196017252774,88.43368183586358,88.49158997483283,88.53856381993799,88.55422176830574
1520400.0,88.05394995211066,88.1177977354569,88.18160606782834,88.24533785228466,88.30888964129794,88.37195814485179,88.43368467276136,88.49158683553047,88.53856559249074,88.5542251781435
1521600.0,88.05394995211066,88.1177977913788,88.1816058913166,88.24533824913799,88.3088888948287,88.37195936302344,88.43368296843171,88.49158872153633,88.53856452759008,88.55422312960737
1522800.0,88.05394995211066,88.11779772887111,88.18160608861608,88.24533780554707,88.30888972921002,88.37195800138706,88.43368487348101,88.49158661341478,88.53856571790458,88.55422541940051
1524000.0,88.05394995211066,88.11779777436867,88.18160594500756,88.24533812842384,88.30888912188827,88.37195899248229,88.43368348685155,88.49158814785456,88.53856485150968,88.55422375272748
1525200.0,88.05394995211066,88.11779774960668,88.18160602316605,88.24533795269929,88.30888945242091,88.37195845308246,88.4336842415194,88.4915873127414,88.53856532304188,88.55422465980811
1526400.0,88.05394995211066,88.11779777212654,88.18160595208477,88.24533811251206,88.30888915181785,88.37195894363995,88.43368355518619,88.49158807223564,88.53856489420657,88.55422383486295
1527600.0,88.05394995211066,88.11779778041858,88.18160592591138,88.2453381713581,88.30888904113027,88.37195912427218,88.43368330246587,88.49158835189522,88.53856473630164,88.55422353110319
1528800.0,88.05394995211066,88.1177977598149,88.1816059909447,88.245338025143,88.30888931615658,88.37195867545357,88.43368393040268,88.49158765702231,88.53856512864961,88.5542242858581
1530000.0,88.05394995211066,88.11779782166757,88.18160579571307,88.24533846408448,88.30888849052063,88.37196002281834,88.4336820453207,88.491589743048,88.5385639508113,88.55422202006508
1531200.0,88.05394995211066,88.11779773005523,88.18160608487847,88.24533781395039,88.30888971340325,88.37195802718257,88.43368483739093,88.49158665335194,88.53856569535482,88.5542253760218
1532400.0,88.05394995211066,88.11779779606263,88.18160587653253,88.24533828237725,88.30888883230648,88.37195946505396,88.43368282568214,88.49158887950266,88.53856443839722,88.55422295802805
1533600.0,88.05394995211066,88.11779773962103,88.18160605468495,88.24533788183486,88.30888958571471,88.37195823555884,88.43368454585433,88.49158697596532,88.53856551319667,88.55422502560646
1534800.0,88.05394995211066,88.11779777463856,88.1816059441556,88.24533813033939,88.30888911828522,88.37195899836213,88.43368347862507,88.49158815695807,88.53856484636961,88.5542237428395
1536000.0,88.05394995211066,88.1177977561764,88.18160600242938,88.24533799932196,88.30888936472502,88.37195859619422,88.43368404129345,88.49158753431095,88.53856519793649,88.55422441914438
1537200.0,88.05394995211066,88.11779771944985,88.18160611835302,88.24533773868936,88.30888985496712,88.37195779616285,88.43368516060774,88.49158629568124,88.5385658973073,88.55422576451534
1538400.0,88.05394995211066,88.117797769545,88.18160596023274,88.24533809419295,88.30888918627562,88.37195888740784,88.4336836338599,88.49158798517556,88.53856494336357,88.55422392942553
1539600.0,88.05394995211066,88.11779774701681,88.18160603134065,88.24533793432029,88.30888948699123,88.37195839666671,88.43368432045,88.49158722539728,88.53856537235905,88.55422475467896
1540800.0,88.05394995211066,88.11779778312473,88.18160591736996,88.24533819056201,88.30888900500803,88.3719591832204,88.43368321999213,88.49158844316035,88.53856468477025,88.5542234319729
1542000.0,88.05394995211066,88.11779774663766,88.18160603253766,88.24533793162915,88.3088894920532,88.37195838840574,88.43368433200783,88.49158721260741,88.53856537958066,88.55422476857109
1543200.0,88.05394995211066,88.11779782970282,88.18160577035043,88.24533852110766,88.30888838326184,88.37196019785497,88.43368180042887,88.49159001404449,88.5385637977978,88.55422172571492
1544400.0,88.05394995211066,88.11779774823752,88.18160602748765,88.24533794298297,88.30888947069715,88.37195842325701,88.43368428324789,88.49158726656493,88.53856534911462,88.55422470996383
1545600.0,88.05394995211066,88.11779778792172,88.1816059022284,88.24533822460485,88.30888894097454,88.37195928771762,88.43368307379119,88.49158860494599,88.53856459342079,88.55422325624505
1546800.0,88.05394995211066,88.11779780044438,88.18160586270207,88.2453383134724,88.3088887738173,88.37195956050338,88.43368269213961,88.4915890272804,88.53856435495703,88.55422279751524
1548000.0,88.05394995211066,88.11779775278707,88.18160601312756,88.24533797526898,88.308889409968,88.37195852236154,88.43368414459191,88.4915874200011,88.5385652624796,88.55422454330511
1549200.0,88.05394995211066,88.11779777881455,88.1816059309745,88.24533815997454,88.30888906254226,88.3719590893297,88.43368335135327,88.49158829779648,88.53856476684751,88.55422358986391
1550400.0,88.05394995211066,88.11779769156448,88.18160620637055,88.2453375407984,88.30889022719401,88.37195718872127,88.43368601047216,88.49158535522398,88.53856642832015,88.55422678601828
1551600.0,88.05394995211066,88.11779777640906,88.1816059385671,88.24533814290423,88.30888909465108,88.37195903693096,88.43368342466376,88.49158821667137,88.53856481265349,88.55422367798027
1552800.0,88.05394995211066,88.1177977371043,88.1816060626287,88.24533786397487,88.308889619309,88.37195818073573,88.43368462255678,88.49158689108654,88.53856556112193,88.55422511779979
1554000.0,88.05394995211066,88.11779780548719,88.18160584678482,88.2453383492594,88.30888870650311,88.37195967035414,88.43368253844892,88.49158919735395,88.53856425892795,88.55422261278534
1555200.0,88.05394995211066,88.11779775793903,88.18160599686598,88.24533801182993,88.30888934119791,88.37195863458848,88.43368398757657,88.49158759375395,88.538565164373,88.55422435457874
1556400.0,88.05394995211066,88.117797780147,88.18160592676868,88.24533816943054,88.30888904475592,88.37195911835562,88.43368331074365,88.49158834273499,88.53856474147396,88.55422354105299
1557600.0,88.05394995211066,88.11779780209089,88.18160585750498,88.24533832515706,88.30888875183895,88.37195959636992,88.4336826419594,88.49158908280971,88.53856432360347,88.55422273720075
1558800.0,88.05394995211066,88.11779774479444,88.1816060383554,88.24533791854888,88.30888951665672,88.37195834825529,88.433684388182,88.49158715044514,88.53856541467977,88.55422483609073
1560000.0,88.05394995211066,88.11779778854716,88.18160590025428,88.24533822904337,88.3088889326259,88.3719593013417,88.4336830547299,88.49158862603915,88.53856458151107,88.55422323333437
1561200.0,88.05394995211066,88.11779770588431,88.18160616117164,88.24533764241939,88.3088900360482,88.37195750065418,88.43368557405078,88.49158583816646,88.53856615563511,88.55422626145737
1562400.0,88.05394995211066,88.1177977813727,88.1816059229001,88.24533817812842,88.30888902839536,88.37195914505442,88.43368327338955,88.49158838407092,88.53856471813417,88.55422349615463
1563600.0,88.05394995211066,88.11779773782386,88.18160606035711,88.24533786908253,88.30888960970137,88.37195819641444,88.43368460062082,88.49158691536098,88.53856554741587,88.55422509143357
1564800.0,88.05394995211066,88.11779775030459,88.18160602096309,88.24533795765247,88.3088894431041,88.37195846828655,88.43368422024744,88.49158733628106,88.53856530975064,88.55422463423983
1566000.0,88.05394995211066,88.11779775472854,88.18160600699954,88.24533798904682,88.30888938405239,88.3719585646537,88.43368408542145,88.491587485479,88.53856522550849,88.55422447218437
1567200.0,88.05394995211066,88.11779778054239,88.1816059255207,88.2453381722365,88.30888903947799,88.37195912696865,88.43368329869335,88.49158835606973,88.53856473394463,88.55422352656896
1568400.0,88.05394995211066,88.11779777995444,88.18160592737635,88.24533816806441,88.30888904732565,88.3719591141617,88.43368331661128,88.49158833624196,88.53856474514001,88.5542235481054
1569600.0,88.05394995211066,88.11779776185321,88.18160598451118,88.24533803960742,88.30888928894939,88.37195871985342,88.4336838682833,88.49158772576347,88.5385650898361,88.554224211193
1570800.0,88.05394995211066,88.11779783749112,88.18160574576771,88.24533857637728,88.30888827930148,88.37196036750905,88.43368156306789,88.49159027670753,88.53856364948955,88.55422144041624
1572000.0,88.05394995211066,88.1177977332598,88.18160607476334,88.24533783669253,88.30888967062636,88.37195809699051,88.43368473972345,88.4915867614303,88.5385656343301,88.55422525862939
1573200.0,88.05394995211066,88.1177977929905,88.18160588622948,88.2453382605753,88.30888887331531,88.37195939813137,88.43368291931279,88.49158877589106,88.53856449689958,88.55422307056848
1574400.0,88.05394995211066,88.11779775870092,88.18160599446108,88.24533801723682,88.30888933102784,88.371958651185,88.43368396435655,88.49158761944913,88.53856514986462,88.55422432666923
1575600.0,88.05394995211066,88.11779776759384,88.1816059663915,88.24533808034617,88.30888921232092,88.37195884490424,88.43368369332624,88.49158791937029,88.53856498051951,88.55422400090197
1576800.0,88.05394995211066,88.11779776119151,88.18160598659978,88.24533803491167,88.30888929778187,88.37195870543955,88.43368388844964,88.49158770344744,88.53856510243648,88.55422423543223
1578000.0,88.05394995211066,88.11779775011914,88.18160602154853,88.2453379563361,88.30888944558019,88.37195846424586,88.43368422590082,88.49158733002508,88.5385653132829,88.55422464103486
1579200.0,88.05394995211066,88.11779778813215,88.18160590156423,88.24533822609807,88.30888893816599,88.37195929230079,88.43368306737915,88.49158861204144,88.53856458941458,88.55422324853834
1580400.0,88.05394995211066,88.11779774844291,88.18160602683962,88.24533794443991,88.30888946795665,88.3719584277294,88.43368427699063,88.49158727348927,88.53856534520504,88.55422470244302
1581600.0,88.05394995211066,88.11779782513773,88.18160578475998,88.2453384887106,88.30888844419947,88.37196009841067,88.43368193955976,88.49158986008328,88.53856388472926,88.55422189294397
1582800.0,88.05394995211066,88.11779773511662,88.18160606890267,88.24533784986897,88.3088896458419,88.37195813743641,88.43368468313622,88.4915868240495,88.5385655989733,88.55422519061393
1584000.0,88.05394995211066,88.1177977938586,88.18160588348965,88.2453382667353,88.30888886172838,88.37195941704032,88.43368289285716,88.49158880516707,88.53856448036942,88.55422303876965
1585200.0,88.05394995211066,88.11779776650931,88.18160596981463,88.24533807264996,88.30888922679739,88.37195882127988,88.43368372637877,88.49158788279448,88.53856500117128,88.55422404062958
1586400.0,88.05394995211066,88.11779776466729,88.18160597562864,88.24533805957812,88.30888925138515,88.37195878115487,88.43368378251719,88.4915878206719,88.53856503624775,88.5542241081058
1587600.0,88.05394995211066,88.1177977696942,88.18160595976187,88.2453380952517,88.30888918428406,88.37195889065778,88.43368362931295,88.49158799020732,88.5385649405225,88.55422392396036
1588800.0,88.05394995211066,88.11779769946625,88.18160618142943,88.24533759687397,88.30889012171757,88.37195736084952,88.43368576964954,88.49158562171758,88.5385662778493,88.55422649655935
1590000.0,88.05394995211066,88.11779777656687,88.18160593806887,88.24533814402427,88.3088890925444,88.3719590403689,88.43368341985393,88.49158822199395,88.53856480964822,88.55422367219911
1591200.0,88.05394995211066,88.1177977350743,88.18160606903614,88.24533784956905,88.30888964640576,88.3719581365163,88.43368468442354,88.49158682262514,88.53856559977766,88.5542251921613
1592400.0,88.05394995211066,88.11779777425835,88.18160594535557,88.24533812764166,88.30888912335959,88.37195899008127,88.43368349021078,88.49158814413728,88.53856485360866,88.5542237567653
1593600.0,88.05394995211066,88.11779774506016,88.18160603751701,88.24533792043387,88.30888951311145,88.37195835404063,88.43368438008763,88.49158715940253,88.53856540962218,88.55422482636159
1594800.0,88.05394995211066,88.11779781586837,88.1816058140179,88.24533842292955,88.30888856793189,88.37195989649021,88.43368222206462,88.491589547464,88.53856406124434,88.554222232504
1596000.0,88.05394995211066,88.11779776265146,88.1816059819915,88.24533804527267,88.30888927829324,88.37195873724332,88.43368384395347,88.49158775268685,88.53856507463446,88.55422418194989
1597200.0,88.05394995211066,88.11779777959948,88.18160592849682,88.24533816554533,88.30888905206392,88.37195910642946,88.43368332742953,88.4915883242705,88.53856475189963,88.55422356110891
1598400.0,88.05394995211066,88.11779782335866,88.18160579037557,88.2453384760848,88.30888846794853,88.37196005965399,88.43368199378433,88.49158980007806,88.53856391861045,88.55422195812083
1599600.0,88.05394995211066,88.11779774168545,88.18160604816875,88.2453378964853,88.3088895581579,88.37195828052917,88.43368448293666,88.49158704559012,88.53856547388435,88.55422494998196
1600800.0,88.05394995211066,88.11779778718306,88.18160590456004,88.24533821936275,88.3088889508349,88.37195927162638,88.43368309630429,88.49158858003308,88.5385646074877,88.55422328330542
1602000.0,88.05394995211066,88.11779772673685,88.18160609535275,88.24533779040067,88.30888975769999,88.37195795489394,88.43368493852938,88.49158654143218,88.53856575854861,88.55422549758698
1603200.0,88.05394995211066,88.11779777594475,88.18160594003253,88.24533813960933,88.30888910084882,88.37195902681687,88.43368343881447,88.4915882010124,88.53856482149516,88.55422369498899
1604400.0,88.05394995211066,88.1177977457314,88.18160603539803,88.24533792519796,88.30888950415029,88.3719583686645,88.43368435962765,88.49158718204339,88.5385653968384,88.55422480176964
1605600.0,88.05394995211066,88.1177977960937,88.18160587643439,88.24533828259777,88.30888883189185,88.37195946573081,88.43368282473509,88.49158888055086,88.5385644378055,88.55422295688997
1606800.0,88.05394995211066,88.11779777102134,88.18160595557296,88.24533810466964,88.3088891665692,88.3719589195669,88.43368358886661,88.49158803496516,88.53856491525094,88.55422387534578
1608000.0,88.05394995211066,88.11779776971945,88.18160595968227,88.24533809543064,88.30888918394749,88.37195889120734,88.43368362854413,88.49158799105808,88.53856494004226,88.55422392303656
1609200.0,88.05394995211066,88.11779781876325,88.18160580488039,88.24533844347353,88.3088885292891,88.37195995955192,88.43368213383545,88.49158964509827,88.53856400611693,88.55422212645604
1610400.0,88.05394995211066,88.11779773464818,88.18160607038088,88.2453378465459,88.30888965209215,88.37195812723657,88.43368469740675,88.49158680825802,88.53856560788984,88.55422520776672
1611600.0,88.05394995211066,88.11779779345058,88.18160588477734,88.2453382638403,88.3088888671741,88.37195940815317,88.43368290529139,88.49158879140721,88.53856448813899,88.55422305371589
1612800.0,88.05394995211066,88.11779772384284,88.18160610448713,88.24533776986408,88.30888979632853,88.37195789185571,88.43368502672502,88.49158644383563,88.5385658136546,88.55422560359386
1614000.0,88.05394995211066,88.11779777792555,88.18160593378046,88.24533815366601,88.30888907440837,88.37195906996534,88.433683378446,88.4915882678157,88.53856478377588,88.55422362242892
1615200.0,88.05394995211066,88.11779774762323,88.18160602942669,88.24533793862348,88.30888947889721,88.37195840987533,88.43368430196996,88.49158724584723,88.5385653608127,88.5542247324674
1616400.0,88.05394995211066,88.11779772824828,88.18160609058178,88.24533780112762,88.30888973752276,88.37195798782142,88.43368489246075,88.49158659241199,88.53856572976353,88.55422544221366
1617600.0,88.05394995211066,88.11779776311606,88.1816059805251,88.24533804856948,88.30888927209193,88.37195874736315,88.43368382979489,88.49158776835468,88.53856506578794,88.55422416493198
1618800.0,88.05394995211066,88.11779776049973,88.18160598878347,88.24533803000202,88.30888930701678,88.37195869036893,88.43368390953476,88.49158768011478,88.53856511561104,88.55422426077608
1620000.0,88.05394995211066,88.11779778243015,88.18160591956197,88.24533818563357,88.30888901427845,88.37195916809202,88.43368324115804,88.49158841973835,88.53856469799541,88.55422345741408
1621200.0,88.05394995211066,88.11779775297856,88.1816060125231,88.24533797662782,88.30888940741202,88.37195852653275,88.433684138756,88.49158742645929,88.53856525883327,88.55422453629096
1622400.0,88.05394995211066,88.11779783795775,88.18160574429493,88.24533857968848,88.30888827307305,88.37196037767323,88.43368154884719,88.49159029244426,88.53856364060432,88.55422142332405
1623600.0,88.05394995211066,88.11779774126964,88.18160604948115,88.2453378935346,88.30888956370806,88.3719582714717,88.43368449560876,88.49158703156706,88.53856548180242,88.55422496521392
1624800.0,88.05394995211066,88.11779779078101,88.18160589320347,88.24533824489566,88.30888890280816,88.37195935000163,88.43368298665034,88.49158870137585,88.5385645389737,88.55422315150601
1626000.0,88.05394995211066,88.11779776099401,88.18160598722316,88.24533803351007,88.30888930041823,88.3719587011372,88.43368389446903,88.49158769678645,88.53856510619762,88.55422424266771
1627200.0,88.05394995211066,88.11779772830765,88.18160609039452,88.24533780154864,88.30888973673062,88.3719579891142,88.43368489065202,88.49158659441339,88.53856572863367,88.55422544004016
1628400.0,88.05394995211066,88.11779777212908,88.18160595207644,88.24533811253097,88.30888915178225,88.37195894369786,88.43368355510528,88.49158807232531,88.53856489415617,88.55422383476622
1629600.0,88.05394995211066,88.11779774533973,88.1816060366342,88.24533792241881,88.30888950937742,88.37195836013453,88.43368437156194,88.49158716883686,88.53856540429523,88.55422481611444
1630800.0,88.05394995211066,88.11779778832089,88.18160590096868,88.24533822743692,88.30888893564766,88.3719592964106,88.43368306162914,88.49158861840442,88.5385645858221,88.5542232416277
1632000.0,88.05394995211066,88.11779774193727,88.18160604737389,88.24533789827254,88.30888955479585,88.37195828601573,88.43368447526055,88.49158705408432,88.53856546908841,88.55422494075614
1633200.0,88.05394995211066,88.11779782212858,88.18160579425783,88.24533846735646,88.30888848436602,88.37196003286195,88.43368203126875,88.49158975859794,88.53856394203147,88.55422200317568
1634400.0,88.05394995211066,88.11779774593276,88.18160603476278,88.24533792662602,88.30888950146414,88.37195837304813,88.43368435349446,88.49158718883031,88.5385653930064,88.55422479439815
1635600.0,88.05394995211066,88.11779778840233,88.18160590071139,88.24533822801584,88.30888893455878,88.37195929818758,88.43368305914257,88.49158862115627,88.53856458426823,88.55422323863854
1636800.0,88.05394995211066,88.11779778943271,88.18160589745926,88.24533823532744,88.30888892080574,88.37195932063133,88.43368302774188,88.49158865590414,88.53856456464847,88.55422320089619
1638000.0,88.05394995211066,88.11779775448746,88.18160600776037,88.24533798733621,88.30888938726996,88.37195855940286,88.43368409276808,88.49158747734924,88.53856523009925,88.5542244810156
1639200.0,88.05394995211066,88.11779777964239,88.18160592836152,88.24533816584953,88.30888905149169,88.37195910736338,88.43368332612275,88.49158832571668,88.53856475108314,88.55422355953837
1640400.0,88.05394995211066,88.11779769527698,88.18160619465253,88.24533756714419,88.30889017763877,88.37195726959095,88.43368589732891,88.49158548042776,88.53856635762635,88.5542266500256
1641600.0,88.05394995211066,88.11779777922158,88.18160592968957,88.2453381628637,88.30888905710793,88.37195909819813,88.43368333894573,88.49158831152684,88.53856475909517,88.55422357495101
1642800.0,88.05394995211066,88.11779773438572,88.18160607120952,88.24533784468252,88.30888965559747,88.37195812151599,88.43368470541034,88.49158679940116,88.53856561289079,88.55422521738707
1644000.0,88.05394995211066,88.117797758902,88.18160599382628,88.24533801866416,88.30888932834307,88.37195865556622,88.43368395822668,88.49158762623239,88.53856514603488,88.55422431930208
1645200.0,88.05394995211066,88.11779774941395,88.1816060237743,88.2453379513319,88.30888945499278,88.37195844888528,88.4336842473918,88.49158730624322,88.5385653267111,88.5542246668668
1646400.0,88.05394995211066,88.11779779935742,88.18160586613271,88.24533830575919,88.30888878832586,88.37195953682661,88.4336827252657,88.4915889906232,88.53856437565511,88.55422283733218
1647600.0,88.05394995211066,88.1177977731814,88.181605948755,88.24533811999862,88.30888913773592,88.37195896662026,88.43368352303476,88.4915881078145,88.53856487411781,88.55422379621862
1648800.0,88.05394995211066,88.11779777086177,88.18160595607675,88.24533810353691,88.30888916870005,88.37195891608964,88.4336835937314,88.49158802958175,88.53856491829062,88.55422388119331
1650000.0,88.05394995211066,88.11779783791253,88.18160574443753,88.24533857936798,88.30888827367598,88.37196037668927,88.4336815502238,88.49159029092083,88.53856364146456,88.55422142497888
1651200.0,88.05394995211066,88.11779773406688,88.18160607221574,88.24533784242024,88.3088896598526,88.37195811457221,88.43368471512524,88.49158678865095,88.53856561896065,88.55422522906362
1652400.0,88.05394995211066,88.11779779104643,88.18160589236572,88.24533824677921,88.30888889926527,88.37195935578337,88.43368297856112,88.49158871032725,88.53856453391946,88.55422314178324
1653600.0,88.05394995211066,88.11779773599196,88.18160606613961,88.24533785608135,88.30888963415643,88.37195815650598,88.43368465645605,88.49158685357408,88.5385655823029,88.55422515854555
1654800.0,88.05394995211066,88.11779775908843,88.18160599323782,88.24533801998729,88.30888932585421,88.37195865962799,88.43368395254402,88.49158763252086,88.5385651424842,88.55422431247176
1656000.0,88.05394995211066,88.117797754858,88.18160600659101,88.24533798996505,88.30888938232506,88.37195856747257,88.43368408147761,88.49158748984334,88.53856522304457,88.55422446744473
1657200.0,88.05394995211066,88.1177977777995,88.18160593417868,88.24533815277054,88.30888907609275,88.37195906721658,88.4336833822915,88.49158826356049,88.53856478617858,88.55422362705099
1658400.0,88.05394995211066,88.11779778165351,88.18160592201359,88.24533818012162,88.3088890246464,88.37195915117236,88.43368326483004,88.49158839354307,88.53856471278604,88.55422348586673
1659600.0,88.05394995211066,88.11779775834634,88.18160599558041,88.24533801472033,88.30888933576136,88.3719586434605,88.4336839751638,88.49158760748983,88.53856515661751,88.55422433965975
1660800.0,88.05394995211066,88.1177978279411,88.18160577591128,88.2453385086053,88.30888840677827,88.37196015947858,88.43368185412074,88.49158995462948,88.53856383134561,88.55422179025066
1662000.0,88.05394995211066,88.11779773112002,88.18160608151747,88.24533782150712,88.30888969918946,88.37195805037787,88.4336848049389,88.49158668926333,88.53856567507817,88.55422533701618
1663200.0,88.05394995211066,88.11779779486349,88.18160588031745,88.2453382738677,88.30888884831265,88.37195943893346,88.43368286222704,88.49158883906222,88.53856446123142,88.55422300195421
1664400.0,88.05394995211066,88.11779774909974,88.1816060247662,88.24533794910164,88.3088894591879,88.37195844203929,88.43368425696993,88.49158729564412,88.53856533269585,88.55422467837947
1665600.0,88.05394995211066,88.11779777095568,88.18160595578043,88.24533810420309,88.3088891674467,88.37195891813495,88.43368359087005,88.49158803274817,88.53856491650272,88.55422387775398
1666800.0,88.05394995211066,88.11779775982447,88.1816059909146,88.24533802521067,88.30888931602921,88.3719586756615,88.43368393011177,88.49158765734433,88.53856512846806,88.55422428550904
1668000.0,88.05394995211066,88.11779770553302,88.18160616228002,88.24533763992784,88.30889004073465,88.3719574930065,88.43368558475028,88.49158582632677,88.53856616232056,88.55422627431817
1669200.0,88.05394995211066,88.1177977708173,88.1816059562169,88.24533810322184,88.30888916929251,88.37195891512275,88.4336835950844,88.49158802808458,88.53856491913605,88.55422388281958
1670400.0,88.05394995211066,88.11779774336229,88.18160604287617,88.24533790838461,88.3088895357755,88.37195831705489,88.43368443183411,88.49158710213995,88.53856544195465,88.55422488855925
1671600.0,88.05394995211066,88.1177977774696,88.18160593521974,88.2453381504297,88.30888908049602,88.37195906003078,88.43368339234515,88.49158825243538,88.53856479246011,88.55422363913472
1672800.0,88.05394995211066,88.11779774702471,88.18160603131597,88.24533793437584,88.30888948688659,88.37195839683757,88.43368432021113,88.49158722566149,88.53856537221026,88.5542247543929
1674000.0,88.05394995211066,88.11779782947404,88.18160577107281,88.24533851948341,88.30888838631721,88.37196019286867,88.43368180740552,88.4915900063242,88.53856380215717,88.55422173410119
1675200.0,88.05394995211066,88.11779775418297,88.18160600872136,88.24533798517557,88.30888939133409,88.37195855277066,88.43368410204685,88.49158746708146,88.53856523589666,88.55422449216803
1676400.0,88.05394995211066,88.11779778514402,88.18160591099617,88.245338204892,88.30888897805384,88.37195922720757,88.43368315845014,88.49158851126262,88.53856464631782,88.55422335800255
1677600.0,88.05394995211066,88.11779777708907,88.18160593642071,88.24533814772985,88.30888908557434,88.37195905174345,88.4336834039399,88.49158823960448,88.53856479970484,88.55422365307128
1678800.0,88.05394995211066,88.11779770834933,88.18160615339113,88.24533765991238,88.30889000314446,88.37195755435026,88.4336854989252,88.49158592130047,88.538566108695,88.55422617115946
1680000.0,88.05394995211066,88.1177977796922,88.18160592820429,88.24533816620303,88.30888905082661,88.3719591084485,88.43368332460453,88.49158832739671,88.53856475013448,88.5542235577134
1681200.0,88.05394995211066,88.11779773367189,88.18160607346282,88.24533783961631,88.30888966512694,88.37195810596492,88.43368472716746,88.49158677532482,88.53856562648511,88.55422524353817
1682400.0,88.05394995211066,88.11779778222532,88.1816059202084,88.24533818418007,88.3088890170126,88.37195916363024,88.43368324740047,88.49158841283032,88.53856470189578,88.55422346491721
1683600.0,88.05394995211066,88.11779774193292,88.18160604738756,88.2453378982418,88.3088895548541,88.3719582859205,88.43368447539389,88.49158705393653,88.53856546917181,88.55422494091654
1684800.0,88.05394995211066,88.11779780982124,88.18160583310492,88.24533838001604,88.30888864865102,88.37195976476332,88.43368240636237,88.49158934352064,88.53856417639759,88.55422245402288
1686000.0,88.05394995211066,88.11779776110563,88.18160598687075,88.24533803430249,88.30888929892782,88.3719587035695,88.43368389106604,88.49158770055216,88.53856510407134,88.55422423857735
1687200.0,88.05394995211066,88.11779777900941,88.18160593035944,88.24533816135738,88.3088890599415,88.37195909357398,88.43368334541525,88.49158830436758,88.53856476313749,88.55422358272708
1688400.0,88.05394995211066,88.11779781160745,88.18160582746684,88.24533839269215,88.30888862480771,88.37195980367355,88.43368235192351,88.49158940376245,88.53856414238311,88.55422238858957
1689600.0,88.05394995211066,88.11779774242997,88.18160604581865,88.24533790176929,88.30888954821864,88.37195829674903,88.43368446024373,88.491587070702,88.53856545970537,88.5542249227061
1690800.0,88.05394995211066,88.11779778863703,88.18160589997076,88.24533822968083,88.30888893142685,88.37195930329844,88.43368305199238,88.49158862906847,88.53856457980065,88.5542232300443
1692000.0,88.05394995211066,88.11779770910175,88.18160615101594,88.24533766525276,88.3088899930993,88.37195757074308,88.4336854759902,88.49158594667995,88.538566094365,88.5542261435929
1693200.0,88.05394995211066,88.11779777895698,88.18160593052488,88.24533816098555,88.30888906064058,88.37195909243283,88.43368334701199,88.49158830260063,88.5385647641351,88.55422358464615
1694400.0,88.05394995211066,88.11779774090567,88.18160605062998,88.24533789095166,88.3088895685666,88.37195826354291,88.43368450670194,88.49158701929149,88.53856548873325,88.55422497854678
1695600.0,88.05394995211066,88.11779773701218,88.18160606291941,88.24533786332132,88.30888962053848,88.3719581787293,88.43368462536372,88.49158688798073,88.53856556287573,88.55422512117367
1696800.0,88.05394995211066,88.11779775721477,88.1816059991518,88.24533800669063,88.30888935086493,88.37195861881288,88.43368400964799,88.49158756932981,88.53856517816382,88.55422438110807
1698000.0,88.05394995211066,88.11779777611785,88.1816059394862,88.24533814083748,88.30888909853859,88.37195903058723,88.43368343353934,88.49158820684981,88.53856481819913,88.55422368864852
1699200.0,88.05394995211066,88.11779777984378,88.18160592772593,88.24533816727838,88.30888904880403,88.37195911174929,88.43368331998641,88.49158833250715,88.53856474724904,88.55422355216268
1700400.0,88.05394995211066,88.11779776027537,88.18160598949152,88.24533802841015,88.30888931001105,88.3719586854825,88.43368391637132,88.49158767254946,88.5385651198827,88.55422426899348
1701600.0,88.05394995211066,88.1177978013362,88.18160585988677,88.24533831980203,88.30888876191185,88.37195957993181,88.43368266495803,88.49158905735945,88.53856433797357,88.55422276484461
1702800.0,88.05394995211066,88.11779772512003,88.18160610045575,88.24533777892799,88.30888977927961,88.37195791967795,88.43368498779923,88.49158648691062,88.5385657893332,88.55422555680713
1704000.0,88.05394995211066,88.11779778027916,88.1816059263515,88.24533817036871,88.30888904299123,88.37195912123526,88.4336833067146,88.49158834719364,88.53856473895655,88.55422353621053
1705200.0,88.05394995211066,88.11779774747755,88.18160602988667,88.24533793758903,88.30888948084291,88.37195840670007,88.4336843064127,88.49158724093088,88.53856536358866,88.55422473780764
1706400.0,88.05394995211066,88.11779774106333,88.1816060501323,88.24533789207058,88.30888956646194,88.3719582669773,88.43368450189715,88.49158702460828,88.53856548573152,88.55422497277233
1707600.0,88.05394995211066,88.11779776458687,88.18160597588269,88.24533805900701,88.30888925245925,88.37195877940209,88.43368378496947,88.49158781795829,88.5385650377801,88.55422411105378
1708800.0,88.05394995211066,88.11779775733386,88.18160599877575,88.2453380075362,88.30888934927447,88.37195862140823,88.43368400601685,88.49158757334799,88.53856517589499,88.55422437674368
1710000.0,88.05394995211066,88.11779778655092,88.18160590655546,88.24533821487621,88.30888895927384,88.37195925785468,88.43368311557211,88.49158855871127,88.53856461952674,88.5542233064649
1711200.0,88.05394995211066,88.11779774919569,88.18160602446345,88.24533794978244,88.30888945790743,88.37195844412886,88.43368425404638,88.49158729887924,88.53856533086903,88.55422467486531
1712400.0,88.05394995211066,88.11779782954868,88.18160577083732,88.24533852001305,88.30888838532053,88.37196019449566,88.43368180512874,88.49159000884396,88.53856380073432,88.55422173136414
1713600.0,88.05394995211066,88.11779773810075,88.18160605948337,88.24533787104677,88.30888960600686,88.37195820244378,88.4336845921851,88.49158692469594,88.53856554214529,88.55422508129476
1714800.0,88.05394995211066,88.11779779235884,88.18160588822332,88.2453382560927,88.3088888817468,88.37195938437192,88.43368293856332,88.49158875458876,88.53856450892799,88.55422309370744
1716000.0,88.05394995211066,88.11779777574678,88.18160594065748,88.24533813820429,88.3088891034916,88.37195902250414,88.43368344484827,88.49158819433542,88.53856482526533,88.55422370224166
1717200.0,88.05394995211066,88.11779776158409,88.18160598536073,88.24533803769732,88.3088892925421,88.3719587139903,88.4336838764865,88.49158771668594,88.53856509496191,88.55422422105364
1718400.0,88.05394995211066,88.11779777147436,88.18160595414298,88.24533810788466,88.30888916052193,88.37195892943554,88.43368357505949,88.4915880502441,88.53856490662407,88.5542238587505
1719600.0,88.05394995211066,88.11779769080984,88.18160620875264,88.24533753544269,88.30889023726805,88.37195717228148,88.43368603347281,88.49158532977181,88.5385664426915,88.55422681366451
1720800.0,88.05394995211066,88.11779777589916,88.18160594017647,88.24533813928579,88.30888910145734,88.37195902582376,88.43368344020381,88.49158819947492,88.53856482236338,88.55422369665929
1722000.0,88.05394995211066,88.11779773545682,88.18160606782885,88.24533785228334,88.30888964130048,88.37195814484764,88.43368467276723,88.4915868355243,88.53856559249431,88.55422517815072
1723200.0,88.05394995211066,88.11779776477219,88.18160597529749,88.2453380603228,88.30888924998463,88.37195878344049,88.43368377931941,88.49158782421075,88.53856503424984,88.55422410426257
1724400.0,88.05394995211066,88.11779774737765,88.18160603020203,88.2453379368802,88.30888948217631,88.37195840452416,88.43368430945696,88.49158723756203,88.53856536549087,88.55422474146684
1725600.0,88.05394995211066,88.11779778885904,88.18160589927028,88.24533823125562,88.30888892846463,88.37195930813274,88.43368304522875,88.49158863655315,88.53856457557474,88.55422322191498
1726800.0,88.05394995211066,88.11779778721217,88.18160590446821,88.24533821956912,88.30888895044671,88.37195927225974,88.43368309541817,88.49158858101376,88.53856460693406,88.55422328224056
1728000.0,88.05394995211066,88.11779775354289,88.18160601074194,88.24533798063248,88.3088893998795,88.37195853882537,88.43368412155768,88.49158744549088,88.53856524808747,88.55422451561944
1729200.0,88.05394995211066,88.11779778120416,88.18160592343199,88.24533817693255,88.30888903064479,88.37195914138366,88.4336832785254,88.49158837838787,88.53856472134332,88.55422350232828
1730400.0,88.05394995211066,88.1177977023504,88.1816061723258,88.24533761734168,88.30889008321856,88.37195742367702,88.43368568174849,88.49158571898847,88.53856622292732,88.5542263909067
1731600.0,88.05394995211066,88.1177977830379,88.18160591764392,88.24533818994578,88.30888900616745,88.37195918132844,88.43368322263916,88.49158844023134,88.53856468642455,88.55422343515542
1732800.0,88.05394995211066,88.11779773197053,88.1816060788326,88.24533782754385,88.3088896878344,88.37195806890868,88.43368477901238,88.49158671795371,88.53856565887881,88.55422530585362
1734000.0,88.05394995211066,88.11779776984622,88.18160595928195,88.2453380963307,88.30888918225456,88.37195889396983,88.43368362467922,88.49158799533507,88.5385649376275,88.55422391839141
1735200.0,88.05394995211066,88.11779774754619,88.18160602966978,88.24533793807696,88.3088894799251,88.37195840819804,88.43368430431659,88.49158724325055,88.53856536227903,88.55422473528827
1736400.0,88.05394995211066,88.11779779557223,88.18160587808035,88.24533827889731,88.30888883885214,88.37195945437206,88.43368284062701,88.49158886296465,88.53856444773538,88.55422297599208
1737600.0,88.05394995211066,88.11779777284723,88.18160594980976,88.24533811762709,88.30888914219663,88.3719589593409,88.43368353321921,88.4915880965444,88.5385648804814,88.55422380846016
1738800.0,88.05394995211066,88.11779776970835,88.18160595971723,88.24533809535197,88.30888918409543,88.37195889096577,88.43368362888214,88.49158799068397,88.53856494025369,88.55422392344337
1740000.0,88.05394995211066,88.1177978262879,88.18160578112955,88.24533849687275,88.30888842884706,88.37196012346404,88.43368190450842,88.49158989887057,88.53856386282906,88.55422185081501
1741200.0,88.05394995211066,88.11779773394153,88.18160607261181,88.24533784152987,88.30888966152727,88.37195811183943,88.43368471894854,88.49158678442,88.5385656213497,88.55422523365945
1742400.0,88.05394995211066,88.11779779270962,88.18160588711612,88.2453382585821,88.30888887706443,88.37195939201321,88.4336829278725,88.49158876641921,88.53856450224815,88.55422308085762
1743600.0,88.05394995211066,88.11779773049709,88.18160608348347,88.24533781708699,88.30888970750365,88.37195803681011,88.43368482392128,88.49158666825744,88.53856568693888,88.55422535983247
1744800.0,88.05394995211066,88.11779777490959,88.18160594329989,88.24533813226319,88.30888911466693,88.37195900426704,88.43368347036368,88.49158816610017,88.53856484120784,88.55422373291019
1746000.0,88.05394995211066,88.11779775049838,88.18160602035154,88.24533795902728,88.30888944051817,88.3719584725067,88.43368421434322,88.49158734281474,88.53856530606174,88.55422462714385
1747200.0,88.05394995211066,88.11779771365059,88.18160613665823,88.24533769753332,88.30888993238038,88.37195766983139,88.43368533735672,88.49158610009168,88.53856600774375,88.5542259769609
1748400.0,88.05394995211066,88.1177977644918,88.18160597618287,88.24533805833211,88.3088892537288,88.37195877733024,88.43368378786818,88.49158781475066,88.53856503959133,88.554224114538
1749600.0,88.05394995211066,88.11779775694461,88.18160600000473,88.24533800477332,88.30888935447136,88.3719586129271,88.43368401788275,88.49158756021731,88.53856518330912,88.55422439100619
1750800.0,88.05394995211066,88.11779777842966,88.18160593218931,88.24533815724342,88.30888906767971,88.37195908094587,88.43368336308315,88.49158828481633,88.53856477417692,88.55422360396359
1752000.0,88.05394995211066,88.11779775278842,88.1816060131235,88.24533797527795,88.30888940995109,88.37195852238935,88.43368414455304,88.4915874200443,88.53856526245549,88.554224543259
1753200.0,88.05394995211066,88.11779780105213,88.18160586078363,88.24533831778544,88.30888876570509,88.3719595737415,88.43368267361855,88.49158904777585,88.53856434338495,88.55422277525444
1754400.0,88.05394995211066,88.11779774834297,88.18160602715491,88.24533794373099,88.30888946929004,88.37195842555342,88.43368428003497,88.49158727012045,88.53856534710728,88.55422470610269
1755600.0,88.05394995211066,88.11779777240783,88.18160595119645,88.24533811450948,88.30888914806098,88.37195894977069,88.43368354660879,88.4915880817275,88.53856488884749,88.55422382455394
1756800.0,88.05394995211066,88.11779776011517,88.18160598999722,88.24533802727308,88.30888931214989,88.37195868199223,88.43368392125446,88.49158766714575,88.5385651229339,88.55422427486302
1758000.0,88.05394995211066,88.11779771998242,88.1816061166724,88.24533774246794,88.30888984785973,88.37195780776136,88.43368514438062,88.49158631363825,88.5385658871685,88.5542257450117
1759200.0,88.05394995211066,88.11779777329052,88.18160594841041,88.24533812077333,88.3088891362788,88.37195896899829,88.4336835197078,88.49158811149607,88.5385648720391,88.55422379221994
1760400.0,88.05394995211066,88.11779774097849,88.18160605040029,88.24533789146821,88.30888956759479,88.37195826512884,88.43368450448313,88.49158702174677,88.53856548734738,88.55422497588076
1761600.0,88.05394995211066,88.11779778472177,88.18160591232903,88.2453382018954,88.30888898369044,88.3719592180089,88.43368317131984,88.49158849702118,88.53856465435913,88.55422337347163
1762800.0,88.05394995211066,88.11779774330712,88.18160604304994,88.24533790799413,88.30888953651042,88.37195831585565,88.43368443351186,88.4915871002833,88.53856544300304,88.55422489057615
1764000.0,88.05394995211066,88.11779782322051,88.18160579081136,88.2453384751051,88.30888846979119,88.3719600566471,88.43368199799097,88.49158979542318,88.5385639212387,88.55422196317716
1765200.0,88.05394995211066,88.11779775088027,88.18160601914614,88.24533796173752,88.30888943542038,88.37195848082561,88.43368420270433,88.49158735569426,88.53856529878968,88.55422461315472
1766400.0,88.05394995211066,88.11779778623057,88.18160590756663,88.24533821260283,88.30888896355025,88.37195925087602,88.43368312533596,88.49158854790674,88.53856462562752,88.55422331820101
1767600.0,88.05394995211066,88.11779780120581,88.18160586029865,88.2453383188761,88.3088887636534,88.37195957708983,88.43368266893407,88.49158905295972,88.5385643404581,88.55422276962412
1768800.0,88.05394995211066,88.11779775059908,88.18160602003387,88.24533795974135,88.30888943917505,88.3719584746985,88.43368421127681,88.49158734620801,88.53856530414592,88.55422462345848
1770000.0,88.05394995211066,88.11779778175764,88.18160592168468,88.24533818086111,88.30888902325542,88.3719591534424,88.43368326165412,88.49158839705751,88.53856471080195,88.55422348204996
1771200.0,88.05394995211066,88.11779769614674,88.18160619190701,88.2453375733168,88.30889016602848,88.37195728853801,88.43368587081982,88.49158550976288,88.53856634106305,88.55422661816296
1772400.0,88.05394995211066,88.11779777796907,88.18160593364321,88.2453381539744,88.30888907382845,88.37195907091176,88.43368337712188,88.49158826928122,88.53856478294864,88.55422362083766
1773600.0,88.05394995211066,88.1177977368804,88.18160606333515,88.24533786238695,88.30888962229567,88.37195817586175,88.43368462937565,88.49158688354143,88.53856556538257,88.55422512599621
1774800.0,88.05394995211066,88.11779774517541,88.18160603715324,88.24533792125173,88.30888951157266,88.37195835655214,88.43368437657375,88.49158716329099,88.53856540742693,88.55422482213886
1776000.0,88.05394995211066,88.11779775254163,88.18160601390233,88.24533797352692,88.30888941324493,88.37195851701411,88.43368415207341,88.49158741172243,88.53856526715424,88.55422455229814
1777200.0,88.05394995211066,88.11779777594286,88.18160594003842,88.2453381395962,88.30888910087356,88.37195902677622,88.43368343887136,88.49158820094969,88.53856482153081,88.55422369505776
1778400.0,88.05394995211066,88.11779780767431,88.18160583988148,88.24533836478015,88.3088886773093,88.37195971799581,88.43368247179414,88.49158927111405,88.538564217281,88.55422253266993
1779600.0,88.05394995211066,88.11779774049477,88.18160605192683,88.24533788803595,88.308889574051,88.37195825459281,88.43368451922396,88.4915870054347,88.53856549655778,88.5542249935987
1780800.0,88.05394995211066,88.11779779014077,88.18160589522438,88.24533824035203,88.30888891135476,88.37195933605416,88.43368300616422,88.49158867978174,88.53856455116662,88.5542231749615
1782000.0,88.05394995211066,88.11779771051906,88.18160614654217,88.24533767531128,88.3088899741797,88.37195760161836,88.43368543279263,88.49158599448259,88.53856606737429,88.55422609167144
1783200.0,88.05394995211066,88.11779778268532,88.1816059187568,88.24533818744375,88.30888901087363,88.37195917364838,88.43368323338422,88.49158842834089,88.53856469313826,88.5542234480707
1784400.0,88.05394995211066,88.11779773936485,88.18160605549332,88.2453378800176,88.30888958913306,88.37195822998034,88.43368455365908,88.49158696732886,88.5385655180735,88.55422503498835
1785600.0,88.05394995211066,88.1177977507788,88.18160601946637,88.2453379610174,88.30888943677486,88.37195847861531,88.43368420579674,88.4915873522722,88.53856530072188,88.55422461687175
1786800.0,88.05394995211066,88.11779775680598,88.1816060004423,88.2453380037894,88.30888935632211,88.37195860990715,88.43368402210787,88.49158755554181,88.53856518594928,88.55422439608506
1788000.0,88.05394995211066,88.11779777417732,88.18160594561152,88.24533812706612,88.30888912444225,88.37195898831449,88.43368349268256,88.49158814140225,88.5385648551533,88.55422375973691
1789200.0,88.05394995211066,88.11779778225619,88.1816059201112,88.24533818439888,88.30888901660109,88.37195916430173,88.43368324646103,88.49158841387016,88.53856470130896,88.55422346378846
1790400.0,88.05394995211066,88.11779775815594,88.18160599618106,88.24533801337013,88.30888933830106,88.37195863931584,88.43368398096251,88.49158760107314,88.5385651602407,88.55422434662974
1791600.0,88.05394995211066,88.11779783382359,88.18160575734383,88.24533855035064,88.30888832825661,88.37196028761858,88.43368167484192,88.49159015301883,88.53856371932862,88.55422157476508
1792800.0,88.05394995211066,88.11779773325716,88.18160607477168,88.24533783667358,88.30888967066203,88.37195809693212,88.4336847398052,88.49158676134007,88.53856563438134,88.5542252587283
1794000.0,88.05394995211066,88.11779779366992,88.1816058840849,88.2453382653973,88.30888886424519,88.37195941293305,88.43368289860368,88.49158879880804,88.53856448396034,88.55422304567767
1795200.0,88.05394995211066,88.11779776024106,88.18160598959984,88.24533802816659,88.30888931046928,88.37195868473486,88.43368391741727,88.49158767139201,88.5385651205363,88.55422427025096
1796400.0,88.05394995211066,88.11779776725464,88.181605967462,88.24533807793944,88.30888921684803,88.37195883751637,88.4336837036625,88.49158790793246,88.5385649869779,88.55422401332623
1797600.0,88.05394995211066,88.11779776310264,88.18160598056741,88.24533804847438,88.30888927227087,88.37195874707128,88.43368383020321,88.49158776790287,88.53856506604323,88.5542241654232
1798800.0,88.05394995211066,88.11779769110004,88.18160620783657,88.24533753750222,88.30889023339448,88.37195717860271,88.43368602462907,88.4915853395579,88.53856643716638,88.5542268030357
1800000.0,88.05394995211066,88.11779777163912,88.1816059536228,88.24533810905419,88.30888915832209,88.37195893302555,88.43368357003676,88.49158805580221,88.53856490348589,88.55422385271363
1801200.0,88.05394995211066,88.117797740406,88.18160605220721,88.24533788740564,88.30888957523653,88.3719582526579,88.43368452193121,88.4915870024388,88.53856549824921,88.55422499685251
1802400.0,88.05394995211066,88.11779782141372,88.18160579651443,88.24533846228302,88.30888849390902,88.37196001728857,88.43368205305718,88.49158973448708,88.53856395564524,88.55422202936448
1803600.0,88.05394995211066,88.11779773661036,88.1816060641876,88.24533786046992,88.30888962590177,88.37195816997705,88.43368463760892,88.4915868744302,88.53856557052708,88.55422513589255
1804800.0,88.05394995211066,88.11779779225368,88.18160588855501,88.24533825534681,88.30888888315006,88.3719593820818,88.43368294176749,88.49158875104303,88.53856451092997,88.55422309755882
1806000.0,88.05394995211066,88.11779776869774,88.18160596290714,88.24533808818009,88.3088891975856,88.37195886895087,88.43368365968279,88.49158795660016,88.53856495949852,88.55422396046453
1807200.0,88.05394995211066,88.11779776303113,88.18160598079334,88.24533804796651,88.3088892732262,88.37195874551215,88.43368383238445,88.49158776548911,88.53856506740613,88.554224168045
1808400.0,88.05394995211066,88.11779777315834,88.18160594882762,88.24533811983537,88.30888913804296,88.3719589661193,88.43368352373561,88.4915881070389,88.5385648745559,88.55422379706141
1809600.0,88.05394995211066,88.11779770181418,88.18160617401857,88.24533761353578,88.3088900903773,88.37195741199403,88.43368569809412,88.49158570090053,88.53856623314027,88.55422641055341
1810800.0,88.05394995211066,88.11779777887834,88.18160593077312,88.2453381604274,88.30888906169052,88.37195909071971,88.43368334940875,88.49158829994856,88.53856476563273,88.55422358752733
1812000.0,88.05394995211066,88.11779773319999,88.18160607495214,88.24533783626775,88.30888967142535,88.37195809568681,88.43368474154748,88.49158675941217,88.53856563546985,88.55422526082232
1813200.0,88.05394995211066,88.1177977757093,88.1816059407756,88.24533813793879,88.30888910399098,88.37195902168905,88.43368344598865,88.49158819307367,88.53856482597787,88.55422370361255
1814400.0,88.05394995211066,88.1177977443876,88.1816060396397,88.24533791566107,88.30888952208906,88.37195833939003,88.43368440058538,88.49158713671959,88.53856542242991,88.55422485099996
1815600.0,88.05394995211066,88.11779781050072,88.18160583096021,88.24533838483795,88.30888863958096,88.37195977956526,88.43368238565273,88.49158936643819,88.5385641634578,88.55422242913097
1816800.0,88.05394995211066,88.117797764404,88.18160597645985,88.24533805770938,88.30888925490018,88.37195877541868,88.43368379054274,88.491587811791,88.53856504126257,88.55422411775307
1818000.0,88.05394995211066,88.11779777773806,88.1816059343722,88.24533815233545,88.30888907691129,88.37195906588092,88.43368338416042,88.49158826149254,88.5385647873464,88.55422362929765
1819200.0,88.05394995211066,88.11779782138817,88.18160579659502,88.24533846210166,88.30888849425017,88.3719600167322,88.43368205383554,88.49158973362579,88.53856395613177,88.55422203030038
1820400.0,88.05394995211066,88.11779774027133,88.1816060526324,88.2453378864497,88.30888957703434,88.37195824972454,88.43368452603526,88.49158699789719,88.53856550081366,88.55422500178581
1821600.0,88.05394995211066,88.11779778879622,88.1816058994683,88.2453382308105,88.30888892930201,88.37195930676586,88.43368304714116,88.49158863443695,88.53856457676977,88.55422322421403
1822800.0,88.05394995211066,88.11779771535664,88.18160613127294,88.24533770964133,88.30888990960582,88.37195770699707,88.43368528535895,88.49158615763204,88.53856597525478,88.55422591446238
1824000.0,88.05394995211066,88.11779777635294,88.18160593874404,88.2453381425065,88.3088890953994,88.37195903570975,88.43368342637265,88.49158821478046,88.53856481372162,88.55422368003529
1825200.0,88.05394995211066,88.11779774433849,88.18160603979447,88.24533791531347,88.30888952274258,88.37195833832384,88.4336844020768,88.4915871350695,88.53856542336152,88.55422485279215
1826400.0,88.05394995211066,88.1177977832979,88.18160591682327,88.24533819179109,88.30888900269639,88.37195918699301,88.43368321471384,88.49158844900147,88.53856468147264,88.55422342562964
1827600.0,88.05394995211066,88.11779777423527,88.18160594542866,88.24533812747732,88.30888912366864,88.37195898957687,88.43368349091642,88.49158814335662,88.53856485404978,88.55422375761415
1828800.0,88.05394995211066,88.11779776636226,88.18160597027864,88.24533807160671,88.3088892287598,88.37195881807762,88.43368373085904,88.49158787783675,88.53856500397104,88.55422404601582
1830000.0,88.05394995211066,88.11779781713327,88.18160581002522,88.24533843190642,88.30888855104656,88.37195992404529,88.43368218351277,88.49158959012536,88.53856403715687,88.55422218616738
1831200.0,88.05394995211066,88.11779773257723,88.18160607691777,88.245337831849,88.30888967973667,88.37195808212311,88.43368476052453,88.49158673841225,88.53856564732735,88.55422528363238
1832400.0,88.05394995211066,88.11779779519007,88.1816058792868,88.2453382761846,88.30888884395485,88.37195944604488,88.43368285227764,88.49158885007223,88.53856445501505,88.55422298999595
1833600.0,88.05394995211066,88.11779772727176,88.18160609366416,88.24533779419745,88.30888975055841,88.37195796654858,88.43368492222311,88.4915865594772,88.53856574835987,88.5542254779874
1834800.0,88.05394995211066,88.11779777819235,88.18160593293854,88.2453381555589,88.3088890708481,88.37195907577531,88.43368337031728,88.49158827681134,88.53856477869697,88.55422361265883
1836000.0,88.05394995211066,88.1177977494713,88.18160602359328,88.2453379517388,88.30888945422753,88.37195845013436,88.4336842456442,88.49158730817724,88.53856532561935,88.55422466476665
1837200.0,88.05394995211066,88.11779773017417,88.18160608450306,88.24533781479437,88.30888971181602,88.37195802977276,88.43368483376683,88.49158665736263,88.53856569309059,88.55422537166655
1838400.0,88.05394995211066,88.11779776497907,88.18160597464485,88.24533806179011,88.30888924722436,88.37195878794493,88.4336837730173,88.49158783118462,88.5385650303123,88.55422409668819
1839600.0,88.05394995211066,88.11779775644526,88.18160600158095,88.24533800122957,88.30888936113713,88.37195860204923,88.43368403310178,88.49158754337596,88.53856519281844,88.55422440929927
1840800.0,88.05394995211066,88.11779778419115,88.18160591400382,88.24533819813016,88.30888899077281,88.37195920645107,88.43368318749035,88.49158847912688,88.53856466446287,88.55422339290817
1842000.0,88.05394995211066,88.1177977503697,88.18160602075764,88.24533795811432,88.30888944223551,88.37195846970383,88.43368421826462,88.49158733847528,88.53856530851206,88.5542246318577
1843200.0,88.05394995211066,88.11779783393412,88.18160575699491,88.24533855113515,88.30888832678097,88.37196029002689,88.43368167147234,88.4915901567476,88.53856371722321,88.55422157071511
1844400.0,88.05394995211066,88.11779774172355,88.1816060480486,88.2453378967556,88.30888955764922,88.37195828135914,88.4336844817755,88.49158704687508,88.53856547315917,88.5542249485872
1845600.0,88.05394995211066,88.11779779076842,88.18160589324316,88.24533824480675,88.30888890297551,88.37195934972843,88.43368298703274,88.49158870095263,88.5385645392129,88.55422315196633
1846800.0,88.05394995211066,88.11779778734036,88.18160590406364,88.24533822047869,88.30888894873571,88.37195927505195,88.43368309151163,88.4915885853367,88.53856460449335,88.55422327754559
1848000.0,88.05394995211066,88.11779775820602,88.18160599602332,88.24533801372472,88.30888933763411,88.37195864040402,88.43368397944008,88.49158760275789,88.53856515928953,88.55422434480008
1849200.0,88.05394995211066,88.11779777349663,88.18160594775995,88.24533812223582,88.30888913352786,88.37195897348752,88.43368351342687,88.49158811844657,88.53856486811486,88.55422378467095
1850400.0,88.05394995211066,88.11779768598174,88.18160622399193,88.2453375011803,88.30889030171443,88.3719570671109,88.43368618061575,88.49158516694408,88.53856653462968,88.55422699052488
1851600.0,88.05394995211066,88.11779777528213,88.1816059421242,88.24533813490662,88.30888910969446,88.37195901238154,88.43368345901074,88.49158817866333,88.53856483411457,88.554223719265
1852800.0,88.05394995211066,88.11779773634167,88.18160606503547,88.24533785856403,88.30888962948637,88.3719581641274,88.43368464579302,88.49158686537376,88.53856557564093,88.55422514573002
1854000.0,88.05394995211066,88.11779781321344,88.18160582239786,88.24533840408893,88.30888860337033,88.37195983865763,88.43368230297763,88.49158945792587,88.53856411180108,88.55422232975948
1855200.0,88.05394995211066,88.11779774998641,88.18160602196755,88.24533795539372,88.30888944735291,88.3719584613529,88.43368422994857,88.49158732554598,88.53856531581245,88.55422464590129
1856400.0,88.05394995211066,88.11779778522892,88.18160591072818,88.24533820549465,88.30888897692031,88.37195922905715,88.43368315586258,88.49158851412616,88.53856464470118,88.55422335489284
1857600.0,88.05394995211066,88.11779779179255,88.18160589001062,88.24533825207429,88.30888888930548,88.37195937203687,88.43368295582123,88.49158873549126,88.53856451971129,88.55422311445128
1858800.0,88.05394995211066,88.11779775115215,88.18160601828833,88.24533796366583,88.3088894317931,88.3719584867451,88.4336841944226,88.49158736485866,88.53856529361529,88.55422460320081
1860000.0,88.05394995211066,88.11779778390105,88.18160591491942,88.24533819607153,88.30888899464506,88.37195920013194,88.43368319633139,88.49158846934341,88.53856466998697,88.55422340353479
1861200.0,88.05394995211066,88.11779769999836,88.18160617974988,88.24533760064995,88.30889011461528,88.37195737244002,88.43368575343356,88.49158563966226,88.53856626771748,88.55422647706922
1862400.0,88.05394995211066,88.11779778135586,88.181605922953,88.24533817800965,88.308889028619,88.3719591446896,88.43368327390012,88.49158838350611,88.5385647184535,88.55422349676927
1863600.0,88.05394995211066,88.11779773438975,88.18160607119687,88.2453378447108,88.30888965554422,88.37195812160309,88.43368470528848,88.4915867995362,88.53856561281489,88.55422521724113
1864800.0,88.05394995211066,88.11779775988242,88.18160599073207,88.24533802562095,88.30888931525762,88.37195867692068,88.43368392834991,88.49158765929404,88.53856512736739,88.55422428339185
1866000.0,88.05394995211066,88.11779775046429,88.18160602045891,88.24533795878578,88.30888944097262,88.37195847176497,88.43368421538108,88.49158734166627,88.5385653067104,88.55422462839175
1867200.0,88.05394995211066,88.11779779188437,88.18160588972076,88.24533825272597,88.30888888807976,88.37195937403702,88.43368295302284,88.49158873858802,88.53856451796266,88.55422311108751
1868400.0,88.05394995211066,88.11779777580931,88.18160594046005,88.24533813864815,88.30888910265669,88.37195902386657,88.43368344294224,88.49158819644468,88.53856482407456,88.5542236999512
1869600.0,88.05394995211066,88.11779776750598,88.18160596666851,88.24533807972335,88.30888921349265,88.37195884299221,88.43368369600132,88.49158791641023,88.53856498219122,88.55422400411821
1870800.0,88.05394995211066,88.1177978347259,88.18160575449585,88.2453385567537,88.30888831621262,88.37196030727326,88.43368164734326,88.49159018344886,88.53856370214699,88.55422154171305
1872000.0,88.05394995211066,88.11779773283368,88.18160607610824,88.24533783366881,88.3088896763138,88.3719580877091,88.433684752709,88.49158674706091,88.53856564244404,88.55422527423843
1873200.0,88.05394995211066,88.11779779248255,88.18160588783265,88.2453382569708,88.30888888009548,88.37195938706671,88.43368293479314,88.49158875876088,88.53856450657257,88.55422308917655
1874400.0,88.05394995211066,88.11779774343549,88.18160604264484,88.24533790890506,88.30888953479659,88.3719583186525,88.43368442959876,88.49158710461377,88.53856544055802,88.55422488587281
1875600.0,88.05394995211066,88.11779777125793,88.18160595482613,88.24533810634885,88.30888916341071,88.37195892472128,88.43368358165517,88.49158804294538,88.53856491074538,88.55422386667874
1876800.0,88.05394995211066,88.11779775517728,88.18160600558308,88.24533799223127,88.30888937806239,88.37195857442893,88.43368407174503,88.49158750061358,88.53856521696358,88.55422445574695
1878000.0,88.05394995211066,88.11779776110063,88.18160598688655,88.24533803426698,88.30888929899459,88.37195870346048,88.43368389121842,88.49158770038373,88.53856510416672,88.55422423876111
1879200.0,88.05394995211066,88.11779778498753,88.18160591149005,88.2453382037818,88.30888898014229,88.37195922379917,88.43368316321877,88.49158850598572,88.53856464929746,88.5542233637347
1880400.0,88.05394995211066,88.1177977540974,88.18160600899161,88.24533798456774,88.3088893924774,88.37195855090482,88.43368410465744,88.49158746419276,88.53856523752796,88.55422449530639
1881600.0,88.05394995211066,88.11779782486587,88.18160578561813,88.24533848678098,88.3088884478294,88.37196009248633,88.43368194784888,88.49158985091033,88.53856388990907,88.5542219029087
1882800.0,88.05394995211066,88.11779773131177,88.18160608091206,88.24533782286822,88.3088896966292,88.37195805455627,88.4336847990928,88.49158669573278,88.53856567142559,88.55422532998986
1884000.0,88.05394995211066,88.11779779549758,88.18160587831609,88.24533827836719,88.30888883984926,88.371959452745,88.43368284290335,88.4915888604459,88.53856444915772,88.55422297872833
1885200.0,88.05394995211066,88.11779775315878,88.18160601195432,88.24533797790689,88.30888940500613,88.37195853045903,88.43368413326287,88.49158743253805,88.53856525540121,88.55422452968888
1886400.0,88.05394995211066,88.11779776991048,88.18160595907923,88.24533809678667,88.30888918139675,88.37195889536987,88.43368362272031,88.4915879975027,88.53856493640374,88.5542239160374
1887600.0,88.05394995211066,88.1177977629716,88.18160598098098,88.24533804754452,88.30888927402005,88.37195874421676,88.43368383419698,88.4915877634834,88.53856506853852,88.5542241702235
1888800.0,88.05394995211066,88.11779770786617,88.18160615491564,88.24533765648516,88.30889000959085,88.37195754383042,88.43368551364382,88.49158590501254,88.538566117892,88.5542261888518
1890000.0,88.05394995211066,88.11779777331387,88.18160594833688,88.24533812093865,88.3088891359677,88.37195896950594,88.4336835189975,88.49158811228216,88.53856487159547,88.55422379136657
1891200.0,88.05394995211066,88.11779773975722,88.18160605425491,88.24533788280165,88.30888958389644,88.37195823852588,88.43368454170313,88.49158698055942,88.53856551060302,88.5542250206176
1892400.0,88.05394995211066,88.11779777928578,88.18160592948684,88.24533816331939,88.30888905625092,88.37195909959657,88.43368333698933,88.4915883136918,88.53856475787302,88.55422357260005
1893600.0,88.05394995211066,88.11779774496641,88.18160603781281,88.24533791976859,88.3088895143627,88.37195835199883,88.43368438294458,88.49158715624091,88.5385654114076,88.55422482979644
1894800.0,88.05394995211066,88.11779782404473,88.18160578820975,88.24533848095452,88.30888845878856,88.37196007460226,88.43368197287012,88.49158982322217,88.53856390554262,88.55422193298271
1896000.0,88.05394995211066,88.11779775566475,88.18160600404477,88.24533799569001,88.30888937155676,88.37195858504542,88.43368405689161,88.49158751705009,88.53856520768294,88.55422443789381
1897200.0,88.05394995211066,88.11779778406105,88.18160591441438,88.24533819720716,88.308888992509,88.37195920361759,88.43368319145475,88.49158847474007,88.53856466693966,88.5542233976728
1898400.0,88.05394995211066,88.11779781358727,88.1816058212178,88.24533840674194,88.30888859838032,88.37195984680082,88.4336822915847,88.49158947053317,88.53856410468245,88.55422231606548
1899600.0,88.05394995211066,88.11779774699566,88.18160603140755,88.24533793416984,88.30888948727433,88.37195839620466,88.43368432109646,88.49158722468204,88.53856537276341,88.55422475545711
1900800.0,88.05394995211066,88.1177977834365,88.1816059163858,88.24533819277465,88.30888900084636,88.37195919001194,88.43368321049007,88.49158845367553,88.5385646788335,88.55422342055272
1902000.0,88.05394995211066,88.11779772506662,88.18160610062431,88.24533777854904,88.30888977999243,88.37195791851452,88.43368498942728,88.49158648510922,88.53856579035042,88.55422555876402
1903200.0,88.05394995211066,88.11779778212525,88.18160592052459,88.24533818346919,88.30888901834956,88.37195916144847,88.43368325045292,88.49158840945285,88.53856470380299,88.5542234685862
1904400.0,88.05394995211066,88.11779774218029,88.18160604660699,88.24533789999673,88.30888955155292,88.37195829130755,88.43368446785702,88.49158706227708,88.53856546446266,88.55422493185779
1905600.0,88.05394995211066,88.11779780503741,88.18160584820467,88.24533834606707,88.30888871250764,88.37195966055546,88.43368255215812,88.49158918218353,88.53856426749417,88.55422262926432
1906800.0,88.05394995211066,88.11779776378077,88.18160597842699,88.2453380532866,88.30888926321924,88.37195876184262,88.43368380953675,88.49158779077234,88.53856505313037,88.55422414058293
1908000.0,88.05394995211066,88.11779777596513,88.1816059399683,88.24533813975377,88.308889100577,88.37195902726035,88.43368343819395,88.49158820169912,88.53856482110767,88.55422369424379
1909200.0,88.05394995211066,88.11779781156834,88.18160582759035,88.24533839241444,88.30888862532986,88.3719598028216,88.43368235311515,88.4915894024439,88.53856414312784,88.55422239002237
1910400.0,88.05394995211066,88.11779773995613,88.18160605362692,88.24533788421382,88.30888958123984,88.37195824286128,88.4336845356375,88.49158698727148,88.53856550681324,88.55422501332708
1911600.0,88.05394995211066,88.11779779079703,88.18160589315312,88.24533824500892,88.30888890259516,88.37195935034909,88.43368298616437,88.49158870191339,88.5385645386703,88.55422315092255
1912800.0,88.05394995211066,88.11779771278518,88.18160613938943,88.24533769139312,88.30888994392991,88.37195765098326,88.43368536372695,88.49158607091043,88.53856602422057,88.55422600865722
1914000.0,88.05394995211066,88.11779777992767,88.18160592746085,88.24533816787434,88.30888904768318,88.37195911357855,88.43368331742708,88.49158833533923,88.53856474565019,88.55422354908714
1915200.0,88.05394995211066,88.11779774196141,88.18160604729782,88.24533789844335,88.30888955447499,88.3719582865389,88.43368447452872,88.49158705489441,88.53856546863086,88.55422493987633
1916400.0,88.05394995211066,88.11779773924164,88.18160605588265,88.24533787914203,88.30888959078015,88.37195822729223,88.43368455742014,88.49158696316677,88.53856552042346,88.55422503950898
1917600.0,88.05394995211066,88.11779775853424,88.18160599498725,88.24533801605392,88.30888933325278,88.3719586475542,88.4336839694365,88.49158761382773,88.53856515303903,88.55422433277604
1918800.0,88.05394995211066,88.11779777157805,88.18160595381569,88.2453381086205,88.30888915913782,88.37195893169437,88.43368357189934,88.49158805374111,88.53856490464955,88.55422385495231
1920000.0,88.05394995211066,88.1177977816278,88.18160592209485,88.24533817993895,88.3088890249898,88.37195915061196,88.43368326561432,88.491588392675,88.53856471327651,88.55422348681032
1921200.0,88.05394995211066,88.1177977578292,88.18160599721253,88.24533801105105,88.30888934266306,88.37195863219745,88.43368399092176,88.49158759005222,88.53856516646344,88.55422435860048
1922400.0,88.05394995211066,88.11779783969253,88.18160573881929,88.24533859199954,88.30888824991638,88.37196041546281,88.43368149597659,88.49159035095064,88.53856360756994,88.55422135977632
1923600.0,88.05394995211066,88.11779773630671,88.18160606514594,88.24533785831554,88.308889629954,88.37195816336425,88.43368464686078,88.49158686419214,88.53856557630792,88.55422514701313
1924800.0,88.05394995211066,88.11779779223822,88.18160588860391,88.24533825523707,88.30888888335646,88.37195938174503,88.43368294223872,88.49158875052146,88.53856451122469,88.55422309812568
1926000.0,88.05394995211066,88.11779775253807,88.18160601391355,88.24533797350169,88.30888941329223,88.37195851693703,88.43368415218137,88.4915874116029,88.53856526722173,88.554224552428
1927200.0,88.05394995211066,88.11779773885232,88.18160605711115,88.24533787638019,88.30888959597495,88.37195821881504,88.43368456928022,88.49158695004267,88.53856552783382,88.5542250537642
1928400.0,88.05394995211066,88.1177977670205,88.1816059682012,88.24533807627743,88.30888921997413,88.37195883241485,88.43368371080003,88.4915879000341,88.53856499143761,88.55422402190544
1929600.0,88.05394995211066,88.11779775439061,88.18160600806586,88.24533798664936,88.30888938856197,88.37195855729432,88.43368409571784,88.4915874740853,88.5385652319423,88.55422448456125
1930800.0,88.05394995211066,88.11779778822921,88.18160590125794,88.24533822678679,88.3088889368704,88.37195929441522,88.43368306442076,88.49158861531528,88.53856458756648,88.55422324498353
1932000.0,88.05394995211066,88.11779774560407,88.18160603580009,88.24533792429385,88.3088895058508,88.37195836588953,88.43368436351008,88.49158717774716,88.5385653992645,88.55422480643688
1933200.0,88.05394995211066,88.1177978257612,88.1816057827921,88.24533849313484,88.30888843587778,88.37196011199066,88.43368192056045,88.49158988110776,88.53856387285855,88.55422187010878
1934400.0,88.05394995211066,88.11779773925464,88.18160605584157,88.24533787923454,88.30888959060592,88.37195822757685,88.43368455702168,88.4915869636077,88.53856552017454,88.55422503903009
1935600.0,88.05394995211066,88.1177977917971,88.18160588999655,88.2453382521057,88.30888888924648,88.3719593721329,88.433682955687,88.49158873563982,88.5385645196272,88.55422311428961
1936800.0,88.05394995211066,88.11779777688413,88.18160593706756,88.24533814627554,88.30888908830983,88.37195904727928,88.43368341018578,88.49158823269279,88.53856480360764,88.55422366057923
1938000.0,88.05394995211066,88.11779776044561,88.18160598895408,88.24533802961858,88.30888930773806,88.37195868919189,88.43368391118149,88.49158767829262,88.5385651166401,88.55422426275591
1939200.0,88.05394995211066,88.11779777381567,88.18160594675277,88.24533812450011,88.30888912926869,88.37195898043814,88.4336835037023,88.49158812920776,88.53856486203864,88.55422377298224
1940400.0,88.05394995211066,88.11779769425405,88.18160619788122,88.2453375598848,88.30889019129341,88.37195724730788,88.43368592850487,88.49158544592841,88.53856637710608,88.55422668749863
1941600.0,88.05394995211066,88.1177977776001,88.1816059348075,88.24533815135679,88.3088890787522,88.37195906287647,88.43368338836395,88.49158825684079,88.5385647899729,88.55422363435022
1942800.0,88.05394995211066,88.11779773419549,88.1816060718099,88.24533784333276,88.30888965813611,88.37195811737355,88.4336847112057,88.49158679298814,88.53856561651193,88.55422522435312
1944000.0,88.05394995211066,88.11779776712957,88.18160596785675,88.24533807705178,88.30888921851759,88.37195883479188,88.43368370747423,88.49158790371443,88.53856498935951,88.55422401790783
1945200.0,88.05394995211066,88.11779774681276,88.18160603198494,88.24533793287148,88.30888948971649,88.37195839221904,88.43368432667296,88.49158721851097,88.5385653762478,88.55422476215999
1946400.0,88.05394995211066,88.1177978100604,88.18160583234999,88.24533838171358,88.30888864545747,88.37195976997533,88.43368239906995,88.49158935159063,88.53856417184116,88.55422244525795
1947600.0,88.05394995211066,88.11779776766295,88.18160596617344,88.24533808083639,88.30888921139884,88.371958846409,88.43368369122092,88.49158792170023,88.5385649792042,88.55422399837211
1948800.0,88.05394995211066,88.11779777604742,88.18160593970856,88.24533814033784,88.3088890994784,88.37195902905324,88.43368343568554,88.49158820447492,88.53856481954031,88.55422369122876
1950000.0,88.05394995211066,88.11779783201008,88.18160576306803,88.24533853748098,88.30888835246358,88.37196024811551,88.4336817301098,88.49159009185989,88.53856375386098,88.55422164119464
1951200.0,88.05394995211066,88.11779773791048,88.18160606008398,88.24533786969627,88.3088896085471,88.3719581982982,88.43368459798528,88.49158691827755,88.53856554576944,88.55422508826673
1952400.0,88.05394995211066,88.11779778904182,88.18160589869319,88.24533823255298,88.3088889260245,88.37195931211443,88.43368303965818,88.49158864271746,88.53856457209432,88.5542232152199
1953600.0,88.05394995211066,88.11779773024715,88.18160608427267,88.24533781531247,88.30888971084121,88.37195803136358,88.43368483154138,88.4915866598253,88.53856569170001,88.55422536899158
1954800.0,88.05394995211066,88.11779776808645,88.18160596483663,88.24533808384209,88.30888920574503,88.3719588556356,88.4336836783123,88.4915879359848,88.53856497113861,88.55422398285653
1956000.0,88.05394995211066,88.1177977497561,88.18160602269448,88.24533795375964,88.30888945042655,88.37195845633705,88.43368423696593,88.49158731778041,88.5385653201971,88.55422465433598
1957200.0,88.05394995211066,88.11779778834976,88.1816059008776,88.24533822764181,88.30888893526217,88.37195929703978,88.43368306074873,88.49158861937886,88.53856458527206,88.5542232405698
1958400.0,88.05394995211066,88.11779777646885,88.18160593837833,88.2453381433286,88.308889093853,88.37195903823348,88.43368342284164,88.49158821868801,88.53856481151523,88.55422367579101
1959600.0,88.05394995211066,88.11779776466021,88.18160597565115,88.24533805952763,88.3088892514802,88.37195878099979,88.43368378273422,88.49158782043204,88.53856503638359,88.55422410836746
1960800.0,88.05394995211066,88.117797824713,88.18160578610048,88.24533848569673,88.3088884498685,88.37196008915934,88.43368195250343,88.49158984575973,88.53856389281724,88.55422190850307
1962000.0,88.05394995211066,88.11779773150876,88.1816060802904,88.24533782426596,88.30888969400038,88.37195805884592,88.43368479309132,88.4915867023739,88.53856566767597,88.5542253227766
1963200.0,88.05394995211066,88.11779779445536,88.18160588160546,88.24533827097173,88.30888885376017,88.3719594300436,88.43368287466483,88.49158882529875,88.53856446900289,88.55422301690423
1964400.0,88.05394995211066,88.1177977354759,88.18160606776861,88.24533785241873,88.30888964104572,88.37195814526348,88.43368467218536,88.49158683616811,88.5385655921311,88.55422517745207
1965600.0,88.05394995211066,88.11779777480639,88.1816059436258,88.24533813153064,88.30888911604447,88.3719590020188,88.43368347350922,88.49158816261935,88.53856484317335,88.5542237366913
1966800.0,88.05394995211066,88.1177977532763,88.18160601158343,88.24533797874061,88.30888940343802,88.37195853301812,88.43368412968246,88.49158743650004,88.538565253164,88.55422452538527
1968000.0,88.05394995211066,88.11779771603723,88.18160612912506,88.2453377144702,88.30888990052284,88.37195772181981,88.43368526462064,88.49158618058094,88.538565962297,88.55422588953563
1969200.0,88.05394995211066,88.11779776687042,88.18160596867486,88.2453380752125,88.30888922197725,88.37195882914594,88.43368371537349,88.49158789497307,88.53856499429523,88.55422402740254
1970400.0,88.05394995211066,88.11779775174242,88.18160601642477,88.24533796785568,88.30888942391226,88.37195849960611,88.43368417642878,88.49158738477085,88.5385652823721,88.55422458157248
1971600.0,88.05394995211066,88.11779778055282,88.18160592548767,88.2453381723106,88.30888903933864,88.3719591271962,88.43368329837486,88.49158835642248,88.53856473374579,88.55422352618679
1972800.0,88.05394995211066,88.11779774984313,88.18160602241961,88.24533795437785,88.30888944926365,88.37195845823473,88.43368423431102,88.4915873207185,88.53856531853803,88.55422465114442
1974000.0,88.05394995211066,88.11779783555265,88.18160575188638,88.24533856262056,88.30888830517738,88.37196032528186,88.43368162214769,88.49159021132998,88.53856368640433,88.55422151142902
1975200.0,88.05394995211066,88.11779774741063,88.18160603009797,88.24533793711409,88.30888948173627,88.37195840524235,88.43368430845206,88.49158723867423,88.53856536486306,88.55422474025923
1976400.0,88.05394995211066,88.11779778836777,88.18160590082076,88.24533822776962,88.30888893502215,88.37195929743122,88.43368306020115,88.49158861998478,88.53856458492996,88.55422323991164
1977600.0,88.05394995211066,88.11779776916853,88.18160596142107,88.24533809152123,88.30888919130099,88.37195887920689,88.43368364533389,88.49158797247877,88.53856495053303,88.55422394321768
1978800.0,88.05394995211066,88.11779771724088,88.1816061253255,88.24533772301304,88.30888988445406,88.37195774804266,88.433685227932,88.49158622118075,88.538565939373,88.554225845437
1980000.0,88.05394995211066,88.11779777615227,88.18160593937758,88.24533814108196,88.30888909807882,88.3719590313372,88.43368343249007,88.49158820801094,88.53856481754372,88.55422368738786
1981200.0,88.05394995211066,88.1177977384723,88.18160605831088,88.24533787368264,88.30888960104883,88.37195821053474,88.43368458086526,88.49158693722251,88.53856553507242,88.55422506768896
1982400.0,88.05394995211066,88.11779778597365,88.18160590837753,88.24533821077956,88.30888896697971,88.3719592452792,88.4336831331663,88.49158853924177,88.53856463052001,88.55422332761266
1983600.0,88.05394995211066,88.11779774102884,88.18160605024117,88.24533789182605,88.30888956692162,88.37195826622731,88.43368450294635,88.49158702344725,88.53856548638721,88.55422497403379
1984800.0,88.05394995211066,88.1177978172583,88.18160580963047,88.24533843279393,88.30888854937744,88.371959926769,88.43368217970209,88.49158959434209,88.53856403477587,88.55422218158708
1986000.0,88.05394995211066,88.11779775351111,88.18160601084224,88.24533798040699,88.30888940030347,88.37195853813348,88.4336841225256,88.49158744441976,88.53856524869225,88.554224516783
1987200.0,88.05394995211066,88.11779778411935,88.18160591423035,88.24533819762075,88.3088889917309,88.37195920488755,88.43368318967786,88.4915884767061,88.53856466582967,88.55422339553742
1988400.0,88.05394995211066,88.11779780175577,88.18160585856273,88.24533832277884,88.30888875631237,88.37195958906976,88.433682652173,88.49158907150739,88.5385643299854,88.55422274947803
1989600.0,88.05394995211066,88.11779774833744,88.18160602717221,88.24533794369215,88.30888946936315,88.37195842543413,88.43368428020194,88.49158726993579,88.53856534721176,88.55422470630364
1990800.0,88.05394995211066,88.11779778451063,88.18160591299532,88.2453382003975,88.30888898650792,88.37195921341112,88.43368317775264,88.49158848990274,88.5385646583785,88.55422338120363
1992000.0,88.05394995211066,88.11779770024928,88.18160617895772,88.24533760243092,88.30889011126573,88.37195737790582,88.43368574578685,88.49158564812367,88.53856626293995,88.5542264678786
1993200.0,88.05394995211066,88.11779777944703,88.18160592897806,88.2453381644632,88.30888905409932,88.37195910310798,88.43368333207651,88.49158831912823,88.53856475480345,88.5542235666951
1994400.0,88.05394995211066,88.11779773697049,88.18160606305108,88.24533786302526,88.30888962109513,88.37195817782096,88.43368462663474,88.49158688657428,88.53856556367006,88.55422512270195
1995600.0,88.05394995211066,88.11779774768655,88.18160602922693,88.24533793907244,88.30888947805263,88.37195841125353,88.43368430004188,88.49158724798086,88.53856535960819,88.5542247301506
1996800.0,88.05394995211066,88.11779775316712,88.18160601192797,88.24533797796612,88.30888940489481,88.37195853064067,88.43368413300867,88.49158743281936,88.53856525524236,88.55422452938333
1998000.0,88.05394995211066,88.11779778792362,88.18160590222281,88.24533822461747,88.30888894095092,88.37195928775583,88.43368307373775,88.49158860500526,88.53856459338782,88.55422325618198
1999200.0,88.05394995211066,88.11779777734789,88.18160593560376,88.24533814956665,88.30888908211932,88.37195905738176,88.43368339605156,88.49158824833368,88.53856479477626,88.55422364359045
2000400.0,88.05394995211066,88.11779776550122,88.1816059729966,88.24533806549576,88.30888924025416,88.37195879931978,88.43368375710294,88.49158784879538,88.53856502036874,88.55422407755984
2001600.0,88.05394995211066,88.11779779931936,88.18160586625287,88.24533830548928,88.30888878883354,88.37195953599807,88.4336827264251,88.49158898934046,88.53856437637964,88.55422283872603
2002800.0,88.05394995211066,88.11779771504203,88.18160613226618,88.24533770740815,88.30888991380624,88.37195770014233,88.43368529494911,88.4915861470197,88.53856598124705,88.55422592598951
2004000.0,88.05394995211066,88.1177977827173,88.18160591865586,88.24533818767075,88.3088890104467,88.37195917434505,88.43368323240949,88.49158842941948,88.5385646925294,88.55422344689939
2005200.0,88.05394995211066,88.11779774139988,88.18160604907007,88.24533789445897,88.3088895619692,88.37195827430928,88.43368449163896,88.49158703596018,88.53856547932209,88.55422496044275
2006400.0,88.05394995211066,88.11779775133823,88.18160601770069,88.24533796498723,88.3088894293077,88.37195849080108,88.43368418874782,88.49158737113854,88.53856529006947,88.55422459637977
2007600.0,88.05394995211066,88.11779775919089,88.18160599291448,88.24533802071441,88.30888932448656,88.37195866185985,88.43368394942149,88.49158763597637,88.53856514053332,88.55422430871894
2008800.0,88.05394995211066,88.11779776797667,88.18160596518322,88.24533808306275,88.30888920721112,88.371958853243,88.43368368165957,88.49158793228084,88.53856497323002,88.55422398687972
2010000.0,88.05394995211066,88.11779778440257,88.18160591333616,88.24533819963119,88.30888898794949,88.37195921105848,88.43368318104423,88.49158848626018,88.53856466043528,88.55422338516027
2011200.0,88.05394995211066,88.11779775446331,88.18160600783663,88.24533798716463,88.30888938759253,88.37195855887657,88.43368409350418,88.49158747653486,88.53856523055926,88.55422448190073
2012400.0,88.05394995211066,88.11779783040166,88.18160576814488,88.2453385260664,88.30888837393437,88.37196021307658,88.4336817791327,88.49159003761093,88.53856378449187,88.55422170011889
2013600.0,88.05394995211066,88.11779773350993,88.18160607397394,88.2453378384673,88.30888966728779,88.37195810243898,88.43368473210047,88.49158676986617,88.53856562956754,88.55422524946805
2014800.0,88.05394995211066,88.11779779405875,88.18160588285768,88.24533826815623,88.30888885905578,88.37195942140164,88.43368288675565,88.49158881191906,88.53856447655767,88.55422303143723
2016000.0,88.05394995211066,88.11779776185504,88.18160598450534,88.24533803962072,88.30888928892439,88.37195871989401,88.43368386822662,88.49158772582626,88.5385650898011,88.55422421112603
2017200.0,88.05394995211066,88.11779776672789,88.18160596912492,88.24533807420055,88.30888922388067,88.37195882603987,88.43368371971914,88.49158789016417,88.53856499701064,88.55422403262618
2018400.0,88.05394995211066,88.11779776517925,88.18160597401281,88.24533806321111,88.30888924455151,88.37195879230673,88.43368376691477,88.49158783793764,88.53856502649934,88.5542240893533
2019600.0,88.05394995211066,88.11779769501116,88.18160619549114,88.24533756525878,88.30889018118515,88.37195726380381,88.433685905425,88.49158547146898,88.53856636268485,88.55422665975689
2020800.0,88.05394995211066,88.11779777326603,88.18160594848763,88.24533812059973,88.30888913660534,88.37195896846539,88.43368352045329,88.49158811067115,88.53856487250512,88.55422379311659
2022000.0,88.05394995211066,88.11779773858154,88.18160605796581,88.24533787445841,88.30888959958966,88.3719582129161,88.43368457753347,88.49158694090949,88.53856553299096,88.55422506368495
2023200.0,88.05394995211066,88.1177977715772,88.18160595381843,88.24533810861418,88.30888915914967,88.37195893167502,88.43368357192635,88.49158805371131,88.53856490466661,88.55422385498521
2024400.0,88.05394995211066,88.11779774671461,88.18160603229455,88.24533793217545,88.30888949102557,88.37195839008307,88.43368432966109,88.49158721520442,88.5385653781151,88.55422476575214
2025600.0,88.05394995211066,88.11779779409815,88.18160588273325,88.24533826843616,88.30888885852927,88.37195942226082,88.43368288555347,88.49158881324928,88.53856447580662,88.55422302999254
2026800.0,88.05394995211066,88.11779777533864,88.18160594194575,88.24533813530788,88.30888910893967,88.37195901361333,88.43368345728734,88.49158818057047,88.53856483303767,88.55422371719357
2028000.0,88.05394995211066,88.1177977601871,88.18160598977,88.24533802778396,88.3088893111889,88.3719586835605,88.43368391906051,88.49158766957373,88.53856512156318,88.55422427222645
2029200.0,88.05394995211066,88.11779777519669,88.18160594239389,88.24533813430025,88.30888911083491,88.37195901052034,88.43368346161473,88.49158817578181,88.53856483574158,88.55422372239495
2030400.0,88.05394995211066,88.11779770436955,88.18160616595273,88.24533763167007,88.3088900562677,88.37195746765768,88.43368562021587,88.49158578708034,88.53856618448077,88.5542263169477
2031600.0,88.05394995211066,88.11779778124627,88.18160592329907,88.24533817723152,88.30888903008255,88.37195914230115,88.43368327724174,88.49158837980833,88.53856472054152,88.55422350078605
2032800.0,88.05394995211066,88.11779773148446,88.18160608036679,88.24533782409422,88.30888969432347,88.37195805831878,88.43368479382885,88.49158670155788,88.5385656681366,88.55422532366298
2034000.0,88.05394995211066,88.11779777678356,88.18160593738504,88.24533814556176,88.3088890896522,88.3719590450887,88.43368341325056,88.49158822930153,88.53856480552271,88.55422366426326
2035200.0,88.05394995211066,88.1177977441714,88.18160604032205,88.24533791412725,88.30888952497388,88.37195833468216,88.43368440717205,88.49158712943093,88.5385654265456,88.55422485891731
2036400.0,88.05394995211066,88.11779780540836,88.1816058470336,88.24533834870016,88.30888870755541,88.37195966863636,88.43368254085252,88.49158919469446,88.53856426043015,88.55422261567551
2037600.0,88.05394995211066,88.1177977662647,88.18160597058682,88.24533807091387,88.30888923006287,88.37195881595099,88.43368373383446,88.49158787454417,88.53856500583015,88.55422404959229
2038800.0,88.05394995211066,88.1177977755441,88.18160594129714,88.24533813676622,88.30888910619663,88.37195901808978,88.43368345102446,88.49158818750095,88.53856482912445,88.55422370966579
2040000.0,88.05394995211066,88.11779781969939,88.18160580192553,88.245338450117,88.30888851679308,88.37195997994411,88.4336821053053,88.49158967666972,88.53856398829107,88.55422209216505
2041200.0,88.05394995211066,88.11779773868987,88.18160605762395,88.24533787522726,88.30888959814341,88.37195821527636,88.43368457423128,88.49158694456374,88.53856553092761,88.55422505971572
2042400.0,88.05394995211066,88.11779779040735,88.18160589438294,88.24533824224397,88.30888890779599,88.37195934186195,88.43368299803875,88.49158868877353,88.53856454608977,88.55422316519531
2043600.0,88.05394995211066,88.11779771746666,88.18160612461297,88.24533772461469,88.30888988144142,88.37195775295885,88.43368522105443,88.4915862287913,88.53856593507606,88.55422583717117
2044800.0,88.05394995211066,88.11779777717467,88.1816059361505,88.24533814833735,88.30888908443153,88.3719590536084,88.43368340133085,88.49158824249177,88.53856479807496,88.55422364993618
2046000.0,88.05394995211066,88.11779774488063,88.1816060380834,88.24533791916035,88.30888951550673,88.371958350132,88.43368438555629,88.49158715335095,88.53856541303941,88.55422483293577
2047200.0,88.05394995211066,88.11779772508349,88.18160610057117,88.24533777866849,88.30888977976785,88.37195791888122,88.4336849889142,88.49158648567698,88.5385657900301,88.55422555814802
2048400.0,88.05394995211066,88.11779776039381,88.18160598911751,88.2453380292511,88.3088893084294,88.3719586880638,88.43368391275992,88.49158767654596,88.53856511762653,88.55422426465356
2049600.0,88.05394995211066,88.11779776781388,88.18160596569709,88.2453380819073,88.30888920938467,88.3719588496962,88.43368368662172,88.49158792678976,88.53856497633058,88.55422399284436
2050800.0,88.05394995211066,88.11779777952661,88.18160592872702,88.24533816502775,88.30888905303738,88.37195910484085,88.43368332965213,88.4915883218113,88.53856475328851,88.55422356378105
2052000.0,88.05394995211066,88.11779775703117,88.18160599973169,88.24533800538693,88.3088893533171,88.37195861481104,88.43368401524695,88.49158756313396,88.53856518166266,88.55422438783903
2053200.0,88.05394995211066,88.11779780182549,88.18160585834255,88.24533832327414,88.30888875538069,88.37195959059032,88.4336826500456,88.49158907386163,88.53856432865629,88.55422274692128
2054400.0,88.05394995211066,88.11779773550113,88.18160606768896,88.24533785259777,88.30888964070901,88.37195814581283,88.43368467141693,88.49158683701832,88.5385655916514,88.55422517652926
2055600.0,88.05394995211066,88.11779777682446,88.18160593725597,88.24533814585199,88.30888908910647,88.37195904597931,88.43368341200443,88.49158823068042,88.53856480474415,88.55422366276552
2056800.0,88.05394995211066,88.11779775317694,88.1816060118969,88.24533797803585,88.30888940476362,88.37195853085478,88.43368413270926,88.49158743315054,88.5385652550556,88.55422452902405
2058000.0,88.05394995211066,88.11779773026475,88.1816060842171,88.24533781543748,88.30888971060624,88.37195803174687,88.43368483100521,88.49158666041848,88.53856569136526,88.55422536834766
2059200.0,88.05394995211066,88.11779776870236,88.18160596289258,88.24533808821286,88.30888919752398,88.37195886905164,88.433683659542,88.49158795675608,88.5385649594106,88.55422396029559
2060400.0,88.05394995211066,88.11779774927791,88.18160602420389,88.24533795036587,88.30888945680996,88.37195844591994,88.43368425154051,88.49158730165232,88.53856532930372,88.5542246718543
2061600.0,88.05394995211066,88.11779778623195,88.18160590756207,88.24533821261319,88.30888896353079,88.37195925090755,88.43368312529186,88.49158854795549,88.53856462560022,88.55422331814857
2062800.0,88.05394995211066,88.11779774615295,88.1816060340675,88.24533792818963,88.30888949852283,88.37195837784816,88.43368434677893,88.49158719626178,88.53856538881061,88.55422478632707
2064000.0,88.05394995211066,88.1177978281879,88.18160577513228,88.24533851035659,88.30888840348437,88.37196016485377,88.43368184660038,88.49158996295148,88.53856382664719,88.5542217812126
2065200.0,88.05394995211066,88.11779774386062,88.18160604130303,88.24533791192168,88.3088895291224,88.37195832791241,88.43368441664339,88.49158711894992,88.53856543246344,88.55422487030143
2066400.0,88.05394995211066,88.11779778983284,88.18160589619633,88.24533823816697,88.30888891546476,88.37195932934704,88.43368301554814,88.49158866939764,88.53856455702987,88.55422318624075
2067600.0,88.05394995211066,88.1177977889899,88.18160589885694,88.24533823218499,88.30888892671666,88.37195931098509,88.4336830412381,88.49158864096914,88.53856457308146,88.55422321711897
2068800.0,88.05394995211066,88.11779775636258,88.18160600184181,88.24533800064273,88.30888936224075,88.37195860024835,88.43368403562147,88.49158754058769,88.53856519439287,88.55422441232798
2070000.0,88.05394995211066,88.11779777654802,88.18160593812843,88.2453381438903,88.30888909279639,88.37195903995766,88.43368342042942,88.4915882213573,88.53856481000805,88.55422367289172
2071200.0,88.05394995211066,88.11779769057544,88.18160620949229,88.24533753377975,88.30889024039594,88.37195716717731,88.43368604061418,88.49158532186904,88.53856644715417,88.55422682224928
2072400.0,88.05394995211066,88.1177977771016,88.18160593638109,88.2453381478191,88.3088890854065,88.37195905201723,88.43368340355673,88.49158824002855,88.53856479946582,88.55422365261161
2073600.0,88.05394995211066,88.11779773532902,88.18160606823233,88.24533785137595,88.30888964300743,88.37195814206176,88.43368467666515,88.49158683121068,88.53856559493029,88.55422518283689
2074800.0,88.05394995211066,88.11779775505669,88.18160600596393,88.24533799137497,88.3088893796733,88.3719585717999,88.43368407542343,88.49158749654279,88.53856521926215,88.55422446016867
2076000.0,88.05394995211066,88.11779774959157,88.18160602321387,88.2453379525917,88.30888945262348,88.37195845275157,88.43368424198263,88.49158731222909,88.53856532333157,88.55422466036579
2077200.0,88.05394995211066,88.11779778294844,88.18160591792626,88.24533818931123,88.30888900736099,88.37195917938064,88.43368322536413,88.491588437216,88.53856468812714,88.55422343843092
2078400.0,88.05394995211066,88.11779779853134,88.18160586874042,88.2453382998963,88.30888879935358,88.37195951883034,88.43368275044418,88.491588962761,88.53856439138727,88.55422286759608
2079600.0,88.05394995211066,88.11779774694078,88.18160603158084,88.24533793378005,88.30888948800771,88.37195839500777,88.43368432277103,88.49158722282884,88.53856537380986,88.55422475747025
2080800.0,88.05394995211066,88.11779778600513,88.18160590827803,88.24533821100349,88.3088889665586,88.37195924596661,88.43368313220462,88.49158854030597,88.5385646299192,88.55422332645702
2082000.0,88.05394995211066,88.11779770430078,88.18160616616979,88.24533763118225,88.30889005718461,88.37195746616193,88.43368562230849,88.49158578476485,88.53856618578797,88.55422631946243
2083200.0,88.05394995211066,88.1177977832543,88.18160591696066,88.24533819148202,88.30888900327793,88.37195918604374,88.43368321604201,88.49158844753187,88.53856468230272,88.55422342722639
2084400.0,88.05394995211066,88.11779773489383,88.18160606960564,88.24533784828877,88.30888964881416,88.37195813258586,88.43368468992269,88.49158681653991,88.53856560321402,88.55422519877212
2085600.0,88.05394995211066,88.11779776040689,88.1816059890761,88.24533802934442,88.30888930825384,88.37195868835012,88.43368391235934,88.49158767698911,88.53856511737625,88.55422426417198
2086800.0,88.05394995211066,88.11779775195859,88.18160601574262,88.24533796938962,88.30888942102696,88.3719585043146,88.43368416984116,88.49158739206064,88.53856527825609,88.55422457365458
2088000.0,88.05394995211066,88.11779778533901,88.18160591038067,88.24533820627603,88.3088889754508,88.37195923145534,88.43368315250716,88.4915885178392,88.53856464260464,88.55422335085979
2089200.0,88.05394995211066,88.1177977782482,88.18160593276204,88.24533815595578,88.30888907010167,88.37195907699336,88.43368336861316,88.49158827869701,88.53856477763213,88.55422361061055
2090400.0,88.05394995211066,88.11779776399551,88.18160597774923,88.24533805481033,88.30888926035324,88.37195876651982,88.43368380299304,88.49158779801354,88.53856504904182,88.55422413271789
2091600.0,88.05394995211066,88.11779783176287,88.1816057638485,88.24533853572603,88.30888835576516,88.37196024272707,88.4336817376489,88.49159008351702,88.53856375857178,88.55422165025671
2092800.0,88.05394995211066,88.1177977319125,88.18160607901598,88.24533782713138,88.3088896886104,88.37195806764213,88.43368478078456,88.49158671599271,88.53856565998613,88.55422530798394
2094000.0,88.05394995211066,88.11779779366037,88.181605884115,88.24533826532954,88.30888886437272,88.37195941272496,88.433682898895,88.49158879848567,88.5385644841426,88.55422304602827
2095200.0,88.05394995211066,88.11779774556211,88.18160603593252,88.24533792399617,88.30888950641068,88.37195836497584,88.43368436478842,88.49158717633254,88.53856540006335,88.55422480797364
2096400.0,88.05394995211066,88.11779777130879,88.18160595466584,88.24533810670914,88.3088891627329,88.37195892582764,88.43368358010729,88.4915880446582,88.53856490977824,88.55422386481827
2097600.0,88.05394995211066,88.11779775683257,88.18160600035826,88.24533800397835,88.30888935596673,88.371958610487,88.43368402129664,88.49158755643954,88.53856518544232,88.55422439510994
2098800.0,88.05394995211066,88.11779770054174,88.18160617803478,88.24533760450605,88.3088901073621,88.3719573842764,88.43368573687351,88.49158565798747,88.53856625737055,88.55422645716499
2100000.0,88.05394995211066,88.11779776833131,88.18160596406368,88.24533808557997,88.30888920247641,88.3719588609696,88.43368367084942,88.49158794424335,88.53856496647569,88.55422397388652
2101200.0,88.05394995211066,88.11779774584288,88.18160603504612,88.2453379259893,88.30888950266157,88.37195837109437,88.43368435622794,88.49158718580557,88.53856539471452,88.5542247976842
2102400.0,88.05394995211066,88.11779782320014,88.18160579087584,88.24533847496015,88.30888847006388,88.37196005620166,88.4336819986147,88.49158979473282,88.53856392162896,88.55422196392776
2103600.0,88.05394995211066,88.11779773162459,88.18160607992486,88.24533782508767,88.3088896924546,88.37195806136883,88.43368478956138,88.49158670628033,88.53856566547005,88.55422531853333
2104800.0,88.05394995211066,88.11779779447572,88.18160588154149,88.24533827111554,88.30888885348938,88.37195943048565,88.43368287404623,88.4915888259832,88.53856446861656,88.55422301616103
2106000.0,88.05394995211066,88.1177977559726,88.18160600307274,88.2453379978754,88.30888936744597,88.37195859175397,88.43368404750592,88.49158752743638,88.53856520181856,88.55422442661266
2107200.0,88.05394995211066,88.11779776879061,88.18160596261409,88.24533808883903,88.30888919634612,88.37195887097371,88.43368365685272,88.49158795973204,88.53856495773027,88.55422395706302
2108400.0,88.05394995211066,88.11779776633966,88.18160597035006,88.24533807144621,88.30888922906159,88.37195881758495,88.4336837315484,88.491587877074,88.53856500440166,88.55422404684425
2109600.0,88.05394995211066,88.1177977095331,88.18160614965444,88.24533766831384,88.3088899873416,88.37195758013928,88.433685462844,88.49158596122757,88.53856608615136,88.5542261277926
2110800.0,88.05394995211066,88.117797775789,88.1816059405242,88.24533813850391,88.30888910292808,88.3719590234237,88.43368344356169,88.49158819575912,88.53856482446164,88.55422370069581
2112000.0,88.05394995211066,88.11779773678272,88.18160606364393,88.2453378616923,88.30888962360221,88.37195817372975,88.43368463235855,88.4915868802402,88.53856556724675,88.55422512958228
2113200.0,88.05394995211066,88.11779778082622,88.18160592462485,88.24533817425069,88.30888903568936,88.3719591331512,88.43368329004342,88.491588365642,88.53856472854022,88.55422351617298
2114400.0,88.05394995211066,88.11779774336007,88.18160604288317,88.24533790836881,88.30888953580543,88.37195831700623,88.43368443190192,88.49158710206503,88.53856544199714,88.55422488864116
2115600.0,88.05394995211066,88.11779781888325,88.18160580450156,88.24533844432543,88.30888852768662,88.371959962167,88.43368213017692,88.4915896491467,88.5385640038315,88.55422212205976
2116800.0,88.05394995211066,88.11779775726004,88.18160599900908,88.24533800701171,88.30888935026101,88.37195861979825,88.4336840082694,88.49158757085543,88.53856517730277,88.55422437945188
2118000.0,88.05394995211066,88.11779778266494,88.181605918821,88.24533818729955,88.3088890111448,88.37195917320578,88.43368323400355,88.49158842765557,88.53856469352532,88.55422344881528
2119200.0,88.05394995211066,88.11779781218738,88.18160582563642,88.24533839680764,88.30888861706633,88.37195981630694,88.43368233424822,88.49158942332203,88.53856413133948,88.55422236734532
2120400.0,88.05394995211066,88.11779774568511,88.18160603554428,88.245337924869,88.30888950476894,88.37195836765504,88.43368436104014,88.4915871804804,88.53856539772123,88.55422480346817
2121600.0,88.05394995211066,88.11779778520659,88.18160591079855,88.24533820533654,88.30888897721786,88.3719592285715,88.43368315654195,88.49158851337431,88.5385646451257,88.55422335570951
2122800.0,88.05394995211066,88.11779770365287,88.18160616821473,88.24533762658471,88.30889006583266,88.37195745204886,88.43368564205399,88.49158576291453,88.53856619812527,88.55422634319554
2124000.0,88.05394995211066,88.11779777735617,88.1816059355775,88.24533814962582,88.30888908200814,88.37195905756315,88.43368339579773,88.49158824861465,88.5385647946177,88.55422364328545
2125200.0,88.05394995211066,88.11779774,88.18160605348844,88.24533788452524,88.30888958065442,88.37195824381652,88.43368453430091,88.49158698875073,88.5385655059781,88.55422501172059
2126400.0,88.05394995211066,88.11779779378428,88.18160588372395,88.24533826620873,88.30888886271913,88.3719594154233,88.43368289511979,88.49158880266333,88.53856448178364,88.55422304149046
2127600.0,88.05394995211066,88.11779776701098,88.18160596823124,88.24533807620998,88.30888922010105,88.37195883220771,88.43368371108983,88.49158789971341,88.53856499161878,88.55422402225393
2128800.0,88.05394995211066,88.11779777280825,88.1816059499328,88.24533811735043,88.3088891427171,88.37195895849156,88.43368353440756,88.49158809522945,88.53856488122406,88.55422380988895
2130000.0,88.05394995211066,88.11779781059174,88.1816058306729,88.24533838548415,88.30888863836547,88.37195978154874,88.43368238287788,88.49158936950869,88.53856416172424,88.55422242579608
2131200.0,88.05394995211066,88.11779773767552,88.1816060608257,88.24533786802854,88.30888961168424,88.37195819317884,88.43368460514762,88.49158691035178,88.53856555024464,88.55422509687563
2132400.0,88.05394995211066,88.11779779303183,88.18160588609896,88.24533826086893,88.30888887276305,88.37195939903252,88.43368291805204,88.49158877728645,88.53856449611222,88.55422306905415
2133600.0,88.05394995211066,88.11779771632321,88.18160612822213,88.24533771650039,88.30888989670417,88.37195772805147,88.43368525590179,88.49158619022944,88.53856595684924,88.55422587905585
2134800.0,88.05394995211066,88.11779778067309,88.18160592510806,88.24533817316453,88.30888903773243,88.37195912981697,88.43368329470813,88.4915883604801,88.53856473145488,88.5542235217798
2136000.0,88.05394995211066,88.11779774332703,88.18160604298726,88.24533790813499,88.30888953624512,88.37195831628868,88.43368443290605,88.49158710095396,88.53856544262436,88.55422488984784
2137200.0,88.05394995211066,88.11779774097586,88.18160605040875,88.24533789144915,88.30888956763066,88.37195826507012,88.43368450456524,88.491587021656,88.53856548739873,88.5542249759797
2138400.0,88.05394995211066,88.11779776012992,88.1816059899506,88.24533802737801,88.30888931195251,88.37195868231433,88.43368392080392,88.49158766764444,88.53856512265244,88.55422427432185
2139600.0,88.05394995211066,88.11779776711441,88.18160596790483,88.24533807694377,88.3088892187207,88.37195883446043,88.43368370793812,88.49158790320107,88.53856498964943,88.55422401846565
2140800.0,88.05394995211066,88.1177977833722,88.18160591658872,88.24533819231831,88.30888900170488,88.37195918861107,88.4336832124499,88.49158845150674,88.53856468005826,88.55422342290888
2142000.0,88.05394995211066,88.11779775515416,88.18160600565596,88.24533799206772,88.30888937837022,88.37195857392636,88.43368407244833,88.49158749983523,88.53856521740309,88.55422445659248
2143200.0,88.05394995211066,88.11779783596413,88.18160575058764,88.24533856554032,88.30888829968578,88.37196033424352,88.4336816096094,88.49159022520499,88.53856367857009,88.55422149635855
2144400.0,88.05394995211066,88.11779773642292,88.18160606477927,88.24533785913995,88.3088896284032,88.37195816589502,88.43368464332,88.49158686811057,88.53856557409557,88.55422514275735
2145600.0,88.05394995211066,88.1177977926029,88.18160588745273,88.24533825782521,88.3088888784883,88.37195938968942,88.43368293112383,88.49158876282137,88.53856450427995,88.55422308476625
2146800.0,88.05394995211066,88.11779777313716,88.1816059488946,88.24533811968472,88.30888913832638,88.37195896565675,88.43368352438289,88.49158810632271,88.53856487496037,88.55422379783968
2148000.0,88.05394995211066,88.117797763268,88.18160598004546,88.24533804964793,88.30888927006364,88.37195875067326,88.43368382516364,88.49158777347962,88.53856506289448,88.55422415936613
2149200.0,88.05394995211066,88.11779776767993,88.1816059661197,88.24533808095734,88.30888921117136,88.37195884678012,88.43368369070177,88.49158792227479,88.53856497887985,88.55422399774828
2150400.0,88.05394995211066,88.11779768489778,88.18160622741308,88.24533749348844,88.30889031618297,88.37195704349918,88.4336862136508,88.49158513038725,88.53856655527088,88.55422703023211
2151600.0,88.05394995211066,88.11779777330683,88.18160594835896,88.24533812088897,88.30888913606125,88.37195896935326,88.43368351921107,88.49158811204579,88.53856487172895,88.5542237916234
2152800.0,88.05394995211066,88.1177977378257,88.18160606035151,88.24533786909483,88.30888960967835,88.37195819645218,88.43368460056796,88.4915869154197,88.53856554738313,88.55422509137102
2154000.0,88.05394995211066,88.11779781907975,88.18160580388152,88.24533844571931,88.30888852506469,88.37195996644553,88.43368212419101,88.49158965577067,88.53856400009141,88.55422211486501
2155200.0,88.05394995211066,88.11779774247428,88.18160604567878,88.24533790208358,88.3088895476277,88.37195829771326,88.43368445889476,88.49158707219475,88.53856545886302,88.5542249210858
2156400.0,88.05394995211066,88.11779778941023,88.18160589753028,88.24533823516765,88.30888892110626,88.37195932014097,88.43368302842822,88.49158865514458,88.5385645650775,88.5542232017218
2157600.0,88.05394995211066,88.11779778022405,88.18160592652534,88.24533816997776,88.30888904372662,88.37195912003527,88.43368330839368,88.49158834533578,88.5385647400058,88.55422353822914
2158800.0,88.05394995211066,88.11779775754108,88.18160599812212,88.24533800900585,88.30888934650994,88.37195862591965,88.43368399970502,88.49158758033283,88.5385651719515,88.55422436915777
2160000.0,88.05394995211066,88.11779777833068,88.18160593250165,88.24533815654121,88.30888906900051,88.37195907879038,88.43368336609893,88.49158828147922,88.53856477606138,88.5542236075888
2161200.0,88.05394995211066,88.11779769798174,88.18160618611483,88.24533758633962,88.30889014153256,88.37195732851315,88.43368581489133,88.49158557165332,88.53856630611767,88.55422655093919
2162400.0,88.05394995211066,88.11779778021689,88.18160592654817,88.2453381699263,88.30888904382357,88.37195911987688,88.43368330861533,88.49158834509048,88.53856474014444,88.5542235384958
2163600.0,88.05394995211066,88.11779773289446,88.18160607591653,88.24533783409949,88.30888967550362,88.37195808903151,88.43368475085865,88.49158674910869,88.53856564128789,88.55422527201436
2164800.0,88.05394995211066,88.11779776822742,88.18160596439179,88.245338084842,88.30888920386425,88.37195885870497,88.43368367401784,88.49158794073726,88.53856496845535,88.55422397769478
2166000.0,88.05394995211066,88.11779774696075,88.18160603151766,88.24533793392234,88.3088894877398,88.371958395445,88.43368432215935,88.49158722350572,88.53856537342782,88.55422475673527
2167200.0,88.05394995211066,88.11779780265348,88.1816058557293,88.24533832914945,88.30888874432938,88.37195960862495,88.4336826248137,88.49158910178312,88.53856431289086,88.55422271659356
2168400.0,88.05394995211066,88.11779777032676,88.18160595776524,88.24533809974069,88.30888917584052,88.37195890443702,88.4336836100346,88.4915880115408,88.53856492847744,88.55422390078984
2169600.0,88.05394995211066,88.11779777311229,88.18160594897316,88.2453381195081,88.30888913865854,88.37195896511477,88.43368352514109,88.49158810548364,88.53856487543425,88.55422379875128
2170800.0,88.05394995211066,88.11779782962996,88.18160577058075,88.24533852058973,88.30888838423607,88.3719601962653,88.43368180265286,88.49159001158394,88.53856379918771,88.55422172838912
2172000.0,88.05394995211066,88.1177977359339,88.18160606632289,88.24533785566923,88.3088896349318,88.37195815524099,88.43368465822596,88.49158685161562,88.53856558340898,88.55422516067364
2173200.0,88.05394995211066,88.11779779088069,88.18160589288908,88.2453382456024,88.30888890147904,88.37195935217075,88.4336829836157,88.49158870473404,88.53856453707779,88.5542231478592
2174400.0,88.05394995211066,88.11779772860064,88.18160608946974,88.24533780362802,88.30888973281937,88.37195799549718,88.43368488172163,88.49158660429593,88.5385657230539,88.55422542930677
2175600.0,88.05394995211066,88.11779777408469,88.18160594590387,88.24533812640887,88.30888912567848,88.37195898629702,88.43368349550524,88.49158813827863,88.53856485691712,88.5542237631301
2176800.0,88.05394995211066,88.11779774943672,88.18160602370251,88.24533795149327,88.30888945468956,88.3719584493801,88.43368424669926,88.49158730700978,88.53856532627861,88.55422466603505
2178000.0,88.05394995211066,88.11779777251151,88.18160595086964,88.24533811524411,88.30888914667891,88.3719589520264,88.43368354345286,88.49158808521986,88.53856488687578,88.55422382076122
2179200.0,88.05394995211066,88.11779778022613,88.18160592651881,88.24533816999251,88.30888904369903,88.37195912008029,88.43368330833067,88.49158834540546,88.5385647399664,88.5542235381535
2180400.0,88.05394995211066,88.11779776035277,88.18160598924727,88.24533802895941,88.30888930897791,88.37195868716867,88.43368391401226,88.49158767516003,88.53856511840904,88.55422426615888
2181600.0,88.05394995211066,88.11779782242778,88.1816057933136,88.2453384694795,88.30888848037253,88.3719600393793,88.43368202215002,88.49158976868912,88.53856393633406,88.55422199221586
2182800.0,88.05394995211066,88.1177977302543,88.18160608425015,88.24533781536327,88.30888971074606,88.37195803151857,88.43368483132481,88.49158666006466,88.53856569156513,88.55422536873215
2184000.0,88.05394995211066,88.11779779586924,88.18160587714299,88.24533828100488,88.30888883488787,88.37195946084161,88.43368283157552,88.49158887298121,88.53856444208014,88.5542229651133
2185200.0,88.05394995211066,88.11779773992447,88.18160605372705,88.24533788398855,88.30888958166399,88.37195824216911,88.43368453660607,88.49158698619961,88.53856550741857,88.55422501449179
2186400.0,88.05394995211066,88.11779777436189,88.18160594502862,88.24533812837682,88.30888912197689,88.37195899233764,88.43368348705398,88.49158814763076,88.5385648516366,88.55422375297209
2187600.0,88.05394995211066,88.11779775613124,88.18160600257214,88.24533799900082,88.30888936532912,88.3719585952084,88.43368404267284,88.49158753278473,88.53856519879874,88.55422442080365
2188800.0,88.05394995211066,88.11779771793789,88.1816061231254,88.24533772795951,88.30888987515009,88.37195776322557,88.43368520669024,88.49158624468666,88.53856592610119,88.55422581990626
2190000.0,88.05394995211066,88.11779776934047,88.18160596087851,88.24533809274115,88.30888918900642,88.37195888295149,88.43368364009477,88.49158797827636,88.53856494725969,88.55422393692103
2191200.0,88.05394995211066,88.11779774721295,88.18160603072195,88.24533793571119,88.30888948437516,88.3719584009361,88.4336843144768,88.49158723200719,88.53856536862763,88.55422474750132
2192400.0,88.05394995211066,88.1177977824432,88.18160591952092,88.2453381857258,88.30888901410513,88.3719591683749,88.43368324076238,88.49158842017631,88.53856469774853,88.55422345693943
2193600.0,88.05394995211066,88.11779774703173,88.18160603129371,88.24533793442573,88.30888948679289,88.37195839699051,88.43368431999713,88.49158722589853,88.53856537207687,88.5542247541365
2194800.0,88.05394995211066,88.11779783043076,88.18160576805305,88.2453385262729,88.30888837354618,88.37196021370994,88.43368177824678,88.49159003859153,88.53856378393832,88.5542216990541
2196000.0,88.05394995211066,88.1177977486287,88.18160602625294,88.24533794575898,88.30888946547537,88.37195843177881,88.43368427132516,88.49158727975883,88.5385653416656,88.55422469563467
2197200.0,88.05394995211066,88.11779778777083,88.18160590270477,88.24533822353364,88.3088889429898,88.3719592844287,88.43368307839289,88.49158859985383,88.53856459629678,88.55422326177788
2198400.0,88.05394995211066,88.1177978019865,88.18160585783446,88.24533832441621,88.30888875323258,88.37195959409554,88.43368264514177,88.49158907928815,88.53856432559238,88.55422274102729
2199600.0,88.05394995211066,88.11779775247648,88.18160601410803,88.24533797306455,88.30888941411446,88.37195851559507,88.4336841540587,88.49158740952555,88.53856526839503,88.55422455468504
2200800.0,88.05394995211066,88.1177977788643,88.18160593081744,88.24533816032775,88.30888906187806,88.37195909041363,88.43368334983701,88.49158829947463,88.53856476590063,88.55422358804282
2202000.0,88.05394995211066,88.1177977265293,88.18160609600731,88.24533778892945,88.30888976046731,88.37195795037779,88.43368494484776,88.49158653444081,88.5385657624964,88.55422550518179
2203200.0,88.05394995211066,88.11779778655321,88.18160590654806,88.2453382148929,88.3088889592426,88.37195925790564,88.43368311550088,88.49158855879024,88.53856461948254,88.5542233063802
2204400.0,88.05394995211066,88.11779774022666,88.18160605277328,88.2453378861332,88.30888957762957,88.37195824875286,88.43368452739468,88.4915869963931,88.53856550166309,88.55422500341994
2205600.0,88.05394995211066,88.1177978126193,88.18160582427326,88.24533839987207,88.30888861130256,88.37195982571265,88.43368232108898,88.49158943788396,88.53856412311741,88.55422235152876
2206800.0,88.05394995211066,88.11779775607127,88.18160600276133,88.24533799857547,88.30888936612925,88.37195859390278,88.43368404449934,88.49158753076357,88.53856519994005,88.55422442299911
2208000.0,88.05394995211066,88.11779778170632,88.18160592184687,88.24533818049657,88.3088890239411,88.37195915232329,88.43368326322003,88.49158839532467,88.53856471178061,88.55422348393282
2209200.0,88.05394995211066,88.11779780251216,88.18160585617531,88.24533832814657,88.3088887462158,88.37195960554642,88.43368262912091,88.4915890970168,88.53856431558225,88.55422272177094
2210400.0,88.05394995211066,88.11779774593894,88.18160603474283,88.24533792667125,88.30888950137886,88.3719583731874,88.43368435329965,88.49158718904607,88.53856539288503,88.55422479416485
2211600.0,88.05394995211066,88.11779778701232,88.1816059050989,88.24533821815105,88.3088889531142,88.37195926790658,88.43368310150875,88.49158857427393,88.53856461074,88.5542232895622
2212800.0,88.05394995211066,88.11779770400814,88.18160616709338,88.24533762910563,88.3088900610909,88.37195745978688,88.43368563122765,88.49158577489524,88.53856619136069,88.55422633018274
2214000.0,88.05394995211066,88.11779778082034,88.18160592464339,88.24533817420894,88.30888903576763,88.3719591330236,88.43368329022195,88.49158836544447,88.53856472865189,88.5542235163879
2215200.0,88.05394995211066,88.11779773738077,88.18160606175597,88.24533786593722,88.3088896156179,88.37195818675914,88.43368461412938,88.4915869004126,88.53856555585678,88.55422510767174
2216400.0,88.05394995211066,88.11779774974752,88.18160602272175,88.245337953698,88.30888945054251,88.37195845614794,88.43368423723062,88.49158731748754,88.53856532036264,88.55422465465459
2217600.0,88.05394995211066,88.11779775407294,88.18160600906904,88.24533798439374,88.30888939280452,88.37195855037112,88.43368410540421,88.49158746336637,88.53856523799467,88.55422449620438
2218800.0,88.05394995211066,88.11779778311072,88.18160591741419,88.24533819046238,88.30888900519558,88.37195918291464,88.43368322041984,88.49158844268743,88.53856468503804,88.55422343248846
2220000.0,88.05394995211066,88.11779777905134,88.18160593022685,88.24533816165552,88.30888905938063,88.37195909448916,88.4336833441348,88.49158830578489,88.53856476233773,88.55422358118892
2221200.0,88.05394995211066,88.11779776319194,88.18160598028558,88.24533804910796,88.30888927107908,88.37195874901619,88.433683827482,88.4915877709143,88.53856506434322,88.55422416215306
2222400.0,88.05394995211066,88.11779783906934,88.18160574078632,88.2453385875771,88.3088882582344,88.37196040188914,88.43368151496686,88.4915903299363,88.53856361943546,88.55422138260211
2223600.0,88.05394995211066,88.1177977333613,88.18160607444283,88.24533783741332,88.30888966927043,88.3719580992031,88.43368473662807,88.49158676485585,88.53856563239664,88.55422525491046
2224800.0,88.05394995211066,88.1177977926419,88.18160588732975,88.24533825810182,88.30888887796792,88.37195939053873,88.43368292993569,88.49158876413617,88.53856450353756,88.55422308333824
2226000.0,88.05394995211066,88.11779774440562,88.18160603958283,88.24533791578914,88.30888952184792,88.37195833978377,88.4336844000345,88.49158713732947,88.53856542208574,88.55422485033806
2227200.0,88.05394995211066,88.11779774935272,88.18160602396762,88.24533795089715,88.30888945581073,88.37195844755045,88.43368424925934,88.491587304177,88.53856532787819,88.55422466911216
2228400.0,88.05394995211066,88.11779776150333,88.18160598561549,88.24533803712458,88.3088892936195,88.37195871223214,88.43368387894633,88.49158771396404,88.53856509649913,88.55422422401114
2229600.0,88.05394995211066,88.11779776453005,88.18160597606196,88.24533805860396,88.30888925321743,88.37195877816467,88.4336837867008,88.49158781604274,88.53856503886225,88.55422411313572
2230800.0,88.05394995211066,88.11779778630822,88.18160590732151,88.24533821315396,88.30888896251336,88.37195925256812,88.4336831229686,88.4915885505265,88.53856462414856,88.55422331535624
2232000.0,88.05394995211066,88.11779775062615,88.18160601994857,88.24533795993312,88.30888943881456,88.3719584752867,88.43368421045378,88.49158734711885,88.53856530363198,88.55422462247002
2233200.0,88.05394995211066,88.11779782726403,88.18160577804854,88.24533850379987,88.30888841581691,88.37196014472838,88.43368187475767,88.49158993179309,88.53856384424026,88.5542218150563
2234400.0,88.05394995211066,88.11779773401908,88.1816060723667,88.2453378420809,88.30888966049113,88.37195811353016,88.43368471658337,88.49158678703749,88.53856561987222,88.55422523081745
2235600.0,88.05394995211066,88.11779779408002,88.18160588279041,88.24533826830763,88.3088888587711,88.37195942186608,88.43368288610604,88.49158881263804,88.53856447615179,88.5542230306567
2236800.0,88.05394995211066,88.11779776355462,88.18160597914077,88.24533805168183,88.30888926623791,88.37195875691656,88.43368381642888,88.49158778314563,88.53856505743695,88.55422414886768
2238000.0,88.05394995211066,88.11779776597963,88.18160597148665,88.24533806889065,88.30888923386844,88.3719588097406,88.43368374252337,88.49158786492916,88.53856501125935,88.55422406003639
2239200.0,88.05394995211066,88.11779776744206,88.18160596687055,88.24533807926913,88.30888921434679,88.37195884159814,88.43368369795182,88.49158791425202,88.53856498341003,88.55422400646302
2240400.0,88.05394995211066,88.1177976984034,88.18160618478451,88.24533758933036,88.3088901359071,88.37195733769317,88.43368580204792,88.49158558586574,88.538566298093,88.5542265355024
2241600.0,88.05394995211066,88.11779777504074,88.1816059428861,88.24533813319377,88.30888911291622,88.37195900712379,88.43368346636683,88.49158817052323,88.53856483871083,88.55422372810708
2242800.0,88.05394995211066,88.11779773664239,88.18160606408667,88.24533786069698,88.30888962547454,88.3719581706744,88.43368463663329,88.49158687551005,88.5385655699177,88.55422513472057
2244000.0,88.05394995211066,88.1177977737666,88.18160594690768,88.24533812415194,88.30888912992371,88.37195897936913,88.4336835051981,88.49158812755286,88.53856486297342,88.55422377478058
2245200.0,88.05394995211066,88.11779774557306,88.1816060358978,88.24533792407448,88.3088895062633,88.37195836521667,88.43368436445147,88.49158717670556,88.53856539985298,88.5542248075691
2246400.0,88.05394995211066,88.11779781956322,88.18160580235543,88.24533844915044,88.3088885186113,88.37195997697667,88.43368210945745,88.49158967207467,88.53856399088592,88.55422209715661
2247600.0,88.05394995211066,88.11779776123298,88.18160598646881,88.24533803520602,88.30888929722829,88.37195870634314,88.43368388718547,88.49158770484662,88.53856510164718,88.5542242339143
2248800.0,88.05394995211066,88.1177977808168,88.18160592465445,88.24533817418404,88.30888903581472,88.37195913294673,88.43368329032951,88.49158836532538,88.53856472871927,88.5542235165175
2250000.0,88.05394995211066,88.11779782385298,88.18160578881519,88.24533847959323,88.30888846134913,88.37196007042355,88.43368197871666,88.49158981675211,88.53856390919623,88.55422194001117
2251200.0,88.05394995211066,88.11779774276876,88.18160604474946,88.24533790417303,88.3088895436973,88.3719583041273,88.433684449921,88.49158708212519,88.53856545325598,88.55422491029982
2252400.0,88.05394995211066,88.11779778605923,88.18160590810743,88.24533821138702,88.30888896583696,88.37195924714423,88.43368313055691,88.49158854212934,88.53856462888984,88.55422332447695
2253600.0,88.05394995211066,88.1177977264378,88.18160609629639,88.24533778827926,88.30888976169018,88.37195794838199,88.43368494764043,88.49158653135022,88.53856576424154,88.5542255085389
2254800.0,88.05394995211066,88.11779777576308,88.18160594060602,88.24533813831988,88.3088891032741,88.37195902285889,88.43368344435213,88.49158819488451,88.53856482495573,88.55422370164632
2256000.0,88.05394995211066,88.11779774538377,88.18160603649527,88.24533792273084,88.3088895087907,88.371958361092,88.4336843702223,88.49158717031958,88.53856540345858,88.5542248145051
2257200.0,88.05394995211066,88.11779779825473,88.18160586961352,88.24533829793337,88.3088888030458,88.371959512805,88.43368275887417,88.4915889534322,88.53856439665485,88.55422287772927
2258400.0,88.05394995211066,88.11779777008321,88.18160595853415,88.24533809801196,88.30888917909218,88.37195889913059,88.43368361745884,88.49158800332526,88.5385649331162,88.55422390971334
2259600.0,88.05394995211066,88.11779777100962,88.18160595560987,88.24533810458672,88.30888916672527,88.37195891931229,88.43368358922288,88.49158803457098,88.53856491547384,88.55422387577497
2260800.0,88.05394995211066,88.1177978193026,88.18160580317799,88.245338447301,88.30888852208982,88.37195997130029,88.43368211739894,88.49158966328666,88.5385639958477,88.55422210670154
2262000.0,88.05394995211066,88.11779773545469,88.18160606783515,88.24533785226934,88.30888964132679,88.37195814480465,88.43368467282734,88.49158683545784,88.53856559253234,88.55422517822403
2263200.0,88.05394995211066,88.11779779282686,88.18160588674593,88.24533825941423,88.30888887549938,88.37195939456717,88.43368292429933,88.4915887703733,88.53856450001571,88.55422307656332
2264400.0,88.05394995211066,88.11779772273557,88.18160610798196,88.24533776200687,88.30888981110755,88.37195786773772,88.43368506046833,88.49158640649546,88.53856583473848,88.55422564415301
2265600.0,88.05394995211066,88.11779777769746,88.18160593450025,88.24533815204778,88.30888907745246,88.37195906499757,88.43368338539626,88.49158826012489,88.53856478811878,88.5542236307836
2266800.0,88.05394995211066,88.11779774708415,88.18160603112828,88.24533793479786,88.30888948609292,88.37195839813266,88.43368431839917,88.49158722766684,88.53856537107826,88.55422475221559
2268000.0,88.05394995211066,88.1177977271179,88.18160609414979,88.24533779310566,88.30888975261195,88.37195796319742,88.43368492691185,88.49158655428859,88.5385657512896,88.55422548362348
2269200.0,88.05394995211066,88.11779776253823,88.18160598234901,88.24533804446885,88.3088892798051,88.37195873477606,88.4336838474054,88.49158774886702,88.53856507679164,88.55422418610006
2270400.0,88.05394995211066,88.11779776189968,88.18160598436428,88.24533803993788,88.30888928832785,88.37195872086767,88.4336838668645,88.49158772733377,88.53856508895,88.55422420948902
2271600.0,88.05394995211066,88.11779778170416,88.18160592185372,88.245338180481,88.3088890239703,88.37195915227565,88.43368326328677,88.49158839525093,88.53856471182215,88.55422348401285
2272800.0,88.05394995211066,88.11779775387404,88.18160600969686,88.24533798298197,88.30888939546021,88.37195854603715,88.43368411146776,88.49158745665653,88.53856524178337,88.5542245034926
2274000.0,88.05394995211066,88.11779783951235,88.18160573938803,88.24533859072083,88.30888825232134,88.3719604115386,88.43368150146635,88.49159034487622,88.53856361099994,88.55422136637476
2275200.0,88.05394995211066,88.1177977412543,88.1816060495295,88.24533789342607,88.30888956391212,88.37195827113858,88.43368449607522,88.49158703105094,88.53856548209416,88.55422496577543
2276400.0,88.05394995211066,88.11779779069558,88.18160589347309,88.24533824428947,88.3088889039485,88.37195934814078,88.43368298925388,88.49158869849492,88.53856454060069,88.55422315463619
2277600.0,88.05394995211066,88.11779776081575,88.1816059877858,88.24533803224517,88.30888930279755,88.37195869725444,88.4336838999014,88.49158769077515,88.53856510959235,88.55422424919831
2278800.0,88.05394995211066,88.11779772729938,88.1816060935767,88.24533779439437,88.30888975018787,88.37195796715297,88.43368492137792,88.49158656041249,88.53856574783205,88.5542254769721
2280000.0,88.05394995211066,88.11779777175175,88.18160595326728,88.24533810985346,88.30888915681862,88.37195893547911,88.43368356660415,88.49158805960094,88.53856490134118,88.55422384858818
2281200.0,88.05394995211066,88.11779774580411,88.18160603516847,88.24533792571428,88.30888950317883,88.37195837025003,88.43368435740922,88.4915871844986,88.53856539545258,88.5542247991042
2282400.0,88.05394995211066,88.11779778785419,88.18160590244159,88.2453382241255,88.30888894187636,88.37195928624575,88.43368307585071,88.4915886026671,88.53856459470835,88.5542232587224
2283600.0,88.05394995211066,88.11779774245653,88.18160604573485,88.24533790195748,88.30888954786458,88.37195829732686,88.43368445943531,88.49158707159684,88.53856545920073,88.5542249217357
2284800.0,88.05394995211066,88.11779782292125,88.18160579175593,88.24533847298146,88.3088884737856,88.37196005012835,88.43368200711156,88.49158978533035,88.53856392693802,88.55422197414094
2286000.0,88.05394995211066,88.11779774609325,88.18160603425592,88.2453379277658,88.30888949932013,88.37195837654697,88.43368434859946,88.49158719424733,88.53856538994816,88.55422478851547
2287200.0,88.05394995211066,88.11779778841621,88.1816059006678,88.24533822811355,88.30888893437478,88.3719592984878,88.43368305872289,88.4915886216207,88.53856458400648,88.55422323813538
2288400.0,88.05394995211066,88.11779779034521,88.18160589457912,88.24533824180297,88.30888890862555,88.37195934050823,88.43368299993251,88.49158868667799,88.53856454727303,88.55422316747173
2289600.0,88.05394995211066,88.11779775438914,88.18160600807094,88.24533798663781,88.30888938858364,88.37195855725913,88.43368409576725,88.49158747403068,88.5385652319734,88.55422448462132
2290800.0,88.05394995211066,88.11779777947304,88.18160592889593,88.24533816464796,88.30888905375187,88.37195910367487,88.43368333128333,88.49158832000612,88.53856475430793,88.55422356574222
2292000.0,88.05394995211066,88.1177976946493,88.18160619663357,88.24533756269021,88.30889018601663,88.3719572559193,88.43368591645638,88.49158545926177,88.53856636957772,88.55422667301674
2293200.0,88.05394995211066,88.11779777887789,88.18160593077458,88.2453381604241,88.30888906169682,88.37195909070954,88.433683349423,88.49158829993274,88.53856476564212,88.55422358754558
2294400.0,88.05394995211066,88.11779773465852,88.18160607034869,88.24533784661772,88.30888965195751,88.37195812745638,88.43368469709921,88.49158680859854,88.53856560769805,88.55422520739819
2295600.0,88.05394995211066,88.11779775740004,88.18160599856724,88.24533800800522,88.30888934839211,88.37195862284814,88.43368400400247,88.49158757557727,88.53856517463677,88.55422437432355
2296800.0,88.05394995211066,88.11779774968049,88.18160602293332,88.24533795322235,88.30888945143712,88.3719584546877,88.43368423927366,88.49158731522695,88.53856532163914,88.55422465711011
2298000.0,88.05394995211066,88.11779779948915,88.1816058657172,88.24533830669343,88.30888878656847,88.37195953969463,88.43368272125323,88.49158899506355,88.53856437314839,88.55422283251026
2299200.0,88.05394995211066,88.11779777327851,88.18160594844825,88.24533812068826,88.30888913643882,88.37195896873709,88.43368352007315,88.491588111092,88.53856487226764,88.55422379265978
2300400.0,88.05394995211066,88.11779777081148,88.1816059562353,88.24533810318046,88.30888916937036,88.37195891499566,88.43368359526221,88.49158802788796,88.5385649192474,88.5542238830342
2301600.0,88.05394995211066,88.11779779582203,88.18160587729189,88.2453382806699,88.30888883551805,88.37195945981308,88.4336828330146,88.49158887138876,88.53856444297925,88.55422296684306
2302800.0,88.05394995211066,88.11779770742979,88.18160615629317,88.24533765338799,88.30889001541654,88.37195753432343,88.43368552694444,88.49158589029452,88.53856612620265,88.55422620483901
2304000.0,88.05394995211066,88.11779778392496,88.18160591484389,88.24533819624124,88.30888899432593,88.37195920065274,88.43368319560282,88.49158847014976,88.53856466953195,88.55422340265964
2305200.0,88.05394995211066,88.11779773644032,88.18160606472458,88.24533785926273,88.30888962817235,88.37195816627165,88.43368464279303,88.49158686869376,88.53856557376645,88.55422514212434
2306400.0,88.05394995211066,88.11779776094508,88.18160598737774,88.2453380331626,88.30888930107184,88.37195870007062,88.43368389596131,88.49158769513532,88.53856510713037,88.55422424446236
2307600.0,88.05394995211066,88.1177977538424,88.18160600979682,88.24533798275739,88.30888939588273,88.37195854534775,88.43368411243226,88.49158745558923,88.53856524238603,88.554224504652
2308800.0,88.05394995211066,88.11779777897051,88.18160593048226,88.24533816108136,88.30888906046049,88.37195909272708,88.43368334660032,88.49158830305656,88.53856476387811,88.5542235841523
2310000.0,88.05394995211066,88.11779778057712,88.18160592541113,88.24533817248289,88.30888903901447,88.37195912772495,88.43368329763524,88.49158835724114,88.5385647332839,88.55422352529853
2311200.0,88.05394995211066,88.11779776038078,88.18160598915878,88.24533802915823,88.30888930860424,88.37195868777836,88.43368391315921,88.49158767610426,88.53856511787598,88.55422426513353
2312400.0,88.05394995211066,88.11779782899896,88.18160577257225,88.24533851611253,88.30888839265724,88.37196018252311,88.43368182187906,88.49158999030864,88.53856381120045,88.55422175149808
2313600.0,88.05394995211066,88.11779773129619,88.18160608096183,88.2453378227558,88.308889696841,88.37195805421054,88.43368479957675,88.4915866951972,88.53856567172835,88.55422533057241
2314800.0,88.05394995211066,88.11779779458334,88.18160588120179,88.24533827187946,88.30888885205246,88.3719594328306,88.43368287076535,88.49158882961403,88.53856446656675,88.554223012218
2316000.0,88.05394995211066,88.11779774771703,88.18160602913059,88.24533793928927,88.3088894776448,88.37195841191917,88.43368429911072,88.49158724901143,88.53856535902655,88.55422472903192
2317200.0,88.05394995211066,88.11779777119072,88.18160595503824,88.24533810587177,88.30888916430816,88.37195892325686,88.4336835837041,88.49158804067817,88.53856491202562,88.55422386914175
2318400.0,88.05394995211066,88.11779775868771,88.18160599450269,88.2453380171436,88.30888933120318,88.37195865089897,88.4336839647569,88.49158761900628,88.53856515011536,88.55422432715204
2319600.0,88.05394995211066,88.11779770425618,88.18160616631019,88.24533763086647,88.30889005777904,88.37195746519178,88.43368562366554,88.49158578326329,88.538566186636,88.55422632109386
2320800.0,88.05394995211066,88.11779776990792,88.18160595908732,88.24533809676824,88.30888918143144,88.37195889531316,88.43368362279982,88.49158799741494,88.53856493645351,88.55422391613335
2322000.0,88.05394995211066,88.1177977448048,88.18160603832281,88.24533791862228,88.30888951651878,88.37195834848028,88.43368438786705,88.491587150794,88.53856541448336,88.55422483571344
2323200.0,88.05394995211066,88.11779777658683,88.18160593800624,88.2453381441649,88.30888909227971,88.37195904080096,88.43368341924945,88.49158822266304,88.53856480927104,88.55422367147402
2324400.0,88.05394995211066,88.1177977479225,88.18160602848212,88.24533794074699,88.30888947490303,88.37195841639367,88.43368429285034,88.49158725593905,88.538565355115,88.5542247215073
2325600.0,88.05394995211066,88.11779779809487,88.18160587011806,88.24533829679874,88.30888880518036,88.37195950932174,88.43368276374761,88.49158894803941,88.53856439969974,88.55422288358682
2326800.0,88.05394995211066,88.11779776267947,88.18160598190316,88.24533804547113,88.30888927792,88.37195873785238,88.43368384310129,88.49158775363,88.53856507410242,88.55422418092684
2328000.0,88.05394995211066,88.11779776642416,88.18160597008334,88.24533807204583,88.30888922793379,88.3719588194255,88.43368372897329,88.49158787992373,88.53856500279291,88.55422404374958
2329200.0,88.05394995211066,88.11779776855356,88.18160596336219,88.24533808715701,88.30888919951003,88.37195886581058,88.43368366407651,88.4915879517383,88.53856496224395,88.55422396574612
2330400.0,88.05394995211066,88.11779771141127,88.18160614372626,88.24533768164241,88.30888996227081,88.3719576210526,88.43368540560252,88.49158602457105,88.53856605038565,88.55422605899078
2331600.0,88.05394995211066,88.11779777836982,88.18160593237822,88.2453381568187,88.30888906847846,88.37195907964234,88.43368336490705,88.49158828279823,88.53856477531667,88.5542236061564
2332800.0,88.05394995211066,88.11779773386583,88.18160607285053,88.24533784099316,88.30888966253693,88.37195811019187,88.43368472125361,88.49158678186947,88.53856562279016,88.55422523643058
2334000.0,88.05394995211066,88.11779778205239,88.18160592075449,88.24533818295244,88.30888901932173,88.3719591598617,88.43368325267305,88.49158840699616,88.53856470519054,88.55422347125551
2335200.0,88.05394995211066,88.11779774224476,88.18160604640322,88.24533790045501,88.3088895506908,88.37195829271468,88.43368446588832,88.49158706445579,88.53856546323271,88.55422492949188
2336400.0,88.05394995211066,88.11779781398204,88.1816058199718,88.24533840954327,88.30888859311133,88.37195985539903,88.43368227955519,88.49158948384506,88.53856409716644,88.5542223016071
2337600.0,88.05394995211066,88.1177977590003,88.18160599351606,88.2453380193618,88.3088893270308,88.37195865770796,88.43368395523035,88.49158762954835,88.53856514416296,88.5542243157013
2338800.0,88.05394995211066,88.11779778093212,88.18160592429037,88.24533817500277,88.30888903427484,88.37195913545955,88.43368328681383,88.49158836921596,88.53856472652232,88.55422351229133
2340000.0,88.05394995211066,88.11779781108034,88.18160582913073,88.24533838895123,88.30888863184414,88.37195979219086,88.43368236798878,88.49158938598475,88.53856415242149,88.55422240790061
2341200.0,88.05394995211066,88.11779774417126,88.18160604032259,88.245337914126,88.30888952497607,88.37195833467882,88.43368440717678,88.4915871294258,88.53856542654844,88.55422485892288
2342400.0,88.05394995211066,88.11779778702765,88.18160590505052,88.24533821825989,88.30888895290936,88.37195926824103,88.43368310104069,88.49158857479196,88.53856461044744,88.55422328899948
2343600.0,88.05394995211066,88.11779770621463,88.18160616012905,88.24533764476341,88.3088900316393,88.37195750784937,88.43368556398417,88.49158584930623,88.53856614934581,88.55422624935919
2344800.0,88.05394995211066,88.1177977784227,88.18160593221133,88.24533815719393,88.30888906777261,88.37195908079445,88.43368336329505,88.4915882845821,88.53856477430945,88.55422360421882
2346000.0,88.05394995211066,88.11779774014148,88.18160605304222,88.24533788552823,88.30888957876768,88.3719582468957,88.43368452999319,88.49158699351756,88.53856550328668,88.55422500654326
2347200.0,88.05394995211066,88.1177977364078,88.18160606482714,88.24533785903206,88.30888962860618,88.37195816556365,88.43368464378374,88.49158686759729,88.5385655743853,88.55422514331492
2348400.0,88.05394995211066,88.11779775630778,88.18160600201472,88.24533800025418,88.30888936297166,88.37195859905543,88.43368403729042,88.49158753874086,88.53856519543585,88.55422441433444
2349600.0,88.05394995211066,88.1177977795387,88.18160592868847,88.24533816511445,88.30888905287459,88.37195910510634,88.43368332928067,88.49158832222231,88.5385647530565,88.55422356333486
2350800.0,88.05394995211066,88.11779777873147,88.18160593123655,88.24533815938558,88.30888906365031,88.37195908752162,88.43368335388321,88.49158829499703,88.53856476842891,88.55422359290645
2352000.0,88.05394995211066,88.11779776188315,88.18160598441641,88.24533803982061,88.30888928854853,88.37195872050764,88.43368386736822,88.49158772677633,88.5385650892648,88.55422421009457
2353200.0,88.05394995211066,88.1177978010713,88.18160586072301,88.2453383179219,88.30888876544822,88.37195957416078,88.43368267303224,88.49158904842466,88.53856434301902,88.5542227745508
2354400.0,88.05394995211066,88.11779772366833,88.18160610503796,88.24533776862559,88.30888979865802,88.3719578880541,88.43368503204402,88.49158643794982,88.53856581697849,88.55422560998832
2355600.0,88.05394995211066,88.11779778019199,88.18160592662664,88.24533816975023,88.30888904415445,88.37195911933681,88.43368330937089,88.49158834425445,88.5385647406166,88.55422353940423
2356800.0,88.05394995211066,88.11779774659178,88.1816060326823,88.24533793130385,88.30888949266506,88.37195838740733,88.43368433340491,88.49158721106154,88.5385653804543,88.55422477025225
2358000.0,88.05394995211066,88.11779774081991,88.18160605090068,88.24533789034342,88.30888956971053,88.37195826167601,88.433684509314,88.49158701640091,88.53856549036618,88.55422498168825
2359200.0,88.05394995211066,88.11779776362937,88.18160597890487,88.24533805221223,88.30888926524011,88.37195875854486,88.43368381415065,88.49158778566662,88.53856505601344,88.55422414612937
2360400.0,88.05394995211066,88.11779775916696,88.18160599298974,88.2453380205451,88.30888932480525,88.37195866133986,88.43368395014909,88.49158763517123,88.53856514098803,88.55422430959393
2361600.0,88.05394995211066,88.11779778584717,88.18160590877672,88.24533820988208,88.30888896866776,88.3719592425247,88.43368313702014,88.49158853497721,88.53856463292831,88.55422333224571
2362800.0,88.05394995211066,88.11779775049799,88.18160602035276,88.24533795902431,88.3088894405241,88.37195847249687,88.43368421435702,88.49158734279965,88.5385653060706,88.55422462716128
2364000.0,88.05394995211066,88.11779783106401,88.18160576605437,88.24533853076649,88.30888836509368,88.3719602275042,88.43368175894678,88.49159005994902,88.53856377187924,88.55422167585634
2365200.0,88.05394995211066,88.11779773781852,88.18160606037434,88.24533786904344,88.30888960977526,88.37195819629403,88.43368460078922,88.4915869151748,88.53856554752167,88.55422509163763
2366400.0,88.05394995211066,88.11779779243135,88.18160588799421,88.24533825660795,88.30888888077759,88.37195938595386,88.43368293635024,88.49158875703775,88.53856450754562,88.55422309104858
2367600.0,88.05394995211066,88.11779777561209,88.1816059410827,88.24533813724835,88.3088891052897,88.37195901956984,88.43368344895362,88.4915881897926,88.53856482783083,88.55422370717723
2368800.0,88.05394995211066,88.11779776186171,88.18160598448446,88.24533803966757,88.30888928883633,88.37195872003788,88.43368386802541,88.49158772604906,88.53856508967554,88.55422421088475
2370000.0,88.05394995211066,88.11779777071439,88.18160595654176,88.24533810249154,88.3088891706662,88.3719589128811,88.43368359822064,88.49158802461419,88.5385649210959,88.55422388659021
2371200.0,88.05394995211066,88.11779768932703,88.18160621343284,88.24533752492006,88.30889025706115,88.37195713998064,88.43368607866519,88.49158527976184,88.53856647092934,88.55422686798559
2372400.0,88.05394995211066,88.1177977753017,88.18160594206238,88.24533813504549,88.30888910943324,88.37195901280785,88.43368345841435,88.49158817932332,88.53856483374214,88.55422371854878
2373600.0,88.05394995211066,88.11779773595147,88.18160606626758,88.24533785579337,88.30888963469799,88.37195815562282,88.43368465769156,88.49158685220694,88.53856558307545,88.55422516003198
2374800.0,88.05394995211066,88.11779776359164,88.18160597902391,88.24533805194442,88.30888926574386,88.371958757723,88.43368381530051,88.49158778439421,88.53856505673204,88.55422414751163
2376000.0,88.05394995211066,88.11779774767093,88.1816060292761,88.245337938962,88.3088894782604,88.3719584109147,88.43368430051589,88.49158724745656,88.53856535990445,88.55422473072079
2377200.0,88.05394995211066,88.11779778915526,88.18160589833523,88.24533823335791,88.30888892451038,88.37195931458538,88.43368303620115,88.49158864654315,88.53856456993441,88.55422321106519
2378400.0,88.05394995211066,88.11779778779544,88.18160590262718,88.2453382237083,88.30888894266117,88.37195928496492,88.43368307764257,88.49158860068412,88.53856459582796,88.55422326087627
2379600.0,88.05394995211066,88.11779775362236,88.18160601049101,88.24533798119685,88.30888939881785,88.37195854055778,88.43368411913386,88.49158744817318,88.53856524657347,88.55422451270724
2380800.0,88.05394995211066,88.11779778085592,88.18160592453098,88.24533817446174,88.30888903529237,88.3719591337993,88.4336832891366,88.49158836664567,88.53856472797372,88.55422351508342
2382000.0,88.05394995211066,88.11779770163675,88.18160617457823,88.2453376122775,88.30889009274443,88.3719574081308,88.43368570349948,88.49158569491924,88.53856623651772,88.55422641705087
2383200.0,88.05394995211066,88.11779778262223,88.18160591895565,88.24533818699683,88.30888901171436,88.37195917227638,88.43368323530379,88.49158842621678,88.53856469433794,88.55422345037863
2384400.0,88.05394995211066,88.1177977321785,88.1816060781769,88.24533782901766,88.30888968506248,88.37195807343176,88.43368477268446,88.49158672495604,88.53856565492538,88.55422529824877
2385600.0,88.05394995211066,88.11779776889409,88.18160596228768,88.24533808957294,88.3088891949656,88.37195887322652,88.43368365370097,88.49158796321969,88.53856495576113,88.55422395327518
2386800.0,88.05394995211066,88.11779774769407,88.18160602920285,88.24533793912673,88.30888947795067,88.37195841142018,88.43368429980865,88.49158724823907,88.53856535946252,88.55422472987055
2388000.0,88.05394995211066,88.11779779610812,88.18160587638894,88.24533828270003,88.30888883169933,88.37195946604511,88.43368282429549,88.49158888103706,88.53856443753139,88.55422295636312
2389200.0,88.05394995211066,88.11779777284147,88.18160594982781,88.24533811758654,88.30888914227295,88.37195895921637,88.43368353339349,88.49158809635169,88.53856488059047,88.55422380867037
2390400.0,88.05394995211066,88.11779776994341,88.18160595897545,88.24533809701964,88.30888918095874,88.37195889608454,88.43368362172039,88.49158799860942,88.53856493577905,88.55422391483593
2391600.0,88.05394995211066,88.11779782741071,88.1816057775855,88.24533850484096,88.30888841385911,88.37196014792295,88.43368187028804,88.49158993673902,88.53856384144756,88.5542218096841
2392800.0,88.05394995211066,88.11779773399991,88.18160607242721,88.24533784194495,88.30888966074652,88.37195811311344,88.43368471716629,88.4915867863925,88.53856562023643,88.55422523151807
2394000.0,88.05394995211066,88.11779779249858,88.18160588778213,88.2453382570845,88.30888887988156,88.37195938741569,88.43368293430517,88.49158875930078,88.53856450626792,88.55422308859063
2395200.0,88.05394995211066,88.11779773125859,88.18160608108,88.24533782249058,88.30888969733951,88.37195805339718,88.43368480071437,88.49158669393857,88.53856567243895,88.55422533193948
2396400.0,88.05394995211066,88.11779777452027,88.18160594452891,88.24533812950011,88.30888911986386,88.37195899578592,88.43368348222963,88.49158815296957,88.53856484862227,88.55422374717354
2397600.0,88.05394995211066,88.11779775074763,88.18160601956473,88.24533796079618,88.30888943719098,88.37195847793642,88.43368420674662,88.49158735122121,88.53856530131564,88.55422461801417
2398800.0,88.05394995211066,88.11779771151213,88.1816061434074,88.2453376823595,88.3088899609219,88.37195762325418,88.4336854025223,88.4915860279796,88.53856604846122,88.5542260552889
2400000.0,88.05394995211066,88.11779776455704,88.18160597597682,88.2453380587954,88.30888925285743,88.37195877875239,88.43368378587866,88.4915878169524,88.53856503834866,88.55422411214784
2401200.0,88.05394995211066,88.1177977525163,88.18160601398264,88.24533797334632,88.30888941358444,88.37195851646004,88.43368415284863,88.49158741086477,88.53856526763896,88.55422455323081
2402400.0,88.05394995211066,88.11779782270641,88.18160579243421,88.24533847145663,88.30888847665358,88.37196004544847,88.433682013659,88.49158977808514,88.53856393102892,88.55422198201065
2403600.0,88.05394995211066,88.11779772907957,88.18160608795792,88.24533780702714,88.3088897264259,88.37195800593045,88.43368486712478,88.49158662044877,88.53856571393388,88.55422541176267
2404800.0,88.05394995211066,88.11779779543913,88.18160587850058,88.24533827795244,88.30888884062968,88.37195945147141,88.43368284468532,88.49158885847395,88.53856445027154,88.5542229808711
2406000.0,88.05394995211066,88.11779774326403,88.18160604318629,88.24533790768744,88.30888953708707,88.3719583149147,88.43368443482844,88.49158709882664,88.53856544382593,88.55422489215941
2407200.0,88.05394995211066,88.11779777381118,88.18160594676688,88.24533812446849,88.30888912932826,88.37195898034086,88.43368350383858,88.4915881290572,88.53856486212402,88.55422377314669
2408400.0,88.05394995211066,88.11779775924661,88.18160599273874,88.24533802110926,88.30888932374384,88.371958663072,88.4336839477258,88.4915876378529,88.53856513947404,88.5542243066815
2409600.0,88.05394995211066,88.11779771919952,88.18160611914324,88.24533773691282,88.30888985830869,88.37195779070937,88.43368516823826,88.49158628723771,88.5385659020755,88.55422577368853
2410800.0,88.05394995211066,88.11779777186207,88.1816059529191,88.24533811063634,88.30888915534618,88.37195893788196,88.43368356324234,88.49158806332112,88.53856489924073,88.55422384454772
2412000.0,88.05394995211066,88.11779774331356,88.1816060430298,88.24533790803945,88.30888953642464,88.37195831599583,88.4336844333158,88.49158710050064,88.5385654428806,88.55422489034103
2413200.0,88.05394995211066,88.11779778409951,88.18160591429296,88.24533819747987,88.30888899199597,88.37195920445521,88.43368319028271,88.49158847603711,88.53856466620782,88.55422339626521
2414400.0,88.05394995211066,88.117797744417,88.1816060395469,88.24533791587007,88.30888952169563,88.37195834003212,88.43368439968692,88.49158713771415,88.53856542186884,88.55422484992091
2415600.0,88.05394995211066,88.11779782557271,88.18160578338693,88.24533849179775,88.30888843839261,88.37196010788688,88.43368192630217,88.49158987475396,88.53856387644662,88.55422187701137
2416800.0,88.05394995211066,88.11779774998524,88.1816060219712,88.2453379553857,88.30888944736799,88.3719584613282,88.43368422998313,88.4915873255078,88.53856531583439,88.55422464594372
2418000.0,88.05394995211066,88.1177977868731,88.18160590553836,88.24533821716302,88.3088889549726,88.37195926487382,88.43368310575205,88.49158856957845,88.53856461339136,88.55422329466282
2419200.0,88.05394995211066,88.11779780117172,88.18160586040624,88.24533831863413,88.30888876410849,88.37195957634707,88.43368266997342,88.49158905180963,88.53856434110786,88.55422277087442
2420400.0,88.05394995211066,88.11779775135986,88.18160601763229,88.24533796514102,88.30888942901834,88.37195849127346,88.43368418808699,88.49158737186991,88.53856528965676,88.55422459558618
2421600.0,88.05394995211066,88.11779778071701,88.18160592496939,88.24533817347601,88.30888903714656,88.37195913077333,88.4336832933703,88.49158836196067,88.53856473061913,88.55422352017248
2422800.0,88.05394995211066,88.11779769454651,88.18160619695824,88.2453375619601,88.30889018738986,88.37195725367819,88.433685919592,88.49158545579199,88.53856637153697,88.55422667678586
2424000.0,88.05394995211066,88.11779777736686,88.18160593554393,88.24533814970127,88.30888908186624,88.37195905779474,88.43368339547371,88.49158824897333,88.53856479441554,88.55422364289679
2425200.0,88.05394995211066,88.11779773697859,88.18160606302523,88.24533786308352,88.3088896209855,88.37195817800011,88.43368462638405,88.49158688685174,88.53856556351398,88.5542251224019
2426400.0,88.05394995211066,88.11779780313948,88.18160585419528,88.24533833259835,88.30888873784201,88.37195961921174,88.43368261000188,88.49158911817405,88.53856430363645,88.55422269879108
2427600.0,88.05394995211066,88.11779775914097,88.18160599307197,88.24533802036017,88.30888932515295,88.3719586607725,88.43368395094284,88.49158763429297,88.53856514148421,88.5542243105485
2428800.0,88.05394995211066,88.11779777885148,88.18160593085773,88.24533816023722,88.30888906204838,88.3719590901358,88.43368335022562,88.49158829904476,88.53856476614365,88.55422358851048
2430000.0,88.05394995211066,88.11779780221589,88.18160585711055,88.24533832604389,88.30888875017078,88.37195959909232,88.43368263815066,88.49158908702472,88.53856432122429,88.55422273262468
2431200.0,88.05394995211066,88.1177977436501,88.18160604196746,88.24533791042768,88.30888953193265,88.37195832332638,88.4336844230599,88.49158711184964,88.53856543647275,88.55422487801437
2432400.0,88.05394995211066,88.11779778964866,88.18160589677763,88.24533823685985,88.30888891792326,88.37195932533521,88.43368302116107,88.49158866318659,88.53856456053724,88.55422319298799
2433600.0,88.05394995211066,88.11779770750698,88.18160615604955,88.24533765393572,88.30889001438639,88.37195753600457,88.43368552459255,88.49158589289705,88.53856612473335,88.55422620201264
2434800.0,88.05394995211066,88.11779778200925,88.18160592089066,88.24533818264632,88.3088890198973,88.3719591589226,88.43368325398693,88.49158840554223,88.53856470601177,88.55422347283547
2436000.0,88.05394995211066,88.11779773814756,88.18160605933578,88.24533787137842,88.30888960538327,88.3719582034613,88.43368459076159,88.49158692627141,88.53856554125638,88.55422507958524
2437200.0,88.05394995211066,88.11779775135,88.18160601766364,88.24533796507048,88.3088894291512,88.37195849105639,88.43368418839077,88.49158737153377,88.53856528984657,88.55422459595133
2438400.0,88.05394995211066,88.117797755286,88.18160600524008,88.24533799300241,88.30888937661206,88.3719585767957,88.43368406843376,88.49158750427789,88.53856521489486,88.55422445176771
2439600.0,88.05394995211066,88.11779777836809,88.18160593238356,88.2453381568068,88.30888906850086,88.37195907960574,88.43368336495809,88.49158828274187,88.53856477534873,88.55422360621822
2440800.0,88.05394995211066,88.11779778077333,88.18160592479181,88.24533817387531,88.30888903639546,88.37195913199906,88.43368329165527,88.49158836385851,88.53856472954757,88.5542235181111
2442000.0,88.05394995211066,88.11779776060267,88.18160598845834,88.24533803073302,88.30888930564205,88.3719586926124,88.43368390639601,88.49158768358835,88.53856511365044,88.554224257005
2443200.0,88.05394995211066,88.11779783568936,88.18160575145487,88.24533856359096,88.30888830335174,88.37196032826166,88.43368161797801,88.4915902159448,88.53856368379904,88.5542215064176
2444400.0,88.05394995211066,88.11779773306328,88.18160607538398,88.24533783529664,88.30888967325207,88.37195809270531,88.43368474571906,88.49158675479607,88.53856563807695,88.55422526583772
2445600.0,88.05394995211066,88.11779779335329,88.18160588508411,88.24533826315074,88.30888886847104,88.3719594060368,88.43368290825221,88.49158878813117,88.53856448998933,88.55422305727586
2446800.0,88.05394995211066,88.11779775828467,88.18160599577494,88.2453380142831,88.30888933658355,88.37195864211867,88.43368397704118,88.49158760541253,88.53856515779094,88.55422434191755
2448000.0,88.05394995211066,88.11779776777112,88.18160596583193,88.2453380816043,88.30888920995451,88.37195884876607,88.4336836879233,88.49158792534942,88.53856497714413,88.55422399440951
2449200.0,88.05394995211066,88.11779776158224,88.18160598536652,88.24533803768442,88.30888929256645,88.37195871395075,88.43368387654189,88.49158771662482,88.53856509499681,88.5542242211213
2450400.0,88.05394995211066,88.11779768931332,88.18160621347612,88.24533752482279,88.30889025724419,88.37195713968188,88.43368607908283,88.49158527929984,88.53856647119031,88.55422686848759
2451600.0,88.05394995211066,88.11779777059307,88.18160595692474,88.24533810163047,88.30888917228589,88.37195891023782,88.43368360191882,88.4915880205218,88.53856492340665,88.55422389103539
2452800.0,88.05394995211066,88.11779774177619,88.18160604788257,88.24533789712895,88.30888955694698,88.37195828250513,88.43368448017219,88.49158704864948,88.53856547215753,88.55422494666064
2454000.0,88.05394995211066,88.11779782286371,88.18160579193757,88.2453384725731,88.30888847455384,88.3719600488748,88.43368200886538,88.4915897833897,88.53856392803378,88.55422197624888
2455200.0,88.05394995211066,88.11779773602962,88.18160606602106,88.2453378563478,88.30888963365513,88.3719581573243,88.43368465531132,88.49158685484095,88.53856558158816,88.554225157171
2456400.0,88.05394995211066,88.11779779253258,88.18160588767493,88.24533825732568,88.30888887942778,88.37195938815636,88.43368293326847,88.49158876044827,88.5385645056199,88.55422308734424
2457600.0,88.05394995211066,88.11779776776281,88.18160596585814,88.24533808154537,88.30888921006532,88.37195884858522,88.43368368817633,88.4915879250695,88.53856497730216,88.55422399471352
2458800.0,88.05394995211066,88.11779776365387,88.18160597882733,88.2453380523868,88.30888926491161,88.37195875908094,88.4336838134009,88.4915877864965,88.5385650555451,88.55422414522847
2460000.0,88.05394995211066,88.11779777202851,88.18160595239391,88.24533811181718,88.30888915312492,88.37195894150688,88.4336835581707,88.4915880689334,88.53856489607193,88.5542238384519
2461200.0,88.05394995211066,88.11779770077527,88.18160617729735,88.24533760616433,88.3088901042429,88.37195738936656,88.4336857297521,88.49158566586807,88.53856625292131,88.55422644860612
2462400.0,88.05394995211066,88.11779777802163,88.18160593347731,88.24533815434754,88.30888907312675,88.37195907205687,88.43368337551975,88.49158827105431,88.53856478194785,88.55422361891286
2463600.0,88.05394995211066,88.11779773385892,88.18160607287228,88.24533784094403,88.30888966262928,88.37195811004119,88.4336847214644,88.4915867816363,88.53856562292205,88.55422523668437
2464800.0,88.05394995211066,88.11779777505903,88.18160594282854,88.245338133323,88.30888911267314,88.37195900752056,88.43368346581167,88.49158817113772,88.53856483836408,88.55422372743998
2466000.0,88.05394995211066,88.11779774463118,88.181606038871,88.24533791738939,88.30888951883794,88.37195834469578,88.43368439316203,88.49158714493453,88.53856541779187,88.55422484207809
2467200.0,88.05394995211066,88.1177978123977,88.18160582497264,88.24533839829991,88.30888861425959,88.37195982088745,88.43368232783965,88.49158943041394,88.53856412733535,88.55422235964294
2468400.0,88.05394995211066,88.11779776384121,88.18160597823625,88.24533805371556,88.30888926241238,88.37195876315944,88.4336838076945,88.49158779281107,88.53856505197963,88.5542241383696
2469600.0,88.05394995211066,88.11779777840756,88.1816059322591,88.24533815708666,88.30888906797458,88.37195908046459,88.43368336375664,88.49158828407124,88.53856477459799,88.55422360477407
2470800.0,88.05394995211066,88.11779782230425,88.18160579370365,88.2453384686022,88.30888848202319,88.3719600366852,88.43368202591985,88.49158976451716,88.53856393868989,88.55422199674798
2472000.0,88.05394995211066,88.11779774074347,88.18160605114186,88.24533788980119,88.30888957073046,88.37195826001165,88.43368451164261,88.49158701382453,88.53856549182089,88.5542249844869
2473200.0,88.05394995211066,88.11779778822353,88.18160590127589,88.24533822674637,88.30888893694676,88.37195929429038,88.43368306459556,88.49158861512204,88.53856458767599,88.5542232451945
2474400.0,88.05394995211066,88.11779771484886,88.1816061328759,88.24533770603745,88.30888991638432,88.37195769593556,88.43368530083457,88.49158614050714,88.53856598492445,88.55422593306407
2475600.0,88.05394995211066,88.11779777599087,88.18160593988706,88.2453381399364,88.30888910023361,88.37195902782071,88.43368343741,88.49158820256677,88.53856482061835,88.55422369330269
2476800.0,88.05394995211066,88.11779774428578,88.18160603996108,88.24533791493857,88.30888952344773,88.37195833717301,88.43368440368704,88.49158713328777,88.53856542436802,88.55422485472859
2478000.0,88.05394995211066,88.11779778375708,88.1816059153739,88.24533819504958,88.30888899656723,88.37195919699518,88.43368320072005,88.49158846448725,88.53856467272927,88.55422340881046
2479200.0,88.05394995211066,88.11779777409706,88.1816059458646,88.24533812649696,88.30888912551272,88.37195898656753,88.43368349512687,88.49158813869755,88.5385648566809,88.55422376267586
2480400.0,88.05394995211066,88.11779776682872,88.18160596880644,88.24533807491659,88.3088892225338,88.37195882823778,88.43368371664407,88.49158789356733,88.53856499508932,88.5542240289305
2481600.0,88.05394995211066,88.11779781786478,88.18160580771645,88.2453384370971,88.30888854128297,88.37195993997895,88.43368216121989,88.49158961479486,88.53856402322782,88.55422215937266
2482800.0,88.05394995211066,88.1177977327947,88.18160607623099,88.24533783339307,88.30888967683235,88.3719580868627,88.4336847538935,88.49158674575018,88.53856564318454,88.55422527566316
2484000.0,88.05394995211066,88.11779779495095,88.18160588004147,88.24533827448793,88.30888884714614,88.37195944083703,88.43368285956383,88.49158884200935,88.53856445956808,88.55422299875481
2485200.0,88.05394995211066,88.11779772740209,88.18160609325254,88.24533779512312,88.30888974881695,88.37195796939038,88.43368491824735,88.49158656387685,88.53856574587594,88.55422547320946
2486400.0,88.05394995211066,88.11779777786523,88.18160593397086,88.24533815323797,88.30888907521359,88.37195906865145,88.4336833802843,88.49158826578186,88.5385647849247,88.55422362463945
2487600.0,88.05394995211066,88.1177977494925,88.18160602352653,88.24533795188884,88.3088894539455,88.37195845059438,88.43368424500055,88.49158730888956,88.53856532521749,88.55422466399396
2488800.0,88.05394995211066,88.11779772870068,88.18160608915372,88.24533780433853,88.30888973148316,88.37195799767747,88.43368487867116,88.49158660767158,88.5385657211483,88.55422542564101
2490000.0,88.05394995211066,88.11779776484866,88.18160597505647,88.24533806086471,88.30888924896496,88.37195878510454,88.43368377699137,88.4915878267871,88.53856503279563,88.55422410146558
2491200.0,88.05394995211066,88.11779775665795,88.18160600090957,88.24533800273898,88.3088893582978,88.37195860668307,88.43368402661875,88.4915875505502,88.53856518876793,88.5542244015076
2492400.0,88.05394995211066,88.11779778368201,88.18160591561085,88.24533819451706,88.308888997569,88.37195919536028,88.43368320300752,88.49158846195576,88.53856467415862,88.55422341156
2493600.0,88.05394995211066,88.11779775073565,88.18160601960305,88.2453379607097,88.30888943735361,88.3719584776712,88.4336842071177,88.49158735081062,88.53856530154751,88.5542246184602
2494800.0,88.05394995211066,88.11779783478416,88.1816057543119,88.24533855716729,88.30888831543452,88.37196030854375,88.43368164556522,88.49159018541684,88.5385637010361,88.55422153957629
2496000.0,88.05394995211066,88.11779774211595,88.1816060468098,88.24533789954074,88.30888955241062,88.37195828990791,88.43368446981528,88.4915870601104,88.53856546568639,88.55422493421216
2497200.0,88.05394995211066,88.11779779058702,88.18160589381566,88.24533824351919,88.30888890539762,88.37195934577578,88.43368299256288,88.49158869483317,88.53856454266851,88.55422315861404
2498400.0,88.05394995211066,88.11779778886579,88.1816058992487,88.24533823130406,88.30888892837373,88.37195930828078,88.43368304502181,88.49158863678228,88.53856457544589,88.55422322166751
2499600.0,88.05394995211066,88.11779775785124,88.18160599714263,88.24533801120822,88.30888934236737,88.37195863267996,88.4336839902468,88.49158759079931,88.53856516604206,88.55422435779005
2500800.0,88.05394995211066,88.11779777361272,88.18160594739359,88.24533812305943,88.30888913197843,88.3719589760161,88.43368350988926,88.49158812236146,88.53856486590465,88.55422378041949
2502000.0,88.05394995211066,88.11779773163076,88.18160607990535,88.24533782513147,88.30888969237243,88.37195806150267,88.43368478937444,88.491586706487,88.53856566535362,88.55422531830962
2503200.0,88.05394995211066,88.11779778910748,88.18160589848567,88.24533823301967,88.30888892514675,88.37195931354705,88.43368303765376,88.49158864493579,88.53856457084207,88.55422321281132
2504400.0,88.05394995211066,88.11779774040886,88.18160605219796,88.24533788742666,88.3088895751969,88.37195825272272,88.43368452184065,88.49158700253906,88.53856549819304,88.55422499674482
2505600.0,88.05394995211066,88.11779781854806,88.18160580555941,88.24533844194683,88.3088885321608,88.37195995486553,88.43368214039249,88.4915896378422,88.5385640102147,88.55422213433941
2506800.0,88.05394995211066,88.11779774838112,88.18160602703448,88.24533794400188,88.30888946878042,88.37195842638492,88.43368427887172,88.49158727140782,88.53856534638092,88.55422470470585
2508000.0,88.05394995211066,88.11779778670498,88.18160590606894,88.24533821597028,88.3088889572161,88.37195926121268,88.43368311087407,88.49158856391028,88.5385646165918,88.5542233008195
2509200.0,88.05394995211066,88.1177977918509,88.18160588982654,88.24533825248824,88.30888888852684,88.37195937330745,88.43368295404345,88.4915887374587,88.53856451860064,88.55422311231517
2510400.0,88.05394995211066,88.117797752218,88.18160601492393,88.24533797123014,88.30888941756491,88.37195850996422,88.43368416193697,88.49158740080745,88.5385652733177,88.55422456415495
2511600.0,88.05394995211066,88.11779778221367,88.1816059202455,88.24533818409672,88.30888901716935,88.37195916337426,88.4336832477587,88.49158841243431,88.53856470212013,88.55422346534924
2512800.0,88.05394995211066,88.11779769832526,88.18160618503049,88.24533758877757,88.30889013694693,88.37195733599691,88.43368580442045,88.49158558324042,88.53856629957559,88.55422653835453
2514000.0,88.05394995211066,88.11779778059332,88.18160592535995,88.24533817259788,88.30888903879817,88.3719591280779,88.43368329714149,88.49158835778736,88.53856473297549,88.55422352470534
2515200.0,88.05394995211066,88.117797734322,88.1816060714107,88.2453378442304,88.30888965644762,88.37195812012895,88.43368470735075,88.49158679725434,88.5385656141035,88.55422521972038
2516400.0,88.05394995211066,88.11779775934069,88.1816059924415,88.24533802177764,88.3088893224868,88.37195866512337,88.43368394485555,88.49158764102911,88.53856513768068,88.55422430323169
2517600.0,88.05394995211066,88.11779775006428,88.18160602172192,88.24533795594618,88.30888944631361,88.37195846304893,88.43368422757567,88.49158732817199,88.53856531432996,88.55422464304982
2518800.0,88.05394995211066,88.11779779451712,88.18160588141087,88.24533827140914,88.30888885293716,88.37195943138663,88.43368287278595,88.491588827378,88.53856446782927,88.5542230146469
2520000.0,88.05394995211066,88.11779777489139,88.18160594335748,88.24533813213384,88.30888911490995,88.37195900387037,88.43368347091864,88.49158816548622,88.53856484155511,88.5542237335786
2521200.0,88.05394995211066,88.11779776874381,88.18160596276165,88.24533808850721,88.30888919697024,88.37195886995518,88.43368365827789,88.49158795815507,88.53856495862107,88.55422395877693
2522400.0,88.05394995211066,88.11779783605904,88.18160575028786,88.24533856621443,88.30888829841734,88.37196033631386,88.4336816067127,88.49159022841076,88.5385636767604,88.55422149287756
2523600.0,88.05394995211066,88.11779773325027,88.1816060747935,88.24533783662461,88.30888967075403,88.37195809678217,88.43368474001508,88.49158676110801,88.53856563451296,88.55422525898189
2524800.0,88.05394995211066,88.11779779196705,88.18160588945997,88.24533825331223,88.30888888697693,88.37195937583697,88.43368295050452,88.49158874137497,88.53856451638939,88.55422310806146
2526000.0,88.05394995211066,88.11779773705547,88.18160606278282,88.24533786362821,88.30888961996125,88.37195817967115,88.43368462404635,88.49158688943868,88.53856556205335,88.55422511959216
2527200.0,88.05394995211066,88.11779775932212,88.18160599250047,88.24533802164517,88.30888932273594,88.37195866471666,88.43368394542473,88.49158764039927,88.53856513803646,88.5542243039161
2528400.0,88.05394995211066,88.11779775588275,88.18160600335631,88.24533799723801,88.30888936864497,88.37195858979729,88.43368405024358,88.49158752440712,88.53856520352936,88.55422442990405
2529600.0,88.05394995211066,88.11779777513871,88.18160594257684,88.24533813388919,88.30888911160822,88.37195900925835,88.43368346338049,88.49158817382784,88.53856483684527,88.55422372451835
2530800.0,88.05394995211066,88.11779778268439,88.1816059187595,88.24533818743782,88.30888901088493,88.37195917363006,88.43368323341,88.49158842831248,88.53856469315483,88.55422344810283
2532000.0,88.05394995211066,88.11779775653787,88.1816060012886,88.24533800188642,88.30888935990153,88.37195860406594,88.4336840302802,88.4915875464986,88.53856519105587,88.55422440590884
2533200.0,88.05394995211066,88.11779782655708,88.18160578027985,88.24533849878333,88.30888842525314,88.3719601293292,88.43368189630233,88.49158990795172,88.53856385770221,88.55422184095299
2534400.0,88.05394995211066,88.11779773096237,88.18160608201522,88.24533782038785,88.30888970129492,88.37195804694211,88.43368480974576,88.49158668394426,88.53856567808222,88.55422534279548
2535600.0,88.05394995211066,88.11779779516495,88.18160587936612,88.24533827600641,88.30888884429007,88.37195944549798,88.4336828530428,88.49158884922562,88.53856445549357,88.55422299091686
2536800.0,88.05394995211066,88.11779774992225,88.18160602217016,88.24533795493825,88.30888944820965,88.37195845995487,88.43368423190445,88.49158732338178,88.53856531703495,88.55422464825334
2538000.0,88.05394995211066,88.11779777086687,88.18160595606061,88.24533810357319,88.30888916863148,88.37195891620173,88.43368359357484,88.49158802975522,88.53856491819347,88.55422388100683
2539200.0,88.05394995211066,88.11779776076806,88.18160598793632,88.24533803190674,88.30888930343404,88.37195869621581,88.43368390135467,88.49158768916708,88.53856511050057,88.55422425094575
2540400.0,88.05394995211066,88.11779770737778,88.18160615645742,88.24533765301895,88.30889001611088,88.3719575331904,88.43368552852964,88.49158588854044,88.53856612719326,88.55422620674493
2541600.0,88.05394995211066,88.11779777167214,88.18160595351871,88.24533810928828,88.30888915788188,88.37195893374395,88.4336835690317,88.49158805691468,88.53856490285825,88.5542238515068
2542800.0,88.05394995211066,88.11779774217007,88.18160604663927,88.24533789992421,88.30888955168919,88.3719582910857,88.4336844681672,88.49158706193415,88.53856546465681,88.55422493223172
2544000.0,88.05394995211066,88.11779777862576,88.18160593157039,88.245338158635,88.30888906506198,88.37195908521787,88.43368335710652,88.49158829143025,88.53856477044309,88.5542235967814
2545200.0,88.05394995211066,88.11779774615006,88.18160603407694,88.24533792816804,88.30888949856357,88.37195837778167,88.4336843468719,88.49158719615927,88.53856538886892,88.5542247864395
2546400.0,88.05394995211066,88.11779782750008,88.18160577730352,88.2453385054752,88.3088884126659,88.37196014987032,88.43368186756373,88.49158993975368,88.53856383974579,88.55422180641052
2547600.0,88.05394995211066,88.1177977543258,88.18160600827078,88.24533798618855,88.3088893894288,88.37195855588001,88.43368409769671,88.4915874718957,88.53856523317903,88.55422448694078
2548800.0,88.05394995211066,88.11779778497286,88.18160591153621,88.2453382036782,88.30888898033733,88.37195922348089,88.43368316366445,88.49158850549264,88.53856464957636,88.55422336427158
2550000.0,88.05394995211066,88.11779781362512,88.18160582109851,88.24533840701024,88.30888859787565,88.37195984762444,88.4336822904325,88.49158947180841,88.53856410396304,88.55422231468188
2551200.0,88.05394995211066,88.11779774803216,88.18160602813612,88.24533794152526,88.30888947343895,88.37195841878288,88.43368428950772,88.49158725963815,88.53856535302666,88.55422471749013
2552400.0,88.05394995211066,88.11779778218299,88.18160592034234,88.24533818387917,88.3088890175785,88.37195916270669,88.43368324869272,88.49158841140081,88.53856470270381,88.55422346647214
2553600.0,88.05394995211066,88.11779772517497,88.18160610028242,88.24533777931755,88.30888977854701,88.37195792087348,88.4336849861269,88.49158648876168,88.53856578828862,88.55422555479826
2554800.0,88.05394995211066,88.11779778185678,88.18160592137191,88.24533818156432,88.30888902193244,88.37195915560146,88.43368325863355,88.49158840040029,88.53856470891506,88.55422347842062
2556000.0,88.05394995211066,88.11779774218782,88.18160604658321,88.24533790005015,88.3088895514526,88.3719582914714,88.43368446762751,88.49158706253144,88.53856546431948,88.55422493158281
2557200.0,88.05394995211066,88.11779780709944,88.18160584169603,88.24533836070073,88.30888868498226,88.3719597054745,88.43368248931239,88.49158925172857,88.53856422822733,88.55422255372758
2558400.0,88.05394995211066,88.11779776284835,88.1816059813703,88.24533804666919,88.30888927566637,88.37195874153007,88.4336838379559,88.49158775932405,88.53856507088761,88.55422417474276
2559600.0,88.05394995211066,88.11779777708517,88.18160593643299,88.24533814770228,88.30888908562619,88.37195905165886,88.43368340405827,88.49158823947364,88.53856479977956,88.55422365321546
2560800.0,88.05394995211066,88.11779781183712,88.18160582674206,88.2453383943218,88.30888862174201,88.37195980867678,88.4336823449234,88.4915894115091,88.53856413800982,88.55422238017731
2562000.0,88.05394995211066,88.1177977408018,88.18160605095807,88.24533789021416,88.30888956995364,88.37195826127937,88.4336845098691,88.49158701578673,88.53856549071308,88.5542249823558
2563200.0,88.05394995211066,88.11779779001955,88.18160589560703,88.24533823949179,88.30888891297292,88.37195933341354,88.43368300985877,88.4915886756935,88.53856455347548,88.55422317940342
2564400.0,88.05394995211066,88.11779771156388,88.18160614324442,88.24533768272573,88.30888996023302,88.37195762437834,88.43368540094953,88.49158602972012,88.53856604747855,88.55422605339864
2565600.0,88.05394995211066,88.11779777954189,88.18160592867878,88.24533816513612,88.30888905283359,88.37195910517352,88.43368332918662,88.49158832232638,88.5385647529981,88.55422356322264
2566800.0,88.05394995211066,88.1177977416093,88.18160604840895,88.2453378959454,88.30888955917354,88.37195827887157,88.43368448525598,88.49158704302371,88.5385654753342,88.55422495277165
2568000.0,88.05394995211066,88.11779773820021,88.18160605916934,88.2453378717526,88.30888960467942,88.37195820461014,88.43368458915434,88.49158692805004,88.5385655402521,88.55422507765338
2569200.0,88.05394995211066,88.11779775807226,88.1816059964454,88.24533801277555,88.30888933941925,88.37195863749113,88.43368398351568,88.49158759824795,88.53856516183642,88.55422434969988
2570400.0,88.05394995211066,88.117797773121,88.1816059489455,88.24533811957019,88.30888913854183,88.37195896530525,88.43368352487467,88.49158810577869,88.53856487526795,88.5542237984316
2571600.0,88.05394995211066,88.11779778096339,88.18160592419186,88.2453381752241,88.30888903385848,88.37195913613914,88.4336832858631,88.49158837026823,88.53856472592844,88.55422351114909
2572800.0,88.05394995211066,88.11779775871724,88.18160599440952,88.24533801735316,88.308889330809,88.37195865154223,88.43368396385696,88.4915876200022,88.53856514955329,88.55422432607091
2574000.0,88.05394995211066,88.11779784119015,88.18160573409207,88.24533860262777,88.30888822992524,88.3719604480865,88.43368145033341,88.49159040145918,88.5385635790517,88.55422130491652
2575200.0,88.05394995211066,88.11779773638051,88.18160606491323,88.2453378588387,88.30888962896994,88.37195816497014,88.43368464461409,88.49158686667866,88.53856557490435,88.55422514431353
2576400.0,88.05394995211066,88.11779779203896,88.181605889233,88.24533825382235,88.30888888601757,88.3719593774025,88.43368294831423,88.49158874379877,88.538564515021,88.55422310542893
2577600.0,88.05394995211066,88.11779775238746,88.18160601438892,88.24533797243305,88.3088894153023,88.37195851365675,88.43368415677082,88.49158740652437,88.53856527008978,88.55422455794547
2578800.0,88.05394995211066,88.11779773788889,88.181606060152,88.24533786954332,88.3088896088348,88.37195819782882,88.43368459864192,88.49158691755123,88.53856554618002,88.55422508905684
2580000.0,88.05394995211066,88.11779776670208,88.1816059692063,88.24533807401774,88.30888922422459,88.37195882547852,88.4336837205047,88.49158788929506,88.53856499750161,88.55422403357102
2581200.0,88.05394995211066,88.11779775490812,88.18160600643252,88.24533799032142,88.3088893816549,88.37195856856637,88.43368407994744,88.49158749153686,88.53856522208889,88.55422446560681
2582400.0,88.05394995211066,88.11779778784837,88.18160590245998,88.24533822408405,88.30888894195428,88.37195928611844,88.43368307602879,88.49158860247023,88.53856459481966,88.55422325893674
2583600.0,88.05394995211066,88.11779774615852,88.18160603404986,88.24533792822902,88.30888949844885,88.37195837796897,88.43368434660985,88.4915871964491,88.53856538870515,88.55422478612444
2584800.0,88.05394995211066,88.1177978265943,88.18160578016224,88.24533849904745,88.30888842475657,88.37196013013923,88.43368189516937,88.4915899092052,88.53856385699439,88.55422183959138
2586000.0,88.05394995211066,88.11779773944131,88.18160605525232,88.24533788055945,88.30888958811363,88.37195823164409,88.43368455133127,88.49158696990504,88.53856551661941,88.55422503219143
2587200.0,88.05394995211066,88.11779779173554,88.18160589019094,88.24533825166883,88.30888889006803,88.37195937079238,88.43368295756248,88.49158873356453,88.53856452079962,88.55422311654523
2588400.0,88.05394995211066,88.11779777771744,88.18160593443736,88.24533815218905,88.30888907718672,88.3719590654313,88.43368338478956,88.4915882607964,88.53856478773987,88.55422363005495
2589600.0,88.05394995211066,88.11779776028199,88.18160598947077,88.24533802845681,88.3088893099234,88.37195868562574,88.43368391617103,88.49158767277135,88.53856511975808,88.55422426875428
2590800.0,88.05394995211066,88.11779777369117,88.18160594714577,88.24533812361665,88.30888913093061,88.37195897772611,88.43368350749688,88.49158812500895,88.53856486440995,88.55422377754424
2592000.0,88.05394995211066,88.11779771721753,88.18160612539916,88.24533772284745,88.30888988476532,88.37195774753505,88.43368522864246,88.49158622039454,88.53856593981762,88.55422584629258
