LF,Geometric_AR,Thermal_AR,BOR
0.05,0.01,0.1284024905369416,0.07464328834494927
0.05,0.014974874371859296,0.18062543499431113,0.06067714256055545
0.05,0.019949748743718593,0.22690918189427733,0.05312529116105558
0.05,0.02492462311557789,0.268219202813988,0.048388663452389125
0.05,0.029899497487437185,0.3053199648067289,0.04515342776273479
0.05,0.03487437185929648,0.3388258281972388,0.042818448126564324
0.05,0.03984924623115578,0.369236602774232,0.04106752743484576
0.05,0.04482412060301508,0.39696324357102103,0.03971766041726976
0.05,0.049798994974874375,0.4223468471747861,0.03865525403503822
0.05,0.05477386934673367,0.4456729403127487,0.03780592227971735
0.05,0.05974874371859297,0.46718238274393586,0.03711884656116138
0.05,0.06472361809045227,0.48707979131818535,0.0365580952637532
0.05,0.06969849246231155,0.5055401217979459,0.03609752950342249
0.05,0.07467336683417086,0.5227138635725043,0.03571767331320563
0.05,0.07964824120603015,0.5387311776623346,0.03540371553981925
0.05,0.08462311557788944,0.5537052211143637,0.035144191954885384
0.05,0.08959798994974874,0.5677348388317855,0.03493009126799862
0.05,0.09457286432160804,0.5809067591583723,0.034754233694885395
0.05,0.09954773869346734,0.5932973969048785,0.03461082961500206
0.05,0.10452261306532663,0.6049743434251035,0.034495160115601164
0.05,0.10949748743718593,0.6159976053945432,0.03440334180810667
0.05,0.11447236180904523,0.6264206404277474,0.03433215103185416
0.05,0.11944723618090453,0.6362912274030069,0.03427889063232237
0.05,0.12442211055276382,0.6456522014981697,0.034241287737807324
0.05,0.12939698492462312,0.6545420778694953,0.03421741442629678
0.05,0.1343718592964824,0.6629955831830509,0.03420562551403905
0.05,0.13934673366834172,0.6710441105096792,0.03420450930288621
0.05,0.144321608040201,0.6787161101789233,0.034212848242607174
0.05,0.1492964824120603,0.686037426874445,0.03422958725564795
0.05,0.1542713567839196,0.6930315914080492,0.03425380803872158
0.05,0.1592462311557789,0.6997200741285465,0.034284708066727454
0.05,0.1642211055276382,0.7061225057268841,0.034321583325860106
0.05,0.1691959798994975,0.7122568702309934,0.03436381402673927
0.05,0.17417085427135678,0.7181396741942079,0.03441085271527511
0.05,0.1791457286432161,0.7237860954355371,0.034462214325635454
0.05,0.18412060301507538,0.7292101141591353,0.03451746781591014
0.05,0.18909547738693466,0.7344246288420343,0.03457622910115399
0.05,0.19407035175879397,0.7394415589159248,0.034638155055681796
0.05,0.19904522613065326,0.7442719359665095,0.03470293840123517
0.05,0.20402010050251257,0.7489259849215074,0.03477030333264386
0.05,0.20899497487437185,0.7534131964868034,0.03484000176030522
0.05,0.21396984924623116,0.7577423919122979,0.03491181007085831
0.05,0.21894472361809045,0.7619217810188672,0.034985526324964544
0.05,0.22391959798994976,0.7659590142907582,0.035060967825323086
0.05,0.22889447236180904,0.7698612297298351,0.035137968999396474
0.05,0.23386934673366835,0.7736350950762191,0.03521637955068502
0.05,0.23884422110552764,0.7772868459213936,0.035296062839888176
0.05,0.24381909547738695,0.7808223201726651,0.035376894463557296
0.05,0.24879396984924623,0.7842469892701853,0.03545876100288603
0.05,0.2537688442211055,0.7875659865080907,0.03554155891957489
0.05,0.25874371859296486,0.7907841327684723,0.0356251935791525
0.05,0.26371859296482414,0.7939059599398348,0.03570957838507516
0.05,0.2686934673366834,0.7969357322595809,0.035794634009376436
0.05,0.2736683417085427,0.799877465792139,0.035880287707656944
0.05,0.278643216080402,0.8027349462300538,0.03596647270795317
0.05,0.28361809045226133,0.8055117451841479,0.03605312766443802
0.05,0.2885929648241206,0.8082112351103166,0.036140196168203964
0.05,0.2935678391959799,0.8108366030042733,0.036227626308339644
0.05,0.2985427135678392,0.8133908629813037,0.03631537027747278
0.05,0.3035175879396985,0.815876867845537,0.03640338401668686
0.05,0.3084924623115578,0.8182973197422021,0.03649162689534191
0.05,0.3134673366834171,0.8206547799765775,0.03658006142196002
0.05,0.31844221105527637,0.8229516780747232,0.036668652982734695
0.05,0.3234170854271357,0.8251903201534481,0.036757369604708545
0.05,0.328391959798995,0.8273728966601915,0.03684618174097798
0.05,0.3333668341708543,0.8295014895374822,0.03693506207562569
0.05,0.33834170854271356,0.8315780788612818,0.03702398534632145
0.05,0.34331658291457284,0.8336045489977523,0.03711292818280931
0.05,0.3482914572864322,0.8355826943187219,0.03720186895965294
0.05,0.35326633165829147,0.8375142245123289,0.03729078766185179
0.05,0.35824120603015075,0.8394007695219057,0.03737966576203289
0.05,0.36321608040201003,0.8412438841431246,0.03746848610811426
0.05,0.36819095477386937,0.843045052306679,0.03755723282043655
0.05,0.37316582914572866,0.84480569107132,0.03764589119745909
0.05,0.37814070351758794,0.846527154349848,0.037734447629224954
0.05,0.3831155778894472,0.8482107363886742,0.037822889517872715
0.05,0.38809045226130656,0.8498576750197564,0.03791120520456581
0.05,0.39306532663316585,0.8514691547021033,0.03799938390222746
0.05,0.39804020100502513,0.8530463093685619,0.03808741563361351
0.05,0.4030150753768844,0.854590225092283,0.03817529117419216
0.05,0.40798994974874375,0.8561019425860531,0.038263001999468305
0.05,0.41296482412060304,0.857582459546589,0.03835054023632356
0.05,0.4179396984924623,0.8590327328549026,0.03843789861806424
0.05,0.4229145728643216,0.8604536806429435,0.03852507044282283
0.05,0.4278894472361809,0.8618461842359062,0.03861204953508679
0.05,0.4328643216080402,0.8632110899788431,0.03869883021003706
0.05,0.4378391959798995,0.8645492109555459,0.038785407240513825
0.05,0.4428140703517588,0.8658613286070387,0.03887177582637036
0.05,0.4477889447236181,0.867148194256455,0.03895793156601646
0.05,0.4527638190954774,0.8684105305465556,0.03904387043001489
0.05,0.4577386934673367,0.869649032795685,0.03912958873652128
0.05,0.462713567839196,0.8708643702775022,0.039215083128455674
0.05,0.46768844221105527,0.8720571874294275,0.039300350552260443
0.05,0.4726633165829146,0.8732281049944259,0.039385388238117436
0.05,0.4776381909547739,0.8743777211003608,0.039470193681534704
0.05,0.4826130653266332,0.8755066122808656,0.03955476462617047
0.05,0.48758793969849246,0.8766153344414016,0.03963909904781615
0.05,0.49256281407035174,0.8777044237739043,0.03972319513946543
0.05,0.4975376884422111,0.8787743976231811,0.039807051297365614
0.05,0.5025125628140703,0.8798257553080061,0.03989066610798675
0.05,0.5074874371859297,0.8808589788996521,0.039974038335864215
0.05,0.512462311557789,0.8818745339604116,0.04005716691221206
0.05,0.5174371859296483,0.8828728702444848,0.04014005092429085
0.05,0.5224120603015076,0.8838544223634561,0.040222689605446726
0.05,0.5273869346733668,0.8848196104184257,0.0403050823258011
0.05,0.5323618090452261,0.8857688406007334,0.04038722858352095
0.05,0.5373366834170854,0.8867025057630772,0.04046912799665425
0.05,0.5423115577889447,0.8876209859627172,0.04055078029545944
0.05,0.5472864321608041,0.888524648978344,0.04063218531523516
0.05,0.5522613065326634,0.8894138508020882,0.04071334298958518
0.05,0.5572361809045226,0.8902889361080556,0.040794253344102804
0.05,0.5622110552763819,0.8911502386986857,0.04087491649044184
0.05,0.5671859296482412,0.8919980819301464,0.0409553326207559
0.05,0.5721608040201005,0.8928327791179071,0.04103550200247241
0.05,0.5771356783919598,0.8936546339235578,0.04111542497338738
0.05,0.5821105527638191,0.89446394072388,0.041195101937054
0.05,0.5870854271356784,0.8952609849631105,0.041274533358450105
0.05,0.5920603015075377,0.896046043489286,0.04135371975990698
0.05,0.597035175879397,0.8968193848755011,0.04143266171728022
0.05,0.6020100502512563,0.8975812697268628,0.04151135985634635
0.05,0.6069849246231156,0.8983319509738811,0.041589814849414264
0.05,0.6119597989949749,0.8990716741529862,0.041668027412145925
0.05,0.6169346733668342,0.8998006776748314,0.041745998300544596
0.05,0.6219095477386934,0.9005191930809934,0.04182372830814196
0.05,0.6268844221105527,0.9012274452896546,0.04190121826333759
0.05,0.6318592964824121,0.901925652830813,0.04197846902688984
0.05,0.6368341708542714,0.9026140280715382,0.042055481489568614
0.05,0.6418090452261307,0.9032927774317607,0.04213225656993269
0.05,0.64678391959799,0.903962101591056,0.0422087952122332
0.05,0.6517587939698493,0.9046221956868598,0.0422850983844536
0.05,0.6567336683417085,0.9052732495045228,0.04236116707644699
0.05,0.6617085427135678,0.9059154476595994,0.04243700229819103
0.05,0.6666834170854271,0.906548969772732,0.04251260507813881
0.05,0.6716582914572864,0.907173990637485,0.042587976461667454
0.05,0.6766331658291458,0.9077906803814546,0.0426631175096146
0.05,0.6816080402010051,0.9083992046209675,0.04273802929689685
0.05,0.6865829145728644,0.9089997246096639,0.04281271291121436
0.05,0.6915577889447236,0.9095923973812482,0.04288716945182225
0.05,0.6965326633165829,0.9101773758866655,0.04296140002838067
0.05,0.7015075376884422,0.9107548091259651,0.04303540575985987
0.05,0.7064824120603015,0.9113248422750818,0.04310918777352346
0.05,0.7114572864321608,0.9118876168077695,0.04318274720395321
0.05,0.7164321608040201,0.9124432706128935,0.04325608519214774
0.05,0.7214070351758795,0.9129919381072943,0.043329202884657025
0.05,0.7263819095477387,0.913533750344412,0.043402101432780116
0.05,0.731356783919598,0.9140688351188581,0.04347478199180066
0.05,0.7363316582914573,0.9145973170671079,0.0435472457202708
0.05,0.7413065326633166,0.9151193177644827,0.04361949377933638
0.05,0.7462814070351759,0.9156349558185806,0.043691527332103464
0.05,0.7512562814070352,0.9161443469593018,0.043763347543035236
0.05,0.7562311557788944,0.9166476041256209,0.04383495557739647
0.05,0.7612060301507538,0.9171448375492335,0.043906352600717735
0.05,0.7661809045226131,0.917636154835214,0.04397753977829977
0.05,0.7711557788944724,0.9181216610398066,0.04404851827474876
0.05,0.7761306532663317,0.9186014587454668,0.04411928925352959
0.05,0.781105527638191,0.9190756481332667,0.044189853876557716
0.05,0.7860804020100502,0.9195443270527708,0.044260213303809914
0.05,0.7910552763819095,0.9200075910894877,0.04433036869296125
0.05,0.7960301507537688,0.9204655336299918,0.04440032119904025
0.05,0.8010050251256281,0.9209182459248096,0.04447007197411623
0.05,0.8059798994974875,0.9213658171491602,0.04453962216698737
0.05,0.8109547738693468,0.9218083344616352,0.04460897292291066
0.05,0.8159296482412061,0.9222458830608967,0.04467812538333504
0.05,0.8209045226130653,0.9226785462404745,0.044747080685653584
0.05,0.8258793969849246,0.923106405441734,0.044815839962979
0.05,0.8308542713567839,0.9235295403050856,0.04488440434392493
0.05,0.8358291457286432,0.9239480287195067,0.044952774952410346
0.05,0.8408040201005025,0.9243619468704352,0.045020952907467215
0.05,0.8457788944723619,0.9247713692861012,0.04508893932307845
0.05,0.8507537688442212,0.9251763688823543,0.04515673530800757
0.05,0.8557286432160804,0.9255770170060452,0.04522434196565439
0.05,0.8607035175879397,0.9259733834770095,0.045291760393914915
0.05,0.865678391959799,0.9263655366287149,0.045358991685058525
0.05,0.8706532663316583,0.9267535433476146,0.04542603692560654
0.05,0.8756281407035176,0.9271374691112566,0.04549289719622296
0.05,0.8806030150753769,0.9275173780251955,0.045559573571621215
0.05,0.8855778894472361,0.9278933328587492,0.045626067120463354
0.05,0.8905527638190955,0.9282653950796431,0.045692378905294095
0.05,0.8955276381909548,0.9286336248875823,0.045758509982445794
0.05,0.9005025125628141,0.9289980812467885,0.04582446140198382
0.05,0.9054773869346734,0.9293588219175418,0.045890234207638825
0.05,0.9104522613065327,0.929715903486759,0.045955829436753914
0.05,0.915427135678392,0.930069381397647,0.046021248120237335
0.05,0.9204020100502512,0.9304193099784581,0.04608649128251474
0.05,0.9253768844221105,0.9307657424703849,0.04615155994149189
0.05,0.9303517587939698,0.9311087310546193,0.04621645510852779
0.05,0.9353266331658292,0.9314483268786101,0.046281177788399575
0.05,0.9403015075376885,0.9317845800815403,0.0463457289792788
0.05,0.9452763819095478,0.9321175398190565,0.04641010967271897
0.05,0.950251256281407,0.9324472542872746,0.04647432085363512
0.05,0.9552261306532663,0.9327737707460834,0.04653836350029228
0.05,0.9602010050251256,0.9330971355417741,0.04660223858430235
0.05,0.9651758793969849,0.9334173941290161,0.04666594707061078
0.05,0.9701507537688442,0.9337345910922011,0.04672948991750814
0.05,0.9751256281407036,0.9340487701661763,0.04679286807662009
0.05,0.9801005025125629,0.9343599742563888,0.046856082492919615
0.05,0.9850753768844221,0.9346682454584593,0.04691913410473192
0.05,0.9900502512562814,0.9349736250772026,0.04698202384374439
0.05,0.9950251256281407,0.9352761536451163,0.047044752635019726
0.05,1.0,0.9355758709403513,0.047107321397011015
0.08750000000000001,0.01,0.1288848316631232,0.042676455660063395
0.08750000000000001,0.014974874371859296,0.18126769887986952,0.03469921620158356
0.08750000000000001,0.019949748743718593,0.22767423704714126,0.030386603345849306
0.08750000000000001,0.02492462311557789,0.26907865515322266,0.027682274044513955
0.08750000000000001,0.029899497487437185,0.30625189197552977,0.025835598453753272
0.08750000000000001,0.03487437185929648,0.33981314064415513,0.02450314548207211
0.08750000000000001,0.03984924623115578,0.37026586610015094,0.023504278687859204
0.08750000000000001,0.04482412060301508,0.3980238212369132,0.022734455947970966
0.08750000000000001,0.049798994974874375,0.4234302669175357,0.022128790019337652
0.08750000000000001,0.05477386934673367,0.4467724195829293,0.021644791714750422
0.08750000000000001,0.05974874371859297,0.46829246915490935,0.02125343493054288
0.08750000000000001,0.06472361809045227,0.4881960874098888,0.020934197575269486
0.08750000000000001,0.06969849246231155,0.50665907240874,0.020672151355513035
0.08750000000000001,0.07467336683417086,0.5238325901843907,0.020456173834545677
0.08750000000000001,0.07964824120603015,0.5398473483363919,0.020277807023168393
0.08750000000000001,0.08462311557788944,0.5548169476350636,0.020130504560520235
0.08750000000000001,0.08959798994974874,0.5688405948267736,0.02000912105450725
0.08750000000000001,0.09457286432160804,0.5820053145144479,0.01990955711961906
0.08750000000000001,0.09954773869346734,0.5943877649369032,0.01982850728882446
0.08750000000000001,0.10452261306532663,0.6060557380928326,0.019763277550234326
0.08750000000000001,0.10949748743718593,0.6170694064864828,0.01971165102124539
0.08750000000000001,0.11447236180904523,0.627482365099701,0.019671787544822905
0.08750000000000001,0.11944723618090453,0.6373425068135689,0.019642147603825544
0.08750000000000001,0.12442211055276382,0.6466927615537621,0.019621433940860022
0.08750000000000001,0.12939698492462312,0.6555717232991152,0.019608546252171344
0.08750000000000001,0.1343718592964824,0.6640141843233338,0.019602545660547754
0.08750000000000001,0.13934673366834172,0.6720515923056763,0.019602626589451333
0.08750000000000001,0.144321608040201,0.6797124430036385,0.01960809429981003
0.08750000000000001,0.1492964824120603,0.6870226188470369,0.019618346802890096
0.08750000000000001,0.1542713567839196,0.6940056819513439,0.01963286018650101
0.08750000000000001,0.1592462311557789,0.7006831285548446,0.019651176626577893
0.08750000000000001,0.1642211055276382,0.7070746106798804,0.01967289452846699
0.08750000000000001,0.1691959798994975,0.7131981298423482,0.01969766036987064
0.08750000000000001,0.17417085427135678,0.7190702068385131,0.01972516191305962
0.08750000000000001,0.1791457286432161,0.7247060309875056,0.019755122525989544
0.08750000000000001,0.18412060301507538,0.7301195916734922,0.019787296407215438
0.08750000000000001,0.18909547738693466,0.7353237945898966,0.01982146455157996
0.08750000000000001,0.19407035175879397,0.7403305647224911,0.019857431326424146
0.08750000000000001,0.19904522613065326,0.7451509378039235,0.019895021553604453
0.08750000000000001,0.20402010050251257,0.7497951417182104,0.019934078012563416
0.08750000000000001,0.20899497487437185,0.7542726691208664,0.01997445929558439
0.08750000000000001,0.21396984924623116,0.7585923423613374,0.020016037958886734
0.08750000000000001,0.21894472361809045,0.7627623716434099,0.020058698923248297
0.08750000000000001,0.22391959798994976,0.766790407231475,0.0201023380860208
0.08750000000000001,0.22889447236180904,0.7706835864020386,0.020146861112776415
0.08750000000000001,0.23386934673366835,0.774448575747513,0.020192182382266388
0.08750000000000001,0.23884422110552764,0.7780916093604632,0.020238224062620658
0.08750000000000001,0.24381909547738695,0.7816185233589619,0.020284915300261996
0.08750000000000001,0.24879396984924623,0.7850347871557585,0.020332191505932906
0.08750000000000001,0.2537688442211055,0.7883455318240784,0.02037999372470045
0.08750000000000001,0.25874371859296486,0.7915555758698408,0.020428268078667156
0.08750000000000001,0.26371859296482414,0.7946694486828658,0.02047696527295151
0.08750000000000001,0.2686934673366834,0.7976914119073815,0.020526040156737535
0.08750000000000001,0.2736683417085427,0.8006254789441142,0.020575451332486283
0.08750000000000001,0.278643216080402,0.803475432771847,0.020625160807287823
0.08750000000000001,0.28361809045226133,0.8062448422550369,0.020675133681231195
0.08750000000000001,0.2885929648241206,0.8089370770854712,0.020725337868340743
0.08750000000000001,0.2935678391959799,0.811555321489636,0.02077574384620684
0.08750000000000001,0.2985427135678392,0.8141025868191599,0.020826324430999854
0.08750000000000001,0.3035175879396985,0.816581723129108,0.020877054574948373
0.08750000000000001,0.3084924623115578,0.8189954298378195,0.020927911183733272
0.08750000000000001,0.3134673366834171,0.8213462655521943,0.020978872951602057
0.08750000000000001,0.31844221105527637,0.8236366571336862,0.02102992021225214
0.08750000000000001,0.3234170854271357,0.8258689080726042,0.021081034803788423
0.08750000000000001,0.328391959798995,0.8280452062315249,0.021132199946230834
0.08750000000000001,0.3333668341708543,0.8301676310125916,0.02118340013030262
0.08750000000000001,0.33834170854271356,0.8322381599981004,0.021234621016277933
0.08750000000000001,0.34331658291457284,0.8342586751089968,0.021285849341902585
0.08750000000000001,0.3482914572864322,0.8362309683216286,0.021337072838442106
0.08750000000000001,0.35326633165829147,0.8381567469792965,0.02138828015407146
0.08750000000000001,0.35824120603015075,0.8400376387317194,0.021439460783875264
0.08750000000000001,0.36321608040201003,0.8418751961324817,0.021490605005811902
0.08750000000000001,0.36819095477386937,0.8436709009217799,0.021541703822084646
0.08750000000000001,0.37316582914572866,0.845426168019319,0.02159274890538687
0.08750000000000001,0.37814070351758794,0.8471423492499973,0.021643732549597283
0.08750000000000001,0.3831155778894472,0.8488207368230115,0.021694647624464825
0.08750000000000001,0.38809045226130656,0.8504625665832176,0.02174548753398975
0.08750000000000001,0.39306532663316585,0.8520690210519597,0.021796246178079848
0.08750000000000001,0.39804020100502513,0.8536412322730834,0.02184691791726623
0.08750000000000001,0.4030150753768844,0.8551802844786124,0.021897497540180666
0.08750000000000001,0.40798994974874375,0.8566872165871643,0.021947980233523845
0.08750000000000001,0.41296482412060304,0.8581630245473262,0.021998361554355972
0.08750000000000001,0.4179396984924623,0.8596086635370638,0.022048637404483484
0.08750000000000001,0.4229145728643216,0.8610250500293809,0.022098804006779105
0.08750000000000001,0.4278894472361809,0.862413063733625,0.022148857883256268
0.08750000000000001,0.4328643216080402,0.8637735494210905,0.02219879583477158
0.08750000000000001,0.4378391959798995,0.865107318642883,0.022248614922204757
0.08750000000000001,0.4428140703517588,0.8664151513473954,0.02229831244901126
0.08750000000000001,0.4477889447236181,0.8676977974041714,0.022347885945021018
0.08750000000000001,0.4527638190954774,0.8689559780404205,0.022397333151407794
0.08750000000000001,0.4577386934673367,0.8701903871959699,0.022446652006699264
0.08750000000000001,0.462713567839196,0.8714016928020065,0.022495840633792508
0.08750000000000001,0.46768844221105527,0.8725905379885656,0.022544897327853475
0.08750000000000001,0.4726633165829146,0.8737575422253524,0.022593820545070864
0.08750000000000001,0.4776381909547739,0.8749033024001587,0.022642608892156302
0.08750000000000001,0.4826130653266332,0.8760283938388139,0.022691261116592365
0.08750000000000001,0.48758793969849246,0.8771333712703425,0.022739776097508324
0.08750000000000001,0.49256281407035174,0.8782187697407289,0.022788152837182274
0.08750000000000001,0.4975376884422111,0.8792851054784543,0.022836390453112365
0.08750000000000001,0.5025125628140703,0.8803328767147518,0.02288448817060207
0.08750000000000001,0.5074874371859297,0.8813625644613181,0.022932445315845262
0.08750000000000001,0.512462311557789,0.8823746332480364,0.022980261309445638
0.08750000000000001,0.5174371859296483,0.8833695318230863,0.02302793566037864
0.08750000000000001,0.5224120603015076,0.8843476938176629,0.023075467960322227
0.08750000000000001,0.5273869346733668,0.8853095383773729,0.023122857878366432
0.08750000000000001,0.5323618090452261,0.8862554707622416,0.023170105156045784
0.08750000000000001,0.5373366834170854,0.887185882917136,0.02321720960270457
0.08750000000000001,0.5423115577889447,0.8881011540142926,0.023264171091129437
0.08750000000000001,0.5472864321608041,0.8890016509695291,0.023310989553486205
0.08750000000000001,0.5522613065326634,0.8898877289336169,0.023357664977478487
0.08750000000000001,0.5572361809045226,0.8907597317601975,0.023404197402769444
0.08750000000000001,0.5622110552763819,0.8916179924515406,0.023450586917612704
0.08750000000000001,0.5671859296482412,0.8924628335833567,0.02349683365568689
0.08750000000000001,0.5721608040201005,0.8932945677098052,0.02354293779313643
0.08750000000000001,0.5771356783919598,0.8941134977497658,0.023588899545778252
0.08750000000000001,0.5821105527638191,0.8949199173553782,0.02363471916649118
0.08750000000000001,0.5870854271356784,0.8957141112637912,0.02368039694274926
0.08750000000000001,0.5920603015075377,0.896496355633008,0.023725933194312265
0.08750000000000001,0.597035175879397,0.89726691836266,0.02377132827105588
0.08750000000000001,0.6020100502512563,0.8980260594004928,0.023816582550925558
0.08750000000000001,0.6069849246231156,0.8987740310353016,0.023861696438012725
0.08750000000000001,0.6119597989949749,0.8995110781770087,0.023906670360749782
0.08750000000000001,0.6169346733668342,0.9002374386245385,0.02395150477020569
0.08750000000000001,0.6219095477386934,0.9009533433221051,0.02399620013849013
0.08750000000000001,0.6268844221105527,0.9016590166044924,0.02404075695724006
0.08750000000000001,0.6318592964824121,0.9023546764318768,0.024085175736202613
0.08750000000000001,0.6368341708542714,0.9030405346147056,0.024129457001903276
0.08750000000000001,0.6418090452261307,0.9037167970291217,0.02417360129638868
0.08750000000000001,0.64678391959799,0.9043836638233943,0.02421760917603133
0.08750000000000001,0.6517587939698493,0.905041329615791,0.024261481210428704
0.08750000000000001,0.6567336683417085,0.9056899836843011,0.024305217981340554
0.08750000000000001,0.6617085427135678,0.9063298101486013,0.024348820081707245
0.08750000000000001,0.6666834170854271,0.9069609881446286,0.024392288114708727
0.08750000000000001,0.6716582914572864,0.907583691992112,0.024435622692897896
0.08750000000000001,0.6766331658291458,0.9081980913553885,0.02447882443735705
0.08750000000000001,0.6816080402010051,0.9088043513978185,0.02452189397693183
0.08750000000000001,0.6865829145728644,0.9094026329300919,0.024564831947488264
0.08750000000000001,0.6915577889447236,0.9099930925527123,0.024607638991224423
0.08750000000000001,0.6965326633165829,0.9105758827929157,0.024650315756011842
0.08750000000000001,0.7015075376884422,0.911151152236281,0.024692862894789336
0.08750000000000001,0.7064824120603015,0.9117190456532686,0.024735281064975467
0.08750000000000001,0.7114572864321608,0.9122797041209166,0.02477757092792987
0.08750000000000001,0.7164321608040201,0.9128332651399061,0.02481973314843522
0.08750000000000001,0.7214070351758795,0.9133798627472006,0.024861768394212724
0.08750000000000001,0.7263819095477387,0.9139196276244563,0.024903677335470054
0.08750000000000001,0.731356783919598,0.9144526872023835,0.024945460644468342
0.08750000000000001,0.7363316582914573,0.9149791657612366,0.024987118995120294
0.08750000000000001,0.7413065326633166,0.9154991845276008,0.025028653062607154
0.08750000000000001,0.7462814070351759,0.9160128617676283,0.02507006352302632
0.08750000000000001,0.7512562814070352,0.9165203128768822,0.025111351053047404
0.08750000000000001,0.7562311557788944,0.9170216504669253,0.025152516329601804
0.08750000000000001,0.7612060301507538,0.9175169844487945,0.025193560029582507
0.08750000000000001,0.7661809045226131,0.9180064221134877,0.02523448282955809
0.08750000000000001,0.7711557788944724,0.9184900682095904,0.02527528540552182
0.08750000000000001,0.7761306532663317,0.9189680250181569,0.025315968432637836
0.08750000000000001,0.781105527638191,0.9194403924249601,0.025356532585004032
0.08750000000000001,0.7860804020100502,0.9199072679902179,0.025396978535447756
0.08750000000000001,0.7910552763819095,0.9203687470158975,0.025437306955309325
0.08750000000000001,0.7960301507537688,0.9208249226106939,0.025477518514254394
0.08750000000000001,0.8010050251256281,0.9212758857527799,0.025517613880097434
0.08750000000000001,0.8059798994974875,0.9217217253504105,0.025557593718632088
0.08750000000000001,0.8109547738693468,0.9221625283004732,0.025597458693473962
0.08750000000000001,0.8159296482412061,0.9225983795450594,0.025637209465913857
0.08750000000000001,0.8209045226130653,0.9230293621261376,0.025676846694782762
0.08750000000000001,0.8258793969849246,0.9234555572384018,0.025716371036315744
0.08750000000000001,0.8308542713567839,0.9238770442803652,0.025755783144048472
0.08750000000000001,0.8358291457286432,0.9242939009037671,0.025795083668688434
0.08750000000000001,0.8408040201005025,0.9247062030613586,0.025834273258025675
0.08750000000000001,0.8457788944723619,0.9251140250531258,0.025873352556827767
0.08750000000000001,0.8507537688442212,0.9255174395710135,0.025912322206756766
0.08750000000000001,0.8557286432160804,0.9259165177422053,0.02595118284628306
0.08750000000000001,0.8607035175879397,0.9263113291710092,0.02598993511061387
0.08750000000000001,0.865678391959799,0.9267019419794094,0.026028579631614646
0.08750000000000001,0.8706532663316583,0.9270884228463253,0.026067117037755994
0.08750000000000001,0.8756281407035176,0.9274708370456314,0.02610554795404263
0.08750000000000001,0.8806030150753769,0.9278492484829802,0.026143873001968077
0.08750000000000001,0.8855778894472361,0.9282237197314734,0.026182092799460266
0.08750000000000001,0.8905527638190955,0.9285943120662226,0.026220207960840458
0.08750000000000001,0.8955276381909548,0.928961085497839,0.02625821909677528
0.08750000000000001,0.9005025125628141,0.9293240988048928,0.026296126814247867
0.08750000000000001,0.9054773869346734,0.929683409565377,0.026333931716520986
0.08750000000000001,0.9104522613065327,0.9300390741872109,0.026371634403107302
0.08750000000000001,0.915427135678392,0.9303911479378203,0.02640923546974272
0.08750000000000001,0.9204020100502512,0.9307396849728216,0.02644673550836929
0.08750000000000001,0.9253768844221105,0.9310847383638472,0.026484135107104345
0.08750000000000001,0.9303517587939698,0.931426360125538,0.026521434850231396
0.08750000000000001,0.9353266331658292,0.9317646012417334,0.026558635318193025
0.08750000000000001,0.9403015075376885,0.9320995116908865,0.026595737087558025
0.08750000000000001,0.9452763819095478,0.9324311404707295,0.0266327407310325
0.08750000000000001,0.950251256281407,0.9327595356222196,0.026669646817443216
0.08750000000000001,0.9552261306532663,0.9330847442527825,0.02670645591173515
0.08750000000000001,0.9602010050251256,0.9334068125588851,0.02674316857496617
0.08750000000000001,0.9651758793969849,0.9337257858479538,0.02677978536431036
0.08750000000000001,0.9701507537688442,0.9340417085596648,0.02681630683305447
0.08750000000000001,0.9751256281407036,0.9343546242866227,0.02685273353060369
0.08750000000000001,0.9801005025125629,0.9346645757944542,0.026889066002484974
0.08750000000000001,0.9850753768844221,0.9349716050413288,0.026925304790349935
0.08750000000000001,0.9900502512562814,0.935275753196932,0.026961450431991718
0.08750000000000001,0.9950251256281407,0.9355770606609036,0.02699750346133678
0.08750000000000001,1.0,0.9358755670807627,0.027033464408469765
0.125,0.01,0.12936651850024256,0.0298897205569566
0.125,0.014974874371859296,0.18190888128000848,0.02430804482001747
0.125,0.019949748743718593,0.2284377425899051,0.02129112764934571
0.125,0.02492462311557789,0.26993607500201194,0.01939971781617711
0.125,0.029899497487437185,0.3071813151652612,0.01810846630976992
0.125,0.03487437185929648,0.3407975054464341,0.017177024026395094
0.125,0.03984924623115578,0.37129177373153127,0.016478978805477995
0.125,0.04482412060301508,0.39908067323734825,0.01594117378667348
0.125,0.049798994974874375,0.4245096287059996,0.015518204046440776
0.125,0.05477386934673367,0.44786754447770855,0.015180339132825349
0.125,0.05974874371859297,0.4693979381394661,0.014907269930769962
0.125,0.06472361809045227,0.48930753365796265,0.014684638158237062
0.125,0.06969849246231155,0.5077729686384994,0.014501999759951367
0.125,0.07467336683417086,0.5249460830990739,0.014351573711329335
0.125,0.07964824120603015,0.5409581287213148,0.014227443288859387
0.125,0.08462311557788944,0.5559231476925156,0.014125029278745815
0.125,0.08959798994974874,0.5699407064953314,0.014040732648277432
0.125,0.09457286432160804,0.583098124081692,0.0139716861715109
0.125,0.09954773869346734,0.5954723003956456,0.013915578042882126
0.125,0.10452261306532663,0.6071312265324055,0.013870524210897628
0.125,0.10949748743718593,0.618135239436707,0.013834974395400712
0.125,0.11447236180904523,0.6285380702149189,0.013807641840860585
0.125,0.11944723618090453,0.638387724639416,0.013787450085128272
0.125,0.12442211055276382,0.6477272263900887,0.013773492116579522
0.125,0.12939698492462312,0.6565952473802378,0.013764998678791551
0.125,0.1343718592964824,0.6650266446973054,0.013761313417202548
0.125,0.13934673366834172,0.6730529199190581,0.013761873203942399
0.125,0.144321608040201,0.6807026135958606,0.013766192424419899
0.125,0.1492964824120603,0.6880016453352055,0.013773850325442538
0.125,0.1542713567839196,0.6949736080470725,0.013784480751267925
0.125,0.1592462311557789,0.7016400234029436,0.01379776375826558
0.125,0.1642211055276382,0.7080205643473048,0.013813418719454296
0.125,0.1691959798994975,0.7141332495167012,0.01383119861938198
0.125,0.17417085427135678,0.7199946136203436,0.013850885306842864
0.125,0.1791457286432161,0.7256198571809337,0.013872285523310657
0.125,0.18412060301507538,0.7310229784959029,0.013895227563518686
0.125,0.18909547738693466,0.736216890234996,0.013919558454221548
0.125,0.19407035175879397,0.7412135227218418,0.013945141559974061
0.125,0.19904522613065326,0.746023915641158,0.013971854542665474
0.125,0.20402010050251257,0.7506582996575302,0.0139995876155814
0.125,0.20899497487437185,0.75512616921755,0.014028242043753858
0.125,0.21396984924623116,0.7594363476270809,0.014057728851221363
0.125,0.21894472361809045,0.7635970453435562,0.0140879677028094
0.125,0.22391959798994976,0.7676159122947208,0.014118885933714909
0.125,0.22889447236180904,0.7715000849261627,0.014150417704748897
0.125,0.23386934673366835,0.7752562285871477,0.01418250326476067
0.125,0.23884422110552764,0.7788905757850128,0.014215088304840418
0.125,0.24381909547738695,0.7824089607705297,0.014248123391348955
0.125,0.24879396984924623,0.7858168508584236,0.014281563466849834
0.125,0.2537688442211055,0.789119374837118,0.014315367409743596
0.125,0.25874371859296486,0.7923213487785608,0.014349497644761788
0.125,0.26371859296482414,0.7954272995216026,0.014383919797676947
0.125,0.2686934673366834,0.7984414860700095,0.014418602388533541
0.125,0.2736683417085427,0.8013679191180502,0.014453516558523338
0.125,0.278643216080402,0.8042103788921,0.014488635826360952
0.125,0.28361809045226133,0.8069724314753376,0.01452393587049694
0.125,0.2885929648241206,0.8096574437639189,0.01455939433411979
0.125,0.2935678391959799,0.8122685971866602,0.014594990650220074
0.125,0.2985427135678392,0.8148089003058925,0.014630705884381534
0.125,0.3035175879396985,0.8172812004045249,0.014666522593288267
0.125,0.3084924623115578,0.8196881941532349,0.014702424697143668
0.125,0.3134673366834171,0.822032437441884,0.014738397364487676
0.125,0.31844221105527637,0.8243163544505846,0.014774426908016336
0.125,0.3234170854271357,0.826542246028163,0.014810500690252137
0.125,0.328391959798995,0.828712297438949,0.014846607037987125
0.125,0.3333668341708543,0.8308285855327725,0.014882735164601257
0.125,0.33834170854271356,0.8328930853876656,0.014918875099407591
0.125,0.34331658291457284,0.8349076764699561,0.014955017623346833
0.125,0.3482914572864322,0.8368741483522343,0.014991154210365343
0.125,0.35326633165829147,0.8387942060257012,0.01502727697391304
0.125,0.35824120603015075,0.8406694748401098,0.015063378618053624
0.125,0.36321608040201003,0.842501505101444,0.015099452392764778
0.125,0.36819095477386937,0.8442917763546559,0.015135492052989807
0.125,0.37316582914572866,0.8460417013763579,0.015171491821121874
0.125,0.37814070351758794,0.8477526299001349,0.015207446352567766
0.125,0.3831155778894472,0.8494258520951402,0.015243350704126968
0.125,0.38809045226130656,0.8510626018168296,0.01527920030492802
0.125,0.39306532663316585,0.852664059647066,0.015314990929675254
0.125,0.39804020100502513,0.8542313557393452,0.015350718674019603
0.125,0.4030150753768844,0.8557655724835658,0.015386379931848104
0.125,0.40798994974874375,0.8572677470035617,0.015421971374341759
0.125,0.41296482412060304,0.858738873499512,0.015457489930631674
0.125,0.4179396984924623,0.860179905446359,0.015492932769928025
0.125,0.4229145728643216,0.8615917576584566,0.015528297284998382
0.125,0.4278894472361809,0.862975308229851,0.015563581076867283
0.125,0.4328643216080402,0.8643314003588477,0.015598781940660666
0.125,0.4378391959798995,0.8656608440648392,0.01563389785247682
0.125,0.4428140703517588,0.8669644178047442,0.015668926957213003
0.125,0.4477889447236181,0.868242869995839,0.015703867557268936
0.125,0.4527638190954774,0.8694969204512494,0.015738718102058957
0.125,0.4577386934673367,0.8707272617338898,0.01577347717826627
0.125,0.462713567839196,0.8719345604342071,0.01580814350077464
0.125,0.46768844221105527,0.8731194583766839,0.015842715904244686
0.125,0.4726633165829146,0.8742825737596952,0.015877193335263273
0.125,0.4776381909547739,0.875424502232974,0.015911574845030474
0.125,0.4826130653266332,0.876545817916634,0.015945859582557453
0.125,0.48758793969849246,0.8776470743654168,0.015980046788307112
0.125,0.49256281407035174,0.878728805481567,0.016014135788274597
0.125,0.4975376884422111,0.8797915263795011,0.01604812598845906
0.125,0.5025125628140703,0.8808357342052145,0.01608201686969668
0.125,0.5074874371859297,0.8818619089131685,0.016115807982845176
0.125,0.512462311557789,0.8828705140032068,0.016149498944266538
0.125,0.5174371859296483,0.8838619972198841,0.016183089431623054
0.125,0.5224120603015076,0.8848367912164219,0.016216579179926693
0.125,0.5273869346733668,0.8857953141853643,0.016249967977853386
0.125,0.5323618090452261,0.8867379704578646,0.016283255664288232
0.125,0.5373366834170854,0.8876651510734086,0.01631644212509009
0.125,0.5423115577889447,0.8885772343216632,0.016349527290064225
0.125,0.5472864321608041,0.8894745862580287,0.016382511130120347
0.125,0.5522613065326634,0.89035756119437,0.016415393654600985
0.125,0.5572361809045226,0.891226502166313,0.016448174908803237
0.125,0.5622110552763819,0.8920817413783994,0.016480854971616
0.125,0.5671859296482412,0.8929236006283147,0.01651343395333238
0.125,0.5721608040201005,0.8937523917113299,0.016545911993581575
0.125,0.5771356783919598,0.8945684168060232,0.016578289259390866
0.125,0.5821105527638191,0.895371968842287,0.01661056594336996
0.125,0.5870854271356784,0.8961633318525601,0.01664274226199014
0.125,0.5920603015075377,0.8969427813071736,0.016674818453986218
0.125,0.597035175879397,0.8977105844346386,0.016706794778843514
0.125,0.6020100502512563,0.8984670005276625,0.016738671515372783
0.125,0.6069849246231156,0.8992122812356292,0.01677044896037705
0.125,0.6119597989949749,0.8999466708442345,0.016802127427401503
0.125,0.6169346733668342,0.9006704065429333,0.01683370724554023
0.125,0.6219095477386934,0.9013837186808157,0.016865188758335314
0.125,0.6268844221105527,0.9020868310114821,0.01689657232271813
0.125,0.6318592964824121,0.9027799609274779,0.016927858308034782
0.125,0.6368341708542714,0.903463319684795,0.01695904709511087
0.125,0.6418090452261307,0.9041371126179317,0.016990139075385935
0.125,0.64678391959799,0.9048015393459692,0.017021134650087255
0.125,0.6517587939698493,0.9054567939700999,0.017052034229454005
0.125,0.6567336683417085,0.90610306526302,0.01708283823201162
0.125,0.6617085427135678,0.9067405368505715,0.01711354708388435
0.125,0.6666834170854271,0.9073693873860044,0.017144161218148213
0.125,0.6716582914572864,0.9079897907172044,0.017174681074216158
0.125,0.6766331658291458,0.9086019160472172,0.01720510709728118
0.125,0.6816080402010051,0.9092059280883775,0.017235439737752323
0.125,0.6865829145728644,0.9098019872103433,0.017265679450765514
0.125,0.6915577889447236,0.9103902495823093,0.01729582669569374
0.125,0.6965326633165829,0.9109708673096674,0.017325881935697396
0.125,0.7015075376884422,0.9115439885653671,0.01735584563730086
0.125,0.7064824120603015,0.9121097577162111,0.017385718269984807
0.125,0.7114572864321608,0.9126683154443136,0.017415500305821396
0.125,0.7164321608040201,0.913219798863938,0.01744519221910723
0.125,0.7214070351758795,0.913764341633914,0.017474794486031398
0.125,0.7263819095477387,0.914302074065832,0.017504307584366607
0.125,0.731356783919598,0.9148331232281961,0.017533731993163437
0.125,0.7363316582914573,0.9153576130467111,0.0175630681924821
0.125,0.7413065326633166,0.915875664400872,0.017592316663117114
0.125,0.7462814070351759,0.9163873952170107,0.017621477886360593
0.125,0.7512562814070352,0.9168929205579528,0.017650552343766668
0.125,0.7562311557788944,0.9173923527094283,0.017679540516933434
0.125,0.7612060301507538,0.9178858012633705,0.01770844288729867
0.125,0.7661809045226131,0.9183733731982341,0.01773725993594022
0.125,0.7711557788944724,0.9188551729564572,0.01776599214340524
0.125,0.7761306532663317,0.9193313025191818,0.017794639989536343
0.125,0.781105527638191,0.9198018614783509,0.017823203953309275
0.125,0.7860804020100502,0.9202669471062821,0.017851684512685484
0.125,0.7910552763819095,0.9207266544228265,0.017880082144474896
0.125,0.7960301507537688,0.9211810762602058,0.017908397324197578
0.125,0.8010050251256281,0.921630303325623,0.01793663052596739
0.125,0.8059798994974875,0.9220744242617345,0.01796478222237652
0.125,0.8109547738693468,0.9225135257050684,0.017992852884383348
0.125,0.8159296482412061,0.9229476923424704,0.018020842981215424
0.125,0.8209045226130653,0.9233770069656537,0.018048752980278415
0.125,0.8258793969849246,0.9238015505239283,0.018076583347059083
0.125,0.8308542713567839,0.9242214021751777,0.01810433454505711
0.125,0.8358291457286432,0.9246366393351538,0.018132007035703168
0.125,0.8408040201005025,0.9250473377251521,0.018159601278282755
0.125,0.8457788944723619,0.925453571418128,0.018187117729883573
0.125,0.8507537688442212,0.9258554128833184,0.018214556845323138
0.125,0.8557286432160804,0.9262529330294175,0.018241919077105928
0.125,0.8607035175879397,0.9266462012463682,0.018269204875354994
0.125,0.865678391959799,0.9270352854458146,0.018296414687782203
0.125,0.8706532663316583,0.9274202521002715,0.018323548959633618
0.125,0.8756281407035176,0.927801166281051,0.018350608133651525
0.125,0.8806030150753769,0.9281780916949993,0.01837759265004202
0.125,0.8855778894472361,0.9285510907200815,0.018404502946439028
0.125,0.8905527638190955,0.9289202244398589,0.018431339457875895
0.125,0.8955276381909548,0.9292855526768984,0.01845810261675007
0.125,0.9005025125628141,0.9296471340251521,0.018484792852818455
0.125,0.9054773869346734,0.9300050258813445,0.018511410593149424
0.125,0.9104522613065327,0.9303592844754016,0.018537956262125732
0.125,0.915427135678392,0.9307099648999574,0.018564430281416966
0.125,0.9204020100502512,0.931057121138968,0.018590833069968005
0.125,0.9253768844221105,0.9314008060954675,0.01861716504398392
0.125,0.9303517587939698,0.9317410716184927,0.018643426616920866
0.125,0.9353266331658292,0.9320779685292087,0.0186696181994781
0.125,0.9403015075376885,0.9324115466462587,0.01869574019959308
0.125,0.9452763819095478,0.932741854810369,0.0187217930224286
0.125,0.950251256281407,0.9330689409082326,0.01874777707037678
0.125,0.9552261306532663,0.9333928518956945,0.018773692743054626
0.125,0.9602010050251256,0.9337136338202668,0.018799540437301143
0.125,0.9651758793969849,0.9340313318429908,0.018825320547174895
0.125,0.9701507537688442,0.9343459902596719,0.01885103346396777
0.125,0.9751256281407036,0.9346576525215063,0.018876679576196986
0.125,0.9801005025125629,0.9349663612551212,0.01890225926960798
0.125,0.9850753768844221,0.9352721582820462,0.01892777292718506
0.125,0.9900502512562814,0.9355750846376356,0.01895322092916074
0.125,0.9950251256281407,0.9358751805894597,0.018978603653010406
0.125,1.0,0.9361724856551821,0.01900392147347163
0.1625,0.01,0.12984753228677343,0.023004553353447088
0.1625,0.014974874371859296,0.18254896487800484,0.018712797921332625
0.1625,0.019949748743718593,0.22919968908641752,0.016393563298062963
0.1625,0.02492462311557789,0.2707914615098736,0.014939879443896853
0.1625,0.029899497487437185,0.3081082404089751,0.0139477024935859
0.1625,0.03487437185929648,0.34177893386248626,0.013232189067013955
0.1625,0.03984924623115578,0.37231434111624123,0.012696124708196477
0.1625,0.04482412060301508,0.4001338186552941,0.01228325231929639
0.1625,0.049798994974874375,0.42558495495608395,0.011958657458588151
0.1625,0.05477386934673367,0.4489583405315011,0.011699479761658305
0.1625,0.05974874371859297,0.4704988181863693,0.011490103879368663
0.1625,0.06472361809045227,0.4904141613535804,0.011319490504880125
0.1625,0.06969849246231155,0.5088818444187052,0.01117961017036273
0.1625,0.07467336683417086,0.5260543787239021,0.011064481073018717
0.1625,0.07964824120603015,0.5420635575381674,0.01096955486384199
0.1625,0.08462311557788944,0.557023862163243,0.010891311562381434
0.1625,0.08959798994974874,0.5710352167161002,0.010826984791028726
0.1625,0.09457286432160804,0.5841852325936572,0.010774370794428112
0.1625,0.09954773869346734,0.5965510497292754,0.01073169281554942
0.1625,0.10452261306532663,0.6082008567736629,0.010697502935471004
0.1625,0.10949748743718593,0.6191951537313118,0.010670609813860032
0.1625,0.11447236180904523,0.6295878065978588,0.010650024680648018
0.1625,0.11944723618090453,0.6394269329328555,0.010634920411032756
0.1625,0.12442211055276382,0.6487556491839461,0.010624600125759942
0.1625,0.12939698492462312,0.6576127043176472,0.010618472824695635
0.1625,0.1343718592964824,0.666033019447765,0.010616034280878761
0.1625,0.13934673366834172,0.6740481493468484,0.010616851915745906
0.1625,0.144321608040201,0.6816866787288701,0.01062055272021678
0.1625,0.1492964824120603,0.688974563816007,0.010626813529482693
0.1625,0.1542713567839196,0.6959354278087219,0.010635353133580994
0.1625,0.1592462311557789,0.7025908173601535,0.010645925832213576
0.1625,0.1642211055276382,0.7089604259321121,0.010658316134836587
0.1625,0.1691959798994975,0.7150622889186032,0.010672334375838588
0.1625,0.17417085427135678,0.7209129546157423,0.01068781306600175
0.1625,0.1791457286432161,0.7265276344568435,0.010704603840223426
0.1625,0.18412060301507538,0.7319203353892285,0.010722574891191439
0.1625,0.18909547738693466,0.7371039768219623,0.010741608801298375
0.1625,0.19407035175879397,0.7420904942031639,0.010761600702817509
0.1625,0.19904522613065326,0.74689093097742,0.010782456709965027
0.1625,0.20402010050251257,0.7515155204166353,0.010804092577318736
0.1625,0.20899497487437185,0.7559737586022282,0.010826432547544673
0.1625,0.21396984924623116,0.76027446965549,0.010849408358113433
0.1625,0.21894472361809045,0.7644258641602211,0.010872958382177833
0.1625,0.22391959798994976,0.7684355915925709,0.010897026883003758
0.1625,0.22889447236180904,0.7723107874633602,0.010921563364983511
0.1625,0.23386934673366835,0.7760581157848586,0.010946522007013959
0.1625,0.23884422110552764,0.7796838073943425,0.010971861166392483
0.1625,0.24381909547738695,0.783193694598587,0.010997542943285366
0.1625,0.24879396984924623,0.7865932425449453,0.011023532797384217
0.1625,0.2537688442211055,0.7898875776743349,0.011049799209651434
0.1625,0.25874371859296486,0.7930815135680357,0.011076313383150627
0.1625,0.26371859296482414,0.7961795744626707,0.011103048977851637
0.1625,0.2686934673366834,0.7991860166752123,0.011129981875021233
0.1625,0.2736683417085427,0.8021048481516042,0.011157089967481104
0.1625,0.278643216080402,0.8049398463279981,0.011184352972499978
0.1625,0.28361809045226133,0.807694574472152,0.01121175226457094
0.1625,0.2885929648241206,0.8103723966537872,0.011239270725660555
0.1625,0.2935678391959799,0.8129764914762538,0.011266892610887425
0.1625,0.2985427135678392,0.815509864687578,0.011294603427828065
0.1625,0.3035175879396985,0.8179753607760221,0.01132238982787448
0.1625,0.3084924623115578,0.8203756736443739,0.011350239508281401
0.1625,0.3134673366834171,0.8227133564473046,0.011378141123740138
0.1625,0.31844221105527637,0.8249908306673233,0.011406084206408762
0.1625,0.3234170854271357,0.827210394497234,0.011434059093494042
0.1625,0.328391959798995,0.8293742305901488,0.011462056861587966
0.1625,0.3333668341708543,0.831484413232043,0.011490069267034553
0.1625,0.33834170854271356,0.8335429149864465,0.011518088691709671
0.1625,0.34331658291457284,0.8355516128560485,0.011546108093663188
0.1625,0.3482914572864322,0.837512294001707,0.011574120962127399
0.1625,0.35326633165829147,0.8394266610555241,0.011602121276462318
0.1625,0.35824120603015075,0.8412963370612092,0.0116301034686499
0.1625,0.36321608040201003,0.8431228700718909,0.01165806238898126
0.1625,0.36819095477386937,0.8449077374327713,0.011685993274647144
0.1625,0.37316582914572866,0.8466523497735469,0.011713891720951164
0.1625,0.37814070351758794,0.8483580547332902,0.011741753654894493
0.1625,0.3831155778894472,0.8500261404384789,0.011769575310921043
0.1625,0.38809045226130656,0.8516578387530542,0.011797353208613304
0.1625,0.39306532663316585,0.8532543283177548,0.011825084132180308
0.1625,0.39804020100502513,0.8548167373944981,0.011852765111565411
0.1625,0.4030150753768844,0.8563461465302455,0.011880393405029777
0.1625,0.40798994974874375,0.8578435910535799,0.011907966483087673
0.1625,0.41296482412060304,0.8593100634161259,0.011935482013680998
0.1625,0.4179396984924623,0.8607465153899488,0.011962937848465804
0.1625,0.4229145728643216,0.8621538601311646,0.01199033201015176
0.1625,0.4278894472361809,0.8635329741191697,0.012017662680775532
0.1625,0.4328643216080402,0.8648846989801519,0.012044928190837245
0.1625,0.4378391959798995,0.8662098432028575,0.012072127009244982
0.1625,0.4428140703517588,0.8675091837539759,0.012099257733979574
0.1625,0.4477889447236181,0.8687834675999205,0.012126319083441528
0.1625,0.4527638190954774,0.8700334131412819,0.012153309888407682
0.1625,0.4577386934673367,0.8712597115657394,0.012180229084565175
0.1625,0.462713567839196,0.8724630281247919,0.012207075705566561
0.1625,0.46768844221105527,0.8736440033392652,0.01223384887656409
0.1625,0.4726633165829146,0.8748032541381903,0.012260547808209843
0.1625,0.4776381909547739,0.8759413749353089,0.01228717179104244
0.1625,0.4826130653266332,0.8770589386471577,0.012313720190281208
0.1625,0.48758793969849246,0.8781564976563959,0.012340192440954523
0.1625,0.49256281407035174,0.8792345847237832,0.012366588043368987
0.1625,0.4975376884422111,0.8802937138519725,0.012392906558868155
0.1625,0.5025125628140703,0.8813343811040631,0.012419147605885694
0.1625,0.5074874371859297,0.882357065379655,0.012445310856253
0.1625,0.512462311557789,0.8833622291509556,0.012471396031739967
0.1625,0.5174371859296483,0.8843503191613193,0.012497402900840893
0.1625,0.5224120603015076,0.8853217670884374,0.012523331275747562
0.1625,0.5273869346733668,0.8862769901742471,0.012549181009531507
0.1625,0.5323618090452261,0.8872163918234954,0.012574951993493677
0.1625,0.5373366834170854,0.8881403621727582,0.01260064415469997
0.1625,0.5423115577889447,0.8890492786316063,0.012626257453654421
0.1625,0.5472864321608041,0.889943506397493,0.012651791882125618
0.1625,0.5522613065326634,0.8908233989458487,0.012677247461119423
0.1625,0.5572361809045226,0.891689298496747,0.01270262423895474
0.1625,0.5622110552763819,0.8925415364594563,0.012727922289486049
0.1625,0.5671859296482412,0.8933804338560822,0.012753141710412974
0.1625,0.5721608040201005,0.8942063017254394,0.012778282621702441
0.1625,0.5771356783919598,0.8950194415082228,0.012803345164114077
0.1625,0.5821105527638191,0.8958201454144801,0.012828329497799995
0.1625,0.5870854271356784,0.8966086967743266,0.012853235801006058
0.1625,0.5920603015075377,0.8973853703727885,0.012878064268833977
0.1625,0.597035175879397,0.8981504327696053,0.0129028151120949
0.1625,0.6020100502512563,0.8989041426047744,0.012927488556227829
0.1625,0.6069849246231156,0.8996467508905754,0.01295208484026289
0.1625,0.6119597989949749,0.9003785012907636,0.012976604215882537
0.1625,0.6169346733668342,0.9010996303875887,0.01300104694650206
0.1625,0.6219095477386934,0.9018103679372536,0.013025413306434253
0.1625,0.6268844221105527,0.902510937114391,0.013049703580077399
0.1625,0.6318592964824121,0.9032015547461067,0.013073918061177414
0.1625,0.6368341708542714,0.9038824315361049,0.013098057052110201
0.1625,0.6418090452261307,0.9045537722793809,0.013122120863217068
0.1625,0.64678391959799,0.9052157760679452,0.013146109812183226
0.1625,0.6517587939698493,0.9058686364880071,0.013170024223444932
0.1625,0.6567336683417085,0.9065125418090356,0.013193864427629043
0.1625,0.6617085427135678,0.9071476751650798,0.01321763076103677
0.1625,0.6666834170854271,0.9077742147287168,0.013241323565146956
0.1625,0.6716582914572864,0.9083923338779796,0.013264943186154232
0.1625,0.6766331658291458,0.9090022013565856,0.013288489974527806
0.1625,0.6816080402010051,0.9096039814277836,0.013311964284607347
0.1625,0.6865829145728644,0.9101978340221111,0.013335366474209076
0.1625,0.6915577889447236,0.9107839148793407,0.013358696904260281
0.1625,0.6965326633165829,0.9113623756848832,0.013381955938463364
0.1625,0.7015075376884422,0.9119333642008958,0.01340514394296366
0.1625,0.7064824120603015,0.9124970243923342,0.013428261286051457
0.1625,0.7114572864321608,0.9130534965481761,0.01345130833786623
0.1625,0.7164321608040201,0.9136029173980289,0.013474285470140401
0.1625,0.7214070351758795,0.914145420224326,0.013497193055932
0.1625,0.7263819095477387,0.914681134970305,0.013520031469390847
0.1625,0.731356783919598,0.9152101883439525,0.013542801085535405
0.1625,0.7363316582914573,0.9157327039180891,0.013565502280040276
0.1625,0.7413065326633166,0.9162488022267609,0.013588135429031478
0.1625,0.7462814070351759,0.916758600858097,0.013610700908909923
0.1625,0.7512562814070352,0.9172622145437811,0.013633199096163784
0.1625,0.7562311557788944,0.9177597552452817,0.013655630367212845
0.1625,0.7612060301507538,0.9182513322369784,0.01367799509824752
0.1625,0.7661809045226131,0.9187370521863091,0.013700293665085406
0.1625,0.7711557788944724,0.919217019231069,0.013722526443034289
0.1625,0.7761306532663317,0.919691335053972,0.013744693806761576
0.1625,0.781105527638191,0.9201600989545917,0.013766796130175507
0.1625,0.7860804020100502,0.9206234079187858,0.013788833786315235
0.1625,0.7910552763819095,0.9210813566857089,0.01381080714723848
0.1625,0.7960301507537688,0.9215340378125074,0.013832716583927596
0.1625,0.8010050251256281,0.9219815417367933,0.01385456246619765
0.1625,0.8059798994974875,0.9224239568369815,0.01387634516260694
0.1625,0.8109547738693468,0.9228613694905794,0.013898065040377494
0.1625,0.8159296482412061,0.9232938641305053,0.013919722465318252
0.1625,0.8209045226130653,0.9237215232995167,0.01394131780175556
0.1625,0.8258793969849246,0.9241444277028195,0.013962851412474553
0.1625,0.8308542713567839,0.9245626562589293,0.013984323658641218
0.1625,0.8358291457286432,0.9249762861488532,0.014005734899766642
0.1625,0.8408040201005025,0.9253853928636561,0.014027085493641511
0.1625,0.8457788944723619,0.9257900502504705,0.014048375796287038
0.1625,0.8507537688442212,0.9261903305570128,0.014069606161920323
0.1625,0.8557286432160804,0.9265863044746616,0.014090776942898398
0.1625,0.8607035175879397,0.9269780411801485,0.014111888489698687
0.1625,0.865678391959799,0.9273656083759161,0.014132941150862166
0.1625,0.8706532663316583,0.9277490723291951,0.014153935272981144
0.1625,0.8756281407035176,0.9281284979098411,0.014174871200656858
0.1625,0.8806030150753769,0.9285039486269823,0.014195749276477043
0.1625,0.8855778894472361,0.9288754866645206,0.014216569840994842
0.1625,0.8905527638190955,0.9292431729155248,0.014237333232703042
0.1625,0.8955276381909548,0.9296070670155593,0.014258039788012544
0.1625,0.9005025125628141,0.9299672273749852,0.014278689841241698
0.1625,0.9054773869346734,0.9303237112102711,0.014299283724595213
0.1625,0.9104522613065327,0.9306765745743469,0.014319821768151497
0.1625,0.915427135678392,0.9310258723860385,0.014340304299848894
0.1625,0.9204020100502512,0.9313716584586106,0.014360731645483904
0.1625,0.9253768844221105,0.931713985527454,0.014381104128690536
0.1625,0.9303517587939698,0.9320529052769432,0.01440142207094497
0.1625,0.9353266331658292,0.9323884683664965,0.014421685791545569
0.1625,0.9403015075376885,0.9327207244558624,0.014441895607625321
0.1625,0.9452763819095478,0.9330497222296625,0.014462051834133183
0.1625,0.950251256281407,0.9333755094212146,0.014482154783844736
0.1625,0.9552261306532663,0.9336981328356593,0.014502204767349758
0.1625,0.9602010050251256,0.9340176383724174,0.014522202093063319
0.1625,0.9651758793969849,0.9343340710469963,0.014542147067217792
0.1625,0.9701507537688442,0.9346474750121704,0.014562039993870846
0.1625,0.9751256281407036,0.934957893578555,0.01458188117490744
0.1625,0.9801005025125629,0.9352653692345936,0.01460167091004183
0.1625,0.9850753768844221,0.9355699436659801,0.014621409496821114
0.1625,0.9900502512562814,0.9358716577745312,0.014641097230634115
0.1625,0.9950251256281407,0.9361705516965296,0.014660734404715381
0.1625,1.0,0.9364666648205546,0.014680321310154953
0.2,0.01,0.13032785150777434,0.018701321356611178
0.2,0.014974874371859296,0.18318792811111237,0.01521576784444667
0.2,0.019949748743718593,0.22996006256261017,0.013332585078975834
0.2,0.02492462311557789,0.2716448102002622,0.012152480083606365
0.2,0.029899497487437185,0.309032671344162,0.0113472247877624
0.2,0.03487437185929648,0.3427574357293951,0.01076666692541206
0.2,0.03984924623115578,0.37333358288538127,0.01033184062222281
0.2,0.04482412060301508,0.4011832760728947,0.009997051138608937
0.2,0.049798994974874375,0.4266562677203916,0.009733940586668988
0.2,0.05477386934673367,0.45004483297623044,0.009523942407784203
0.2,0.05974874371859297,0.4715951374908117,0.00935437485677193
0.2,0.06472361809045227,0.4915160014658941,0.009216272986121155
0.2,0.06969849246231155,0.5099857333238329,0.00910311644617523
0.2,0.07467336683417086,0.527157513078607,0.009010047948423194
0.2,0.07964824120603015,0.5431636730913892,0.008933374377156245
0.2,0.08462311557788944,0.5581191314779118,0.008870237772526046
0.2,0.08959798994974874,0.5721241678929053,0.00881839216649305
0.2,0.09457286432160804,0.5852666842801751,0.008776048472801223
0.2,0.09954773869346734,0.5976240588539545,0.008741764339928348
0.2,0.10452261306532663,0.609264676287309,0.008714364431966937
0.2,0.10949748743718593,0.620249198271329,0.008692881746014791
0.2,0.11447236180904523,0.630631624463203,0.008676513752960302
0.2,0.11944723618090453,0.6404601831129227,0.008664589163873027
0.2,0.12442211055276382,0.6497780824565579,0.008656542432260439
0.2,0.12939698492462312,0.6586241476394231,0.0086518939681961
0.2,0.1343718592964824,0.6670333630208137,0.008650234624495212
0.2,0.13934673366834172,0.6750373358704773,0.008651213415931558
0.2,0.144321608040201,0.6826646944425184,0.008654527711882576
0.2,0.1492964824120603,0.689941431016232,0.008659915340290425
0.2,0.1542713567839196,0.6968911985836169,0.008667148182328166
0.2,0.1592462311557789,0.7035355683326693,0.008676026939779202
0.2,0.1642211055276382,0.7098942538421318,0.008686376832378606
0.2,0.1691959798994975,0.7159853069044044,0.008698044038176977
0.2,0.17417085427135678,0.7218252890802651,0.0087108927316919
0.2,0.1791457286432161,0.7274294224242348,0.00872480260622388
0.2,0.18412060301507538,0.7328117222734171,0.008739666790670286
0.2,0.18909547738693466,0.737985114542289,0.008755390089702164
0.2,0.19407035175879397,0.7429615395929539,0.008771887490414576
0.2,0.19904522613065326,0.747752044440302,0.00878908288972724
0.2,0.20402010050251257,0.7523668647927548,0.008806908005523084
0.2,0.20899497487437185,0.7568154982125762,0.008825301441478306
0.2,0.21396984924623116,0.7611067694975976,0.008844207880965183
0.2,0.21894472361809045,0.7652488892326614,0.00886357738982868
0.2,0.22391959798994976,0.7692495063291878,0.008883364811377081
0.2,0.22889447236180904,0.7731157552610656,0.008903529239737695
0.2,0.23386934673366835,0.7768542986112903,0.008924033560081979
0.2,0.23884422110552764,0.7804713654637029,0.008944844046082423
0.2,0.24381909547738695,0.7839727861057249,0.008965930006531675
0.2,0.24879396984924623,0.7873640234491871,0.008987263474309115
0.2,0.2537688442211055,0.7906502015260122,0.00900881893198413
0.2,0.25874371859296486,0.7938361313712121,0.009030573069076953
0.2,0.26371859296482414,0.7969263345689331,0.009052504566924746
0.2,0.2686934673366834,0.7999250647039607,0.009074593907560047
0.2,0.2736683417085427,0.8028363269329215,0.00909682320356442
0.2,0.278643216080402,0.8056638958647397,0.009119176046307409
0.2,0.28361809045226133,0.8084113319183699,0.009141637370299938
0.2,0.2885929648241206,0.8110819963070002,0.009164193331743675
0.2,0.2935678391959799,0.8136790647814501,0.009186831199595069
0.2,0.2985427135678392,0.8162055402510232,0.009209539257671429
0.2,0.3035175879396985,0.8186642643873632,0.009232306716548733
0.2,0.3084924623115578,0.8210579283056744,0.009255123634134943
0.2,0.3134673366834171,0.8233890824077835,0.009277980843968248
0.2,0.31844221105527637,0.8256601454628001,0.009300869890363606
0.2,0.3234170854271357,0.8278734129934,0.009323782969712813
0.2,0.328391959798995,0.8300310650289112,0.009346712877227326
0.2,0.3333668341708543,0.8321351732802919,0.009369652958604258
0.2,0.33834170854271356,0.8341877077866848,0.009392597066066655
0.2,0.34331658291457284,0.8361905430784066,0.009415539518358829
0.2,0.3482914572864322,0.8381454638969297,0.009438475064265761
0.2,0.35326633165829147,0.8400541705085774,0.009461398849347269
0.2,0.35824120603015075,0.8419182836452088,0.009484306385526553
0.2,0.36321608040201003,0.843739349102093,0.009507193523293545
0.2,0.36819095477386937,0.8455188420204116,0.009530056426243716
0.2,0.37316582914572866,0.8472581708793432,0.009552891547752296
0.2,0.37814070351758794,0.8489586812204533,0.009575695609566282
0.2,0.3831155778894472,0.8506216591251049,0.009598465582152826
0.2,0.38809045226130656,0.8522483344637893,0.009621198666633246
0.2,0.39306532663316585,0.8538398839346459,0.009643892278155208
0.2,0.39804020100502513,0.8553974339069569,0.009666544030596969
0.2,0.4030150753768844,0.8569220630840687,0.009689151722452216
0.2,0.40798994974874375,0.8584148049989819,0.009711713323819815
0.2,0.41296482412060304,0.8598766503547483,0.009734226964394743
0.2,0.4179396984924623,0.8613085492208222,0.009756690922368527
0.2,0.4229145728643216,0.8627114130956055,0.009779103614164564
0.2,0.4278894472361809,0.8640861168446031,0.009801463584948156
0.2,0.4328643216080402,0.8654335005228526,0.009823769499831103
0.2,0.4378391959798995,0.8667543710896134,0.009846020135726441
0.2,0.4428140703517588,0.8680495040226748,0.009868214373798478
0.2,0.4477889447236181,0.8693196448390724,0.009890351192443081
0.2,0.4527638190954774,0.8705655105284842,0.009912429660792421
0.2,0.4577386934673367,0.8717877909051011,0.009934448932661155
0.2,0.462713567839196,0.8729871498833311,0.009956408240928027
0.2,0.46768844221105527,0.8741642266822993,0.00997830689231094
0.2,0.4726633165829146,0.8753196369637348,0.010000144262495958
0.2,0.4776381909547739,0.8764539739075083,0.010021919791615153
0.2,0.4826130653266332,0.877567809228762,0.010043632980015094
0.2,0.48758793969849246,0.8786616941403222,0.010065283384330215
0.2,0.49256281407035174,0.8797361602637608,0.010086870613809973
0.2,0.4975376884422111,0.8807917204923073,0.010108394326889814
0.2,0.5025125628140703,0.8818288698085419,0.010129854228003943
0.2,0.5074874371859297,0.8828480860596114,0.010151250064586836
0.2,0.512462311557789,0.8838498306925203,0.010172581624298571
0.2,0.5174371859296483,0.8848345494518765,0.010193848732396038
0.2,0.5224120603015076,0.8858026730423093,0.010215051249313545
0.2,0.5273869346733668,0.8867546177576302,0.010236189068367318
0.2,0.5323618090452261,0.8876907860786671,0.010257262113621213
0.2,0.5373366834170854,0.8886115672415777,0.010278270337894302
0.2,0.5423115577889447,0.8895173377783293,0.010299213720875278
0.2,0.5472864321608041,0.8904084620309217,0.010320092267377623
0.2,0.5522613065326634,0.8912852926408315,0.010340906005687822
0.2,0.5572361809045226,0.8921481710150564,0.010361654986022373
0.2,0.5622110552763819,0.8929974277700599,0.010382339279085606
0.2,0.5671859296482412,0.8938333831548227,0.010402958974705223
0.2,0.5721608040201005,0.8946563474541462,0.010423514180565085
0.2,0.5771356783919598,0.8954666213732692,0.010444005021001512
0.2,0.5821105527638191,0.8962644964048052,0.010464431635885285
0.2,0.5870854271356784,0.8970502551789389,0.010484794179568047
0.2,0.5920603015075377,0.897824171797765,0.010505092819885098
0.2,0.597035175879397,0.8985865121546049,0.01052532773722925
0.2,0.6020100502512563,0.8993375342390789,0.010545499123673308
0.2,0.6069849246231156,0.9000774884286724,0.010565607182146053
0.2,0.6119597989949749,0.9008066177674877,0.010585652125663758
0.2,0.6169346733668342,0.9015251582328333,0.010605634176596324
0.2,0.6219095477386934,0.9022333389902668,0.010625553565982715
0.2,0.6268844221105527,0.9029313826376697,0.01064541053289636
0.2,0.6318592964824121,0.9036195054389002,0.010665205323827198
0.2,0.6368341708542714,0.904297917547541,0.010684938192119908
0.2,0.6418090452261307,0.9049668232212261,0.010704609397434561
0.2,0.64678391959799,0.9056264210270109,0.010724219205240137
0.2,0.6517587939698493,0.9062769040382123,0.010743767886345124
0.2,0.6567336683417085,0.9069184600231363,0.010763255716441433
0.2,0.6617085427135678,0.9075512716260764,0.010782682975691626
0.2,0.6666834170854271,0.9081755165409509,0.010802049948327008
0.2,0.6716582914572864,0.9087913676779249,0.01082135692227637
0.2,0.6766331658291458,0.9093989933233494,0.010840604188815828
0.2,0.6816080402010051,0.9099985572933207,0.010859792042233085
0.2,0.6865829145728644,0.9105902190811644,0.010878920779522128
0.2,0.6915577889447236,0.9111741339991153,0.010897990700085236
0.2,0.6965326633165829,0.9117504533144594,0.010917002105461426
0.2,0.7015075376884422,0.9123193243803934,0.01093595529906044
0.2,0.7064824120603015,0.912880890761833,0.010954850585924492
0.2,0.7114572864321608,0.9134352923564009,0.010973688272493565
0.2,0.7164321608040201,0.9139826655108052,0.010992468666391364
0.2,0.7214070351758795,0.9145231431328145,0.01101119207621859
0.2,0.7263819095477387,0.9150568547990213,0.011029858811364868
0.2,0.731356783919598,0.9155839268585779,0.011048469181826226
0.2,0.7363316582914573,0.9161044825330793,0.011067023498036788
0.2,0.7413065326633166,0.9166186420127587,0.01108552207070801
0.2,0.7462814070351759,0.9171265225491542,0.01110396521067658
0.2,0.7512562814070352,0.9176282385443953,0.011122353228773196
0.2,0.7562311557788944,0.9181239016372559,0.011140686435677338
0.2,0.7612060301507538,0.9186136207861035,0.011158965141799815
0.2,0.7661809045226131,0.9190975023488805,0.011177189657172404
0.2,0.7711557788944724,0.919575650160238,0.01119536029132373
0.2,0.7761306532663317,0.9200481656059372,0.01121347735319178
0.2,0.781105527638191,0.9205151476946374,0.011231541151017321
0.2,0.7860804020100502,0.9209766931271705,0.011249551992259077
0.2,0.7910552763819095,0.9214328963634066,0.011267510183510687
0.2,0.7960301507537688,0.921883849686809,0.011285416030416107
0.2,0.8010050251256281,0.9223296432667698,0.011303269837602548
0.2,0.8059798994974875,0.9227703652188138,0.011321071908609426
0.2,0.8109547738693468,0.923206101662759,0.011338822545819971
0.2,0.8159296482412061,0.9236369367789081,0.01135652205040838
0.2,0.8209045226130653,0.9240629528623551,0.011374170722280752
0.2,0.8258793969849246,0.9244842303754754,0.011391768860024465
0.2,0.8308542713567839,0.9249008479986716,0.011409316760857546
0.2,0.8358291457286432,0.9253128826794424,0.011426814720586709
0.2,0.8408040201005025,0.9257204096798398,0.01144426303356405
0.2,0.8457788944723619,0.9261235026223732,0.011461661992653971
0.2,0.8507537688442212,0.9265222335344223,0.01147901188918854
0.2,0.8557286432160804,0.9269166728912145,0.011496313012942183
0.2,0.8607035175879397,0.9273068896574176,0.011513565652104818
0.2,0.865678391959799,0.9276929513274049,0.011530770093242326
0.2,0.8706532663316583,0.9280749239642374,0.011547926621285232
0.2,0.8756281407035176,0.9284528722374122,0.011565035519496947
0.2,0.8806030150753769,0.9288268594594224,0.01158209706945601
0.2,0.8855778894472361,0.929196947621173,0.011599111551038321
0.2,0.8905527638190955,0.929563197426291,0.011616079242398936
0.2,0.8955276381909548,0.9299256683243743,0.011633000419957185
0.2,0.9005025125628141,0.9302844185432136,0.011649875358383355
0.2,0.9054773869346734,0.9306395051200274,0.011666704330590472
0.2,0.9104522613065327,0.9309909839317405,0.011683487607718313
0.2,0.915427135678392,0.9313389097243477,0.011700225459125413
0.2,0.9204020100502512,0.9316833361413851,0.011716918152386402
0.2,0.9253768844221105,0.932024315751549,0.011733565953283787
0.2,0.9303517587939698,0.9323619000754867,0.01175016912579796
0.2,0.9353266331658292,0.9326961396117915,0.01176672793211031
0.2,0.9403015075376885,0.9330270838622259,0.011783242632594337
0.2,0.9452763819095478,0.9333547813562021,0.01179971348582165
0.2,0.950251256281407,0.9336792796745453,0.011816140748549975
0.2,0.9552261306532663,0.9340006254725619,0.011832524675736256
0.2,0.9602010050251256,0.9343188645024391,0.011848865520524665
0.2,0.9651758793969849,0.9346340416349957,0.011865163534257706
0.2,0.9701507537688442,0.9349462008808092,0.011881418966472435
0.2,0.9751256281407036,0.9352553854107348,0.01189763206490757
0.2,0.9801005025125629,0.9355616375758432,0.011913803075506602
0.2,0.9850753768844221,0.9358649989267911,0.011929932242420227
0.2,0.9900502512562814,0.9361655102326446,0.01194601980801191
0.2,0.9950251256281407,0.9364632114991754,0.01196206601286387
0.2,1.0,0.9367581419866442,0.01197807109578286
0.2375,0.01,0.13080745145635725,0.015757001626112377
0.2375,0.014974874371859296,0.18382574451670058,0.01282306224917118
0.2375,0.019949748743718593,0.23071884336552992,0.011238231052134395
0.2375,0.02492462311557789,0.27249611162279574,0.010245311722164807
0.2375,0.029899497487437185,0.30995460801760205,0.009567950259694147
0.2375,0.03487437185929648,0.34373301858002936,0.009079730450169743
0.2375,0.03984924623115578,0.3743495122778214,0.00871417231038274
0.2375,0.04482412060301508,0.4022290632299557,0.008432807985685464
0.2375,0.049798994974874375,0.4277235885019132,0.008211765654833059
0.2375,0.05477386934673367,0.45112704662719705,0.008035416627844016
0.2375,0.05974874371859297,0.4726869238819849,0.007893086362920076
0.2375,0.06472361809045227,0.49261308461459674,0.0077772292113418295
0.2375,0.06969849246231155,0.5110846685715422,0.007682357378156368
0.2375,0.07467336683417086,0.5282555217985124,0.007604382979166546
0.2375,0.07964824120603015,0.5442585132667704,0.007540198058679337
0.2375,0.08462311557788944,0.5592089956146444,0.007487397618482827
0.2375,0.08959798994974874,0.5732076019445989,0.007444091760259397
0.2375,0.09457286432160804,0.5863425228575658,0.007408775118944666
0.2375,0.09954773869346734,0.5986913731462757,0.007380234146665998
0.2375,0.10452261306532663,0.6103227319792314,0.007357480011568551
0.2375,0.10949748743718593,0.6212974213686281,0.007339699204843342
0.2375,0.11447236180904523,0.6316695734130916,0.007326216625454629
0.2375,0.11944723618090453,0.6414875259637367,0.007316467609064681
0.2375,0.12442211055276382,0.6507945780728854,0.007309976468474311
0.2375,0.12939698492462312,0.6596296301970719,0.007306339841829823
0.2375,0.1343718592964824,0.6680277291666956,0.00730521363655634
0.2375,0.13934673366834172,0.6760205340572469,0.007306302694468192
0.2375,0.144321608040201,0.6836367160452457,0.007309352538648062
0.2375,0.1492964824120603,0.6909023029149356,0.007314142728935602
0.2375,0.1542713567839196,0.6978409769559503,0.007320481472026019
0.2375,0.1592462311557789,0.7044743334490475,0.007328201218508745
0.2375,0.1642211055276382,0.7108221056938934,0.0073371550425291865
0.2375,0.1691959798994975,0.7169023615262916,0.007347213646748285
0.2375,0.17417085427135678,0.7227316754532273,0.007358262870356791
0.2375,0.1791457286432161,0.7283252798645407,0.007370201604506521
0.2375,0.18412060301507538,0.7336971982302838,0.007382940039714514
0.2375,0.18909547738693466,0.738860362739456,0.0073963981853679694
0.2375,0.19407035175879397,0.7438267184604433,0.007410504613443392
0.2375,0.19904522613065326,0.7486073157914792,0.007425195387965378
0.2375,0.20402010050251257,0.7532123927091161,0.007440413149082614
0.2375,0.20899497487437185,0.7576514481047235,0.007456106326419798
0.2375,0.21396984924623116,0.7619333073158685,0.0074722284610664325
0.2375,0.21894472361809045,0.7660661808050385,0.007488737619132602
0.2375,0.22391959798994976,0.7700577168075788,0.0075055958828980085
0.2375,0.22889447236180904,0.7739150486599422,0.0075227689078831705
0.2375,0.23386934673366835,0.7776448374250924,0.0075402255361760595
0.2375,0.23884422110552764,0.7812533103514772,0.007557937457918884
0.2375,0.24381909547738695,0.78474629563317,0.007575878914117373
0.2375,0.24879396984924623,0.7881292538797395,0.007594026435111534
0.2375,0.2537688442211055,0.7914073066536237,0.007612358609813352
0.2375,0.25874371859296486,0.7945852623889984,0.007630855881630039
0.2375,0.26371859296482414,0.7976676399682768,0.007649500367570505
0.2375,0.2686934673366834,0.8006586901995886,0.007668275697550797
0.2375,0.2736683417085427,0.8035624154101084,0.007687166871360507
0.2375,0.278643216080402,0.8063825873453304,0.007706160131060402
0.2375,0.28361809045226133,0.8091227635427679,0.007725242846967406
0.2375,0.2885929648241206,0.8117863023296723,0.007744403415547163
0.2375,0.2935678391959799,0.8143763765778406,0.0077636311678466186
0.2375,0.2985427135678392,0.8168959863340622,0.00778291628722072
0.2375,0.3035175879396985,0.8193479704320052,0.00780224973526189
0.2375,0.3084924623115578,0.8217350171801194,0.007821623185065185
0.2375,0.3134673366834171,0.8240596742102221,0.007841028960954732
0.2375,0.31844221105527637,0.8263243575626811,0.007860459983989099
0.2375,0.3234170854271357,0.8285313600763635,0.007879909722625644
0.2375,0.328391959798995,0.8306828591446439,0.007899372147973871
0.2375,0.3333668341708543,0.8327809238926706,0.007918841693186573
0.2375,0.33834170854271356,0.8348275218256604,0.007938313216513393
0.2375,0.34331658291457284,0.836824524993161,0.00795778196769592
0.2375,0.3482914572864322,0.8387737157099022,0.007977243557320879
0.2375,0.35326633165829147,0.8406767918700216,0.007996693928871368
0.2375,0.35824120603015075,0.8425353718879827,0.008016129333181077
0.2375,0.36321608040201003,0.8443509992964379,0.008035546305084296
0.2375,0.36819095477386937,0.8461251470285079,0.008054941642034574
0.2375,0.37316582914572866,0.8478592214094653,0.008074312384505733
0.2375,0.37814070351758794,0.849554565880576,0.00809365579801935
0.2375,0.3831155778894472,0.8512124644758364,0.008112969356637523
0.2375,0.38809045226130656,0.8528341450705285,0.008132250727798773
0.2375,0.39306532663316585,0.8544207824188812,0.008151497758348336
0.2375,0.39804020100502513,0.8559735009966373,0.00817070846169421
0.2375,0.4030150753768844,0.8574933776629948,0.00818988100596707
0.2375,0.40798994974874375,0.8589814441551739,0.008209013703082357
0.2375,0.41296482412060304,0.8604386894277603,0.008228104998681207
0.2375,0.4179396984924623,0.8618660618479806,0.008247153462785484
0.2375,0.4229145728643216,0.863264471257151,0.008266157781205763
0.2375,0.4278894472361809,0.8646347909077472,0.008285116747565269
0.2375,0.4328643216080402,0.865977859284722,0.008304029255921774
0.2375,0.4378391959798995,0.8672944818190952,0.008322894293929739
0.2375,0.4428140703517588,0.8685854325011698,0.008341710936504265
0.2375,0.4477889447236181,0.8698514554001648,0.008360478339942246
0.2375,0.4527638190954774,0.8710932660965409,0.008379195736455847
0.2375,0.4577386934673367,0.8723115530328142,0.008397862429107228
0.2375,0.462713567839196,0.8735069787882221,0.008416477787089205
0.2375,0.46768844221105527,0.8746801812822024,0.008435041241346308
0.2375,0.4726633165829146,0.8758317749112797,0.00845355228048894
0.2375,0.4776381909547739,0.8769623516236232,0.008472010446996192
0.2375,0.4826130653266332,0.8780724819352228,0.008490415333676227
0.2375,0.48758793969849246,0.8791627158913539,0.008508766580362925
0.2375,0.49256281407035174,0.8802335839767363,0.008527063870849227
0.2375,0.4975376884422111,0.8812855979775542,0.008545306930005658
0.2375,0.5025125628140703,0.8823192517982806,0.008563495521102915
0.2375,0.5074874371859297,0.8833350222360491,0.008581629443310756
0.2375,0.512462311557789,0.884333369715124,0.00859970852936165
0.2375,0.5174371859296483,0.8853147389838474,0.008617732643362741
0.2375,0.5224120603015076,0.886279559776281,0.008635701678751051
0.2375,0.5273869346733668,0.8872282474406138,0.008653615556377892
0.2375,0.5323618090452261,0.8881612035362634,0.008671474222728293
0.2375,0.5373366834170854,0.88907881640148,0.008689277648239901
0.2375,0.5423115577889447,0.8899814616931369,0.008707025825730463
0.2375,0.5472864321608041,0.8908695029002844,0.008724718768937434
0.2375,0.5522613065326634,0.8917432918329462,0.00874235651112798
0.2375,0.5572361809045226,0.8926031690875355,0.008759939103818004
0.2375,0.5622110552763819,0.893449464490189,0.008777466615557117
0.2375,0.5671859296482412,0.8942824975192301,0.00879493913079199
0.2375,0.5721608040201005,0.8951025777078977,0.008812356748793881
0.2375,0.5771356783919598,0.8959100050284101,0.008829719582665652
0.2375,0.5821105527638191,0.8967050702583654,0.008847027758407622
0.2375,0.5870854271356784,0.8974880553304156,0.008864281414017405
0.2375,0.5920603015075377,0.8982592336661036,0.00888148069867567
0.2375,0.597035175879397,0.8990188704946906,0.008898625771961433
0.2375,0.6020100502512563,0.8997672231577556,0.008915716803121532
0.2375,0.6069849246231156,0.9005045414003037,0.008932753970383844
0.2375,0.6119597989949749,0.9012310676490741,0.008949737460306473
0.2375,0.6169346733668342,0.9019470372787001,0.008966667467174894
0.2375,0.6219095477386934,0.9026526788663362,0.008983544192430193
0.2375,0.6268844221105527,0.9033482144353292,0.009000367844120838
0.2375,0.6318592964824121,0.904033859688481,0.009017138636410404
0.2375,0.6368341708542714,0.9047098242314194,0.00903385678909796
0.2375,0.6418090452261307,0.9053763117865572,0.009050522527161098
0.2375,0.64678391959799,0.9060335203981088,0.009067136080348925
0.2375,0.6517587939698493,0.9066816426285865,0.009083697682772174
0.2375,0.6567336683417085,0.9073208657471956,0.009100207572539487
0.2375,0.6617085427135678,0.90795137191051,0.009116665991402373
0.2375,0.6666834170854271,0.9085733383357971,0.009133073184421248
0.2375,0.6716582914572864,0.9091869374673384,0.009149429399661901
0.2375,0.6766331658291458,0.9097923371360735,0.00916573488789707
0.2375,0.6816080402010051,0.9103897007128783,0.009181989902326437
0.2375,0.6865829145728644,0.9109791872557707,0.009198194698332163
0.2375,0.6915577889447236,0.9115609516513247,0.009214349533218424
0.2375,0.6965326633165829,0.9121351447505557,0.009230454665991594
0.2375,0.7015075376884422,0.9127019134995265,0.009246510357138638
0.2375,0.7064824120603015,0.9132614010649139,0.009262516868425275
0.2375,0.7114572864321608,0.9138137469547619,0.009278474462707909
0.2375,0.7164321608040201,0.9143590871346302,0.009294383403746886
0.2375,0.7214070351758795,0.9148975541393493,0.009310243956040631
0.2375,0.7263819095477387,0.9154292771805679,0.009326056384671544
0.2375,0.731356783919598,0.9159543822502813,0.009341820955144797
0.2375,0.7363316582914573,0.9164729922205117,0.009357537933257332
0.2375,0.7413065326633166,0.916985226939309,0.009373207584959964
0.2375,0.7462814070351759,0.9174912033232254,0.00938883017623482
0.2375,0.7512562814070352,0.9179910354464196,0.009404405972983865
0.2375,0.7562311557788944,0.9184848346265287,0.009419935240909671
0.2375,0.7612060301507538,0.9189727095074459,0.00943541824541927
0.2375,0.7661809045226131,0.9194547661391315,0.009450855251526002
0.2375,0.7711557788944724,0.9199311080545834,0.009466246523757826
0.2375,0.7761306532663317,0.9204018363440807,0.009481592326078037
0.2375,0.781105527638191,0.9208670497268169,0.009496892921796452
0.2375,0.7860804020100502,0.921326844620024,0.009512148573503465
0.2375,0.7910552763819095,0.9217813152056942,0.00952735954299766
0.2375,0.7960301507537688,0.9222305534949923,0.009542526091221193
0.2375,0.8010050251256281,0.9226746493904548,0.00955764847819629
0.2375,0.8059798994974875,0.9231136907460619,0.009572726962975953
0.2375,0.8109547738693468,0.9235477634252655,0.009587761803584005
0.2375,0.8159296482412061,0.9239769513570583,0.00960275325697002
0.2375,0.8209045226130653,0.9244013365901564,0.009617701578962023
0.2375,0.8258793969849246,0.9248209993453713,0.009632607024222084
0.2375,0.8308542713567839,0.9252360180662402,0.009647469846212786
0.2375,0.8358291457286432,0.925646469467983,0.009662290297156595
0.2375,0.8408040201005025,0.9260524285848504,0.009677068628002994
0.2375,0.8457788944723619,0.9264539688159217,0.009691805088396066
0.2375,0.8507537688442212,0.9268511619694159,0.009706499926648737
0.2375,0.8557286432160804,0.9272440783055671,0.009721153389711912
0.2375,0.8607035175879397,0.9276327865781216,0.009735765723159373
0.2375,0.865678391959799,0.9280173540745071,0.009750337171154477
0.2375,0.8706532663316583,0.9283978466547235,0.009764867976433944
0.2375,0.8756281407035176,0.9287743287890009,0.009779358380296088
0.2375,0.8806030150753769,0.9291468635942729,0.009793808622575506
0.2375,0.8855778894472361,0.9295155128695075,0.009808218941631086
0.2375,0.8905527638190955,0.9298803371299347,0.009822589574336016
0.2375,0.8955276381909548,0.9302413956402146,0.009836920756062906
0.2375,0.9005025125628141,0.9305987464465821,0.009851212720671798
0.2375,0.9054773869346734,0.9309524464080042,0.009865465700506393
0.2375,0.9104522613065327,0.9313025512263864,0.009879679926376506
0.2375,0.915427135678392,0.9316491154758623,0.009893855627564063
0.2375,0.9204020100502512,0.9319921926311957,0.009907993031806894
0.2375,0.9253768844221105,0.9323318350953312,0.009922092365302948
0.2375,0.9303517587939698,0.9326680942261178,0.009936153852698526
0.2375,0.9353266331658292,0.9330010203622395,0.009950177717087394
0.2375,0.9403015075376885,0.9333306628483747,0.009964164180015667
0.2375,0.9452763819095478,0.9336570700596161,0.00997811346147559
0.2375,0.950251256281407,0.9339802894251725,0.009992025779900882
0.2375,0.9552261306532663,0.9343003674513801,0.010005901352177604
0.2375,0.9602010050251256,0.9346173497440444,0.01001974039364062
0.2375,0.9651758793969849,0.9349312810301355,0.0100335431180687
0.2375,0.9701507537688442,0.9352422051788608,0.010047309737701404
0.2375,0.9751256281407036,0.935550165222132,0.010061040463229753
0.2375,0.9801005025125629,0.9358552033744508,0.010074735503804666
0.2375,0.9850753768844221,0.9361573610522297,0.010088395067041178
0.2375,0.9900502512562814,0.9364566788925662,0.010102019359024661
0.2375,0.9950251256281407,0.9367531967714916,0.010115608584311486
0.2375,1.0,0.9370469538217074,0.010129162945936354
0.275,0.01,0.13128630364519675,0.01361567413630671
0.275,0.014974874371859296,0.18446238201414125,0.011082911827446251
0.275,0.019949748743718593,0.2314760048311202,0.00971506394483157
0.275,0.02492462311557789,0.27334534971743335,0.008858279793623858
0.275,0.029899497487437185,0.31087404519941136,0.00827393210654881
0.275,0.03487437185929648,0.34470568626883213,0.007852867290175425
0.275,0.03984924623115578,0.3753621401609909,0.007537686022387913
0.275,0.04482412060301508,0.4032711963820454,0.007295176374663592
0.275,0.049798994974874375,0.42878693785936584,0.00710472912498572
0.275,0.05477386934673367,0.45220500565445887,0.006952852217240846
0.275,0.05974874371859297,0.4737742046932612,0.006830330894906034
0.275,0.06472361809045227,0.49370544098521696,0.0067306517270493416
0.275,0.06969849246231155,0.5121786829612757,0.006649077867841857
0.275,0.07467336683417086,0.529348440098623,0.006582081000003015
0.275,0.07964824120603015,0.5453481155167098,0.006526978738855549
0.275,0.08462311557788944,0.5602934940979291,0.006481695512900565
0.275,0.08959798994974874,0.5742855603126227,0.00644460038368555
0.275,0.09457286432160804,0.5874127915363296,0.0064143943287966465
0.275,0.09954773869346734,0.5997530374472518,0.006390030203124786
0.275,0.10452261306532663,0.6113750701916362,0.006370654814237042
0.275,0.10949748743718593,0.6223398707450057,0.006355566285424663
0.275,0.11447236180904523,0.6327017024348528,0.006344182190643588
0.275,0.11944723618090453,0.642509011631419,0.006336015410741469
0.275,0.12442211055276382,0.6518051872381573,0.006330655610761182
0.275,0.12939698492462312,0.66062920416198,0.0063277548674622874
0.275,0.1343718592964824,0.6690161709364051,0.006327016400740959
0.275,0.13934673366834172,0.6769977977572549,0.006328185653914131
0.275,0.144321608040201,0.6846027981114345,0.006331043170953121
0.275,0.1492964824120603,0.6918572347412988,0.0063353988621841495
0.275,0.1542713567839196,0.698784818745197,0.00634108735287553
0.275,0.1592462311557789,0.7054071690592049,0.006347964183663901
0.275,0.1642211055276382,0.7117440383122318,0.0063559026864608015
0.275,0.1691959798994975,0.7178135100325228,0.0063647914000084516
0.275,0.17417085427135678,0.7236321713585575,0.006374531919627113
0.275,0.1791457286432161,0.7292152647330824,0.006385037098545654
0.275,0.18412060301507538,0.7345768215054892,0.006396229535735376
0.275,0.18909547738693466,0.7397297799114012,0.00640804029855957
0.275,0.19407035175879397,0.7446860895205579,0.006420407838904962
0.275,0.19904522613065326,0.7494568039301488,0.006433277069603616
0.275,0.20402010050251257,0.7540521632188549,0.006446598574261442
0.275,0.20899497487437185,0.7584816674576229,0.006460327928656362
0.275,0.21396984924623116,0.7627541423889992,0.006474425115843951
0.275,0.21894472361809045,0.7668777982316208,0.006488854020311852
0.275,0.22391959798994976,0.7708602824351765,0.0065035819890371105
0.275,0.22889447236180904,0.7747087270998146,0.0065185794494646565
0.275,0.23386934673366835,0.7784297916792486,0.006533819575988087
0.275,0.23884422110552764,0.7820297015059987,0.006549277997987213
0.275,0.24381909547738695,0.7855142826080715,0.006564932543533519
0.275,0.24879396984924623,0.7888889932270728,0.006580763013840807
0.275,0.2537688442211055,0.7921589523967448,0.006596750984252164
0.275,0.25874371859296486,0.7953289658969438,0.006612879628274282
0.275,0.26371859296482414,0.7984035498600691,0.00662913356158179
0.275,0.2686934673366834,0.8013869522740313,0.006645498703463204
0.275,0.2736683417085427,0.8042831725972662,0.006661962153489576
0.275,0.278643216080402,0.8070959796764193,0.006678512081502941
0.275,0.28361809045226133,0.8098289281356532,0.006695137629302739
0.275,0.2885929648241206,0.8124853733875591,0.006711828822641097
0.275,0.2935678391959799,0.8150684853990786,0.006728576492269767
0.275,0.2985427135678392,0.8175812613312783,0.006745372203014854
0.275,0.3035175879396985,0.8200265371590263,0.006762208189944996
0.275,0.3084924623115578,0.8224069983653608,0.006779077300829828
0.275,0.3134673366834171,0.8247251897954023,0.006795972944199535
0.275,0.31844221105527637,0.8269835247458829,0.006812889042381309
0.275,0.3234170854271357,0.8291842933585959,0.006829819988973362
0.275,0.328391959798995,0.8313296703791823,0.006846760610283331
0.275,0.3333668341708543,0.8334217223365507,0.006863706130333824
0.275,0.33834170854271356,0.8354624141927924,0.006880652139035881
0.275,0.34331658291457284,0.8374536155086045,0.006897594563216369
0.275,0.3482914572864322,0.8393971061649145,0.006914529640230871
0.275,0.35326633165829147,0.8412945816775407,0.0069314538938658465
0.275,0.35824120603015075,0.8431476581382645,0.0069483641123480044
0.275,0.36321608040201003,0.8449578768126051,0.0069652573282137364
0.275,0.36819095477386937,0.8467267084218005,0.006982130799905173
0.275,0.37316582914572866,0.8484555571340392,0.006998981994877029
0.275,0.37814070351758794,0.8501457642876971,0.0070158085741225396
0.275,0.3831155778894472,0.8517986118673352,0.0070326083779632675
0.275,0.38809045226130656,0.8534153257514386,0.007049379412966905
0.275,0.39306532663316585,0.8549970787491745,0.007066119839943097
0.275,0.39804020100502513,0.8565449934419916,0.0070828279628711854
0.275,0.4030150753768844,0.8580601448445455,0.007099502218704146
0.275,0.40798994974874375,0.8595435628982084,0.007116141167960999
0.275,0.41296482412060304,0.8609962348093291,0.007132743486049309
0.275,0.4179396984924623,0.8624191072434032,0.0071493079552409355
0.275,0.4229145728643216,0.8638130883854112,0.007165833457263515
0.275,0.4278894472361809,0.8651790498757507,0.007182318966436396
0.275,0.4328643216080402,0.8665178286304427,0.007198763543322162
0.275,0.4378391959798995,0.8678302285536007,0.00721516632884267
0.275,0.4428140703517588,0.8691170221495353,0.007231526538825861
0.275,0.4477889447236181,0.8703789520412859,0.0072478434589491325
0.275,0.4527638190954774,0.8716167324018604,0.007264116440029333
0.275,0.4577386934673367,0.8728310503039794,0.0072803448936726856
0.275,0.462713567839196,0.8740225669936905,0.007296528288211812
0.275,0.46768844221105527,0.8751919190928142,0.0073126661449369745
0.275,0.4726633165829146,0.8763397197348205,0.007328758034583327
0.275,0.4776381909547739,0.8774665596383958,0.007344803574069081
0.275,0.4826130653266332,0.8785730081226526,0.007360802423441948
0.275,0.48758793969849246,0.8796596140676504,0.0073767542830540656
0.275,0.49256281407035174,0.8807269068236335,0.0073926588909036806
0.275,0.4975376884422111,0.8817753970721542,0.007408516020178224
0.275,0.5025125628140703,0.8828055776420234,0.007424325476942162
0.275,0.5074874371859297,0.8838179242828322,0.0074400870979942635
0.275,0.512462311557789,0.8848128963985961,0.007455800748846775
0.275,0.5174371859296483,0.885790937743898,0.007471466321856246
0.275,0.5224120603015076,0.8867524770847507,0.007487083734464273
0.275,0.5273869346733668,0.8876979288262451,0.007502652927552367
0.275,0.5323618090452261,0.8886276936089181,0.007518173863906519
0.275,0.5373366834170854,0.8895421588756416,0.0075336465267801245
0.275,0.5423115577889447,0.8904416994107207,0.007549070918542178
0.275,0.5472864321608041,0.891326677852778,0.007564447059414725
0.275,0.5522613065326634,0.8921974451828965,0.00757977498629514
0.275,0.5572361809045226,0.8930543411894076,0.007595054751644126
0.275,0.5622110552763819,0.8938976949106123,0.007610286422439216
0.275,0.5671859296482412,0.8947278250566519,0.007625470079213104
0.275,0.5721608040201005,0.8955450404116642,0.00764060581512549
0.275,0.5771356783919598,0.89634964021729,0.007655693735111324
0.275,0.5821105527638191,0.8971419145385358,0.007670733955073228
0.275,0.5870854271356784,0.8979221446129262,0.007685726601121656
0.275,0.5920603015075377,0.8986906031838361,0.007700671808871018
0.275,0.597035175879397,0.8994475548188278,0.0077155697227613285
0.275,0.6020100502512563,0.9001932562137789,0.007730420495441592
0.275,0.6069849246231156,0.90092795648353,0.007745224287173391
0.275,0.6119597989949749,0.9016518974397495,0.00775998126527444
0.275,0.6169346733668342,0.9023653138566627,0.00777469160360611
0.275,0.6219095477386934,0.9030684337252632,0.007789355482075377
0.275,0.6268844221105527,0.9037614784965795,0.0078039730861794165
0.275,0.6318592964824121,0.9044446633145495,0.007818544606567945
0.275,0.6368341708542714,0.9051181972390095,0.007833070238637996
0.275,0.6418090452261307,0.905782283459291,0.007847550182153107
0.275,0.64678391959799,0.9064371194988792,0.007861984640876507
0.275,0.6517587939698493,0.9070828974115678,0.007876373822236715
0.275,0.6567336683417085,0.90771980396952,0.007890717937002023
0.275,0.6617085427135678,0.908348020843623,0.007905017198993614
0.275,0.6666834170854271,0.9089677247764991,0.007919271824782914
0.275,0.6716582914572864,0.9095790877485257,0.007933482033441352
0.275,0.6766331658291458,0.910182277137184,0.00794764804628878
0.275,0.6816080402010051,0.9107774558700545,0.007961770086646336
0.275,0.6865829145728644,0.9113647825717478,0.00797584837962706
0.275,0.6915577889447236,0.9119444117050517,0.007989883151921617
0.275,0.6965326633165829,0.912516493706557,0.008003874631601127
0.275,0.7015075376884422,0.9130811751170148,0.008017823047937522
0.275,0.7064824120603015,0.9136385987066602,0.00803172863122481
0.275,0.7114572864321608,0.9141889035957279,0.008045591612617642
0.275,0.7164321608040201,0.9147322253703756,0.0080594122239801
0.275,0.7214070351758795,0.9152686961942149,0.008073190697738486
0.275,0.7263819095477387,0.9157984449156474,0.008086927266744093
0.275,0.731356783919598,0.9163215971711824,0.008100622164150861
0.275,0.7363316582914573,0.9168382754849166,0.008114275623289258
0.275,0.7413065326633166,0.9173485993643384,0.008127887877561468
0.275,0.7462814070351759,0.9178526853926143,0.008141459160326825
0.275,0.7512562814070352,0.9183506473175079,0.008154989704809656
0.275,0.7562311557788944,0.9188425961370722,0.008168479744003587
0.275,0.7612060301507538,0.9193286401822556,0.008181929510584718
0.275,0.7661809045226131,0.9198088851965436,0.008195339236828358
0.275,0.7711557788944724,0.9202834344127667,0.008208709154532645
0.275,0.7761306532663317,0.9207523886271847,0.008222039494951483
0.275,0.781105527638191,0.9212158462709663,0.008235330488720605
0.275,0.7860804020100502,0.9216739034791642,0.008248582365794954
0.275,0.7910552763819095,0.9221266541572913,0.008261795355399615
0.275,0.7960301507537688,0.9225741900455924,0.008274969685960976
0.275,0.8010050251256281,0.9230166007811069,0.008288105585069427
0.275,0.8059798994974875,0.9234539739576059,0.008301203279417413
0.275,0.8109547738693468,0.9238863951834948,0.008314262994770116
0.275,0.8159296482412061,0.9243139481377535,0.008327284955913283
0.275,0.8209045226130653,0.9247367146239994,0.008340269386613697
0.275,0.8258793969849246,0.9251547746227398,0.00835321650959786
0.275,0.8308542713567839,0.925568206341887,0.008366126546499375
0.275,0.8358291457286432,0.9259770862656054,0.008378999717844726
0.275,0.8408040201005025,0.9263814892015482,0.008391836243014872
0.275,0.8457788944723619,0.9267814883265519,0.008404636340226146
0.275,0.8507537688442212,0.9271771552308432,0.008417400226501393
0.275,0.8557286432160804,0.9275685599608151,0.008430128117651092
0.275,0.8607035175879397,0.9279557710604266,0.008442820228249381
0.275,0.865678391959799,0.9283388556112778,0.008455476771623394
0.275,0.8706532663316583,0.9287178792714087,0.008468097959829057
0.275,0.8756281407035176,0.9290929063128676,0.008480684003639327
0.275,0.8806030150753769,0.9294639996580977,0.008493235112530417
0.275,0.8855778894472361,0.9298312209151832,0.008505751494669589
0.275,0.8905527638190955,0.9301946304119951,0.008518233356909377
0.275,0.8955276381909548,0.9305542872292787,0.008530680904758947
0.275,0.9005025125628141,0.9309102492327199,0.008543094342408741
0.275,0.9054773869346734,0.931262573104028,0.008555473872688069
0.275,0.9104522613065327,0.9316113143710668,0.008567819697087531
0.275,0.915427135678392,0.9319565274370732,0.008580132015735265
0.275,0.9204020100502512,0.9322982656089891,0.008592411027399383
0.275,0.9253768844221105,0.9326365811249432,0.008604656929486865
0.275,0.9303517587939698,0.9329715251809091,0.008616869918038228
0.275,0.9353266331658292,0.9333031479565707,0.008629050187721976
0.275,0.9403015075376885,0.9336314986404187,0.008641197931845479
0.275,0.9452763819095478,0.9339566254541091,0.00865331334234054
0.275,0.950251256281407,0.9342785756761055,0.00866539660976895
0.275,0.9552261306532663,0.9345973956646318,0.008677447923334913
0.275,0.9602010050251256,0.9349131308799572,0.00868946747086774
0.275,0.9651758793969849,0.9352258259060369,0.008701455438834937
0.275,0.9701507537688442,0.9355355244715299,0.00871341201234399
0.275,0.9751256281407036,0.9358422694702145,0.008725337375145692
0.275,0.9801005025125629,0.936146102980822,0.00873723170963192
0.275,0.9850753768844221,0.9364470662863075,0.008749095196845857
0.275,0.9900502512562814,0.9367451998925762,0.008760928016489977
0.275,0.9950251256281407,0.937040543546684,0.008772730346918278
0.275,1.0,0.9373331362545277,0.008784502365152935
0.3125,0.01,0.13176437499727744,0.011988259773192178
0.3125,0.014974874371859296,0.18509780210491938,0.009760396442662689
0.3125,0.019949748743718593,0.2322315118096241,0.00855745634341254
0.3125,0.02492462311557789,0.2741924996725842,0.007804135099121368
0.3125,0.029899497487437185,0.31179097021305935,0.0072904779774436435
0.3125,0.03487437185929648,0.34567543694207375,0.006920451010040463
0.3125,0.03984924623115578,0.37637147339800037,0.006643556198145273
0.3125,0.04482412060301508,0.4043096891408935,0.0064305761264511485
0.3125,0.049798994974874375,0.42984633463222394,0.006263381152643799
0.3125,0.05477386934673367,0.4532787330861882,0.006130103065767667
0.3125,0.05974874371859297,0.4748570064542731,0.00602263654793278
0.3125,0.06472361809045227,0.4947931001441111,0.005935252654481582
0.3125,0.06969849246231155,0.5132678087649338,0.005863785261311261
0.3125,0.07467336683417086,0.5304363027027742,0.0058051313222158285
0.3125,0.07964824120603015,0.5464325168084889,0.005756931886630845
0.3125,0.08462311557788944,0.5613726659573292,0.005717361747453742
0.3125,0.08959798994974874,0.5753580839255878,0.005684986775794654
0.3125,0.09457286432160804,0.5884775329945059,0.00565866476971344
0.3125,0.09954773869346734,0.6008090960449872,0.005637475050260576
0.3125,0.10452261306532663,0.612421736692239,0.005620667511005539
0.3125,0.10949748743718593,0.6233765935259274,0.005607625115677584
0.3125,0.11447236180904523,0.6337280598979045,0.005597835871262724
0.3125,0.11944723618090453,0.6435246896231752,0.005590871592980218
0.3125,0.12442211055276382,0.6528099604984313,0.005586371613610197
0.3125,0.12939698492462312,0.661622921026963,0.0055840301432896755
0.3125,0.1343718592964824,0.6699987406838714,0.0055835863594075885
0.3125,0.13934673366834172,0.6779691801059654,0.005584816562446138
0.3125,0.144321608040201,0.6855629944841909,0.00558752791227124
0.3125,0.1492964824120603,0.6928062809774927,0.005591553385592363
0.3125,0.1542713567839196,0.6997227790089793,0.005596747685804315
0.3125,0.1592462311557789,0.7063341307372191,0.005602983901991321
0.3125,0.1642211055276382,0.7126601077329854,0.005610150761968358
0.3125,0.1691959798994975,0.7187188088699952,0.005618150359917307
0.3125,0.17417085427135678,0.7245268336072177,0.005626896265816361
0.3125,0.1791457286432161,0.7300994341613324,0.005636311944074324
0.3125,0.18412060301507538,0.7354506495106516,0.005646329424091823
0.3125,0.18909547738693466,0.7405934237124812,0.0056568881772944835
0.3125,0.19407035175879397,0.7455397106357259,0.005667934164304
0.3125,0.19904522613065326,0.7503005668946827,0.005679419023043808
0.3125,0.20402010050251257,0.7548862345065136,0.005691299374146697
0.3125,0.20899497487437185,0.7593062145743945,0.005703536224465955
0.3125,0.21396984924623116,0.7635693331131174,0.005716094452950848
0.3125,0.21894472361809045,0.7676837999778475,0.005728942366050482
0.3125,0.22391959798994976,0.7716572617247731,0.005742051311917962
0.3125,0.22889447236180904,0.7754968491204824,0.005755395344651637
0.3125,0.23386934673366835,0.7792092199217084,0.0057689509311977805
0.3125,0.23884422110552764,0.7828005974658926,0.00578269669475695
0.3125,0.24381909547738695,0.786276805543555,0.0057966131895657025
0.3125,0.24879396984924623,0.789643299963893,0.005810682702696024
0.3125,0.2537688442211055,0.7929051971738033,0.00582488907918477
0.3125,0.25874371859296486,0.7960673002463595,0.005839217567406241
0.3125,0.26371859296482414,0.7991341225166256,0.005853654682022258
0.3125,0.2686934673366834,0.8021099091096239,0.00586818808224332
0.3125,0.2736683417085427,0.8049986565765893,0.005882806463467505
0.3125,0.278643216080402,0.8078041308306741,0.005897499460650213
0.3125,0.28361809045226133,0.8105298835515016,0.0059122575619254825
0.3125,0.2885929648241206,0.8131792672089481,0.005927072031292946
0.3125,0.2935678391959799,0.8157554488398895,0.005941934839278851
0.3125,0.2985427135678392,0.8182614226970413,0.005956838600633008
0.3125,0.3035175879396985,0.8207000218761856,0.005971776518254979
0.3125,0.3084924623115578,0.8230739290167776,0.005986742332672712
0.3125,0.3134673366834171,0.8253856861610441,0.006001730276411932
0.3125,0.31844221105527637,0.8276377038476243,0.006016735032764675
0.3125,0.3234170854271357,0.8298322695083817,0.006031751698428511
0.3125,0.328391959798995,0.8319715552298239,0.006046775749669164
0.3125,0.3333668341708543,0.8340576249345449,0.0060618030115702215
0.3125,0.33834170854271356,0.8360924410326412,0.006076829630101699
0.3125,0.34331658291457284,0.8380778705881893,0.0060918520466757275
0.3125,0.3482914572864322,0.8400156910415418,0.0061068669749915205
0.3125,0.35326633165829147,0.8419075955243358,0.0061218713798687485
0.3125,0.35824120603015075,0.8437551978006358,0.006136862457949865
0.3125,0.36321608040201003,0.8455600368645458,0.0061518376200291325
0.3125,0.36819095477386937,0.8473235812218366,0.006166794474894655
0.3125,0.37316582914572866,0.8490472328806413,0.006181730814511566
0.3125,0.37814070351758794,0.8507323310740273,0.006196644600434675
0.3125,0.3831155778894472,0.8523801557352313,0.006211533951330006
0.3125,0.38809045226130656,0.8539919307445203,0.006226397131513739
0.3125,0.39306532663316585,0.8555688269650044,0.006241232540408648
0.3125,0.39804020100502513,0.8571119650832304,0.006256038702825428
0.3125,0.4030150753768844,0.8586224182690528,0.006270814260024515
0.3125,0.40798994974874375,0.8601012146680562,0.006285557961460464
0.3125,0.41296482412060304,0.8615493397386996,0.006300268657169594
0.3125,0.4179396984924623,0.8629677384453556,0.006314945290729845
0.3125,0.4229145728643216,0.8643573173175063,0.006329586892766859
0.3125,0.4278894472361809,0.8657189463845304,0.006344192574929242
0.3125,0.4328643216080402,0.8670534609947643,0.006358761524322798
0.3125,0.4378391959798995,0.8683616635268339,0.0063732929983595366
0.3125,0.4428140703517588,0.8696443250006283,0.006387786319955069
0.3125,0.4477889447236181,0.8709021865947172,0.0064022408731168046
0.3125,0.4527638190954774,0.8721359610764888,0.00641665609880171
0.3125,0.4577386934673367,0.8733463341508106,0.006431031491113348
0.3125,0.462713567839196,0.8745339657325794,0.006445366593726964
0.3125,0.46768844221105527,0.8756994911481236,0.00645966099659856
0.3125,0.4726633165829146,0.8768435222700586,0.00647391433287714
0.3125,0.4776381909547739,0.877966648589854,0.006488126276056105
0.3125,0.4826130653266332,0.8790694382320681,0.0065022965372874
0.3125,0.48758793969849246,0.8801524389139157,0.006516424862910597
0.3125,0.49256281407035174,0.8812161788535797,0.006530511032128539
0.3125,0.4975376884422111,0.8822611676304283,0.006544554854847062
0.3125,0.5025125628140703,0.8832878970000874,0.006558556169657059
0.3125,0.5074874371859297,0.8842968416671062,0.0065725148419450985
0.3125,0.512462311557789,0.8852884600177697,0.0065864307621466
0.3125,0.5174371859296483,0.8862631948154338,0.006600303844085831
0.3125,0.5224120603015076,0.8872214738606021,0.006614134023447571
0.3125,0.5273869346733668,0.8881637106178142,0.0066279212563356005
0.3125,0.5323618090452261,0.8890903048112748,0.006641665517927775
0.3125,0.5373366834170854,0.8900016429910241,0.006655366801214591
0.3125,0.5423115577889447,0.890898099071342,0.006669025115827232
0.3125,0.5472864321608041,0.8917800348429574,0.006682640486917135
0.3125,0.5522613065326634,0.8926478004605398,0.006696212954137248
0.3125,0.5572361809045226,0.8935017349068524,0.00670974257066459
0.3125,0.5622110552763819,0.8943421664348611,0.0067232294022905315
0.3125,0.5671859296482412,0.895169412989011,0.0067366735265665945
0.3125,0.5721608040201005,0.8959837826068066,0.006750075032011527
0.3125,0.5771356783919598,0.896785573801762,0.006763434017349246
0.3125,0.5821105527638191,0.8975750759287225,0.00677675059081051
0.3125,0.5870854271356784,0.8983525695324954,0.00679002486947744
0.3125,0.5920603015075377,0.8991183266806757,0.006803256978643812
0.3125,0.597035175879397,0.899872611281493,0.006816447051253061
0.3125,0.6020100502512563,0.9006156793874648,0.006829595227334728
0.3125,0.6069849246231156,0.9013477794855851,0.006842701653495098
0.3125,0.6119597989949749,0.9020691527747443,0.006855766482436021
0.3125,0.6169346733668342,0.9027800334310283,0.0068687898724903995
0.3125,0.6219095477386934,0.9034806488615117,0.006881771987206076
0.3125,0.6268844221105527,0.9041712199471219,0.006894712994934826
0.3125,0.6318592964824121,0.9048519612751218,0.00690761306845844
0.3125,0.6368341708542714,0.9055230813617211,0.006920472384633003
0.3125,0.6418090452261307,0.9061847828653058,0.0069332911240505
0.3125,0.64678391959799,0.9068372627907425,0.006946069470731953
0.3125,0.6517587939698493,0.9074807126851892,0.0069588076118229925
0.3125,0.6567336683417085,0.9081153188258235,0.006971505737321859
0.3125,0.6617085427135678,0.9087412623998745,0.006984164039811835
0.3125,0.6666834170854271,0.9093587196773223,0.006996782714220773
0.3125,0.6716582914572864,0.9099678621766143,0.007009361957586613
0.3125,0.6766331658291458,0.9105688568237226,0.0070219019688360085
0.3125,0.6816080402010051,0.911161866104854,0.0070344029485878146
0.3125,0.6865829145728644,0.9117470482131069,0.007046865098950139
0.3125,0.6915577889447236,0.9123245571893511,0.007059288623344484
0.3125,0.6965326633165829,0.9128945430575964,0.007071673726337435
0.3125,0.7015075376884422,0.9134571519550987,0.007084020613473907
0.3125,0.7064824120603015,0.9140125262574406,0.0070963294911281505
0.3125,0.7114572864321608,0.9145608046988136,0.007108600566368306
0.3125,0.7164321608040201,0.9151021224877127,0.007120834046810298
0.3125,0.7214070351758795,0.9156366114182459,0.007133030140507701
0.3125,0.7263819095477387,0.9161643999772562,0.0071451890558171804
0.3125,0.731356783919598,0.916685613447432,0.007157311001303679
0.3125,0.7363316582914573,0.9172003740065855,0.007169396185627841
0.3125,0.7413065326633166,0.9177088008232607,0.007181444817450089
0.3125,0.7462814070351759,0.9182110101488309,0.0071934571053393626
0.3125,0.7512562814070352,0.9187071154062332,0.007205433257685634
0.3125,0.7562311557788944,0.9191972272754836,0.007217373482622413
0.3125,0.7612060301507538,0.9196814537761083,0.007229277987950589
0.3125,0.7661809045226131,0.9201599003466193,0.007241146981063151
0.3125,0.7711557788944724,0.9206326699211574,0.007252980668885689
0.3125,0.7761306532663317,0.9210998630034197,0.0072647792578146575
0.3125,0.781105527638191,0.921561577737985,0.007276542953644993
0.3125,0.7860804020100502,0.9220179099791396,0.007288271961543469
0.3125,0.7910552763819095,0.9224689533573092,0.007299966485965426
0.3125,0.7960301507537688,0.9229147993431902,0.007311626730635901
0.3125,0.8010050251256281,0.923355537309675,0.007323252898486121
0.3125,0.8059798994974875,0.9237912545916577,0.007334845191627304
0.3125,0.8109547738693468,0.9242220365438069,0.007346403811298474
0.3125,0.8159296482412061,0.9246479665963813,0.00735792895784293
0.3125,0.8209045226130653,0.9250691263091712,0.007369420830665829
0.3125,0.8258793969849246,0.9254855954236324,0.007380879628214432
0.3125,0.8308542713567839,0.9258974519132875,0.0073923055479394595
0.3125,0.8358291457286432,0.9263047720324602,0.007403698786276003
0.3125,0.8408040201005025,0.9267076303634045,0.007415059538613988
0.3125,0.8457788944723619,0.9271060998618934,0.007426387999282857
0.3125,0.8507537688442212,0.9275002519013235,0.007437684361526697
0.3125,0.8557286432160804,0.9278901563153915,0.0074489488174867
0.3125,0.8607035175879397,0.9282758814393974,0.0074601815581833986
0.3125,0.865678391959799,0.9286574941502247,0.007471382773502677
0.3125,0.8706532663316583,0.9290350599050478,0.0074825526521828944
0.3125,0.8756281407035176,0.929408642778812,0.007493691381801559
0.3125,0.8806030150753769,0.9297783055005324,0.007504799148760011
0.3125,0.8855778894472361,0.9301441094884564,0.007515876138280975
0.3125,0.8905527638190955,0.930506114884127,0.0075269225343943535
0.3125,0.8955276381909548,0.9308643805853907,0.0075379385199285664
0.3125,0.9005025125628141,0.931218964278386,0.007548924276511659
0.3125,0.9054773869346734,0.9315699224685506,0.007559879984551765
0.3125,0.9104522613065327,0.931917310510679,0.007570805823248872
0.3125,0.915427135678392,0.932261182638069,0.007581701970577059
0.3125,0.9204020100502512,0.932601591990784,0.0075925686032884965
0.3125,0.9253768844221105,0.9329385906430673,0.007603405896907667
0.3125,0.9303517587939698,0.9332722296299334,0.007614214025734256
0.3125,0.9353266331658292,0.9336025589729694,0.007624993162838045
0.3125,0.9403015075376885,0.9339296277053682,0.007635743480056245
0.3125,0.9452763819095478,0.9342534838962264,0.0076464651480034895
0.3125,0.950251256281407,0.934574174674127,0.007657158336059844
0.3125,0.9552261306532663,0.934891746250033,0.007667823212381464
0.3125,0.9602010050251256,0.9352062439395179,0.007678459943901039
0.3125,0.9651758793969849,0.9355177121843492,0.007689068696329793
0.3125,0.9701507537688442,0.935826194573454,0.00769964963414993
0.3125,0.9751256281407036,0.9361317338632806,0.007710202920641063
0.3125,0.9801005025125629,0.9364343719975831,0.007720728717857561
0.3125,0.9850753768844221,0.9367341501266407,0.0077312271866505355
0.3125,0.9900502512562814,0.9370311086259367,0.007741698486667392
0.3125,0.9950251256281407,0.9373252871143108,0.0077521427763516115
0.3125,1.0,0.9376167244716042,0.007762560212951852
0.35,0.01,0.13224162673261344,0.010709569511383465
0.35,0.014974874371859296,0.18573195894101807,0.008721275859945976
0.35,0.019949748743718593,0.23298531902869712,0.00764790682652472
0.35,0.02492462311557789,0.27503752545093924,0.006975878067874364
0.35,0.029899497487437185,0.31270535991882725,0.006517763648387076
0.35,0.03487437185929648,0.34664226019428707,0.006187837917966732
0.35,0.03984924623115578,0.37737751237870204,0.005941025363895847
0.35,0.04482412060301508,0.4053445504602939,0.005751247128638726
0.35,0.049798994974874375,0.43090179445315796,0.005602321818705791
0.35,0.05477386934673367,0.45434824978185345,0.005483657104633943
0.35,0.05974874371859297,0.47593535420676664,0.005388019371960429
0.35,0.06472361809045227,0.49587609059141574,0.00531029605923794
0.35,0.06969849246231155,0.5143520774373416,0.0052467694673123955
0.35,0.07467336683417086,0.5315191436579717,0.005194670692079129
0.35,0.07964824120603015,0.5475117535053918,0.00515189490999024
0.35,0.08462311557788944,0.5624465496506178,0.005116813628963213
0.35,0.08959798994974874,0.5764252131486083,0.005088147356292705
0.35,0.09457286432160804,0.589536789340674,0.005064877106197407
0.35,0.09954773869346734,0.6018595926443686,0.005046181566048746
0.35,0.10452261306532663,0.613462776647994,0.0050313916256181646
0.35,0.10949748743718593,0.624407636216841,0.0050199569090225715
0.35,0.11447236180904523,0.6347486935318732,0.005011420763522123
0.35,0.11944723618090453,0.6445346087868056,0.005005401309953417
0.35,0.12442211055276382,0.6538089477212882,0.0050015769057703
0.35,0.12939698492462312,0.6626108315880312,0.004999674865936221
0.35,0.1343718592964824,0.6709754900487372,0.004999462620181694
0.35,0.13934673366834172,0.6789347335079622,0.0050007407139252
0.35,0.144321608040201,0.6865173582600417,0.005003337219535942
0.35,0.1492964824120603,0.6937494953442936,0.005007103237324451
0.35,0.1542713567839196,0.7006549120295646,0.005011909246373625
0.35,0.1592462311557789,0.7072552732686836,0.005017642123842814
0.35,0.1642211055276382,0.7135703691911707,0.005024202694338564
0.35,0.1691959798994975,0.7196183136732048,0.0050315037027472975
0.35,0.17417085427135678,0.7254157181869119,0.005039468127712388
0.35,0.1791457286432161,0.7309778444473358,0.005048027771009211
0.35,0.18412060301507538,0.7363187388144457,0.005057122071659537
0.35,0.18909547738693466,0.7414513509452114,0.005066697104283424
0.35,0.19407035175879397,0.7463876388082242,0.005076704729224613
0.35,0.19904522613065326,0.7511386618555491,0.005087101868406663
0.35,0.20402010050251257,0.7557146638815049,0.005097849885844052
0.35,0.20899497487437185,0.7601251468763027,0.005108914055656388
0.35,0.21396984924623116,0.7643789369962413,0.005120263103572498
0.35,0.21894472361809045,0.7684842436152414,0.0051318688104360355
0.35,0.22391959798994976,0.7724487122898618,0.005143705668176457
0.35,0.22889447236180904,0.7762794723574629,0.005155750580409402
0.35,0.23386934673366835,0.7799831797915413,0.005167982601080645
0.35,0.23884422110552764,0.7835660558566446,0.005180382705674669
0.35,0.24381909547738695,0.7870339220356749,0.005192933590419058
0.35,0.24879396984924623,0.7903922316421671,0.005205619495557645
0.35,0.2537688442211055,0.7936460984791153,0.005218426049451441
0.35,0.25874371859296486,0.7968003228613639,0.005231340130732232
0.35,0.26371859296482414,0.7998594152802638,0.005244349746120092
0.35,0.2686934673366834,0.8028276179561555,0.0052574439219046365
0.35,0.2736683417085427,0.8057089244954301,0.0052706126073527315
0.35,0.278643216080402,0.8085070978438584,0.005283846588572283
0.35,0.28361809045226133,0.8112256867060414,0.005297137411527153
0.35,0.2885929648241206,0.8138680405817431,0.0053104773131325
0.35,0.2935678391959799,0.8164373235531747,0.005323859159449773
0.35,0.2985427135678392,0.8189365269426412,0.005337276390162016
0.35,0.3035175879396985,0.8213684809470891,0.005350722968616939
0.35,0.3084924623115578,0.8237358653447671,0.005364193336788059
0.35,0.3134673366834171,0.8260412193592106,0.005377682374629433
0.35,0.31844221105527637,0.8282869507569378,0.005391185363325279
0.35,0.3234170854271357,0.8304753442474275,0.005404697952019921
0.35,0.328391959798995,0.8326085692470273,0.0054182161276479235
0.35,0.3333668341708543,0.8346886870622907,0.00543173618756243
0.35,0.33834170854271356,0.8367176575427759,0.005445254714631087
0.35,0.34331658291457284,0.8386973452484708,0.005458768554593485
0.35,0.3482914572864322,0.8406295251726645,0.005472274795405463
0.35,0.35326633165829147,0.8425158880572139,0.005485770748422603
0.35,0.35824120603015075,0.8443580453336782,0.005499253931180226
0.35,0.36321608040201003,0.846157533720695,0.005512722051677299
0.35,0.36819095477386937,0.8479158195051808,0.005526172993974177
0.35,0.37316582914572866,0.8496343025324408,0.005539604805008702
0.35,0.37814070351758794,0.8513143199280226,0.005553015682486562
0.35,0.3831155778894472,0.8529571495721235,0.005566403963780608
0.35,0.38809045226130656,0.8545640133455353,0.005579768115725026
0.35,0.39306532663316585,0.8561360801644684,0.005593106725216401
0.35,0.39804020100502513,0.857674468820101,0.005606418490583964
0.35,0.4030150753768844,0.8591802506373619,0.005619702213609301
0.35,0.40798994974874375,0.860654451966231,0.005632956792203547
0.35,0.41296482412060304,0.8620980565177412,0.00564618121360505
0.35,0.4179396984924623,0.8635120075558574,0.005659374548138585
0.35,0.4229145728643216,0.8648972099555073,0.005672535943415102
0.35,0.4278894472361809,0.8662545321361994,0.005685664618989561
0.35,0.4328643216080402,0.8675848078799191,0.005698759861398228
0.35,0.4378391959798995,0.8688888380413031,0.005711821019570129
0.35,0.4428140703517588,0.8701673921574682,0.005724847500573782
0.35,0.4477889447236181,0.8714212099642933,0.005737838765669689
0.35,0.4527638190954774,0.872651002825445,0.005750794326643716
0.35,0.4577386934673367,0.8738574550799428,0.005763713742414245
0.35,0.462713567839196,0.8750412253136289,0.00577659661585761
0.35,0.46768844221105527,0.8762029475595179,0.005789442590881766
0.35,0.4726633165829146,0.8773432324316196,0.005802251349678489
0.35,0.4776381909547739,0.8784626681964983,0.005815022610187182
0.35,0.4826130653266332,0.8795618217865231,0.005827756123716332
0.35,0.48758793969849246,0.8806412397584755,0.005840451672742608
0.35,0.49256281407035174,0.8817014492009257,0.0058531090688389575
0.35,0.4975376884422111,0.8827429585935402,0.005865728150763028
0.35,0.5025125628140703,0.8837662586212676,0.005878308782660602
0.35,0.5074874371859297,0.8847718229461441,0.005890850852389828
0.35,0.512462311557789,0.8857601089392684,0.00590335426995936
0.35,0.5174371859296483,0.886731558375325,0.005915818966062858
0.35,0.5224120603015076,0.8876865980918728,0.005928244890724299
0.35,0.5273869346733668,0.888625640615467,0.005940632012002123
0.35,0.5323618090452261,0.8895490847565446,0.005952980314814393
0.35,0.5373366834170854,0.8904573161748776,0.005965289799804818
0.35,0.5423115577889447,0.8913507079172773,0.0059775604823020245
0.35,0.5472864321608041,0.8922296209291287,0.0059897923913385664
0.35,0.5522613065326634,0.893094404541225,0.006001985568730772
0.35,0.5572361809045226,0.8939453969332867,0.0060141400682205415
0.35,0.5622110552763819,0.8947829255754552,0.006026255954662885
0.35,0.5671859296482412,0.8956073076489731,0.0060383333032745234
0.35,0.5721608040201005,0.8964188504471879,0.0060503721989193515
0.35,0.5771356783919598,0.8972178517579431,0.0060623727354465196
0.35,0.5821105527638191,0.8980046002283593,0.006074335015063381
0.35,0.5870854271356784,0.8987793757129406,0.006086259147745299
0.35,0.5920603015075377,0.8995424496058939,0.0060981452506925216
0.35,0.597035175879397,0.9002940851584847,0.006109993447805717
0.35,0.6020100502512563,0.9010345377822148,0.006121803869202358
0.35,0.6069849246231156,0.9017640553385513,0.006133576650763306
0.35,0.6119597989949749,0.9024828784159009,0.006145311933697606
0.35,0.6169346733668342,0.903191240594478,0.006157009864147467
0.35,0.6219095477386934,0.9038893686996812,0.006168670592800796
0.35,0.6268844221105527,0.9045774830445518,0.006180294274541032
0.35,0.6318592964824121,0.905255797661867,0.0061918810681107495
0.35,0.6368341708542714,0.9059245205263716,0.0062034311357956895
0.35,0.6418090452261307,0.906583853767641,0.006214944643131437
0.35,0.64678391959799,0.9072339938740308,0.006226421758620093
0.35,0.6517587939698493,0.9078751318881434,0.006237862653475146
0.35,0.6567336683417085,0.9085074535942235,0.006249267501370559
0.35,0.6617085427135678,0.9091311396978677,0.006260636478211179
0.35,0.6666834170854271,0.9097463659984123,0.006271969761913354
0.35,0.6716582914572864,0.910353303554346,0.006283267532200432
0.35,0.6766331658291458,0.9109521188420755,0.006294529970415574
0.35,0.6816080402010051,0.9115429739083512,0.006305757259327249
0.35,0.6865829145728644,0.9121260265166495,0.006316949582976017
0.35,0.6915577889447236,0.912701430287786,0.006328107126504001
0.35,0.6965326633165829,0.9132693348350265,0.00633923007600079
0.35,0.7015075376884422,0.9138298858939421,0.006350318618375095
0.35,0.7064824120603015,0.9143832254472489,0.006361372941205756
0.35,0.7114572864321608,0.9149294918448545,0.00637239323263139
0.35,0.7164321608040201,0.9154688199193239,0.006383379681223378
0.35,0.7214070351758795,0.9160013410969707,0.006394332475878839
0.35,0.7263819095477387,0.9165271835047626,0.006405251805714274
0.35,0.731356783919598,0.9170464720732262,0.0064161378599747465
0.35,0.7363316582914573,0.9175593286355228,0.006426990827932855
0.35,0.7413065326633166,0.9180658720228625,0.006437810898813678
0.35,0.7462814070351759,0.9185662181564114,0.006448598261702854
0.35,0.7512562814070352,0.9190604801358433,0.006459353105481513
0.35,0.7562311557788944,0.9195487683246764,0.006470075618749904
0.35,0.7612060301507538,0.9200311904325317,0.006480765989762549
0.35,0.7661809045226131,0.920507851594441,0.006491424406365631
0.35,0.7711557788944724,0.9209788544473271,0.006502051055940816
0.35,0.7761306532663317,0.9214442992037739,0.006512646125348631
0.35,0.781105527638191,0.9219042837231982,0.006523209800879393
0.35,0.7860804020100502,0.9223589035805262,0.006533742268205911
0.35,0.7910552763819095,0.9228082521324817,0.006544243712336861
0.35,0.7960301507537688,0.923252420581577,0.0065547143175783695
0.35,0.8010050251256281,0.9236914980379015,0.006565154267496265
0.35,0.8059798994974875,0.924125571578796,0.006575563744876334
0.35,0.8109547738693468,0.9245547263064962,0.006585942931696787
0.35,0.8159296482412061,0.9249790454038241,0.006596292009093174
0.35,0.8209045226130653,0.9253986101880076,0.006606611157332187
0.35,0.8258793969849246,0.9258135001626974,0.006616900555779681
0.35,0.8308542713567839,0.9262237930682531,0.006627160382887132
0.35,0.8358291457286432,0.9266295649303669,0.006637390816161437
0.35,0.8408040201005025,0.9270308901070843,0.006647592032142713
0.35,0.8457788944723619,0.9274278413342877,0.006657764206393635
0.35,0.8507537688442212,0.9278204897696991,0.0066679075134712384
0.35,0.8557286432160804,0.9282089050354574,0.006678022126921146
0.35,0.8607035175879397,0.9285931552593241,0.0066881082192575825
0.35,0.865678391959799,0.9289733071145705,0.0066981659619511635
0.35,0.8706532663316583,0.9293494258585938,0.006708195525414906
0.35,0.8756281407035176,0.9297215753703078,0.006718197079004229
0.35,0.8806030150753769,0.9300898181863555,0.006728170790989196
0.35,0.8855778894472361,0.9304542155361876,0.006738116828565399
0.35,0.8905527638190955,0.9308148273760437,0.006748035357831528
0.35,0.8955276381909548,0.9311717124218813,0.006757926543792925
0.35,0.9005025125628141,0.9315249281812864,0.006767790550349373
0.35,0.9054773869346734,0.9318745309844049,0.006777627540295983
0.35,0.9104522613065327,0.9322205760139275,0.006787437675315422
0.35,0.915427135678392,0.9325631173341644,0.006797221115979024
0.35,0.9204020100502512,0.9329022079192383,0.006806978021736576
0.35,0.9253768844221105,0.9332378996804306,0.006816708550924311
0.35,0.9303517587939698,0.9335702434927071,0.006826412860755582
0.35,0.9353266331658292,0.9338992892204551,0.0068360911073281905
0.35,0.9403015075376885,0.9342250857424538,0.0068457434456170585
0.35,0.9452763819095478,0.9345476809761112,0.006855370029478891
0.35,0.950251256281407,0.934867121900988,0.006864971011656618
0.35,0.9552261306532663,0.9351834545816333,0.00687454654377051
0.35,0.9602010050251256,0.9354967241897578,0.006884096776329951
0.35,0.9651758793969849,0.9358069750257637,0.006893621858734544
0.35,0.9701507537688442,0.9361142505396556,0.006903121939272561
0.35,0.9751256281407036,0.9364185933513514,0.0069125971651269325
0.35,0.9801005025125629,0.9367200452704137,0.006922047682380805
0.35,0.9850753768844221,0.9370186473152227,0.006931473636015983
0.35,0.9900502512562814,0.9373144397316036,0.006940875169922922
0.35,0.9950251256281407,0.9376074620109345,0.006950252426901837
0.35,1.0,0.9378977529077436,0.006959605548665371
0.38749999999999996,0.01,0.13271801287238777,0.009678357158081408
0.38749999999999996,0.014974874371859296,0.18636479816870186,0.00788327354182039
0.38749999999999996,0.019949748743718593,0.2337373693094031,0.0069143983322819125
0.38749999999999996,0.02492462311557789,0.27588037689813544,0.006307928281408248
0.38749999999999996,0.029899497487437185,0.31361717701750713,0.005894606501468447
0.38749999999999996,0.03487437185929648,0.34760613301490173,0.005597020566240785
0.38749999999999996,0.03984924623115578,0.3783802472369692,0.00537446795409946
0.38749999999999996,0.04482412060301508,0.40637578146252334,0.00520340091412419
0.38749999999999996,0.049798994974874375,0.43195332718131996,0.005069209228554694
0.38749999999999996,0.05477386934673367,0.4554135724424949,0.004962329509549557
0.38749999999999996,0.05974874371859297,0.47700927003629207,0.004876231132290965
0.38749999999999996,0.06472361809045227,0.49695443872238154,0.004806298620382288
0.38749999999999996,0.06969849246231155,0.5154315189021915,0.00474917590858559
0.38749999999999996,0.07467336683417086,0.5325969958485451,0.004702363562541612
0.38749999999999996,0.07964824120603015,0.548585861036817,0.004663961700236641
0.38749999999999996,0.08462311557788944,0.5635151828384922,0.00463250047098418
0.38749999999999996,0.08959798994974874,0.5774869876273822,0.004606825088842248
0.38749999999999996,0.09457286432160804,0.5905906020043143,0.004586015936018262
0.38749999999999996,0.09954773869346734,0.6029045702882885,0.0045693318341017974
0.38749999999999996,0.10452261306532663,0.6144982345667723,0.0045561689924469295
0.38749999999999996,0.10949748743718593,0.6254330446585563,0.0045460307935834
0.38749999999999996,0.11447236180904523,0.635763650391179,0.0045385052141051485
0.38749999999999996,0.11944723618090453,0.6455388172815466,0.004533247718117028
0.38749999999999996,0.12442211055276382,0.6548021980709844,0.0045299681346242515
0.38749999999999996,0.12939698492462312,0.6635929859225698,0.004528420476054951
0.38749999999999996,0.1343718592964824,0.6719464699367063,0.004528394956311077
0.38749999999999996,0.13934673366834172,0.6798945096188881,0.0045297116732019305
0.38749999999999996,0.144321608040201,0.6874659417720737,0.004532215564035713
0.38749999999999996,0.1492964824120603,0.6946869307851455,0.004535772344946398
0.38749999999999996,0.1542713567839196,0.7015812712986542,0.004540265217353401
0.38749999999999996,0.1592462311557789,0.7081706506360711,0.004545592177848556
0.38749999999999996,0.1642211055276382,0.7144748771068161,0.004551663806527273
0.38749999999999996,0.1691959798994975,0.7205120792504696,0.004558401437561033
0.38749999999999996,0.17417085427135678,0.7262988802486363,0.004565735637234614
0.38749999999999996,0.1791457286432161,0.7318505510425387,0.004573604931004116
0.38749999999999996,0.18412060301507538,0.7371811451296696,0.004581954733403615
0.38749999999999996,0.18909547738693466,0.7423036175475428,0.004590736444209931
0.38749999999999996,0.19407035175879397,0.7472299301676371,0.004599906681606036
0.38749999999999996,0.19904522613065326,0.7519711451029296,0.004609426628811697
0.38749999999999996,0.20402010050251257,0.75653750776587,0.004619261475146352
0.38749999999999996,0.20899497487437185,0.7609385208906381,0.004629379936074374
0.38749999999999996,0.21396984924623116,0.7651830106462703,0.004639753839567495
0.38749999999999996,0.21894472361809045,0.769279185809497,0.004650357768396285
0.38749999999999996,0.22391959798994976,0.7732346908328078,0.004661168749796163
0.38749999999999996,0.22889447236180904,0.7770566535302365,0.004672165985378562
0.38749999999999996,0.23386934673366835,0.7807517280072399,0.00468333061537729
0.38749999999999996,0.23884422110552764,0.784326133379097,0.00469464551228671
0.38749999999999996,0.24381909547738695,0.7877856887521525,0.004706095099737295
0.38749999999999996,0.24879396984924623,0.7911358448821443,0.004717665193110454
0.38749999999999996,0.2537688442211055,0.7943817128721843,0.004729342858931895
0.38749999999999996,0.25874371859296486,0.7975280902284412,0.004741116290554626
0.38749999999999996,0.26371859296482414,0.8005794845531039,0.00475297469796887
0.38749999999999996,0.2686934673366834,0.8035401351209019,0.00476490820994524
0.38749999999999996,0.2736683417085427,0.8064140325565406,0.0047769077869346255
0.38749999999999996,0.278643216080402,0.8092049368052688,0.004788965143393442
0.38749999999999996,0.28361809045226133,0.8119163935668753,0.004801072678377594
0.38749999999999996,0.2885929648241206,0.8145517493442597,0.00481322341340662
0.38749999999999996,0.2935678391959799,0.817114165240971,0.004825410936744712
0.38749999999999996,0.2985427135678392,0.8196066296274037,0.004837629353348971
0.38749999999999996,0.3035175879396985,0.8220319697824345,0.004849873239822333
0.38749999999999996,0.3084924623115578,0.8243928626059135,0.004862137603825589
0.38749999999999996,0.3134673366834171,0.8266918444874005,0.004874417847430479
0.38749999999999996,0.31844221105527637,0.8289313204076862,0.004886709733996852
0.38749999999999996,0.3234170854271357,0.831113572341801,0.004899009358183104
0.38749999999999996,0.328391959798995,0.8332407670252729,0.004911313118760807
0.38749999999999996,0.3333668341708543,0.8353149631392297,0.004923617693937565
0.38749999999999996,0.33834170854271356,0.8373381179644661,0.004935920018925621
0.38749999999999996,0.34331658291457284,0.8393120935497104,0.004948217265524635
0.38749999999999996,0.3482914572864322,0.8412386624349757,0.004960506823525224
0.38749999999999996,0.35326633165829147,0.8431195129669992,0.004972786283735653
0.38749999999999996,0.35824120603015075,0.8449562542402875,0.004985053422479346
0.38749999999999996,0.36321608040201003,0.846750420694185,0.0049973061874366564
0.38749999999999996,0.36819095477386937,0.848503476393583,0.005009542684665247
0.38749999999999996,0.37316582914572866,0.8502168190183829,0.005021761166720484
0.38749999999999996,0.37814070351758794,0.8518917835845744,0.005033960021757045
0.38749999999999996,0.3831155778894472,0.8535296459177734,0.005046137763524694
0.38749999999999996,0.38809045226130656,0.8551316258981997,0.005058293022170979
0.38749999999999996,0.39306532663316585,0.8566988904944702,0.0050704245357935385
0.38749999999999996,0.39804020100502513,0.8582325566020672,0.00508253114264634
0.38749999999999996,0.4030150753768844,0.8597336937009976,0.005094611773974078
0.38749999999999996,0.40798994974874375,0.861203326345942,0.005106665447398573
0.38749999999999996,0.41296482412060304,0.8626424365010822,0.005118691260816544
0.38749999999999996,0.4179396984924623,0.864051965730797,0.00513068838675923
0.38749999999999996,0.4229145728643216,0.8654328172565007,0.005142656067190998
0.38749999999999996,0.4278894472361809,0.8667858578890717,0.005154593608682978
0.38749999999999996,0.4328643216080402,0.8681119198455635,0.005166500377952632
0.38749999999999996,0.4378391959798995,0.8694118024582025,0.005178375797744383
0.38749999999999996,0.4428140703517588,0.8706862737830541,0.00519021934298336
0.38749999999999996,0.4477889447236181,0.8719360721151581,0.005202030537234226
0.38749999999999996,0.4527638190954774,0.8731619074164231,0.005213808949405374
0.38749999999999996,0.4577386934673367,0.8743644626620799,0.005225554190683823
0.38749999999999996,0.462713567839196,0.8755443951110681,0.005237265911692157
0.38749999999999996,0.46768844221105527,0.8767023375053171,0.0052489437998426425
0.38749999999999996,0.4726633165829146,0.8778388992025283,0.005260587576879194
0.38749999999999996,0.4776381909547739,0.8789546672467163,0.005272196996588985
0.38749999999999996,0.4826130653266332,0.8800502073804667,0.0052837718426652636
0.38749999999999996,0.48758793969849246,0.8811260650025762,0.005295311926721169
0.38749999999999996,0.49256281407035174,0.8821827660744869,0.005306817086442761
0.38749999999999996,0.4975376884422111,0.8832208179786772,0.00531828718385241
0.38749999999999996,0.5025125628140703,0.8842407103319564,0.005329722103705414
0.38749999999999996,0.5074874371859297,0.885242915756403,0.0053411217519800935
0.38749999999999996,0.512462311557789,0.8862278906104996,0.005352486054472694
0.38749999999999996,0.5174371859296483,0.8871960756828378,0.005363814955485324
0.38749999999999996,0.5224120603015076,0.8881478968506151,0.005375108416595165
0.38749999999999996,0.5273869346733668,0.8890837657049873,0.0053863664155149316
0.38749999999999996,0.5323618090452261,0.8900040801452087,0.005397588945008858
0.38749999999999996,0.5373366834170854,0.8909092249433614,0.005408776011893934
0.38749999999999996,0.5423115577889447,0.8917995722813608,0.005419927636099109
0.38749999999999996,0.5472864321608041,0.8926754822618085,0.005431043849782657
0.38749999999999996,0.5522613065326634,0.8935373033941716,0.005442124696508843
0.38749999999999996,0.5572361809045226,0.894385373057663,0.005453170230470317
0.38749999999999996,0.5622110552763819,0.8952200179421187,0.00546418051577402
0.38749999999999996,0.5671859296482412,0.8960415544680811,0.005475155625745964
0.38749999999999996,0.5721608040201005,0.8968502891872231,0.00548609564231306
0.38749999999999996,0.5771356783919598,0.8976465191641808,0.005497000655385165
0.38749999999999996,0.5821105527638191,0.8984305323407907,0.005507870762310629
0.38749999999999996,0.5870854271356784,0.8992026078836728,0.005518706067344059
0.38749999999999996,0.5920603015075377,0.8999630165160404,0.00552950668114871
0.38749999999999996,0.597035175879397,0.9007120208345661,0.005540272720338191
0.38749999999999996,0.6020100502512563,0.9014498756120825,0.005551004307037255
0.38749999999999996,0.6069849246231156,0.9021768280868498,0.005561701568473243
0.38749999999999996,0.6119597989949749,0.9028931182390866,0.005572364636591276
0.38749999999999996,0.6169346733668342,0.903598979055404,0.005582993647700096
0.38749999999999996,0.6219095477386934,0.9042946367817655,0.005593588742117017
0.38749999999999996,0.6268844221105527,0.9049803111655419,0.005604150063864388
0.38749999999999996,0.6318592964824121,0.9056562156872114,0.005614677760363396
0.38749999999999996,0.6368341708542714,0.9063225577822139,0.005625171982150068
0.38749999999999996,0.6418090452261307,0.9069795390534469,0.005635632882612818
0.38749999999999996,0.64678391959799,0.9076273554748592,0.00564606061774886
0.38749999999999996,0.6517587939698493,0.908266197586575,0.005656455345916411
0.38749999999999996,0.6567336683417085,0.9088962506819555,0.005666817227625298
0.38749999999999996,0.6617085427135678,0.9095176949869865,0.005677146425330459
0.38749999999999996,0.6666834170854271,0.9101307058323544,0.005687443103229661
0.38749999999999996,0.6716582914572864,0.9107354538185563,0.005697707427085197
0.38749999999999996,0.6766331658291458,0.9113321049743724,0.005707939564052911
0.38749999999999996,0.6816080402010051,0.9119208209090095,0.005718139682518331
0.38749999999999996,0.6865829145728644,0.9125017589582067,0.005728307951941902
0.38749999999999996,0.6915577889447236,0.9130750723245843,0.005738444542723098
0.38749999999999996,0.6965326633165829,0.913640910212495,0.005748549626058752
0.38749999999999996,0.7015075376884422,0.9141994179576316,0.005758623373820271
0.38749999999999996,0.7064824120603015,0.9147507371516223,0.005768665958437058
0.38749999999999996,0.7114572864321608,0.9152950057618437,0.005778677552778166
0.38749999999999996,0.7164321608040201,0.9158323582466593,0.005788658330054597
0.38749999999999996,0.7214070351758795,0.9163629256662896,0.005798608463717159
0.38749999999999996,0.7263819095477387,0.916886835789505,0.0058085281273680955
0.38749999999999996,0.731356783919598,0.9174042131963223,0.00581841749466494
0.38749999999999996,0.7363316582914573,0.9179151793768802,0.005828276739254568
0.38749999999999996,0.7413065326633166,0.9184198528266576,0.005838106034678825
0.38749999999999996,0.7462814070351759,0.9189183491381941,0.0058479055543188
0.38749999999999996,0.7512562814070352,0.9194107810894555,0.005857675471321322
0.38749999999999996,0.7562311557788944,0.9198972587289954,0.005867415958530797
0.38749999999999996,0.7612060301507538,0.9203778894580392,0.005877127188442133
0.38749999999999996,0.7661809045226131,0.9208527781096254,0.005886809333134346
0.38749999999999996,0.7711557788944724,0.9213220270249237,0.005896462564231264
0.38749999999999996,0.7761306532663317,0.9217857361268474,0.005906087052838238
0.38749999999999996,0.781105527638191,0.9222440029910717,0.005915682969511948
0.38749999999999996,0.7860804020100502,0.9226969229145628,0.0059252504842104425
0.38749999999999996,0.7910552763819095,0.9231445889817206,0.005934789766253834
0.38749999999999996,0.7960301507537688,0.9235870921282308,0.005944300984295436
0.38749999999999996,0.8010050251256281,0.924024521202717,0.005953784306274912
0.38749999999999996,0.8059798994974875,0.9244569630262832,0.00596323989940184
0.38749999999999996,0.8109547738693468,0.9248845024500294,0.0059726679301170815
0.38749999999999996,0.8159296482412061,0.9253072224106186,0.005982068564064802
0.38749999999999996,0.8209045226130653,0.9257252039839738,0.005991441966076039
0.38749999999999996,0.8258793969849246,0.9261385264371799,0.006000788300135396
0.38749999999999996,0.8308542713567839,0.9265472672786538,0.00601010772936994
0.38749999999999996,0.8358291457286432,0.926951502306658,0.006019400416017673
0.38749999999999996,0.8408040201005025,0.9273513056562137,0.006028666521423309
0.38749999999999996,0.8457788944723619,0.9277467498444788,0.006037906206007859
0.38749999999999996,0.8507537688442212,0.9281379058146493,0.006047119629264408
0.38749999999999996,0.8557286432160804,0.9285248429784371,0.0060563069497414634
0.38749999999999996,0.8607035175879397,0.9289076292571801,0.006065468325025858
0.38749999999999996,0.865678391959799,0.9292863311216352,0.0060746039117371975
0.38749999999999996,0.8706532663316583,0.9296610136305036,0.00608371386551787
0.38749999999999996,0.8756281407035176,0.9300317404677322,0.006092798341016836
0.38749999999999996,0.8806030150753769,0.9303985739786417,0.006101857491889406
0.38749999999999996,0.8855778894472361,0.9307615752049192,0.006110891470788804
0.38749999999999996,0.8905527638190955,0.9311208039185199,0.006119900429359282
0.38749999999999996,0.8955276381909548,0.931476318654515,0.006128884518224353
0.38749999999999996,0.9005025125628141,0.931828176742926,0.0061378438869967855
0.38749999999999996,0.9054773869346734,0.932176434339581,0.006146778684258392
0.38749999999999996,0.9104522613065327,0.9325211464560261,0.0061556890575722445
0.38749999999999996,0.915427135678392,0.9328623669885291,0.006164575153468688
0.38749999999999996,0.9204020100502512,0.9332001487462029,0.006173437117449776
0.38749999999999996,0.9253768844221105,0.933534543478285,0.006182275093984613
0.38749999999999996,0.9303517587939698,0.9338656019005962,0.006191089226513347
0.38749999999999996,0.9353266331658292,0.9341933737212146,0.006199879657443619
0.38749999999999996,0.9403015075376885,0.9345179076653837,0.006208646528150341
0.38749999999999996,0.9452763819095478,0.9348392514996883,0.006217389978981691
0.38749999999999996,0.950251256281407,0.9351574520555193,0.006226110149255115
0.38749999999999996,0.9552261306532663,0.9354725552518516,0.006234807177259105
0.38749999999999996,0.9602010050251256,0.9357846061173615,0.006243481200261414
0.38749999999999996,0.9651758793969849,0.9360936488119016,0.006252132354506168
0.38749999999999996,0.9701507537688442,0.9363997266473587,0.006260760775216978
0.38749999999999996,0.9751256281407036,0.9367028821079123,0.00626936659660382
0.38749999999999996,0.9801005025125629,0.9370031568697158,0.006277949951861261
0.38749999999999996,0.9850753768844221,0.9373005918200193,0.006286510973180226
0.38749999999999996,0.9900502512562814,0.9375952270757503,0.00629504979173956
0.38749999999999996,0.9950251256281407,0.9378871020015727,0.006303566537725347
0.38749999999999996,1.0,0.9381762552274399,0.006312061340324471
0.425,0.01,0.13319347822963487,0.008829108704663469
0.425,0.014974874371859296,0.18699625535260408,0.0071931512807521525
0.425,0.019949748743718593,0.2344875916120197,0.006310331484331799
0.425,0.02492462311557789,0.27672098649306087,0.005757851302839345
0.425,0.029899497487437185,0.3145263655273574,0.005381417745707884
0.425,0.03487437185929648,0.34856701452575023,0.005110464692493544
0.425,0.03984924623115578,0.3793796524115549,0.0049078909301629725
0.425,0.04482412060301508,0.4074033703192546,0.004752233160094654
0.425,0.049798994974874375,0.4330009324929062,0.004630175082014132
0.425,0.05477386934673367,0.4564747100216811,0.004533000677257482
0.425,0.05974874371859297,0.4780787702486053,0.0044547582572587174
0.425,0.06472361809045227,0.49802816665449245,0.004391241711989569
0.425,0.06969849246231155,0.5165061599137236,0.00433939279386597
0.425,0.07467336683417086,0.5336698897886707,0.00429693398582387
0.425,0.07964824120603015,0.5496548730226383,0.004262134181796995
0.425,0.08462311557788944,0.5645786017559672,0.00423365417731425
0.425,0.08959798994974874,0.5785434458388414,0.004210441886363103
0.425,0.09457286432160804,0.5916390114140797,0.004191659523778313
0.425,0.09954773869346734,0.6039440711255307,0.0041766319041509625
0.425,0.10452261306532663,0.6155281541275319,0.004164809029525651
0.425,0.10949748743718593,0.6264528639001762,0.004155738554160182
0.425,0.11447236180904523,0.6367729767575706,0.004149045208222901
0.425,0.11944723618090453,0.6465373625011653,0.00414441520915676
0.425,0.12442211055276382,0.6557897599459023,0.004141584303750223
0.425,0.12939698492462312,0.6645694333368872,0.004140328490616074
0.425,0.1343718592964824,0.672911730474268,0.0041404567471219345
0.425,0.13934673366834172,0.6808485593053251,0.004141805273068178
0.425,0.144321608040201,0.6884087965535668,0.0041442328945617835
0.425,0.1492964824120603,0.6956186394325863,0.004147617364318457
0.425,0.1542713567839196,0.7025019094859649,0.004151852360994246
0.425,0.1592462311557789,0.7090803159890303,0.004156845038368884
0.425,0.1642211055276382,0.7153736850566582,0.004162514010477958
0.425,0.1691959798994975,0.7214001595567987,0.004168787685024489
0.425,0.17417085427135678,0.727176374080557,0.004175602876955287
0.425,0.1791457286432161,0.73271760852655,0.00418290364887941
0.425,0.18412060301507538,0.7380379232887959,0.00419064033634009
0.425,0.18909547738693466,0.7431502785691232,0.004198768724544166
0.425,0.19407035175879397,0.7480666399477698,0.004207249349901021
0.425,0.19904522613065326,0.7527980720242337,0.004216046904928605
0.425,0.20402010050251257,0.7573548216723487,0.004225129729204191
0.425,0.20899497487437185,0.7617463922293048,0.004234469372240923
0.425,0.21396984924623116,0.7659816097500579,0.004244040216794698
0.425,0.21894472361809045,0.7700686823000052,0.004253819153112293
0.425,0.22391959798994976,0.7740152531248007,0.0042637852963203215
0.425,0.22889447236180904,0.7778284484225984,0.004273919740499288
0.425,0.23386934673366835,0.7815149203474472,0.004284205344001979
0.425,0.23884422110552764,0.7850808857902192,0.004294626541565316
0.425,0.24381909547738695,0.7885321614130528,0.004305169179384061
0.425,0.24879396984924623,0.791874195352938,0.004315820370011991
0.425,0.2537688442211055,0.795112095958186,0.00432656836434786
0.425,0.25874371859296486,0.7982506578768269,0.004337402438453264
0.425,0.26371859296482414,0.8012943857773541,0.004348312793243325
0.425,0.2686934673366834,0.8042475159488053,0.00435929046541883
0.425,0.2736683417085427,0.8071140359981478,0.004370327248166328
0.425,0.278643216080402,0.8098977028377004,0.004381415620466456
0.425,0.28361809045226133,0.8126020591333325,0.004392548683915143
0.425,0.2885929648241206,0.8152304483649625,0.0044037201061795095
0.425,0.2935678391959799,0.8177860286340684,0.004414924070279769
0.425,0.2985427135678392,0.8202717853381842,0.004426155229041662
0.425,0.3035175879396985,0.8226905428193958,0.004437408664104581
0.425,0.3084924623115578,0.8250449750824561,0.004448679848991333
0.425,0.3134673366834171,0.8273376156680888,0.004459964615745937
0.425,0.31844221105527637,0.8295708667581648,0.004471259124816607
0.425,0.3234170854271357,0.8317470075815883,0.0044825598377573606
0.425,0.328391959798995,0.8338682021827656,0.0044938634924944765
0.425,0.3333668341708543,0.8359365066083492,0.004505167080892214
0.425,0.33834170854271356,0.8379538755624567,0.004516467828316717
0.425,0.34331658291457284,0.8399221685756773,0.00452776317509529
0.425,0.3482914572864322,0.8418431557288074,0.004539050759582386
0.425,0.35326633165829147,0.8437185229683775,0.004550328402725956
0.425,0.35824120603015075,0.8455498770475305,0.004561594093974497
0.425,0.36321608040201003,0.8473387501227121,0.0045728459783889175
0.425,0.36819095477386937,0.849086604033822,0.004584082344844864
0.425,0.37316582914572866,0.8507948342929742,0.004595301615235803
0.425,0.37814070351758794,0.8524647738047506,0.004606502334558282
0.425,0.3831155778894472,0.8540976963388053,0.004617683161806996
0.425,0.38809045226130656,0.8556948197738403,0.004628842861632565
0.425,0.39306532663316585,0.8572573091303307,0.004639980296642809
0.425,0.39804020100502513,0.8587862794078707,0.004651094420326851
0.425,0.4030150753768844,0.8602827982416762,0.004662184270547209
0.425,0.40798994974874375,0.8617478883915507,0.0046732489635110674
0.425,0.41296482412060304,0.8631825300755112,0.004684287688245803
0.425,0.4179396984924623,0.8645876631592732,0.004695299701457989
0.425,0.4229145728643216,0.8659641892118749,0.004706284322804732
0.425,0.4278894472361809,0.8673129734368937,0.004717240930523836
0.425,0.4328643216080402,0.8686348464879526,0.0047281689573714925
0.425,0.4378391959798995,0.8699306061765236,0.004739067886869508
0.425,0.4428140703517588,0.8712010190794139,0.004749937249831193
0.425,0.4477889447236181,0.8724468220527392,0.004760776621134166
0.425,0.4527638190954774,0.8736687236586738,0.004771585616723195
0.425,0.4577386934673367,0.8748674055107827,0.004782363890833308
0.425,0.462713567839196,0.876043523543307,0.004793111133404748
0.425,0.46768844221105527,0.8771977092093701,0.004803827067683342
0.425,0.4726633165829146,0.8783305706127078,0.004814511447983394
0.425,0.4776381909547739,0.879442693577183,0.004825164057611797
0.425,0.4826130653266332,0.8805346426580426,0.004835784706932911
0.425,0.48758793969849246,0.881606962098584,0.00484637323155801
0.425,0.49256281407035174,0.8826601767356398,0.004856929490672179
0.425,0.4975376884422111,0.8836947928570467,0.004867453365463792
0.425,0.5025125628140703,0.8847112990140384,0.004877944757660124
0.425,0.5074874371859297,0.8857101667913188,0.004888403588158674
0.425,0.512462311557789,0.8866918515373468,0.004898829795759063
0.425,0.5174371859296483,0.8876567930572224,0.0049092233359666615
0.425,0.5224120603015076,0.8886054162703857,0.004919584179887915
0.425,0.5273869346733668,0.8895381318351967,0.004929912313168305
0.425,0.5323618090452261,0.8904553367423271,0.004940207735044666
0.425,0.5373366834170854,0.8913574148787636,0.004950470457415257
0.425,0.5423115577889447,0.8922447375641098,0.004960700503998661
0.425,0.5472864321608041,0.8931176640607588,0.004970897909528205
0.425,0.5522613065326634,0.8939765420594108,0.004981062719000784
0.425,0.5572361809045226,0.8948217081413167,0.004991194986993408
0.425,0.5622110552763819,0.895653488218535,0.005001294776984855
0.425,0.5671859296482412,0.8964721979534165,0.0050113621607548176
0.425,0.5721608040201005,0.8972781431584492,0.00502139721779904
0.425,0.5771356783919598,0.8980716201775291,0.005031400034795963
0.425,0.5821105527638191,0.8988529162496537,0.005041370705089143
0.425,0.5870854271356784,0.8996223098559815,0.0050513093282169574
0.425,0.5920603015075377,0.9003800710511309,0.005061216009465186
0.425,0.597035175879397,0.9011264617795541,0.005071090859444238
0.425,0.6020100502512563,0.9018617361777616,0.005080933993695913
0.425,0.6069849246231156,0.9025861408631294,0.005090745532321694
0.425,0.6119597989949749,0.903299915209982,0.00510052559964147
0.425,0.6169346733668342,0.9040032916135953,0.005110274323860464
0.425,0.6219095477386934,0.904696495742739,0.005119991836760374
0.425,0.6268844221105527,0.9053797467813258,0.005129678273418925
0.425,0.6318592964824121,0.906053257659721,0.005139333771928767
0.425,0.6368341708542714,0.9067172352762171,0.005148958473156107
0.425,0.6418090452261307,0.9073718807091627,0.005158552520484472
0.425,0.64678391959799,0.9080173894202025,0.005168116059608208
0.425,0.6517587939698493,0.908653951449055,0.005177649238302662
0.425,0.6567336683417085,0.909281751600244,0.005187152206240775
0.425,0.6617085427135678,0.9099009696221628,0.005196625114793463
0.425,0.6666834170854271,0.9105117803788368,0.005206068116865525
0.425,0.6716582914572864,0.911114354014734,0.00521548136672223
0.425,0.6766331658291458,0.9117088561129431,0.005224865019836544
0.425,0.6816080402010051,0.9122954478470336,0.0052342192327430315
0.425,0.6865829145728644,0.9128742861268877,0.005243544162904845
0.425,0.6915577889447236,0.9134455237387831,0.005252839968571843
0.425,0.6965326633165829,0.914009309479986,0.005262106808680667
0.425,0.7015075376884422,0.9145657882881124,0.005271344842721737
0.425,0.7064824120603015,0.9151151013654746,0.005280554230640888
0.425,0.7114572864321608,0.9156573862986648,0.005289735132737894
0.425,0.7164321608040201,0.9161927771735666,0.005298887709575428
0.425,0.7214070351758795,0.9167214046860039,0.005308012121881589
0.425,0.7263819095477387,0.9172433962482197,0.0053171085304792864
0.425,0.731356783919598,0.9177588760913673,0.005326177096196316
0.425,0.7363316582914573,0.9182679653641835,0.005335217979801854
0.425,0.7413065326633166,0.9187707822280144,0.005344231341931849
0.425,0.7462814070351759,0.9192674419483449,0.005353217343031957
0.425,0.7512562814070352,0.9197580569829826,0.005362176143282715
0.425,0.7562311557788944,0.9202427370670422,0.005371107902565564
0.425,0.7612060301507538,0.9207215892948564,0.005380012780389132
0.425,0.7661809045226131,0.9211947181989508,0.005388890935854818
0.425,0.7711557788944724,0.9216622258262,0.0053977425275977264
0.425,0.7761306532663317,0.922124211811282,0.005406567713761357
0.425,0.781105527638191,0.9225807734475446,0.0054153666519374255
0.425,0.7860804020100502,0.923032005755386,0.0054241394991445535
0.425,0.7910552763819095,0.9234780015482542,0.005432886411785187
0.425,0.7960301507537688,0.9239188514963583,0.005441607545616067
0.425,0.8010050251256281,0.9243546441881865,0.005450303055717143
0.425,0.8059798994974875,0.9247854661899155,0.005458973096461817
0.425,0.8109547738693468,0.9252114021027994,0.005467617821499404
0.425,0.8159296482412061,0.9256325346186116,0.00547623738371894
0.425,0.8209045226130653,0.9260489445732225,0.005484831935238299
0.425,0.8258793969849246,0.926460710998383,0.005493401627372441
0.425,0.8308542713567839,0.9268679111717811,0.005501946610627195
0.425,0.8358291457286432,0.927270620665445,0.005510467034674171
0.425,0.8408040201005025,0.927668913392548,0.005518963048333658
0.425,0.8457788944723619,0.928062861652683,0.005527434799567965
0.425,0.8507537688442212,0.9284525361756617,0.005535882435460993
0.425,0.8557286432160804,0.9288380061638939,0.005544306102204244
0.425,0.8607035175879397,0.9292193393334011,0.00555270594509949
0.425,0.865678391959799,0.929596601953517,0.0055610821085358975
0.425,0.8706532663316583,0.929969858885321,0.005569434735981815
0.425,0.8756281407035176,0.9303391736188523,0.005577763969987659
0.425,0.8806030150753769,0.9307046083091511,0.00558606995216393
0.425,0.8855778894472361,0.9310662238111689,0.005594352823195425
0.425,0.8905527638190955,0.931424079713587,0.005602612722814815
0.425,0.8955276381909548,0.9317782343715876,0.005610849789811523
0.425,0.9005025125628141,0.9321287449386096,0.005619064162021736
0.425,0.9054773869346734,0.9324756673971303,0.005627255976331069
0.425,0.9104522613065327,0.9328190565885041,0.005635425368670344
0.425,0.915427135678392,0.9331589662418951,0.005643572474007819
0.425,0.9204020100502512,0.9334954490023317,0.005651697426356517
0.425,0.9253768844221105,0.9338285564579182,0.005659800358771561
0.425,0.9303517587939698,0.9341583391662287,0.0056678814033459535
0.425,0.9353266331658292,0.9344848466799168,0.005675940691213466
0.425,0.9403015075376885,0.9348081275715622,0.0056839783525495235
0.425,0.9452763819095478,0.9351282294577866,0.005691994516578092
0.425,0.950251256281407,0.935445199022659,0.005699989311559905
0.425,0.9552261306532663,0.9357590820404121,0.0057079628648064595
0.425,0.9602010050251256,0.9360699233975099,0.005715915302678232
0.425,0.9651758793969849,0.9363777671140656,0.005723846750583128
0.425,0.9701507537688442,0.9366826563646464,0.005731757332992693
0.425,0.9751256281407036,0.9369846334984806,0.005739647173425899
0.425,0.9801005025125629,0.937283740059088,0.005747516394469576
0.425,0.9850753768844221,0.9375800168033533,0.00575536511777508
0.425,0.9900502512562814,0.9378735037200593,0.005763193464058736
0.425,0.9950251256281407,0.9381642400478991,0.0057710015531144965
0.425,1.0,0.9384522642929832,0.005778789503813053
0.46249999999999997,0.01,0.13366795586566274,0.00811755558093119
0.46249999999999997,0.014974874371859296,0.1876262536871059,0.006614936571138763
0.46249999999999997,0.019949748743718593,0.23523589883221555,0.0058042200325656435
0.46249999999999997,0.02492462311557789,0.27755926579650664,0.0052969751448628255
0.46249999999999997,0.029899497487437185,0.31543284550203377,0.0049514481470240845
0.46249999999999997,0.03487437185929648,0.3495248393083404,0.004702809265254793
0.46249999999999997,0.03984924623115578,0.3803756792410695,0.004516974634914961
0.46249999999999997,0.04482412060301508,0.40842728477981166,0.004374227402256237
0.46249999999999997,0.049798994974874375,0.4340445928341261,0.004262335368064862
0.46249999999999997,0.05477386934673367,0.4575316574396515,0.004173292477574142
0.46249999999999997,0.05974874371859297,0.47914386001323955,0.004101632101149111
0.46249999999999997,0.06472361809045227,0.49909728782927504,0.004043491114334774
0.46249999999999997,0.06969849246231155,0.517576020539474,0.003996060794448253
0.46249999999999997,0.07467336683417086,0.5347378508560555,0.003957249556481468
0.46249999999999997,0.07964824120603015,0.5507188191251225,0.003925467702143193
0.46249999999999997,0.08462311557788944,0.5656368395600417,0.003899485487922849
0.46249999999999997,0.08959798994974874,0.5795946238283514,0.003878336874105104
0.46249999999999997,0.09457286432160804,0.5926820560362771,0.0038612526382859613
0.46249999999999997,0.09954773869346734,0.6049781356794597,0.003847612886698437
0.46249999999999997,0.10452261306532663,0.6165525776233786,0.0038369126910735574
0.46249999999999997,0.10949748743718593,0.6274671377738904,0.003828736798306087
0.46249999999999997,0.11447236180904523,0.6377767178132554,0.0038227407321982376
0.46249999999999997,0.11944723618090453,0.6475302908202031,0.003818636476565107
0.46249999999999997,0.12442211055276382,0.656771680779059,0.003816181493146553
0.46249999999999997,0.12939698492462312,0.6655402222070045,0.003815170201455498
0.46249999999999997,0.1343718592964824,0.6738713208794369,0.003815427299634022
0.46249999999999997,0.13934673366834172,0.6817969325378823,0.0038168024783666876
0.46249999999999997,0.144321608040201,0.68934597324784,0.003819166200351054
0.46249999999999997,0.1492964824120603,0.6965446725307011,0.0038224063030201094
0.46249999999999997,0.1542713567839196,0.7034168783711492,0.0038264252432766988
0.46249999999999997,0.1592462311557789,0.7099843215834378,0.0038311378471487245
0.46249999999999997,0.1642211055276382,0.716266845718585,0.003836469459825409
0.46249999999999997,0.1691959798994975,0.7222826076424269,0.0038423544155010703
0.46249999999999997,0.17417085427135678,0.7280482530596554,0.0038487347644851067
0.46249999999999997,0.1791457286432161,0.7335790705611602,0.0038555592086353396
0.46249999999999997,0.18412060301507538,0.7388891271998038,0.003862782206509374
0.46249999999999997,0.18909547738693466,0.7439913881285182,0.003870363217595374
0.46249999999999997,0.19407035175879397,0.7488978224449279,0.003878266061141833
0.46249999999999997,0.19904522613065326,0.7536194970631843,0.0038864583698972055
0.46249999999999997,0.20402010050251257,0.7581666601640759,0.0038949111228423483
0.46249999999999997,0.20899497487437185,0.7625488155489738,0.003903598243965911
0.46249999999999997,0.21396984924623116,0.7667747890338967,0.003912496256520903
0.46249999999999997,0.21894472361809045,0.7708527878605761,0.003921583984036525
0.46249999999999997,0.22391959798994976,0.7747904539667314,0.003930842290968739
0.46249999999999997,0.22889447236180904,0.7785949118436288,0.003940253856969944
0.46249999999999997,0.23386934673366835,0.7822728116119659,0.003949802979901884
0.46249999999999997,0.23884422110552764,0.7858303678644208,0.003959475403401136
0.46249999999999997,0.24381909547738695,0.7892733947524797,0.003969258165545719
0.46249999999999997,0.24879396984924623,0.7926073377346141,0.003979139465706938
0.46249999999999997,0.2537688442211055,0.795837302350429,0.003989108547091336
0.46249999999999997,0.25874371859296486,0.7989680803413033,0.00399915559289532
0.46249999999999997,0.26371859296482414,0.8020041733984045,0.004009271634278333
0.46249999999999997,0.2686934673366834,0.8049498147858376,0.00401944846862623
0.46249999999999997,0.2736683417085427,0.8078089890575585,0.004029678586829455
0.46249999999999997,0.278643216080402,0.8105854500612726,0.004039955108412485
0.46249999999999997,0.28361809045226133,0.813282737400496,0.004050271723587073
0.46249999999999997,0.2885929648241206,0.8159041915066727,0.004060622641384848
0.46249999999999997,0.2935678391959799,0.8184529674563847,0.004071002543133195
0.46249999999999997,0.2985427135678392,0.8209320476538965,0.004081406540688448
0.46249999999999997,0.3035175879396985,0.8233442534862849,0.004091830138827968
0.46249999999999997,0.3084924623115578,0.8256922560469776,0.004102269201381903
0.46249999999999997,0.3134673366834171,0.8279785860134361,0.004112719920653873
0.46249999999999997,0.31844221105527637,0.8302056427558232,0.0041231787897788585
0.46249999999999997,0.3234170854271357,0.8323757027456177,0.004133642577712315
0.46249999999999997,0.328391959798995,0.8344909273261558,0.004144108306543437
0.46249999999999997,0.3333668341708543,0.8365533699008926,0.004154573230913838
0.46249999999999997,0.33834170854271356,0.8385649825896617,0.0041650348193071896
0.46249999999999997,0.34331658291457284,0.8405276223983185,0.004175490737026166
0.46249999999999997,0.3482914572864322,0.8424430569427688,0.0041859388306850764
0.46249999999999997,0.35326633165829147,0.8443129697644971,0.004196377114051186
0.46249999999999997,0.35824120603015075,0.8461389652712032,0.004206803755134825
0.46249999999999997,0.36321608040201003,0.8479225733330434,0.004217217064369283
0.46249999999999997,0.36819095477386937,0.8496652535621618,0.004227615483811231
0.46249999999999997,0.37316582914572866,0.8513683993006884,0.004237997577222652
0.46249999999999997,0.37814070351758794,0.8530333413401131,0.004248362021008756
0.46249999999999997,0.3831155778894472,0.8546613513929161,0.004258707595864664
0.46249999999999997,0.38809045226130656,0.8562536453354934,0.004269033179123749
0.46249999999999997,0.39306532663316585,0.857811386239771,0.004279337737716604
0.46249999999999997,0.39804020100502513,0.8593356872093955,0.004289620321689114
0.46249999999999997,0.4030150753768844,0.8608276140350459,0.004299880058218353
0.46249999999999997,0.40798994974874375,0.8622881876821856,0.004310116146126086
0.46249999999999997,0.41296482412060304,0.8637183866234598,0.004320327850778627
0.46249999999999997,0.4179396984924623,0.8651191490269559,0.004330514499413907
0.46249999999999997,0.4229145728643216,0.8664913748105627,0.0043406754767880695
0.46249999999999997,0.4278894472361809,0.867835927571966,0.0043508102211802235
0.46249999999999997,0.4328643216080402,0.8691536364029402,0.004360918220671861
0.46249999999999997,0.4378391959798995,0.8704452975959337,0.004370999009713827
0.46249999999999997,0.4428140703517588,0.871711676250359,0.004381052165943755
0.46249999999999997,0.4477889447236181,0.872953507785388,0.004391077307229541
0.46249999999999997,0.4527638190954774,0.8741714993655464,0.004401074088926427
0.46249999999999997,0.4577386934673367,0.8753663312449093,0.004411042201340143
0.46249999999999997,0.462713567839196,0.8765386580352765,0.004420981367348142
0.46249999999999997,0.46768844221105527,0.8776891099032924,0.004430891340220899
0.46249999999999997,0.4726633165829146,0.8788182937011144,0.004440771901562002
0.46249999999999997,0.4776381909547739,0.8799267940348932,0.004450622859413889
0.46249999999999997,0.4826130653266332,0.8810151742750209,0.004460444046481271
0.46249999999999997,0.48758793969849246,0.8820839775118151,0.004470235318489335
0.46249999999999997,0.49256281407035174,0.8831337274600484,0.004479996552634313
0.46249999999999997,0.4975376884422111,0.884164929315487,0.004489727646159958
0.46249999999999997,0.5025125628140703,0.8851780705663866,0.004499428515013948
0.46249999999999997,0.5074874371859297,0.8861736217626831,0.004509099092595559
0.46249999999999997,0.512462311557789,0.887152037245429,0.004518739328601251
0.46249999999999997,0.5174371859296483,0.8881137558388541,0.004528349187925551
0.46249999999999997,0.5224120603015076,0.8890592015072637,0.004537928649644529
0.46249999999999997,0.5273869346733668,0.8899887839788435,0.004547477706069225
0.46249999999999997,0.5323618090452261,0.8909028993382987,0.00455699636184792
0.46249999999999997,0.5373366834170854,0.8918019305901286,0.004566484633142798
0.46249999999999997,0.5423115577889447,0.8926862481942229,0.004575942546842127
0.46249999999999997,0.5472864321608041,0.8935562105753506,0.004585370139837064
0.46249999999999997,0.5522613065326634,0.8944121646080165,0.00459476745833487
0.46249999999999997,0.5572361809045226,0.895254446078062,0.004604134557221862
0.46249999999999997,0.5622110552763819,0.8960833801223043,0.004613471499459232
0.46249999999999997,0.5671859296482412,0.8968992816474183,0.004622778355523716
0.46249999999999997,0.5721608040201005,0.8977024557292019,0.004632055202886898
0.46249999999999997,0.5771356783919598,0.8984931979932833,0.004641302125508506
0.46249999999999997,0.5821105527638191,0.8992717949782715,0.004650519213382109
0.46249999999999997,0.5870854271356784,0.9000385244822876,0.004659706562092802
0.46249999999999997,0.5920603015075377,0.9007936558937553,0.004668864272423301
0.46249999999999997,0.597035175879397,0.9015374505072815,0.00467799244995204
0.46249999999999997,0.6020100502512563,0.9022701618254158,0.004687091204705673
0.46249999999999997,0.6069849246231156,0.9029920358469604,0.004696160650821568
0.46249999999999997,0.6119597989949749,0.9037033113426407,0.0047052009062231726
0.46249999999999997,0.6169346733668342,0.9044042201186651,0.0047142120923280295
0.46249999999999997,0.6219095477386934,0.9050949872688483,0.004723194333768221
0.46249999999999997,0.6268844221105527,0.9057758314158569,0.004732147758125915
0.46249999999999997,0.6318592964824121,0.9064469649421263,0.004741072495684451
0.46249999999999997,0.6368341708542714,0.9071085942109567,0.004749968679197858
0.46249999999999997,0.6418090452261307,0.9077609197782752,0.00475883644367614
0.46249999999999997,0.64678391959799,0.9084041365955193,0.004767675926175663
0.46249999999999997,0.6517587939698493,0.9090384342040736,0.004776487265613527
0.46249999999999997,0.6567336683417085,0.9096639969216652,0.004785270602571057
0.46249999999999997,0.6617085427135678,0.9102810040211081,0.004794026079143698
0.46249999999999997,0.6666834170854271,0.9108896299017532,0.004802753838769602
0.46249999999999997,0.6716582914572864,0.9114900442539959,0.004811454026081297
0.46249999999999997,0.6766331658291458,0.9120824122171632,0.004820126786764689
0.46249999999999997,0.6816080402010051,0.9126668945310896,0.004828772267425618
0.46249999999999997,0.6865829145728644,0.9132436476816753,0.004837390615471726
0.46249999999999997,0.6915577889447236,0.9138128240407021,0.004845981978983005
0.46249999999999997,0.6965326633165829,0.9143745720001708,0.004854546506614099
0.46249999999999997,0.7015075376884422,0.9149290361014091,0.004863084347485946
0.46249999999999997,0.7064824120603015,0.9154763571591837,0.004871595651086524
0.46249999999999997,0.7114572864321608,0.916016672381045,0.0048800805671871395
0.46249999999999997,0.7164321608040201,0.9165501154821113,0.004888539245741397
0.46249999999999997,0.7214070351758795,0.9170768167954995,0.004896971836832353
0.46249999999999997,0.7263819095477387,0.9175969033785901,0.004905378490567047
0.46249999999999997,0.731356783919598,0.9181104991153114,0.004913759357029868
0.46249999999999997,0.7363316582914573,0.918617724814614,0.004922114586198845
0.46249999999999997,0.7413065326633166,0.9191186983053004,0.004930444327893246
0.46249999999999997,0.7462814070351759,0.9196135345273669,0.004938748731722065
0.46249999999999997,0.7512562814070352,0.9201023456200066,0.004947027947010518
0.46249999999999997,0.7562311557788944,0.920585241006413,0.0049552821227665245
0.46249999999999997,0.7612060301507538,0.9210623274755229,0.004963511407628518
0.46249999999999997,0.7661809045226131,0.9215337092608219,0.004971715949815714
0.46249999999999997,0.7711557788944724,0.9219994881163401,0.004979895897092801
0.46249999999999997,0.7761306532663317,0.9224597633899491,0.004988051396731086
0.46249999999999997,0.781105527638191,0.9229146320940756,0.0049961825954685235
0.46249999999999997,0.7860804020100502,0.923364188973936,0.005004289639480408
0.46249999999999997,0.7910552763819095,0.9238085265733897,0.005012372674342069
0.46249999999999997,0.7960301507537688,0.9242477352985132,0.0050204318450108865
0.46249999999999997,0.8010050251256281,0.9246819034789817,0.005028467295787431
0.46249999999999997,0.8059798994974875,0.9251111174273479,0.005036479170297481
0.46249999999999997,0.8109547738693468,0.9255354614963031,0.005044467611465375
0.46249999999999997,0.8159296482412061,0.925955018134006,0.005052432761497139
0.46249999999999997,0.8209045226130653,0.9263698679375081,0.005060374761856945
0.46249999999999997,0.8258793969849246,0.9267800897044512,0.0050682937532504635
0.46249999999999997,0.8308542713567839,0.9271857604830012,0.005076189875608428
0.46249999999999997,0.8358291457286432,0.9275869556201396,0.0050840632680642095
0.46249999999999997,0.8408040201005025,0.9279837488083625,0.0050919140689569264
0.46249999999999997,0.8457788944723619,0.9283762121308504,0.005099742415800801
0.46249999999999997,0.8507537688442212,0.9287644161051652,0.005107548445284937
0.46249999999999997,0.8557286432160804,0.9291484297255325,0.005115332293255337
0.46249999999999997,0.8607035175879397,0.9295283205037586,0.005123094094712455
0.46249999999999997,0.865678391959799,0.9299041545088378,0.005130833983797434
0.46249999999999997,0.8706532663316583,0.9302759964052959,0.005138552093788773
0.46249999999999997,0.8756281407035176,0.9306439094903163,0.00514624855708945
0.46249999999999997,0.8806030150753769,0.9310079557296946,0.0051539235052313614
0.46249999999999997,0.8855778894472361,0.9313681957926668,0.005161577068856227
0.46249999999999997,0.8905527638190955,0.9317246890856467,0.005169209377727579
0.46249999999999997,0.8955276381909548,0.9320774937849168,0.005176820560712558
0.46249999999999997,0.9005025125628141,0.9324266668683088,0.005184410745786128
0.46249999999999997,0.9054773869346734,0.9327722641459104,0.005191980060033963
0.46249999999999997,0.9104522613065327,0.9331143402898309,0.005199528629635575
0.46249999999999997,0.915427135678392,0.9334529488630632,0.00520705657987941
0.46249999999999997,0.9204020100502512,0.9337881423474698,0.005214564035152414
0.46249999999999997,0.9253768844221105,0.9341199721709272,0.005222051118936921
0.46249999999999997,0.9303517587939698,0.9344484887336546,0.005229517953827978
0.46249999999999997,0.9353266331658292,0.9347737414337598,0.005236964661511578
0.46249999999999997,0.9403015075376885,0.9350957786920243,0.00524439136278243
0.46249999999999997,0.9452763819095478,0.9354146479759573,0.0052517981775375144
0.46249999999999997,0.950251256281407,0.9357303958231437,0.005259185224779195
0.46249999999999997,0.9552261306532663,0.9360430678639069,0.005266552622621878
0.46249999999999997,0.9602010050251256,0.9363527088433145,0.005273900488281358
0.46249999999999997,0.9651758793969849,0.9366593626425449,0.005281228938098348
0.46249999999999997,0.9701507537688442,0.9369630722996386,0.005288538087524497
0.46249999999999997,0.9751256281407036,0.9372638800296536,0.005295828051124829
0.46249999999999997,0.9801005025125629,0.937561827244246,0.005303098942602835
0.46249999999999997,0.9850753768844221,0.9378569545706942,0.005310350874774272
0.46249999999999997,0.9900502512562814,0.9381493018703843,0.00531758395959292
0.46249999999999997,0.9950251256281407,0.9384389082567755,0.005324798308143919
0.46249999999999997,1.0,0.9387258121128623,0.005331994030657983
0.5,0.01,0.1341413640528276,0.007512706713970196
0.5,0.014974874371859296,0.1882547005729692,0.006123447427078155
0.5,0.019949748743718593,0.2359821850162619,0.0053740232537151655
0.5,0.02492462311557789,0.2783951016346479,0.004905229298239444
0.5,0.029899497487437185,0.3163365071241723,0.004585973170307955
0.5,0.03487437185929648,0.3504795093771419,0.0043563015028103
0.5,0.03984924623115578,0.38136824634476657,0.00418469525590992
0.5,0.04482412060301508,0.40944746169941243,0.004052922070415521
0.5,0.049798994974874375,0.43508426282884655,0.003949671240832009
0.5,0.05477386934673367,0.4585843854538121,0.0038675401875720716
0.5,0.05974874371859297,0.48020452409068065,0.0038014745856502774
0.5,0.06472361809045227,0.5001617988075643,0.0037479028517910518
0.5,0.06969849246231155,0.5186411070979521,0.0037042283619916905
0.5,0.07467336683417086,0.5358008933482735,0.0036685175753234933
0.5,0.07964824120603015,0.5517777201326047,0.003639300991405081
0.5,0.08462311557788944,0.5666899223160787,0.0036154419094727164
0.5,0.08959798994974874,0.5806405519644271,0.0035960474298317724
0.5,0.09457286432160804,0.5937197697683504,0.0035804066088978015
0.5,0.09954773869346734,0.6060068007632801,0.0035679465511411212
0.5,0.10452261306532663,0.617571544297364,0.003558200637785891
0.5,0.10949748743718593,0.6284759075658651,0.003550785144644353
0.5,0.11447236180904523,0.6387749165776578,0.0035453817702559842
0.5,0.11944723618090453,0.648517646740674,0.003541724399953372
0.5,0.12442211055276382,0.6577480063500285,0.003539588953270556
0.5,0.12939698492462312,0.6665053994203376,0.003538785507547937
0.5,0.1343718592964824,0.6748252890052409,0.00353915212364031
0.5,0.13934673366834172,0.6827396780145398,0.0035405499595291268
0.5,0.144321608040201,0.6902775212942678,0.0035428593690387533
0.5,0.1492964824120603,0.6974650801704183,0.0035459767616474736
0.5,0.1542713567839196,0.7043262286179912,0.0035498120557848623
0.5,0.1592462311557789,0.7108827185863915,0.003554286598915324
0.5,0.1642211055276382,0.7171544107010968,0.0035593314577246904
0.5,0.1691959798994975,0.723159475501783,0.003564886003928791
0.5,0.17417085427135678,0.7289145695163134,0.0035708967379171064
0.5,0.1791457286432161,0.7344349897674768,0.0035773163049122036
0.5,0.18412060301507538,0.7397348097338025,0.003584102668033884
0.5,0.18909547738693466,0.7448269993095744,0.0035912184099209377
0.5,0.19407035175879397,0.7497235309214982,0.0035986301402437526
0.5,0.19904522613065326,0.7544354736293982,0.003606307990950297
0.5,0.20402010050251257,0.75897307676918,0.003614225184511266
0.5,0.20899497487437185,0.7633458444699099,0.0036223576632272714
0.5,0.21396984924623116,0.7675626021859365,0.003630683769769716
0.5,0.21894472361809045,0.7716315562249246,0.0036391839709717377
0.5,0.22391959798994976,0.7755603471173271,0.00364784061820278
0.5,0.22889447236180904,0.7793560975581275,0.0036566377388635996
0.5,0.23386934673366835,0.7830254555542121,0.003665560854391847
0.5,0.23884422110552764,0.786574633327639,0.003674596820993692
0.5,0.24381909547738695,0.79000944245405,0.003683733689847868
0.5,0.24879396984924623,0.7933353256545973,0.003692960584118943
0.5,0.2537688442211055,0.7965573856074503,0.00370226759047787
0.5,0.25874371859296486,0.7996804110998804,0.0037116456631833827
0.5,0.26371859296482414,0.8027089008030082,0.0037210865390961967
0.5,0.2686934673366834,0.8056470849176054,0.003730582662191395
0.5,0.2736683417085427,0.8084989449101225,0.0037401271164019256
0.5,0.278643216080402,0.8112682315326905,0.0037497135657145186
0.5,0.28361809045226133,0.8139584812987066,0.0037593362006675957
0.5,0.2885929648241206,0.8165730315662708,0.003768989690450253
0.5,0.2935678391959799,0.81911503436482,0.0037786691399546157
0.5,0.2985427135678392,0.8215874690854759,0.0037883700512038043
0.5,0.3035175879396985,0.8239931541425877,0.0037980882886503586
0.5,0.3084924623115578,0.826334757702491,0.0038078200478854907
0.5,0.3134673366834171,0.8286148075653917,0.003817561827426541
0.5,0.31844221105527637,0.8308357002773599,0.0038273104032013894
0.5,0.3234170854271357,0.8329997095415215,0.0038370628054515965
0.5,0.328391959798995,0.8351089939905418,0.003846816297802258
0.5,0.3333668341708543,0.8371656043762796,0.0038565683582636456
0.5,0.33834170854271356,0.8391714902269787,0.0038663166619625766
0.5,0.34331658291457284,0.8411285060174459,0.003876059065439197
0.5,0.3482914572864322,0.8430384168933486,0.0038857935923179987
0.5,0.35326633165829147,0.8449029039865246,0.003895518420271582
0.5,0.35824120603015075,0.8467235693553302,0.0039052318690830923
0.5,0.36321608040201003,0.8485019405804546,0.003914932389758041
0.5,0.36819095477386937,0.8502394750437201,0.003924618554551174
0.5,0.37316582914572866,0.851937563915261,0.003934289047819783
0.5,0.37814070351758794,0.8535975358719665,0.003943942657663735
0.5,0.3831155778894472,0.8552206605680901,0.003953578268219626
0.5,0.38809045226130656,0.8568081518770814,0.003963194852609098
0.5,0.39306532663316585,0.8583611709220502,0.003972791466436476
0.5,0.39804020100502513,0.8598808289107664,0.003982367241810225
0.5,0.4030150753768844,0.8613681897897477,0.003991921381841346
0.5,0.40798994974874375,0.8628242727307681,0.004001453155562107
0.5,0.41296482412060304,0.8642500544619993,0.004010961893238907
0.5,0.4179396984924623,0.8656464714549974,0.004020446982052173
0.5,0.4229145728643216,0.8670144219778295,0.004029907862092008
0.5,0.4278894472361809,0.8683547680238035,0.004039344022679359
0.5,0.4328643216080402,0.8696683371245061,0.004048754998920989
0.5,0.4378391959798995,0.870955924055166,0.004058140368558449
0.5,0.4428140703517588,0.8722182924397318,0.0040674997490268705
0.5,0.4477889447236181,0.8734561762624763,0.004076832794739582
0.5,0.4527638190954774,0.8746702812924186,0.004086139194551253
0.5,0.4577386934673367,0.8758612864263752,0.004095418669420647
0.5,0.462713567839196,0.8770298449560118,0.00410467097023548
0.5,0.46768844221105527,0.8781765857638666,0.004113895875777596
0.5,0.4726633165829146,0.879302114452949,0.004123093190850025
0.5,0.4776381909547739,0.8804070144141765,0.004132262744520165
0.5,0.4826130653266332,0.8814918478356059,0.004141404388487757
0.5,0.48758793969849246,0.8825571566571289,0.00415051799556565
0.5,0.49256281407035174,0.8836034634740395,0.004159603458265604
0.5,0.4975376884422111,0.8846312723926384,0.004168660687476677
0.5,0.5025125628140703,0.8856410698408202,0.004177689611233992
0.5,0.5074874371859297,0.8866333253363868,0.00418669017357054
0.5,0.512462311557789,0.8876084922156705,0.004195662333436934
0.5,0.5174371859296483,0.8885670083246283,0.004204606063709315
0.5,0.5224120603015076,0.8895092966750725,0.004213521350246996
0.5,0.5273869346733668,0.8904357660676521,0.004222408191014049
0.5,0.5323618090452261,0.8913468116837368,0.004231266595270178
0.5,0.5373366834170854,0.8922428156479604,0.004240096582794228
0.5,0.5423115577889447,0.8931241475631087,0.0042488981831732
0.5,0.5472864321608041,0.8939911650189228,0.00425767143513367
0.5,0.5522613065326634,0.8948442140762914,0.0042664163859083
0.5,0.5572361809045226,0.89568362972821,0.004275133090646754
0.5,0.5622110552763819,0.8965097363387963,0.004283821611872574
0.5,0.5671859296482412,0.8973228480615723,0.004292482018960708
0.5,0.5721608040201005,0.8981232692381457,0.004301114387649241
0.5,0.5771356783919598,0.8989112947783546,0.004309718799597517
0.5,0.5821105527638191,0.8996872105228728,0.0043182953419456105
0.5,0.5870854271356784,0.9004512935892123,0.004326844106925742
0.5,0.5920603015075377,0.901203812702005,0.004335365191486806
0.5,0.597035175879397,0.9019450285083884,0.004343858696933545
0.5,0.6020100502512563,0.9026751938792763,0.004352324728605472
0.5,0.6069849246231156,0.9033945541972407,0.004360763395565126
0.5,0.6119597989949749,0.9041033476317017,0.004369174810303633
0.5,0.6169346733668342,0.9048018054020665,0.004377559088470484
0.5,0.6219095477386934,0.9054901520294326,0.004385916348621288
0.5,0.6268844221105527,0.90616860557743,0.004394246711962424
0.5,0.6318592964824121,0.9068373778827447,0.00440255030213943
0.5,0.6368341708542714,0.907496674775837,0.004410827245017845
0.5,0.6418090452261307,0.908146696292335,0.004419077668482263
0.5,0.64678391959799,0.9087876368755652,0.004427301702256248
0.5,0.6517587939698493,0.9094196855706423,0.004435499477712934
0.5,0.6567336683417085,0.9100430262105351,0.0044436711277218155
0.5,0.6617085427135678,0.9106578375944866,0.004451816786488205
0.5,0.6666834170854271,0.9112642936591533,0.004459936589399582
0.5,0.6716582914572864,0.9118625636428104,0.004468030672905243
0.5,0.6766331658291458,0.9124528122429473,0.00447609917437064
0.5,0.6816080402010051,0.9130351997675594,0.004484142231965471
0.5,0.6865829145728644,0.913609882280433,0.004492159984544886
0.5,0.6915577889447236,0.9141770117406957,0.004500152571547789
0.5,0.6965326633165829,0.9147367361369323,0.004508120132891369
0.5,0.7015075376884422,0.9152891996159473,0.004516062808877841
0.5,0.7064824120603015,0.9158345426067163,0.004523980740108069
0.5,0.7114572864321608,0.9163729019394815,0.004531874067401187
0.5,0.7164321608040201,0.9169044109603055,0.004539742931707336
0.5,0.7214070351758795,0.9174291996412808,0.00454758747404127
0.5,0.7263819095477387,0.9179473946865833,0.004555407835416414
0.5,0.731356783919598,0.9184591196345496,0.0045632041567738035
0.5,0.7363316582914573,0.9189644949559512,0.004570976578927466
0.5,0.7413065326633166,0.9194636381486307,0.0045787252425038005
0.5,0.7462814070351759,0.9199566638286564,0.004586450287894062
0.5,0.7512562814070352,0.9204436838181409,0.004594151855199069
0.5,0.7562311557788944,0.92092480722987,0.004601830084187464
0.5,0.7612060301507538,0.921400140548873,0.004609485114253076
0.5,0.7661809045226131,0.9218697877110621,0.004617117084369626
0.5,0.7711557788944724,0.9223338501790668,0.00462472613305942
0.5,0.7761306532663317,0.9227924270153738,0.004632312398352489
0.5,0.781105527638191,0.9232456149528899,0.00463987601776239
0.5,0.7860804020100502,0.9236935084630268,0.004647417128245346
0.5,0.7910552763819095,0.9241361998214137,0.004654935866180265
0.5,0.7960301507537688,0.9245737791713308,0.004662432367336988
0.5,0.8010050251256281,0.9250063345849564,0.004669906766857412
0.5,0.8059798994974875,0.9254339521225153,0.004677359199230402
0.5,0.8109547738693468,0.9258567158894109,0.004684789798268252
0.5,0.8159296482412061,0.9262747080914215,0.004692198697093364
0.5,0.8209045226130653,0.926688009088037,0.004699586028114933
0.5,0.8258793969849246,0.9270966974440085,0.004706951923018066
0.5,0.8308542713567839,0.9275008499791788,0.004714296512742244
0.5,0.8358291457286432,0.9279005418166647,0.004721619927475995
0.5,0.8408040201005025,0.928295846429448,0.004728922296638904
0.5,0.8457788944723619,0.9286868356854414,0.004736203748866963
0.5,0.8507537688442212,0.9290735798910859,0.004743464412014342
0.5,0.8557286432160804,0.9294561478335333,0.004750704413129858
0.5,0.8607035175879397,0.9298346068214683,0.004757923878466519
0.5,0.865678391959799,0.9302090227246238,0.004765122933447996
0.5,0.8706532663316583,0.9305794600120326,0.0047723017026892744
0.5,0.8756281407035176,0.930945981789067,0.004779460309975558
0.5,0.8806030150753769,0.9313086498333075,0.004786598878260495
0.5,0.8855778894472361,0.9316675246292883,0.00479371752966351
0.5,0.8905527638190955,0.9320226654021532,0.004800816385463147
0.5,0.8955276381909548,0.9323741301502689,0.004807895566099507
0.5,0.9005025125628141,0.9327219756768288,0.004814955191164261
0.5,0.9054773869346734,0.9330662576204845,0.0048219953794064185
0.5,0.9104522613065327,0.9334070304850397,0.004829016248729667
0.5,0.915427135678392,0.933744347668279,0.0048360179161826
0.5,0.9204020100502512,0.9340782614897867,0.004843000497971817
0.5,0.9253768844221105,0.9344088232181031,0.004849964109453486
0.5,0.9303517587939698,0.9347360830969785,0.004856908865137122
0.5,0.9353266331658292,0.9350600903708473,0.00486383487868558
0.5,0.9403015075376885,0.9353808933095523,0.004870742262913286
0.5,0.9452763819095478,0.9356985392323387,0.004877631129794668
0.5,0.950251256281407,0.9360130745311431,0.004884501590461943
0.5,0.9552261306532663,0.9363245446931998,0.004891353755206884
0.5,0.9602010050251256,0.9366329943229907,0.004898187733482828
0.5,0.9651758793969849,0.9369384671635578,0.004905003633913552
0.5,0.9701507537688442,0.9372410061172016,0.004911801564285501
0.5,0.9751256281407036,0.9375406532655857,0.004918581631562446
0.5,0.9801005025125629,0.9378374498892668,0.00492534394188171
0.5,0.9850753768844221,0.9381314364866703,0.00493208860056038
0.5,0.9900502512562814,0.9384226527925279,0.004938815712097977
0.5,0.9950251256281407,0.9387111377957971,0.004945525380182669
0.5,1.0,0.9389969297570778,0.004952217707691942
0.5375,0.01,0.13461360303252246,0.006992215759917375
0.5375,0.014974874371859296,0.18888148242610248,0.005700527414523204
0.5375,0.019949748743718593,0.23672632149595815,0.0050038506485756695
0.5375,0.02492462311557789,0.2792283518402405,0.00456814410309847
0.5375,0.029899497487437185,0.3172372043577588,0.00427149362169299
0.5375,0.03487437185929648,0.3514308850651503,0.004058142802897846
0.5375,0.03984924623115578,0.3823572278795833,0.003898779736221547
0.5375,0.04482412060301508,0.4104637932884198,0.0037764494527179338
0.5375,0.049798994974874375,0.4361198543300406,0.0036806341697066536
0.5375,0.05477386934673367,0.45963282532010563,0.003604450582447516
0.5375,0.05974874371859297,0.4812607117922157,0.003543199144113718
0.5375,0.06472361809045227,0.5012216650458462,0.0034935591360265583
0.5375,0.06969849246231155,0.5197013990899833,0.003453116440573334
0.5375,0.07467336683417086,0.5368590087494249,0.0034200735104663593
0.5375,0.07964824120603015,0.5528315776185178,0.0033930642731487826
0.5375,0.08462311557788944,0.5677378600177769,0.003371032089186432
0.5375,0.08959798994974874,0.5816812472310553,0.003353146994306222
0.5375,0.09457286432160804,0.5947521753829559,0.0033387481925513107
0.5375,0.09954773869346734,0.6070300939418302,0.0033273032292902016
0.5375,0.10452261306532663,0.6185850856872112,0.003318378450149151
0.5375,0.10949748743718593,0.6294792081164804,0.003311617260792321
0.5375,0.11447236180904523,0.6397676106467388,0.0033067238824504575
0.5375,0.11944723618090453,0.6494994701675115,0.0033034510461380506
0.5375,0.12442211055276382,0.6587187785073858,0.003301590553818734
0.5375,0.12939698492462312,0.6674650084691792,0.0033009659559628535
0.5375,0.1343718592964824,0.6757736797402584,0.003301426811659569
0.5375,0.13934673366834172,0.6836768418148347,0.0033028441461722124
0.5375,0.144321608040201,0.6912034877918246,0.0033051068243536985
0.5375,0.1492964824120603,0.6983799103258458,0.0033081186316705757
0.5375,0.1542713567839196,0.7052300089534246,0.0033117959069737246
0.5375,0.1592462311557789,0.711775556373209,0.003316065609227703
0.5375,0.1642211055276382,0.7180364299380476,0.0033208637282871045
0.5375,0.1691959798994975,0.7240308135494121,0.003326133970509293
0.5375,0.17417085427135678,0.7297753742778618,0.003331826665424309
0.5375,0.1791457286432161,0.7352854173260032,0.0033378978514027047
0.5375,0.18412060301507538,0.7405750223707381,0.0033443085071425127
0.5375,0.18909547738693466,0.7456571638444132,0.003351023902643302
0.5375,0.19407035175879397,0.7505438173200496,0.0033580130486392523
0.5375,0.19904522613065326,0.7552460538385043,0.0033652482275527973
0.5375,0.20402010050251257,0.7597741237427219,0.003372704592314868
0.5375,0.20899497487437185,0.7641375313562531,0.00338035982190954
0.5375,0.21396984924623116,0.7683451016519172,0.0033881938245625687
0.5375,0.21894472361809045,0.7724050398954491,0.003396188481107343
0.5375,0.22391959798994976,0.7763249851129518,0.0034043274223576336
0.5375,0.22889447236180904,0.78011205811574,0.0034125958354040975
0.5375,0.23386934673366835,0.7837729047182258,0.0034209802945339707
0.5375,0.23884422110552764,0.7873137347010397,0.0034294686132754215
0.5375,0.24381909547738695,0.790740357000247,0.003438049714542979
0.5375,0.24879396984924623,0.7940582115423896,0.0034467135164015783
0.5375,0.2537688442211055,0.7972723980925648,0.003455450831288509
0.5375,0.25874371859296486,0.8003877024375052,0.003464253276938889
0.5375,0.26371859296482414,0.8034086201865658,0.003473113197438371
0.5375,0.2686934673366834,0.8063393784397037,0.0034820235931356525
0.5375,0.2736683417085427,0.8091839555422117,0.003490978058253491
0.5375,0.278643216080402,0.8119460991204579,0.00349997072527386
0.5375,0.28361809045226133,0.8146293425708152,0.003508996215243476
0.5375,0.2885929648241206,0.8172370201540751,0.003518049593302486
0.5375,0.2935678391959799,0.819772280830538,0.0035271263288059185
0.5375,0.2985427135678392,0.822238100958874,0.003536222259508115
0.5375,0.3035175879396985,0.8246372959635067,0.0035453335593365054
0.5375,0.3084924623115578,0.8269725310683974,0.003554456709359277
0.5375,0.3134673366834171,0.8292463311829507,0.003563588471580559
0.5375,0.31844221105527637,0.8314610900171727,0.003572725865259807
0.5375,0.3234170854271357,0.833619078495297,0.003581866145468071
0.5375,0.328391959798995,0.8357224525300746,0.003591006783664419
0.5375,0.3333668341708543,0.837773260213703,0.0036001454500593777
0.5375,0.33834170854271356,0.8397734484758402,0.00360927999759042
0.5375,0.34331658291457284,0.8417248692542195,0.003618408447343846
0.5375,0.3482914572864322,0.8436292852189933,0.0036275289752674134
0.5375,0.35326633165829147,0.845488375088018,0.00363663990006291
0.5375,0.35824120603015075,0.8473037385667803,0.0036457396721114588
0.5375,0.36321608040201003,0.8490769009435367,0.0036548268633733727
0.5375,0.36819095477386937,0.850809317367419,0.0036639001581344477
0.5375,0.37316582914572866,0.8525023768347376,0.0036729583445225256
0.5375,0.37814070351758794,0.8541574059064432,0.003682000306745925
0.5375,0.3831155778894472,0.8557756721776676,0.0036910250179522652
0.5375,0.38809045226130656,0.8573583875184209,0.0037000315336823686
0.5375,0.39306532663316585,0.8589067111028672,0.0037090189858448586
0.5375,0.39804020100502513,0.8604217522430964,0.003717986577162824
0.5375,0.4030150753768844,0.8619045730419584,0.0037269335760821143
0.5375,0.40798994974874375,0.8633561908782978,0.0037358593120480066
0.5375,0.41296482412060304,0.8647775807368123,0.003744763171169785
0.5375,0.4179396984924623,0.8661696773937537,0.003753644592214611
0.5375,0.4229145728643216,0.8675333774687729,0.0037625030628856138
0.5375,0.4278894472361809,0.8688695413524042,0.0037713381164172777
0.5375,0.4328643216080402,0.8701789950179529,0.003780149328383997
0.5375,0.4378391959798995,0.871462531725132,0.0037889363137761922
0.5375,0.4428140703517588,0.8727209136244254,0.003797698724280041
0.5375,0.4477889447236181,0.8739548732673126,0.0038064362457459477
0.5375,0.4527638190954774,0.8751651150295089,0.003815148595860407
0.5375,0.4577386934673367,0.8763523164528568,0.0038238355219586406
0.5375,0.462713567839196,0.8775171295112454,0.003832496799026419
0.5375,0.46768844221105527,0.8786601818055271,0.003841132227800692
0.5375,0.4726633165829146,0.879782077692037,0.0038497416330496304
0.5375,0.4776381909547739,0.8808833993489783,0.003858324861927054
0.5375,0.4826130653266332,0.8819647077846301,0.0038668817824756285
0.5375,0.48758793969849246,0.8830265437910468,0.0038754122822211023
0.5375,0.49256281407035174,0.8840694288466573,0.0038839162668462546
0.5375,0.4975376884422111,0.8850938659709291,0.0038923936589885244
0.5375,0.5025125628140703,0.8861003405340432,0.0039008443970829365
0.5375,0.5074874371859297,0.887089321024317,0.00390926843430317
0.5375,0.512462311557789,0.888061259775928,0.003917665737574794
0.5375,0.5174371859296483,0.8890165936593099,0.003926036286636014
0.5375,0.5224120603015076,0.8899557447364412,0.003934380073182364
0.5375,0.5273869346733668,0.8908791208830875,0.003942697100049353
0.5375,0.5323618090452261,0.8917871163799278,0.0039509873804561835
0.5375,0.5373366834170854,0.8926801124743642,0.003959250937299874
0.5375,0.5423115577889447,0.8935584779146997,0.003967487802490233
0.5375,0.5472864321608041,0.894422569458252,0.003975698016329909
0.5375,0.5522613065326634,0.8952727323548828,0.0039838816269333055
0.5375,0.5572361809045226,0.8961093008073093,0.003992038689684563
0.5375,0.5622110552763819,0.8969325984094989,0.00400016926672353
0.5375,0.5671859296482412,0.8977429385643472,0.004008273426475473
0.5375,0.5721608040201005,0.8985406248817752,0.0040163512431963255
0.5375,0.5771356783919598,0.8993259515583101,0.004024402796555249
0.5375,0.5821105527638191,0.9000992037391442,0.004032428171246938
0.5375,0.5870854271356784,0.9008606578636095,0.004040427456616147
0.5375,0.5920603015075377,0.9016105819950805,0.0040484007463081895
0.5375,0.597035175879397,0.902349236135499,0.004056348137954746
0.5375,0.6020100502512563,0.9030768725264937,0.004064269732863002
0.5375,0.6069849246231156,0.9037937359367177,0.004072165635728764
0.5375,0.6119597989949749,0.90450006393658,0.004080035954367789
0.5375,0.6169346733668342,0.9051960871609508,0.004087880799468424
0.5375,0.6219095477386934,0.9058820295604476,0.004095700284351578
0.5375,0.6268844221105527,0.9065581086418705,0.0041034945247448995
0.5375,0.6318592964824121,0.9072245356983353,0.004111263638578944
0.5375,0.6368341708542714,0.9078815160296112,0.00411900774579399
0.5375,0.6418090452261307,0.9085292491531485,0.004126726968145089
0.5375,0.64678391959799,0.9091679290062529,0.004134421429038859
0.5375,0.6517587939698493,0.9097977441398326,0.004142091253368285
0.5375,0.6567336683417085,0.9104188779041312,0.0041497365673588416
0.5375,0.6617085427135678,0.911031508626826,0.004157357498425718
0.5375,0.6666834170854271,0.9116358097838551,0.004164954175038815
0.5375,0.6716582914572864,0.9122319501633217,0.004172526726596848
0.5375,0.6766331658291458,0.9128200940227968,0.004180075283309215
0.5375,0.6816080402010051,0.9134004012403292,0.004187599976085421
0.5375,0.6865829145728644,0.9139730274594551,0.004195100936424501
0.5375,0.6915577889447236,0.9145381242284844,0.004202578296328641
0.5375,0.6965326633165829,0.9150958391343232,0.004210032188195045
0.5375,0.7015075376884422,0.9156463159310849,0.004217462744741329
0.5375,0.7064824120603015,0.9161896946637184,0.004224870098920919
0.5375,0.7114572864321608,0.9167261117868861,0.004232254383847778
0.5375,0.7164321608040201,0.9172557002792965,0.004239615732720914
0.5375,0.7214070351758795,0.9177785897536939,0.004246954278762205
0.5375,0.7263819095477387,0.9182949065626996,0.004254270155153783
0.5375,0.731356783919598,0.9188047739006838,0.004261563494972753
0.5375,0.7363316582914573,0.9193083119018393,0.0042688344311438975
0.5375,0.7413065326633166,0.9198056377346248,0.0042760830963843866
0.5375,0.7462814070351759,0.9202968656927308,0.0042833096231598144
0.5375,0.7512562814070352,0.9207821072827181,0.004290514143624469
0.5375,0.7562311557788944,0.9212614713084688,0.004297696789603123
0.5375,0.7612060301507538,0.9217350639525851,0.004304857692534858
0.5375,0.7661809045226131,0.9222029888548637,0.004311996983436206
0.5375,0.7711557788944724,0.9226653471879689,0.004319114792876277
0.5375,0.7761306532663317,0.9231222377304631,0.00432621125093946
0.5375,0.781105527638191,0.9235737569371584,0.004333286487193888
0.5375,0.7860804020100502,0.924019999006967,0.0043403406306661285
0.5375,0.7910552763819095,0.9244610559486373,0.004347373809822308
0.5375,0.7960301507537688,0.9248970176439824,0.0043543861525272565
0.5375,0.8010050251256281,0.9253279719089929,0.0043613777860427305
0.5375,0.8059798994974875,0.9257540045528534,0.004368348836993885
0.5375,0.8109547738693468,0.9261751994349493,0.004375299431352175
0.5375,0.8159296482412061,0.9265916385199386,0.004382229694426032
0.5375,0.8209045226130653,0.9270034019309695,0.004389139750832882
0.5375,0.8258793969849246,0.9274105680011137,0.004396029724493378
0.5375,0.8308542713567839,0.9278132133230836,0.004402899738616517
0.5375,0.8358291457286432,0.9282114127973053,0.004409749915686767
0.5375,0.8408040201005025,0.9286052396784028,0.0044165803774500745
0.5375,0.8457788944723619,0.9289947656201603,0.004423391244909425
0.5375,0.8507537688442212,0.9293800607190185,0.004430182638310187
0.5375,0.8557286432160804,0.9297611935561598,0.004436954677137894
0.5375,0.8607035175879397,0.9301382312382355,0.004443707480105363
0.5375,0.865678391959799,0.9305112394367869,0.004450441165151808
0.5375,0.8706532663316583,0.9308802824264094,0.004457155849430183
0.5375,0.8756281407035176,0.9312454231217024,0.004463851649307626
0.5375,0.8806030150753769,0.9316067231130549,0.004470528680362795
0.5375,0.8855778894472361,0.9319642427013063,0.004477187057375209
0.5375,0.8905527638190955,0.9323180409313234,0.004483826894329468
0.5375,0.8955276381909548,0.9326681756245345,0.004490448304408146
0.5375,0.9005025125628141,0.9330147034104571,0.004497051399994234
0.5375,0.9054773869346734,0.9333576797572557,0.004503636292663815
0.5375,0.9104522613065327,0.933697159001363,0.004510203093190279
0.5375,0.915427135678392,0.9340331943762018,0.0045167519115438814
0.5375,0.9204020100502512,0.9343658380400333,0.004523282856888633
0.5375,0.9253768844221105,0.934695141102968,0.004529796037583189
0.5375,0.9303517587939698,0.9350211536531655,0.004536291561187511
0.5375,0.9353266331658292,0.935343924782253,0.004542769534452429
0.5375,0.9403015075376885,0.9356635026099877,0.004549230063334075
0.5375,0.9452763819095478,0.9359799343081906,0.0045556732529865585
0.5375,0.950251256281407,0.9362932661239785,0.004562099207769732
0.5375,0.9552261306532663,0.9366035434023117,0.004568508031244312
0.5375,0.9602010050251256,0.9369108106078903,0.004574899826183643
0.5375,0.9651758793969849,0.9372151113464117,0.0045812746945694816
0.5375,0.9701507537688442,0.9375164883852168,0.004587632737600655
0.5375,0.9751256281407036,0.9378149836733436,0.0045939740556906195
0.5375,0.9801005025125629,0.9381106383610069,0.004600298748473897
0.5375,0.9850753768844221,0.9384034928185259,0.004606606914809852
0.5375,0.9900502512562814,0.9386935866547134,0.004612898652785358
0.5375,0.9950251256281407,0.9389809587347503,0.004619174059723452
0.5375,1.0,0.9392656471976712,0.004625433232180898
0.575,0.01,0.1350845522947534,0.006539560936112521
0.575,0.014974874371859296,0.18950645710819033,0.005332753464292406
0.575,0.019949748743718593,0.23746815080552813,0.004681955774638924
0.575,0.02492462311557789,0.2800588400800717,0.004275024126188631
0.575,0.029899497487437185,0.3181347481464002,0.003998031639782962
0.575,0.03487437185929648,0.35237877508451104,0.003798873205189013
0.575,0.03984924623115578,0.3833424400360637,0.003650156580228492
0.575,0.04482412060301508,0.4114761102714422,0.0035360376640942714
0.575,0.049798994974874375,0.4371512168786197,0.003446688193122105
0.575,0.05477386934673367,0.4606768473813993,0.003375676412564532
0.575,0.05974874371859297,0.48231231456461027,0.003318611282303152
0.575,0.06472361809045227,0.5022767982750518,0.003272390230060429
0.575,0.06969849246231155,0.5207568270392774,0.003234757842232927
0.575,0.07467336683417086,0.5379121445447228,0.003204034829239477
0.575,0.07964824120603015,0.5538803540870907,0.003178945057720872
0.575,0.08462311557788944,0.5687806282819493,0.00315850150837349
0.575,0.08959798994974874,0.5827166965744002,0.0031419289446465992
0.575,0.09457286432160804,0.5957792695406267,0.003128610178228186
0.575,0.09954773869346734,0.6080480201602835,0.003118047921287559
0.575,0.10452261306532663,0.6195932137775819,0.0031098371847861905
0.575,0.10949748743718593,0.6304770573783031,0.003103644966070185
0.575,0.11447236180904523,0.6407548230266171,0.0030991950717147443
0.575,0.11944723618090453,0.6504757883848561,0.0030962566205994246
0.575,0.12442211055276382,0.659684028158116,0.003094635225750597
0.575,0.12939698492462312,0.6684190833311586,0.0030941661536036946
0.575,0.1343718592964824,0.6767165296678305,0.0030947089618735824
0.575,0.13934673366834172,0.6846084627363374,0.003096143256197559
0.575,0.144321608040201,0.6921239134223555,0.0030983653024263536
0.575,0.1492964824120603,0.6992892052845257,0.0031012853000151885
0.575,0.1542713567839196,0.7061282630349364,0.003104825170861858
0.575,0.1592462311557789,0.7126628797712433,0.0031089167535436335
0.575,0.1642211055276382,0.7189129492562989,0.003113500318985052
0.575,0.1691959798994975,0.7248966684661139,0.003118523342827695
0.575,0.17417085427135678,0.7306307147541743,0.0031239394843274315
0.575,0.1791457286432161,0.7361304012681594,0.003129707732437259
0.575,0.18412060301507538,0.741409813671692,0.0031357916881122883
0.575,0.18909547738693466,0.7464819307435915,0.0031421589582119047
0.575,0.19407035175879397,0.7513587310302868,0.0031487806413648123
0.575,0.19904522613065326,0.7560512873978048,0.0031556308899844954
0.575,0.20402010050251257,0.7605698510555249,0.003162686535668646
0.575,0.20899497487437185,0.7649239263946618,0.0031699267675706633
0.575,0.21396984924623116,0.7691223377921326,0.0031773328552733293
0.575,0.21894472361809045,0.7731732893686072,0.003184887909178924
0.575,0.22391959798994976,0.7770844185529827,0.0031925766726723648
0.575,0.22889447236180904,0.7808628441898117,0.0032003853412660987
0.575,0.23386934673366835,0.7845152098247846,0.0032083014047734615
0.575,0.23884422110552764,0.7880477227290283,0.003216313509180946
0.575,0.24381909547738695,0.7914661891377051,0.003224411335438493
0.575,0.24879396984924623,0.7947760461275202,0.0032325854928223485
0.575,0.2537688442211055,0.7979823905007859,0.003240827424878301
0.575,0.25874371859296486,0.80109000499897,0.0032491293262726373
0.575,0.26371859296482414,0.8041033821294452,0.0032574840691246276
0.575,0.2686934673366834,0.8070267458552192,0.0032658851375766407
0.575,0.2736683417085427,0.8098640713679867,0.003274326569585151
0.575,0.278643216080402,0.8126191031392579,0.0032828029050211427
0.575,0.28361809045226133,0.8152953714220225,0.0032913091392852145
0.575,0.2885929648241206,0.8178962073559428,0.003299840681825872
0.575,0.2935678391959799,0.8204247568120473,0.0033083933189184123
0.575,0.2985427135678392,0.8228839930979691,0.003316963180257204
0.575,0.3035175879396985,0.8252767286316686,0.0033255467088870727
0.575,0.3084924623115578,0.8276056256800501,0.0033341406341111934
0.575,0.3134673366834171,0.8298732062487187,0.003342741947057304
0.575,0.31844221105527637,0.8320818612001475,0.003351347878573163
0.575,0.3234170854271357,0.8342338586695945,0.003359955879233878
0.575,0.328391959798995,0.8363313518410725,0.0033685636012286135
0.575,0.3333668341708543,0.838376386139437,0.0033771688818939882
0.575,0.33834170854271356,0.8403709058891156,0.0033857697287911215
0.575,0.34331658291457284,0.8423167604850655,0.0033943643060891926
0.575,0.3482914572864322,0.8442157101171417,0.003402950922191339
0.575,0.35326633165829147,0.8460694310851403,0.003411528018428589
0.575,0.35824120603015075,0.8478795207385535,0.0034200941587529954
0.575,0.36321608040201003,0.8496475020706387,0.0034286480203049585
0.575,0.36819095477386937,0.8513748279953298,0.003437188384784795
0.575,0.37316582914572866,0.8530628853334962,0.0034457141305570538
0.575,0.37814070351758794,0.8547129985290075,0.003454224225404534
0.575,0.3831155778894472,0.8563264331171617,0.0034627177198742753
0.575,0.38809045226130656,0.8579043989642055,0.003471193741180434
0.575,0.39306532663316585,0.8594480532953845,0.0034796514875750084
0.575,0.39804020100502513,0.8609585035274542,0.0034880902231946287
0.575,0.4030150753768844,0.862436809920227,0.003496509273294146
0.575,0.40798994974874375,0.8638839880605058,0.0035049080198550353
0.575,0.41296482412060304,0.8653010111906342,0.003513285897549512
0.575,0.4179396984924623,0.8666888123928874,0.0035216423899953053
0.575,0.4229145728643216,0.868048286640013,0.0035299770263022
0.575,0.4278894472361809,0.8693802927213917,0.003538289377889914
0.575,0.4328643216080402,0.8706856550535341,0.00354657905552469
0.575,0.4378391959798995,0.8719651653829346,0.003554845706588372
0.575,0.4428140703517588,0.87321958438868,0.0035630890125444292
0.575,0.4477889447236181,0.8744496431916277,0.003571308686590724
0.575,0.4527638190954774,0.8756560447764485,0.003579504471475259
0.575,0.4577386934673367,0.8768394653323497,0.0035876761374808996
0.575,0.462713567839196,0.8780005555178493,0.003595823480537108
0.575,0.46768844221105527,0.8791399416545784,0.003603946320482665
0.575,0.4726633165829146,0.8802582268547112,0.003612044499438083
0.575,0.4776381909547739,0.8813559920862922,0.0036201178802917067
0.575,0.4826130653266332,0.8824337971804117,0.0036281663452990554
0.575,0.48758793969849246,0.8834921817839035,0.003636189794770095
0.575,0.49256281407035174,0.88453166626097,0.003644188145853322
0.575,0.4975376884422111,0.8855527525470732,0.0036521613313942325
0.575,0.5025125628140703,0.8865559249574605,0.003660109298872616
0.575,0.5074874371859297,0.8875416509534196,0.0036680320094173435
0.575,0.512462311557789,0.8885103818697031,0.0036759294368795548
0.575,0.5174371859296483,0.8894625536038601,0.0036838015669733437
0.575,0.5224120603015076,0.8903985872707136,0.003691648396465963
0.575,0.5273869346733668,0.8913188898238174,0.0036994699324266467
0.575,0.5323618090452261,0.8922238546458209,0.003707266191523839
0.575,0.5373366834170854,0.8931138621095449,0.0037150371993606157
0.575,0.5423115577889447,0.8939892801114431,0.0037227829898682785
0.575,0.5472864321608041,0.8948504645790297,0.0037305036047226015
0.575,0.5522613065326634,0.8956977599537375,0.003738199092804928
0.575,0.5572361809045226,0.8965314996505869,0.003745869509698796
0.575,0.5622110552763819,0.8973520064959533,0.003753514917216094
0.575,0.5671859296482412,0.8981595931446414,0.003761135382954972
0.575,0.5721608040201005,0.8989545624773984,0.003768730979881507
0.575,0.5771356783919598,0.8997372079799281,0.003776301785939351
0.575,0.5821105527638191,0.9005078141044034,0.0037838478836891287
0.575,0.5870854271356784,0.9012666566144119,0.003791369359966934
0.575,0.5920603015075377,0.9020140029142136,0.0037988663055503746
0.575,0.597035175879397,0.902750112363139,0.0038063388148761312
0.575,0.6020100502512563,0.903475236575901,0.003813786985737533
0.575,0.6069849246231156,0.9041896197095534,0.003821210919042972
0.575,0.6119597989949749,0.9048934987377835,0.0038286107185396823
0.575,0.6169346733668342,0.9055871037131868,0.0038359864906001295
0.575,0.6219095477386934,0.9062706580181319,0.0038433383439964164
0.575,0.6268844221105527,0.9069443786047913,0.0038506663896908933
0.575,0.6318592964824121,0.9076084762248829,0.0038579707406463104
0.575,0.6368341708542714,0.9082631556496278,0.0038652515116457398
0.575,0.6418090452261307,0.9089086158804112,0.003872508819118048
0.575,0.64678391959799,0.9095450503506014,0.003879742780979578
0.575,0.6517587939698493,0.9101726471189544,0.003886953516482272
0.575,0.6567336683417085,0.9107915890551778,0.003894141146080221
0.575,0.6617085427135678,0.9114020540173877,0.003901305791282672
0.575,0.6666834170854271,0.9120042150226406,0.0039084475745412295
0.575,0.6716582914572864,0.912598240410809,0.0039155666191275085
0.575,0.6766331658291458,0.9131842940014587,0.003922663049029218
0.575,0.6816080402010051,0.9137625352445762,0.0039297369888384726
0.575,0.6865829145728644,0.9143331193653046,0.00393678856366253
0.575,0.6915577889447236,0.9148961975029656,0.003943817899030533
0.575,0.6965326633165829,0.9154519168446243,0.003950825120806245
0.575,0.7015075376884422,0.9160004207534522,0.003957810355111002
0.575,0.7064824120603015,0.9165418488921151,0.003964773728244886
0.575,0.7114572864321608,0.9170763373414184,0.003971715366627215
0.575,0.7164321608040201,0.917604018714411,0.003978635396714836
0.575,0.7214070351758795,0.9181250222661594,0.003985533944954156
0.575,0.7263819095477387,0.9186394739993756,0.003992411137712759
0.575,0.731356783919598,0.9191474967660819,0.0039992671012356595
0.575,0.7363316582914573,0.9196492103654872,0.004006101961584907
0.575,0.7413065326633166,0.9201447316382363,0.0040129158446007285
0.575,0.7462814070351759,0.9206341745571887,0.004019708875851125
0.575,0.7512562814070352,0.9211176503148749,0.0040264811805943435
0.575,0.7562311557788944,0.9215952674077716,0.0040332328837360265
0.575,0.7612060301507538,0.9220671317175303,0.004039964109799232
0.575,0.7661809045226131,0.922533346589285,0.004046674982884468
0.575,0.7711557788944724,0.9229940129071649,0.0040533656266446005
0.575,0.7761306532663317,0.9234492291671219,0.004060036164250658
0.575,0.781105527638191,0.9238990915471904,0.004066686718367185
0.575,0.7860804020100502,0.9243436939752786,0.0040733174111244885
0.575,0.7910552763819095,0.9247831281945953,0.0040799283641030915
0.575,0.7960301507537688,0.9252174838268064,0.0040865196983022045
0.575,0.8010050251256281,0.9256468484330136,0.004093091534126181
0.575,0.8059798994974875,0.9260713075726411,0.0040996439913612015
0.575,0.8109547738693468,0.9264909448603148,0.004106177189164395
0.575,0.8159296482412061,0.926905842020812,0.00411269124604452
0.575,0.8209045226130653,0.9273160789421595,0.004119186279846643
0.575,0.8258793969849246,0.9277217337269504,0.004125662407743702
0.575,0.8308542713567839,0.9281228827419495,0.0041321197462156345
0.575,0.8358291457286432,0.9285196006660563,0.0041385584110491536
0.575,0.8408040201005025,0.9289119605367484,0.0041449785173226505
0.575,0.8457788944723619,0.9293000337949432,0.0041513801793964245
0.575,0.8507537688442212,0.9296838903280231,0.004157763510904466
0.575,0.8557286432160804,0.930063598512297,0.004164128624750907
0.575,0.8607035175879397,0.9304392252534613,0.004170475633096693
0.575,0.865678391959799,0.9308108360259293,0.004176804647364252
0.575,0.8706532663316583,0.9311784949109045,0.004183115778226387
0.575,0.8756281407035176,0.9315422646332445,0.004189409135595845
0.575,0.8806030150753769,0.9319022065971609,0.004195684828639967
0.575,0.8855778894472361,0.9322583809207982,0.0042019429657549345
0.575,0.8905527638190955,0.9326108464697298,0.0042081836545802
0.575,0.8955276381909548,0.9329596608894152,0.0042144070019958235
0.575,0.9005025125628141,0.9333048806366504,0.004220613114104044
0.575,0.9054773869346734,0.9336465610100528,0.004226802096252591
0.575,0.9104522613065327,0.9339847561796103,0.004232974053016703
0.575,0.915427135678392,0.9343195192153326,0.004239129088202009
0.575,0.9204020100502512,0.9346509021150319,0.004245267304855194
0.575,0.9253768844221105,0.9349789558312676,0.004251388805250889
0.575,0.9303517587939698,0.9353037302974809,0.00425749369090167
0.575,0.9353266331658292,0.9356252744533511,0.004263582062551841
0.575,0.9403015075376885,0.9359436362693961,0.00426965402019186
0.575,0.9452763819095478,0.9362588627708479,0.004275709663044358
0.575,0.950251256281407,0.9365710000608239,0.004281749089579012
0.575,0.9552261306532663,0.9368800933428214,0.004287772397509215
0.575,0.9602010050251256,0.9371861869425558,0.004293779683794519
0.575,0.9651758793969849,0.9374893243291661,0.0042997710446468496
0.575,0.9701507537688442,0.9377895481358087,0.004305746575527403
0.575,0.9751256281407036,0.9380869001796589,0.004311706371159074
0.575,0.9801005025125629,0.9383814214813424,0.004317650525522687
0.575,0.9850753768844221,0.938673152283813,0.0043235791318614325
0.575,0.9900502512562814,0.9389621320706961,0.0043294922826881965
0.575,0.9950251256281407,0.9392483995841158,0.004335390069786449
0.575,1.0,0.9395319928420215,0.004341272584215572
0.6124999999999999,0.01,0.13555406975120218,0.006142260704581792
0.6124999999999999,0.014974874371859296,0.1901294436275701,0.005009985093672009
0.6124999999999999,0.019949748743718593,0.2382074766299785,0.004399466477347458
0.6124999999999999,0.02492462311557789,0.2808863483379386,0.004017792214685345
0.6124999999999999,0.029899497487437185,0.3190288989378089,0.003758052497480735
0.6124999999999999,0.03487437185929648,0.35332292635978046,0.0035713492517930323
0.6124999999999999,0.03984924623115578,0.38432362662262887,0.0034319757208174373
0.6124999999999999,0.04482412060301508,0.41248416274553756,0.003325062891738506
0.6124999999999999,0.049798994974874375,0.4381781140357099,0.0032413876525712038
0.6124999999999999,0.05477386934673367,0.4617162334952553,0.0031749145232300435
0.6124999999999999,0.05974874371859297,0.4833591353628246,0.0031215231993173553
0.6124999999999999,0.06472361809045227,0.5033270237502608,0.003078302546061229
0.6124999999999999,0.06969849246231155,0.5218072385311596,0.0030431364230696367
0.6124999999999999,0.07467336683417086,0.5389601698738022,0.0030144493200530142
0.6124999999999999,0.07964824120603015,0.5549239389435923,0.0029910440317622022
0.6124999999999999,0.08462311557788944,0.5698181352007411,0.0029719946357706917
0.6124999999999999,0.08959798994974874,0.5837468250660879,0.00295657392331794
0.6124999999999999,0.09457286432160804,0.5968009925682363,0.0029442029752297927
0.6124999999999999,0.09954773869346734,0.6090605333331348,0.002934415365354548
0.6124999999999999,0.10452261306532663,0.6205958945045339,0.0029268312607844127
0.6124999999999999,0.10949748743718593,0.6314694318689598,0.0029211383624752063
0.6124999999999999,0.11447236180904523,0.6417365395128409,0.002917077664715828
0.6124999999999999,0.11944723618090453,0.6514465952996608,0.002914432668056577
0.6124999999999999,0.12442211055276382,0.6606437562859387,0.002913021105833913
0.6124999999999999,0.12939698492462312,0.6693676311551905,0.002912688526164109
0.6124999999999999,0.1343718592964824,0.6776538513029252,0.0029133032613410936
0.6124999999999999,0.13934673366834172,0.6855345579620515,0.0029147524469366193
0.6124999999999999,0.144321608040201,0.6930388194287885,0.0029169388437417787
0.6124999999999999,0.1492964824120603,0.7001929898204372,0.0029197782799712524
0.6124999999999999,0.1542713567839196,0.7070210187080598,0.002923197577049841
0.6124999999999999,0.1592462311557789,0.713544719298524,0.0029271328557829435
0.6124999999999999,0.1642211055276382,0.719784001499783,0.0029315281440254193
0.6124999999999999,0.1691959798994975,0.7257570751190018,0.002936334225238202
0.6124999999999999,0.17417085427135678,0.7314806275729743,0.0029415076807417506
0.6124999999999999,0.1791457286432161,0.7369699797544477,0.002947010088833135
0.6124999999999999,0.18412060301507538,0.7422392231310039,0.00295280735166914
0.6124999999999999,0.18909547738693466,0.747301340661771,0.002958869126858943
0.6124999999999999,0.19407035175879397,0.7521683137156298,0.0029651683452978084
0.6124999999999999,0.19904522613065326,0.7568512168467354,0.0029716808004398576
0.6124999999999999,0.20402010050251257,0.7613603020065728,0.0029783847970139554
0.6124999999999999,0.20899497487437185,0.7657050735412912,0.0029852608494451705
0.6124999999999999,0.21396984924623116,0.7698943551297511,0.0029922914219882024
0.6124999999999999,0.21894472361809045,0.7739363496550355,0.002999460704073087
0.6124999999999999,0.22391959798994976,0.7778386928648171,0.003006754415427082
0.6124999999999999,0.22889447236180904,0.7816085015596387,0.0030141596365160783
0.6124999999999999,0.23386934673366835,0.7852524169493276,0.003021664660579848
0.6124999999999999,0.23884422110552764,0.7887766437335589,0.0030292588641380735
0.6124999999999999,0.24381909547738695,0.7921869853906355,0.003036932593360353
0.6124999999999999,0.24879396984924623,0.795488876096913,0.0030446770641003873
0.6124999999999999,0.2537688442211055,0.7986874096463524,0.0030524842737358338
0.6124999999999999,0.25874371859296486,0.801787365694084,0.00306034692323065
0.6124999999999999,0.26371859296482414,0.8047932336085094,0.003068258348071895
0.6124999999999999,0.2686934673366834,0.807709234182407,0.003076212456968541
0.6124999999999999,0.2736683417085427,0.8105393394239652,0.0030842036772740222
0.6124999999999999,0.278643216080402,0.8132872906229905,0.003092226906363349
0.6124999999999999,0.28361809045226133,0.8159566148651745,0.0031002774681596623
0.6124999999999999,0.2885929648241206,0.8185506401477689,0.0031083510742566656
0.6124999999999999,0.2935678391959799,0.8210725092330907,0.0031164437890498498
0.6124999999999999,0.2985427135678392,0.8235251923611557,0.0031245519984295367
0.6124999999999999,0.3035175879396985,0.8259114989276911,0.0031326723815974233
0.6124999999999999,0.3084924623115578,0.8282340882290486,0.003140801885703759
0.6124999999999999,0.3134673366834171,0.830495479355108,0.0031489377029398913
0.6124999999999999,0.31844221105527637,0.8326980603103116,0.003157077249836382
0.6124999999999999,0.3234170854271357,0.8348440964317416,0.0031652181485413156
0.6124999999999999,0.328391959798995,0.8369357381666518,0.0031733582098301127
0.6124999999999999,0.3333668341708543,0.838975028265606,0.003181495417717617
0.6124999999999999,0.33834170854271356,0.8409639084418267,0.003189627915443527
0.6124999999999999,0.34331658291457284,0.8429042255424037,0.0031977539927499077
0.6124999999999999,0.3482914572864322,0.844797737272607,0.003205872074269145
0.6124999999999999,0.35326633165829147,0.8466461175106145,0.0032139807089546224
0.6124999999999999,0.35824120603015075,0.848450961246443,0.003222078560418007
0.6124999999999999,0.36321608040201003,0.8502137891757267,0.0032301643980974237
0.6124999999999999,0.36819095477386937,0.8519360519761588,0.0032382370891892442
0.6124999999999999,0.37316582914572866,0.8536191342918864,0.003246295591241566
0.6124999999999999,0.37814070351758794,0.8552643584488616,0.0032543389453807414
0.6124999999999999,0.3831155778894472,0.8568729879221159,0.0032623662700761447
0.6124999999999999,0.38809045226130656,0.8584462305740634,0.00327037675543429
0.6124999999999999,0.39306532663316585,0.8599852416812915,0.00327836965794015
0.6124999999999999,0.39804020100502513,0.8614911267657772,0.003286344295615251
0.6124999999999999,0.4030150753768844,0.8629649442451193,0.003294300043565457
0.6124999999999999,0.40798994974874375,0.8644077079151432,0.0033022363298855772
0.6124999999999999,0.41296482412060304,0.8658203892771176,0.003310152631856411
0.6124999999999999,0.4179396984924623,0.8672039197212515,0.003318048472459756
0.6124999999999999,0.4229145728643216,0.8685591925750162,0.0033259234171447716
0.6124999999999999,0.4278894472361809,0.8698870650281741,0.003333777070839261
0.6124999999999999,0.4328643216080402,0.87118835994256,0.003341609075192542
0.6124999999999999,0.4378391959798995,0.8724638675533515,0.003349419106008833
0.6124999999999999,0.4428140703517588,0.8737143470704207,0.0033572068708900282
0.6124999999999999,0.4477889447236181,0.8749405281862789,0.0033649721070256877
0.6124999999999999,0.4527638190954774,0.8761431124969127,0.0033727145791637714
0.6124999999999999,0.4577386934673367,0.8773227748413249,0.003380434077718153
0.6124999999999999,0.462713567839196,0.8784801645651568,0.003388130417006918
0.6124999999999999,0.46768844221105527,0.8796159067133638,0.0033958034336236675
0.6124999999999999,0.4726633165829146,0.8807306031565505,0.0034034529849211737
0.6124999999999999,0.4776381909547739,0.8818248336552306,0.0034110789475978454
0.6124999999999999,0.4826130653266332,0.882899156865964,0.0034186812163781166
0.6124999999999999,0.48758793969849246,0.8839541112930462,0.0034262597027989727
0.6124999999999999,0.49256281407035174,0.8849902161891536,0.0034338143340608696
0.6124999999999999,0.4975376884422111,0.8860079724081108,0.003441345051971023
0.6124999999999999,0.5025125628140703,0.8870078632127238,0.0034488518119470957
0.6124999999999999,0.5074874371859297,0.8879903550404199,0.003456334582100151
0.6124999999999999,0.512462311557789,0.888955898229238,0.0034637933423631306
0.6124999999999999,0.5174371859296483,0.8899049277065504,0.003471228083685718
0.6124999999999999,0.5224120603015076,0.8908378636427239,0.0034786388072942653
0.6124999999999999,0.5273869346733668,0.8917551120717905,0.003486025523970815
0.6124999999999999,0.5323618090452261,0.892657065481048,0.0034933882534087246
0.6124999999999999,0.5373366834170854,0.8935441033713968,0.003500727023591166
0.6124999999999999,0.5423115577889447,0.8944165927900878,0.0035080418702189142
0.6124999999999999,0.5472864321608041,0.8952748888374572,0.003515332836174112
0.6124999999999999,0.5522613065326634,0.8961193351493669,0.0035225999710142286
0.6124999999999999,0.5572361809045226,0.8969502643558253,0.003529843330498217
0.6124999999999999,0.5622110552763819,0.8977679985179017,0.0035370629761490857
0.6124999999999999,0.5671859296482412,0.898572849544853,0.0035442589748386766
0.6124999999999999,0.5721608040201005,0.8993651195907698,0.0035514313984004175
0.6124999999999999,0.5771356783919598,0.9001451014330237,0.003558580323264504
0.6124999999999999,0.5821105527638191,0.900913078833233,0.003565705830122834
0.6124999999999999,0.5870854271356784,0.9016693268816773,0.0035728080036039334
0.6124999999999999,0.5920603015075377,0.9024141123260442,0.00357988693197564
0.6124999999999999,0.597035175879397,0.9031476938853308,0.0035869427068635495
0.6124999999999999,0.6020100502512563,0.9038703225496775,0.0035939754229903365
0.6124999999999999,0.6069849246231156,0.9045822418668624,0.003600985177923288
0.6124999999999999,0.6119597989949749,0.9052836882161477,0.003607972071850707
0.6124999999999999,0.6169346733668342,0.9059748910701181,0.0036149362073583102
0.6124999999999999,0.6219095477386934,0.906656073245129,0.0036218776892209537
0.6124999999999999,0.6268844221105527,0.9073274511409317,0.0036287966242243286
0.6124999999999999,0.6318592964824121,0.9079892349700215,0.003635693120970007
0.6124999999999999,0.6368341708542714,0.9086416289772172,0.0036425672897153483
0.6124999999999999,0.6418090452261307,0.9092848316499559,0.0036494192422158456
0.6124999999999999,0.64678391959799,0.909919035919755,0.0036562490915696966
0.6124999999999999,0.6517587939698493,0.9105444293552748,0.003663056952080135
0.6124999999999999,0.6567336683417085,0.9111611943473847,0.0036698429391295306
0.6124999999999999,0.6617085427135678,0.911769508286619,0.0036766071690517155
0.6124999999999999,0.6666834170854271,0.9123695437333806,0.003683349759013854
0.6124999999999999,0.6716582914572864,0.9129614685812443,0.0036900708269143045
0.6124999999999999,0.6766331658291458,0.9135454462136731,0.003696770491277146
0.6124999999999999,0.6816080402010051,0.9141216356544657,0.003703448871155368
0.6124999999999999,0.6865829145728644,0.9146901917122187,0.003710106086041609
0.6124999999999999,0.6915577889447236,0.9152512651190824,0.003716742255788441
0.6124999999999999,0.6965326633165829,0.9158050026640718,0.0037233575005235497
0.6124999999999999,0.7015075376884422,0.9163515473211796,0.003729951940580012
0.6124999999999999,0.7064824120603015,0.91689103837266,0.0037365256964270177
0.6124999999999999,0.7114572864321608,0.917423611527301,0.003743078888601037
0.6124999999999999,0.7164321608040201,0.9179493990339502,0.0037496116376463107
0.6124999999999999,0.7214070351758795,0.9184685297916553,0.0037561240640571203
0.6124999999999999,0.7263819095477387,0.9189811294548509,0.0037626162882318237
0.6124999999999999,0.731356783919598,0.9194873205348199,0.0037690884304091288
0.6124999999999999,0.7363316582914573,0.9199872224973702,0.0037755406106352307
0.6124999999999999,0.7413065326633166,0.9204809518568905,0.00378197294871474
0.6124999999999999,0.7462814070351759,0.9209686222669428,0.003788385564163388
0.6124999999999999,0.7512562814070352,0.9214503446075372,0.003794778576181601
0.6124999999999999,0.7562311557788944,0.9219262270692311,0.0038011521036078744
0.6124999999999999,0.7612060301507538,0.9223963752341878,0.0038075062648985636
0.6124999999999999,0.7661809045226131,0.9228608921543184,0.0038138411780821446
0.6124999999999999,0.7711557788944724,0.9233198784266345,0.003820156960741672
0.6124999999999999,0.7761306532663317,0.9237734322659198,0.003826453729983026
0.6124999999999999,0.781105527638191,0.9242216495748389,0.0038327316024100444
0.6124999999999999,0.7860804020100502,0.9246646240115824,0.0038389906941063145
0.6124999999999999,0.7910552763819095,0.9251024470551514,0.0038452311206063072
0.6124999999999999,0.7960301507537688,0.925535208068376,0.00385145299687939
0.6124999999999999,0.8010050251256281,0.92596299435876,0.0038576564373207223
0.6124999999999999,0.8059798994974875,0.9263858912372375,0.0038638415557128436
0.6124999999999999,0.8109547738693468,0.9268039820749263,0.0038700084652303346
0.6124999999999999,0.8159296482412061,0.9272173483579548,0.00387615727841939
0.6124999999999999,0.8209045226130653,0.9276260697404403,0.0038822881071780557
0.6124999999999999,0.8258793969849246,0.9280302240956915,0.0038884010627560084
0.6124999999999999,0.8308542713567839,0.9284298875657008,0.0038944962557336815
0.6124999999999999,0.8358291457286432,0.9288251346089977,0.00390057379602049
0.6124999999999999,0.8408040201005025,0.9292160380469222,0.003906633792835512
0.6124999999999999,0.8457788944723619,0.9296026691083794,0.003912676354714817
0.6124999999999999,0.8507537688442212,0.9299850974731363,0.003918701589487705
0.6124999999999999,0.8557286432160804,0.9303633913137114,0.003924709604285148
0.6124999999999999,0.8607035175879397,0.9307376173359123,0.00393070050551958
0.6124999999999999,0.865678391959799,0.9311078408180741,0.003936674398896445
0.6124999999999999,0.8706532663316583,0.9314741256490421,0.0039426313893951015
0.6124999999999999,0.8756281407035176,0.9318365343649497,0.0039485715812728195
0.6124999999999999,0.8806030150753769,0.9321951281848335,0.003954495078063003
0.6124999999999999,0.8855778894472361,0.9325499670451479,0.003960401982564088
0.6124999999999999,0.8905527638190955,0.9329011096333325,0.003966292396853532
0.6124999999999999,0.8955276381909548,0.9332486134196424,0.003972166422266499
0.6124999999999999,0.9005025125628141,0.9335925346890946,0.003978024159408067
0.6124999999999999,0.9054773869346734,0.9339329285716872,0.003983865708148571
0.6124999999999999,0.9104522613065327,0.9342698490718765,0.00398969116762804
0.6124999999999999,0.915427135678392,0.934603349097159,0.00399550063624754
0.6124999999999999,0.9204020100502512,0.9349334804857841,0.004001294211676942
0.6124999999999999,0.9253768844221105,0.9352602940336322,0.004007071990855593
0.6124999999999999,0.9303517587939698,0.9355838395202859,0.004012834069986759
0.6124999999999999,0.9353266331658292,0.9359041657343226,0.004018580544550954
0.6124999999999999,0.9403015075376885,0.936221320497855,0.004024311509295941
0.6124999999999999,0.9452763819095478,0.9365353506903461,0.004030027058242069
0.6124999999999999,0.950251256281407,0.9368463022717239,0.004035727284693369
0.6124999999999999,0.9552261306532663,0.9371542203048183,0.004041412281224677
0.6124999999999999,0.9602010050251256,0.9374591489771452,0.004047082139696956
0.6124999999999999,0.9651758793969849,0.9377611316220584,0.0040527369512579625
0.6124999999999999,0.9701507537688442,0.9380602107392909,0.00405837680633736
0.6124999999999999,0.9751256281407036,0.9383564280149059,0.004064001794661598
0.6124999999999999,0.9801005025125629,0.9386498243406788,0.004069612005249024
0.6124999999999999,0.9850753768844221,0.9389404398329267,0.004075207526416991
0.6124999999999999,0.9900502512562814,0.9392283138508047,0.00408078844578208
0.6124999999999999,0.9950251256281407,0.9395134850140873,0.004086354850272977
0.6124999999999999,1.0,0.9397959912204501,0.004091906826120928
0.65,0.01,0.13602199566959053,0.005790707242505189
0.65,0.014974874371859296,0.1907502097729459,0.0047244150570067145
0.65,0.019949748743718593,0.2389440474790642,0.004149553757180291
0.65,0.02492462311557789,0.28171060405686665,0.0037902330292451936
0.65,0.029899497487437185,0.3199193565750294,0.0035457592619776435
0.65,0.03487437185929648,0.35426301323975756,0.003370075494401048
0.65,0.03984924623115578,0.3853004446813009,0.0032389675863444545
0.65,0.04482412060301508,0.4134876004569092,0.003138429669607312
0.65,0.049798994974874375,0.4392001975642877,0.0030597741435494097
0.65,0.05477386934673367,0.462750645046875,0.002997316135611383
0.65,0.05974874371859297,0.48440085089035295,0.002947174855371326
0.65,0.06472361809045227,0.5043720374225084,0.0029066085220827986
0.65,0.06969849246231155,0.5228523511992392,0.00287362420095838
0.65,0.07467336683417086,0.5400028252930815,0.0028467381880794562
0.65,0.07964824120603015,0.5559620959927827,0.002824823100669116
0.65,0.08462311557788944,0.5708501674806437,0.002807007064893119
0.65,0.08959798994974874,0.5847714414958713,0.0027926053593823053
0.65,0.09457286432160804,0.5978171742081093,0.002781072919594285
0.65,0.09954773869346734,0.6100674828358558,0.0027719706211359885
0.65,0.10452261306532663,0.6215929954609858,0.0027649408855237034
0.65,0.10949748743718593,0.6324562159534509,0.002759689729237458
0.65,0.11447236180904523,0.6427126598178651,0.002755973351822094
0.65,0.11944723618090453,0.6524118045996701,0.002753587976687122
0.65,0.12442211055276382,0.6615978892550273,0.0027523620595062415
0.65,0.12939698492462312,0.6703105897684593,0.0027521502441920642
0.65,0.1343718592964824,0.6785855928135615,0.002752828625554038
0.65,0.13934673366834172,0.6864550849711892,0.00275429100059732
0.65,0.144321608040201,0.6939481716626204,0.0027564458759317123
0.65,0.1492964824120603,0.7010912373053394,0.002759214059294912
0.65,0.1542713567839196,0.707908256094575,0.002762526706532986
0.65,0.1592462311557789,0.714421061132596,0.0027663237267450125
0.65,0.1642211055276382,0.7206495782774521,0.00277055247139546
0.65,0.1691959798994975,0.7266120299925292,0.0027751666502213723
0.65,0.17417085427135678,0.7323251135935132,0.002780125429559188
0.65,0.1791457286432161,0.7378041575679348,0.0027853926783723004
0.65,0.18412060301507538,0.7430632590515678,0.0027909363345883786
0.65,0.18909547738693466,0.7481154050598463,0.002796727870006288
0.65,0.19407035175879397,0.752972579670888,0.002802741836436251
0.65,0.19904522613065326,0.7576458590236618,0.002808955479076225
0.65,0.20402010050251257,0.7621454957175303,0.002815348405859064
0.65,0.20899497487437185,0.766480993967693,0.0028219023036022417
0.65,0.21396984924623116,0.7706611766767277,0.0028286006934232777
0.65,0.21894472361809045,0.7746942454189318,0.0028354287193048666
0.65,0.22391959798994976,0.7785878341961351,0.0028423729646862572
0.65,0.22889447236180904,0.7823490577067679,0.00284942129290644
0.65,0.23386934673366835,0.7859845547706856,0.0028565627079413236
0.65,0.23884422110552764,0.789500527465848,0.0028637872325742997
0.65,0.24381909547738695,0.7929027764705852,0.002871085801450901
0.65,0.24879396984924623,0.7961967330219746,0.002878450167027813
0.65,0.2537688442211055,0.7993874878696839,0.002885872816624113
0.65,0.25874371859296486,0.8024798175500528,0.0028933468990863798
0.65,0.26371859296482414,0.8054782082632493,0.002900866159823101
0.65,0.2686934673366834,0.8083868776054778,0.002908424883119487
0.65,0.2736683417085427,0.8112097943777423,0.0029160178408120796
0.65,0.278643216080402,0.8139506966669054,0.0029236402465293576
0.65,0.28361809045226133,0.8166131083723468,0.002931287714817543
0.65,0.2885929648241206,0.8192003543319273,0.0029389562245600853
0.65,0.2935678391959799,0.8217155741838476,0.0029466420861841147
0.65,0.2985427135678392,0.8241617350859644,0.0029543419122115555
0.65,0.3035175879396985,0.8265416434009537,0.0029620525907712025
0.65,0.3084924623115578,0.8288579554441153,0.0029697712617156036
0.65,0.3134673366834171,0.8311131873803905,0.002977495295109378
0.65,0.31844221105527637,0.8333097243481494,0.0029852222717474675
0.65,0.3234170854271357,0.8354498288793273,0.002992949965545222
0.65,0.328391959798995,0.8375356486784217,0.003000676327584273
0.65,0.3333668341708543,0.8395692238165963,0.0030083994716225693
0.65,0.33834170854271356,0.841552493391568,0.0030161176609333484
0.65,0.34331658291457284,0.8434873016989964,0.0030238292963393754
0.65,0.3482914572864322,0.8453754039563373,0.0030315329053010043
0.65,0.35326633165829147,0.8472184716179865,0.00303922713197724
0.65,0.35824120603015075,0.8490180973131803,0.0030469107281356766
0.65,0.36321608040201003,0.8507757994388472,0.0030545825448711206
0.65,0.36819095477386937,0.8524930264352937,0.0030622415250065593
0.65,0.37316582914572866,0.8541711607695754,0.003069886696144719
0.65,0.37814070351758794,0.8558115226497328,0.0030775171642853927
0.65,0.3831155778894472,0.8574153734908723,0.003085132107993882
0.65,0.38809045226130656,0.8589839191522232,0.0030927307730119757
0.65,0.39306532663316585,0.8605183129626363,0.0031003124673325555
0.65,0.39804020100502513,0.8620196585504791,0.0031078765566516786
0.65,0.4030150753768844,0.8634890124925284,0.0031154224601794844
0.65,0.40798994974874375,0.8649273867952222,0.003122949646794604
0.65,0.41296482412060304,0.8663357512205226,0.003130457631477679
0.65,0.4179396984924623,0.867715035467625,0.0031379459720302094
0.65,0.4229145728643216,0.8690661312208305,0.003145414266046531
0.65,0.4278894472361809,0.8703898940730666,0.0031528621481002883
0.65,0.4328643216080402,0.8716871453337736,0.003160289287158058
0.65,0.4378391959798995,0.8729586737291903,0.003167695384174829
0.65,0.4428140703517588,0.8742052370024369,0.0031750801698691156
0.65,0.4477889447236181,0.8754275634202152,0.003182443402659274
0.65,0.4527638190954774,0.8766263531924279,0.0031897848667534756
0.65,0.4577386934673367,0.8778022798105284,0.003197104370376014
0.65,0.462713567839196,0.8789559913099563,0.003204401744111074
0.65,0.46768844221105527,0.8800881114616987,0.0032116768393810613
0.65,0.4726633165829146,0.881199240897572,0.0032189295270088625
0.65,0.4776381909547739,0.8822899581733399,0.0032261596959055616
0.65,0.4826130653266332,0.8833608207738323,0.003233367251832542
0.65,0.48758793969849246,0.8844123660636178,0.0032405521162535145
0.65,0.49256281407035174,0.885445112186666,0.003247714225267817
0.65,0.4975376884422111,0.8864595589181584,0.0032548535286081037
0.65,0.5025125628140703,0.8874561884713962,0.003261969988717972
0.65,0.5074874371859297,0.8884354662625402,0.0032690635798773293
0.65,0.512462311557789,0.889397841635732,0.003276134287403254
0.65,0.5174371859296483,0.8903437485509718,0.00328318210688483
0.65,0.5224120603015076,0.8912736062369628,0.0032902070434808195
0.65,0.5273869346733668,0.8921878198109914,0.003297209111265298
0.65,0.5323618090452261,0.8930867808677626,0.003304188332608593
0.65,0.5373366834170854,0.8939708680389962,0.0033111447375959724
0.65,0.5423115577889447,0.8948404475254571,0.0033180783634996214
0.65,0.5472864321608041,0.8956958736029987,0.0033249892542623893
0.65,0.5522613065326634,0.8965374891040803,0.003331877460041488
0.65,0.5572361809045226,0.8973656258761404,0.003338743036748637
0.65,0.5622110552763819,0.898180605218112,0.0033455860456539366
0.65,0.5671859296482412,0.8989827382962831,0.0033524065529897396
0.65,0.5721608040201005,0.8997723265406388,0.003359204629583612
0.65,0.5771356783919598,0.9005496620227421,0.0033659803505334818
0.65,0.5821105527638191,0.9013150278161498,0.0033727337948699088
0.65,0.5870854271356784,0.9020686983402983,0.0033794650452756425
0.65,0.5920603015075377,0.9028109396886892,0.003386174187796298
0.65,0.597035175879397,0.9035420099423551,0.003392861311575013
0.65,0.6020100502512563,0.9042621594692634,0.0033995265086086413
0.65,0.6069849246231156,0.9049716312102479,0.003406169873521936
0.65,0.6119597989949749,0.9056706609524444,0.0034127915033463907
0.65,0.6169346733668342,0.9063594775906955,0.003419391497315294
0.65,0.6219095477386934,0.9070383033775792,0.0034259699566778767
0.65,0.6268844221105527,0.9077073541626295,0.003432526984514128
0.65,0.6318592964824121,0.9083668396212922,0.0034390626855740347
0.65,0.6368341708542714,0.9090169634741251,0.0034455771661108248
0.65,0.6418090452261307,0.9096579236967257,0.003452070533743745
0.65,0.64678391959799,0.9102899127208398,0.0034585428973092913
0.65,0.6517587939698493,0.9109131176270795,0.0034649943667337535
0.65,0.6567336683417085,0.9115277203296576,0.0034714250529173096
0.65,0.6617085427135678,0.9121338977535219,0.0034778350676096803
0.65,0.6666834170854271,0.9127318220042492,0.003484224523307544
0.65,0.6716582914572864,0.9133216605310455,0.0034905935331517313
0.65,0.6766331658291458,0.9139035762831729,0.0034969422108355186
0.65,0.6816080402010051,0.9144777278601139,0.003503270670509151
0.65,0.6865829145728644,0.9150442696557615,0.0035095790267019034
0.65,0.6915577889447236,0.9156033519969101,0.0035158673942456975
0.65,0.6965326633165829,0.9161551212763107,0.0035221358881931675
0.65,0.7015075376884422,0.916699720080536,0.0035283846237568195
0.65,0.7064824120603015,0.9172372873128892,0.003534613716239976
0.65,0.7114572864321608,0.9177679583115828,0.0035408232809817086
0.65,0.7164321608040201,0.9182918649633928,0.003547013433292223
0.65,0.7214070351758795,0.9188091358129948,0.0035531842884066744
0.65,0.7263819095477387,0.9193198961681703,0.00355933596143454
0.65,0.731356783919598,0.9198242682010596,0.003565468567310104
0.65,0.7363316582914573,0.9203223710456419,0.0035715822207531556
0.65,0.7413065326633166,0.9208143208913926,0.0035776770362307975
0.65,0.7462814070351759,0.9213002310741862,0.003583753127906375
0.65,0.7512562814070352,0.9217802121630553,0.0035898106096179383
0.65,0.7562311557788944,0.9222543720441045,0.003595849594842049
0.65,0.7612060301507538,0.9227228160014512,0.0036018701966595845
0.65,0.7661809045226131,0.9231856467952033,0.0036078725277333135
0.65,0.7711557788944724,0.9236429647366509,0.003613856700274143
0.65,0.7761306532663317,0.9240948677607834,0.0036198228260240217
0.65,0.781105527638191,0.9245414514962477,0.003625771016226853
0.65,0.7860804020100502,0.9249828093328467,0.003631701381610508
0.65,0.7910552763819095,0.9254190324866824,0.003637614032369063
0.65,0.7960301507537688,0.9258502100630368,0.003643509078138374
0.65,0.8010050251256281,0.9262764291170826,0.00364938662798564
0.65,0.8059798994974875,0.9266977747125107,0.0036552467903931962
0.65,0.8109547738693468,0.9271143299781572,0.003661089673240081
0.65,0.8159296482412061,0.9275261761627086,0.003666915383794267
0.65,0.8209045226130653,0.9279333926875607,0.0036727240286984486
0.65,0.8258793969849246,0.9283360571979066,0.0036785157139609392
0.65,0.8308542713567839,0.9287342456121163,0.0036842905449410157
0.65,0.8358291457286432,0.929128032169482,0.00369004862634581
0.65,0.8408040201005025,0.9295174894763849,0.003695790062222093
0.65,0.8457788944723619,0.9299026885509485,0.003701514955943841
0.65,0.8507537688442212,0.9302836988662339,0.003707223410212901
0.65,0.8557286432160804,0.9306605883920337,0.0037129155270425596
0.65,0.8607035175879397,0.931033423635315,0.0037185914077693116
0.65,0.865678391959799,0.9314022696793657,0.0037242511530355404
0.65,0.8706532663316583,0.9317671902216889,0.003729894862785965
0.65,0.8756281407035176,0.9321282476106931,0.003735522636273192
0.65,0.8806030150753769,0.9324855028812242,0.003741134572047722
0.65,0.8855778894472361,0.9328390157889789,0.0037467307679563966
0.65,0.8905527638190955,0.9331888448438427,0.0037523113211472836
0.65,0.8955276381909548,0.9335350473421898,0.003757876328060572
0.65,0.9005025125628141,0.9338776793981844,0.0037634258844312374
0.65,0.9054773869346734,0.9342167959741169,0.0037689600852954808
0.65,0.9104522613065327,0.9345524509096982,0.003774479024970745
0.65,0.915427135678392,0.9348846969505485,0.003779982797089243
0.65,0.9204020100502512,0.9352135857765066,0.003785471494561987
0.65,0.9253768844221105,0.9355391680276245,0.0037909452096014373
0.65,0.9303517587939698,0.9358614933304628,0.0037964040337226113
0.65,0.9353266331658292,0.9361806103233217,0.0038018480577410863
0.65,0.9403015075376885,0.9364965666807198,0.003807277371767892
0.65,0.9452763819095478,0.9368094091371506,0.0038126920652266083
0.65,0.950251256281407,0.9371191835101395,0.0038180922268427064
0.65,0.9552261306532663,0.9374259347226238,0.003823477944654874
0.65,0.9602010050251256,0.9377297068246834,0.0038288493060079087
0.65,0.9651758793969849,0.9380305430146381,0.003834206397568929
0.65,0.9701507537688442,0.9383284856595377,0.0038395493053189345
0.65,0.9751256281407036,0.9386235763150628,0.0038448781145612454
0.65,0.9801005025125629,0.9389158557448565,0.003850192909924388
0.65,0.9850753768844221,0.9392053639393065,0.003855493775370311
0.65,0.9900502512562814,0.9394921401337948,0.003860780794183727
0.65,0.9950251256281407,0.9397762228264324,0.00386605404899365
0.65,1.0,0.9400576497952978,0.0038713136217656263
0.6875,0.01,0.13648816483839574,0.005477382270111519
0.6875,0.014974874371859296,0.191368461394104,0.004469929909353354
0.6875,0.019949748743718593,0.2396775325901588,0.0039268713174693826
0.6875,0.02492462311557789,0.282531257106944,0.003587482935986319
0.6875,0.029899497487437185,0.32080574291213104,0.003356617450824162
0.6875,0.03487437185929648,0.35519862354524584,0.003190754289696063
0.6875,0.03984924623115578,0.3862724498962187,0.003067011672431841
0.6875,0.04482412060301508,0.41448595412924616,0.002972153845077097
0.6875,0.049798994974874375,0.4402169824367351,0.0028979707596981097
0.6875,0.05477386934673367,0.4637795904041634,0.0028390900806403163
0.6875,0.05974874371859297,0.4854369709779863,0.0027918444679175813
0.6875,0.06472361809045227,0.5054113572292621,0.002753643042812115
0.6875,0.06969849246231155,0.5238916962812328,0.002722602643530969
0.6875,0.07467336683417086,0.5410396592090873,0.002697321360202176
0.6875,0.07964824120603015,0.5569943935333179,0.002676734016855198
0.6875,0.08462311557788944,0.5718763150814344,0.002660016892947148
0.6875,0.08959798994974874,0.5857901584801726,0.002646523120324318
0.6875,0.09457286432160804,0.5988274501171864,0.0026357377966541584
0.6875,0.09954773869346734,0.6110685272777528,0.0026272461217158316
0.6875,0.10452261306532663,0.6225841977668699,0.002620710344471755
0.6875,0.10949748743718593,0.6334371125670804,0.00261585279961718
0.6875,0.11447236180904523,0.643682907814151,0.0026124432338232584
0.6875,0.11944723618090453,0.653371160097711,0.0026102892060269056
0.6875,0.12442211055276382,0.6625461897516627,0.002609228725097612
0.6875,0.12939698492462312,0.6712477396309547,0.0026091245389776585
0.6875,0.1343718592964824,0.6795115513290273,0.002609859658632363
0.6875,0.13934673366834172,0.6873698564740911,0.002611333816212369
0.6875,0.144321608040201,0.6948517973581451,0.002613460637683085
0.6875,0.1492964824120603,0.7019837884819089,0.0026161653674241503
0.6875,0.1542713567839196,0.7087898284782972,0.0026193830231360238
0.6875,0.1592462311557789,0.7152917701835424,0.0026230568892064987
0.6875,0.1642211055276382,0.7215095552651198,0.0026271372783541747
0.6875,0.1691959798994975,0.7274614187177934,0.0026315805075638465
0.6875,0.17417085427135678,0.7331640676484145,0.0026363480463686972
0.6875,0.1791457286432161,0.7386328380440231,0.002641405804665098
0.6875,0.18412060301507538,0.7438818326216485,0.0026467235341987028
0.6875,0.18909547738693466,0.7489240423742255,0.0026522743231724988
0.6875,0.19407035175879397,0.7537714540240369,0.00265803416760102
0.6875,0.19904522613065326,0.75843514523382,0.00266398160614556
0.6875,0.20402010050251257,0.7629253691960491,0.002670097407867944
0.6875,0.20899497487437185,0.7672516299457842,0.0026763643041540774
0.6875,0.21396984924623116,0.7714227495651108,0.0026827667577606906
0.6875,0.21894472361809045,0.7754469282797957,0.002689290763145058
0.6875,0.22391959798994976,0.7793317983100974,0.002695923673298184
0.6875,0.22889447236180904,0.7830844722202315,0.0027026540490635576
0.6875,0.23386934673366835,0.7867115864112597,0.0027094715276758663
0.6875,0.23884422110552764,0.7902193403172246,0.002716366707702589
0.6875,0.24381909547738695,0.7936135317917851,0.002723331048109845
0.6875,0.24879396984924623,0.7968995891104659,0.0027303567794494388
0.6875,0.2537688442211055,0.8000825999602613,0.0027374368255601578
0.6875,0.25874371859296486,0.8031673377423845,0.0027445647343375956
0.6875,0.26371859296482414,0.8061582854742997,0.0027517346164112055
0.6875,0.2686934673366834,0.80905965754287,0.0027589410906967426
0.6875,0.2736683417085427,0.8118754195307021,0.0027661792359461312
0.6875,0.278643216080402,0.8146093063119217,0.0027734445475657843
0.6875,0.28361809045226133,0.817264838590939,0.00278073289902947
0.6875,0.2885929648241206,0.8198453380343697,0.002788040507367917
0.6875,0.2935678391959799,0.8223539411539666,0.0027953639022122445
0.6875,0.2985427135678392,0.8247936120205969,0.0028026998980088536
0.6875,0.3035175879396985,0.8271671539588559,0.0028100455690216464
0.6875,0.3084924623115578,0.8294772202993186,0.0028173982268080433
0.6875,0.3134673366834171,0.8317263242790536,0.002824755399899681
0.6875,0.31844221105527637,0.833916848168098,0.0028321148154419884
0.6875,0.3234170854271357,0.8360510516915896,0.0028394743825790325
0.6875,0.328391959798995,0.8381310798101754,0.0028468321773924554
0.6875,0.3333668341708543,0.8401589699150286,0.0028541864292386254
0.6875,0.33834170854271356,0.8421366584882273,0.0028615355083352334
0.6875,0.34331658291457284,0.8440659872742807,0.0028688779144734333
0.6875,0.3482914572864322,0.8459487090041571,0.0028762122667254086
0.6875,0.35326633165829147,0.8477864927092237,0.0028835372940676507
0.6875,0.35824120603015075,0.84958092865897,0.0028908518268240257
0.6875,0.36321608040201003,0.8513335329532307,0.0028981547888380366
0.6875,0.36819095477386937,0.8530457517967891,0.0029054451903143264
0.6875,0.37316582914572866,0.8547189654816985,0.0029127221212648102
0.6875,0.37814070351758794,0.8563544921003776,0.0029199847455012584
0.6875,0.3831155778894472,0.85795359101048,0.0029272322951214846
0.6875,0.38809045226130656,0.859517466067895,0.002934464065441178
0.6875,0.39306532663316585,0.8610472686583089,0.0029416794103478416
0.6875,0.39804020100502513,0.862544100519637,0.0029488777380095588
0.6875,0.4030150753768844,0.8640090163907381,0.002956058506929926
0.6875,0.40798994974874375,0.865443026491657,0.0029632212223305032
0.6875,0.41296482412060304,0.8668470988481207,0.00297036543277418
0.6875,0.4179396984924623,0.8682221614718832,0.0029774907270936346
0.6875,0.4229145728643216,0.8695691044072479,0.0029845967315174082
0.6875,0.4278894472361809,0.8708887816532472,0.002991683107037124
0.6875,0.4328643216080402,0.8721820129702108,0.0029987495469576686
0.6875,0.4378391959798995,0.8734495855787505,0.003005795774637443
0.6875,0.4428140703517588,0.8746922557585669,0.0030128215413942616
0.6875,0.4477889447236181,0.8759107503539003,0.0030198266245629046
0.6875,0.4527638190954774,0.8771057681919243,0.003026810825688786
0.6875,0.4577386934673367,0.8782779814199019,0.0030337739688615084
0.6875,0.462713567839196,0.8794280367664781,0.0030407158991587746
0.6875,0.46768844221105527,0.8805565567320872,0.0030476364812084267
0.6875,0.4726633165829146,0.8816641407130771,0.0030545355978424116
0.6875,0.4776381909547739,0.8827513660638172,0.0030614131488544416
0.6875,0.4826130653266332,0.8838187891007476,0.0030682690498358145
0.6875,0.48758793969849246,0.8848669460520354,0.0030751032310998294
0.6875,0.49256281407035174,0.8858963539560419,0.003081915636667265
0.6875,0.4975376884422111,0.8869075115106134,0.003088706223340232
0.6875,0.5025125628140703,0.8879008998845198,0.0030954749598166575
0.6875,0.5074874371859297,0.8888769834758244,0.0031022218258778267
0.6875,0.512462311557789,0.8898362106379079,0.0031089468116338725
0.6875,0.5174371859296483,0.8907790143665004,0.0031156499168041307
0.6875,0.5224120603015076,0.8917058129517118,0.0031223311500603312
0.6875,0.5273869346733668,0.8926170105971155,0.0031289905284039854
0.6875,0.5323618090452261,0.8935129980078214,0.0031356280765886257
0.6875,0.5373366834170854,0.8943941529493282,0.0031422438265782393
0.6875,0.5423115577889447,0.8952608407788389,0.0031488378170354547
0.6875,0.5472864321608041,0.8961134149506081,0.003155410092862132
0.6875,0.5522613065326634,0.8969522174967903,0.003161960704738176
0.6875,0.5572361809045226,0.8977775794851637,0.0031684897087218555
0.6875,0.5622110552763819,0.898589821455018,0.0031749971658512344
0.6875,0.5671859296482412,0.8993892538324085,0.0031814831417864564
0.6875,0.5721608040201005,0.9001761773259115,0.0031879477064686856
0.6875,0.5771356783919598,0.9009508833039381,0.0031943909337950327
0.6875,0.5821105527638191,0.9017136541546018,0.0032008129013290088
0.6875,0.5870854271356784,0.9024647636290745,0.0032072136900129777
0.6875,0.5920603015075377,0.903204477169307,0.003213593383907698
0.6875,0.597035175879397,0.90393305222094,0.003219952069945853
0.6875,0.6020100502512563,0.9046507385321796,0.0032262898377033444
0.6875,0.6069849246231156,0.9053577784393653,0.003232606779175029
0.6875,0.6119597989949749,0.9060544071399189,0.003238902988582204
0.6875,0.6169346733668342,0.9067408529519557,0.003245178562176765
0.6875,0.6219095477386934,0.9074173375672022,0.0032514335980577957
0.6875,0.6268844221105527,0.9080840762876928,0.0032576681960130305
0.6875,0.6318592964824121,0.9087412782540529,0.003263882457351208
0.6875,0.6368341708542714,0.9093891466647727,0.00327007648476485
0.6875,0.6418090452261307,0.9100278789857675,0.0032762503821828215
0.6875,0.64678391959799,0.910657667151133,0.003282404254647986
0.6875,0.6517587939698493,0.9112786977555195,0.00328853820818531
0.6875,0.6567336683417085,0.9118911522385361,0.0032946523497003888
0.6875,0.6617085427135678,0.9124952070615628,0.003300746786858655
0.6875,0.6666834170854271,0.9130910338773349,0.003306821627995893
0.6875,0.6716582914572864,0.913678799692642,0.0033128769820149895
0.6875,0.6766331658291458,0.9142586670244651,0.003318912958300002
0.6875,0.6816080402010051,0.914830794049859,0.0033249296666391093
0.6875,0.6865829145728644,0.9153953347498691,0.0033309272171377913
0.6875,0.6915577889447236,0.9159524390477604,0.003336905720147776
0.6875,0.6965326633165829,0.9165022529418153,0.003342865286205976
0.6875,0.7015075376884422,0.9170449186329523,0.003348806025960105
0.6875,0.7064824120603015,0.9175805746473958,0.0033547280501164956
0.6875,0.7114572864321608,0.9181093559546213,0.0033606314693741535
0.6875,0.7164321608040201,0.9186313940807861,0.003366516394385455
0.6875,0.7214070351758795,0.9191468172178477,0.003372382935699969
0.6875,0.7263819095477387,0.9196557503285578,0.003378231203709836
0.6875,0.731356783919598,0.9201583152475123,0.0033840613086275617
0.6875,0.7363316582914573,0.9206546307784321,0.003389873360423623
0.6875,0.7413065326633166,0.921144812787835,0.0033956674688015998
0.6875,0.7462814070351759,0.9216289742952544,0.0034014437431628686
0.6875,0.7512562814070352,0.9221072255601535,0.0034072022925668577
0.6875,0.7562311557788944,0.9225796741641192,0.0034129432257112846
0.6875,0.7612060301507538,0.9230464250959893,0.003418666650890634
0.6875,0.7661809045226131,0.9235075808255048,0.003424372675982834
0.6875,0.7711557788944724,0.9239632413796313,0.003430061408415064
0.6875,0.7761306532663317,0.924413504414937,0.003435732955146209
0.6875,0.781105527638191,0.9248584652874021,0.0034413874226455476
0.6875,0.7860804020100502,0.925298217119771,0.0034470249168705447
0.6875,0.7910552763819095,0.9257328508665538,0.0034526455432515313
0.6875,0.7960301507537688,0.9261624553767704,0.003458249406673941
0.6875,0.8010050251256281,0.9265871174545284,0.0034638366114629893
0.6875,0.8059798994974875,0.9270069219175202,0.0034694072613683513
0.6875,0.8109547738693468,0.927421951653526,0.003474961459557502
0.6875,0.8159296482412061,0.9278322876749956,0.00348049930859351
0.6875,0.8209045226130653,0.9282380091717904,0.0034860209104354833
0.6875,0.8258793969849246,0.9286391935621556,0.0034915263664170304
0.6875,0.8308542713567839,0.9290359165419884,0.003497015777248258
0.6875,0.8358291457286432,0.9294282521324749,0.0035024892430040033
0.6875,0.8408040201005025,0.9298162727261516,0.0035079468631156185
0.6875,0.8457788944723619,0.9302000491314563,0.003513388736358758
0.6875,0.8507537688442212,0.9305796506158237,0.0035188149608664787
0.6875,0.8557286432160804,0.9309551449473833,0.0035242256340966005
0.6875,0.8607035175879397,0.9313265984353074,0.0035296208528572404
0.6875,0.865678391959799,0.9316940759688668,0.003535000713277281
0.6875,0.8706532663316583,0.9320576410552358,0.0035403653108208033
0.6875,0.8756281407035176,0.9324173558560971,0.0035457147402746525
0.6875,0.8806030150753769,0.9327732812230879,0.003551049095751546
0.6875,0.8855778894472361,0.9331254767321338,0.003556368470686966
0.6875,0.8905527638190955,0.9334740007167054,0.0035616729578362705
0.6875,0.8955276381909548,0.9338189103000426,0.0035669626492791373
0.6875,0.9005025125628141,0.9341602614263789,0.0035722376364091257
0.6875,0.9054773869346734,0.9344981088912058,0.0035774980099452236
0.6875,0.9104522613065327,0.9348325063705354,0.003582743859924742
0.6875,0.915427135678392,0.9351635064483989,0.003587975275705535
0.6875,0.9204020100502512,0.9354911606475451,0.003593192345970442
0.6875,0.9253768844221105,0.9358155194530579,0.0035983951587261753
0.6875,0.9303517587939698,0.9361366323393235,0.0036035838013022126
0.6875,0.9353266331658292,0.9364545477952004,0.0036087583603570117
0.6875,0.9403015075376885,0.936769313348437,0.0036139189218742374
0.6875,0.9452763819095478,0.9370809755893693,0.0036190655711771935
0.6875,0.950251256281407,0.9373895801939202,0.0036241983929146127
0.6875,0.9552261306532663,0.9376951719459244,0.0036293174710737564
0.6875,0.9602010050251256,0.9379977947588041,0.0036344228889868546
0.6875,0.9651758793969849,0.9382974916966128,0.003639514729317783
0.6875,0.9701507537688442,0.938594304994475,0.0036445930740869326
0.6875,0.9751256281407036,0.9388882760784352,0.003649658004656997
0.6875,0.9801005025125629,0.9391794455847412,0.003654709601743411
0.6875,0.9850753768844221,0.9394678533785786,0.0036597479454232307
0.6875,0.9900502512562814,0.9397535385722731,0.0036647731151240315
0.6875,0.9950251256281407,0.9400365395429806,0.0036697851896438927
0.6875,1.0,0.940316893949881,0.0036747842471445136
0.725,0.01,0.13695243110021757,0.0051963175161549024
0.725,0.014974874371859296,0.19198384169967964,0.004241668528604636
0.725,0.019949748743718593,0.2404074921084455,0.0037271672606880024
0.725,0.02492462311557789,0.28334784099205745,0.003405676139973446
0.725,0.029899497487437185,0.32168756817709776,0.0031870254529240416
0.725,0.03487437185929648,0.3561292333925102,0.003029974072399133
0.725,0.03984924623115578,0.3872390770123419,0.002912838229247816
0.725,0.04482412060301508,0.4154786168680364,0.002823074522191771
0.725,0.049798994974874375,0.44122782502660557,0.0027529020125558468
0.725,0.05477386934673367,0.464802396776185,0.002697229025452552
0.725,0.05974874371859297,0.4864668020444185,0.002652579797143506
0.725,0.06472361809045227,0.5064442768781454,0.002616498831077285
0.725,0.06969849246231155,0.5249245620357949,0.0025872014209782357
0.725,0.07467336683417086,0.5420699606703918,0.002563359005298693
0.725,0.07964824120603015,0.5580201265953256,0.0025439621859510986
0.725,0.08462311557788944,0.5728958832203216,0.00252823041676864
0.725,0.08959798994974874,0.5868022947442469,0.0025155507679768263
0.725,0.09457286432160804,0.5998311550775282,0.0025054353797286932
0.725,0.09954773869346734,0.6120630193850968,0.0024974912600599364
0.725,0.10452261306532663,0.6235688734211141,0.002491398434622427
0.725,0.10949748743718593,0.6344115138410218,0.002486893868613782
0.725,0.11447236180904523,0.6446466962461341,0.0024837594548183795
0.725,0.11944723618090453,0.6543240953235533,0.0024818129154720037
0.725,0.12442211055276382,0.663488112015849,0.002480900824779919
0.725,0.12939698492462312,0.6721785554229894,0.0024808931967674752
0.725,0.1343718592964824,0.6804312215491358,0.0024816792434720902
0.725,0.13934673366834172,0.6882783866565686,0.002483164018550088
0.725,0.144321608040201,0.6957492295710039,0.002485265738066955
0.725,0.1492964824120603,0.7028701945963497,0.0024879136244135847
0.725,0.1542713567839196,0.7096653045772588,0.0024910461579432663
0.725,0.1592462311557789,0.7161564318992003,0.0024946096494349312
0.725,0.1642211055276382,0.7223635338880069,0.0024985570667768187
0.725,0.1691959798994975,0.7283048579462893,0.0025028470647112666
0.725,0.17417085427135678,0.733997120871107,0.0025074431779184003
0.725,0.1791457286432161,0.7394556660665945,0.002512313146288525
0.725,0.18412060301507538,0.7446946017669993,0.0025174283479367787
0.725,0.18909547738693466,0.7497269228936301,0.002522763320419452
0.725,0.19407035175879397,0.7545646187629601,0.0025282953546863496
0.725,0.19904522613065326,0.7592187685263225,0.0025340041491943577
0.725,0.20402010050251257,0.7636996259413094,0.0025398715141313755
0.725,0.20899497487437185,0.76801669484082,0.0025458811175083085
0.725,0.21396984924623116,0.7721787964694011,0.0025520182664089397
0.725,0.21894472361809045,0.7761941296913943,0.0025582697178836433
0.725,0.22391959798994976,0.7800703249360618,0.0025646235149403562
0.725,0.22889447236180904,0.7838144926268448,0.002571068843859159
0.725,0.23386934673366835,0.7874332667389387,0.0025775959096663303
0.725,0.23884422110552764,0.7909328440606204,0.002584195827239677
0.725,0.24381909547738695,0.7943190196211323,0.0025908605256783623
0.725,0.24879396984924623,0.7975972187361299,0.0025975826642274935
0.725,0.2537688442211055,0.8007725260319696,0.0026043555581314326
0.725,0.25874371859296486,0.803849711777757,0.002611173113105103
0.725,0.26371859296482414,0.8068332558120912,0.0026180297672588893
0.725,0.2686934673366834,0.8097273693170134,0.0026249204395585313
0.725,0.2736683417085427,0.8125360146618167,0.002631840483954928
0.725,0.278643216080402,0.8152629235134375,0.0026387856485139416
0.725,0.28361809045226133,0.817911613387566,0.0026457520388867284
0.725,0.2885929648241206,0.820485402794893,0.0026527360856363202
0.725,0.2935678391959799,0.8229874251196869,0.0026597345149492746
0.725,0.2985427135678392,0.8254206413527863,0.002666744322333603
0.725,0.3035175879396985,0.8277878517878372,0.0026737627489517024
0.725,0.3084924623115578,0.830091706777951,0.0026807872603180627
0.725,0.3134673366834171,0.8323347166396805,0.002687815527064874
0.725,0.31844221105527637,0.8345192607812771,0.00269484540756304
0.725,0.3234170854271357,0.8366475961260752,0.00270187493220142
0.725,0.328391959798995,0.8387218649007295,0.002708902289151993
0.725,0.3333668341708543,0.8407441018237495,0.002715925811426878
0.725,0.33834170854271356,0.8427162407688722,0.002722943965137725
0.725,0.34331658291457284,0.8446401209367108,0.002729955338816037
0.725,0.3482914572864322,0.8465174925786089,0.002736958633677844
0.725,0.35326633165829147,0.8483500223101582,0.0027439526547630155
0.725,0.35824120603015075,0.8501392980482929,0.002750936302825746
0.725,0.36321608040201003,0.851886833602713,0.002757908566940692
0.725,0.36819095477386937,0.853594072949547,0.0027648685177321664
0.725,0.37316582914572866,0.85526239421262,0.00277181530117776
0.725,0.37814070351758794,0.8568931133754046,0.0027787481329193398
0.725,0.3831155778894472,0.858487487744674,0.002785666293058986
0.725,0.38809045226130656,0.8600467191850184,0.0027925691213641635
0.725,0.39306532663316585,0.8615719571417246,0.0027994560128712376
0.725,0.39804020100502513,0.8630643014679933,0.002806326413831828
0.725,0.4030150753768844,0.8645248050711164,0.0028131798179913403
0.725,0.40798994974874375,0.865954476390999,0.002820015763148387
0.725,0.41296482412060304,0.8673542817209094,0.0028268338279819893
0.725,0.4179396984924623,0.8687251473920978,0.0028336336291414632
0.725,0.4229145728643216,0.8700679618155666,0.002840414818540138
0.725,0.4278894472361809,0.8713835774022101,0.002847177080854024
0.725,0.4328643216080402,0.8726728123688983,0.002853920131208554
0.725,0.4378391959798995,0.8739364524361622,0.002860643713057387
0.725,0.4428140703517588,0.8751752524257257,0.002867347596188896
0.725,0.4477889447236181,0.8763899377647058,0.002874031574890523
0.725,0.4527638190954774,0.8775812059027847,0.0028806954662548012
0.725,0.4577386934673367,0.8787497276481695,0.002887339108604614
0.725,0.462713567839196,0.8798961484277212,0.002893962360007718
0.725,0.46768844221105527,0.8810210894762245,0.0029005650969355923
0.725,0.4726633165829146,0.8821251489594059,0.0029071472129864606
0.725,0.4776381909547739,0.8832089030349669,0.002913708617709343
0.725,0.4826130653266332,0.8842729068555863,0.002920249235511152
0.725,0.48758793969849246,0.8853176955175608,0.0029267690046370642
0.725,0.49256281407035174,0.8863437849584936,0.002933267876214618
0.725,0.4975376884422111,0.8873516728071911,0.0029397458133764154
0.725,0.5025125628140703,0.8883418391887138,0.0029462027904327837
0.725,0.5074874371859297,0.8893147474873184,0.002952638792097506
0.725,0.512462311557789,0.8902708450683641,0.002959053812770396
0.725,0.5174371859296483,0.8912105639676573,0.0029654478558795994
0.725,0.5224120603015076,0.8921343215415752,0.0029718209332412204
0.725,0.5273869346733668,0.8930425210839105,0.002978173064484446
0.725,0.5323618090452261,0.8939355524140307,0.0029845042764999885
0.725,0.5373366834170854,0.8948137924349938,0.0029908146029300475
0.725,0.5423115577889447,0.8956776056641457,0.0029971040836944685
0.725,0.5472864321608041,0.8965273447377766,0.0030033727645382147
0.725,0.5522613065326634,0.8973633508912991,0.0030096206966219174
0.725,0.5572361809045226,0.8981859544163258,0.0030158479361248602
0.725,0.5622110552763819,0.8989954750959287,0.003022054543879271
0.725,0.5671859296482412,0.8997922226192906,0.003028240585035036
0.725,0.5721608040201005,0.9005764969768734,0.003034406128727074
0.725,0.5771356783919598,0.9013485888371671,0.0030405512477860164
0.725,0.5821105527638191,0.9021087799060088,0.0030466760184495456
0.725,0.5870854271356784,0.9028573432694112,0.0030527805201019387
0.725,0.5920603015075377,0.9035945437207712,0.003058864835026265
0.725,0.597035175879397,0.9043206380732859,0.0030649290481703506
0.725,0.6020100502512563,0.9050358754583504,0.003070973246928954
0.725,0.6069849246231156,0.9057404976106637,0.0030769975209508083
0.725,0.6119597989949749,0.9064347391407305,0.0030830019619285665
0.725,0.6169346733668342,0.9071188277954034,0.0030889866634369323
0.725,0.6219095477386934,0.9077929847067416,0.003094951720751027
0.725,0.6268844221105527,0.9084574246301519,0.0031008972306942884
0.725,0.6318592964824121,0.9091123561751737,0.0031068232915014704
0.725,0.6368341708542714,0.9097579820208337,0.0031127300026654314
0.725,0.6418090452261307,0.9103944991259232,0.0031186174648072384
0.725,0.64678391959799,0.9110220989294014,0.0031244857795629244
0.725,0.6517587939698493,0.9116409675424276,0.0031303350494611415
0.725,0.6567336683417085,0.912251285932434,0.0031361653778199106
0.725,0.6617085427135678,0.9128532300996187,0.0031419768686442584
0.725,0.6666834170854271,0.9134469712462208,0.003147769626533403
0.725,0.6716582914572864,0.9140326759389188,0.003153543756588384
0.725,0.6766331658291458,0.9146105062646785,0.0031592993643336786
0.725,0.6816080402010051,0.9151806199803544,0.0031650365556372684
0.725,0.6865829145728644,0.9157431706563348,0.0031707554366366963
0.725,0.6915577889447236,0.9162983078145079,0.003176456113670678
0.725,0.6965326633165829,0.9168461770608044,0.0031821386932171514
0.725,0.7015075376884422,0.9173869202125697,0.0031878032818328794
0.725,0.7064824120603015,0.9179206754209949,0.0031934499860937215
0.725,0.7114572864321608,0.9184475772888301,0.0031990789125493357
0.725,0.7164321608040201,0.9189677569835921,0.003204690167663893
0.725,0.7214070351758795,0.9194813423464636,0.003210283857779217
0.725,0.7263819095477387,0.9199884579970785,0.0032158600890681566
0.725,0.731356783919598,0.9204892254343671,0.003221418967495726
0.725,0.7363316582914573,0.9209837631336396,0.0032269605987751415
0.725,0.7413065326633166,0.9214721866400666,0.0032324850883445055
0.725,0.7462814070351759,0.9219546086587116,0.0032379925413259514
0.725,0.7512562814070352,0.9224311391406746,0.003243483062487451
0.725,0.7562311557788944,0.9229018853683105,0.0032489567562372645
0.725,0.7612060301507538,0.9233669520343747,0.0032544137265857476
0.725,0.7661809045226131,0.9238264413199226,0.0032598540771124895
0.725,0.7711557788944724,0.924280452969286,0.003265277910954101
0.725,0.7761306532663317,0.9247290843622795,0.0032706853307820083
0.725,0.781105527638191,0.9251724305838606,0.0032760764387780306
0.725,0.7860804020100502,0.9256105844913362,0.003281451336619279
0.725,0.7910552763819095,0.9260436367792239,0.003286810125464612
0.725,0.7960301507537688,0.9264716760418589,0.0032921529059355414
0.725,0.8010050251256281,0.926894788833839,0.0032974797781033516
0.725,0.8059798994974875,0.9273130597283941,0.003302790841476222
0.725,0.8109547738693468,0.9277265713737614,0.0033080861949872364
0.725,0.8159296482412061,0.9281354045476488,0.0033133659369839474
0.725,0.8209045226130653,0.9285396382098567,0.003318630165215719
0.725,0.8258793969849246,0.9289393495531366,0.0033238789768343935
0.725,0.8308542713567839,0.9293346140523479,0.0033291124683725304
0.725,0.8358291457286432,0.929725505511986,0.003334330735747182
0.725,0.8408040201005025,0.9301120961121395,0.003339533874247458
0.725,0.8457788944723619,0.9304944564529385,0.003344721978533416
0.725,0.8507537688442212,0.9308726555975517,0.003349895142624959
0.725,0.8557286432160804,0.9312467611137866,0.0033550534599056103
0.725,0.8607035175879397,0.9316168391143448,0.0033601970231085243
0.725,0.865678391959799,0.9319829542957865,0.0033653259243235922
0.725,0.8706532663316583,0.9323451699762468,0.0033704402549883383
0.725,0.8756281407035176,0.9327035481319541,0.0033755401058879198
0.725,0.8806030150753769,0.9330581494325934,0.0033806255671497976
0.725,0.8855778894472361,0.9334090332755576,0.0033856967282532846
0.725,0.8905527638190955,0.9337562578191263,0.003390753678012226
0.725,0.8955276381909548,0.9340998800146498,0.003395796504583437
0.725,0.9005025125628141,0.9344399556376664,0.003400825295473142
0.725,0.9054773869346734,0.9347765393180523,0.0034058401375280933
0.725,0.9104522613065327,0.9351096845693319,0.003410841116945562
0.725,0.915427135678392,0.9354394438170436,0.003415828319254688
0.725,0.9204020100502512,0.9357658684262499,0.0034208018293411246
0.725,0.9253768844221105,0.9360890087282198,0.0034257617314321642
0.725,0.9303517587939698,0.9364089140463069,0.003430708109105618
0.725,0.9353266331658292,0.936725632721057,0.003435641045290927
0.725,0.9403015075376885,0.9370392121345659,0.003440560622268496
0.725,0.9452763819095478,0.9373496987341174,0.003445466921679241
0.725,0.950251256281407,0.9376571380551271,0.0034503600245148203
0.725,0.9552261306532663,0.9379615747434096,0.0034552400111342862
0.725,0.9602010050251256,0.9382630525768005,0.003460106961256537
0.725,0.9651758793969849,0.9385616144861487,0.00346496095396831
0.725,0.9701507537688442,0.9388573025757021,0.003469802067726624
0.725,0.9751256281407036,0.9391501581429079,0.003474630380361665
0.725,0.9801005025125629,0.939440221697647,0.003479445969078787
0.725,0.9850753768844221,0.9397275329809198,0.003484248910466281
0.725,0.9900502512562814,0.9400121309830028,0.0034890392804924897
0.725,0.9950251256281407,0.9402940539610932,0.003493817154519352
0.725,1.0,0.9405733394564579,0.003498582607292855
0.7625,0.01,0.13741470343308165,0.004942716173572004
0.7625,0.014974874371859296,0.19259595896748163,0.004035711576668488
0.7625,0.019949748743718593,0.24113335553596948,0.003547008479475533
0.7625,0.02492462311557789,0.2841597185545032,0.003241692102764704
0.7625,0.029899497487437185,0.3225641694045275,0.003034078900802095
0.7625,0.03487437185929648,0.3570541543093526,0.002884986774954079
0.7625,0.03984924623115578,0.38819960018053157,0.0027738158384409406
0.7625,0.04482412060301508,0.4164648153073316,0.0026886495419993217
0.7625,0.049798994974874375,0.442231900040156,0.002622095461283669
0.7625,0.05477386934673367,0.46581818779345285,0.0025693159106001673
0.7625,0.05974874371859297,0.4874894210269797,0.002527008375808437
0.7625,0.06472361809045227,0.5074698328921999,0.0024928397023069593
0.7625,0.06969849246231155,0.5259499515552988,0.0024651140984639497
0.7625,0.07467336683417086,0.5430927062973552,0.002442569208957579
0.7625,0.07964824120603015,0.5590382518530436,0.0024242459630325897
0.7625,0.08462311557788944,0.5739078145279541,0.002409402759470325
0.7625,0.08959798994974874,0.5878067840820859,0.0023974572767400115
0.7625,0.09457286432160804,0.6008272185585891,0.0023879460412135067
0.7625,0.09954773869346734,0.6130498881573572,0.0023804957256954307
0.7625,0.10452261306532663,0.6245459542116939,0.002374802384613073
0.7625,0.10949748743718593,0.6353783570687992,0.00237061617487222
0.7625,0.11447236180904523,0.6456029701504238,0.0023677299407909302
0.7625,0.11944723618090453,0.6552695648740173,0.002365970568315001
0.7625,0.12442211055276382,0.6644226216553346,0.002365192354582657
0.7625,0.12939698492462312,0.6731020148967184,0.0023652718651148152
0.7625,0.1343718592964824,0.6813435942308776,0.0023661039032079056
0.7625,0.13934673366834172,0.6891796799022867,0.0023675983207773754
0.7625,0.144321608040201,0.6966394867299706,0.0023696774726948977
0.7625,0.1492964824120603,0.7037494883834807,0.002372274168203292
0.7625,0.1542713567839196,0.710533731551685,0.0023753300098900976
0.7625,0.1592462311557789,0.7170141078660485,0.0023787940374218053
0.7625,0.1642211055276382,0.7232105900611788,0.0023826216128590705
0.7625,0.1691959798994975,0.7291414377427659,0.0023867734989331257
0.7625,0.17417085427135678,0.7348233772307542,0.002391215092493626
0.7625,0.1791457286432161,0.7402717592103456,0.0023959157835888867
0.7625,0.18412060301507538,0.7455006973215836,0.00240084841686361
0.7625,0.18909547738693466,0.7505231903295086,0.0024059888367955473
0.7625,0.19407035175879397,0.7553512300765634,0.0024113155020366595
0.7625,0.19904522613065326,0.7599958971455404,0.002416809156891908
0.7625,0.20402010050251257,0.7644674458175272,0.002422452550389531
0.7625,0.20899497487437185,0.7687753796922817,0.0024282301951454865
0.7625,0.21396984924623116,0.7729285191546988,0.002434128159621629
0.7625,0.21894472361809045,0.7769350616929602,0.0024401338885462476
0.7625,0.22391959798994976,0.7808026359367205,0.0024462360471684264
0.7625,0.22889447236180904,0.7845383501651779,0.0024524243857617645
0.7625,0.23386934673366835,0.7881488359342631,0.002458689621413379
0.7625,0.23884422110552764,0.7916402873865026,0.002465023334568217
0.7625,0.24381909547738695,0.7950184967339501,0.002471417878284754
0.7625,0.24879396984924623,0.7982888863419344,0.0024778662983955257
0.7625,0.2537688442211055,0.8014565377875829,0.002484362263120543
0.7625,0.25874371859296486,0.8045262182207913,0.0024909000008466187
0.7625,0.26371859296482414,0.8075024043154295,0.0024974742450045717
0.7625,0.2686934673366834,0.8103893040687724,0.0025040801851219374
0.7625,0.2736683417085427,0.8131908766484626,0.0025107134233524064
0.7625,0.278643216080402,0.8159108505306121,0.002517369935602254
0.7625,0.28361809045226133,0.818552740058745,0.0025240460369002626
0.7625,0.2885929648241206,0.8211198606000162,0.0025307383503796466
0.7625,0.2935678391959799,0.8236153424320054,0.0025374437794827287
0.7625,0.2985427135678392,0.8260421434824268,0.0025441594829920255
0.7625,0.3035175879396985,0.8284030610308039,0.002550882852590197
0.7625,0.3084924623115578,0.8307007424694706,0.002557611492632228
0.7625,0.3134673366834171,0.8329376952109575,0.0025643432018922496
0.7625,0.31844221105527637,0.8351162958197383,0.0025710759570909403
0.7625,0.3234170854271357,0.8372387984382691,0.0025778078979672436
0.7625,0.328391959798995,0.8393073425701459,0.0025845373137711736
0.7625,0.3333668341708543,0.8413239602768875,0.002591262630986968
0.7625,0.33834170854271356,0.8432905828392478,0.002597982402209764
0.7625,0.34331658291457284,0.8452090469292477,0.00260469529599594
0.7625,0.3482914572864322,0.8470811003361989,0.0026114000876282795
0.7625,0.35326633165829147,0.8489084072720198,0.0026180956507499964
0.7625,0.35824120603015075,0.8506925533152888,0.002624780949632699
0.7625,0.36321608040201003,0.8524350499994418,0.0026314550321786534
0.7625,0.36819095477386937,0.8541373390854938,0.0026381170234999196
0.7625,0.37316582914572866,0.8558007965422547,0.0026447661200417194
0.7625,0.37814070351758794,0.857426736257137,0.0026514015841889726
0.7625,0.3831155778894472,0.8590164134985948,0.0026580227393351308
0.7625,0.38809045226130656,0.8605710281493753,0.0026646289653320387
0.7625,0.39306532663316585,0.8620917277280886,0.0026712196943246003
0.7625,0.39804020100502513,0.8635796102150926,0.0026777944069114046
0.7625,0.4030150753768844,0.8650357266973177,0.002684352628609332
0.7625,0.40798994974874375,0.866461083845428,0.0026908939266008236
0.7625,0.41296482412060304,0.8678566462355862,0.0026974179067302817
0.7625,0.4179396984924623,0.8692233385270798,0.0027039242107342876
0.7625,0.4229145728643216,0.8705620475061413,0.0027104125136780954
0.7625,0.4278894472361809,0.8718736240058818,0.0027168825215904135
0.7625,0.4328643216080402,0.8731588847115943,0.002723333969271602
0.7625,0.4378391959798995,0.8744186138513583,0.0027297666182950486
0.7625,0.4428140703517588,0.8756535647982548,0.0027361802551062464
0.7625,0.4477889447236181,0.8768644615713851,0.002742574689284627
0.7625,0.4527638190954774,0.8780520002518261,0.0027489497519421757
0.7625,0.4577386934673367,0.8792168503174016,0.0027553052942246303
0.7625,0.462713567839196,0.8803596559016504,0.00276164118592237
0.7625,0.46768844221105527,0.881481036981966,0.002767957314179892
0.7625,0.4726633165829146,0.882581590501514,0.002774253582303876
0.7625,0.4776381909547739,0.8836618914291934,0.002780529908637641
0.7625,0.4826130653266332,0.8847224937615997,0.0027867862255372966
0.7625,0.48758793969849246,0.8857639314706536,0.0027930224783940805
0.7625,0.49256281407035174,0.8867867194003094,0.0027992386247435164
0.7625,0.4975376884422111,0.8877913541154999,0.002805434633426973
0.7625,0.5025125628140703,0.8887783147062654,0.002811610483807181
0.7625,0.5074874371859297,0.8897480635498013,0.002817766165048141
0.7625,0.512462311557789,0.8907010470329687,0.002823901675424567
0.7625,0.5174371859296483,0.8916376962376461,0.002830017021697495
0.7625,0.5224120603015076,0.8925584275931163,0.0028361122185098786
0.7625,0.5273869346733668,0.8934636434891325,0.0028421872878552357
0.7625,0.5323618090452261,0.8943537328647372,0.002848242258553846
0.7625,0.5373366834170854,0.8952290717666221,0.002854277165759145
0.7625,0.5423115577889447,0.8960900238782297,0.0028602920505151896
0.7625,0.5472864321608041,0.8969369410237176,0.002866286959330777
0.7625,0.5522613065326634,0.8977701636474728,0.002872261943792642
0.7625,0.5572361809045226,0.8985900212705423,0.002878217060187316
0.7625,0.5622110552763819,0.8993968329252714,0.0028841523691589543
0.7625,0.5671859296482412,0.900190907569351,0.0028900679353898173
0.7625,0.5721608040201005,0.9009725444804032,0.002895963827290071
0.7625,0.5771356783919598,0.9017420336321673,0.0029018401167191232
0.7625,0.5821105527638191,0.9024996560532748,0.002907696878717614
0.7625,0.5870854271356784,0.90324568416955,0.002913534191262057
0.7625,0.5920603015075377,0.9039803821307114,0.002919352135025477
0.7625,0.597035175879397,0.9047040061222951,0.0029251507931638
0.7625,0.6020100502512563,0.9054168046635773,0.0029309302511069113
0.7625,0.6069849246231156,0.906119018892221,0.002936690596371916
0.7625,0.6119597989949749,0.9068108828363337,0.002942431918376398
0.7625,0.6169346733668342,0.9074926236745805,0.0029481543082749972
0.7625,0.6219095477386934,0.9081644619854975,0.0029538578587937625
0.7625,0.6268844221105527,0.9088266119864795,0.002959542664083825
0.7625,0.6318592964824121,0.9094792817560936,0.0029652088195952775
0.7625,0.6368341708542714,0.9101226734581106,0.002970856421934398
0.7625,0.6418090452261307,0.9107569835483373,0.0029764855687375302
0.7625,0.64678391959799,0.9113824029746682,0.0029820963585671656
0.7625,0.6517587939698493,0.9119991173687769,0.0029876888907875987
0.7625,0.6567336683417085,0.9126073072298603,0.0029932632654861013
0.7625,0.6617085427135678,0.9132071481008118,0.0029988195833594578
0.7625,0.6666834170854271,0.9137988107371889,0.0030043579456331404
0.7625,0.6716582914572864,0.9143824612693129,0.0030098784539789314
0.7625,0.6766331658291458,0.9149582613578278,0.003015381210433654
0.7625,0.6816080402010051,0.9155263683430216,0.003020866317328341
0.7625,0.6865829145728644,0.9160869353882023,0.0030263338772191783
0.7625,0.6915577889447236,0.9166401116174,0.0030317839928237778
0.7625,0.6965326633165829,0.9171860422476578,0.0030372167669550088
0.7625,0.7015075376884422,0.9177248687161575,0.003042632302477033
0.7625,0.7064824120603015,0.918256728802413,0.0030480307022411335
0.7625,0.7114572864321608,0.9187817567457546,0.0030534120690439703
0.7625,0.7164321608040201,0.9193000833583115,0.0030587765055767324
0.7625,0.7214070351758795,0.919811836133698,0.003064124114384059
0.7625,0.7263819095477387,0.9203171393515878,0.0030694549978245167
0.7625,0.731356783919598,0.9208161141783577,0.0030747692580337382
0.7625,0.7363316582914573,0.9213088787645028,0.0030800669968844563
0.7625,0.7413065326633166,0.9217955483386132,0.003085348315953862
0.7625,0.7462814070351759,0.9222762352925054,0.0030906133165076177
0.7625,0.7512562814070352,0.9227510492731015,0.0030958620994590014
0.7625,0.7562311557788944,0.9232200972640123,0.003101094765339374
0.7625,0.7612060301507538,0.9236834836659178,0.0031063114142828585
0.7625,0.7661809045226131,0.9241413103740534,0.0031115121459948103
0.7625,0.7711557788944724,0.9245936768529249,0.0031166970597391597
0.7625,0.7761306532663317,0.9250406802083625,0.003121866254316208
0.7625,0.781105527638191,0.9254824152570297,0.003127019828041977
0.7625,0.7860804020100502,0.9259189745934873,0.0031321578787313342
0.7625,0.7910552763819095,0.9263504486549126,0.0031372805036902207
0.7625,0.7960301507537688,0.9267769257835706,0.003142387799689672
0.7625,0.8010050251256281,0.9271984922871271,0.0031474798629644862
0.7625,0.8059798994974875,0.9276152324968887,0.003152556789192351
0.7625,0.8109547738693468,0.9280272288240554,0.0031576186734916245
0.7625,0.8159296482412061,0.9284345618140605,0.0031626656104006834
0.7625,0.8209045226130653,0.9288373101990772,0.003167697693880145
0.7625,0.8258793969849246,0.929235550948762,0.0031727150172959906
0.7625,0.8308542713567839,0.929629359319301,0.0031777176734200108
0.7625,0.8358291457286432,0.9300188089008312,0.003182705754419368
0.7625,0.8408040201005025,0.9304039716632925,0.0031876793518430535
0.7625,0.8457788944723619,0.9307849180007743,0.003192638556635874
0.7625,0.8507537688442212,0.9311617167744156,0.0031975834591138064
0.7625,0.8557286432160804,0.9315344353539078,0.003202514148976654
0.7625,0.8607035175879397,0.9319031396576585,0.0032074307152900605
0.7625,0.865678391959799,0.9322678941920988,0.003212333246494836
0.7625,0.8706532663316583,0.9326287620897062,0.003217221830392747
0.7625,0.8756281407035176,0.9329858051419596,0.003222096554161391
0.7625,0.8806030150753769,0.9333390838386841,0.0032269575043419874
0.7625,0.8855778894472361,0.9336886574008073,0.003231804766832047
0.7625,0.8905527638190955,0.9340345838134588,0.0032366384269011395
0.7625,0.8955276381909548,0.93437691985804,0.0032414585691762365
0.7625,0.9005025125628141,0.9347157211432991,0.003246265277649707
0.7625,0.9054773869346734,0.9350510421354512,0.00325105863567976
0.7625,0.9104522613065327,0.9353829361873702,0.0032558387259853383
0.7625,0.915427135678392,0.9357114555668954,0.0032606056306552222
0.7625,0.9204020100502512,0.9360366514842734,0.0032653594311431444
0.7625,0.9253768844221105,0.9363585741187767,0.0032701002082711206
0.7625,0.9303517587939698,0.9366772726445173,0.0032748280422336684
0.7625,0.9353266331658292,0.9369927952554932,0.0032795430125969194
0.7625,0.9403015075376885,0.9373051891898856,0.0032842451983026155
0.7625,0.9452763819095478,0.9376145007536396,0.0032889346776696637
0.7625,0.950251256281407,0.9379207753433493,0.003293611528394802
0.7625,0.9552261306532663,0.938224057468471,0.0032982758275594826
0.7625,0.9602010050251256,0.9385243907728911,0.0033029276516323147
0.7625,0.9651758793969849,0.9388218180558643,0.0033075670764681764
0.7625,0.9701507537688442,0.9391163812923503,0.0033121941773148755
0.7625,0.9751256281407036,0.9394081216527629,0.0033168090288147045
0.7625,0.9801005025125629,0.9396970795221558,0.003321411705009991
0.7625,0.9850753768844221,0.9399832945188613,0.003326002279344653
0.7625,0.9900502512562814,0.940266805512601,0.0033305808246679725
0.7625,0.9950251256281407,0.940547650642085,0.003335147413240591
0.7625,1.0,0.9408258673321174,0.003339702116734067
0.7999999999999999,0.01,0.1378749802537265,0.004712682065390883
0.7999999999999999,0.014974874371859296,0.19320446714964334,0.0038488613493110613
0.7999999999999999,0.019949748743718593,0.24185444844512846,0.0033835819578569293
0.7999999999999999,0.02492462311557789,0.2849660376454211,0.003092970162075881
0.7999999999999999,0.029899497487437185,0.3234346221094727,0.002895395913514065
0.7999999999999999,0.03487437185929648,0.35797243290166997,0.002753542191564984
0.7999999999999999,0.03984924623115578,0.38915304259228106,0.00264779363169354
0.7999999999999999,0.04482412060301508,0.41744353895864317,0.002566804318776539
0.7999999999999999,0.049798994974874375,0.44322815039228725,0.0025035359758258657
0.7999999999999999,0.05477386934673367,0.4668258499669464,0.002453382562646933
0.7999999999999999,0.05974874371859297,0.48850365282506,0.0024131995546110563
0.7999999999999999,0.06472361809045227,0.5084867874709208,0.0023807652994922712
0.7999999999999999,0.06969849246231155,0.5269665662693861,0.0023544649764886127
0.7999999999999999,0.07467336683417086,0.5441065405981189,0.002333096467706408
0.7999999999999999,0.07964824120603015,0.5600473617893987,0.002315746453255496
0.7999999999999999,0.08462311557788944,0.5749106547868019,0.002301708708702499
0.7999999999999999,0.08959798994974874,0.5888021309324903,0.0022904286989828826
0.7999999999999999,0.09457286432160804,0.6018141088041951,0.0022814650775357936
0.7999999999999999,0.09954773869346734,0.6140275704542766,0.002274462353411222
0.7999999999999999,0.10452261306532663,0.6255138500073871,0.002269131115399725
0.7999999999999999,0.10949748743718593,0.6363360291075604,0.0022652334797232943
0.7999999999999999,0.11447236180904523,0.6465500969345597,0.002262572217776704
0.7999999999999999,0.11944723618090453,0.6562059198720389,0.002260982521196553
0.7999999999999999,0.12442211055276382,0.6653480563039342,0.002260325686506137
0.7999999999999999,0.12939698492462312,0.6740164446530009,0.0022604842166797923
0.7999999999999999,0.1343718592964824,0.6822469870896655,0.002261357982110912
0.7999999999999999,0.13934673366834172,0.690072046915147,0.0022628611830781686
0.7999999999999999,0.144321608040201,0.6975208741554845,0.002264919925161868
0.7999999999999999,0.1492964824120603,0.7046199711787724,0.002267470268145777
0.7999999999999999,0.1542713567839196,0.711393407949232,0.0022704566441027474
0.7999999999999999,0.1592462311557789,0.7178630948616326,0.0022738305657192814
0.7999999999999999,0.1642211055276382,0.7240490196522189,0.002277549564764003
0.7999999999999999,0.1691959798994975,0.7299694537854677,0.002281576314326461
0.7999999999999999,0.17417085427135678,0.7356411328135554,0.0022858778988592565
0.7999999999999999,0.1791457286432161,0.7410794144579106,0.0022904252038746797
0.7999999999999999,0.18412060301507538,0.7462984175586842,0.00229519240309628
0.7999999999999999,0.18909547738693466,0.7513111445402989,0.002300156525457453
0.7999999999999999,0.19407035175879397,0.7561295896304303,0.0023052970878720824
0.7999999999999999,0.19904522613065326,0.7607648347293037,0.0023105957824687273
0.7999999999999999,0.20402010050251257,0.7652271345429129,0.0023160362091398934
0.7999999999999999,0.20899497487437185,0.7695259923572267,0.002321603645964787
0.7999999999999999,0.21396984924623116,0.7736702276321977,0.0023272848514508393
0.7999999999999999,0.21894472361809045,0.7776680364293791,0.0023330678935784555
0.7999999999999999,0.22391959798994976,0.7815270455445256,0.0023389420015345053
0.7999999999999999,0.22889447236180904,0.7852543610761255,0.00234489743676769
0.7999999999999999,0.23386934673366835,0.7888566121355406,0.0023509253804345764
0.7999999999999999,0.23884422110552764,0.7923399902063618,0.002357017834960562
0.7999999999999999,0.24381909547738695,0.7957102846741363,0.0023631675376505346
0.7999999999999999,0.24879396984924623,0.798972914949704,0.0023693678847223065
0.7999999999999999,0.2537688442211055,0.8021329595611879,0.002375612864309762
0.7999999999999999,0.25874371859296486,0.8051951825432178,0.0023818969972551063
0.7999999999999999,0.26371859296482414,0.8081640574118868,0.0023882152846583793
0.7999999999999999,0.2686934673366834,0.8110437889792687,0.0023945631613169205
0.7999999999999999,0.2736683417085427,0.8138383332312771,0.0024009364543062794
0.7999999999999999,0.278643216080402,0.8165514154665406,0.0024073313460475365
0.7999999999999999,0.28361809045226133,0.8191865468712433,0.0024137443413452253
0.7999999999999999,0.2885929648241206,0.8217470396856409,0.002420172237869389
0.7999999999999999,0.2935678391959799,0.8242360211050314,0.002426612099719616
0.7999999999999999,0.2985427135678392,0.8266564460064152,0.0024330612336773694
0.7999999999999999,0.3035175879396985,0.8290111086741607,0.0024395171678506244
0.7999999999999999,0.3084924623115578,0.8313026535593087,0.0024459776324377014
0.7999999999999999,0.3134673366834171,0.8335335851902396,0.0024524405423631546
0.7999999999999999,0.31844221105527637,0.835706277306922,0.002458903981614746
0.7999999999999999,0.3234170854271357,0.8378229812887945,0.0024653661890425838
0.7999999999999999,0.328391959798995,0.8398858339392005,0.002471825545512507
0.7999999999999999,0.3333668341708543,0.8418968646829735,0.002478280562239199
0.7999999999999999,0.33834170854271356,0.8438580022281498,0.0024847298701993203
0.7999999999999999,0.34331658291457284,0.8457710807377847,0.0024911722104921097
0.7999999999999999,0.3482914572864322,0.8476378455533985,0.002497606425561516
0.7999999999999999,0.35326633165829147,0.8494599585075998,0.002504031451207922
0.7999999999999999,0.35824120603015075,0.8512390028598861,0.0025104463092766593
0.7999999999999999,0.36321608040201003,0.8529764878902453,0.002516850100985568
0.7999999999999999,0.36819095477386937,0.8546738531635935,0.0025232420008380885
0.7999999999999999,0.37316582914572866,0.8563324725102082,0.0025296212510210747
0.7999999999999999,0.37814070351758794,0.8579536577399682,0.0025359871562922187
0.7999999999999999,0.3831155778894472,0.859538662101255,0.0025423390792809197
0.7999999999999999,0.38809045226130656,0.8610886835129267,0.0025486764361737357
0.7999999999999999,0.39306532663316585,0.862604867584579,0.002554998692749777
0.7999999999999999,0.39804020100502513,0.8640883104410894,0.002561305360736954
0.7999999999999999,0.4030150753768844,0.86554006136609,0.0025675959944546634
0.7999999999999999,0.40798994974874375,0.866961125277767,0.002573870187716709
0.7999999999999999,0.41296482412060304,0.8683524650492659,0.0025801275709831373
0.7999999999999999,0.4179396984924623,0.8697150036849622,0.0025863678087281183
0.7999999999999999,0.4229145728643216,0.8710496263629405,0.002592590597005673
0.7999999999999999,0.4278894472361809,0.8723571823531762,0.0025987956612070207
0.7999999999999999,0.4328643216080402,0.8736384868201612,0.002604982753979579
0.7999999999999999,0.4378391959798995,0.8748943225191581,0.00261115165330561
0.7999999999999999,0.4428140703517588,0.8761254413920574,0.0026173021607225344
0.7999999999999999,0.4477889447236181,0.8773325660609639,0.002623434099674471
0.7999999999999999,0.4527638190954774,0.8785163912522603,0.002629547313978131
0.7999999999999999,0.4577386934673367,0.8796775851270164,0.0026356416664070625
0.7999999999999999,0.462713567839196,0.8808167905388015,0.002641717037368263
0.7999999999999999,0.46768844221105527,0.8819346262206997,0.002647773323688707
0.7999999999999999,0.4726633165829146,0.883031687906132,0.0026538104374678184
0.7999999999999999,0.4776381909547739,0.884108549387753,0.0026598283050263127
0.7999999999999999,0.4826130653266332,0.8851657635183788,0.0026658268659194295
0.7999999999999999,0.48758793969849246,0.8862038631576127,0.002671806072020555
0.7999999999999999,0.49256281407035174,0.8872233620675771,0.0026777658866747878
0.7999999999999999,0.4975376884422111,0.888224755760916,0.002683706283892695
0.7999999999999999,0.5025125628140703,0.8892085223040062,0.0026896272476242267
0.7999999999999999,0.5074874371859297,0.8901751230781181,0.0026955287710592746
0.7999999999999999,0.512462311557789,0.8911250035010669,0.0027014108559826333
0.7999999999999999,0.5174371859296483,0.8920585937117318,0.0027072735121835834
0.7999999999999999,0.5224120603015076,0.8929763092218107,0.00271311675688235
0.7999999999999999,0.5273869346733668,0.8938785515279616,0.00271894061421718
0.7999999999999999,0.5323618090452261,0.8947657086991844,0.002724745114745186
0.7999999999999999,0.5373366834170854,0.8956381559355023,0.0027305302949920396
0.7999999999999999,0.5423115577889447,0.8964962560959427,0.002736296197024757
0.7999999999999999,0.5472864321608041,0.8973403602018192,0.0027420428680482445
0.7999999999999999,0.5522613065326634,0.8981708079155812,0.0027477703600318204
0.7999999999999999,0.5572361809045226,0.8989879279966073,0.0027534787293654883
0.7999999999999999,0.5622110552763819,0.8997920387352226,0.0027591680365239846
0.7999999999999999,0.5671859296482412,0.9005834483661491,0.00276483834576724
0.7999999999999999,0.5721608040201005,0.9013624554625135,0.002770489724849501
0.7999999999999999,0.5771356783919598,0.9021293493114745,0.0027761222447575395
0.7999999999999999,0.5821105527638191,0.9028844102724581,0.0027817359794484187
0.7999999999999999,0.5870854271356784,0.9036279101189372,0.002787331005621896
0.7999999999999999,0.5920603015075377,0.904360112364628,0.0027929074024992673
0.7999999999999999,0.597035175879397,0.9050812725749262,0.0027984652516135355
0.7999999999999999,0.6020100502512563,0.9057916386643587,0.002804004636618007
0.7999999999999999,0.6069849246231156,0.9064914511807752,0.002809525643099331
0.7999999999999999,0.6119597989949749,0.9071809435774751,0.0028150283584207347
0.7999999999999999,0.6169346733668342,0.9078603424731571,0.002820512871546166
0.7999999999999999,0.6219095477386934,0.9085298678967678,0.0028259792728988486
0.7999999999999999,0.6268844221105527,0.9091897335293401,0.002831427654218066
0.7999999999999999,0.6318592964824121,0.9098401469299044,0.00283685810843215
0.7999999999999999,0.6368341708542714,0.9104813097531859,0.0028422707295303606
0.7999999999999999,0.6418090452261307,0.9111134179580739,0.002847665612450978
0.7999999999999999,0.64678391959799,0.9117366620073232,0.0028530428529680574
0.7999999999999999,0.6517587939698493,0.9123512270589091,0.002858402547596617
0.7999999999999999,0.6567336683417085,0.9129572931494453,0.002863744793490719
0.7999999999999999,0.6617085427135678,0.913555035370041,0.0028690696883582056
0.7999999999999999,0.6666834170854271,0.9141446240349629,0.002874377330376099
0.7999999999999999,0.6716582914572864,0.9147262248434407,0.0028796678181086666
0.7999999999999999,0.6766331658291458,0.9152999990349391,0.002884941250441253
0.7999999999999999,0.6816080402010051,0.915866103538204,0.002890197726505672
0.7999999999999999,0.6865829145728644,0.9164246911143696,0.0028954373456160365
0.7999999999999999,0.6915577889447236,0.9169759104944026,0.002900660207213912
0.7999999999999999,0.6965326633165829,0.9175199065111417,0.002905866410800373
0.7999999999999999,0.7015075376884422,0.9180568202261813,0.0029110560558989196
0.7999999999999999,0.7064824120603015,0.9185867890518287,0.002916229241990198
0.7999999999999999,0.7114572864321608,0.9191099468683613,0.002921386068478915
0.7999999999999999,0.7164321608040201,0.9196264241372308,0.0029265266346441
0.7999999999999999,0.7214070351758795,0.9201363480087954,0.0029316510396029116
0.7999999999999999,0.7263819095477387,0.9206398424263015,0.002936759382257126
0.7999999999999999,0.731356783919598,0.9211370282275363,0.0029418517612804784
0.7999999999999999,0.7363316582914573,0.9216280232409898,0.002946928275075811
0.7999999999999999,0.7413065326633166,0.9221129423789559,0.002951989021740875
0.7999999999999999,0.7462814070351759,0.9225918977271983,0.0029570340990463517
0.7999999999999999,0.7512562814070352,0.9230649986313282,0.0029620636044072057
0.7999999999999999,0.7562311557788944,0.9235323517800338,0.0029670776348569294
0.7999999999999999,0.7612060301507538,0.9239940612852946,0.002972076287025782
0.7999999999999999,0.7661809045226131,0.9244502287597056,0.0029770596571203622
0.7999999999999999,0.7711557788944724,0.9249009533910366,0.00298202784090007
0.7999999999999999,0.7761306532663317,0.925346332014134,0.002986980933666894
0.7999999999999999,0.781105527638191,0.9257864591802831,0.002991919030242096
0.7999999999999999,0.7860804020100502,0.9262214272241288,0.002996842224952001
0.7999999999999999,0.7910552763819095,0.9266513263282572,0.003001750611614229
0.7999999999999999,0.7960301507537688,0.9270762445855323,0.003006644283526816
0.7999999999999999,0.8010050251256281,0.9274962680592782,0.00301152333345156
0.7999999999999999,0.8059798994974875,0.9279114808413936,0.003016387853608249
0.7999999999999999,0.8109547738693468,0.9283219651084806,0.003021237935665111
0.7999999999999999,0.8159296482412061,0.9287278011760667,0.0030260736707208302
0.7999999999999999,0.8209045226130653,0.9291290675509941,0.003030895149306767
0.7999999999999999,0.8258793969849246,0.9295258409820515,0.003035702461378076
0.7999999999999999,0.8308542713567839,0.9299181965089113,0.0030404956962986063
0.7999999999999999,0.8358291457286432,0.9303062075094309,0.0030452749428482306
0.7999999999999999,0.8408040201005025,0.9306899457453354,0.003050040289211964
0.7999999999999999,0.8457788944723619,0.9310694814066272,0.0030547918229670845
0.7999999999999999,0.8507537688442212,0.931444883154293,0.0030595296310840236
0.7999999999999999,0.8557286432160804,0.9318162181617222,0.003064253799931249
0.7999999999999999,0.8607035175879397,0.9321835521547785,0.0030689644152634976
0.7999999999999999,0.865678391959799,0.9325469494503453,0.0030736615622326546
0.7999999999999999,0.8706532663316583,0.932906472995056,0.0030783453253466764
0.7999999999999999,0.8756281407035176,0.9332621843992671,0.0030830157885346487
0.7999999999999999,0.8806030150753769,0.9336141439746312,0.0030876730350877235
0.7999999999999999,0.8855778894472361,0.9339624107670002,0.003092317147678436
0.7999999999999999,0.8905527638190955,0.9343070425896857,0.003096948208366701
0.7999999999999999,0.8955276381909548,0.9346480960554525,0.0031015662985898196
0.7999999999999999,0.9005025125628141,0.9349856266075219,0.0031061714991709177
0.7999999999999999,0.9054773869346734,0.9353196885496184,0.003110763890313395
0.7999999999999999,0.9104522613065327,0.9356503350750947,0.003115343551605587
0.7999999999999999,0.915427135678392,0.9359776182951685,0.0031199105620189904
0.7999999999999999,0.9204020100502512,0.9363015892663012,0.003124464999914256
0.7999999999999999,0.9253768844221105,0.9366222980167509,0.0031290069430409684
0.7999999999999999,0.9303517587939698,0.9369397935723246,0.003133536468534759
0.7999999999999999,0.9353266331658292,0.9372541239813638,0.003138053652925965
0.7999999999999999,0.9403015075376885,0.9375653363389834,0.0031425585721409632
0.7999999999999999,0.9452763819095478,0.9378734768105944,0.003147051301500614
0.7999999999999999,0.950251256281407,0.9381785906547335,0.0031515319157289223
0.7999999999999999,0.9552261306532663,0.9384807222452218,0.003156000488948596
0.7999999999999999,0.9602010050251256,0.9387799150926794,0.003160457094689484
0.7999999999999999,0.9651758793969849,0.9390762118654125,0.0031649018058923506
0.7999999999999999,0.9701507537688442,0.9393696544096989,0.0031693346949071
0.7999999999999999,0.9751256281407036,0.9396602837694891,0.003173755833501213
0.7999999999999999,0.9801005025125629,0.9399481402053392,0.0031781652928608572
0.7999999999999999,0.9850753768844221,0.9402332632127436,0.003182563143602435
0.7999999999999999,0.9900502512562814,0.9405156915420246,0.0031869494557503764
0.7999999999999999,0.9950251256281407,0.9407954632138171,0.0031913242987664514
0.7999999999999999,1.0,0.94107261553684,0.003195687741546216
0.8374999999999999,0.01,0.1383333561161781,0.0045030206176055465
0.8374999999999999,0.014974874371859296,0.19380920082631242,0.003678486254581337
0.8374999999999999,0.019949748743718593,0.24257014263352478,0.0032345534513842367
0.8374999999999999,0.02492462311557789,0.28576578866388613,0.0029573721508835416
0.8374999999999999,0.029899497487437185,0.32429769055663127,0.0027689826276307006
0.8374999999999999,0.03487437185929648,0.35888272546138883,0.002633757421949934
0.8374999999999999,0.03984924623115578,0.39009801668873806,0.0025329755299765555
0.8374999999999999,0.04482412060301508,0.41841338009681317,0.00245581124436578
0.8374999999999999,0.049798994974874375,0.44421514847161725,0.0023955502026031805
0.8374999999999999,0.05477386934673367,0.4678239255773587,0.002347798787222022
0.8374999999999999,0.05974874371859297,0.48950799679424933,0.0023095576098381976
0.8374999999999999,0.06472361809045227,0.5094935857025628,0.002278707547529679
0.8374999999999999,0.06969849246231155,0.5279727887319053,0.002253708252381026
0.8374999999999999,0.07467336683417086,0.5451097786184774,0.0022334129919114876
0.8374999999999999,0.07964824120603015,0.5610457018328497,0.0022169504813369656
0.8374999999999999,0.08462311557788944,0.5759025799197203,0.002203646968079509
0.8374999999999999,0.08959798994974874,0.5897864434041561,0.002192973394052
0.8374999999999999,0.09457286432160804,0.6027898688357897,0.002184508678218622
0.8374999999999999,0.09954773869346734,0.6149940475443277,0.002177913648181651
0.8374999999999999,0.10452261306532663,0.6264704839879974,0.002172912177805797
0.8374999999999999,0.10949748743718593,0.6372823987987153,0.0021692773056574133
0.8374999999999999,0.11447236180904523,0.647485894805795,0.002166820863090946
0.8374999999999999,0.11944723618090453,0.6571309314600061,0.0021653856175896102
0.8374999999999999,0.12442211055276382,0.6662621434216124,0.0021648392470317024
0.8374999999999999,0.12939698492462312,0.6749195316389109,0.002165069665580832
0.8374999999999999,0.1343718592964824,0.6831390495069197,0.002165981360277236
0.8374999999999999,0.13934673366834172,0.6909531022341078,0.0021674924923293926
0.8374999999999999,0.144321608040201,0.6983909740510778,0.0021695325832760126
0.8374999999999999,0.1492964824120603,0.7054791951410707,0.002172040652968832
0.8374999999999999,0.1542713567839196,0.7122418579879402,0.002174963709855593
0.8374999999999999,0.1592462311557789,0.7187008910947231,0.002178255518268335
0.8374999999999999,0.1642211055276382,0.7248762966280651,0.002181875585367532
0.8374999999999999,0.1691959798994975,0.730786357416376,0.0021857883234497333
0.8374999999999999,0.17417085427135678,0.7364478178157848,0.002189962353346342
0.8374999999999999,0.1791457286432161,0.7418760422136687,0.002194369921999728
0.8374999999999999,0.18412060301507538,0.7470851543308455,0.0021989864130802506
0.8374999999999999,0.18909547738693466,0.7520881599824664,0.0022037899337850053
0.8374999999999999,0.19407035175879397,0.7568970555419442,0.0022087609644279027
0.8374999999999999,0.19904522613065326,0.7615229240206437,0.002213882060000616
0.8374999999999999,0.20402010050251257,0.7659760203751711,0.002219137594982712
0.8374999999999999,0.20899497487437185,0.7702658474289417,0.002224513544306417
0.8374999999999999,0.21396984924623116,0.7744012235905087,0.0022299972946662194
0.8374999999999999,0.21894472361809045,0.7783903433844863,0.002235577481433104
0.8374999999999999,0.22391959798994976,0.782240831669621,0.0022412438471972607
0.8374999999999999,0.22889447236180904,0.7859597922990278,0.0022469871187560386
0.8374999999999999,0.23386934673366835,0.7895538518761358,0.002252798899752273
0.8374999999999999,0.23884422110552764,0.7930291991735063,0.002258671576769622
0.8374999999999999,0.24381909547738695,0.7963916207079438,0.002264598236936033
0.8374999999999999,0.24879396984924623,0.7996465329037963,0.0022705725954634826
0.8374999999999999,0.2537688442211055,0.8027990112135623,0.0022765889317377663
0.8374999999999999,0.25874371859296486,0.8058538165366186,0.0022826420328543318
0.8374999999999999,0.26371859296482414,0.8088154192177005,0.002288727143607172
0.8374999999999999,0.2686934673366834,0.8116880208801527,0.0022948399220743543
0.8374999999999999,0.2736683417085427,0.8144755743199593,0.002300976400123611
0.8374999999999999,0.278643216080402,0.8171818016581143,0.002307132948202506
0.8374999999999999,0.28361809045226133,0.8198102109266734,0.002313306243892699
0.8374999999999999,0.2885929648241206,0.8223641112439348,0.002319493243783999
0.8374999999999999,0.2935678391959799,0.8248466267168134,0.002325691158253651
0.8374999999999999,0.2985427135678392,0.8272607091932465,0.0023318974288339955
0.8374999999999999,0.3035175879396985,0.8296091499740997,0.0023381097078463142
0.8374999999999999,0.3084924623115578,0.8318945905822969,0.0023443258400692724
0.8374999999999999,0.3134673366834171,0.834119532677506,0.0023505438462056993
0.8374999999999999,0.31844221105527637,0.8362863471900405,0.002356761907905902
0.8374999999999999,0.3234170854271357,0.838397282752513,0.0023629783542673533
0.8374999999999999,0.328391959798995,0.840454473485176,0.002369191649583602
0.8374999999999999,0.3333668341708543,0.8424599461939427,0.0023754003822273884
0.8374999999999999,0.33834170854271356,0.8444156270323778,0.002381603254551612
0.8374999999999999,0.34331658291457284,0.8463233476734684,0.0023877990737160015
0.8374999999999999,0.3482914572864322,0.8481848510327507,0.002393986743318255
0.8374999999999999,0.35326633165829147,0.8500017965803884,0.002400165255774578
0.8374999999999999,0.35824120603015075,0.8517757652762392,0.0024063336853659134
0.8374999999999999,0.36321608040201003,0.8535082641587606,0.002412491181881693
0.8374999999999999,0.36819095477386937,0.8552007306157596,0.002418636964803378
0.8374999999999999,0.37316582914572866,0.8568545363624243,0.002424770317986491
0.8374999999999999,0.37814070351758794,0.8584709911497381,0.0024308905847840734
0.8374999999999999,0.3831155778894472,0.8600513462240643,0.0024369971635853638
0.8374999999999999,0.38809045226130656,0.8615967975586892,0.0024430895036637867
0.8374999999999999,0.39306532663316585,0.8631084888721287,0.0024491671014468253
0.8374999999999999,0.39804020100502513,0.864587514451446,0.0024552294970259236
0.8374999999999999,0.4030150753768844,0.8660349217943527,0.002461276270963708
0.8374999999999999,0.40798994974874375,0.8674517140836322,0.002467307041346123
0.8374999999999999,0.41296482412060304,0.8688388525061717,0.0024733214610681564
0.8374999999999999,0.4179396984924623,0.870197258427869,0.0024793192153291788
0.8374999999999999,0.4229145728643216,0.8715278154347597,0.0024853000193185704
0.8374999999999999,0.4278894472361809,0.8728313712498643,0.0024912636160761004
0.8374999999999999,0.4328643216080402,0.8741087395344984,0.002497209774512177
0.8374999999999999,0.4378391959798995,0.875360701582087,0.002503138287587525
0.8374999999999999,0.4428140703517588,0.8765880079118962,0.002509048970606109
0.8374999999999999,0.4477889447236181,0.877791379769511,0.00251494165965771
0.8374999999999999,0.4527638190954774,0.8789715105397848,0.0025208162101570952
0.8374999999999999,0.4577386934673367,0.8801290670789902,0.0025266724955019804
0.8374999999999999,0.462713567839196,0.8812646909748161,0.002532510405784283
0.8374999999999999,0.46768844221105527,0.8823789997284743,0.0025383298466676862
0.8374999999999999,0.4726633165829146,0.8834725878756935,0.0025441307382905176
0.8374999999999999,0.4776381909547739,0.8845460280445571,0.002549913014260774
0.8374999999999999,0.4826130653266332,0.8855998719554019,0.0025556766207182058
0.8374999999999999,0.48758793969849246,0.8866346513664457,0.0025614215154678988
0.8374999999999999,0.49256281407035174,0.8876508789685505,0.0025671476671671467
0.8374999999999999,0.4975376884422111,0.8886490492322855,0.0025728550545700557
0.8374999999999999,0.5025125628140703,0.889629639210228,0.0025785436658269933
0.8374999999999999,0.5074874371859297,0.8905931092972419,0.0025842134978251163
0.8374999999999999,0.512462311557789,0.8915399039512736,0.0025898645555764155
0.8374999999999999,0.5174371859296483,0.8924704523770429,0.0025954968516532784
0.8374999999999999,0.5224120603015076,0.8933851691748348,0.0026011104056455903
0.8374999999999999,0.5273869346733668,0.8942844549564531,0.002606705243671792
0.8374999999999999,0.5323618090452261,0.8951686969302601,0.0026122813979103654
0.8374999999999999,0.5373366834170854,0.896038269453918,0.0026178389061828344
0.8374999999999999,0.5423115577889447,0.89689353457086,0.0026233778115059003
0.8374999999999999,0.5472864321608041,0.8977348425068171,0.0026288981617443863
0.8374999999999999,0.5522613065326634,0.8985625321487178,0.0026344000092521913
0.8374999999999999,0.5572361809045226,0.8993769315003949,0.0026398834105390012
0.8374999999999999,0.5622110552763819,0.9001783581159923,0.002645348425958316
0.8374999999999999,0.5671859296482412,0.9009671195128257,0.0026507951194176815
0.8374999999999999,0.5721608040201005,0.9017435135648204,0.0026562235581084614
0.8374999999999999,0.5771356783919598,0.9025078288775868,0.002661633812248043
0.8374999999999999,0.5821105527638191,0.9032603451461236,0.0026670259548386976
0.8374999999999999,0.5870854271356784,0.9040013334960815,0.0026724000614544163
0.8374999999999999,0.5920603015075377,0.9047310568094619,0.0026777562100233077
0.8374999999999999,0.597035175879397,0.9054497700355716,0.0026830944806324197
0.8374999999999999,0.6020100502512563,0.9061577204880077,0.0026884149553445535
0.8374999999999999,0.6069849246231156,0.9068551481283992,0.002693717718029731
0.8374999999999999,0.6119597989949749,0.907542285837588,0.0026990028542017708
0.8374999999999999,0.6169346733668342,0.9082193596748943,0.0027042704508617454
0.8374999999999999,0.6219095477386934,0.9088865891260739,0.0027095205963663105
0.8374999999999999,0.6268844221105527,0.9095441873376653,0.0027147533802991397
0.8374999999999999,0.6318592964824121,0.9101923613508975,0.0027199688933214894
0.8374999999999999,0.6368341708542714,0.9108313123146166,0.0027251672270691696
0.8374999999999999,0.6418090452261307,0.9114612356928973,0.002730348474051958
0.8374999999999999,0.64678391959799,0.9120823214652848,0.0027355127275450197
0.8374999999999999,0.6517587939698493,0.912694754317818,0.002740660081488322
0.8374999999999999,0.6567336683417085,0.9132987138261268,0.0027457906304035884
0.8374999999999999,0.6617085427135678,0.9138943746309803,0.0027509044693030393
0.8374999999999999,0.6666834170854271,0.9144819066066491,0.0027560016936198917
0.8374999999999999,0.6716582914572864,0.9150614750224199,0.0027610823991224276
0.8374999999999999,0.6766331658291458,0.9156332406975881,0.0027661466818535985
0.8374999999999999,0.6816080402010051,0.9161973601502316,0.002771194638062191
0.8374999999999999,0.6865829145728644,0.9167539857400541,0.0027762263641448737
0.8374999999999999,0.6915577889447236,0.917303265805576,0.002781241956583802
0.8374999999999999,0.6965326633165829,0.9178453447959264,0.0027862415119006556
0.8374999999999999,0.7015075376884422,0.9183803633974879,0.0027912251266004606
0.8374999999999999,0.7064824120603015,0.9189084586556223,0.0027961928971302896
0.8374999999999999,0.7114572864321608,0.9194297640917045,0.0028011449198313
0.8374999999999999,0.7164321608040201,0.9199444098156664,0.002806081290901652
0.8374999999999999,0.7214070351758795,0.920452522634259,0.002811002106359206
0.8374999999999999,0.7263819095477387,0.9209542261533075,0.002815907462004663
0.8374999999999999,0.731356783919598,0.9214496408824161,0.002820797453385815
0.8374999999999999,0.7363316582914573,0.9219388843289843,0.002825672175765348
0.8374999999999999,0.7413065326633166,0.9224220710902866,0.002830531724096641
0.8374999999999999,0.7462814070351759,0.9228993129437287,0.002835376193003558
0.8374999999999999,0.7512562814070352,0.9233707189330522,0.002840205676741814
0.8374999999999999,0.7562311557788944,0.9238363954513954,0.0028450202691858717
0.8374999999999999,0.7612060301507538,0.9242964463213452,0.002849820063803854
0.8374999999999999,0.7661809045226131,0.9247509728721034,0.00285460515364111
0.8374999999999999,0.7711557788944724,0.9252000740138926,0.002859375631296679
0.8374999999999999,0.7761306532663317,0.9256438463097092,0.0028641315889108565
0.8374999999999999,0.781105527638191,0.9260823840445421,0.0028688731181476523
0.8374999999999999,0.7860804020100502,0.9265157792921528,0.002873600310182134
0.8374999999999999,0.7910552763819095,0.926944121979521,0.0028783132556842173
0.8374999999999999,0.7960301507537688,0.92736749994905,0.002883012044810229
0.8374999999999999,0.8010050251256281,0.9277859990186208,0.002887696767191139
0.8374999999999999,0.8059798994974875,0.9281997030395817,0.002892367511919014
0.8374999999999999,0.8109547738693468,0.9286086939527576,0.0028970243675405793
0.8374999999999999,0.8159296482412061,0.9290130518425533,0.0029016674220534444
0.8374999999999999,0.8209045226130653,0.9294128549892311,0.002906296762889893
0.8374999999999999,0.8258793969849246,0.9298081799194302,0.0029109124769166606
0.8374999999999999,0.8308542713567839,0.9301991014549976,0.0029155146504258322
0.8374999999999999,0.8358291457286432,0.9305856927601989,0.002920103369130178
0.8374999999999999,0.8408040201005025,0.9309680253856846,0.0029246787181667067
0.8374999999999999,0.8457788944723619,0.931346169317413,0.002929240782072462
0.8374999999999999,0.8507537688442212,0.9317201930148628,0.0029337896448005107
0.8374999999999999,0.8557286432160804,0.9320901634537164,0.0029383253897048434
0.8374999999999999,0.8607035175879397,0.9324561461658744,0.002942848099551032
0.8374999999999999,0.865678391959799,0.932818205278151,0.002947357856497801
0.8374999999999999,0.8706532663316583,0.9331764035497326,0.0029518547421123476
0.8374999999999999,0.8756281407035176,0.9335308024084426,0.0029563388373552435
0.8374999999999999,0.8806030150753769,0.9338814619858583,0.0029608102225866517
0.8374999999999999,0.8855778894472361,0.9342284411513248,0.002965268977563662
0.8374999999999999,0.8905527638190955,0.9345717975449,0.002969715181443622
0.8374999999999999,0.8955276381909548,0.9349115876092755,0.0029741489127832477
0.8374999999999999,0.9005025125628141,0.9352478666207066,0.0029785702495312982
0.8374999999999999,0.9054773869346734,0.9355806887189894,0.002982979269043673
0.8374999999999999,0.9104522613065327,0.9359101069365172,0.002987376048072976
0.8374999999999999,0.915427135678392,0.9362361732264518,0.0029917606627767324
0.8374999999999999,0.9204020100502512,0.9365589384900357,0.0029961331887142784
0.8374999999999999,0.9253768844221105,0.936878452603083,0.003000493700848983
0.8374999999999999,0.9303517587939698,0.9371947644416708,0.003004842273558017
0.8374999999999999,0.9353266331658292,0.9375079219070644,0.0030091789806223623
0.8374999999999999,0.9403015075376885,0.937817971949898,0.0030135038952376902
0.8374999999999999,0.9452763819095478,0.9381249605936407,0.003017817090014585
0.8374999999999999,0.950251256281407,0.9384289329573714,0.0030221186369845388
0.8374999999999999,0.9552261306532663,0.9387299332778836,0.0030264086075932894
0.8374999999999999,0.9602010050251256,0.9390280049311471,0.0030306870727137003
0.8374999999999999,0.9651758793969849,0.939323190453145,0.0030349541026475357
0.8374999999999999,0.9701507537688442,0.9396155315598302,0.003039209767122575
0.8374999999999999,0.9751256281407036,0.9399050691668742,0.0030434541353034916
0.8374999999999999,0.9801005025125629,0.9401918434100442,0.00304768727578808
0.8374999999999999,0.9850753768844221,0.9404758936619965,0.00305190925661436
0.8374999999999999,0.9900502512562814,0.9407572585509447,0.00305612014526635
0.8374999999999999,0.9950251256281407,0.941035975978173,0.0030603200086729565
0.8374999999999999,1.0,0.9413120831350547,0.003064508913218855
0.875,0.01,0.13878999519882437,0.004311088598455193
0.875,0.014974874371859296,0.19441027992632515,0.003522408354837081
0.875,0.019949748743718593,0.24328016270025363,0.0030979733390088526
0.875,0.02492462311557789,0.28655813919853196,0.0028330879869298276
0.875,0.029899497487437185,0.3251520450197687,0.002653132220819865
0.875,0.03487437185929648,0.35978335070375966,0.0025240102488583993
0.875,0.03984924623115578,0.3910326302935502,0.0024278110086755067
0.875,0.04482412060301508,0.4193723386456949,0.0023541807585114594
0.875,0.049798994974874375,0.44519084936428127,0.0022967000930853576
0.875,0.05477386934673367,0.46881035647480235,0.0022511696900264777
0.875,0.05974874371859297,0.4905003919118258,0.002214723505013172
0.875,0.06472361809045227,0.5104881614641118,0.002185336992466258
0.875,0.06969849246231155,0.5289665391907439,0.002161538729355428
0.875,0.07467336683417086,0.5461003162713205,0.002142233371506208
0.875,0.07964824120603015,0.5620311331246706,0.002126588701976795
0.875,0.08462311557788944,0.5768814073962732,0.0021139611761795685
0.875,0.08959798994974874,0.5907574884330746,0.0021038454430442055
0.875,0.09457286432160804,0.6037522102825947,0.0020958392735250797
0.875,0.09954773869346734,0.6159469728849295,0.0020896186643626358
0.875,0.10452261306532663,0.6274134501401211,0.002084919825441345
0.875,0.10949748743718593,0.6382150006326964,0.002081525924527039
0.875,0.11447236180904523,0.6484078397028792,0.002079257183295713
0.875,0.11944723618090453,0.6580420186785961,0.0020779633750547255
0.875,0.12442211055276382,0.6671622472993058,0.0020775180705228102
0.875,0.12939698492462312,0.6758085878685014,0.002077814174058723
0.875,0.1343718592964824,0.6840170438859747,0.0020787604248200253
0.875,0.13934673366834172,0.6918200614078681,0.0020802786280011976
0.875,0.144321608040201,0.6992469579000087,0.0020823014445743304
0.875,0.1492964824120603,0.7063242904707273,0.0020847706123785503
0.875,0.1542713567839196,0.7130761733073897,0.0020876355036920646
0.875,0.1592462311557789,0.7195245522832389,0.0020908519473701315
0.875,0.1642211055276382,0.725689443333478,0.002094381260753897
0.875,0.1691959798994975,0.7315891400580024,0.002098189449142751
0.875,0.17417085427135678,0.7372403950884008,0.0021022465400275525
0.875,0.1791457286432161,0.7426585790078771,0.00210652602643413
0.875,0.18412060301507538,0.7478578200000541,0.0021110043991570127
0.875,0.18909547738693466,0.7528511268992002,0.002115660751822901
0.875,0.19407035175879397,0.7576504978990347,0.002120476445935049
0.875,0.19904522613065326,0.7622670168331361,0.0021254348256092293
0.875,0.20402010050251257,0.7667109386537778,0.002130520973645522
0.875,0.20899497487437185,0.7709917654970988,0.0021357215021462483
0.875,0.21396984924623116,0.7751183145192239,0.0021410243721762257
0.875,0.21894472361809045,0.7790987785309327,0.0021464187378470445
0.875,0.22391959798994976,0.7829407803119507,0.0021518948111176606
0.875,0.22889447236180904,0.7866514213298383,0.0021574437442073435
0.875,0.23386934673366835,0.7902373255622304,0.0021630575270092933
0.875,0.23884422110552764,0.7937046789674065,0.0021687288972995766
0.875,0.24381909547738695,0.7970592651030803,0.0021744512620134326
0.875,0.24879396984924623,0.8003064973249364,0.0021802186279769042
0.875,0.2537688442211055,0.8034514479420516,0.0021860255408496787
0.875,0.25874371859296486,0.8064988746595538,0.002191867031154704
0.875,0.26371859296482414,0.809453244598507,0.0021977385664795346
0.875,0.2686934673366834,0.8123187561481138,0.002203636009043608
0.875,0.2736683417085427,0.8150993588750914,0.0022095555779653164
0.875,0.278643216080402,0.8177987716888013,0.002215493815605152
0.875,0.28361809045226133,0.8204204994353629,0.0022214475575428327
0.875,0.2885929648241206,0.8229678480821037,0.0022274139056910336
0.875,0.2935678391959799,0.8254439386372598,0.0022333902041828946
0.875,0.2985427135678392,0.8278517198950808,0.0022393740177817367
0.875,0.3035175879396985,0.8301939801569805,0.0022453631124164097
0.875,0.3084924623115578,0.8324733580042429,0.002251355437663305
0.875,0.3134673366834171,0.8346923522142956,0.0022573491109518784
0.875,0.31844221105527637,0.8368533308993786,0.002263342403283186
0.875,0.3234170854271357,0.8389585399375085,0.002269333726317546
0.875,0.328391959798995,0.8410101107589417,0.0022753216206763405
0.875,0.3333668341708543,0.8430100675448973,0.002281304745323842
0.875,0.33834170854271356,0.844960333889653,0.002287281867931812
0.875,0.34331658291457284,0.8468627389721144,0.0022932518561082915
0.875,0.3482914572864322,0.8487190232735957,0.0022992136694321985
0.875,0.35326633165829147,0.8505308438994306,0.0023051663521456156
0.875,0.35824120603015075,0.8522997795089242,0.0023111090265224288
0.875,0.36321608040201003,0.8540273349001042,0.002317040886818722
0.875,0.36819095477386937,0.8557149452814303,0.0023229611937074512
0.875,0.37316582914572866,0.85736398024864,0.002328869269204503
0.875,0.37814070351758794,0.8589757474919494,0.0023347644920137522
0.875,0.3831155778894472,0.8605514962547023,0.0023406462932555883
0.875,0.38809045226130656,0.8620924205626923,0.0023465141525473854
0.875,0.39306532663316585,0.8635996622417076,0.0023523675943983857
0.875,0.39804020100502513,0.8650743137393229,0.0023582061849038993
0.875,0.4030150753768844,0.8665174207655978,0.0023640295286799784
0.875,0.40798994974874375,0.8679299847660973,0.002369837266074093
0.875,0.41296482412060304,0.8693129652358756,0.0023756290705709837
0.875,0.4179396984924623,0.8706672819010012,0.0023814046463790373
0.875,0.4229145728643216,0.8719938167544107,0.002387163726249808
0.875,0.4278894472361809,0.8732934159694793,0.002392906069421441
0.875,0.4328643216080402,0.874566891701465,0.00239863145974728
0.875,0.4378391959798995,0.875815023780026,0.0024043397039401615
0.875,0.4428140703517588,0.877038561301684,0.0024100306299661423
0.875,0.4477889447236181,0.8782382241290616,0.002415704085534598
0.875,0.4527638190954774,0.8794147043032042,0.002421359936725098
0.875,0.4577386934673367,0.8805686673748041,0.0024269980666904445
0.875,0.462713567839196,0.8817007536597132,0.0024326183744636243
0.875,0.46768844221105527,0.8828115794237172,0.0024382207738538053
0.875,0.4726633165829146,0.8839017380011774,0.002443805192406945
0.875,0.4776381909547739,0.8849718008518135,0.0024493715704549945
0.875,0.4826130653266332,0.886022318557345,0.0024549198602283884
0.875,0.48758793969849246,0.8870538217706525,0.0024604500250102745
0.875,0.49256281407035174,0.8880668221083474,0.002465962038376679
0.875,0.4975376884422111,0.8890618129945203,0.002471455883470197
0.875,0.5025125628140703,0.890039270463436,0.0024769315523462954
0.875,0.5074874371859297,0.8909996539189363,0.0024823890453249398
0.875,0.512462311557789,0.8919434068543897,0.0024878283704306003
0.875,0.5174371859296483,0.8928709575355616,0.0024932495428322543
0.875,0.5224120603015076,0.8937827196486141,0.002498652584344452
0.875,0.5273869346733668,0.894679092915293,0.0025040375229465894
0.875,0.5323618090452261,0.8955604636772259,0.0025094043923572507
0.875,0.5373366834170854,0.8964272054511255,0.002514753231597666
0.875,0.5423115577889447,0.8972796794565757,0.0025200840846277828
0.875,0.5472864321608041,0.8981182351179641,0.002525396999965457
0.875,0.5522613065326634,0.8989432105420305,0.002530692030370263
0.875,0.5572361809045226,0.8997549329723297,0.0025359692325086503
0.875,0.5622110552763819,0.9005537192197974,0.0025412286666735007
0.875,0.5671859296482412,0.9013398760816893,0.0025464703964943602
0.875,0.5721608040201005,0.9021137007280444,0.002551694488687639
0.875,0.5771356783919598,0.9028754810782604,0.0025569010128165814
0.875,0.5821105527638191,0.9036254961582665,0.0025620900410545655
0.875,0.5870854271356784,0.9043640164412781,0.0025672616479834875
0.875,0.5920603015075377,0.9050913041730002,0.0025724159103952537
0.875,0.597035175879397,0.905807613682106,0.0025775529070928282
0.875,0.6020100502512563,0.906513191676761,0.0025826727187268084
0.875,0.6069849246231156,0.9072082775279176,0.0025877754276364406
0.875,0.6119597989949749,0.9078931035400664,0.0025928611176795346
0.875,0.6169346733668342,0.9085678952100854,0.00259792987410834
0.875,0.6219095477386934,0.9092328714747947,0.0026029817834176683
0.875,0.6268844221105527,0.909888244947784,0.0026080169332380887
0.875,0.6318592964824121,0.9105342221460576,0.0026130354121953747
0.875,0.6368341708542714,0.9111710037069971,0.0026180373098203535
0.875,0.6418090452261307,0.9117987845961255,0.002623022716434109
0.875,0.64678391959799,0.9124177543059107,0.0026279917230553895
0.875,0.6517587939698493,0.9130280970457672,0.002632944421306904
0.875,0.6567336683417085,0.9136299919279872,0.0026378809033247297
0.875,0.6617085427135678,0.914223613139581,0.002642801261696359
0.875,0.6666834170854271,0.9148091301114891,0.002647705589363447
0.875,0.6716582914572864,0.9153867076798093,0.0026525939795691844
0.875,0.6766331658291458,0.915956506240508,0.002657466525786578
0.875,0.6816080402010051,0.9165186818979218,0.00266232332165095
0.875,0.6865829145728644,0.9170733866073405,0.0026671644609157497
0.875,0.6915577889447236,0.9176207683119406,0.002671990037388161
0.875,0.6965326633165829,0.9181609710743335,0.0026768001448838064
0.875,0.7015075376884422,0.9186941352029705,0.002681594877171678
0.875,0.7064824120603015,0.919220397373638,0.0026863743279452734
0.875,0.7114572864321608,0.9197398907462675,0.0026911385907721908
0.875,0.7164321608040201,0.9202527450772631,0.0026958877590530506
0.875,0.7214070351758795,0.9207590868275531,0.002700621925992408
0.875,0.7263819095477387,0.9212590392665513,0.002705341184563226
0.875,0.731356783919598,0.9217527225722036,0.0027100456274746776
0.875,0.7363316582914573,0.9222402539272997,0.002714735347141284
0.875,0.7413065326633166,0.9227217476122032,0.0027194104356664806
0.875,0.7462814070351759,0.9231973150941583,0.002724070984805982
0.875,0.7512562814070352,0.9236670651133206,0.0027287170859449095
0.875,0.7562311557788944,0.9241311037649002,0.0027333488300878006
0.875,0.7612060301507538,0.9245895345811768,0.0027379663078297423
0.875,0.7661809045226131,0.9250424586065432,0.002742569609330836
0.875,0.7711557788944724,0.9254899744722868,0.002747158824320195
0.875,0.7761306532663317,0.925932178468246,0.0027517340420608605
0.875,0.781105527638191,0.9263691646118833,0.002756295351342475
0.875,0.7860804020100502,0.926801024714924,0.002760842840470845
0.875,0.7910552763819095,0.9272278484476648,0.0027653765972497357
0.875,0.7960301507537688,0.927649723401046,0.002769896708977093
0.875,0.8010050251256281,0.9280667351465757,0.0027744032624250625
0.875,0.8059798994974875,0.9284789672941948,0.0027788963438413194
0.875,0.8109547738693468,0.9288865015481638,0.002783376038937746
0.875,0.8159296482412061,0.9292894177610481,0.0027878424328713347
0.875,0.8209045226130653,0.92968779398588,0.002792295610256401
0.875,0.8258793969849246,0.9300817065265671,0.002796735655145932
0.875,0.8308542713567839,0.9304712299866144,0.0028011626510262566
0.875,0.8358291457286432,0.9308564373162289,0.002805576680822597
0.875,0.8408040201005025,0.9312373998578657,0.002809977826883747
0.875,0.8457788944723619,0.931614187390276,0.0028143661709782997
0.875,0.8507537688442212,0.9319868681711169,0.002818741794307522
0.875,0.8557286432160804,0.9323555089781735,0.0028231047774798235
0.875,0.8607035175879397,0.9327201751492485,0.002827455200523632
0.875,0.865678391959799,0.9330809306207686,0.0028317931428838428
0.875,0.8706532663316583,0.9334378379651554,0.0028361186834209295
0.875,0.8756281407035176,0.9337909584270067,0.0028404319004016187
0.875,0.8806030150753769,0.9341403519581307,0.002844732871511102
0.875,0.8855778894472361,0.9344860772514146,0.0028490216738439322
0.875,0.8905527638190955,0.9348281917735978,0.0028532983839084647
0.875,0.8955276381909548,0.9351667517977832,0.002857563077626857
0.875,0.9005025125628141,0.9355018124335065,0.0028618158303308494
0.875,0.9054773869346734,0.935833427656923,0.002866056716772647
0.875,0.9104522613065327,0.9361616503397943,0.0028702858111162577
0.875,0.915427135678392,0.9364865322775913,0.002874503186944377
0.875,0.9204020100502512,0.9368081242167419,0.0028787089172614966
0.875,0.9253768844221105,0.9371264758810562,0.0028829030744903505
0.875,0.9303517587939698,0.9374416359973563,0.002887085730482797
0.875,0.9353266331658292,0.9377536523203398,0.00289125695650827
0.875,0.9403015075376885,0.9380625716567018,0.00289541682327199
0.875,0.9452763819095478,0.9383684398885429,0.0028995654009029703
0.875,0.950251256281407,0.9386713019960877,0.002903702758976223
0.875,0.9552261306532663,0.9389712020797348,0.0029078289664872248
0.875,0.9602010050251256,0.9392681833814654,0.002911944091884111
0.875,0.9651758793969849,0.9395622883056277,0.0029160482030532453
0.875,0.9701507537688442,0.9398535584391218,0.002920141367325435
0.875,0.9751256281407036,0.9401420345710025,0.002924223651485258
0.875,0.9801005025125629,0.940427756711522,0.0029282951217681763
0.875,0.9850753768844221,0.9407107641106287,0.0029323558438607567
0.875,0.9900502512562814,0.9409910952759417,0.0029364058829175477
0.875,0.9950251256281407,0.9412687879902178,0.0029404453035588585
0.875,1.0,0.9415438793283276,0.0029444741698583243
0.9125,0.01,0.13924510702554918,0.004134680653535838
0.9125,0.014974874371859296,0.19500807051306565,0.0033788139148824836
0.9125,0.019949748743718593,0.24398481732184937,0.0029722128410447635
0.9125,0.02492462311557789,0.2873430245305223,0.002718584027533222
0.9125,0.029899497487437185,0.3259970386812286,0.0025463680695123614
0.9125,0.03487437185929648,0.36067303654497535,0.0024228675238424646
0.9125,0.03984924623115578,0.3919550588687695,0.0023309069352344114
0.9125,0.04482412060301508,0.42031816111902526,0.0022605592904239025
0.9125,0.049798994974874375,0.44615269974205873,0.002205671257014652
0.9125,0.05477386934673367,0.4697824012837076,0.0021622188385870267
0.9125,0.05974874371859297,0.49147799526550545,0.0021274566383162608
0.9125,0.06472361809045227,0.5114676316417361,0.0020994460604415455
0.9125,0.06969849246231155,0.5299449341847847,0.002076778663860246
0.9125,0.07467336683417086,0.5470752928875872,0.002058406343910635
0.9125,0.07964824120603015,0.5630008287986593,0.0020435330150558872
0.9125,0.08462311557788944,0.5778443469264289,0.002031543231572508
0.9125,0.08959798994974874,0.5917125099030259,0.002021953810198651
0.9125,0.09457286432160804,0.6046984058958751,0.0020143802308407732
0.9125,0.09954773869346734,0.6168836414776704,0.00200851279430303
0.9125,0.10452261306532663,0.6283400588993107,0.00200409937852819
0.9125,0.10949748743718593,0.6391311541132366,0.0020009327536447685
0.9125,0.11447236180904523,0.6493132546615248,0.0019988411072833223
0.9125,0.11944723618090453,0.6589365035653859,0.001997680869614049
0.9125,0.12442211055276382,0.6680456854942025,0.001997331211719189
0.9125,0.12939698492462312,0.6766809239416502,0.0019976897787656878
0.9125,0.1343718592964824,0.6848782723087417,0.0019986693461719884
0.9125,0.13934673366834172,0.6926702172628413,0.0020001951740047375
0.9125,0.144321608040201,0.7000861091949262,0.002002202895206251
0.9125,0.1492964824120603,0.7071525317976859,0.002004636816188121
0.9125,0.1542713567839196,0.7138936206006941,0.0020074485389485197
0.9125,0.1592462311557789,0.7203313384625962,0.0020105958358727083
0.9125,0.1642211055276382,0.7264857146913213,0.002014041724990312
0.9125,0.1691959798994975,0.7323750532595196,0.002017753705234826
0.9125,0.17417085427135678,0.7380161146791747,0.0020217031204254887
0.9125,0.1791457286432161,0.7434242753431266,0.00202586462744625
0.9125,0.18412060301507538,0.7486136675247419,0.002030215749309283
0.9125,0.18909547738693466,0.7535973027206826,0.0020347364977657545
0.9125,0.19407035175879397,0.7583871806040384,0.0020394090532021014
0.9125,0.19904522613065326,0.7629943855091137,0.002044217491999234
0.9125,0.20402010050251257,0.7674291720814606,0.002049147553369046
0.9125,0.20899497487437185,0.7717010414866324,0.002054186439182537
0.9125,0.21396984924623116,0.7758188093699946,0.0020593226415548394
0.9125,0.21894472361809045,0.7797906665908851,0.0020645457937493727
0.9125,0.22391959798994976,0.7836242336109481,0.0020698465409270117
0.9125,0.22889447236180904,0.7873266092969379,0.002075216427650739
0.9125,0.23386934673366835,0.7909044148074306,0.002080647799765467
0.9125,0.23884422110552764,0.794363833104108,0.0020861337185380524
0.9125,0.24381909547738695,0.7977106446165337,0.0020916678853211135
0.9125,0.24879396984924623,0.8009502594765151,0.002097244575305579
0.9125,0.2537688442211055,0.804087746703592,0.002102858579087652
0.9125,0.25874371859296486,0.8071278606728894,0.002108505151052098
0.9125,0.26371859296482414,0.8100750651560672,0.0021141799636206215
0.9125,0.2686934673366834,0.8129335551910886,0.0021198790666678846
0.9125,0.2736683417085427,0.8157072770061893,0.0021255988513926294
0.9125,0.278643216080402,0.8183999461970799,0.0021313360181411944
0.9125,0.28361809045226133,0.821015064333483,0.002137087547646077
0.9125,0.2885929648241206,0.8235559341511017,0.002142850675322716
0.9125,0.2935678391959799,0.8260256734676332,0.002148622868208161
0.9125,0.2985427135678392,0.8284272279426865,0.0021544018042762847
0.9125,0.3035175879396985,0.8307633828074682,0.0021601853538184557
0.9125,0.3084924623115578,0.8330367736330883,0.002165971562690272
0.9125,0.3134673366834171,0.8352498962509064,0.0021717586371869935
0.9125,0.31844221105527637,0.8374051158932105,0.0021775449303935712
0.9125,0.3234170854271357,0.8395046756253031,0.002183328929823647
0.9125,0.328391959798995,0.841550704132605,0.002189109246221621
0.9125,0.3333668341708543,0.8435452229196106,0.002194884603420988
0.9125,0.33834170854271356,0.845490152971878,0.0022006538291075017
0.9125,0.34331658291457284,0.8473873209272096,0.0022064158464485395
0.9125,0.3482914572864322,0.8492384647976955,0.002212169666438779
0.9125,0.35326633165829147,0.8510452392803042,0.0022179143809599733
0.9125,0.35824120603015075,0.8528092206901247,0.002223649156411378
0.9125,0.36321608040201003,0.854531911547181,0.002229373227917053
0.9125,0.36819095477386937,0.8562147448444642,0.0022350858940236584
0.9125,0.37316582914572866,0.8578590880223665,0.0022407865118299064
0.9125,0.37814070351758794,0.8594662466798362,0.0022464744925434488
0.9125,0.3831155778894472,0.8610374680259167,0.002252149297395034
0.9125,0.38809045226130656,0.8625739441095609,0.002257810433891949
0.9125,0.39306532663316585,0.864076814835726,0.0022634574523807682
0.9125,0.39804020100502513,0.8655471707857066,0.002269089942863012
0.9125,0.4030150753768844,0.8669860558563732,0.0022747075320994625
0.9125,0.40798994974874375,0.8683944697317368,0.0022803098809129896
0.9125,0.41296482412060304,0.8697733701991401,0.002285896681706756
0.9125,0.4179396984924623,0.8711236753213503,0.0022914676562018066
0.9125,0.4229145728643216,0.8724462654749054,0.0022970225533027744
0.9125,0.4278894472361809,0.8737419852642281,0.0023025611471703122
0.9125,0.4328643216080402,0.8750116453202459,0.002308083235402325
0.9125,0.4378391959798995,0.8762560239915725,0.0023135886373786274
0.9125,0.4428140703517588,0.8774758689356619,0.0023190771927126264
0.9125,0.4477889447236181,0.878671898616768,0.002324548759825351
0.9125,0.4527638190954774,0.8798448037156502,0.0023300032146178484
0.9125,0.4577386934673367,0.8809952484634024,0.0023354404492363923
0.9125,0.462713567839196,0.8821238718923765,0.002340860370941389
0.9125,0.46768844221105527,0.8832312890206442,0.0023462629010422287
0.9125,0.4726633165829146,0.8843180919696563,0.002351647973915849
0.9125,0.4776381909547739,0.8853848510199411,0.0023570155360899125
0.9125,0.4826130653266332,0.8864321156089272,0.0023623655453943737
0.9125,0.48758793969849246,0.8874604152745562,0.0023676979701696688
0.9125,0.49256281407035174,0.8884702605480945,0.002373012788523532
0.9125,0.4975376884422111,0.8894621437993018,0.0023783099876599767
0.9125,0.5025125628140703,0.8904365400369011,0.0023835895632200454
0.9125,0.5074874371859297,0.8913939076670807,0.0023888515187053816
0.9125,0.512462311557789,0.8923346892125742,0.0023940958649040223
0.9125,0.5174371859296483,0.8932593119946888,0.002399322619391242
0.9125,0.5224120603015076,0.8941681887804891,0.002404531806032173
0.9125,0.5273869346733668,0.8950617183971966,0.002409723454530832
0.9125,0.5323618090452261,0.8959402863157276,0.002414897600020005
0.9125,0.5373366834170854,0.8968042652051582,0.0024200542826571247
0.9125,0.5423115577889447,0.8976540154597994,0.002425193547254123
0.9125,0.5472864321608041,0.8984898856999467,0.0024303154429470286
0.9125,0.5522613065326634,0.8993122132500166,0.0024354200228606793
0.9125,0.5572361809045226,0.9001213245916083,0.0024405073438122926
0.9125,0.5622110552763819,0.9009175357955537,0.0024455774660407936
0.9125,0.5671859296482412,0.9017011529337882,0.002450630452920599
0.9125,0.5721608040201005,0.9024724724716413,0.0024556663707451243
0.9125,0.5771356783919598,0.9032317816418023,0.0024606852884705432
0.9125,0.5821105527638191,0.9039793588009502,0.002465687277515949
0.9125,0.5870854271356784,0.9047154737699814,0.002470672411550412
0.9125,0.5920603015075377,0.9054403881587061,0.0024756407663151236
0.9125,0.597035175879397,0.9061543556758349,0.002480592419441763
0.9125,0.6020100502512563,0.9068576224250282,0.0024855274502808555
0.9125,0.6069849246231156,0.9075504271877328,0.00249044593975567
0.9125,0.6119597989949749,0.9082330016934892,0.00249534797021167
0.9125,0.6169346733668342,0.9089055708783523,0.002500233625279291
0.9125,0.6219095477386934,0.9095683531320308,0.00250510298975426
0.9125,0.6268844221105527,0.9102215605343154,0.0025099561494659195
0.9125,0.6318592964824121,0.9108653990813355,0.002514793191170428
0.9125,0.6368341708542714,0.9115000689021514,0.0025196142024555
0.9125,0.6418090452261307,0.9121257644661475,0.0025244192716249447
0.9125,0.64678391959799,0.9127426747817023,0.0025292084876162857
0.9125,0.6517587939698493,0.913350983586545,0.0025339819399166075
0.9125,0.6567336683417085,0.9139508695302031,0.002538739718477512
0.9125,0.6617085427135678,0.9145425063489241,0.0025434819136354037
0.9125,0.6666834170854271,0.9151260630332513,0.0025482086160526496
0.9125,0.6716582914572864,0.9157017039894126,0.0025529199166387517
0.9125,0.6766331658291458,0.9162695891934367,0.0025576159064981674
0.9125,0.6816080402010051,0.9168298743393243,0.0025622966768634736
0.9125,0.6865829145728644,0.9173827109814389,0.002566962319048516
0.9125,0.6915577889447236,0.9179282466711808,0.0025716129243968933
0.9125,0.6965326633165829,0.9184666250882809,0.0025762485842240057
0.9125,0.7015075376884422,0.918997986166962,0.002580869389792406
0.9125,0.7064824120603015,0.9195224662171972,0.00258547543224652
0.9125,0.7114572864321608,0.9200401980412896,0.0025900668025993223
0.9125,0.7164321608040201,0.9205513110459786,0.0025946435916741617
0.9125,0.7214070351758795,0.9210559313502762,0.0025992058900867754
0.9125,0.7263819095477387,0.9215541818892184,0.0026037537882033224
0.9125,0.731356783919598,0.9220461825137123,0.002608287376117291
0.9125,0.7363316582914573,0.9225320500866496,0.0026128067436204105
0.9125,0.7413065326633166,0.923011898575448,0.002617311980180448
0.9125,0.7462814070351759,0.9234858391411748,0.0026218031749118964
0.9125,0.7512562814070352,0.9239539802243978,0.002626280416561766
0.9125,0.7562311557788944,0.9244164276279047,0.002630743793478718
0.9125,0.7612060301507538,0.924873284596422,0.0026351933936077376
0.9125,0.7661809045226131,0.9253246518934606,0.002639629304465263
0.9125,0.7711557788944724,0.9257706278754075,0.0026440516131189806
0.9125,0.7761306532663317,0.9262113085629781,0.0026484604061869366
0.9125,0.781105527638191,0.9266467877101386,0.0026528557698080046
0.9125,0.7860804020100502,0.9270771568706029,0.0026572377896434407
0.9125,0.7910552763819095,0.9275025054620004,0.0026616065508549003
0.9125,0.7960301507537688,0.9279229208278131,0.0026659621381033283
0.9125,0.8010050251256281,0.928338488297169,0.0026703046355307514
0.9125,0.8059798994974875,0.9287492912425789,0.002674634126761166
0.9125,0.8109547738693468,0.9291554111356993,0.0026789506948816655
0.9125,0.8159296482412061,0.9295569276011987,0.0026832544224453247
0.9125,0.8209045226130653,0.929953918468757,0.0026875453914629865
0.9125,0.8258793969849246,0.9303464598234774,0.0026918236833921583
0.9125,0.8308542713567839,0.9307346260544203,0.0026960893791383445
0.9125,0.8358291457286432,0.9311184899015872,0.002700342559050606
0.9125,0.8408040201005025,0.9314981225013831,0.00270458330291401
0.9125,0.8457788944723619,0.9318735934305648,0.0027088116899463
0.9125,0.8507537688442212,0.9322449707487515,0.0027130277988007823
0.9125,0.8557286432160804,0.9326123210395532,0.002717231707558998
0.9125,0.8607035175879397,0.9329757094503661,0.0027214234937353865
0.9125,0.865678391959799,0.933335199730891,0.002725603234262186
0.9125,0.8706532663316583,0.9336908542704151,0.0027297710055051994
0.9125,0.8756281407035176,0.9340427341339093,0.0027339268832557995
0.9125,0.8806030150753769,0.9343908990969803,0.0027380709427260452
0.9125,0.8855778894472361,0.9347354076797233,0.0027422032585595613
0.9125,0.8905527638190955,0.9350763171795129,0.0027463239048186594
0.9125,0.8955276381909548,0.9354136837027707,0.0027504329549981055
0.9125,0.9005025125628141,0.9357475621957494,0.0027545304820217886
0.9125,0.9054773869346734,0.936078006474366,0.0027586165582322852
0.9125,0.9104522613065327,0.9364050692531184,0.0027626912554150618
0.9125,0.915427135678392,0.9367288021731209,0.0027667546447811553
0.9125,0.9204020100502512,0.937049255829285,0.002770806796974057
0.9125,0.9253768844221105,0.937366479796681,0.002774847782076595
0.9125,0.9303517587939698,0.9376805226561041,0.0027788776696087147
0.9125,0.9353266331658292,0.9379914320188782,0.0027828965285328078
0.9125,0.9403015075376885,0.9382992545509174,0.0027869044272483823
0.9125,0.9452763819095478,0.9386040359960771,0.002790901433610715
0.9125,0.950251256281407,0.9389058211988152,0.0027948876149139767
0.9125,0.9552261306532663,0.9392046541261883,0.0027988630379101043
0.9125,0.9602010050251256,0.9395005778892063,0.002802827768799032
0.9125,0.9651758793969849,0.9397936347635647,0.002806781873248676
0.9125,0.9701507537688442,0.9400838662097797,0.0028107254163800555
0.9125,0.9751256281407036,0.9403713128927408,0.0028146584627819493
0.9125,0.9801005025125629,0.9406560147007054,0.0028185810765113395
0.9125,0.9850753768844221,0.9409380107637515,0.002822493321092079
0.9125,0.9900502512562814,0.9412173394717063,0.0028263952595308783
0.9125,0.9950251256281407,0.941494038491568,0.002830286954306427
0.9125,1.0,0.9417681447844392,0.002834168467382492
0.95,0.01,0.1396989447126077,0.003971944551170781
0.95,0.014974874371859296,0.19560309825589936,0.003246182326459346
0.95,0.019949748743718593,0.24468488212567147,0.0028559070849967227
0.95,0.02492462311557789,0.28812132579963945,0.0026125675973354134
0.95,0.029899497487437185,0.326833431493312,0.002447424406094356
0.95,0.03487437185929648,0.36155219678207245,0.0023290671647446803
0.95,0.03984924623115578,0.3928652088793531,0.002240995765401932
0.95,0.04482412060301508,0.4212501686396169,0.002173673215714489
0.95,0.049798994974874375,0.4470994306397695,0.0021211879036950876
0.95,0.05477386934673367,0.4707382480493174,0.0020796740418698167
0.95,0.05974874371859297,0.4924385290744987,0.002046494403385779
0.95,0.06472361809045227,0.5124293424694948,0.002019787047834898
0.95,0.06969849246231155,0.5309050344525412,0.0019981995076561176
0.95,0.07467336683417086,0.5480315674917459,0.001980725599227906
0.95,0.07964824120603015,0.5639515194000881,0.0019666013209336253
0.95,0.08462311557788944,0.5787880618319418,0.0019552362441344062
0.95,0.08959798994974874,0.5926481532641604,0.0019461670092910666
0.95,0.09457286432160804,0.6056251216450178,0.0019390250264339493
0.95,0.09954773869346734,0.6178007686128595,0.0019335135551468152
0.95,0.10452261306532663,0.6292470955876805,0.0019293911286457632
0.95,0.10949748743718593,0.6400277287041672,0.0019264593613599335
0.95,0.11447236180904523,0.6501991021560959,0.0019245538434902176
0.95,0.11944723618090453,0.6598114464239235,0.0019235372471335666
0.95,0.12442211055276382,0.6689096179164877,0.0019232940414612987
0.95,0.12939698492462312,0.6775337989431366,0.0019237263952720518
0.95,0.1343718592964824,0.6857200910604263,0.0019247509669777507
0.95,0.13934673366834172,0.6935010202729835,0.001926296365763136
0.95,0.144321608040201,0.700905968996272,0.0019283011258823812
0.95,0.1492964824120603,0.7079615468755239,0.0019307120771632214
0.95,0.1542713567839196,0.7146919103252115,0.0019334830243296075
0.95,0.1592462311557789,0.7211190388743107,0.0019365736690837299
0.95,0.1642211055276382,0.7272629749843591,0.0019399487245688185
0.95,0.1691959798994975,0.7331420328443146,0.0019435771833904436
0.95,0.17417085427135678,0.7387729807285036,0.001947431709071079
0.95,0.1791457286432161,0.7441712007438702,0.001951488127481138
0.95,0.18412060301507538,0.7493508291689012,0.0019557249995818538
0.95,0.18909547738693466,0.7543248800811039,0.001960123260819735
0.95,0.19407035175879397,0.7591053545494557,0.0019646659153671475
0.95,0.19904522613065326,0.7637033373206255,0.0019693377757863395
0.95,0.20402010050251257,0.7681290826387537,0.001974125240469915
0.95,0.20899497487437185,0.7723920905973778,0.0019790161026356223
0.95,0.21396984924623116,0.7765011752200873,0.0019839993858332683
0.95,0.21894472361809045,0.7804645252967292,0.0019890652017582333
0.95,0.22391959798994976,0.7842897588588428,0.0019942046269818547
0.95,0.22889447236180904,0.7879839720569288,0.001999409595730972
0.95,0.23386934673366835,0.7915537830994237,0.0020046728063234376
0.95,0.23884422110552764,0.7950053718258344,0.002009987639349342
0.95,0.24381909547738695,0.7983445154118863,0.0020153480858735584
0.95,0.24879396984924623,0.8015766206406933,0.00202074868427915
0.95,0.2537688442211055,0.804706753118092,0.002026184464611891
0.95,0.25874371859296486,0.8077396637693318,0.0020316508993554194
0.95,0.26371859296482414,0.8106798128995021,0.0020371438598609792
0.95,0.2686934673366834,0.8135313920815422,0.0020426595776428247
0.95,0.2736683417085427,0.816298344095506,0.0020481946099504267
0.95,0.278643216080402,0.8189843811181614,0.0020537458091016703
0.95,0.28361809045226133,0.8215930013397,0.002059310295051908
0.95,0.2885929648241206,0.8241275041639784,0.0020648854308946696
0.95,0.2935678391959799,0.8265910041311954,0.002070468800865921
0.95,0.2985427135678392,0.828986443686552,0.0020760581906180686
0.95,0.3035175879396985,0.8313166049049707,0.0020816515694608295
0.95,0.3084924623115578,0.8335841202701157,0.0020872470743744653
0.95,0.3134673366834171,0.8357914825955279,0.0020928429955817673
0.95,0.31844221105527637,0.8379410541664913,0.0020984377635142604
0.95,0.3234170854271357,0.8400350751731213,0.002104029937021634
0.95,0.328391959798995,0.8420756714979695,0.0021096181926740787
0.95,0.3333668341708543,0.844064861915061,0.0021152013150791404
0.95,0.33834170854271356,0.8460045647516184,0.0021207781880729915
0.95,0.34331658291457284,0.8478966040586849,0.0021263477867023983
0.95,0.3482914572864322,0.8497427153323719,0.002131909169936108
0.95,0.35326633165829147,0.8515445508234577,0.002137461474017277
0.95,0.35824120603015075,0.8533036844690108,0.0021430039063854434
0.95,0.36321608040201003,0.855021616479227,0.002148535740147617
0.95,0.36819095477386937,0.8566997776034053,0.0021540563089850195
0.95,0.37316582914572866,0.8583395331041926,0.0021595650025261204
0.95,0.37814070351758794,0.8599421864620242,0.002165061262085821
0.95,0.3831155778894472,0.861508982830819,0.0021705445767632447
0.95,0.38809045226130656,0.8630411122642904,0.0021760144798590453
0.95,0.39306532663316585,0.8645397127304472,0.0021814705455796
0.95,0.39804020100502513,0.8660058729303263,0.002186912386009876
0.95,0.4030150753768844,0.8674406349356361,0.0021923396483247704
0.95,0.40798994974874375,0.8688449966587367,0.0021977520122249405
0.95,0.41296482412060304,0.8702199141672641,0.002203149187567588
0.95,0.4179396984924623,0.8715663038546754,0.002208530912173101
0.95,0.4229145728643216,0.8728850444770769,0.0022138969498262107
0.95,0.4278894472361809,0.8741769790658429,0.002219247088391496
0.95,0.4328643216080402,0.8754429167247771,0.0022245811381116365
0.95,0.4378391959798995,0.8766836343198635,0.002229898929993146
0.95,0.4428140703517588,0.8778998780690271,0.002235200314348429
0.95,0.4477889447236181,0.8790923650387343,0.0022404851594102215
0.95,0.4527638190954774,0.880261784553747,0.002245753350087698
0.95,0.4577386934673367,0.8814087995258459,0.002251004786767208
0.95,0.462713567839196,0.8825340477069141,0.0022562393842380235
0.95,0.46768844221105527,0.8836381428713495,0.002261457070671602
0.95,0.4726633165829146,0.8847216759324169,0.0022666577866858884
0.95,0.4776381909547739,0.8857852159968067,0.0022718414844657975
0.95,0.4826130653266332,0.8868293113613501,0.002277008126952751
0.95,0.48758793969849246,0.8878544904555623,0.0022821576870912796
0.95,0.49256281407035174,0.8888612627334179,0.0022872901471182594
0.95,0.4975376884422111,0.8898501195174536,0.0022924054979143182
0.95,0.5025125628140703,0.8908215347984286,0.002297503738383222
0.95,0.5074874371859297,0.8917759659928004,0.002302584874899649
0.95,0.512462311557789,0.8927138546608513,0.0023076489207587425
0.95,0.5174371859296483,0.8936356271878809,0.0023126958956913857
0.95,0.5224120603015076,0.8945416954305454,0.002317725825406347
0.95,0.5273869346733668,0.8954324573304397,0.002322738741147745
0.95,0.5323618090452261,0.8963082974968439,0.002327734679300697
0.95,0.5373366834170854,0.8971695877604299,0.0023327136810187277
0.95,0.5423115577889447,0.8980166876995963,0.0023376757918616153
0.95,0.5472864321608041,0.8988499451410047,0.002342621061474315
0.95,0.5522613065326634,0.8996696966357749,0.00234754954328098
0.95,0.5572361809045226,0.9004762679127118,0.002352461294195418
0.95,0.5622110552763819,0.9012699743098452,0.0023573563743553017
0.95,0.5671859296482412,0.9020511211854838,0.00236223484686926
0.95,0.5721608040201005,0.90282000430991,0.002367096777580402
0.95,0.5771356783919598,0.9035769102387688,0.0023719422348524866
0.95,0.5821105527638191,0.904322116669143,0.002376771289359869
0.95,0.5870854271356784,0.9050558927792431,0.002381584013896987
0.95,0.5920603015075377,0.905778499552587,0.0023863804831978364
0.95,0.597035175879397,0.9064901900874853,0.002391160773765
0.95,0.6020100502512563,0.9071912098926076,0.002395924963717988
0.95,0.6069849246231156,0.9078817971693534,0.0024006731326378095
0.95,0.6119597989949749,0.9085621830817076,0.002405405361435964
0.95,0.6169346733668342,0.9092325920142266,0.0024101217322181068
0.95,0.6219095477386934,0.9098932418187583,0.0024148223281637016
0.95,0.6268844221105527,0.9105443440504626,0.002419507233419438
0.95,0.6318592964824121,0.9111861041936768,0.0024241765329788834
0.95,0.6368341708542714,0.9118187218781242,0.0024288303126001054
0.95,0.6418090452261307,0.9124423910859504,0.002433468658695981
0.95,0.64678391959799,0.9130573003500349,0.0024380916582624756
0.95,0.6517587939698493,0.9136636329440037,0.0024426993987760603
0.95,0.6567336683417085,0.9142615670643479,0.0024472919681401972
0.95,0.6617085427135678,0.914851276005026,0.0024518694545978548
0.95,0.6666834170854271,0.9154329283249089,0.0024564319466666706
0.95,0.6716582914572864,0.9160066880084096,0.002460979533080554
0.95,0.6766331658291458,0.9165727146196189,0.002465512302729733
0.95,0.6816080402010051,0.9171311634502485,0.002470030344604357
0.95,0.6865829145728644,0.9176821856616736,0.002474533747739649
0.95,0.6915577889447236,0.9182259284213452,0.002479022601177938
0.95,0.6965326633165829,0.9187625350338311,0.002483496993912704
0.95,0.7015075376884422,0.9192921450667327,0.0024879570148532704
0.95,0.7064824120603015,0.9198148944717066,0.0024924027527823966
0.95,0.7114572864321608,0.9203309157008148,0.002496834296324524
0.95,0.7164321608040201,0.9208403378184098,0.0025012517339020324
0.95,0.7214070351758795,0.9213432866087553,0.002505655153719477
0.95,0.7263819095477387,0.9218398846795707,0.002510044643718734
0.95,0.731356783919598,0.9223302515616757,0.0025144202915559077
0.95,0.7363316582914573,0.9228145038049098,0.0025187821845775726
0.95,0.7413065326633166,0.9232927550704798,0.0025231304098023433
0.95,0.7462814070351759,0.9237651162199151,0.002527465053889566
0.95,0.7512562814070352,0.9242316954007264,0.002531786203125108
0.95,0.7562311557788944,0.9246925981289578,0.00253609394339116
0.95,0.7612060301507538,0.9251479273687402,0.0025403883601713417
0.95,0.7661809045226131,0.9255977836089748,0.002544669538512956
0.95,0.7711557788944724,0.9260422649372698,0.0025489375630227684
0.95,0.7761306532663317,0.926481467111239,0.0025531925178503556
0.95,0.781105527638191,0.9269154836272798,0.0025574344866754473
0.95,0.7860804020100502,0.9273444057869251,0.0025616635526963805
0.95,0.7910552763819095,0.927768322760875,0.0025658797986249926
0.95,0.7960301507537688,0.9281873216507983,0.002570083306669524
0.95,0.8010050251256281,0.9286014875489967,0.0025742741585255136
0.95,0.8059798994974875,0.9290109035960152,0.0025784524353802407
0.95,0.8109547738693468,0.9294156510362828,0.0025826182178885215
0.95,0.8159296482412061,0.929815809271859,0.0025867715861833673
0.95,0.8209045226130653,0.9302114559143643,0.00259091261985267
0.95,0.8258793969849246,0.9306026668351625,0.0025950413979489717
0.95,0.8308542713567839,0.9309895162138648,0.0025991579989796953
0.95,0.8358291457286432,0.9313720765852225,0.0026032625009000387
0.95,0.8408040201005025,0.9317504188844653,0.0026073549811151953
0.95,0.8457788944723619,0.9321246124911511,0.002611435516476579
0.95,0.8507537688442212,0.9324947252715794,0.002615504183277606
0.95,0.8557286432160804,0.9328608236198259,0.0026195610572454786
0.95,0.8607035175879397,0.9332229724974473,0.0026236062135616134
0.95,0.865678391959799,0.9335812354719099,0.0026276397268336638
0.95,0.8706532663316583,0.9339356747537866,0.002631661671110397
0.95,0.8756281407035176,0.9342863512327697,0.0026356721198812494
0.95,0.8806030150753769,0.9346333245125421,0.0026396711460698885
0.95,0.8855778894472361,0.934976652944551,0.0026436588220390966
0.95,0.8905527638190955,0.9353163936607211,0.0026476352195901054
0.95,0.8955276381909548,0.9356526026051487,0.00265160040996415
0.95,0.9005025125628141,0.9359853345648125,0.0026555544638393602
0.95,0.9054773869346734,0.9363146431993357,0.0026594974513460823
0.95,0.9104522613065327,0.9366405810698348,0.0026634294420431193
0.95,0.915427135678392,0.9369631996668878,0.002667350504950594
0.95,0.9204020100502512,0.9372825494376493,0.002671260708522638
0.95,0.9253768844221105,0.9375986798121501,0.0026751601206711495
0.95,0.9303517587939698,0.9379116392288006,0.002679048808756246
0.95,0.9353266331658292,0.9382214751591349,0.0026829268395944794
0.95,0.9403015075376885,0.9385282341318146,0.0026867942794546185
0.95,0.9452763819095478,0.9388319617559223,0.002690651194072302
0.95,0.950251256281407,0.9391327027435677,0.002694497648642713
0.95,0.9552261306532663,0.9394305009318304,0.002698333707824574
0.95,0.9602010050251256,0.9397253993040614,0.002702159435746143
0.95,0.9651758793969849,0.9400174400105652,0.0027059748960067687
0.95,0.9701507537688442,0.9403066643886839,0.002709780151685548
0.95,0.9751256281407036,0.940593112982303,0.002713575265335333
0.95,0.9801005025125629,0.9408768255607973,0.002717360298991167
0.95,0.9850753768844221,0.9411578411374389,0.00272113531417717
0.95,0.9900502512562814,0.9414361979872798,0.0027249003718996523
0.95,0.9950251256281407,0.9417119336645313,0.0027286555326664352
0.95,1.0,0.941985085019454,0.0027324008564721947
