LF,Geometric_AR,Thermal_AR,BOR
0.05,0.01,0.00914313100278526,1.0477231193293761
0.05,0.040202020202020204,0.03573131399475039,0.425829873834755
0.05,0.07040404040404041,0.060878844986599304,0.300949001477945
0.05,0.10060606060606062,0.08470358211402974,0.24340168043202226
0.05,0.13080808080808082,0.10731194914349532,0.20951206271642286
0.05,0.16101010101010102,0.12880090649287204,0.1869316318918326
0.05,0.19121212121212122,0.14925734900002463,0.17071388560451517
0.05,0.22141414141414142,0.1687580576519881,0.15846165371971188
0.05,0.2516161616161616,0.18737108467682811,0.1488618877969914
0.05,0.2818181818181818,0.20515734904445534,0.1411307575286922
0.05,0.31202020202020203,0.22217186246653967,0.13476943120196117
0.05,0.3422222222222222,0.23846460531495917,0.12944431910049436
0.05,0.37242424242424244,0.25408117888278625,0.12492332990706445
0.05,0.40262626262626267,0.26906332125094284,0.12103967870966637
0.05,0.43282828282828284,0.28344933376989406,0.11767023577890057
0.05,0.46303030303030307,0.2972744432769736,0.1147220020306412
0.05,0.49323232323232324,0.3105711147258474,0.11212334789379641
0.05,0.5234343434343435,0.32336932372297067,0.1098181588524878
0.05,0.5536363636363637,0.33569679574469874,0.1077618168903074
0.05,0.5838383838383838,0.34757921717755114,0.10591837670596393
0.05,0.614040404040404,0.3590404223078678,0.10425854008631741
0.05,0.6442424242424243,0.3701025595446247,0.10275817595191405
0.05,0.6744444444444445,0.3807862396652699,0.10139722121575478
0.05,0.7046464646464646,0.3911106683918712,0.10015885234684219
0.05,0.7348484848484849,0.4010937652568123,0.09902885258991367
0.05,0.7650505050505051,0.410752270427935,0.09799512274275712
0.05,0.7952525252525253,0.42010184092471026,0.09704729871774354
0.05,0.8254545454545454,0.42915713745879547,0.0961764495348969
0.05,0.8556565656565657,0.43793190296615203,0.09537483659747092
0.05,0.8858585858585859,0.44643903375764393,0.09463572015687371
0.05,0.9160606060606061,0.45469064409601206,0.09395320247205308
0.05,0.9462626262626262,0.46269812490558926,0.09332209976238759
0.05,0.9764646464646465,0.4704721972341555,0.0927378369456553
0.05,1.0066666666666666,0.478022961011541,0.09219636054861757
0.05,1.036868686868687,0.4853599395850236,0.09169406621828302
0.05,1.067070707070707,0.49249212045567786,0.09122773804488737
0.05,1.0972727272727274,0.49942799259127846,0.09079449750218704
0.05,1.1274747474747475,0.5061755806490715,0.09039176026598783
0.05,1.1576767676767676,0.5127424764048116,0.09001719952324527
0.05,1.187878787878788,0.5191358676521195,0.08966871465742643
0.05,1.218080808080808,0.5253625648078558,0.08934440440984881
0.05,1.2482828282828282,0.5314290254342608,0.0890425437854907
0.05,1.2784848484848486,0.537341376866611,0.08876156410567604
0.05,1.3086868686868687,0.5431054371157376,0.088500035716921
0.05,1.338888888888889,0.5487267341975687,0.08825665295099339
0.05,1.3690909090909091,0.554210524026624,0.08803022100051083
0.05,1.3992929292929293,0.5595618069968717,0.08781964443055856
0.05,1.4294949494949496,0.5647853433613282,0.08762391709256878
0.05,1.4596969696969697,0.5698856675110566,0.08744211324425999
0.05,1.4898989898989898,0.5748671012446636,0.08727337971021853
0.05,1.5201010101010102,0.5797337661108374,0.08711692894324519
0.05,1.5503030303030303,0.5844895948988199,0.08697203286769173
0.05,1.5805050505050506,0.5891383423448444,0.08683801740364228
0.05,1.6107070707070708,0.5936835951164167,0.08671425758549756
0.05,1.6409090909090909,0.598128781130772,0.0866001732008872
0.05,1.6711111111111112,0.6024771782588709,0.08649522488618255
0.05,1.7013131313131313,0.6067319224617943,0.08639891062372818
0.05,1.7315151515151515,0.610896015402352,0.08631076259326931
0.05,1.7617171717171718,0.6149723315710629,0.0862303443364556
0.05,1.791919191919192,0.6189636249623389,0.08615724819860704
0.05,1.8221212121212123,0.622872535333725,0.08609109301660434
0.05,1.8523232323232324,0.6267015940783135,0.08603152202566888
0.05,1.8825252525252525,0.6304532297379921,0.08597820096120268
0.05,1.9127272727272728,0.6341297731829405,0.08593081633479893
0.05,1.942929292929293,0.6377334624807516,0.08588907386603517
0.05,1.9731313131313133,0.6412664474766981,0.08585269705385001
0.05,2.0033333333333334,0.6447307941049731,0.08582142587323793
0.05,2.0335353535353535,0.6481284884491892,0.08579501558458658
0.05,2.0637373737373736,0.651461440569012,0.08577323564447492
0.05,2.093939393939394,0.6547314881085177,0.08575586870798402
0.05,2.1241414141414143,0.6579403997006841,0.08574270971366071
0.05,2.1543434343434344,0.6610898781813449,0.08573356504327179
0.05,2.1845454545454546,0.6641815636249527,0.08572825174930188
0.05,2.2147474747474747,0.6672170362135843,0.08572659684391981
0.05,2.244949494949495,0.670197818949793,0.08572843664376673
0.05,2.2751515151515154,0.673125380223148,0.08573361616555508
0.05,2.3053535353535355,0.6760011362395932,0.08574198856789939
0.05,2.3355555555555556,0.6788264533221183,0.08575341463535291
0.05,2.3657575757575757,0.6816026500906335,0.08576776230094607
0.05,2.395959595959596,0.6843309995283896,0.08578490620393109
0.05,2.4261616161616164,0.6870127309417847,0.08580472727975064
0.05,2.4563636363636365,0.689649031819925,0.0858271123795129
0.05,2.4865656565656566,0.6922410495999005,0.0858519539165512
0.05,2.5167676767676768,0.6947898933432102,0.08587914953781373
0.05,2.546969696969697,0.6972966353286927,0.08590860181813476
0.05,2.5771717171717174,0.699762312566642,0.08594021797547802
0.05,2.6073737373737376,0.7021879282386595,0.0859739096055605
0.05,2.6375757575757577,0.7045744530674728,0.08600959243431139
0.05,2.667777777777778,0.7069228266206622,0.08604718608678175
0.05,2.697979797979798,0.7092339585519871,0.0860866138712586
0.05,2.728181818181818,0.7115087297837761,0.08612780257742925
0.05,2.7583838383838386,0.7137479936336187,0.08617068228753944
0.05,2.7885858585858587,0.7159525768884007,0.0862151861995959
0.05,2.818787878787879,0.718123280828535,0.08626125046169997
0.05,2.848989898989899,0.7202608822050628,0.0863088140167465
0.05,2.879191919191919,0.7223661341721387,0.0863578184567062
0.05,2.9093939393939396,0.7244397671772604,0.08640820788583614
0.05,2.9395959595959598,0.7264824898114638,0.08645992879216924
0.05,2.96979797979798,0.7284949896215647,0.08651292992672421
0.05,3.0,0.7304779338864192,0.08656716218988891
0.08750000000000001,0.01,0.009180949893283556,0.5987217611027709
0.08750000000000001,0.040202020202020204,0.03587824658907079,0.24336820506026569
0.08750000000000001,0.07040404040404041,0.06112754911474986,0.1720157349625535
0.08750000000000001,0.10060606060606062,0.08504703086551449,0.13913759354078858
0.08750000000000001,0.13080808080808082,0.10774293425863536,0.11977704545697354
0.08750000000000001,0.16101010101010102,0.12931179001648552,0.1068781811551407
0.08750000000000001,0.19121212121212122,0.14984060227007495,0.09761464064514214
0.08750000000000001,0.22141414141414142,0.16940678720764352,0.0906167416025474
0.08750000000000001,0.2516161616161616,0.18807915992487861,0.08513425344389614
0.08750000000000001,0.2818181818181818,0.20591932250526684,0.08071932910973545
0.08750000000000001,0.31202020202020203,0.22298285724667402,0.07708696168861873
0.08750000000000001,0.3422222222222222,0.23932022401821854,0.07404655798136361
0.08750000000000001,0.37242424242424244,0.2549774365459452,0.07146551699262838
0.08750000000000001,0.40262626262626267,0.2699965946820841,0.06924855085856607
0.08750000000000001,0.43282828282828284,0.2844163211628574,0.06732531404371
0.08750000000000001,0.46303030303030307,0.29827213057806223,0.0656426759197859
0.08750000000000001,0.49323232323232324,0.31159674673988164,0.0641597150189015
0.08750000000000001,0.5234343434343435,0.32442037883703284,0.0628443740687552
0.08750000000000001,0.5536363636363637,0.3367709635882374,0.06167116399736017
0.08750000000000001,0.5838383838383838,0.3486743787689962,0.06061955058330337
0.08750000000000001,0.614040404040404,0.36015463232048706,0.05967279713824625
0.08750000000000001,0.6442424242424243,0.37123403044226794,0.05881711896094921
0.08750000000000001,0.6744444444444445,0.38193332747554587,0.058041055368119654
0.08750000000000001,0.7046464646464646,0.3922718599261172,0.05733499639075035
0.08750000000000001,0.7348484848484849,0.40226766661131774,0.056690821256538015
0.08750000000000001,0.7650505050505051,0.41193759662145896,0.05610161889175136
0.08750000000000001,0.7952525252525253,0.42129740655192655,0.05556146943221307
0.08750000000000001,0.8254545454545454,0.43036184824436197,0.05506527168688735
0.08750000000000001,0.8556565656565657,0.4391447481241001,0.05460860561346448
0.08750000000000001,0.8858585858585859,0.4476590790705147,0.05418762175406444
0.08750000000000001,0.9160606060606061,0.45591702563815123,0.05379895163489801
0.08750000000000001,0.9462626262626262,0.4639300433437415,0.053439634615920495
0.08750000000000001,0.9764646464646465,0.4717089126461299,0.05310705775765556
0.08750000000000001,1.0066666666666666,0.47926378817040477,0.05279890607001958
0.08750000000000001,1.036868686868687,0.48660424366215127,0.05251312110242057
0.08750000000000001,1.067070707070707,0.4937393131011418,0.05224786628178357
0.08750000000000001,1.0972727272727274,0.5006775283545987,0.05200149774478113
0.08750000000000001,1.1274747474747475,0.5074269537073496,0.05177253967074957
0.08750000000000001,1.1576767676767676,0.5139952175687929,0.05155966332252171
0.08750000000000001,1.187878787878788,0.5203895416238491,0.05136166915854501
0.08750000000000001,1.218080808080808,0.5266167676663507,0.051177471501980376
0.08750000000000001,1.2482828282828282,0.5326833823280581,0.05100608534886941
0.08750000000000001,1.2784848484848486,0.5385955398942236,0.05084661497398546
0.08750000000000001,1.3086868686868687,0.5443590833769687,0.05069824405400247
0.08750000000000001,1.338888888888889,0.549979564000344,0.05056022707668095
0.08750000000000001,1.3690909090909091,0.5554622592355292,0.050431881844280824
0.08750000000000001,1.3992929292929293,0.5608121895109347,0.05031258291152674
0.08750000000000001,1.4294949494949496,0.5660341337097978,0.05020175582460329
0.08750000000000001,1.4596969696969697,0.5711326435570133,0.050098872049070264
0.08750000000000001,1.4898989898989898,0.5761120569872651,0.05000344449222838
0.08750000000000001,1.5201010101010102,0.5809765105778666,0.049915023540011205
0.08750000000000001,1.5503030303030303,0.5857299511219849,0.04983319354055715
0.08750000000000001,1.5805050505050506,0.5903761464109757,0.04975756967669853
0.08750000000000001,1.6107070707070708,0.5949186952883321,0.049687795177962846
0.08750000000000001,1.6409090909090909,0.5993610370321505,0.049623538829781655
0.08750000000000001,1.6711111111111112,0.6037064601179757,0.04956449274352548
0.08750000000000001,1.7013131313131313,0.6079581104093534,0.049510370355966504
0.08750000000000001,1.7315151515151515,0.6121189988193132,0.04946090463109165
0.08750000000000001,1.7617171717171718,0.6161920084823096,0.04941584644068553
0.08750000000000001,1.791919191919192,0.6201799014728039,0.04937496310333733
0.08750000000000001,1.8221212121212123,0.6240853251036418,0.04933803706396955
0.08750000000000001,1.8523232323232324,0.6279108178346301,0.04930486469843309
0.08750000000000001,1.8825252525252525,0.6316588148190648,0.049275255229483284
0.08750000000000001,1.9127272727272728,0.635331653114269,0.049249029742247874
0.08750000000000001,1.942929292929293,0.6389315765792584,0.04922602028866585
0.08750000000000001,1.9731313131313133,0.642460740481494,0.04920606907165004
0.08750000000000001,2.0033333333333334,0.6459212158326657,0.04918902770081646
0.08750000000000001,2.0335353535353535,0.6493149934719521,0.04917475651256442
0.08750000000000001,2.0637373737373736,0.6526439879137723,0.04916312394807365
0.08750000000000001,2.093939393939394,0.6559100409757519,0.04915400598360353
0.08750000000000001,2.1241414141414143,0.6591149252014272,0.04914728560796355
0.08750000000000001,2.1543434343434344,0.6622603470911322,0.04914285234272331
0.08750000000000001,2.1845454545454546,0.6653479501535068,0.04914060180108604
0.08750000000000001,2.2147474747474747,0.6683793177891562,0.04914043528188894
0.08750000000000001,2.244949494949495,0.6713559760171446,0.04914225939547556
0.08750000000000001,2.2751515151515154,0.6742793960542429,0.0491459857185752
0.08750000000000001,2.3053535353535355,0.6771509967561332,0.04915153047560583
0.08750000000000001,2.3355555555555556,0.6799721469291231,0.04915881424405333
0.08750000000000001,2.3657575757575757,0.682744167520325,0.049167761681865096
0.08750000000000001,2.395959595959596,0.6854683336936945,0.0491783012749305
0.08750000000000001,2.4261616161616164,0.6881458767988174,0.049190365102961264
0.08750000000000001,2.4563636363636365,0.6907779862388617,0.04920388862224456
0.08750000000000001,2.4865656565656566,0.6933658112436737,0.04921881046383425
0.08750000000000001,2.5167676767676768,0.6959104625535957,0.04923507224594181
0.08750000000000001,2.546969696969697,0.6984130140192147,0.049252618399378
0.08750000000000001,2.5771717171717174,0.7008745041218997,0.04927139600498309
0.08750000000000001,2.6073737373737376,0.7032959374196711,0.049291354642124086
0.08750000000000001,2.6375757575757577,0.7056782859226525,0.04931244624735531
0.08750000000000001,2.667777777777778,0.7080224904020718,0.04933462498250596
0.08750000000000001,2.697979797979798,0.7103294616365358,0.04935784711142288
0.08750000000000001,2.728181818181818,0.7126000815990575,0.04938207088473967
0.08750000000000001,2.7583838383838386,0.7148352045880997,0.049407256432085545
0.08750000000000001,2.7885858585858587,0.7170356583056933,0.04943336566114165
0.08750000000000001,2.818787878787879,0.7192022448855021,0.049460362163074256
0.08750000000000001,2.848989898989899,0.721335741873524,0.04948821112388435
0.08750000000000001,2.879191919191919,0.7234369031639577,0.04951687924121839
0.08750000000000001,2.9093939393939396,0.7255064598926109,0.04954633464628122
0.08750000000000001,2.9395959595959598,0.727545121290082,0.04957654683048718
0.08750000000000001,2.96979797979798,0.7295535754968124,0.049607486576503046
0.08750000000000001,3.0,0.7315324903419886,0.04963912589339192
0.125,0.01,0.009218755143631976,0.41912121410761194
0.125,0.040202020202020204,0.036024973690341716,0.17038352193850081
0.125,0.07040404040404041,0.061375666428352287,0.12044240693098196
0.125,0.10060606060606062,0.08538941019255293,0.09743193827846253
0.125,0.13080808080808082,0.10817248757216763,0.08388302322389074
0.125,0.16101010101010102,0.12982113295766684,0.07485679122018563
0.125,0.19121212121212122,0.15042234724468848,0.06837493717064325
0.125,0.22141414141414142,0.17005403309102055,0.06347877373336686
0.125,0.2516161616161616,0.18878570680626922,0.05964319800558071
0.125,0.2818181818181818,0.20667965412527595,0.056554756722989596
0.125,0.31202020202020203,0.2237920478194521,0.0540139732060001
0.125,0.3422222222222222,0.24017384635491648,0.05188745302929321
0.125,0.37242424242424244,0.25587148930423464,0.05008239141018622
0.125,0.40262626262626267,0.2709274467916286,0.04853209934605607
0.125,0.43282828282828284,0.2853806681867911,0.04718734499995003
0.125,0.46303030303030307,0.2992669590502226,0.04601094513632664
0.125,0.49323232323232324,0.312619304048827,0.0449742615337374
0.125,0.5234343434343435,0.32546814722588746,0.04405485982011337
0.125,0.5536363636363637,0.3378416373760588,0.04323490250279094
0.125,0.5838383838383838,0.3497658442061084,0.04250001979312845
0.125,0.614040404040404,0.36126494967206574,0.04183849961321129
0.125,0.6442424242424243,0.37236141799227657,0.0412406958133833
0.125,0.6744444444444445,0.3830761472051938,0.04069858867200993
0.125,0.7046464646464646,0.39342860466299434,0.04020545364499006
0.125,0.7348484848484849,0.40343694847752337,0.03975560835327441
0.125,0.7650505050505051,0.4131181366339594,0.0393442169745859
0.125,0.7952525252525253,0.422488025241276,0.03896713733416424
0.125,0.8254545454545454,0.43156145718447547,0.038620800156566215
0.125,0.8556565656565657,0.440352342272807,0.038302112821281264
0.125,0.8858585858585859,0.448873729834219,0.0380083819867203
0.125,0.9160606060606061,0.45713787458418226,0.03773725088601676
0.125,0.9462626262626262,0.46515629649287765,0.03748664813535996
0.125,0.9764646464646465,0.4729398352855447,0.037254745652381294
0.125,1.0066666666666666,0.48049870013407003,0.037039923840262334
0.125,1.036868686868687,0.48784251503167997,0.03684074260938086
0.125,1.067070707070707,0.4949803602852668,0.036655917121339865
0.125,1.0972727272727274,0.5019208105100742,0.036484297377979535
0.125,1.1274747474747475,0.5086719694680961,0.03632485096005511
0.125,1.1576767676767676,0.5152415020536725,0.03617664836075307
0.125,1.187878787878788,0.5216366636965928,0.036038850468512074
0.125,1.218080808080808,0.5278643274239474,0.03591069783923606
0.125,1.2482828282828282,0.5339310087963697,0.03579150146539645
0.125,1.2784848484848486,0.5398428889117732,0.03568063480314487
0.125,1.3086868686868687,0.5456058356497867,0.03557752686122284
0.125,1.338888888888889,0.5512254233124775,0.03548165618978705
0.125,1.3690909090909091,0.5567069508013492,0.035392545634954864
0.125,1.3992929292929293,0.5620554584567469,0.03530975774731426
0.125,1.4294949494949496,0.5672757436734712,0.03523289075094471
0.125,1.4596969696969697,0.5723723753954395,0.03516157499455019
0.125,1.4898989898989898,0.5773497075824242,0.035095469818515745
0.125,1.5201010101010102,0.5822118917331555,0.03503426078202487
0.125,1.5503030303030303,0.5869628885412375,0.034977657202741375
0.125,1.5805050505050506,0.5916064787533102,0.03492538996859196
0.125,1.6107070707070708,0.5961462732925894,0.034877209587155455
0.125,1.6409090909090909,0.6005857227052528,0.034832884442987266
0.125,1.6711111111111112,0.604928125982046,0.03479219923745447
0.125,1.7013131313131313,0.6091766388028959,0.03475495358910985
0.125,1.7315151515151515,0.6133342812481685,0.0347209607756267
0.125,1.7617171717171718,0.6174039450164771,0.034690046600853064
0.125,1.791919191919192,0.6213884001855561,0.03466204837267872
0.125,1.8221212121212123,0.6252903015496573,0.03463681397925367
0.125,1.8523232323232324,0.629112194564148,0.03461420105267399
0.125,1.8825252525252525,0.6328565209254707,0.03459407621063737
0.125,1.9127272727272728,0.6365256238123379,0.03457631436768671
0.125,1.942929292929293,0.6401217528119497,0.03456079810870882
0.125,1.9731313131313133,0.6436470685531384,0.034547417118202084
0.125,2.0033333333333334,0.6471036470666048,0.03453606765964001
0.125,2.0335353535353535,0.6504934838908509,0.034526652099814426
0.125,2.0637373737373736,0.6538184979409651,0.03451907847375835
0.125,2.093939393939394,0.6570805351561105,0.034513260086195485
0.125,2.1241414141414143,0.6602813719403664,0.034509115146044156
0.125,2.1543434343434344,0.6634227184104663,0.03450656643079242
0.125,2.1845454545454546,0.6665062214629789,0.03450554097793357
0.125,2.2147474747474747,0.6695334676725467,0.034505969800973535
0.125,2.244949494949495,0.6725059860319531,0.034507787627734876
0.125,2.2751515151515154,0.6754252505440107,0.034510932658956994
0.125,2.3053535353535355,0.6782926826745451,0.03451534634537645
0.125,2.3355555555555556,0.681109653675092,0.034520973181657366
0.125,2.3657575757575757,0.6838774867833207,0.03452776051570883
0.125,2.395959595959596,0.6865974593086315,0.03453565837207573
0.125,2.4261616161616164,0.6892708046098701,0.034544619288181755
0.125,2.4563636363636365,0.6918987139716164,0.0345545981623856
0.125,2.4865656565656566,0.6944823383850721,0.03456555211282697
0.125,2.5167676767676768,0.6970227902391649,0.034577440346223565
0.125,2.546969696969697,0.699521144927109,0.034590224035776274
0.125,2.5771717171717174,0.7019784423733193,0.03460386620747968
0.125,2.6073737373737376,0.7043956884852505,0.03461833163415595
0.125,2.6375757575757577,0.7067738565344358,0.03463358673661787
0.125,2.667777777777778,0.7091138884707285,0.034649599491398675
0.125,2.697979797979798,0.7114166961734821,0.03466633934457053
0.125,2.728181818181818,0.7136831626431802,0.03468377713114967
0.125,2.7583838383838386,0.7159141431368354,0.03470188499971427
0.125,2.7885858585858587,0.7181104662501512,0.03472063634181688
0.125,2.818787878787879,0.7202729349491932,0.034740005725858
0.125,2.848989898989899,0.7224023275549148,0.03475996883506882
0.125,2.879191919191919,0.7244993986822834,0.03478050240937147
0.125,2.9093939393939396,0.7265648801368391,0.03480158419075452
0.125,2.9395959595959598,0.7285994817708349,0.03482319287197888
0.125,2.96979797979798,0.7306038923010745,0.0348453080483726
0.125,3.0,0.7325787800904295,0.03486791017246915
0.1625,0.01,0.009256546757630497,0.3224132243885307
0.1625,0.040202020202020204,0.036171495525253804,0.1310840647741176
0.1625,0.07040404040404041,0.06162319722168195,0.09267213573769495
0.1625,0.10060606060606062,0.08573070150647143,0.07497502909431875
0.1625,0.13080808080808082,0.10860051303173773,0.06455545828970788
0.1625,0.16101010101010102,0.13032874350463985,0.05761449434894805
0.1625,0.19121212121212122,0.15100235071122092,0.052630475255499354
0.1625,0.22141414141414142,0.17069958101734425,0.04886601814186342
0.1625,0.2516161616161616,0.1894905577697642,0.04591724292374688
0.1625,0.2818181818181818,0.2074382248758442,0.04354306259129559
0.1625,0.31202020202020203,0.22459935454301289,0.0415900554841957
0.1625,0.3422222222222222,0.2410254212098748,0.0399556266897938
0.1625,0.37242424242424244,0.2567633057956223,0.03856840025260011
0.1625,0.40262626262626267,0.2718558597599135,0.037377086608973764
0.1625,0.43282828282828284,0.2863423663915204,0.0363438228643056
0.1625,0.46303030303030307,0.30025892688634964,0.035440012855482594
0.1625,0.49323232323232324,0.3136387897494463,0.03464363242510582
0.1625,0.5234343434343435,0.3265126357904903,0.033937428767203626
0.1625,0.5536363636363637,0.3389088271088866,0.03330768447275645
0.1625,0.5838383838383838,0.35085362614155585,0.03274334906451237
0.1625,0.614040404040404,0.36237138937427876,0.03223541602484836
0.1625,0.6442424242424243,0.37348473936746573,0.03177646765543751
0.1625,0.6744444444444445,0.38421471805321344,0.03136033706048269
0.1625,0.7046464646464646,0.3945809237341976,0.03098185338642323
0.1625,0.7348484848484849,0.40460163385343256,0.030636647235325887
0.1625,0.7650505050505051,0.4142939152758074,0.030321000228090256
0.1625,0.7952525252525253,0.42367372357276306,0.03003172740739224
0.1625,0.8254545454545454,0.43275599259305586,0.02976608437546102
0.1625,0.8556565656565657,0.44155471542868974,0.02952169327740095
0.1625,0.8858585858585859,0.4500830177388038,0.0292964832958027
0.1625,0.9160606060606061,0.4583532242703382,0.029088642429078382
0.1625,0.9462626262626262,0.46637691930868086,0.028896578123712935
0.1625,0.9764646464646465,0.4741650017010607,0.02871888491271468
0.1625,1.0066666666666666,0.4817277350177016,0.028554317641799942
0.1625,1.036868686868687,0.4890747933486542,0.028401769184952075
0.1625,1.067070707070707,0.49621530317613266,0.028260251791679014
0.1625,1.0972727272727274,0.5031578817117344,0.02812888139122882
0.1625,1.1274747474747475,0.5099106720439788,0.028006864318969482
0.1625,1.1576767676767676,0.5164813754032481,0.027893486038280235
0.1625,1.187878787878788,0.5228772808176201,0.027788101515292984
0.1625,1.218080808080808,0.5291052924036281,0.02769012696969586
0.1625,1.2482828282828282,0.5351719545100826,0.027599032776655985
0.1625,1.2784848484848486,0.5410834749102477,0.027514337336145056
0.1625,1.3086868686868687,0.546845746217532,0.02743560175879023
0.1625,1.338888888888889,0.5524643656820153,0.027362425243734112
0.1625,1.3690909090909091,0.5579446535093368,0.027294441045327522
0.1625,1.3992929292929293,0.5632916698294546,0.027231312942695096
0.1625,1.4294949494949496,0.5685102304303005,0.027172732140332556
0.1625,1.4596969696969697,0.5736049213602612,0.02711841453939634
0.1625,1.4898989898989898,0.5785801124934976,0.027068098328863366
0.1625,1.5201010101010102,0.5834399701432601,0.027021541853516906
0.1625,1.5503030303030303,0.5881884688004365,0.026978521722294646
0.1625,1.5805050505050506,0.592829402067469,0.026938831125876028
0.1625,1.6107070707070708,0.5973663928514027,0.02690227833694081
0.1625,1.6409090909090909,0.6018029028741029,0.0268686853703477
0.1625,1.6711111111111112,0.60614224155253,0.026837886783612763
0.1625,1.7013131313131313,0.6103875742973149,0.026809728600859284
0.1625,1.7315151515151515,0.6145419302736934,0.026784067345600793
0.1625,1.7617171717171718,0.6186082096650796,0.026760769169718923
0.1625,1.791919191919192,0.6225891904761304,0.026739709067648443
0.1625,1.8221212121212123,0.6264875349090705,0.02672077016619845
0.1625,1.8523232323232324,0.6303057953442326,0.026703843081598677
0.1625,1.8825252525252525,0.6340464199532231,0.02668882533652095
0.1625,1.9127272727272728,0.6377117579708208,0.02667562083057584
0.1625,1.942929292929293,0.6413040646495997,0.026664139358696826
0.1625,1.9731313131313133,0.6448255059193717,0.026654296172394343
0.1625,2.0033333333333334,0.6482781627717864,0.026646011579522177
0.1625,2.0335353535353535,0.6516640353888447,0.026639210578630612
0.1625,2.0637373737373736,0.6549850470326328,0.02663382252451041
0.1625,2.093939393939394,0.6582430477122507,0.026629780821835203
0.1625,2.1241414141414143,0.6614398176429613,0.026627022644196252
0.1625,2.1543434343434344,0.6645770705099912,0.026625488676113918
0.1625,2.1845454545454546,0.6676564565519533,0.026625122875855167
0.1625,2.2147474747474747,0.6706795654734263,0.026625872257130645
0.1625,2.244949494949495,0.673647929198504,0.02662768668794624
0.1625,2.2751515151515154,0.6765630244752564,0.026630518705045292
0.1625,2.3053535353535355,0.6794262753404294,0.02663432334256699
0.1625,2.3355555555555556,0.6822390554530602,0.026639057973653957
0.1625,2.3657575757575757,0.6850026903050854,0.026644682163894817
0.1625,2.395959595959596,0.6877184593164417,0.026651157535567016
0.1625,2.4261616161616164,0.6903875978216496,0.026658447641786154
0.1625,2.4563636363636365,0.6930112989543868,0.02666651784971763
0.1625,2.4865656565656566,0.6955907154361178,0.026675335232088315
0.1625,2.5167676767676768,0.6981269612744326,0.02668486846635143
0.1625,2.546969696969697,0.7006211133763751,0.026695087740839618
0.1625,2.5771717171717174,0.7030742130816876,0.026705964667400606
0.1625,2.6073737373737376,0.7054872676205752,0.026717472199946135
0.1625,2.6375757575757577,0.7078612515002946,0.026729584558505604
0.1625,2.667777777777778,0.7101971078245901,0.026742277158302574
0.1625,2.697979797979798,0.712495749549746,0.02675552654352842
0.1625,2.728181818181818,0.7147580606807815,0.02676931032540586
0.1625,2.7583838383838386,0.7169848974110913,0.02678360712425598
0.1625,2.7885858585858587,0.7191770892086321,0.026798396515255396
0.1625,2.818787878787879,0.7213354398515556,0.026813658977614008
0.1625,2.848989898989899,0.7234607284160189,0.02682937584693179
0.1625,2.879191919191919,0.725553710218726,0.02684552927050432
0.1625,2.9093939393939396,0.727615117716607,0.026862102165354118
0.1625,2.9395959595959598,0.7296456613658943,0.026879078178817517
0.1625,2.96979797979798,0.7316460304427149,0.02689644165150229
0.1625,3.0,0.733616893827202,0.026914177582426202
0.2,0.01,0.009294324739050392,0.26197072845668923
0.2,0.040202020202020204,0.03631781232064857,0.10652189364356102
0.2,0.07040404040404041,0.061870142154853695,0.07531570097085072
0.2,0.10060606060606062,0.08607089350361358,0.06093944455578315
0.2,0.13080808080808082,0.10902693355828348,0.05247571600240297
0.2,0.16101010101010102,0.1308344361392748,0.0468380481613313
0.2,0.19121212121212122,0.1515803497912133,0.04279017936464369
0.2,0.22141414141414142,0.17134315567125363,0.03973304131230604
0.2,0.2516161616161616,0.19019347216179708,0.03733851813790334
0.2,0.2818181818181818,0.20819484595847962,0.03541075195922483
0.2,0.31202020202020203,0.22540463869996566,0.033825105736691397
0.2,0.3422222222222222,0.2418748509655825,0.03249823442345967
0.2,0.37242424242424244,0.25765281937704526,0.03137215518913372
0.2,0.40262626262626267,0.2727817893956228,0.030405203183952567
0.2,0.43282828282828284,0.28730138768200864,0.029566621139451632
0.2,0.46303030303030307,0.30124801762478015,0.028833179833981815
0.2,0.49323232323232324,0.31465519592684943,0.028186988912249467
0.2,0.5234343434343435,0.3275538430498247,0.027614034054148417
0.2,0.5536363636363637,0.3399725363034116,0.027103172907094963
0.2,0.5838383838383838,0.35193773210547313,0.02664542956591509
0.2,0.614040404040404,0.3634739622953433,0.02623348848969842
0.2,0.6442424242424243,0.3746040083145956,0.025861324763186255
0.2,0.6744444444444445,0.38534905632262373,0.02552392950730953
0.2,0.7046464646464646,0.3957288357683985,0.025217102925471746
0.2,0.7348484848484849,0.4057617435245937,0.0249372962331893
0.2,0.7650505050505051,0.41546495536442046,0.024681489453513228
0.2,0.7952525252525253,0.42485452629951515,0.024447095890135273
0.2,0.8254545454545454,0.433945481082702,0.024231886693908633
0.2,0.8556565656565657,0.44275189600140835,0.024033930738502907
0.2,0.8858585858585859,0.4512869729382147,0.023851546284166858
0.2,0.9160606060606061,0.4595631065488139,0.023683261807639466
0.2,0.9462626262626262,0.46759194530028797,0.023527784024368614
0.2,0.9764646464646465,0.4753844470207797,0.023383971601983244
0.2,1.0066666666666666,0.4829509295327443,0.023250813412802218
0.2,1.036868686868687,0.49030111687391625,0.02312741043307054
0.2,1.067070707070707,0.49744418155130743,0.023012960592251996
0.2,1.0972727272727274,0.5043887832219685,0.022906746024226265
0.2,1.1274747474747475,0.511143104150936,0.022808122285999266
0.2,1.1576767676767676,0.5177148817563895,0.022716509197327595
0.2,1.187878787878788,0.5241114385184946,0.022631383022904794
0.2,1.218080808080808,0.5303397094997652,0.022552269772287747
0.2,1.2482828282828282,0.5364062676968226,0.022478739434831363
0.2,1.2784848484848486,0.542317347421287,0.022410401000398483
0.2,1.3086868686868687,0.5480788658869313,0.022346898143295935
0.2,1.338888888888889,0.5536964431621589,0.02228790546828674
0.2,1.3690909090909091,0.5591754206308818,0.022233125234865536
0.2,1.3992929292929293,0.5645208780906873,0.022182284489997928
0.2,1.4294949494949496,0.5697376496045562,0.022135132550935133
0.2,1.4596969696969697,0.5748303382111574,0.02209143878912756
0.2,1.4898989898989898,0.5798033295887172,0.022050990673915916
0.2,1.5201010101010102,0.5846608047585011,0.022013592041083996
0.2,1.5503030303030303,0.5894067519059316,0.021979061556624657
0.2,1.5805050505050506,0.5940449773901837,0.021947231350430307
0.2,1.6107070707070708,0.5985791160066605,0.02191794579837536
0.2,1.6409090909090909,0.603012640560953,0.021891060434250154
0.2,1.6711111111111112,0.6073488708076864,0.02186644097567414
0.2,1.7013131313131313,0.6115909818029602,0.021843962450252885
0.2,1.7315151515151515,0.6157420117148596,0.021823508410145687
0.2,1.7617171717171718,0.6198048691326888,0.021804970224756692
0.2,1.791919191919192,0.6237823399121267,0.021788246442614678
0.2,1.8221212121212123,0.6276770935903775,0.021773242214686128
0.2,1.8523232323232324,0.631491689402549,0.021759868772292412
0.2,1.8825252525252525,0.6352285819279277,0.021748042953708913
0.2,1.9127272727272728,0.6388901263924812,0.02173768677421717
0.2,1.942929292929293,0.6424785836517898,0.021728727035027484
0.2,1.9731313131313133,0.6459961248766937,0.02172109496703767
0.2,2.0033333333333334,0.6494448359621628,0.02171472590583523
0.2,2.0335353535353535,0.6528267216783052,0.021709558994819522
0.2,2.0637373737373736,0.6561437095809604,0.02170553691363608
0.2,2.093939393939394,0.6593976536979853,0.021702605629422278
0.2,2.1241414141414143,0.6625903380061222,0.02170071416869157
0.2,2.1543434343434344,0.665723479712208,0.021699814407860618
0.2,2.1845454545454546,0.6687987323514719,0.02169986088067888
0.2,2.2147474747474747,0.6718176887147156,0.021700810600986165
0.2,2.244949494949495,0.6747818836153151,0.021702622899403057
0.2,2.2751515151515154,0.6776927965061884,0.021705259272674526
0.2,2.3053535353535355,0.6805518539561436,0.021708683244572313
0.2,2.3355555555555556,0.6833604319943529,0.021712860237282916
0.2,2.3657575757575757,0.6861198583310831,0.021717757452445197
0.2,2.395959595959596,0.6888314144622425,0.021723343760921443
0.2,2.4261616161616164,0.6914963376647781,0.0217295896006362
0.2,2.4563636363636365,0.6941158228894823,0.021736466881757233
0.2,2.4865656565656566,0.69669102455731,0.02174394889862996
0.2,2.5167676767676768,0.6992230582649065,0.021752010247912512
0.2,2.546969696969697,0.701713002404654,0.021760626752402423
0.2,2.5771717171717174,0.7041618997042035,0.021769775390102053
0.2,2.6073737373737376,0.7065707586901206,0.021779434228107464
0.2,2.6375757575757577,0.7089405550799817,0.021789582360955295
0.2,2.667777777777778,0.7112722331069675,0.02180019985305104
0.2,2.697979797979798,0.7135667067807479,0.021811267684911817
0.2,2.728181818181818,0.7158248610882051,0.021822767702888823
0.2,2.7583838383838386,0.7180475531373226,0.021834682572143382
0.2,2.7885858585858587,0.7202356132473521,0.021846995732615948
0.2,2.818787878787879,0.7223898459881866,0.021859691357776878
0.2,2.848989898989899,0.7245110311716761,0.02187275431595248
0.2,2.879191919191919,0.7265999247977499,0.021886170134048033
0.2,2.9093939393939396,0.7286572599566195,0.02189992496348392
0.2,2.9395959595959598,0.7306837476908246,0.02191400554820855
0.2,2.96979797979798,0.7326800778190027,0.02192839919462508
0.2,3.0,0.7346469197223437,0.021943093743305386
0.2375,0.01,0.009332089091696883,0.22061533450041426
0.2375,0.040202020202020204,0.03646392430323764,0.08971618857523223
0.2375,0.07040404040404041,0.06211650210556709,0.06344023195269943
0.2375,0.10060606060606062,0.08640998031827388,0.05133613463792619
0.2375,0.13080808080808082,0.10945169247947072,0.04421061502434176
0.2375,0.16101010101010102,0.13133804526029222,0.03946467878532545
0.2375,0.19121212121212122,0.15215606920048338,0.03605733693194013
0.2375,0.22141414141414142,0.17198442758764845,0.03348415664509474
0.2375,0.2516161616161616,0.19089412655958582,0.031468860482070315
0.2375,0.2818181818181818,0.20894923672875823,0.029846536870665297
0.2375,0.31202020202020203,0.2262076747807985,0.028512243672799142
0.2375,0.3422222222222222,0.2427219627521747,0.027395806955037294
0.2375,0.37242424242424244,0.2585399015365053,0.026448407716681333
0.2375,0.40262626262626267,0.2737051422277716,0.025634966513050195
0.2375,0.43282828282828284,0.28825766534867964,0.024929587866965308
0.2375,0.46303030303030307,0.3022341846554692,0.024312714703827787
0.2375,0.49323232323232324,0.3156684910714954,0.02376928507708631
0.2375,0.5234343434343435,0.3285917489411639,0.023287500483672785
0.2375,0.5536363636363637,0.3410327537074269,0.02285798045847698
0.2375,0.5838383838383838,0.3530181577750588,0.022473168544553168
0.2375,0.614040404040404,0.36457266968712154,0.022126906187717843
0.2375,0.6442424242424243,0.37571923067153945,0.021814121431245503
0.2375,0.6744444444444445,0.38647917171644597,0.021530597724425338
0.2375,0.7046464646464646,0.39687235380341385,0.021272799678804466
0.2375,0.7348484848484849,0.406917293468967,0.021037739982762815
0.2375,0.7650505050505051,0.41663127552025864,0.020822876513795885
0.2375,0.7952525252525253,0.4260304544565519,0.020626031912321263
0.2375,0.8254545454545454,0.4351299459254384,0.020445330073154855
0.2375,0.8556565656565657,0.4439439093590978,0.020279145526475917
0.2375,0.8858585858585859,0.4524856227826631,0.020126062743644146
0.2375,0.9160606060606061,0.4607675506576845,0.019984843160322896
0.2375,0.9462626262626262,0.4688014055141613,0.019854398254981254
0.2375,0.9764646464646465,0.4765982040311149,0.01973376741897237
0.2375,1.0066666666666666,0.48416831814546485,0.019622099648108904
0.2375,1.036868686868687,0.4915215216998455,0.01951863830441547
0.2375,1.067070707070707,0.49866703308023463,0.0194227083615508
0.2375,1.0972727272727274,0.505613554242389,0.01933370567236614
0.2375,1.1274747474747475,0.5123693064809383,0.019251087892897534
0.2375,1.1576767676767676,0.5189420632555976,0.01917436677095763
0.2375,1.187878787878788,0.5253391803544772,0.019103101564997393
0.2375,1.218080808080808,0.5315676236442409,0.019036893403964195
0.2375,1.2482828282828282,0.5376339946302933,0.01897538043429403
0.2375,1.2784848484848486,0.543544554026756,0.018918233628414383
0.2375,1.3086868686868687,0.5493052435153463,0.018865153151572
0.2375,1.338888888888889,0.5549217058539869,0.018815865201848192
0.2375,1.3690909090909091,0.5603993034797974,0.018770119252791373
0.2375,1.3992929292929293,0.5657431357367453,0.018727685639893688
0.2375,1.4294949494949496,0.5709580548454631,0.01868835344176345
0.2375,1.4596969696969697,0.5760486807213608,0.018651928614790814
0.2375,1.4898989898989898,0.5810194147370258,0.01861823234646387
0.2375,1.5201010101010102,0.585874452515828,0.01858709959799154
0.2375,1.5503030303030303,0.59061779583555,0.01855837781124081
0.2375,1.5805050505050506,0.5952532637135922,0.018531925758731527
0.2375,1.6107070707070708,0.5997845027387939,0.0185076125185204
0.2375,1.6409090909090909,0.6042149967090468,0.018485316558410014
0.2375,1.6711111111111112,0.60854807562862,0.018464924916086867
0.2375,1.7013131313131313,0.6127869241143677,0.018446332463645465
0.2375,1.7315151515151515,0.6169345892557152,0.01842944124653223
0.2375,1.7617171717171718,0.6209939879694517,0.01841415988824502
0.2375,1.791919191919192,0.624967913886875,0.018400403053273395
0.2375,1.8221212121212123,0.6288590438076633,0.018388090961745762
0.2375,1.8523232323232324,0.6326699437519934,0.01837714895004261
0.2375,1.8825252525252525,0.6364030746398223,0.01836750707238277
0.2375,1.9127272727272728,0.6400607976238948,0.01835909973897798
0.2375,1.942929292929293,0.643645379100889,0.018351865386919908
0.2375,1.9731313131313133,0.6471589954231725,0.018345746180360223
0.2375,2.0033333333333334,0.6506037373318501,0.01834068773703157
0.2375,2.0335353535353535,0.6539816141301775,0.018336638878382994
0.2375,2.0637373737373736,0.6572945576149286,0.018333551401066295
0.2375,2.093939393939394,0.6605444257819538,0.018331379867591258
0.2375,2.1241414141414143,0.6637330063209385,0.018330081414363653
0.2375,2.1543434343434344,0.6668620199132324,0.018329615575414016
0.2375,2.1845454545454546,0.6699331233459871,0.01832994412035216
0.2375,2.2147474747474747,0.6729479124530464,0.01833103090521271
0.2375,2.244949494949495,0.6759079248949832,0.0183328417350348
0.2375,2.2751515151515154,0.6788146427895374,0.018335344237090156
0.2375,2.3053535353535355,0.6816694951990979,0.018338507743844046
0.2375,2.3355555555555556,0.6844738604859728,0.01834230318473029
0.2375,2.3657575757575757,0.6872290685431836,0.01834670298604979
0.2375,2.395959595959596,0.6899364029083981,0.018351680978221596
0.2375,2.4261616161616164,0.6925971027680884,0.018357212309833892
0.2375,2.4563636363636365,0.695212364858516,0.018363273367843158
0.2375,2.4865656565656566,0.6977833452696872,0.01836984170349254
0.2375,2.5167676767676768,0.7003111611580193,0.018376895963424067
0.2375,2.546969696969697,0.7027968923730601,0.018384415825591693
0.2375,2.5771717171717174,0.7052415830032616,0.018392381939580815
0.2375,2.6073737373737376,0.7076462428454647,0.018400775870982322
0.2375,2.6375757575757577,0.7100118488024609,0.01840958004951987
0.2375,2.667777777777778,0.7123393462127051,0.018418777720621504
0.2375,2.697979797979798,0.7146296501159931,0.01842835290018363
0.2375,2.728181818181818,0.7168836464586801,0.01843829033227773
0.2375,2.7583838383838386,0.7191021932417786,0.018448575449587556
0.2375,2.7885858585858587,0.721286121615078,0.018459194336363893
0.2375,2.818787878787879,0.7234362369202212,0.01847013369373518
0.2375,2.848989898989899,0.7255533196854987,0.018481380807147563
0.2375,2.879191919191919,0.7276381265749494,0.018492923515875725
0.2375,2.9093939393939396,0.729691391294198,0.01850475018434805
0.2375,2.9395959595959598,0.7317138254553174,0.018516849675245695
0.2375,2.96979797979798,0.7337061194028586,0.01852921132420149
0.2375,3.0,0.7356689430030733,0.018541824916012972
0.275,0.01,0.009369839819358506,0.19053868260530882
0.275,0.040202020202020204,0.036609831698950795,0.07749384958224992
0.275,0.07040404040404041,0.0623622780692828,0.05480351473943501
0.275,0.10060606060606062,0.08674795985494232,0.04435189477244661
0.275,0.13080808080808082,0.10987475239146312,0.0381996182876676
0.275,0.16101010101010102,0.13183943571009898,0.034102215998292884
0.275,0.19121212121212122,0.15272924439858576,0.031160714495690467
0.275,0.22141414141414142,0.17262303270201163,0.028939506007934268
0.275,0.2516161616161616,0.19159211843149132,0.027200013377639554
0.275,0.2818181818181818,0.20970100952943688,0.02579983135736419
0.275,0.31202020202020203,0.2270081211148857,0.024648341443767485
0.275,0.3422222222222222,0.24356647221248984,0.02368494880622829
0.275,0.37242424242424244,0.2594243240697121,0.02286749915004438
0.275,0.40262626262626267,0.2746257392653115,0.02216570249481631
0.275,0.43282828282828284,0.2892110611082672,0.021557199267118854
0.275,0.46303030303030307,0.303217322375332,0.021025103081891983
0.275,0.49323232323232324,0.3166785953863044,0.020556409041606383
0.275,0.5234343434343435,0.3296262939352588,0.02014093016248486
0.275,0.5536363636363637,0.3420894357356354,0.019770567362535907
0.275,0.5838383838383838,0.35409487217241137,0.019438796517732948
0.275,0.614040404040404,0.36566749065130755,0.019140300523308618
0.275,0.6442424242424243,0.37683039371079835,0.01887070048630668
0.275,0.6744444444444445,0.3876050582317076,0.018626356096866914
0.275,0.7046464646464646,0.39801147745986787,0.018404215173854377
0.275,0.7348484848484849,0.408068288087293,0.018201698750510698
0.275,0.7650505050505051,0.4177928842728192,0.018016612235515206
0.275,0.7952525252525253,0.42720152019454544,0.017847075969201986
0.275,0.8254545454545454,0.43630940249357275,0.01769147038779817
0.275,0.8556565656565657,0.4451307737777558,0.01754839231737404
0.275,0.8858585858585859,0.45367898819666513,0.017416619837568925
0.275,0.9160606060606061,0.46196657996129975,0.017295083808845257
0.275,0.9462626262626262,0.4700053255821366,0.01718284462833153
0.275,0.9764646464646465,0.47780630048719913,0.0170790731229038
0.275,1.0066666666666666,0.4853799306120668,0.016983034741883785
0.275,1.036868686868687,0.49273603947873934,0.016894076400636893
0.275,1.067070707070707,0.4998838912201729,0.01681161546863752
0.275,1.0972727272727274,0.5068322299546116,0.016735130503474416
0.275,1.1274747474747475,0.5135893158680029,0.01666415341504912
0.275,1.1576767676767676,0.5201629583228187,0.016598262807953068
0.275,1.187878787878788,0.5265605462766304,0.016537078299758257
0.275,1.218080808080808,0.5327890762631465,0.01648025565170652
0.275,1.2482828282828282,0.5388551781614882,0.016427482579030706
0.275,1.2784848484848486,0.5447651389557533,0.016378475132392545
0.275,1.3086868686868687,0.5505249246662353,0.016332974561369618
0.275,1.338888888888889,0.5561402006143843,0.016290744586465067
0.275,1.3690909090909091,0.5616163501670209,0.016251569018724377
0.275,1.3992929292929293,0.5669584920950755,0.01621524967620247
0.275,1.4294949494949496,0.572171496661053,0.01618160455487483
0.275,1.4596969696969697,0.5772600005450089,0.016150466218353587
0.275,1.4898989898989898,0.582228420705488,0.01612168037642281
0.275,1.5201010101010102,0.5870809672632379,0.016095104626963064
0.275,1.5503030303030303,0.5918216554873125,0.016070607339758514
0.275,1.5805050505050506,0.5964543169558331,0.016048066663780114
0.275,1.6107070707070708,0.6009826099570866,0.0160273696423181
0.275,1.6409090909090909,0.6054100291907158,0.01600841142245346
0.275,1.6711111111111112,0.6097399148234375,0.015991094547377127
0.275,1.7013131313131313,0.6139754609489265,0.015975328321543136
0.275,1.7315151515151515,0.6181197234971819,0.015961028240061514
0.275,1.7617171717171718,0.6221756276347835,0.01594811547485997
0.275,1.791919191919192,0.6261459746939237,0.015936516411129142
0.275,1.8221212121212123,0.630033448664905,0.015926162228391716
0.275,1.8523232323232324,0.6338406222838965,0.015916988521256448
0.275,1.8825252525252525,0.6375699627451255,0.01590893495552881
0.275,1.9127272727272728,0.6412238370642928,0.015901944955922342
0.275,1.942929292929293,0.6448045171178374,0.015895965421985903
0.275,1.9731313131313133,0.6483141843807082,0.015890946469337308
0.275,2.0033333333333334,0.6517549343834997,0.015886841193619494
0.275,2.0335353535353535,0.6551287809081825,0.015883605454878325
0.275,2.0637373737373736,0.6584376599401569,0.015881197680304826
0.275,2.093939393939394,0.6616834333930021,0.015879578683592577
0.275,2.1241414141414143,0.6648678926210456,0.01587871149925557
0.275,2.1543434343434344,0.6679927617337316,0.015878561230497912
0.275,2.1845454545454546,0.6710597007247312,0.01587909490936501
0.275,2.2147474747474747,0.6740703084277753,0.01588028136803521
0.275,2.244949494949495,0.6770261253103078,0.015882091120218655
0.275,2.2751515151515154,0.6799286361152646,0.015884496251757252
0.275,2.3053535353535355,0.6827792723605244,0.015887470319616126
0.275,2.3355555555555556,0.6855794147049101,0.015890988258501215
0.275,2.3657575757575757,0.6883303951889893,0.015895026294465042
0.275,2.395959595959596,0.6910334993583346,0.015899561864888057
0.275,2.4261616161616164,0.6936899682763878,0.01590457354428043
0.275,2.4563636363636365,0.6963010004335698,0.015910040975454898
0.275,2.4865656565656566,0.698867753558824,0.01591594480557812
0.275,2.5167676767676768,0.7013913463393724,0.01592226662673757
0.275,2.546969696969697,0.7038728600540626,0.015928988920635767
0.275,2.5771717171717174,0.7063133401253353,0.01593609500709947
0.275,2.6073737373737376,0.7087137975945085,0.01594356899607896
0.275,2.6375757575757577,0.7110752105247623,0.015951395742890728
0.275,2.667777777777778,0.7133985253359314,0.015959560806432682
0.275,2.697979797979798,0.7156846580749393,0.015968050410150036
0.275,2.728181818181818,0.7179344956254724,0.015976851405548942
0.275,2.7583838383838386,0.7201488968602581,0.015985951238052243
0.275,2.7885858585858587,0.7223286937390981,0.015995337915056584
0.275,2.818787878787879,0.724474692356486,0.016004999975974155
0.275,2.848989898989899,0.726587673937784,0.016014926464171797
0.275,2.879191919191919,0.728668395792709,0.01602510690063763
0.275,2.9093939393939396,0.7307175922246506,0.016035531259262825
0.275,2.9395959595959598,0.732735975397993,0.01604618994362439
0.275,2.96979797979798,0.7347242361668247,0.0160570737651613
0.275,3.0,0.7366830448666815,0.016068173922646256
0.3125,0.01,0.009407576925822135,0.16768042561589214
0.3125,0.040202020202020204,0.03675553473406171,0.06820486467160825
0.3125,0.07040404040404041,0.06260747110119487,0.048239598081007085
0.3125,0.10060606060606062,0.08708483239810437,0.03904385857908266
0.3125,0.13080808080808082,0.11029609184161335,0.03363124646048288
0.3125,0.16101010101010102,0.1323385082541215,0.030026731082350322
0.3125,0.19121212121212122,0.15329964447736746,0.02743927025285897
0.3125,0.22141414141414142,0.1732586044790891,0.025485562601654133
0.3125,0.2516161616161616,0.19228698888376533,0.023955682752947016
0.3125,0.2818181818181818,0.21044967213032129,0.022724330069000542
0.3125,0.31202020202020203,0.22780550080070025,0.02171177197812213
0.3125,0.3422222222222222,0.24440794725389461,0.020864693819027114
0.3125,0.37242424242424244,0.26030571251372536,0.020146006548535267
0.3125,0.40262626262626267,0.2755432654181909,0.019529060250063734
0.3125,0.43282828282828284,0.2901613148050356,0.01899418269407782
0.3125,0.46303030303030307,0.3041972185414401,0.018526517262541287
0.3125,0.49323232323232324,0.31768533704791985,0.018114622446005813
0.3125,0.5234343434343435,0.330657339653721,0.01774953603697993
0.3125,0.5536363636363637,0.34314247142571397,0.01742413281970223
0.3125,0.5838383838383838,0.3551677867667528,0.01713267325353196
0.3125,0.614040404040404,0.366758355024942,0.0168704797424728
0.3125,0.6442424242424243,0.3779374423702774,0.016633700127062667
0.3125,0.6744444444444445,0.38872667330014127,0.016419132044024565
0.3125,0.7046464646464646,0.39914617458900725,0.01622409055228835
0.3125,0.7348484848484849,0.409214703999618,0.016046307028978912
0.3125,0.7650505050505051,0.41894976569421066,0.015883851007772787
0.3125,0.7952525252525253,0.4283677139831542,0.015735069081877384
0.3125,0.8254545454545454,0.43748384680543473,0.015598536659684248
0.3125,0.8556565656565657,0.44631249013688934,0.015473019512658892
0.3125,0.8858585858585859,0.4548670743579284,0.015357442863103588
0.3125,0.9160606060606061,0.4631602034753367,0.015250866334638014
0.3125,0.9462626262626262,0.4712037179771931,0.015152463502795976
0.3125,0.9764646464646465,0.4790087520018685,0.015061505085625981
0.3125,1.0066666666666666,0.4865857854183102,0.014977345037241463
0.3125,1.036868686868687,0.4939446913429219,0.014899408973661155
0.3125,1.067070707070707,0.5010947795563556,0.014827184485257439
0.3125,1.0972727272727274,0.5080448362298591,0.014760212985289956
0.3125,1.1274747474747475,0.5148031603242001,0.014698082816644531
0.3125,1.1576767676767676,0.521377596983565,0.014640423395117175
0.3125,1.187878787878788,0.527775568211318,0.014586900211240872
0.3125,1.218080808080808,0.534004101083408,0.014537210546831547
0.3125,1.2482828282828282,0.540069853727889,0.014491079789430428
0.3125,1.2784848484848486,0.5459791392749672,0.014448258249178947
0.3125,1.3086868686868687,0.5517379479607847,0.01440851839975954
0.3125,1.338888888888889,0.5573519675493921,0.014371652478730734
0.3125,1.3690909090909091,0.5628266022207685,0.014337470393647633
0.3125,1.3992929292929293,0.5681669900580102,0.014305797889327287
0.3125,1.4294949494949496,0.5733780192537268,0.01427647493894435
0.3125,1.4596969696969697,0.5784643431440252,0.014249354327616315
0.3125,1.4898989898989898,0.5834303941680816,0.014224300402074785
0.3125,1.5201010101010102,0.5882803968420137,0.014201187964076434
0.3125,1.5503030303030303,0.5930183798274754,0.014179901288626118
0.3125,1.5805050505050506,0.5976481871679659,0.01416033325081023
0.3125,1.6107070707070708,0.6021734887591746,0.014142384547485287
0.3125,1.6409090909090909,0.6065977901137016,0.014125963001996533
0.3125,1.6711111111111112,0.6109244414751102,0.014110982941722083
0.3125,1.7013131313131313,0.6151566463314181,0.014097364639707788
0.3125,1.7315151515151515,0.6192974693737673,0.014085033812810677
0.3125,1.7617171717171718,0.6233498439420618,0.014073921169769132
0.3125,1.791919191919192,0.6273165789958027,0.014063962003510566
0.3125,1.8221212121212123,0.6312003656451206,0.014055095822694597
0.3125,1.8523232323232324,0.6350037832740825,0.014047266018181404
0.3125,1.8825252525252525,0.6387293052857022,0.01404041956059543
0.3125,1.9127272727272728,0.642379304495675,0.014034506725666418
0.3125,1.942929292929293,0.6459560581996708,0.014029480844407471
0.3125,1.9731313131313133,0.6494617529370333,0.01402529807555375
0.3125,2.0033333333333334,0.6528984889719185,0.014021917197967193
0.3125,2.0335353535353535,0.6562682845112551,0.01401929942101754
0.3125,2.0637373737373736,0.6595730796778714,0.014017408211118632
0.3125,2.093939393939394,0.6628147402540668,0.01401620913286794
0.3125,2.1241414141414143,0.6659950612101269,0.014015669703328903
0.3125,2.1543434343434344,0.6691157700377335,0.014015759258280136
0.3125,2.1845454545454546,0.6721785298934014,0.014016448829225148
0.3125,2.2147474747474747,0.675184942568528,0.0140177110302111
0.3125,2.244949494949495,0.6781365512962719,0.01401951995353401
0.3125,2.2751515151515154,0.6810348434056357,0.014021851073551028
0.3125,2.3053535353535355,0.6838812528323731,0.01402468115784794
0.3125,2.3355555555555556,0.6866771624956639,0.014027988185136842
0.3125,2.3657575757575757,0.6894239065488562,0.014031751269285797
0.3125,2.395959595959596,0.692122772512003,0.014035950588960011
0.3125,2.4261616161616164,0.6947750032933759,0.014040567322376907
0.3125,2.4563636363636365,0.697381799106648,0.014045583586795862
0.3125,2.4865656565656566,0.699944319289976,0.014050982382288968
0.3125,2.5167676767676768,0.702463684032798,0.014056747539476389
0.3125,2.546969696969697,0.70494097601576,0.014062863670916581
0.3125,2.5771717171717174,0.7073772419688378,0.0140693161258163
0.3125,2.6073737373737376,0.7097734941523735,0.014076090947840791
0.3125,2.6375757575757577,0.7121307117654463,0.014083174835758827
0.3125,2.667777777777778,0.7144498422857033,0.014090555106703428
0.3125,2.697979797979798,0.7167318027445151,0.01409821966185576
0.3125,2.728181818181818,0.7189774809410702,0.014106156954373672
0.3125,2.7583838383838386,0.721187736598796,0.014114355959366831
0.3125,2.7885858585858587,0.723363402467277,0.01412280614580963
0.3125,2.818787878787879,0.7255052853726495,0.01413149745021669
0.3125,2.848989898989899,0.7276141672192586,0.014140420251969488
0.3125,2.879191919191919,0.7296908059452017,0.014149565350163096
0.3125,2.9093939393939396,0.7317359364342138,0.014158923941880008
0.3125,2.9395959595959598,0.7337502713862086,0.014168487601781576
0.3125,2.96979797979798,0.7357345021486451,0.01417824826291314
0.3125,3.0,0.7376892995107637,0.014188198198675561
0.35,0.01,0.009445300414873016,0.149720365157602
0.35,0.040202020202020204,0.03690103363391366,0.060906369847469666
0.35,0.07040404040404041,0.06285208228436696,0.043082224120979395
0.35,0.10060606060606062,0.08742059959332292,0.034873245267901254
0.35,0.13080808080808082,0.11071570105290988,0.0300417970373672
0.35,0.16101010101010102,0.13283519877261388,0.026824550351725263
0.35,0.19121212121212122,0.1538670894328908,0.02451526571699003
0.35,0.22141414141414142,0.17389081071482618,0.022771739173089278
0.35,0.2516161616161616,0.192978265500436,0.021406557050149155
0.35,0.2818181818181818,0.2111946579157967,0.020307857787672967
0.35,0.31202020202020203,0.22859920781697562,0.01940446193045342
0.35,0.3422222222222222,0.24524578871114944,0.018648774930627887
0.35,0.37242424242424244,0.26118350544872976,0.01800768761570337
0.35,0.40262626262626267,0.27645721345502133,0.017457410167189158
0.35,0.43282828282828284,0.29110797932432725,0.01698038188904527
0.35,0.46303030303030307,0.30517348544641965,0.01656334102234225
0.35,0.49323232323232324,0.3186883834085699,0.016196074467730748
0.35,0.5234343434343435,0.33168460259540417,0.015870582367844
0.35,0.5536363636363637,0.3441916201128696,0.01558050470686867
0.35,0.5838383838383838,0.3562366976654007,0.015320718416837797
0.35,0.614040404040404,0.3678450902394654,0.015087048383444213
0.35,0.6442424242424243,0.3790402306733432,0.014876056316962982
0.35,0.6744444444444445,0.3898438935100967,0.014684883960646378
0.35,0.7046464646464646,0.40027634095988696,0.01451113492334688
0.35,0.7348484848484849,0.41035645333206117,0.014352784426901133
0.35,0.7650505050505051,0.4201018459203823,0.014208109534058266
0.35,0.7952525252525253,0.4295289740192225,0.014075634609866272
0.35,0.8254545454545454,0.4386532274995019,0.01395408825643707
0.35,0.8556565656565657,0.44748901616861103,0.013842368989037235
0.35,0.8858585858585859,0.4560498469691371,0.013739517642829657
0.35,0.9160606060606061,0.46434839392973803,0.013644695013067087
0.35,0.9462626262626262,0.47239656166246424,0.013557163601639388
0.35,0.9764646464646465,0.48020554309998476,0.013476272612866103
0.35,1.0066666666666666,0.4877858720802267,0.013401445540638601
0.35,1.036868686868687,0.4951474713122994,0.013332169837418917
0.35,1.067070707070707,0.5022996961941844,0.013267988267333664
0.35,1.0972727272727274,0.5092513748978867,0.013208491630383845
0.35,1.1274747474747475,0.5160108450902061,0.013153312609779144
0.35,1.1576767676767676,0.5225859876159223,0.013102120544501217
0.35,1.187878787878788,0.5289842574340603,0.013054616968204202
0.35,1.218080808080808,0.5352127120662916,0.01301053178607825
0.35,1.2482828282828282,0.5412780377887763,0.012969619985392367
0.35,1.2784848484848486,0.5471865737743337,0.012931658794496759
0.35,1.3086868686868687,0.5529443343703202,0.012896445220339947
0.35,1.338888888888889,0.5585570296785687,0.012863793906768395
0.35,1.3690909090909091,0.5640300845869219,0.012833535265764251
0.35,1.3992929292929293,0.5693686563869659,0.012805513841769312
0.35,1.4294949494949496,0.5745776510993046,0.01277958687577918
0.35,1.4596969696969697,0.5796617386159278,0.01275562304125133
0.35,1.4898989898989898,0.584625366758694,0.012733501328248575
0.35,1.5201010101010102,0.5894727743435713,0.012713110055875276
0.35,1.5503030303030303,0.5942080033318711,0.012694345996104417
0.35,1.5805050505050506,0.5988349101422041,0.012677113594544265
0.35,1.6107070707070708,0.6033571761901353,0.01266132427587685
0.35,1.6409090909090909,0.6077783177164645,0.012646895823366311
0.35,1.6711111111111112,0.6121016949596191,0.012633751823405426
0.35,1.7013131313131313,0.6163305207227391,0.012621821167223102
0.35,1.7315151515151515,0.62046786838162,0.012611037603056596
0.35,1.7617171717171718,0.6245166793756907,0.01260133933285923
0.35,1.791919191919192,0.6284797702205988,0.012592668648491179
0.35,1.8221212121212123,0.6323598390777202,0.012584971602943806
0.35,1.8523232323232324,0.636159471912952,0.012578197712707517
0.35,1.8825252525252525,0.6398811482744721,0.012572299687904964
0.35,1.9127272727272728,0.6435272467167218,0.012567233187210647
0.35,1.942929292929293,0.6471000498956545,0.012562956594940111
0.35,1.9731313131313133,0.6506017493582898,0.01255943081798927
0.35,2.0033333333333334,0.6540344500477776,0.01255661910060768
0.35,2.0335353535353535,0.6574001745435176,0.012554486855209879
0.35,2.0637373737373736,0.66070086705435,0.012553001507594308
0.35,2.093939393939394,0.6639383971814511,0.012552132355202028
0.35,2.1241414141414143,0.6671145634662965,0.012551850437116707
0.35,2.1543434343434344,0.6702310967378892,0.012552128414709873
0.35,2.1845454545454546,0.673289663272396,0.012552940461918682
0.35,2.2147474747474747,0.6762918677773484,0.012554262164255814
0.35,2.244949494949495,0.6792392562116817,0.012556070425769672
0.35,2.2751515151515154,0.6821333184520605,0.012558343383215487
0.35,2.3053535353535355,0.6849754908151837,0.01256106032681581
0.35,2.3355555555555556,0.6877671584450706,0.012564201627001781
0.35,2.3657575757575757,0.6905096575736951,0.0125677486666389
0.35,2.395959595959596,0.6932042776627406,0.012571683778253684
0.35,2.4261616161616164,0.6958522634337126,0.012575990185842434
0.35,2.4563636363636365,0.6984548167931449,0.01258065195086977
0.35,2.4865656565656566,0.7010130986591729,0.012585653922115414
0.35,2.5167676767676768,0.7035282306953254,0.01259098168905437
0.35,2.546969696969697,0.7060012969569893,0.012596621538480068
0.35,2.5771717171717174,0.7084333454563919,0.01260256041413177
0.35,2.6073737373737376,0.7108253896471701,0.01260878587900871
0.35,2.6375757575757577,0.7131784098401417,0.012615286080304378
0.35,2.667777777777778,0.7154933545475561,0.012622049716623174
0.35,2.697979797979798,0.7177711417628881,0.012629066007372458
0.35,2.728181818181818,0.7200126601793193,0.012636324664142329
0.35,2.7583838383838386,0.7222187703502687,0.012643815863942809
0.35,2.7885858585858587,0.7243903057951641,0.012651530224132346
0.35,2.818787878787879,0.7265280740534474,0.012659458778949695
0.35,2.848989898989899,0.7286328576896205,0.012667592957500418
0.35,2.879191919191919,0.7307054152519662,0.012675924563106733
0.35,2.9093939393939396,0.732746482187418,0.012684445753930573
0.35,2.9395959595959598,0.7347567717149015,0.012693149024763928
0.35,2.96979797979798,0.7367369756593307,0.01270202718992297
0.35,3.0,0.7386877652483166,0.01271107336715338
0.38749999999999996,0.01,0.009483010290294858,0.13523644416216363
0.38749999999999996,0.040202020202020204,0.03704632862325943,0.0550204807254302
0.38749999999999996,0.07040404040404041,0.06309611271323498,0.03892304127062696
0.38749999999999996,0.10060606060606062,0.08775526379388988,0.031509834355227806
0.38749999999999996,0.13080808080808082,0.11113357784714394,0.02714706524318622
0.38749999999999996,0.16101010101010102,0.1333294722889721,0.02424213179187995
0.38749999999999996,0.19121212121212122,0.15443145648998005,0.022157183531811953
0.38749999999999996,0.22141414141414142,0.1745193856491414,0.020583159248618532
0.38749999999999996,0.2516161616161616,0.19366551591258843,0.019350799543958574
0.38749999999999996,0.2818181818181818,0.2119353843616051,0.018359080560232277
0.38749999999999996,0.31202020202020203,0.22938855238812764,0.01754372034996443
0.38749999999999996,0.3422222222222222,0.24607924976536905,0.01686173727919682
0.38749999999999996,0.37242424242424244,0.2620569437650876,0.016283231727265868
0.38749999999999996,0.40262626262626267,0.2773668455004739,0.015786720418959455
0.38749999999999996,0.43282828282828284,0.2920503597788041,0.015356345535270988
0.38749999999999996,0.46303030303030307,0.30614548299912386,0.014980131525749396
0.38749999999999996,0.49323232323232324,0.3196871537644263,0.014648855974485953
0.38749999999999996,0.5234343434343435,0.33270756126215545,0.014355295138974267
0.38749999999999996,0.5536363636363637,0.34523641652685755,0.014093706121576233
0.38749999999999996,0.5838383838383838,0.35730119140850364,0.013859463026785646
0.38749999999999996,0.614040404040404,0.36892732963350255,0.01364879598092017
0.38749999999999996,0.6442424242424243,0.38013843368913885,0.013458600470587667
0.38749999999999996,0.6744444444444445,0.39095643084114196,0.013286295752350297
0.38749999999999996,0.7046464646464646,0.40140172104375266,0.013129718142821156
0.38749999999999996,0.7348484848484849,0.41149330909001103,0.01298703951758573
0.38749999999999996,0.7650505050505051,0.42124892299949923,0.012856704305260314
0.38749999999999996,0.7952525252525253,0.4306851203434702,0.012737380238161844
0.38749999999999996,0.8254545454545454,0.43981738396045317,0.012627919463972237
0.38749999999999996,0.8556565656565657,0.44866020830981984,0.012527327551173695
0.38749999999999996,0.8858585858585859,0.45722717753896225,0.01243473857249544
0.38749999999999996,0.9160606060606061,0.46553103619548003,0.012349394914320744
0.38749999999999996,0.9462626262626262,0.4735837533940487,0.012270630794213755
0.38749999999999996,0.9764646464646465,0.48139658114439604,0.012197858712586385
0.38749999999999996,1.0066666666666666,0.4889801074588102,0.012130558244355605
0.38749999999999996,1.036868686868687,0.4963443047822278,0.012068266710549391
0.38749999999999996,1.067070707070707,0.5034985742231294,0.012010571370627554
0.38749999999999996,1.0972727272727274,0.5104517860074834,0.011957102852915957
0.38749999999999996,1.1274747474747475,0.5172123165294655,0.011907529599205047
0.38749999999999996,1.1576767676767676,0.5237880823304953,0.01186155314480053
0.38749999999999996,1.187878787878788,0.5301865713013291,0.01181890409056563
0.38749999999999996,1.218080808080808,0.5364148713697664,0.011779338651012994
0.38749999999999996,1.2482828282828282,0.5424796969083112,0.011742635684276692
0.38749999999999996,1.2784848484848486,0.5483874130713031,0.011708594127044947
0.38749999999999996,1.3086868686868687,0.5541440582491877,0.011677030771245489
0.38749999999999996,1.338888888888889,0.5597553648082885,0.011647778330388103
0.38749999999999996,1.3690909090909091,0.5652267782673666,0.011620683752349814
0.38749999999999996,1.3992929292929293,0.5705634750471203,0.011595606742608844
0.38749999999999996,1.4294949494949496,0.575770378915332,0.011572418467870271
0.38749999999999996,1.4596969696969697,0.5808521762384111,0.011551000414812052
0.38749999999999996,1.4898989898989898,0.5858133301394348,0.011531243382670642
0.38749999999999996,1.5201010101010102,0.5906580936532655,0.011513046591665077
0.38749999999999996,1.5503030303030303,0.5953905219608335,0.011496316891994596
0.38749999999999996,1.5805050505050506,0.6000144837770591,0.011480968060362251
0.38749999999999996,1.6107070707070708,0.6045336719600666,0.011466920172934492
0.38749999999999996,1.6409090909090909,0.608951613403218,0.011454099045194122
0.38749999999999996,1.6711111111111112,0.6132716782659897,0.011442435730488976
0.38749999999999996,1.7013131313131313,0.6174970885947543,0.011431866070215735
0.38749999999999996,1.7315151515151515,0.6216309263799336,0.01142233028954065
0.38749999999999996,1.7617171717171718,0.6256761410913813,0.011413772633351638
0.38749999999999996,1.791919191919192,0.6296355567363668,0.011406141037813011
0.38749999999999996,1.8221212121212123,0.6335118784637831,0.011399386833609526
0.38749999999999996,1.8523232323232324,0.637307698759694,0.011393464477263082
0.38749999999999996,1.8825252525252525,0.6410255032578265,0.011388331307531585
0.38749999999999996,1.9127272727272728,0.6446676761937724,0.011383947324183907
0.38749999999999996,1.942929292929293,0.6482365055281574,0.011380274986776406
0.38749999999999996,1.9731313131313133,0.6517341877620085,0.01137727903137642
0.38749999999999996,2.0033333333333334,0.655162832465701,0.011374926303358679
0.38749999999999996,2.0335353535353535,0.658524466541186,0.011373185604689251
0.38749999999999996,2.0637373737373736,0.6618210382356636,0.011372027554223951
0.38749999999999996,2.093939393939394,0.6650544209234621,0.011371424459772683
0.38749999999999996,2.1241414141414143,0.6682264166716106,0.011371350200751529
0.38749999999999996,2.1543434343434344,0.6713387596034087,0.01137178012047002
0.38749999999999996,2.1845454545454546,0.674393119073237,0.011372690927079487
0.38749999999999996,2.2147474747474747,0.6773911026648576,0.011374060602443503
0.38749999999999996,2.244949494949495,0.6803342590245606,0.011375868318150184
0.38749999999999996,2.2751515151515154,0.6832240805396801,0.011378094358058144
0.38749999999999996,2.3053535353535355,0.6860620058722439,0.0113807200467686
0.38749999999999996,2.3355555555555556,0.6888494223568253,0.011383727683522027
0.38749999999999996,2.3657575757575757,0.6915876682710163,0.011387100481018209
0.38749999999999996,2.395959595959596,0.6942780349863552,0.011390822508777543
0.38749999999999996,2.4261616161616164,0.6969217690069914,0.011394878640611283
0.38749999999999996,2.4563636363636365,0.6995200739028702,0.011399254505893408
0.38749999999999996,2.4865656565656566,0.7020741121437534,0.011403936444297935
0.38749999999999996,2.5167676767676768,0.7045850068399646,0.01140891146373102
0.38749999999999996,2.546969696969697,0.7070538433953489,0.011414167201177383
0.38749999999999996,2.5771717171717174,0.7094816710775746,0.011419691886262129
0.38749999999999996,2.6073737373737376,0.7118695045105594,0.011425474307276362
0.38749999999999996,2.6375757575757577,0.714218325093495,0.011431503779498753
0.38749999999999996,2.667777777777778,0.7165290823506485,0.011437770115620305
0.38749999999999996,2.697979797979798,0.7188026952158496,0.01144426359813333
0.38749999999999996,2.728181818181818,0.7210400532553283,0.011450974953496562
0.38749999999999996,2.7583838383838386,0.7232420178323228,0.01145789532798891
0.38749999999999996,2.7885858585858587,0.7254094232166742,0.011465016265086891
0.38749999999999996,2.818787878787879,0.7275430776424149,0.011472329684288685
0.38749999999999996,2.848989898989899,0.7296437643161745,0.01147982786125068
0.38749999999999996,2.879191919191919,0.7317122423790535,0.011487503409154609
0.38749999999999996,2.9093939393939396,0.7337492478244507,0.011495349261222865
0.38749999999999996,2.9395959595959598,0.7357554943741806,0.01150335865429275
0.38749999999999996,2.96979797979798,0.737731674313356,0.011511525113391485
0.38749999999999996,3.0,0.73967845929439,0.011519842437174299
0.425,0.01,0.009520706555870305,0.12330850805598326
0.425,0.040202020202020204,0.037191419926363815,0.05017327211570999
0.425,0.07040404040404041,0.06333956348542799,0.03549782203201324
0.425,0.10060606060606062,0.08808882768474302,0.028739953764575166
0.425,0.13080808080808082,0.11154972439151553,0.02476315386587946
0.425,0.16101010101010102,0.13382131487491922,0.02211541876471057
0.425,0.19121212121212122,0.15499267521299245,0.020215218212336072
0.425,0.22141414141414142,0.17514414578495177,0.01878078480989709
0.425,0.2516161616161616,0.1943483959597088,0.017657809497981347
0.425,0.2818181818181818,0.212671327825134,0.016754193364242553
0.425,0.31202020202020203,0.2301728443517153,0.01601133458738979
0.425,0.3422222222222222,0.24690750892910993,0.01539005028738294
0.425,0.37242424242424244,0.2629251188099517,0.014863083939241628
0.425,0.40262626262626267,0.2782712086460008,0.01441085174764023
0.425,0.43282828282828284,0.2929874948798401,0.014018898261184853
0.425,0.46303030303030307,0.3071122685678973,0.013676307171706537
0.425,0.49323232323232324,0.3206807426671199,0.013374671938101157
0.425,0.5234343434343435,0.3337253587913222,0.013107407990727848
0.425,0.5536363636363637,0.3462760583199653,0.012869280665509297
0.425,0.5838383838383838,0.35836052219357634,0.012656073519744293
0.425,0.614040404040404,0.37000438333523794,0.012464350421472092
0.425,0.6442424242424243,0.3812314151955957,0.012291281743834315
0.425,0.6744444444444445,0.39206369948328723,0.012134515293582337
0.425,0.7046464646464646,0.4025217757358818,0.011992079037023817
0.425,0.7348484848484849,0.4126247750208247,0.011862306806376788
0.425,0.7650505050505051,0.4223905397356868,0.011743780866228404
0.425,0.7952525252525253,0.4318357312011627,0.011635287020295593
0.425,0.8254545454545454,0.44097592650482936,0.011535779163109439
0.425,0.8556565656565657,0.4498257058537084,0.011444351027401156
0.425,0.8858585858585859,0.4583987315240827,0.011360213472044078
0.425,0.9160606060606061,0.46670781935308503,0.0112826760779563
0.425,0.9462626262626262,0.47476500359419144,0.011211132124177459
0.425,0.9764646464646465,0.48258159585439253,0.011145046238546286
0.425,1.0066666666666666,0.49016823874154486,0.011083944181378813
0.425,1.036868686868687,0.49753495477377857,0.011027404342774938
0.425,1.067070707070707,0.504691191036858,0.010975050626111926
0.425,1.0972727272727274,0.5116458600183622,0.01092654646009894
0.425,1.1274747474747475,0.518407376998131,0.010881589735259434
0.425,1.1576767676767676,0.5249836943314556,0.010839908501934392
0.425,1.187878787878788,0.5313823329240099,0.010801257299033251
0.425,1.218080808080808,0.537610411164767,0.01076541400786013
0.425,1.2482828282828282,0.543674671554435,0.010732177145171384
0.425,1.2784848484848486,0.549581505241702,0.010701363525318142
0.425,1.3086868686868687,0.5553369746573792,0.010672806233922083
0.425,1.338888888888889,0.5609468344169127,0.010646352865556041
0.425,1.3690909090909091,0.5664165506444016,0.010621863986022051
0.425,1.3992929292929293,0.5717513188558941,0.01059921178648171
0.425,1.4294949494949496,0.576956080526099,0.010578278901973936
0.425,1.4596969696969697,0.5820355384505224,0.01055895737132495
0.425,1.4898989898989898,0.5869941710042391,0.010541147719055566
0.425,1.5201010101010102,0.5918362453888718,0.01052475814283671
0.425,1.5503030303030303,0.5965658299507344,0.010509703792650038
0.425,1.5805050505050506,0.6011868056453992,0.01049590612967588
0.425,1.6107070707070708,0.6057028767170299,0.010483292354883877
0.425,1.6409090909090909,0.6101175806546304,0.010471794898558429
0.425,1.6711111111111112,0.6144342974817846,0.010461350963345772
0.425,1.7013131313131313,0.6186562584314481,0.010451902114342992
0.425,1.7315151515151515,0.622786554052838,0.010443393910682497
0.425,1.7617171717171718,0.6268281417933846,0.01043577557379649
0.425,1.791919191919192,0.630783853095033,0.01042899968813793
0.425,1.8221212121212123,0.6346564000408491,0.010423021930746845
0.425,1.8523232323232324,0.6384483815848696,0.010417800826421297
0.425,1.8825252525252525,0.6421622893954018,0.010413297525756038
0.425,1.9127272727272728,0.6458005133395028,0.010409475603546214
0.425,1.942929292929293,0.6493653466341085,0.010406300875451135
0.425,1.9731313131313133,0.6528589906872398,0.010403741230975871
0.425,2.0033333333333334,0.6562835596508471,0.010401766481140884
0.425,2.0335353535353535,0.6596410847051488,0.010400348219314903
0.425,2.0637373737373736,0.662933518092784,0.01039945969394207
0.425,2.093939393939394,0.6661627369196655,0.010399075691960302
0.425,2.1241414141414143,0.6693305467345518,0.01039917243189481
0.425,2.1543434343434344,0.6724386849178865,0.010399727465710606
0.425,2.1845454545454546,0.6754888238657912,0.010400719588567808
0.425,2.2147474747474747,0.6784825740018278,0.010402128755794493
0.425,2.244949494949495,0.6814214866244412,0.010403936006370573
0.425,2.2751515151515154,0.6843070565976381,0.010406123392357136
0.425,2.3053535353535355,0.6871407248959487,0.010408673913735234
0.425,2.3355555555555556,0.6899238810128104,0.010411571458167623
0.425,2.3657575757575757,0.6926578652408495,0.010414800745287778
0.425,2.395959595959596,0.6953439708319471,0.01041834727507629
0.425,2.4261616161616164,0.6979834460444231,0.010422197280017809
0.425,2.4563636363636365,0.7005774960841671,0.01042633768070722
0.425,2.4865656565656566,0.703127284946074,0.010430756044615741
0.425,2.5167676767676768,0.7056339371617091,0.010435440547764463
0.425,2.546969696969697,0.7080985394587334,0.010440379939064437
0.425,2.5771717171717174,0.7105221423372442,0.01044556350711523
0.425,2.6073737373737376,0.7129057615678475,0.010450981049260344
0.425,2.6375757575757577,0.715250379615961,0.01045662284272697
0.425,2.667777777777778,0.717556946996554,0.010462479617697307
0.425,2.697979797979798,0.7198263835632577,0.010468542532132474
0.425,2.728181818181818,0.7220595797355284,0.010474803148271983
0.425,2.7583838383838386,0.7242573976673085,0.010481253410611346
0.425,2.7885858585858587,0.726420672360418,0.010487885625311888
0.425,2.818787878787879,0.7285502127257008,0.010494692440908393
0.425,2.848989898989899,0.7306468025947678,0.01050166683021203
0.425,2.879191919191919,0.7327112016849986,0.010508802073348145
0.425,2.9093939393939396,0.7347441465203044,0.010516091741820999
0.425,2.9395959595959598,0.7367463513100009,0.010523529683559296
0.425,2.96979797979798,0.738718508787998,0.010531110008855427
0.425,3.0,0.7406612910143852,0.01053882707713627
0.46249999999999997,0.01,0.009558389215384027,0.11331483077582383
0.46249999999999997,0.040202020202020204,0.03733630776694256,0.04611209186317433
0.46249999999999997,0.07040404040404041,0.06358243569694479,0.03262803431254868
0.46249999999999997,0.10060606060606062,0.08842129409123481,0.02641923047270822
0.46249999999999997,0.13080808080808082,0.11196414498759359,0.02276580803235806
0.46249999999999997,0.16101010101010102,0.13431072526772114,0.02033356217394111
0.46249999999999997,0.19121212121212122,0.15555071483764216,0.018588149763202555
0.46249999999999997,0.22141414141414142,0.17576498651275926,0.01727067106023683
0.46249999999999997,0.2516161616161616,0.19502667414731173,0.01623934280811956
0.46249999999999997,0.2818181818181818,0.21340208671988356,0.015409543588273955
0.46249999999999997,0.31202020202020203,0.23095149159123726,0.014727430455593327
0.46249999999999997,0.3422222222222222,0.24772978806195617,0.014157003150226721
0.46249999999999997,0.37242424242424244,0.26378709026630437,0.013673219546924908
0.46249999999999997,0.40262626262626267,0.27916923505101854,0.013258087251748485
0.46249999999999997,0.43282828282828284,0.2939182270925135,0.012898325740099414
0.46249999999999997,0.46303030303030307,0.30807263064546264,0.012583906164903791
0.46249999999999997,0.49323232323232324,0.3216679152632089,0.012307105555272813
0.46249999999999997,0.5234343434343435,0.33473676145428677,0.012061874871021283
0.46249999999999997,0.5536363636363637,0.34730933130557945,0.011843405275137053
0.46249999999999997,0.5838383838383838,0.3594135084218977,0.01164782339104109
0.46249999999999997,0.614040404040404,0.37107511098658247,0.011471972719402812
0.46249999999999997,0.6442424242424243,0.38231808127831995,0.01131325395416738
0.46249999999999997,0.6744444444444445,0.39316465456197397,0.011169506399530071
0.46249999999999997,0.7046464646464646,0.40363550989807306,0.011038918601471437
0.46249999999999997,0.7348484848484849,0.41374990508383647,0.010919960092801162
0.46249999999999997,0.7650505050505051,0.4235257976463612,0.010811328628452133
0.46249999999999997,0.7952525252525253,0.4329799535534872,0.010711908942069082
0.46249999999999997,0.8254545454545454,0.44212804508680476,0.010620740179957844
0.46249999999999997,0.8556565656565657,0.4509847391307084,0.010536989945937103
0.46249999999999997,0.8858585858585859,0.45956377696759415,0.010459933436359536
0.46249999999999997,0.9160606060606061,0.4678780465286786,0.010388936532915505
0.46249999999999997,0.9462626262626262,0.47593964792920773,0.010323442000832461
0.46249999999999997,0.9764646464646465,0.4837599530130975,0.010262958144165557
0.46249999999999997,1.0066666666666666,0.4913496595427975,0.010207049420702274
0.46249999999999997,1.036868686868687,0.4987188405932025,0.010155328631126226
0.46249999999999997,1.067070707070707,0.5058769896419285,0.010107450381623861
0.46249999999999997,1.0972727272727274,0.5128330617906566,0.010063105583292264
0.46249999999999997,1.1274747474747475,0.519595511502208,0.010022016800754097
0.46249999999999997,1.1576767676767676,0.5261723271944696,0.009983934300368924
0.46249999999999997,1.187878787878788,0.5325710629942655,0.009948632677870162
0.46249999999999997,1.218080808080808,0.538798867921031,0.009915907968355064
0.46249999999999997,1.2482828282828282,0.5448625127409962,0.009885575159764848
0.46249999999999997,1.2784848484848486,0.5507684147069589,0.009857466045439356
0.46249999999999997,1.3086868686868687,0.5565226603761894,0.009831427362824607
0.46249999999999997,1.338888888888889,0.5621310266790854,0.009807319174700124
0.46249999999999997,1.3690909090909091,0.5675990003936162,0.00978501345675431
0.46249999999999997,1.3992929292929293,0.5729317961649951,0.009764392861352222
0.46249999999999997,1.4294949494949496,0.5781343731961891,0.009745349632338085
0.46249999999999997,1.4596969696969697,0.5832114507225801,0.009727784649710136
0.46249999999999997,1.4898989898989898,0.5881675223731356,0.009711606586344512
0.46249999999999997,1.5201010101010102,0.5930068695106836,0.009696731161715766
0.46249999999999997,1.5503030303030303,0.597733573635155,0.009683080479782724
0.46249999999999997,1.5805050505050506,0.6023515279258571,0.00967058244018637
0.46249999999999997,1.6107070707070708,0.606864447991839,0.009659170213421886
0.46249999999999997,1.6409090909090909,0.611275881893138,0.009648781771992576
0.46249999999999997,1.6711111111111112,0.6155892194900534,0.009639359470732467
0.46249999999999997,1.7013131313131313,0.6198077011725232,0.009630849670336561
0.46249999999999997,1.7315151515151515,0.6239344260171026,0.009623202399000164
0.46249999999999997,1.7617171717171718,0.6279723594149251,0.009616371047748595
0.46249999999999997,1.791919191919192,0.6319243402103006,0.0096103120955926
0.46249999999999997,1.8221212121212123,0.6357930873862375,0.00960498486115302
0.46249999999999997,1.8523232323232324,0.6395812063301289,0.009600351277826658
0.46249999999999997,1.8825252525252525,0.6432911947100786,0.009596375689935988
0.46249999999999997,1.9127272727272728,0.6469254479898392,0.00959302466760903
0.46249999999999997,1.942929292929293,0.6504862646080549,0.009590266838391814
0.46249999999999997,1.9731313131313133,0.6539758508454362,0.009588072733891284
0.46249999999999997,2.0033333333333334,0.6573963254016048,0.009586414649871866
0.46249999999999997,2.0335353535353535,0.6607497237016351,0.009585266518470359
0.46249999999999997,2.0637373737373736,0.664038001950754,0.009584603791315871
0.46249999999999997,2.093939393939394,0.6672630409542263,0.009584403332465241
0.46249999999999997,2.1241414141414143,0.6704266497181575,0.009584643320254216
0.46249999999999997,2.1543434343434344,0.6735305688457425,0.009585303157149783
0.46249999999999997,2.1845454545454546,0.6765764737424045,0.009586363386900665
0.46249999999999997,2.2147474747474747,0.6795659776422591,0.009587805618288536
0.46249999999999997,2.244949494949495,0.6825006344674305,0.009589612454874441
0.46249999999999997,2.2751515151515154,0.6853819415308965,0.009591767430188858
0.46249999999999997,2.3053535353535355,0.6882113420927692,0.009594254947913772
0.46249999999999997,2.3355555555555556,0.6909902277792072,0.009597060226568255
0.46249999999999997,2.3657575757575757,0.6937199408689204,0.009600169248340507
0.46249999999999997,2.395959595959596,0.6964017764693519,0.009603568711713306
0.46249999999999997,2.4261616161616164,0.6990369845720424,0.00960724598751983
0.46249999999999997,2.4563636363636365,0.7016267719956545,0.009611189078197135
0.46249999999999997,2.4865656565656566,0.7041723042377737,0.009615386579905572
0.46249999999999997,2.5167676767676768,0.7066747072294833,0.009619827647363133
0.46249999999999997,2.546969696969697,0.7091350690012381,0.009624501961088994
0.46249999999999997,2.5771717171717174,0.7115544412652286,0.009629399696936103
0.46249999999999997,2.6073737373737376,0.7139338409190831,0.00963451149766481
0.46249999999999997,2.6375757575757577,0.716274251475433,0.009639828446465604
0.46249999999999997,2.667777777777778,0.7185766244215753,0.00964534204221379
0.46249999999999997,2.697979797979798,0.7208418805131867,0.009651044176385737
0.46249999999999997,2.728181818181818,0.7230709110057965,0.009656927111455493
0.46249999999999997,2.7583838383838386,0.7252645788274843,0.009662983460695163
0.46249999999999997,2.7885858585858587,0.7274237196960499,0.00966920616927025
0.46249999999999997,2.818787878787879,0.7295491431837016,0.009675588496521614
0.46249999999999997,2.848989898989899,0.7316416337321195,0.009682123999364078
0.46249999999999997,2.879191919191919,0.7337019516205685,0.009688806516705117
0.46249999999999997,2.9093939393939396,0.7357308338895818,0.009695630154825885
0.46249999999999997,2.9395959595959598,0.7377289952225718,0.009702589273645534
0.46249999999999997,2.96979797979798,0.7396971287875918,0.009709678473819539
0.46249999999999997,3.0,0.741635907041333,0.009716892584590298
0.5,0.01,0.009596058272606164,0.10482020407741133
0.5,0.040202020202020204,0.03748099236809632,0.042660083459338694
0.5,0.07040404040404041,0.06382473044194371,0.030188705647979486
0.5,0.10060606060606062,0.08875266588854595,0.0244466033648143
0.5,0.13080808080808082,0.11237684487456359,0.02106804933324158
0.5,0.16101010101010102,0.13479770878991662,0.01881896764799751
0.5,0.19121212121212122,0.15610556934835046,0.017205124156251417
0.5,0.22141414141414142,0.17638186347405047,0.01598705654174326
0.5,0.2516161616161616,0.19570022575967763,0.015033628378460895
0.5,0.2818181818181818,0.214127408357403,0.014266574007887112
0.5,0.31202020202020203,0.23172407242394694,0.013636095420833882
0.5,0.3422222222222222,0.24854547104446184,0.013108897485597293
0.5,0.37242424242424244,0.26464204069418495,0.012661820233769161
0.5,0.40262626262626267,0.2800599156208265,0.01227822389828015
0.5,0.43282828282828284,0.29484137715541137,0.011945826596081677
0.5,0.46303030303030307,0.3090252478422055,0.011655353791448997
0.5,0.49323232323232324,0.32264723834500647,0.011399663529911397
0.5,0.5234343434343435,0.3357402536884894,0.011173161962215739
0.5,0.5536363636363637,0.34833466425955933,0.010971402201573222
0.5,0.5838383838383838,0.3604585462031944,0.010790802479002437
0.5,0.614040404040404,0.3721378950513498,0.010628443986838043
0.5,0.6442424242424243,0.3833968159578762,0.010481923197020349
0.5,0.6744444444444445,0.39425769342482253,0.0103492421924829
0.5,0.7046464646464646,0.40474134302244524,0.01022872601793523
0.5,0.7348484848484849,0.414867147273965,0.01011895955749953
0.5,0.7650505050505051,0.4246531775908858,0.010018738738313493
0.5,0.7952525252525253,0.43411630389853256,0.00992703238941739
0.5,0.8254545454545454,0.44327229337884905,0.00984295212558739
0.5,0.8556565656565657,0.4521358995738872,0.009765728345043412
0.5,0.8858585858585859,0.4607209429349025,0.009694690934504369
0.5,0.9160606060606061,0.4690403837651228,0.009629253634424684
0.5,0.9462626262626262,0.4771063883861009,0.009568901275992747
0.5,0.9764646464646465,0.484930389255456,0.009513179290428386
0.5,1.0066666666666666,0.49252313967548805,0.00946168503044853
0.5,1.036868686868687,0.49989476365564856,0.009414060547540126
0.5,1.067070707070707,0.5070548014254748,0.009369986546872378
0.5,1.0972727272727274,0.5140122510369131,0.009329177300952951
0.5,1.1274747474747475,0.5207756064447197,0.009291376348605551
0.5,1.1576767676767676,0.5273528924098125,0.009256352840869564
0.5,1.187878787878788,0.5337516965321272,0.009223898422704435
0.5,1.218080808080808,0.5399791986859752,0.009193824560752795
0.5,1.2482828282828282,0.5460421981014537,0.00916596024418892
0.5,1.2784848484848486,0.5519471383095428,0.009140149999127267
0.5,1.3086868686868687,0.557700130145711,0.009116252167614025
0.5,1.338888888888889,0.5633069729867005,0.009094137410915692
0.5,1.3690909090909091,0.5687731743773424,0.009073687403551745
0.5,1.3992929292929293,0.5741039681883334,0.009054793690299157
0.5,1.4294949494949496,0.5793043314311824,0.009037356682821907
0.5,1.4596969696969697,0.5843789998506737,0.009021284776431715
0.5,1.4898989898989898,0.5893324823864828,0.009006493570387963
0.5,1.5201010101010102,0.5941690746091417,0.008992905177927613
0.5,1.5503030303030303,0.5988928712096085,0.00898044761412442
0.5,1.5805050505050506,0.6035077776203538,0.008969054251501518
0.5,1.6107070707070708,0.608017520837751,0.008958663334820205
0.5,1.6409090909090909,0.6124256595092065,0.008949217547628896
0.5,1.6711111111111112,0.6167355933427601,0.00894066362426571
0.5,1.7013131313131313,0.6209505718917462,0.00893295200180444
0.5,1.7315151515151515,0.6250737027624879,0.008926036507261426
0.5,1.7617171717171718,0.6291079592888189,0.008919874075916878
0.5,1.791919191919192,0.6330561877134665,0.008914424497249218
0.5,1.8221212121212123,0.6369211139129216,0.00890965018530343
0.5,1.8523232323232324,0.6407053496993421,0.0089055159708602
0.5,1.8825252525252525,0.6444113987302396,0.00890198891298355
0.5,1.9127272727272728,0.6480416620541722,0.008899038127881953
0.5,1.942929292929293,0.65159844331836,0.008896634633268397
0.5,1.9731313131313133,0.6550839536620545,0.008894751206585783
0.5,2.0033333333333334,0.6585003163175844,0.008893362255673276
0.5,2.0335353535353535,0.6618495709392738,0.008892443700663666
0.5,2.0637373737373736,0.6651336776788406,0.008891972865921582
0.5,2.093939393939394,0.6683545210244481,0.008891928381096648
0.5,2.1241414141414143,0.6715139134192608,0.008892290090380728
0.5,2.1543434343434344,0.6746135986741497,0.008893038969201905
0.5,2.1845454545454546,0.6776552551880957,0.008894157047627527
0.5,2.2147474747474747,0.6806404989888196,0.008895627339899237
0.5,2.244949494949495,0.6835708866052546,0.008897433779482267
0.5,2.2751515151515154,0.6864479177826139,0.008899561159179337
0.5,2.3053535353535355,0.6892730380500347,0.008901995075828228
0.5,2.3355555555555556,0.6920476411500611,0.00890472187918423
0.5,2.3657575757575757,0.6947730713385666,0.008907728624631073
0.5,2.395959595959596,0.6974506255631108,0.008911003029383302
0.5,2.4261616161616164,0.7000815555271677,0.008914533431882088
0.5,2.4563636363636365,0.7026670696471438,0.008918308754116255
0.5,2.4865656565656566,0.7052083349086304,0.008922318466657364
0.5,2.5167676767676768,0.7077064786265547,0.008926552556095979
0.5,2.546969696969697,0.7101625901197357,0.008931001494826729
0.5,2.5771717171717174,0.7125777223004818,0.008935656212870624
0.5,2.6073737373737376,0.7149528931802311,0.008940508071602071
0.5,2.6375757575757577,0.7172890873059962,0.008945548839272899
0.5,2.667777777777778,0.7195872571249469,0.008950770668158636
0.5,2.697979797979798,0.7218483242827304,0.008956166073208038
0.5,2.728181818181818,0.7240731808592511,0.008961727912096595
0.5,2.7583838383838386,0.7262626905454002,0.00896744936655769
0.5,2.7885858585858587,0.7284176897640017,0.008973323924904353
0.5,2.818787878787879,0.7305389887380379,0.008979345365662805
0.5,2.848989898989899,0.732627372509026,0.00898550774222806
0.5,2.879191919191919,0.7346836019082386,0.00899180536847033
0.5,2.9093939393939396,0.736708414483299,0.008998232805221607
0.5,2.9395959595959598,0.7387025253825259,0.00900478484758982
0.5,2.96979797979798,0.7406666281992568,0.009011456513036142
0.5,3.0,0.7426013957782529,0.009018243030139095
0.5375,0.01,0.009633713731320256,0.0975108731799661
0.5375,0.040202020202020204,0.03762547395255207,0.039689745700507206
0.5375,0.07040404040404041,0.06406644880992672,0.028089739611102393
0.5375,0.10060606060606062,0.08908294596294195,0.02274921442928135
0.5375,0.13080808080808082,0.11278782964866095,0.01960717240606802
0.5375,0.16101010101010102,0.1352822736499124,0.01751569505995554
0.5375,0.19121212121212122,0.15665724554499658,0.016015060571596518
0.5375,0.22141414141414142,0.17699476937741748,0.014882531789481845
0.5375,0.2516161616161616,0.19636900460375187,0.013996133446390724
0.5375,0.2818181818181818,0.21484717190452524,0.013283068721309466
0.5375,0.31202020202020203,0.23249035062907467,0.012697020057546693
0.5375,0.3422222222222222,0.24935416806089997,0.012207019920332352
0.5375,0.37242424242424244,0.2654893971638491,0.011791527806018998
0.5375,0.40262626262626267,0.2809424767377268,0.011435067778865715
0.5375,0.43282828282828284,0.2957559656017764,0.011126217204930233
0.5375,0.46303030303030307,0.3099689404864169,0.010856350569928397
0.5375,0.49323232323232324,0.323617345784622,0.010618825835789991
0.5375,0.5234343434343435,0.33673430190820336,0.010408440809104524
0.5375,0.5536363636363637,0.34935037790633766,0.01022106003504275
0.5375,0.5838383838383838,0.3614938331133471,0.010053352654243897
0.5375,0.614040404040404,0.373190831858965,0.0099026043796826
0.5375,0.6442424242424243,0.3844656346739236,0.00976658014145837
0.5375,0.6744444444444445,0.39534076892823306,0.00964342208791158
0.5375,0.7046464646464646,0.4058371814268695,0.009531572717420778
0.5375,0.7348484848484849,0.41597437514102265,0.009429716172004499
0.5375,0.7650505050505051,0.4257705319598584,0.00933673285516412
0.5375,0.7952525252525253,0.4352426230982863,0.00925166395993049
0.5375,0.8254545454545454,0.4444065085830342,0.009173683460594884
0.5375,0.8556565656565657,0.45327702705654366,0.00910207579062794
0.5375,0.8858585858585859,0.4618680769810549,0.009036217898676924
0.5375,0.9160606060606061,0.47019269018984683,0.008975564708586958
0.5375,0.9462626262626262,0.4782630986157003,0.008919637250263568
0.5375,0.9764646464646465,0.4860907949255503,0.00886801290379391
0.5375,1.0066666666666666,0.49368658770270035,0.008820317328877225
0.5375,1.036868686868687,0.5010606517419559,0.008776217748165838
0.5375,1.067070707070707,0.5082225739569478,0.00873541732577987
0.5375,1.0972727272727274,0.5151813953413591,0.008697650437435644
0.5375,1.1274747474747475,0.5219456493755559,0.00866267867091075
0.5375,1.1576767676767676,0.5285233972262372,0.00863028742809302
0.5375,1.187878787878788,0.5349222600482807,0.008600283025336886
0.5375,1.218080808080808,0.5411494486642568,0.00857249020859574
0.5375,1.2482828282828282,0.5472117908674594,0.008546750015530735
0.5375,1.2784848484848486,0.5531157565682107,0.008522917929177032
0.5375,1.3086868686868687,0.5588674809802114,0.008500862277688093
0.5375,1.338888888888889,0.5644727860233757,0.008480462842607839
0.5375,1.3690909090909091,0.5699372001016149,0.008461609644569323
0.5375,1.3992929292929293,0.5752659763980921,0.008444201880505542
0.5375,1.4294949494949496,0.5804641098163184,0.008428146990711705
0.5375,1.4596969696969697,0.5855363526828744,0.008413359837583956
0.5375,1.4898989898989898,0.5904872293163334,0.008399761980691256
0.5375,1.5201010101010102,0.5953210495569602,0.008387281035246108
0.5375,1.5503030303030303,0.6000419213428289,0.008375850102950055
0.5375,1.5805050505050506,0.6046537624100072,0.008365407265850777
0.5375,1.6107070707070708,0.6091603111942773,0.008355895135186753
0.5375,1.6409090909090909,0.6135651369647644,0.008347260448457128
0.5375,1.6711111111111112,0.617871649312425,0.008339453708628097
0.5375,1.7013131313131313,0.6220831069853723,0.008332428860564844
0.5375,1.7315151515151515,0.6262026261471895,0.00832614300021084
0.5375,1.7617171717171718,0.6302331880983524,0.008320556112729083
0.5375,1.791919191919192,0.634177646500719,0.008315630836281285
0.5375,1.8221212121212123,0.6380387341420513,0.008311332248562842
0.5375,1.8523232323232324,0.6418190692744201,0.008307627673571627
0.5375,1.8825252525252525,0.6455211615575165,0.008304486506425235
0.5375,1.9127272727272728,0.6491474176353434,0.00830188005425847
0.5375,1.942929292929293,0.6527001463724296,0.008299781391532868
0.5375,1.9731313131313133,0.6561815637735987,0.008298165228229237
0.5375,2.0033333333333334,0.6595937976094081,0.008297007789649147
0.5375,2.0335353535353535,0.6629388917676121,0.008296286706586109
0.5375,2.0637373737373736,0.6662188103494195,0.008295980914899248
0.5375,2.093939393939394,0.6694354415278518,0.008296070563525104
0.5375,2.1241414141414143,0.6725906011841813,0.008296536930126441
0.5375,2.1543434343434344,0.6756860363372106,0.008297362343654857
0.5375,2.1845454545454546,0.6787234283790446,0.008298530113154179
0.5375,2.2147474747474747,0.6817043961299845,0.00830002446224487
0.5375,2.244949494949495,0.6846304987242376,0.008301830468773863
0.5375,2.2751515151515154,0.6875032383372881,0.008303934009134206
0.5375,2.3053535353535355,0.6903240627649718,0.008306321706863518
0.5375,2.3355555555555556,0.693094367863592,0.008308980885134876
0.5375,2.3657575757575757,0.6958154998597331,0.008311899522797539
0.5375,2.395959595959596,0.6984887575378276,0.00831506621367395
0.5375,2.4261616161616164,0.7011153943129602,0.008318470128813482
0.5375,2.4563636363636365,0.7036966201958793,0.008322100981483338
0.5375,2.4865656565656566,0.7062336036567,0.008325948994647003
0.5375,2.5167676767676768,0.7087274733933475,0.008330004870745977
0.5375,2.546969696969697,0.7111793200103734,0.00833425976356228
0.5375,2.5771717171717174,0.7135901976134046,0.008338705252053602
0.5375,2.6073737373737376,0.7159611253259474,0.0083433333159324
0.5375,2.6375757575757577,0.7182930887292859,0.008348136312918308
0.5375,2.667777777777778,0.7205870412228571,0.008353106957535106
0.5375,2.697979797979798,0.7228439053389915,0.008358238301226395
0.5375,2.728181818181818,0.7250645739787622,0.008363523713818433
0.5375,2.7583838383838386,0.7272499115927578,0.008368956866182886
0.5375,2.7885858585858587,0.7294007553058106,0.008374531714001376
0.5375,2.818787878787879,0.7315179159887668,0.008380242482538991
0.5375,2.848989898989899,0.733602179280182,0.008386083652402343
0.5375,2.879191919191919,0.7356543065606532,0.008392049946148505
0.5375,2.9093939393939396,0.7376750358823299,0.008398136315737492
0.5375,2.9395959595959598,0.7396650828559937,0.008404337930743022
0.5375,2.96979797979798,0.7416251414979479,0.008410650167264944
0.5375,3.0,0.7435558850388277,0.008417068597505573
0.575,0.01,0.0096713555953001,0.09115493237589156
0.575,0.040202020202020204,0.03776975274240329,0.03710683856665886
0.575,0.07040404040404041,0.06430759188591066,0.026264543190987144
0.575,0.10060606060606062,0.08941213719545416,0.021273212093627647
0.575,0.13080808080808082,0.11319710501873949,0.018336829811580024
0.575,0.16101010101010102,0.13576442912358208,0.016382397362977974
0.575,0.19121212121212122,0.1572057556633027,0.014980203621921095
0.575,0.22141414141414142,0.17760371517919027,0.013922055014546464
0.575,0.2516161616161616,0.1970330096429568,0.013093942449956097
0.575,0.2818181818181818,0.21556134527837553,0.012427824567722956
0.575,0.31202020202020203,0.23325023621671634,0.01188041024129216
0.575,0.3422222222222222,0.25015569942708965,0.011422755884187064
0.575,0.37242424242424244,0.2663288577422443,0.011034729176433444
0.575,0.40262626262626267,0.2818164648729687,0.010701866166580754
0.575,0.43282828282828284,0.2966613639307161,0.010413491355535376
0.575,0.46303030303030307,0.310902889180831,0.010161543562309916
0.575,0.49323232323232324,0.3245772190550986,0.0099398154308028
0.575,0.5234343434343435,0.3377176872471283,0.009743445315036459
0.575,0.5536363636363637,0.3503550576274035,0.009568568552299261
0.575,0.5838383838383838,0.362517767803558,0.009412072451298048
0.575,0.614040404040404,0.37423214543905786,0.009271420558285781
0.575,0.6442424242424243,0.3855226008400217,0.009144524280832123
0.575,0.6744444444444445,0.39641179879796135,0.009029647557674991
0.575,0.7046464646464646,0.4069208122504737,0.008925335017077707
0.575,0.7348484848484849,0.4170692599669899,0.008830357109916864
0.575,0.7650505050505051,0.42687543016516977,0.008743667696149426
0.575,0.7952525252525253,0.43635639170764445,0.008664370893558093
0.575,0.8254545454545454,0.44552809431126333,0.00859169490223688
0.575,0.8556565656565657,0.4544054590153995,0.008524971143404336
0.575,0.8858585858585859,0.46300245999695905,0.00846361748996105
0.575,0.9160606060606061,0.4713321986832691,0.008407124678444067
0.575,0.9462626262626262,0.47940697099649565,0.008355045217058432
0.575,0.9764646464646465,0.48723832846177373,0.008306984268724227
0.575,1.0066666666666666,0.4948371338234171,0.00826259210914393
0.575,1.036868686868687,0.5022136117374094,0.008221557850154992
0.575,1.067070707070707,0.509377395042165,0.008183604186583482
0.575,1.0972727272727274,0.5163375670518754,0.008148482976343852
0.575,1.1274747474747475,0.5231027002664226,0.008115971503033448
0.575,1.1576767676767676,0.5296808918478212,0.00808586930074684
0.575,1.187878787878788,0.5360797961745827,0.008057995444534782
0.575,1.218080808080808,0.5423066547515443,0.008032186228480453
0.575,1.2482828282828282,0.5483683237229426,0.008008293168026759
0.575,1.2784848484848486,0.5542712992102774,0.007986181274756587
0.575,1.3086868686868687,0.560021740673383,0.00796572756111158
0.575,1.338888888888889,0.5656254924726677,0.00794681973998812
0.575,1.3690909090909091,0.5710881037923681,0.007929355090132262
0.575,1.3992929292929293,0.5764148470686131,0.007913239463093857
0.575,1.4294949494949496,0.5816107350518201,0.007898386411546499
0.575,1.4596969696969697,0.586680536620262,0.007884716421936888
0.575,1.4898989898989898,0.5916287914503348,0.007872156237161088
0.575,1.5201010101010102,0.5964598236389692,0.007860638257178865
0.575,1.5503030303030303,0.6011777543646106,0.007850100007225747
0.575,1.5805050505050506,0.6057865136651355,0.007840483664945719
0.575,1.6107070707070708,0.6102898514038343,0.007831735638877513
0.575,1.6409090909090909,0.6146913474881138,0.00782380619196954
0.575,1.6711111111111112,0.6189944214093923,0.00781664910453217
0.575,1.7013131313131313,0.6232023411121795,0.00781022137193399
0.575,1.7315151515151515,0.627318231326117,0.007804482932912915
0.575,1.7617171717171718,0.6313450813290027,0.0077993964249174486
0.575,1.791919191919192,0.6352857522129817,0.007794926963435422
0.575,1.8221212121212123,0.6391429836884882,0.007791041942560639
0.575,1.8523232323232324,0.64291940045897,0.0077877108544899265
0.575,1.8825252525252525,0.6466175181976872,0.007784905125849173
0.575,1.9127272727272728,0.6502397491552996,0.00778259796907399
0.575,1.942929292929293,0.6537884074245988,0.00778076424724139
0.575,1.9731313131313133,0.6572657138866274,0.007779380350940057
0.575,2.0033333333333334,0.6606738008604667,0.007778424085977065
0.575,2.0335353535353535,0.6640147164772269,0.007777874570796817
0.575,2.0637373737373736,0.6672904287971484,0.0077777121426616525
0.575,2.093939393939394,0.6705028296872625,0.007777918271720807
0.575,2.1241414141414143,0.6736537384757155,0.00777847548222832
0.575,2.1543434343434344,0.676744905397629,0.007779367280190019
0.575,2.1845454545454546,0.6797780148462517,0.007780578086879597
0.575,2.2147474747474747,0.6827546884421293,0.007782093177632676
0.575,2.244949494949495,0.6856764879320715,0.007783898625473018
0.575,2.2751515151515154,0.6885449179288375,0.007785981249106122
0.575,2.3053535353535355,0.6913614285016632,0.007788328564918068
0.575,2.3355555555555556,0.6941274176270231,0.007790928742584136
0.575,2.3657575757575757,0.6968442335083571,0.007793770564021196
0.575,2.395959595959596,0.6995131767728611,0.007796843385364127
0.575,2.4261616161616164,0.7021355025528858,0.007800137101719562
0.575,2.4563636363636365,0.7047124224589559,0.007803642114459608
0.575,2.4865656565656566,0.7072451064509404,0.007807349300851474
0.575,2.5167676767676768,0.7097346846134589,0.007811249985833824
0.575,2.546969696969697,0.7121822488411975,0.007815335915739352
0.575,2.5771717171717174,0.7145888544394242,0.007819599233857888
0.575,2.6073737373737376,0.7169555216472306,0.007824032457636632
0.575,2.6375757575757577,0.7192832370825132,0.007828628457424935
0.575,2.667777777777778,0.7215729551034445,0.007833380436660597
0.575,2.697979797979798,0.7238255991330681,0.007838281913324474
0.575,2.728181818181818,0.7260420628975335,0.007843326702621889
0.575,2.7583838383838386,0.7282232116109175,0.00784850890079336
0.575,2.7885858585858587,0.7303698831037452,0.007853822869944738
0.575,2.818787878787879,0.732482888898308,0.00785926322383923
0.575,2.848989898989899,0.7345630152336858,0.007864824814585614
0.575,2.879191919191919,0.736611024043195,0.007870502720147554
0.575,2.9093939393939396,0.7386276538868201,0.007876292232617432
0.575,2.9395959595959598,0.7406136208410328,0.007882188847207372
0.575,2.96979797979798,0.7425696193482506,0.007888188251898853
0.575,3.0,0.7444963230280581,0.007894286317714494
0.6124999999999999,0.01,0.00970898386831025,0.08557726919187858
0.6124999999999999,0.040202020202020204,0.03791382895924372,0.03484020122642795
0.6124999999999999,0.07040404040404041,0.06454816075041246,0.024662831869627144
0.6124999999999999,0.10060606060606062,0.08974024245466342,0.019977932926804387
0.6124999999999999,0.13080808080808082,0.11360467671077819,0.017222024506316824
0.6124999999999999,0.16101010101010102,0.1362441848109692,0.015387853321666922
0.6124999999999999,0.19121212121212122,0.15775111377793938,0.014072044142238394
0.6124999999999999,0.22141414141414142,0.17820871886318607,0.013079166093630912
0.6124999999999999,0.2516161616161616,0.19769225972338217,0.012302200774647831
0.6124999999999999,0.2818181818181818,0.2162699411620293,0.011677279946788133
0.6124999999999999,0.31202020202020203,0.23400372366754404,0.011163768293763088
0.6124999999999999,0.3422222222222222,0.25095002438000225,0.010734498311935958
0.6124999999999999,0.37242424242424244,0.267160325380465,0.010370573401281113
0.6124999999999999,0.40262626262626267,0.28268170338304627,0.010058417647460072
0.6124999999999999,0.43282828282828284,0.2975572924348465,0.00978801117210537
0.6124999999999999,0.46303030303030307,0.311826689326856,0.009551788000007333
0.6124999999999999,0.49323232323232324,0.3255263098518694,0.009343922208036703
0.6124999999999999,0.5234343434343435,0.33868970274205396,0.009159850978104123
0.6124999999999999,0.5536363636363637,0.3513478270486281,0.00899594726431574
0.6124999999999999,0.5838383838383838,0.3635292978543017,0.008849289814458983
0.6124999999999999,0.614040404040404,0.375260604471275,0.008717498220382591
0.6124999999999999,0.6442424242424243,0.3865663046598224,0.008598612421000684
0.6124999999999999,0.6744444444444445,0.3974691978922133,0.008491003224094129
0.6124999999999999,0.7046464646464646,0.40799048026085116,0.00839330487543366
0.6124999999999999,0.7348484848484849,0.41814988326555935,0.008304363561005168
0.6124999999999999,0.7650505050505051,0.42796579840657645,0.008223197598372645
0.6124999999999999,0.7952525252525253,0.437455389246318,0.008148966321784856
0.6124999999999999,0.8254545454545454,0.4466346923987482,0.008080945514803206
0.6124999999999999,0.8556565656565657,0.45551870871405364,0.008018507830955368
0.6124999999999999,0.8858585858585859,0.4641214856940777,0.007961107054970107
0.6124999999999999,0.9160606060606061,0.4724561921822797,0.007908265349956478
0.6124999999999999,0.9462626262626262,0.4805351861213373,0.00785956284738476
0.6124999999999999,0.9764646464646465,0.4883700761263491,0.00781462909073749
0.6124999999999999,1.0066666666666666,0.49597177752304544,0.007773135957416022
0.6124999999999999,1.036868686868687,0.5033505634236055,0.0077347917682013545
0.6124999999999999,1.067070707070707,0.5105161113459323,0.007699336357299025
0.6124999999999999,1.0972727272727274,0.5174775458240936,0.007666536924412659
0.6124999999999999,1.1274747474747475,0.5242434774069261,0.007636184527361367
0.6124999999999999,1.1576767676767676,0.5308220383974523,0.007608091102347725
0.6124999999999999,1.187878787878788,0.5372209156469128,0.007582086921241071
0.6124999999999999,1.218080808080808,0.543447380683127,0.007558018412631817
0.6124999999999999,1.2482828282828282,0.5495083174229175,0.007535746287188783
0.6124999999999999,1.2784848484848486,0.5554102476919114,0.00751514391871444
0.6124999999999999,1.3086868686868687,0.5611593547517362,0.007496095940992209
0.6124999999999999,1.338888888888889,0.566761505014015,0.007478497027517239
0.6124999999999999,1.3690909090909091,0.5722222681023238,0.007462250826809846
0.6124999999999999,1.3992929292929293,0.5775469354070893,0.007447269030595116
0.6124999999999999,1.4294949494949496,0.5827405372640284,0.00743347055585053
0.6124999999999999,1.4596969696969697,0.5878078588739432,0.00742078082478792
0.6124999999999999,1.4898989898989898,0.5927534550702849,0.00740913112930075
0.6124999999999999,1.5201010101010102,0.5975816640307317,0.0073984580685393375
0.6124999999999999,1.5503030303030303,0.6022966200199328,0.007388703049953538
0.6124999999999999,1.5805050505050506,0.6069022652424414,0.007379811845579232
0.6124999999999999,1.6107070707070708,0.611402360877569,0.007371734196564894
0.6124999999999999,1.6409090909090909,0.6158004973613526,0.007364423459903957
0.6124999999999999,1.6711111111111112,0.6201001039766053,0.007357836292223752
0.6124999999999999,1.7013131313131313,0.6243044577987568,0.007351932366123304
0.6124999999999999,1.7315151515151515,0.628416692054044,0.007346674115258356
0.6124999999999999,1.7617171717171718,0.6324398039359698,0.0073420265048216304
0.6124999999999999,1.791919191919192,0.6363766619129053,0.007337956824494674
0.6124999999999999,1.8221212121212123,0.64023001257053,0.007334434501334419
0.6124999999999999,1.8523232323232324,0.6440024870220682,0.007331430930431315
0.6124999999999999,1.8825252525252525,0.6476966069178682,0.007328919321349714
0.6124999999999999,1.9127272727272728,0.6513147900832641,0.007326874558695851
0.6124999999999999,1.942929292929293,0.6548593558112863,0.0073252730753123885
0.6124999999999999,1.9731313131313133,0.6583325298346494,0.007324092736764376
0.6124999999999999,2.0033333333333334,0.6617364489994766,0.007323312735984411
0.6124999999999999,2.0335353535353535,0.665073165661444,0.007322913497046057
0.6124999999999999,2.0637373737373736,0.6683446518234057,0.007322876587150473
0.6124999999999999,2.093939393939394,0.6715528030320725,0.007323184636010671
0.6124999999999999,2.1241414141414143,0.6746994420499706,0.007323821261942198
0.6124999999999999,2.1543434343434344,0.6777863223176619,0.007324771004004971
0.6124999999999999,2.1845454545454546,0.6808151312200837,0.0073260192596191764
0.6124999999999999,2.2147474747474747,0.6837874931698202,0.007327552227158085
0.6124999999999999,2.244949494949495,0.686704972519175,0.007329356853072344
0.6124999999999999,2.2751515151515154,0.6895690763120393,0.007331420783095899
0.6124999999999999,2.3053535353535355,0.6923812568857495,0.007333732317225339
0.6124999999999999,2.3355555555555556,0.6951429143323951,0.007336280368076986
0.6124999999999999,2.3657575757575757,0.6978553988283593,0.007339054422388136
0.6124999999999999,2.395959595959596,0.7005200128402551,0.00734204450535092
0.6124999999999999,2.4261616161616164,0.7031380132148431,0.007345241147550308
0.6124999999999999,2.4563636363636365,0.7057106131599937,0.007348635354282873
0.6124999999999999,2.4865656565656566,0.7082389841232666,0.007352218577079572
0.6124999999999999,2.5167676767676768,0.7107242575742287,0.007355982687225815
0.6124999999999999,2.546969696969697,0.7131675266962225,0.007359919951123839
0.6124999999999999,2.5771717171717174,0.7155698479943022,0.007364023007366605
0.6124999999999999,2.6073737373737376,0.7179322428182037,0.0073682848453549
0.6124999999999999,2.6375757575757577,0.7202556988145904,0.007372698785355292
0.6124999999999999,2.667777777777778,0.7225411713076186,0.007377258459922764
0.6124999999999999,2.697979797979798,0.7247895846102616,0.0073819577965090755
0.6124999999999999,2.728181818181818,0.7270018332730411,0.007386791001230186
0.6124999999999999,2.7583838383838386,0.7291787832728789,0.0073917525436648646
0.6124999999999999,2.7885858585858587,0.7313212731453907,0.007396837142635171
0.6124999999999999,2.818787878787879,0.7334301150637389,0.007402039752890888
0.6124999999999999,2.848989898989899,0.7355060958669657,0.007407355552612183
0.6124999999999999,2.879191919191919,0.737549978040546,0.007412779931700086
0.6124999999999999,2.9093939393939396,0.7395625006517297,0.007418308480783509
0.6124999999999999,2.9395959595959598,0.7415443802420902,0.0074239369808992706
0.6124999999999999,2.96979797979798,0.7434963116795438,0.007429661393770992
0.6124999999999999,3.0,0.7454189689719755,0.007435477852700378
0.65,0.01,0.009746598554088957,0.08064318172462337
0.65,0.040202020202020204,0.03805770282406013,0.03283509457885114
0.65,0.07040404040404041,0.06478815647960666,0.023245925248971178
0.65,0.10060606060606062,0.09006726459350324,0.018832097367614598
0.65,0.13080808080808082,0.11401055042838297,0.016235835689978773
0.65,0.16101010101010102,0.1367215503696696,0.01450804660515903
0.65,0.19121212121212122,0.15829333447527894,0.01326865201159455
0.65,0.22141414141414142,0.1788098005750071,0.012333511093130634
0.65,0.2516161616161616,0.19834678044973067,0.011601789493078662
0.65,0.2818181818181818,0.21697298921968192,0.011013310552304478
0.65,0.31202020202020203,0.2347508433702756,0.01052978829713025
0.65,0.3422222222222222,0.2517371681929936,0.010125626347486705
0.65,0.37242424242424244,0.2679838117141292,0.009783021215360455
0.65,0.40262626262626267,0.2835381792860074,0.009489182534724305
0.65,0.43282828282828284,0.2984437005623641,0.009234670378366339
0.65,0.46303030303030307,0.3127402386416007,0.009012356818624667
0.65,0.49323232323232324,0.326464449637415,0.008816753336572392
0.65,0.5234343434343435,0.33965009946837743,0.008643561446416426
0.65,0.5536363636363637,0.35232834377311023,0.00848936428797531
0.65,0.5838383838383838,0.3645279758480668,0.008351409946803168
0.65,0.614040404040404,0.37627564679793085,0.008227456044367143
0.65,0.6442424242424243,0.38759606147288184,0.008115656211046485
0.65,0.6744444444444445,0.3985121532501514,0.00801447578450798
0.65,0.7046464646464646,0.40904524028226763,0.007922628280546462
0.65,0.7348484848484849,0.41921516546816295,0.007839026875595012
0.65,0.7650505050505051,0.4290404220942671,0.0077627469022725215
0.65,0.7952525252525253,0.4385382668311644,0.007692996535790808
0.65,0.8254545454545454,0.4477248215484479,0.007629093649073937
0.65,0.8556565656565657,0.45661516521960915,0.007570447367323263
0.65,0.8858585858585859,0.46522341702569814,0.007516543240835061
0.65,0.9160606060606061,0.4735628116267447,0.007466931231007168
0.65,0.9462626262626262,0.48164576744975757,0.0074212159034823255
0.65,0.9764646464646465,0.48948394873853823,0.0073790483677036445
0.65,1.0066666666666666,0.49708832201248426,0.007340119609094087
0.65,1.036868686868687,0.504469207544861,0.007304154940001473
0.65,1.067070707070707,0.5116363263327763,0.007270909355616473
0.65,1.0972727272727274,0.5185988430093049,0.007240163626621499
0.65,1.1274747474747475,0.5253654051351017,0.007211720995261572
0.65,1.1576767676767676,0.531944179197446,0.007185404368493353
0.65,1.187878787878788,0.5383428836399031,0.007161053922809968
0.65,1.218080808080808,0.5445688192047561,0.007138525051769262
0.65,1.2482828282828282,0.5506288968401004,0.0071176866001765315
0.65,1.2784848484848486,0.5565296633968445,0.0070984193391361305
0.65,1.3086868686868687,0.5622773253173483,0.007080614644388916
0.65,1.338888888888889,0.5678777704966403,0.007064173346917446
0.65,1.3690909090909091,0.5733365884787432,0.0070490047301059455
0.65,1.3992929292929293,0.5786590891343146,0.00703502565207903
0.65,1.4294949494949496,0.5838503199512959,0.007022159775274428
0.65,1.4596969696969697,0.5889150820573694,0.007010336888288116
0.65,1.4898989898989898,0.5938579450815171,0.0069994923072587145
0.65,1.5201010101010102,0.5986832609517208,0.006989566346160547
0.65,1.5503030303030303,0.6033951767166722,0.006980503846857999
0.65,1.5805050505050506,0.6079976464711642,0.006972253761210467
0.65,1.6107070707070708,0.612494442457473,0.006964768778603636
0.65,1.6409090909090909,0.6168891654084552,0.006958004993244726
0.65,1.6711111111111112,0.6211852541921458,0.006951921606342504
0.65,1.7013131313131313,0.6253859948123233,0.00694648065898007
0.65,1.7315151515151515,0.6294945288146918,0.006941646792037126
0.65,1.7617171717171718,0.6335138611440141,0.006937387030037101
0.65,1.791919191919192,0.6374468674813576,0.0069336705861706704
0.65,1.8221212121212123,0.6412963011566726,0.0069304686860323095
0.65,1.8523232323232324,0.645064799566291,0.006927754408197151
0.65,1.8825252525252525,0.6487548902189366,0.00692550253960067
0.65,1.9127272727272728,0.6523689964049023,0.0069236894442359365
0.65,1.942929292929293,0.6559094425159333,0.006922292943737363
0.65,1.9731313131313133,0.6593784590423517,0.0069212922086001605
0.65,2.0033333333333334,0.6627781872700543,0.006920667658978585
0.65,2.0335353535353535,0.6661106836982132,0.006920400874076416
0.65,2.0637373737373736,0.6693779241968788,0.006920474509250818
0.65,2.093939393939394,0.6725818079221834,0.006920872220120611
0.65,2.1241414141414143,0.6757241610054873,0.006921578592967714
0.65,2.1543434343434344,0.678806740031554,0.006922579080830937
0.65,2.1845454545454546,0.681831235319706,0.0069238599447767335
0.65,2.2147474747474747,0.6847992740208669,0.0069254081998439965
0.65,2.244949494949495,0.6877124230424317,0.006927211565247227
0.65,2.2751515151515154,0.690572191812043,0.006929258418449047
0.65,2.3053535353535355,0.6933800348905267,0.006931537752754124
0.65,2.3355555555555556,0.6961373544435145,0.006934039138119408
0.65,2.3657575757575757,0.698845502580594,0.006936752684891578
0.65,2.395959595959596,0.7015057835701961,0.006939669010231686
0.65,2.4261616161616164,0.7041194559378613,0.0069427792069860494
0.65,2.4563636363636365,0.7066877344549864,0.006946074814802916
0.65,2.4865656565656566,0.7092117920246682,0.006949547793323463
0.65,2.5167676767676768,0.7116927614708026,0.00695319049724219
0.65,2.546969696969697,0.714131737236186,0.006956995653122133
0.65,2.5771717171717174,0.7165297769949727,0.006960956337799473
0.65,2.6073737373737376,0.7188879031844879,0.006965065958262073
0.65,2.6375757575757577,0.7212071044598768,0.00696931823289626
0.65,2.667777777777778,0.7234883370719057,0.0069737071739763845
0.65,2.697979797979798,0.7257325262086346,0.006978227071260168
0.65,2.728181818181818,0.727940567222334,0.006982872476748225
0.65,2.7583838383838386,0.7301133268309805,0.0069876381903761775
0.65,2.7885858585858587,0.7322516442542656,0.00699251924661648
0.65,2.818787878787879,0.7343563322959309,0.006997510901940451
0.65,2.848989898989899,0.7364281783753631,0.007002608623061901
0.65,2.879191919191919,0.7384679455112072,0.007007808075920607
0.65,2.9093939393939396,0.7404763732595782,0.007013105115314389
0.65,2.9395959595959598,0.7424541786093015,0.007018495775202416
0.65,2.96979797979798,0.7444020568364592,0.007023976259551201
0.65,3.0,0.746320682320388,0.007029542933755684
0.6875,0.01,0.00978419965627615,0.07624735757430212
0.6875,0.040202020202020204,0.03820137455743398,0.031048722599611445
0.6875,0.07040404040404041,0.06502758014523266,0.021983582290931114
0.6875,0.10060606060606062,0.09039320644917855,0.017811250487469232
0.6875,0.13080808080808082,0.11441473184191749,0.015357216193653489
0.6875,0.16101010101010102,0.1371965354203816,0.013724200813210352
0.6875,0.19121212121212122,0.15883243240769787,0.01255288186869108
0.6875,0.22141414141414142,0.17940698095349783,0.011669176946042414
0.6875,0.2516161616161616,0.19899659916819618,0.010977761090816829
0.6875,0.2818181818181818,0.2176705238628298,0.010421746484191363
0.6875,0.31202020202020203,0.23549163659518416,0.009964940181691029
0.6875,0.3422222222222222,0.25251717804615204,0.009583145510819513
0.6875,0.37242424242424244,0.2687993679370196,0.009259532827557315
0.6875,0.40262626262626267,0.2843859448095496,0.008982011600055628
0.6875,0.43282828282828284,0.29932063749536697,0.008741658568427457
0.6875,0.46303030303030307,0.3136435782102367,0.008531736050603422
0.6875,0.49323232323232324,0.3273916654912151,0.008347056110632023
0.6875,0.5234343434343435,0.34059888399894284,0.008183555746603677
0.6875,0.5536363636363637,0.35329658704079714,0.00803800534376986
0.6875,0.5838383838383838,0.3655137467976113,0.007907803842468919
0.6875,0.614040404040404,0.3772771764877162,0.007790831827279465
0.6875,0.6442424242424243,0.388611728077832,0.0076853442095632385
0.6875,0.6744444444444445,0.39954046861709663,0.00758989053761483
0.6875,0.7046464646464646,0.41008483789553446,0.007503254943485693
0.6875,0.7348484848484849,0.42026478961090735,0.007424410280588267
0.6875,0.7650505050505051,0.4300989181015776,0.007352482671989735
0.6875,0.7952525252525253,0.43960457230582767,0.007286723801552819
0.6875,0.8254545454545454,0.4487979584328194,0.007226489036307404
0.6875,0.8556565656565657,0.45769423262995523,0.007171219991132904
0.6875,0.8858585858585859,0.4663075847667831,0.00712043051371225
0.6875,0.9160606060606061,0.4746513143143723,0.007073695328687846
0.6875,0.9462626262626262,0.4827378991776328,0.007030640768169727
0.6875,0.9764646464646465,0.490579058233266,0.006990937153015242
0.6875,1.0066666666666666,0.4981858082354297,0.006954292490489733
0.6875,1.036868686868687,0.5055685156727017,0.00692044722945484
0.6875,1.067070707070707,0.5127369440917622,0.006889169870933021
0.6875,1.0972727272727274,0.5197002973438916,0.006860253275055017
0.6875,1.1274747474747475,0.5264672591586377,0.0068335115383619804
0.6875,1.1576767676767676,0.533046029394114,0.006808777340973071
0.6875,1.187878787878788,0.5394443573290745,0.006785899682823615
0.6875,1.218080808080808,0.5456695721960847,0.006764741943870334
0.6875,1.2482828282828282,0.5517286112887217,0.0067451802152163065
0.6875,1.2784848484848486,0.5576280458354755,0.006727101857881612
0.6875,1.3086868686868687,0.5633741048486499,0.006710404253740698
0.6875,1.338888888888889,0.5689726971314251,0.006694993719255082
0.6875,1.3690909090909091,0.5744294316070383,0.00668078455774368
0.6875,1.3992929292929293,0.5797496361175588,0.006667698229940289
0.6875,1.4294949494949496,0.5849383748250907,0.006655662625920655
0.6875,1.4596969696969697,0.5900004643352167,0.006644611424216018
0.6875,1.4898989898989898,0.5949404886508922,0.006634483526137824
0.6875,1.5201010101010102,0.5997628130546405,0.006625222555178167
0.6875,1.5503030303030303,0.6044715970076532,0.006616776412929459
0.6875,1.5805050505050506,0.6090708061461194,0.006609096884180321
0.6875,1.6107070707070708,0.6135642234476879,0.006602139284942021
0.6875,1.6409090909090909,0.6179554596343129,0.006595862148054632
0.6875,1.6711111111111112,0.6222479628717538,0.006590226941767918
0.6875,1.7013131313131313,0.6264450278206192,0.006585197817324362
0.6875,1.7315151515151515,0.6305498040890047,0.006580741382098632
0.6875,1.7617171717171718,0.6345653041323995,0.006576826495353849
0.6875,1.791919191919192,0.638494410642599,0.006573424083987867
0.6875,1.8221212121212123,0.6423398834626127,0.00657050697604733
0.6875,1.8523232323232324,0.6461043660607901,0.006568049750040661
0.6875,1.8825252525252525,0.6497903916212754,0.0065660285982915845
0.6875,1.9127272727272728,0.6534003887204911,0.0065644212028823645
0.6875,1.942929292929293,0.6569366866800042,0.0065632066228358266
0.6875,1.9731313131313133,0.6604015205881251,0.006562365191327801
0.6875,2.0033333333333334,0.6637970360195609,0.006561878421964318
0.6875,2.0335353535353535,0.6671252934740978,0.006561728923160759
0.6875,2.0637373737373736,0.6703882725536494,0.0065619003198389425
0.6875,2.093939393939394,0.6735878758954915,0.006562377181714041
0.6875,2.1241414141414143,0.6767259328781366,0.006563144957541178
0.6875,2.1543434343434344,0.6798042031150373,0.006564189914747276
0.6875,2.1845454545454546,0.6828243797501645,0.006565499083939885
0.6875,2.2147474747474747,0.6857880925684507,0.0065670602078355955
0.6875,2.244949494949495,0.6886969109331229,0.006568861694224104
0.6875,2.2751515151515154,0.6915523465610665,0.006570892572576481
0.6875,2.3053535353535355,0.6943558561465495,0.006573142453987213
0.6875,2.3355555555555556,0.697108843842888,0.006575601494143601
0.6875,2.3657575757575757,0.6998126636109513,0.00657826035908049
0.6875,2.395959595959596,0.7024686214427693,0.0065811101934505345
0.6875,2.4261616161616164,0.7050779774679276,0.006584142591131936
0.6875,2.4563636363636365,0.7076419479498978,0.00658734956793583
0.6875,2.4865656565656566,0.7101617071789563,0.006590723536281207
0.6875,2.5167676767676768,0.712638389267892,0.006594257281641092
0.6875,2.546969696969697,0.7150730898562754,0.006597943940635842
0.6875,2.5771717171717174,0.7174668677286817,0.006601776980643903
0.6875,2.6073737373737376,0.7198207463518927,0.006605750180787462
0.6875,2.6375757575757577,0.7221357153357744,0.006609857614213732
0.6875,2.667777777777778,0.7244127318197195,0.006614093631561069
0.6875,2.697979797979798,0.72665272179783,0.006618452845490452
0.6875,2.728181818181818,0.7288565813781577,0.006622930116254366
0.6875,2.7583838383838386,0.731025177972783,0.006627520538186715
0.6875,2.7885858585858587,0.7331593514403159,0.006632219427066044
0.6875,2.818787878787879,0.7352599151716223,0.006637022308260576
0.6875,2.848989898989899,0.7373276571246011,0.006641924905629093
0.6875,2.879191919191919,0.7393633408107776,0.006646923131109261
0.6875,2.9093939393939396,0.7413677062363123,0.006652013074945451
0.6875,2.9395959595959598,0.7433414707998652,0.0066571909965014164
0.6875,2.96979797979798,0.7452853301496044,0.00666245331564097
0.6875,3.0,0.7471999590015141,0.006667796604617138
0.725,0.01,0.009821787178216985,0.07230627310354998
0.725,0.040202020202020204,0.03834484437940179,0.029447143614319105
0.725,0.07040404040404041,0.06526643281452513,0.02085181872428632
0.725,0.10060606060606062,0.0907180708422888,0.016895996999186425
0.725,0.13080808080808082,0.11481722657952792,0.014569473437182179
0.725,0.16101010101010102,0.13766914951181344,0.013021424321685515
0.725,0.19121212121212122,0.15936842214971744,0.011911135674083528
0.725,0.22141414141414142,0.18000028062526052,0.011073542952316329
0.725,0.2516161616161616,0.19964174347703056,0.010418260653782818
0.725,0.2818181818181818,0.2183625804174494,0.00989134956007387
0.725,0.31202020202020203,0.23622614697793354,0.009458493219734798
0.725,0.3422222222222222,0.2532901062369424,0.00909674985475828
0.725,0.37242424242424244,0.2696070551052145,0.008790162907573507
0.725,0.40262626262626267,0.28522506956828725,0.008527269269779758
0.725,0.43282828282828284,0.30018818090349736,0.00829960888746073
0.725,0.46303030303030307,0.3145367928612584,0.008100793942004358
0.725,0.49323232323232324,0.3283080481904593,0.00792590597482623
0.725,0.5234343434343435,0.3415361515392344,0.007771093097693305
0.725,0.5536363636363637,0.3542526546930867,0.007633293562232524
0.725,0.5838383838383838,0.36648670917522297,0.007510041549935398
0.725,0.614040404040404,0.3782652904881767,0.0073993278810133845
0.725,0.6442424242424243,0.38961339765784253,0.007299498264046411
0.725,0.6744444444444445,0.4005542311864383,0.007209177740743922
0.725,0.7046464646464646,0.41110935209717503,0.007127213749126726
0.725,0.7348484848484849,0.42129882438281496,0.0070526326414883656
0.725,0.7650505050505051,0.4311413428401992,0.006984606073032307
0.725,0.7952525252525253,0.44065434801349695,0.006922424731681476
0.725,0.8254545454545454,0.4498541297390844,0.006865477596563974
0.725,0.8556565656565657,0.4587559205904368,0.00681323540829637
0.725,0.8858585858585859,0.46737398035463185,0.0067652373819937495
0.725,0.9160606060606061,0.4757216725260232,0.006721080441490113
0.725,0.9462626262626262,0.48381153370513436,0.0066804104315578705
0.725,0.9764646464646465,0.4916553366184538,0.0066429148952149575
0.725,1.0066666666666666,0.4992641474722338,0.00660831709903853
0.725,1.036868686868687,0.5066483782079311,0.006576371061076891
0.725,1.067070707070707,0.5138178341841462,0.006546857389714944
0.725,1.0972727272727274,0.5207817577456518,0.006519579782725549
0.725,1.1274747474747475,0.5275488680878143,0.006494362067049897
0.725,1.1576767676767676,0.5341273977790042,0.006471045684020682
0.725,1.187878787878788,0.5405251262635637,0.006449487543439769
0.725,1.218080808080808,0.5467494106327851,0.006429558184771311
0.725,1.2482828282828282,0.5528072139204766,0.00641114019514788
0.725,1.2784848484848486,0.5587051311525016,0.006394126843239478
0.725,1.3086868686868687,0.5644494133556895,0.0063784208952322174
0.725,1.338888888888889,0.5700459897103136,0.006363933585171511
0.725,1.3690909090909091,0.5755004880082515,0.00635058371662911
0.725,1.3992929292929293,0.5808182535804302,0.006338296876485794
0.725,1.4294949494949496,0.5860043668023814,0.006327004744821396
0.725,1.4596969696969697,0.5910636593173616,0.006316644487458278
0.725,1.4898989898989898,0.5960007290828727,0.006307158219775344
0.725,1.5201010101010102,0.6008199543365219,0.006298492532242905
0.725,1.5503030303030303,0.60552550657167,0.006290598069504494
0.725,1.5805050505050506,0.6101213626038635,0.006283429156085152
0.725,1.6107070707070708,0.6146113158015492,0.006276943462793616
0.725,1.6409090909090909,0.6189989865478589,0.006271101708750004
0.725,1.6711111111111112,0.6232878319942196,0.006265867394652291
0.725,1.7013131313131313,0.627481155161111,0.006261206563552779
0.725,1.7315151515151515,0.6315821134364147,0.006257087585857635
0.725,1.7617171717171718,0.6355937265173836,0.006253480965743741
0.725,1.791919191919192,0.6395188838382859,0.006250359166545483
0.725,1.8221212121212123,0.6433603515221854,0.006247696452965856
0.725,1.8523232323232324,0.6471207788920605,0.006245468748274918
0.725,1.8825252525252525,0.650802704573523,0.006243653504815594
0.725,1.9127272727272728,0.6544085622187235,0.006242229586433945
0.725,1.942929292929293,0.6579406858786027,0.0062411771615586975
0.725,1.9731313131313133,0.6614013150484526,0.006240477605802486
0.725,2.0033333333333334,0.6647925994097322,0.006240113413140458
0.725,2.0335353535353535,0.6681166032870461,0.0062400681147736226
0.725,2.0637373737373736,0.671375309849902,0.00624032620492998
0.725,2.093939393939394,0.6745706250595568,0.006240873072907993
0.725,2.1241414141414143,0.6777043813910111,0.006241694940766873
0.725,2.1543434343434344,0.6807783413426185,0.0062427788061252265
0.725,2.1845454545454546,0.6837942007457367,0.006244112389570677
0.725,2.2147474747474747,0.6867535918882416,0.006245684086287007
0.725,2.244949494949495,0.6896580864640085,0.006247482921462266
0.725,2.2751515151515154,0.6925091983595725,0.006249498509186768
0.725,2.3053535353535355,0.6953083862883596,0.006251721014486122
0.725,2.3355555555555556,0.6980570562821323,0.006254141118253509
0.725,2.3657575757575757,0.7007565640486034,0.006256749984782761
0.725,2.395959595959596,0.7034082172035252,0.006259539231714628
0.725,2.4261616161616164,0.7060132773849932,0.00626250090218794
0.725,2.4563636363636365,0.7085729622571498,0.006265627438978516
0.725,2.4865656565656566,0.7110884474099798,0.006268911660503473
0.725,2.5167676767676768,0.713560868161437,0.006272346738510182
0.725,2.546969696969697,0.7159913212677063,0.006275926177321756
0.725,2.5771717171717174,0.7183808665470226,0.006279643794512957
0.725,2.6073737373737376,0.7207305284221028,0.006283493702903931
0.725,2.6375757575757577,0.72304129738591,0.006287470293767861
0.725,2.667777777777778,0.7253141313951614,0.006291568221168609
0.725,2.697979797979798,0.7275499571957015,0.006295782387308657
0.725,2.728181818181818,0.7297496715835989,0.006300107928861154
0.725,2.7583838383838386,0.7319141426055731,0.006304540204170372
0.725,2.7885858585858587,0.7340442107021296,0.0063090747812659664
0.725,2.818787878787879,0.7361406897965704,0.006313707426649717
0.725,2.848989898989899,0.7382043683328482,0.006318434094780834
0.725,2.879191919191919,0.7402360102650414,0.006323250918202072
0.725,2.9093939393939396,0.7422363560010671,0.006328154198291358
0.725,2.9395959595959598,0.7442061233019681,0.006333140396558301
0.725,2.96979797979798,0.7461460081441702,0.006338206126479395
0.725,3.0,0.7480566855380265,0.006343348145804839
0.7625,0.01,0.009859361122242194,0.06875283551650124
0.7625,0.040202020202020204,0.03848811250947756,0.02800309299934356
0.7625,0.07040404040404041,0.06550471555035324,0.01983136849544942
0.7625,0.10060606060606062,0.09104186057697097,0.016070757082856657
0.7625,0.13080808080808082,0.11521804022849488,0.013859198628610514
0.7625,0.16101010101010102,0.13813940211235487,0.012387755009698465
0.7625,0.19121212121212122,0.15990131813915653,0.011332490417848007
0.7625,0.22141414141414142,0.18058972004119986,0.010536471180397244
0.7625,0.2516161616161616,0.2002822407955096,0.009913765392899787
0.7625,0.2818181818181818,0.2190491941279381,0.009413092401644452
0.7625,0.31202020202020203,0.2369544183105886,0.00900182766416413
0.7625,0.3422222222222222,0.25405600571872944,0.008658160853284746
0.7625,0.37242424242424244,0.27040693581075365,0.00836692260930727
0.7625,0.40262626262626267,0.2860556261495426,0.008117215522754684
0.7625,0.43282828282828284,0.30104641358665973,0.007900997174356883
0.7625,0.46303030303030307,0.3154199757392622,0.007712195186824866
0.7625,0.49323232323232324,0.3292137012315231,0.0075461340643798724
0.7625,0.5234343434343435,0.34246201584329133,0.007399152259336184
0.7625,0.5536363636363637,0.35519667055393156,0.007268339371102606
0.7625,0.5838383838383838,0.3674469966023503,0.00715135151342583
0.7625,0.614040404040404,0.3792401318811294,0.007046278893425351
0.7625,0.6442424242424243,0.39060122235728423,0.006951549080701058
0.7625,0.6744444444444445,0.40155360168326665,0.006865855180005154
0.7625,0.7046464646464646,0.41211895170228113,0.006788101704169769
0.7625,0.7348484848484849,0.42231744617587297,0.006717363238264662
0.7625,0.7650505050505051,0.4321678797550196,0.0066528524875260064
0.7625,0.7952525252525253,0.4416877839277908,0.006593895304288999
0.7625,0.8254545454545454,0.45089353145495226,0.006539910970798868
0.7625,0.8556565656565657,0.4598004306061242,0.0064903964859808205
0.7625,0.8858585858585859,0.46842281033988675,0.006444913934892993
0.7625,0.9160606060606061,0.4767740974301175,0.006403080254912652
0.7625,0.9462626262626262,0.4848668864134254,0.006364558882299809
0.7625,0.9764646464646465,0.49271300311946215,0.006329052886525632
0.7625,1.0066666666666666,0.5003235624703088,0.006296299291013607
0.7625,1.036868686868687,0.5077090211379557,0.006266064346923006
0.7625,1.067070707070707,0.5148792255872495,0.006238139577845692
0.7625,1.0972727272727274,0.5218434559695341,0.006212338452054933
0.7625,1.1274747474747475,0.5286104662793363,0.006188493568778153
0.7625,1.1576767676767676,0.5351885211402608,0.006166454267868993
0.7625,1.187878787878788,0.541585429545791,0.006146084590137546
0.7625,1.218080808080808,0.5478085758452074,0.00612726152956844
0.7625,1.2482828282828282,0.5538649482335547,0.006109873529699383
0.7625,1.2784848484848486,0.5597611649761393,0.006093819185141625
0.7625,1.3086868686868687,0.5655034985812395,0.006079006116227692
0.7625,1.338888888888889,0.5710978980934898,0.006065349990389768
0.7625,1.3690909090909091,0.57655000968861,0.006052773668341782
0.7625,1.3992929292929293,0.5818651957125902,0.0060412064568500234
0.7625,1.4294949494949496,0.587048552301942,0.006030583452845795
0.7625,1.4596969696969697,0.5921049257069246,0.0060208449660874575
0.7625,1.4898989898989898,0.5970389274278216,0.006011936009590491
0.7625,1.5201010101010102,0.6018549482637886,0.006003805848696198
0.7625,1.5503030303030303,0.6065571713643709,0.005996407601046583
0.7625,1.5805050505050506,0.611149584365354,0.005989697880871336
0.7625,1.6107070707070708,0.6156359906830504,0.005983636481964538
0.7625,1.6409090909090909,0.620020020034354,0.005978186094497184
0.7625,1.6711111111111112,0.6243051382437999,0.005973312051552382
0.7625,1.7013131313131313,0.6284946563933956,0.005968982101773657
0.7625,1.7315151515151515,0.6325917393660543,0.005965166205050609
0.7625,1.7617171717171718,0.6365994138290206,0.0059618363485685055
0.7625,1.791919191919192,0.6405205756996627,0.005958966380873232
0.7625,1.8221212121212123,0.6443579971321035,0.005956531861928571
0.7625,1.8523232323232324,0.6481143330609166,0.005954509927416973
0.7625,1.8825252525252525,0.6517921273347009,0.005952879165693092
0.7625,1.9127272727272728,0.6553938184659862,0.005951619506067818
0.7625,1.942929292929293,0.6589217450295304,0.005950712117195112
0.7625,1.9731313131313133,0.6623781507313803,0.005950139314545799
0.7625,2.0033333333333334,0.6657651891724174,0.00594988447598932
0.7625,2.0335353535353535,0.6690849283276638,0.005949931964716493
0.7625,2.0637373737373736,0.6723393547609455,0.005950267058724368
0.7625,2.093939393939394,0.6755303775929812,0.005950875886256091
0.7625,2.1241414141414143,0.6786598322395659,0.0059517453665909326
0.7625,2.1543434343434344,0.681729483935247,0.005952863155697763
0.7625,2.1845454545454546,0.684741031056719,0.005954217596272571
0.7625,2.2147474747474747,0.6876961082590958,0.0059557976717654615
0.7625,2.244949494949495,0.6905962894372422,0.005957592964033642
0.7625,2.2751515151515154,0.6934430905234454,0.005959593614272896
0.7625,2.3053535353535355,0.6962379721318847,0.005961790286960422
0.7625,2.3355555555555556,0.6989823420596012,0.005964174136526834
0.7625,2.3657575757575757,0.7016775576529716,0.005966736776514603
0.7625,2.395959595959596,0.7043249280480522,0.005969470251037112
0.7625,2.4261616161616164,0.7069257162925672,0.0059723670083011715
0.7625,2.4563636363636365,0.7094811413567748,0.005975419876054655
0.7625,2.4865656565656566,0.7119923800399424,0.005978622038788739
0.7625,2.5167676767676768,0.7144605687786997,0.005981967016534417
0.7625,2.546969696969697,0.716886805363113,0.005985448645154046
0.7625,2.5771717171717174,0.7192721505659293,0.00598906105798469
0.7625,2.6073737373737376,0.7216176296900727,0.005992798668725152
0.7625,2.6375757575757577,0.7239242340391415,0.005996656155496272
0.7625,2.667777777777778,0.7261929223153375,0.00600062844595084
0.7625,2.697979797979798,0.728424621948827,0.006004710703365168
0.7625,2.728181818181818,0.7306202303628414,0.006008898313654365
0.7625,2.7583838383838386,0.7327806161781849,0.006013186873203402
0.7625,2.7885858585858587,0.7349066203589935,0.00601757217749932
0.7625,2.818787878787879,0.736999057305219,0.006022050210471308
0.7625,2.848989898989899,0.7390587158934481,0.006026617134499146
0.7625,2.879191919191919,0.7410863604691574,0.006031269281046914
0.7625,2.9093939393939396,0.7430827317930296,0.006036003141865809
0.7625,2.9395959595959598,0.7450485479437909,0.0060408153607391935
0.7625,2.96979797979798,0.7469845051798859,0.00604570272571836
0.7625,3.0,0.7488912787621607,0.006050662161822595
0.7999999999999999,0.01,0.009896921487270794,0.06553253176523866
0.7999999999999999,0.040202020202020204,0.03863117916675809,0.02669441824802976
0.7999999999999999,0.07040404040404041,0.06574242941134043,0.0189065779361981
0.7999999999999999,0.10060606060606062,0.09136457844149067,0.015322872135691501
0.7999999999999999,0.13080808080808082,0.1156171783355277,0.013215497126308096
0.7999999999999999,0.16101010101010102,0.13860730260637735,0.011813473657221296
0.7999999999999999,0.19121212121212122,0.16043113466994488,0.010808071159452703
0.7999999999999999,0.22141414141414142,0.18117531942741957,0.010049724568220286
0.7999999999999999,0.2516161616161616,0.20091811823019542,0.009456538052140084
0.7999999999999999,0.2818181818181818,0.21973039983796672,0.008979640277373857
0.7999999999999999,0.31202020202020203,0.2376764939392133,0.008587939987462878
0.7999999999999999,0.3422222222222222,0.25481492898617675,0.008260652225076326
0.7999999999999999,0.37242424242424244,0.2711990722515213,0.007983321020767153
0.7999999999999999,0.40262626262626267,0.28687768690535814,0.007745561621964603
0.7999999999999999,0.43282828282828284,0.30189541840926426,0.007539710083330098
0.7999999999999999,0.46303030303030307,0.31629322048222025,0.007359979889206336
0.7999999999999999,0.49323232323232324,0.3301087292227476,0.007201915722240049
0.7999999999999999,0.5234343434343435,0.34337659260863657,0.007062028524738695
0.7999999999999999,0.5536363636363637,0.35612876146622024,0.006937545049385152
0.7999999999999999,0.5838383838383838,0.3683947470683748,0.006826231905840752
0.7999999999999999,0.614040404040404,0.38020184974871457,0.006726269365852078
0.7999999999999999,0.6442424242424243,0.3915753622596441,0.006636159181228951
0.7999999999999999,0.6744444444444445,0.402538751082663,0.006554656134875936
0.7999999999999999,0.7046464646464646,0.41311381842592787,0.006480716460062652
0.7999999999999999,0.7348484848484849,0.4233208472692705,0.006413458449513465
0.7999999999999999,0.7650505050505051,0.43317873149238967,0.0063521320070523135
0.7999999999999999,0.7952525252525253,0.44270509285186266,0.006296094850021916
0.7999999999999999,0.8254545454545454,0.451916386318006,0.006244793720373121
0.7999999999999999,0.8556565656565657,0.4608279951178866,0.006197749411350539
0.7999999999999999,0.8858585858585859,0.4694543166309108,0.006154544731820977
0.7999999999999999,0.9160606060606061,0.4778088401503149,0.0061148147545477816
0.7999999999999999,0.9462626262626262,0.4859042173956006,0.006078238856345619
0.7999999999999999,0.9764646464646465,0.4937523265525555,0.006044534175964289
0.7999999999999999,1.0066666666666666,0.5013643305224058,0.0060134502025199765
0.7999999999999999,1.036868686868687,0.5087507299874148,0.005984764272120913
0.7999999999999999,1.067070707070707,0.5159214118173937,0.0059582777990541125
0.7999999999999999,1.0972727272727274,0.5228856932869873,0.0059338131050068466
0.7999999999999999,1.1274747474747475,0.5296523625274985,0.005911210738080319
0.7999999999999999,1.1576767676767676,0.536229715577142,0.005890327195239298
0.7999999999999999,1.187878787878788,0.5426255903602103,0.00587103297891467
0.7999999999999999,1.218080808080808,0.548847397888187,0.005853210931727082
0.7999999999999999,1.2482828282828282,0.5549021509443092,0.005836754803857147
0.7999999999999999,1.2784848484848486,0.5607964904853043,0.005821568015890621
0.7999999999999999,1.3086868686868687,0.5665367099695489,0.005807562586629622
0.7999999999999999,1.338888888888889,0.5721287777992429,0.0057946582007011305
0.7999999999999999,1.3690909090909091,0.5775783580450499,0.00578278139509103
0.7999999999999999,1.3992929292929293,0.5828908296038293,0.0057718648472337986
0.7999999999999999,1.4294949494949496,0.5880713039284977,0.005761846750146127
0.7999999999999999,1.4596969696969697,0.593124641452267,0.005752670262377579
0.7999999999999999,1.4898989898989898,0.598055466811259,0.005744283022543817
0.7999999999999999,1.5201010101010102,0.6028681829773163,0.005736636719743116
0.7999999999999999,1.5503030303030303,0.6075669843846955,0.005729686712450777
0.7999999999999999,1.5805050505050506,0.6121558691346477,0.005723391689647972
0.7999999999999999,1.6107070707070708,0.6166386503526006,0.005717713368802002
0.7999999999999999,1.6409090909090909,0.6210189667658123,0.005712616226099199
0.7999999999999999,1.6711111111111112,0.6253002925632298,0.005708067254977411
0.7999999999999999,1.7013131313131313,0.6294859465937547,0.005704035749547698
0.7999999999999999,1.7315151515151515,0.6335791009541448,0.005700493109970672
0.7999999999999999,1.7617171717171718,0.6375827890132979,0.005697412667212021
0.7999999999999999,1.791919191919192,0.641499912915612,0.005694769524982712
0.7999999999999999,1.8221212121212123,0.645333250602463,0.00569254041691214
0.7999999999999999,1.8523232323232324,0.6490854623875288,0.005690703577273748
0.7999999999999999,1.8825252525252525,0.6527590971186934,0.005689238623785675
0.7999999999999999,1.9127272727272728,0.6563565979565492,0.005688126451196096
0.7999999999999999,1.942929292929293,0.6598803077970449,0.005687349134490649
0.7999999999999999,1.9731313131313133,0.6633324743635958,0.005686889840759601
0.7999999999999999,2.0033333333333334,0.6667152549919264,0.005686732748797274
0.7999999999999999,2.0335353535353535,0.6700307211283807,0.005686862975668783
0.7999999999999999,2.0637373737373736,0.6732808625636977,0.005687266509569522
0.7999999999999999,2.093939393939394,0.6764675914194221,0.005687930148308151
0.7999999999999999,2.1241414141414143,0.6795927458987993,0.005688841442934578
0.7999999999999999,2.1543434343434344,0.6826580938261555,0.0056899886459604865
0.7999999999999999,2.1845454545454546,0.6856653359837114,0.005691360663786504
0.7999999999999999,2.2147474747474747,0.6886161092603,0.005692947012910121
0.7999999999999999,2.244949494949495,0.6915119896242518,0.0056947377795901755
0.7999999999999999,2.2751515151515154,0.6943544949317966,0.005696723582649277
0.7999999999999999,2.3053535353535355,0.6971450875815027,0.005698895539124171
0.7999999999999999,2.3355555555555556,0.6998851770245144,0.005701245232526464
0.7999999999999999,2.3657575757575757,0.7025761221396456,0.005703764683476997
0.7999999999999999,2.395959595959596,0.7052192334817446,0.005706446322514935
0.7999999999999999,2.4261616161616164,0.7078157754111488,0.005709282964893925
0.7999999999999999,2.4563636363636365,0.7103669681115041,0.0057122677871903615
0.7999999999999999,2.4865656565656566,0.7128739895027196,0.005715394305595867
0.7999999999999999,2.5167676767676768,0.71533797705536,0.005718656355732099
0.7999999999999999,2.546969696969697,0.7177600295123502,0.005722048073872665
0.7999999999999999,2.5771717171717174,0.7201412085234741,0.005725563879467321
0.7999999999999999,2.6073737373737376,0.7224825401977732,0.005729198458847451
0.7999999999999999,2.6375757575757577,0.7247850165786207,0.005732946750050205
0.7999999999999999,2.667777777777778,0.7270495970459256,0.0057368039286262995
0.7999999999999999,2.697979797979798,0.7292772096496346,0.0057407653944168135
0.7999999999999999,2.728181818181818,0.7314687523784256,0.005744826759168875
0.7999999999999999,2.7583838383838386,0.733625094367241,0.005748983834962473
0.7999999999999999,2.7885858585858587,0.7357470770470708,0.005753232623385118
0.7999999999999999,2.818787878787879,0.7378355152401836,0.00575756930537219
0.7999999999999999,2.848989898989899,0.7398911982038032,0.005761990231705871
0.7999999999999999,2.879191919191919,0.741914890625038,0.005766491914085403
0.7999999999999999,2.9093939393939396,0.7439073335697,0.005771071016762663
0.7999999999999999,2.9395959595959598,0.7458692453874889,0.005775724348671796
0.7999999999999999,2.96979797979798,0.7478013225758627,0.00578044885604867
0.7999999999999999,3.0,0.7497042406047815,0.005785241615471337
0.8374999999999999,0.01,0.009934468260739458,0.06260061170466402
0.8374999999999999,0.040202020202020204,0.038774044569863,0.02550293446677898
0.8374999999999999,0.07040404040404041,0.06597957545185604,0.018064597020671647
0.8374999999999999,0.10060606060606062,0.09168622720805986,0.014641950768167211
0.8374999999999999,0.13080808080808082,0.11601464640670263,0.012629425569454122
0.8374999999999999,0.16101010101010102,0.1390728602965393,0.011290601803044753
0.8374999999999999,0.19121212121212122,0.16095788589080762,0.01033059250463686
0.8374999999999999,0.22141414141414142,0.18175709877832413,0.009606541355251519
0.8374999999999999,0.2516161616161616,0.20154940254624792,0.009040227162091297
0.8374999999999999,0.2818181818181818,0.2204062319202724,0.008584972151415071
0.8374999999999999,0.31202020202020203,0.23839241658449836,0.008211081041123558
0.8374999999999999,0.3422222222222222,0.2555669277578231,0.007898702415619185
0.8374999999999999,0.37242424242424244,0.27198352569162354,0.007634029805301923
0.8374999999999999,0.40262626262626267,0.2876913231037623,0.007407145199874066
0.8374999999999999,0.43282828282828284,0.30273527701940933,0.007210729229619961
0.8374999999999999,0.46303030303030307,0.31715661941691325,0.007039255635929997
0.8374999999999999,0.49323232323232324,0.33099323538342956,0.006888469557573718
0.8374999999999999,0.5234343434343435,0.3442799961012553,0.006755038975389649
0.8374999999999999,0.5536363636363637,0.3570490528374312,0.006636315508634416
0.8374999999999999,0.5838383838383838,0.3693300971668941,0.00653016636368231
0.8374999999999999,0.614040404040404,0.3811505918675278,0.00643485380766462
0.8374999999999999,0.6442424242424243,0.39253597627689585,0.006348947127928328
0.8374999999999999,0.6744444444444445,0.40350984934580275,0.006271257258895657
0.8374999999999999,0.7046464646464646,0.4140941331654575,0.0062007875196046225
0.8374999999999999,0.7348484848484849,0.42430921935844207,0.006136695993568475
0.8374999999999999,0.7650505050505051,0.4341741003902516,0.006078266449440983
0.8374999999999999,0.7952525252525253,0.4437064875858593,0.006024885613645337
0.8374999999999999,0.8254545454545454,0.45292291739550505,0.00597602522660301
0.8374999999999999,0.8556565656565657,0.4618388472526554,0.005931227743049661
0.8374999999999999,0.8858585858585859,0.4704687421947442,0.005890094837956106
0.8374999999999999,0.9160606060606061,0.47882615326888417,0.005852278093710694
0.8374999999999999,0.9462626262626262,0.4869237886175984,0.005817471398597451
0.8374999999999999,0.9764646464646465,0.49477357803186317,0.005785404699256258
0.8374999999999999,1.0066666666666666,0.5023867316564967,0.005755838832827376
0.8374999999999999,1.036868686868687,0.5097737934622217,0.005728561226429063
0.8374999999999999,1.067070707070707,0.5169446900180102,0.005703382298166915
0.8374999999999999,1.0972727272727274,0.5239087750393918,0.005680132429229712
0.8374999999999999,1.1274747474747475,0.5306748701335421,0.005658659403754429
0.8374999999999999,1.1576767676767676,0.5372513021147266,0.005638826233958616
0.8374999999999999,1.187878787878788,0.5436459372223049,0.005620509304383292
0.8374999999999999,1.218080808080808,0.5498662125372255,0.005603596781723397
0.8374999999999999,1.2482828282828282,0.5559191648609575,0.0055879872468382885
0.8374999999999999,1.2784848484848486,0.561811457292468,0.005573588513414052
0.8374999999999999,1.3086868686868687,0.5675494037177362,0.005560316604177329
0.8374999999999999,1.338888888888889,0.5731389913937212,0.00554809486058927
0.8374999999999999,1.3690909090909091,0.5785859018046391,0.005536853166122624
0.8374999999999999,1.3992929292929293,0.5838955299392986,0.005526527266498604
0.8374999999999999,1.4294949494949496,0.5890730021279481,0.005517058173049927
0.8374999999999999,1.4596969696969697,0.5941231925626914,0.005508391637529142
0.8374999999999999,1.4898989898989898,0.5990507386134643,0.005500477688592298
0.8374999999999999,1.5201010101010102,0.6038600550408,0.005493270221619051
0.8374999999999999,1.5503030303030303,0.6085553471970098,0.005486726634855721
0.8374999999999999,1.5805050505050506,0.6131406232988041,0.005480807505864327
0.8374999999999999,1.6107070707070708,0.6176197058466845,0.005475476303170135
0.8374999999999999,1.6409090909090909,0.6219962422595237,0.005470699128701018
0.8374999999999999,1.6711111111111112,0.6262737147865648,0.0054664444872492
0.8374999999999999,1.7013131313131313,0.6304554497534797,0.005462683079700437
0.8374999999999999,1.7315151515151515,0.6345446261941161,0.005459387617220646
0.8374999999999999,1.7617171717171718,0.638544283915036,0.005456532653956181
0.8374999999999999,1.791919191919192,0.6424573310351701,0.005454094436130541
0.8374999999999999,1.8221212121212123,0.646286551043281,0.005452050765687444
0.8374999999999999,1.8523232323232324,0.6500346094027678,0.005450380876887095
0.8374999999999999,1.8825252525252525,0.6537040597428626,0.005449065324411695
0.8374999999999999,1.9127272727272728,0.6572973496637536,0.005448085881776921
0.8374999999999999,1.942929292929293,0.6608168261837205,0.0054474254489451646
0.8374999999999999,1.9731313131313133,0.6642647408538397,0.005447067968167962
0.8374999999999999,2.0033333333333334,0.6676432545636891,0.005446998347257148
0.8374999999999999,2.0335353535353535,0.6709544420596206,0.005447202389475381
0.8374999999999999,2.0637373737373736,0.6742002961954564,0.005447666729438971
0.8374999999999999,2.093939393939394,0.6773827319339217,0.005448378774413065
0.8374999999999999,2.1241414141414143,0.6805035901157028,0.005449326650485364
0.8374999999999999,2.1543434343434344,0.6835646410117225,0.005450499153144772
0.8374999999999999,2.1845454545454546,0.6865675876730457,0.005451885701872827
0.8374999999999999,2.2147474747474747,0.6895140690917394,0.00545347629834203
0.8374999999999999,2.244949494949495,0.6924056631850174,0.005455261487919971
0.8374999999999999,2.2751515151515154,0.6952438896140934,0.005457232324149075
0.8374999999999999,2.3053535353535355,0.6980302124483251,0.005459380335982145
0.8374999999999999,2.3355555555555556,0.7007660426844652,0.0054616974974688315
0.8374999999999999,2.3657575757575757,0.7034527406301374,0.005464176199739823
0.8374999999999999,2.395959595959596,0.706091618159991,0.005466809225050495
0.8374999999999999,2.4261616161616164,0.7086839408524054,0.005469589722719714
0.8374999999999999,2.4563636363636365,0.7112309300140567,0.005472511186817464
0.8374999999999999,2.4865656565656566,0.7137337645991538,0.00547556743543387
0.8374999999999999,2.5167676767676768,0.716193583029684,0.00547875259141839
0.8374999999999999,2.546969696969697,0.7186114849225705,0.005482061064464583
0.8374999999999999,2.5771717171717174,0.7209885327292553,0.005485487534423461
0.8374999999999999,2.6073737373737376,0.7233257532928404,0.005489026935758368
0.8374999999999999,2.6375757575757577,0.7256241393273967,0.0054926744430561225
0.8374999999999999,2.667777777777778,0.7278846508247079,0.005496425457492071
0.8374999999999999,2.697979797979798,0.7301082163915165,0.0055002755941993
0.8374999999999999,2.728181818181818,0.7322957345215597,0.0055042206704603025
0.8374999999999999,2.7583838383838386,0.7344480748066148,0.005508256694661817
0.8374999999999999,2.7885858585858587,0.7365660790894251,0.005512379855954652
0.8374999999999999,2.818787878787879,0.7386505625618713,0.005516586514569655
0.8374999999999999,2.848989898989899,0.7407023148113964,0.0055208731927458565
0.8374999999999999,2.879191919191919,0.7427221008185056,0.00552523656621573
0.8374999999999999,2.9093939393939396,0.7447106619079925,0.005529673456211581
0.8374999999999999,2.9395959595959598,0.7466687166563745,0.005534180821970658
0.8374999999999999,2.96979797979798,0.7485969617578718,0.00553875575367746
0.8374999999999999,3.0,0.750496072851125,0.005543395465835266
0.875,0.01,0.009972001392426277,0.059919993918936765
0.875,0.040202020202020204,0.03891670893653271,0.024413574169745322
0.875,0.07040404040404041,0.06621615472228654,0.017294778584816095
0.875,0.10060606060606062,0.09200680963346126,0.014019382972589867
0.875,0.13080808080808082,0.11641044990842661,0.012093573746396746
0.875,0.16101010101010102,0.1395360844040508,0.010812528724964743
0.875,0.19121212121212122,0.16148158580735344,0.009894017988266057
0.875,0.22141414141414142,0.182335077859392,0.009201318946282289
0.875,0.2516161616161616,0.20217612016883418,0.008659570085431945
0.875,0.2818181818181818,0.22107672427008673,0.008224099177048805
0.875,0.31202020202020203,0.23910222832833514,0.007866487259680532
0.875,0.3422222222222222,0.2563120529221806,0.007567736440878159
0.875,0.37242424242424244,0.27276035635506185,0.007314634077564053
0.875,0.40262626262626267,0.2884966047444323,0.007097688892632403
0.875,0.43282828282828284,0.3035660695487538,0.006909896553934036
0.875,0.46303030303030307,0.3180102630865121,0.006745968748969711
0.875,0.49323232323232324,0.33186732088211246,0.0066018338874360705
0.875,0.5234343434343435,0.3451723382639581,0.006474303525051406
0.875,0.5536363636363637,0.35795766747715824,0.00636084344166421
0.875,0.5838383838383838,0.3702531806124363,0.006259412814788146
0.875,0.614040404040404,0.38208650285474927,0.006168348875898788
0.875,0.6442424242424243,0.39348321988831875,0.006086282656399655
0.875,0.6744444444444445,0.40446706273978505,0.006012076426674673
0.875,0.7046464646464646,0.4150600728718523,0.0059447765532012475
0.875,0.7348484848484849,0.4252827499468113,0.005883577497365566
0.875,0.7650505050505051,0.4351541843464256,0.0058277939878301765
0.875,0.7952525252525253,0.44469217625171625,0.005776839271614431
0.875,0.8254545454545454,0.4539133428471461,0.0057302079430070485
0.875,0.8556565656565657,0.4628332150084834,0.0056874622597962166
0.875,0.8858585858585859,0.47146632465864735,0.005648221144324506
0.875,0.9160606060606061,0.4798262838259403,0.0056121512719586875
0.875,0.9462626262626262,0.48792585630999213,0.005578959797175598
0.875,0.9764646464646465,0.49577702274948937,0.005548388375342661
0.875,1.0066666666666666,0.5033910397902572,0.005520208217671518
0.875,1.036868686868687,0.5107784939676521,0.0054942159761666165
0.875,1.067070707070707,0.5179493508471227,0.005470230299876144
0.875,1.0972727272727274,0.5249129999022814,0.005448088937635154
0.875,1.1274747474747475,0.531678295555858,0.005427646288396204
0.875,1.1576767676767676,0.5382535947609794,0.005408771320259964
0.875,1.187878787878788,0.5446467914583445,0.00539134579481626
0.875,1.218080808080808,0.5508653482081813,0.005375262745673126
0.875,1.2482828282828282,0.5569163252636319,0.005360425169519845
0.875,1.2784848484848486,0.5628064073238153,0.005346744895865951
0.875,1.3086868686868687,0.5685419281797343,0.005334141607471032
0.875,1.338888888888889,0.5741288934445495,0.005322541988535878
0.875,1.3690909090909091,0.5795730015389515,0.005311878981553164
0.875,1.3992929292929293,0.5848796630867076,0.005302091136941689
0.875,1.4294949494949496,0.5900540188588265,0.0052931220422240965
0.875,1.4596969696969697,0.5951009563915165,0.005284919819551259
0.875,1.4898989898989898,0.6000251253909412,0.005277436682245673
0.875,1.5201010101010102,0.6048309520268644,0.005270628542385136
0.875,1.5503030303030303,0.609522652207585,0.0052644546626876565
0.875,1.5805050505050506,0.6141042439198767,0.005258877346981716
0.875,1.6107070707070708,0.6185795587098798,0.00525386166434072
0.875,1.6409090909090909,0.6229522523739193,0.005249375202688755
0.875,1.6711111111111112,0.6272258149219674,0.005245387848244576
0.875,1.7013131313131313,0.6314035798708424,0.005241871587732039
0.875,1.7315151515151515,0.6354887329191681,0.005238800330596538
0.875,1.7617171717171718,0.6394843200515574,0.0052361497489905595
0.875,1.791919191919192,0.64339325511536,0.005233897133395837
0.875,1.8221212121212123,0.6472183269095501,0.005232021262198128
0.875,1.8523232323232324,0.6509622058222154,0.005230502283636973
0.875,1.8825252525252525,0.6546274500495284,0.0052293216087628824
0.875,1.9127272727272728,0.6582165114267954,0.005228461814271723
0.875,1.942929292929293,0.6617317408996614,0.005227906554116313
0.875,1.9731313131313133,0.6651753936609558,0.005227640479030793
0.875,2.0033333333333334,0.6685496339768273,0.005227649163104475
0.875,2.0335353535353535,0.6718565397238775,0.00522791903674813
0.875,2.0637373737373736,0.6750981066572845,0.005228437325373925
0.875,2.093939393939394,0.6782762524283439,0.005229191993240123
0.875,2.1241414141414143,0.6813928203684267,0.005230171691976038
0.875,2.1543434343434344,0.684449583055045,0.005231365713305847
0.875,2.1845454545454546,0.6874482456745267,0.005232763945614893
0.875,2.2147474747474747,0.690390449194707,0.005234356833979437
0.875,2.244949494949495,0.6932777733600403,0.005236135343330561
0.875,2.2751515151515154,0.6961117395206255,0.00523809092450489
0.875,2.3053535353535355,0.69889381330579,0.005240215482879007
0.875,2.3355555555555556,0.7016254071521046,0.005242501349411732
0.875,2.3657575757575757,0.7043078826949987,0.005244941253819357
0.875,2.395959595959596,0.7069425530324809,0.005247528299767046
0.875,2.4261616161616164,0.7095306848688758,0.005250255941857684
0.875,2.4563636363636365,0.7120735005459325,0.005253117964290732
0.875,2.4865656565656566,0.7145721799681486,0.005256108461030973
0.875,2.5167676767676768,0.7170278624286806,0.005259221817405013
0.875,2.546969696969697,0.719441648341781,0.005262452692951003
0.875,2.5771717171717174,0.7218146008872973,0.005265796005467838
0.875,2.6073737373737376,0.7241477475723945,0.005269246916159709
0.875,2.6375757575757577,0.7264420817153268,0.005272800815756318
0.875,2.667777777777778,0.7286985638557554,0.005276453311598317
0.875,2.697979797979798,0.7309181230958237,0.005280200215544317
0.875,2.728181818181818,0.733101658375914,0.005284037532678143
0.875,2.7583838383838386,0.7352500396887636,0.005287961450749945
0.875,2.7885858585858587,0.7373641092355456,0.0052919683302883325
0.875,2.818787878787879,0.7394446825267078,0.005296054695349328
0.875,2.848989898989899,0.7414925494311018,0.005300217224828874
0.875,2.879191919191919,0.7435084751759539,0.005304452744323562
0.875,2.9093939393939396,0.7454932013004002,0.005308758218502074
0.875,2.9395959595959598,0.7474474465650823,0.005313130743914041
0.875,2.96979797979798,0.7493719078201475,0.005317567542266977
0.875,3.0,0.7512672608338569,0.005322065954072253
0.9125,0.01,0.010009520718001305,0.05745968020032177
0.9125,0.040202020202020204,0.039059172473691846,0.023413746638539346
0.9125,0.07040404040404041,0.06645216826879127,0.016588225682104607
0.9125,0.10060606060606062,0.09232632845946595,0.013447974085594394
0.9125,0.13080808080808082,0.11680459426834654,0.011601749563924457
0.9125,0.16101010101010102,0.13999698407069522,0.01037373039743894
0.9125,0.19121212121212122,0.16200224828417117,0.009493303444929158
0.9125,0.22141414141414142,0.18290927621083605,0.008829375726600919
0.9125,0.2516161616161616,0.20279829718830006,0.00831016928406969
0.9125,0.2818181818181818,0.22174191031279922,0.007892852602684908
0.9125,0.31202020202020203,0.23980597062109396,0.007550178143179043
0.9125,0.3422222222222222,0.25705035454972985,0.007263931385893541
0.9125,0.37242424242424244,0.2735296234355597,0.007021444707269842
0.9125,0.40262626262626267,0.28929360056023024,0.006813618489048157
0.9125,0.43282828282828284,0.30438787460408184,0.006633737542068419
0.9125,0.46303030303030307,0.31885424023242487,0.006476731941225111
0.9125,0.49323232323232324,0.3327310847873911,0.006338698301973755
0.9125,0.5234343434343435,0.34605372862412054,0.006216579952278201
0.9125,0.5536363636363637,0.3588547254480811,0.006107947447473894
0.9125,0.5838383838383838,0.37116412803342896,0.006010844374866542
0.9125,0.614040404040404,0.3830097238905387,0.005923676766753427
0.9125,0.6442424242424243,0.3944172447747695,0.005845132321720792
0.9125,0.6744444444444445,0.40541055336281445,0.005774120424745899
0.9125,0.7046464646464646,0.41601180994812315,0.005709726949680638
0.9125,0.7348484848484849,0.4262416216069819,0.005651179743997314
0.9125,0.7650505050505051,0.43611917594905886,0.005597821949928861
0.9125,0.7952525252525253,0.4456623612796691,0.005549091153643104
0.9125,0.8254545454545454,0.4548878747576878,0.005504502923292076
0.9125,0.8556565656565657,0.46381131992543073,0.00546363769051994
0.9125,0.8858585858585859,0.47244729480936676,0.00542613020599525
0.9125,0.9160606060606061,0.4808094716384926,0.005391660996154624
0.9125,0.9462626262626262,0.48891066909623654,0.00535994938997808
0.9125,0.9764646464646465,0.4967629179094223,0.005330747787933854
0.9125,1.0066666666666666,0.5043775204802745,0.005303836921451532
0.9125,1.036868686868687,0.5117651051832979,0.005279021908076942
0.9125,1.067070707070707,0.5189356758757707,0.005256128950200889
0.9125,1.0972727272727274,0.5258986571070053,0.005235002557714141
0.9125,1.1274747474747475,0.5326629354561282,0.0052155031997274115
0.9125,1.1576767676767676,0.539236897379755,0.005197505309757933
0.9125,1.187878787878788,0.5456284639085812,0.005180895583613898
0.9125,1.218080808080808,0.5518451224947805,0.005165571520938883
0.9125,1.2482828282828282,0.5578939562795736,0.005151440170513499
0.9125,1.2784848484848486,0.5637816710214133,0.005138417046820276
0.9125,1.3086868686868687,0.5695146199001944,0.005126425191093631
0.9125,1.338888888888889,0.5750988263903931,0.005115394354821889
0.9125,1.3690909090909091,0.580540005376262,0.005105260287421309
0.9125,1.3992929292929293,0.5858435826647437,0.00509596411284341
0.9125,1.4294949494949496,0.5910147130361835,0.00508745178243708
0.9125,1.4596969696969697,0.5960582969591031,0.005079673593338496
0.9125,1.4898989898989898,0.6009789960829889,0.005072583763410465
0.9125,1.5201010101010102,0.6057812476120672,0.005066140055126178
0.9125,1.5503030303030303,0.6104692776532472,0.0050603034419085535
0.9125,1.5805050505050506,0.6150471136226444,0.005055037811474206
0.9125,1.6107070707070708,0.619518595787251,0.00505030970141207
0.9125,1.6409090909090909,0.6238873880112852,0.0050460880630414096
0.9125,1.6711111111111112,0.628156987770434,0.005042344050033787
0.9125,1.7013131313131313,0.6323307354915295,0.005039050828817393
0.9125,1.7315151515151515,0.6364118232700606,0.005036183408233308
0.9125,1.7617171717171718,0.64040330301345,0.005033718486146643
0.9125,1.791919191919192,0.6443080940535284,0.0050316343110961
0.9125,1.8221212121212123,0.6481289902683784,0.005029910557279305
0.9125,1.8523232323232324,0.6518686667499187,0.005028528211435956
0.9125,1.8825252525252525,0.6555296860507017,0.005027469470262558
0.9125,1.9127272727272728,0.6591145040405914,0.005026717647284906
0.9125,1.942929292929293,0.6626254754014482,0.005026257088163177
0.9125,1.9731313131313133,0.6660648587856657,0.005026073093558958
0.9125,2.0033333333333334,0.6694348216623008,0.005026151848793736
0.9125,2.0335353535353535,0.6727374448726592,0.005026480359584973
0.9125,2.0637373737373736,0.6759747269154512,0.005027046393300871
0.9125,2.093939393939394,0.6791485879800679,0.005027838425146536
0.9125,2.1241414141414143,0.6822608737450832,0.0050288455888301
0.9125,2.1543434343434344,0.6853133589577693,0.005030057631274287
0.9125,2.1845454545454546,0.6883077508092211,0.005031464870984381
0.9125,2.2147474747474747,0.6912456921185702,0.005033058159750636
0.9125,2.244949494949495,0.694128764338775,0.005034828847358952
0.9125,2.2751515151515154,0.6969584903955414,0.005036768749051568
0.9125,2.3053535353535355,0.6997363373700819,0.00503887011549109
0.9125,2.3355555555555556,0.7024637190356472,0.005041125604974939
0.9125,2.3657575757575757,0.7051419982570426,0.005043528257782315
0.9125,2.395959595959596,0.7077724892616883,0.005046071472373015
0.9125,2.4261616161616164,0.7103564597901756,0.005048748983344176
0.9125,2.4563636363636365,0.7128951331337143,0.005051554840986627
0.9125,2.4865656565656566,0.7153896900653496,0.0050544833922885335
0.9125,2.5167676767676768,0.7178412706713563,0.005057529263297278
0.9125,2.546969696969697,0.7202509760887764,0.005060687342682391
0.9125,2.5771717171717174,0.7226198701546701,0.005063952766470425
0.9125,2.6073737373737376,0.7249489809722844,0.005067320903795025
0.9125,2.6375757575757577,0.7272393023989123,0.0050707873436171
0.9125,2.667777777777778,0.7294917954600726,0.005074347882331631
0.9125,2.697979797979798,0.7317073896941674,0.005077998512203585
0.9125,2.728181818181818,0.7338869844315896,0.005081735410527033
0.9125,2.7583838383838386,0.7360314500119776,0.005085554929533664
0.9125,2.7885858585858587,0.7381416289430794,0.0050894535869068225
0.9125,2.818787878787879,0.7402183370044682,0.00509342805691837
0.9125,2.848989898989899,0.7422623642991465,0.005097475162104681
0.9125,2.879191919191919,0.7442744762558875,0.005101591865491084
0.9125,2.9093939393939396,0.7462554145849842,0.005105775263247958
0.9125,2.9395959595959598,0.7482058981899165,0.005110022577840212
0.9125,2.96979797979798,0.7501266240372847,0.005114331151557572
0.9125,3.0,0.7520182679872294,0.005118698440446323
0.95,0.01,0.010047025807954725,0.055193507900533234
0.95,0.040202020202020204,0.03920143514478731,0.022492845981486598
0.95,0.07040404040404041,0.06668761709014873,0.015937445913296155
0.95,0.10060606060606062,0.09264478640648142,0.012921665420135842
0.95,0.13080808080808082,0.11719708487599487,0.011148738625968768
0.95,0.16101010101010102,0.14045556836149595,0.009969555011293485
0.95,0.19121212121212122,0.162519887049323,0.00912420115998458
0.95,0.22141414141414142,0.18347971315342626,0.008486769289227203
0.95,0.2516161616161616,0.20341595936822948,0.007988321575541857
0.95,0.2818181818181818,0.2224018230142199,0.007587721910584877
0.95,0.31202020202020203,0.24050368429528582,0.007258801704289164
0.95,0.3422222222222222,0.2577818819096216,0.006984067969492802
0.95,0.37242424242424244,0.27429138511772155,0.006751355077303289
0.95,0.40262626262626267,0.2900823780439892,0.006551924149508226
0.95,0.43282828282828284,0.30520076929964474,0.006379326313562972
0.95,0.46303030303030307,0.3196886378305165,0.006228692790638979
0.95,0.49323232323232324,0.33358462411098927,0.006096275122074335
0.95,0.5234343434343435,0.3469242743442638,0.0059791380041716025
0.95,0.5536363636363637,0.3597403441260632,0.005874948494940968
0.95,0.5838383838383838,0.37206306703448677,0.005781827926321981
0.95,0.614040404040404,0.3839203927831864,0.005698245698447568
0.95,0.6442424242424243,0.3953381988873698,0.005622941701942219
0.95,0.6744444444444445,0.40634047921705396,0.0055548687153699206
0.95,0.7046464646464646,0.4169495123294494,0.005493148999494046
0.95,0.7348484848484849,0.427186012066092,0.005437041150666344
0.95,0.7650505050505051,0.43706926255713086,0.005385914480093845
0.95,0.7952525252525253,0.4466172394844706,0.0053392289901490475
0.95,0.8254545454545454,0.4558467192082916,0.005296519565638702
0.95,0.8556565656565657,0.4647733771508869,0.005257383375952607
0.95,0.8858585858585859,0.473411876651722,0.005221469749159935
0.95,0.9160606060606061,0.4817759493533487,0.005188471968004649
0.95,0.9462626262626262,0.4898784680452361,0.005158120573593994
0.95,0.9764646464646465,0.4977315127783896,0.005130177862028518
0.95,1.0066666666666666,0.5053464309650183,0.005104433332211666
0.95,1.036868686868687,0.5127338920921658,0.005080699897799246
0.95,1.067070707070707,0.5199039376041487,0.005058810717157192
0.95,1.0972727272727274,0.5268660264443086,0.005038616526440887
0.95,1.1274747474747475,0.5336290766904427,0.005019983384712212
0.95,1.1576767676767676,0.5402015036693255,0.005002790758487974
0.95,1.187878787878788,0.546591254892869,0.004986929887346836
0.95,1.218080808080808,0.5528058421209032,0.004972302383505323
0.95,1.2482828282828282,0.5588523708225744,0.004958819027089056
0.95,1.2784848484848486,0.5647375672793072,0.004946398725833134
0.95,1.3086868686868687,0.5704678035467065,0.004934967613524188
0.95,1.338888888888889,0.5760491204701593,0.0049244582660386005
0.95,1.3690909090909091,0.5814872489289206,0.004914809017385169
0.95,1.3992929292929293,0.5867876294657457,0.004905963361184096
0.95,1.4294949494949496,0.5919554304434245,0.004897869425327439
0.95,1.4596969696969697,0.5969955648555947,0.0048904795095754405
0.95,1.4898989898989898,0.6019127059067918,0.004883749677458971
0.95,1.5201010101010102,0.6067113014655751,0.0048776393951601715
0.95,1.5503030303030303,0.6113955874847193,0.004872111211182029
0.95,1.5805050505050506,0.6159696004735669,0.004867130471516212
0.95,1.6107070707070708,0.6204371890997438,0.004862665065799465
0.95,1.6409090909090909,0.6248020249903237,0.0048586852005887415
0.95,1.6711111111111112,0.6290676127961579,0.00485516319643442
0.95,1.7013131313131313,0.6332372995773561,0.004852073305865678
0.95,1.7315151515151515,0.637314283562743,0.004849391549847759
0.95,1.7617171717171718,0.6413016223314744,0.00484709557052998
0.95,1.791919191919192,0.6452022404607989,0.004845164498422649
0.95,1.8221212121212123,0.6490189366801712,0.004843578832401496
0.95,1.8523232323232324,0.652754390568495,0.004842320331100103
0.95,1.8825252525252525,0.6564111688281756,0.004841371914429127
0.95,1.9127272727272728,0.6599917311668576,0.004840717574193132
0.95,1.942929292929293,0.6634984358151689,0.0048403422927754125
0.95,1.9731313131313133,0.6669335447064882,0.0048402319691023266
0.95,2.0033333333333334,0.6702992283426404,0.004840373351111982
0.95,2.0335353535353535,0.6735975703675158,0.004840753974076906
0.95,2.0637373737373736,0.6768305718688681,0.004841362104203162
0.95,2.093939393939394,0.680000155426951,0.004842186686986993
0.95,2.1241414141414143,0.6831081689272085,0.0048432172998456036
0.95,2.1543434343434344,0.6861563891529038,0.004844444108663026
0.95,2.1845454545454546,0.689146525172373,0.004845857827810773
0.95,2.2147474747474747,0.6920802215344554,0.004847449683409444
0.95,2.244949494949495,0.6949590612846724,0.00484921137943739
0.95,2.2751515151515154,0.6977845688137693,0.004851135066508583
0.95,2.3053535353535355,0.7005582125493902,0.004853213313034566
0.95,2.3355555555555556,0.7032814075008751,0.004855439078581325
0.95,2.3657575757575757,0.7059555176664454,0.00485780568920946
0.95,2.395959595959596,0.7085818583113795,0.004860306814663096
0.95,2.4261616161616164,0.7111616981251763,0.004862936447200372
0.95,2.4563636363636365,0.7136962612651392,0.004865688881966035
0.95,2.4865656565656566,0.7161867292932967,0.0048685586987771146
0.95,2.5167676767676768,0.7186342430130989,0.004871540745173819
0.95,2.546969696969697,0.7210399042118875,0.004874630120671242
0.95,2.5771717171717174,0.7234047773147341,0.004877822162087542
0.95,2.6073737373737376,0.7257298909548585,0.0048811124298686615
0.95,2.6375757575757577,0.7280162394654984,0.004884496695359841
0.95,2.667777777777778,0.7302647842977742,0.0048879709289038065
0.95,2.697979797979798,0.732476455368797,0.004891531288734541
0.95,2.728181818181818,0.7346521523439926,0.004895174110592038
0.95,2.7583838383838386,0.7367927458573552,0.00489889589802206
0.95,2.7885858585858587,0.7388990786731066,0.004902693313283413
0.95,2.818787878787879,0.7409719667920209,0.0049065631688400835
0.95,2.848989898989899,0.7430122005054635,0.004910502419373852
0.95,2.879191919191919,0.7450205454000027,0.004914508154312047
0.95,2.9093939393939396,0.746997743315283,0.004918577590806494
0.95,2.9395959595959598,0.7489445132576701,0.0049227080671341295
0.95,2.96979797979798,0.7508615522720384,0.004926897036502842
0.95,3.0,0.7527495362739169,0.004931142061228133
