LF,Geometric_AR,Thermal_AR,BOR
0.05,0.01,0.03556066186634837,0.269191053598568
0.05,0.040202020202020204,0.1287705889052999,0.11789903438127847
0.05,0.07040404040404041,0.2053611055629867,0.08899697669147866
0.05,0.10060606060606062,0.2694823293763921,0.07632984950039257
0.05,0.13080808080808082,0.3239697077363615,0.06925926122655901
0.05,0.16101010101010102,0.3708520528200734,0.06481352407022345
0.05,0.19121212121212122,0.41162303122153293,0.06181618545482137
0.05,0.22141414141414142,0.4474078381648819,0.059703784487913136
0.05,0.2516161616161616,0.47907068834765654,0.05817132698438243
0.05,0.2818181818181818,0.5072865572613144,0.057038919805951105
0.05,0.31202020202020203,0.5325904076669705,0.0561934661410215
0.05,0.3422222222222222,0.555411770342149,0.055560265277026843
0.05,0.37242424242424244,0.5760995378497699,0.055087996686743246
0.05,0.40262626262626267,0.5949400646134606,0.054740251505904114
0.05,0.43282828282828284,0.612170594580745,0.05449050054856208
0.05,0.46303030303030307,0.6279893676417698,0.05431897240636063
0.05,0.49323232323232324,0.6425633264229861,0.054210644948894826
0.05,0.5234343434343435,0.656034063559337,0.05415391245943457
0.05,0.5536363636363637,0.6685224613552444,0.05413967712831047
0.05,0.5838383838383838,0.680132347665494,0.05416071515678511
0.05,0.614040404040404,0.6909534032293655,0.05421122527235056
0.05,0.6442424242424243,0.7010634934852531,0.05428650124026646
0.05,0.6744444444444445,0.7105305536151492,0.05438269041109689
0.05,0.7046464646464646,0.7194141236510704,0.05449661307277487
0.05,0.7348484848484849,0.7277666071974626,0.05462562549281724
0.05,0.7650505050505051,0.7356343101608013,0.05476751482773823
0.05,0.7952525252525253,0.7430583030946347,0.05492041759545141
0.05,0.8254545454545454,0.7500751411569202,0.05508275578899813
0.05,0.8556565656565657,0.7567174683853929,0.05525318635008003
0.05,0.8858585858585859,0.7630145274195095,0.05543056086705933
0.05,0.9160606060606061,0.7689925914977801,0.05561389317442611
0.05,0.9462626262626262,0.7746753322198864,0.05580233311373073
0.05,0.9764646464646465,0.7800841339512503,0.055995145139575486
0.05,1.0066666666666666,0.7852383636915966,0.05619169076531305
0.05,1.036868686868687,0.7901556036001973,0.056391414073927226
0.05,1.067070707070707,0.7948518520724612,0.05659382969256255
0.05,1.0972727272727274,0.7993416982222711,0.056798512759849595
0.05,1.1274747474747475,0.8036384737863553,0.05700509051491531
0.05,1.1576767676767676,0.8077543857882442,0.057213235213504854
0.05,1.187878787878788,0.8117006327470238,0.057422658135978244
0.05,1.218080808080808,0.8154875067645488,0.05763310449814529
0.05,1.2482828282828282,0.8191244834539542,0.05784434911219427
0.05,1.2784848484848486,0.8226203013664998,0.058056192673640705
0.05,1.3086868686868687,0.8259830323205672,0.0582684585729365
0.05,1.338888888888889,0.8292201438261291,0.05848099014862562
0.05,1.3690909090909091,0.8323385546223856,0.05869364831349988
0.05,1.3992929292929293,0.835344684199185,0.05890630949702014
0.05,1.4294949494949496,0.838244497049268,0.059118863856833626
0.05,1.4596969696969697,0.8410435422941928,0.059331213720017484
0.05,1.4898989898989898,0.8437469892386715,0.059543272221058485
0.05,1.5201010101010102,0.8463596593333038,0.05975496210883824
0.05,1.5503030303030303,0.8488860549620779,0.05996621469921637
0.05,1.5805050505050506,0.8513303854167368,0.06017696895339397
0.05,1.6107070707070708,0.8536965903736609,0.060387170665236134
0.05,1.6409090909090909,0.8559883611490702,0.060596771743216316
0.05,1.6711111111111112,0.8582091599740791,0.06080572957472974
0.05,1.7013131313131313,0.8603622375015741,0.06101400646228594
0.05,1.7315151515151515,0.8624506487313459,0.06122156912256793
0.05,1.7617171717171718,0.8644772675177627,0.061428388240585496
0.05,1.791919191919192,0.8664447998050605,0.06163443807221736
0.05,1.8221212121212123,0.868355795718594,0.0618396960893568
0.05,1.8523232323232324,0.8702126606258019,0.06204414266258684
0.05,1.8825252525252525,0.8720176652678996,0.06224776077704819
0.05,1.9127272727272728,0.8737729550521396,0.06245053577765902
0.05,1.942929292929293,0.8754805585846946,0.06265245514035667
0.05,1.9731313131313133,0.8771423955156048,0.06285350826646141
0.05,2.0033333333333334,0.878760283759649,0.06305368629758212
0.05,2.0335353535353535,0.8803359461503174,0.06325298194884188
0.05,2.0637373737373736,0.8818710165781465,0.0634513893584352
0.05,2.093939393939394,0.8833670456594506,0.06364890395177691
0.05,2.1241414141414143,0.8848255059768458,0.0638455223187111
0.05,2.1543434343434344,0.8862477969288381,0.06404124210240902
0.05,2.1845454545454546,0.8876352492220938,0.06423606189876518
0.05,2.2147474747474747,0.8889891290367348,0.06442998116521514
0.05,2.244949494949495,0.8903106418921015,0.06462300013802103
0.05,2.2751515151515154,0.8916009362378194,0.06481511975718757
0.05,2.3053535353535355,0.8928611067926776,0.06500634159825847
0.05,2.3355555555555556,0.8940921976517501,0.06519666781030353
0.05,2.3657575757575757,0.8952952051803134,0.06538610105951825
0.05,2.395959595959596,0.8964710807114402,0.06557464447788552
0.05,2.4261616161616164,0.8976207330626365,0.06576230161642083
0.05,2.4563636363636365,0.898745030885529,0.06594907640257053
0.05,2.4865656565656566,0.8998448048613874,0.06613497310137406
0.05,2.5167676767676768,0.900920849754154,0.06631999628004426
0.05,2.546969696969697,0.901973926331658,0.06650415077565741
0.05,2.5771717171717174,0.9030047631647865,0.06668744166564466
0.05,2.6073737373737376,0.9040140583135619,0.06686987424087598
0.05,2.6375757575757577,0.9050024809083359,0.06705145398106427
0.05,2.667777777777778,0.905970672633636,0.06723218653229712
0.05,2.697979797979798,0.9069192491215851,0.06741207768652391
0.05,2.728181818181818,0.9078488012612616,0.0675911333627941
0.05,2.7583838383838386,0.9087598964298572,0.06776935959013053
0.05,2.7885858585858587,0.9096530796510299,0.06794676249186771
0.05,2.818787878787879,0.9105288746854258,0.06812334827134614
0.05,2.848989898989899,0.9113877850579595,0.06829912319883547
0.05,2.879191919191919,0.9122302950260949,0.06847409359959533
0.05,2.9093939393939396,0.9130568704930383,0.06864826584296435
0.05,2.9395959595959598,0.9138679598694696,0.0688216463323994
0.05,2.96979797979798,0.9146639948871632,0.06899424149638289
0.05,3.0,0.9154453913676048,0.06916605778012563
0.08750000000000001,0.01,0.03570666288441261,0.15384652661473863
0.08750000000000001,0.040202020202020204,0.1292661475694851,0.06740808326392878
0.08750000000000001,0.07040404040404041,0.2060919269023928,0.05090054130176358
0.08750000000000001,0.10060606060606062,0.2703725723171725,0.043668116985122074
0.08750000000000001,0.13080808080808082,0.3249679101418074,0.039632657440803465
0.08750000000000001,0.16101010101010102,0.3719225541599187,0.037096437431964
0.08750000000000001,0.19121212121212122,0.4127407105327722,0.03538739782325706
0.08750000000000001,0.22141414141414142,0.4485547584118209,0.03418367992602689
0.08750000000000001,0.2516161616161616,0.480233905061537,0.03331107871719108
0.08750000000000001,0.2818181818181818,0.5084566554009902,0.03266685161601934
0.08750000000000001,0.31202020202020203,0.5337605047495477,0.03218641059988103
0.08750000000000001,0.3422222222222222,0.5565768248050632,0.03182709859685362
0.08750000000000001,0.37242424242424244,0.5772558613263556,0.03155961201109858
0.08750000000000001,0.40262626262626267,0.5960849729731376,0.031363163488258294
0.08750000000000001,0.43282828282828284,0.6133021549916216,0.03122260775924568
0.08750000000000001,0.46303030303030307,0.6291062130929886,0.031126658557859788
0.08750000000000001,0.49323232323232324,0.6436645182960263,0.031066741510931584
0.08750000000000001,0.5234343434343435,0.6571189888526567,0.031036232936560104
0.08750000000000001,0.5536363636363637,0.669590755186819,0.031029941017550078
0.08750000000000001,0.5838383838383838,0.6811838344062678,0.031043743815149627
0.08750000000000001,0.614040404040404,0.691988051498859,0.031074331460949622
0.08750000000000001,0.6442424242424243,0.702081381550527,0.031119019162470618
0.08750000000000001,0.6744444444444445,0.7115318426590752,0.031175609341664856
0.08750000000000001,0.7046464646464646,0.720399037036029,0.031242288495981763
0.08750000000000001,0.7348484848484849,0.7287354143268175,0.03131754900780748
0.08750000000000001,0.7650505050505051,0.7365873138873599,0.03140012915033652
0.08750000000000001,0.7952525252525253,0.7439958298802564,0.031488966547543074
0.08750000000000001,0.8254545454545454,0.750997533376384,0.0315831617066793
0.08750000000000001,0.8556565656565657,0.7576250783087891,0.031681949178386626
0.08750000000000001,0.8858585858585859,0.7639077125136426,0.031784674554114156
0.08750000000000001,0.9160606060606061,0.7698717107675539,0.031890775974400265
0.08750000000000001,0.9462626262626262,0.775540743372018,0.03199976915451752
0.08750000000000001,0.9764646464646465,0.7809361912097473,0.032111235175875
0.08750000000000001,1.0066666666666666,0.7860774161307643,0.03222481046917869
0.08750000000000001,1.036868686868687,0.7909819938891193,0.03234017854717597
0.08750000000000001,1.067070707070707,0.7956659155468632,0.032457063143537246
0.08750000000000001,1.0972727272727274,0.800143762216881,0.032575222489114486
0.08750000000000001,1.1274747474747475,0.8044288571744002,0.032694444513701404
0.08750000000000001,1.1576767676767676,0.8085333986854076,0.03281454280515028
0.08750000000000001,1.187878787878788,0.8124685763456615,0.03293535319157126
0.08750000000000001,1.218080808080808,0.8162446732706942,0.03305673083870686
0.08750000000000001,1.2482828282828282,0.819871156105024,0.03317854777532325
0.08750000000000001,1.2784848484848486,0.8233567545119179,0.03330069077575537
0.08750000000000001,1.3086868686868687,0.8267095315509749,0.03342305954182345
0.08750000000000001,1.338888888888889,0.8299369461396374,0.03354556513662299
0.08750000000000001,1.3690909090909091,0.833045908618564,0.033668128631124894
0.08750000000000001,1.3992929292929293,0.836042830293297,0.03379067993117002
0.08750000000000001,1.4294949494949496,0.8389336677007319,0.03391315675796225
0.08750000000000001,1.4596969696969697,0.8417239622444349,0.03403550375959785
0.08750000000000001,1.4898989898989898,0.8444188757545098,0.03415767173479245
0.08750000000000001,1.5201010101010102,0.8470232224527815,0.03427961695299486
0.08750000000000001,1.5503030303030303,0.8495414977403105,0.03440130055753765
0.08750000000000001,1.5805050505050506,0.8519779041698535,0.034522688040501626
0.08750000000000001,1.6107070707070708,0.8543363749193444,0.03464374877972132
0.08750000000000001,1.6409090909090909,0.8566205950425463,0.03476445562972352
0.08750000000000001,1.6711111111111112,0.8588340207386843,0.0348847845596445
0.08750000000000001,1.7013131313131313,0.8609798968532589,0.0350047143321075
0.08750000000000001,1.7315151515151515,0.8630612727966551,0.03512422621795208
0.08750000000000001,1.7617171717171718,0.8650810170449822,0.03524330374235429
0.08750000000000001,1.791919191919192,0.8670418303683415,0.03536193245853991
0.08750000000000001,1.8221212121212123,0.8689462579149602,0.035480099745759164
0.08750000000000001,1.8523232323232324,0.8707967002650242,0.03559779462867385
0.08750000000000001,1.8825252525252525,0.8725954235552815,0.03571500761563606
0.08750000000000001,1.9127272727272728,0.8743445687643051,0.03583173055370392
0.08750000000000001,1.942929292929293,0.8760461602385079,0.035947956498483036
0.08750000000000001,1.9731313131313133,0.8777021135303789,0.036063679597130305
0.08750000000000001,2.0033333333333334,0.8793142426128214,0.036178894983070364
0.08750000000000001,2.0335353535353535,0.8808842665267866,0.03629359868114723
0.08750000000000001,2.0637373737373736,0.8824138155134732,0.03640778752206497
0.08750000000000001,2.093939393939394,0.8839044366771344,0.03652145906515214
0.08750000000000001,2.1241414141414143,0.8853575992198907,0.036634611528558514
0.08750000000000001,2.1543434343434344,0.8867746992858243,0.03674724372610272
0.08750000000000001,2.1845454545454546,0.8881570644479676,0.03685935501010329
0.08750000000000001,2.2147474747474747,0.8895059578685299,0.03697094521957589
0.08750000000000001,2.244949494949495,0.8908225821598,0.03708201463323357
0.08750000000000001,2.2751515151515154,0.8921080829705546,0.03719256392685355
0.08750000000000001,2.3053535353535355,0.8933635523204774,0.03730259413454351
0.08750000000000001,2.3355555555555556,0.8945900317030141,0.037412106613534
0.08750000000000001,2.3657575757575757,0.895788514975208,0.03752110301216982
0.08750000000000001,2.395959595959596,0.8969599510513914,0.03762958524077087
0.08750000000000001,2.4261616161616164,0.8981052464160938,0.0377375554451147
0.08750000000000001,2.4563636363636365,0.8992252674701664,0.0378450159822632
0.08750000000000001,2.4865656565656566,0.9003208427228997,0.037951969398548835
0.08750000000000001,2.5167676767676768,0.9013927648418026,0.038058418409489425
0.08750000000000001,2.546969696969697,0.9024417925707121,0.038164365881477424
0.08750000000000001,2.5771717171717174,0.9034686525259987,0.03826981481506575
0.08750000000000001,2.6073737373737376,0.9044740408798132,0.0383747683297162
0.08750000000000001,2.6375757575757577,0.905458624938577,0.038479229649878155
0.08750000000000001,2.667777777777778,0.9064230446242473,0.0385832020922694
0.08750000000000001,2.697979797979798,0.9073679138652714,0.03868668905426542
0.08750000000000001,2.728181818181818,0.908293821903593,0.03878969400329657
0.08750000000000001,2.7583838383838386,0.9092013345235608,0.03889222046715668
0.08750000000000001,2.7885858585858587,0.9100909952081344,0.03899427202515482
0.08750000000000001,2.818787878787879,0.9109633262273543,0.03909585230003332
0.08750000000000001,2.848989898989899,0.9118188296636623,0.039196964950589885
0.08750000000000001,2.879191919191919,0.9126579883783091,0.03929761366492679
0.08750000000000001,2.9093939393939396,0.9134812669227576,0.03939780215430955
0.08750000000000001,2.9395959595959598,0.9142891123987026,0.0394975341475452
0.08750000000000001,2.96979797979798,0.9150819552700573,0.039596813385857965
0.08750000000000001,3.0,0.9158602101300045,0.03969564361822031
0.125,0.01,0.0358524931614002,0.10770871056535114
0.125,0.040202020202020204,0.12976104230118646,0.047211702057037286
0.125,0.07040404040404041,0.2068213967928076,0.03566196696732171
0.125,0.10060606060606062,0.27126064394262916,0.030603423829909104
0.125,0.13080808080808082,0.32596316472114567,0.027782015786830483
0.125,0.16101010101010102,0.37298941411132674,0.026009602643313423
0.125,0.19121212121212122,0.41385414672427034,0.024815882642198472
0.125,0.22141414141414142,0.449696922481789,0.02397563797681812
0.125,0.2516161616161616,0.48139193320092627,0.023366979289072498
0.125,0.2818181818181818,0.5096212037149647,0.022918024221324718
0.125,0.31202020202020203,0.5349247524511358,0.022583588266553267
0.125,0.3422222222222222,0.5577357833166019,0.02233383180915638
0.125,0.37242424242424244,0.5784058875354263,0.022148258025864065
0.125,0.40262626262626267,0.5972234212848401,0.022012328166327588
0.125,0.43282828282828284,0.6144271253399995,0.021915450528235736
0.125,0.46303030303030307,0.6302163663115644,0.021849732902291308
0.125,0.49323232323232324,0.6447589394277303,0.021809180018252272
0.125,0.5234343434343435,0.6581970850080363,0.02178916100818018
0.125,0.5536363636363637,0.670652178585251,0.021786046451903518
0.125,0.5838383838383838,0.6822284239651216,0.021796955154687492
0.125,0.614040404040404,0.6930157882136515,0.021819573809787718
0.125,0.6442424242424243,0.7030923542180738,0.021852026201652164
0.125,0.6744444444444445,0.7125262214190926,0.02189277678081014
0.125,0.7046464646464646,0.7213770528654783,0.02194055852853105
0.125,0.7348484848484849,0.7296973430962556,0.021994318273169222
0.125,0.7650505050505051,0.7375334639343336,0.022053174734602443
0.125,0.7952525252525253,0.7449265323087532,0.02211638597924437
0.125,0.8254545454545454,0.7519131344795017,0.022183323920041742
0.125,0.8556565656565657,0.7585259336522645,0.022253454151221597
0.125,0.8858585858585859,0.7647941823235287,0.02232631986548017
0.125,0.9160606060606061,0.7707441563453528,0.022401528925782177
0.125,0.9462626262626262,0.7763995243215637,0.02247874339689715
0.125,0.9764646464646465,0.7817816633068995,0.022557671010958513
0.125,1.0066666666666666,0.7869099297030349,0.02263805816562714
0.125,1.036868686868687,0.7918018926003187,0.022719684145558805
0.125,1.067070707070707,0.7964735355036311,0.02280235632703831
0.125,1.0972727272727274,0.800939431331016,0.02288590617781261
0.125,1.1274747474747475,0.8052128947283094,0.022970185903946172
0.125,1.1576767676767676,0.8093061150585746,0.023055065626137017
0.125,1.187878787878788,0.8132302728684129,0.023140430991596572
0.125,1.218080808080808,0.8169956421782097,0.02322618114605124
0.125,1.2482828282828282,0.8206116805698521,0.023312227004893105
0.125,1.2784848484848486,0.8240871087375103,0.02339848977399206
0.125,1.3086868686868687,0.8274299809121679,0.02348489967971723
0.125,1.338888888888889,0.8306477473587499,0.023571394874988938
0.125,1.3690909090909091,0.8337473099679973,0.02365792049404969
0.125,1.3992929292929293,0.8367350718173054,0.023744427833295
0.125,1.4294949494949496,0.8396169814504822,0.02383087363935621
0.125,1.4596969696969697,0.8423985725216417,0.023917219488735375
0.125,1.4898989898989898,0.8450849993598866,0.024003431245841034
0.125,1.5201010101010102,0.8476810689363196,0.02408947858835231
0.125,1.5503030303030303,0.8501912696510228,0.024175334590591957
0.125,1.5805050505050506,0.8526197973031342,0.024260975356994452
0.125,1.6107070707070708,0.8549705785605063,0.02434637969898379
0.125,1.6409090909090909,0.8572472922054383,0.024431528849510276
0.125,1.6711111111111112,0.8594533883985617,0.024516406210404185
0.125,1.7013131313131313,0.8615921061733035,0.024600997128338742
0.125,1.7315151515151515,0.8636664893477191,0.024685288695815544
0.125,1.7617171717171718,0.8656794010182772,0.024769269574078212
0.125,1.791919191919192,0.8676335367809088,0.024852929835291082
0.125,1.8221212121212123,0.8695314368078504,0.024936260821653233
0.125,1.8523232323232324,0.8713754968941912,0.025019255019452347
0.125,1.8825252525252525,0.8731679785752515,0.025101905946329994
0.125,1.9127272727272728,0.8749110184047298,0.025184208050200718
0.125,1.942929292929293,0.8766066364737425,0.025266156618535263
0.125,1.9731313131313133,0.8782567442422557,0.025347747696829348
0.125,2.0033333333333334,0.8798631517468082,0.025428978015235026
0.125,2.0335353535353535,0.8814275742417318,0.02550984492248065
0.125,2.0637373737373736,0.8829516383251511,0.0255903463262801
0.125,2.093939393939394,0.8844368875958084,0.02567048063952515
0.125,2.1241414141414143,0.885884787882116,0.02575024673168791
0.125,2.1543434343434344,0.8872967320807095,0.025829643884848874
0.125,2.1845454545454546,0.8886740446381166,0.025908671753896773
0.125,2.2147474747474747,0.8900179857058801,0.025987330330476732
0.125,2.244949494949495,0.8913297549965683,0.026065619910284
0.125,2.2751515151515154,0.8926104953654986,0.02614354106340744
0.125,2.3053535353535355,0.8938612961406747,0.026221094607378204
0.125,2.3355555555555556,0.895083196221351,0.026298281582693317
0.125,2.3657575757575757,0.8962771869637702,0.02637510323055725
0.125,2.395959595959596,0.8974442148709362,0.026451560972626353
0.125,2.4261616161616164,0.8985851841017782,0.026527656392579146
0.125,2.4563636363636365,0.8997009588137004,0.026603391219329087
0.125,2.4865656565656566,0.9007923653512846,0.026678767311723917
0.125,2.5167676767676768,0.9018601942928096,0.026753786644604816
0.125,2.546969696969697,0.9029052023652474,0.026828451296088796
0.125,2.5771717171717174,0.9039281142374976,0.02690276343598086
0.125,2.6073737373737376,0.904929624200797,0.02697672531517914
0.125,2.6375757575757577,0.9059103977445015,0.027050339256026845
0.125,2.667777777777778,0.9068710730347661,0.027123607643492864
0.125,2.697979797979798,0.9078122623030304,0.027196532917128646
0.125,2.728181818181818,0.9087345531506681,0.02726911756371253
0.125,2.7583838383838386,0.9096385097756456,0.027341364110548216
0.125,2.7885858585858587,0.9105246741265778,0.02741327511933589
0.125,2.818787878787879,0.9113935669891455,0.027484853180578694
0.125,2.848989898989899,0.9122456890094557,0.02755610090848548
0.125,2.879191919191919,0.9130815216585745,0.027627020936294988
0.125,2.9093939393939396,0.9139015281421411,0.027697615912046558
0.125,2.9395959595959598,0.9147061542586771,0.027767888494683035
0.125,2.96979797979798,0.9154958292099367,0.027837841350530024
0.125,3.0,0.916270966366395,0.0279074771500627
0.1625,0.01,0.0359981491767696,0.08286526679203998
0.1625,0.040202020202020204,0.13025523484271412,0.03633672674308408
0.1625,0.07040404040404041,0.20754951361121582,0.027456580623596905
0.1625,0.10060606060606062,0.2721465513606016,0.02356858892687863
0.1625,0.13080808080808082,0.3269554839335533,0.021400900932061484
0.1625,0.16101010101010102,0.3740526506310512,0.020039768414081838
0.1625,0.19121212121212122,0.41496336329567984,0.019123528205977403
0.1625,0.22141414141414142,0.4508343592542788,0.01847899989957491
0.1625,0.2516161616161616,0.4825448067345195,0.018012464110416015
0.1625,0.2818181818181818,0.5107802409007898,0.017668655524157417
0.1625,0.31202020202020203,0.5360831938083266,0.017412837680724325
0.1625,0.3422222222222222,0.558888692858437,0.01722207267177578
0.1625,0.37242424242424244,0.5795496670210415,0.017080605782418434
0.1625,0.40262626262626267,0.5983554632924042,0.01697726289525936
0.1625,0.43282828282828284,0.615545562231505,0.016903904228598554
0.1625,0.46303030303030307,0.6313198864533818,0.01685446514226996
0.1625,0.49323232323232324,0.6458466512393216,0.01682433911379655
0.1625,0.5234343434343435,0.6592684154528736,0.016809968328939995
0.1625,0.5536363636363637,0.6717067967492714,0.016808564658256753
0.1625,0.5838383838383838,0.683266183099892,0.016817914999969208
0.1625,0.614040404040404,0.6940366814992477,0.01683624265748218
0.1625,0.6442424242424243,0.7040964808085962,0.016862106802837395
0.1625,0.6744444444444445,0.713513760255843,0.016894328363506572
0.1625,0.7046464646464646,0.7223482424002963,0.01693193458129416
0.1625,0.7348484848484849,0.730652465541221,0.01697411698623741
0.1625,0.7650505050505051,0.7384728329986886,0.01702019915413988
0.1625,0.7952525252525253,0.7458504836369201,0.01706961169734944
0.1625,0.8254545454545454,0.7528220181914045,0.017121872670347926
0.1625,0.8556565656565657,0.7594201085269547,0.017176572075462637
0.1625,0.8858585858585859,0.7656740112722049,0.017233359506063417
0.1625,0.9160606060606061,0.7716100028994055,0.01729193421412112
0.1625,0.9462626262626262,0.7772517499218794,0.017352037067986936
0.1625,0.9764646464646465,0.7826206252270984,0.017413443996346922
0.1625,1.0066666666666666,0.7877359794751214,0.01747596060984047
0.1625,1.036868686868687,0.7926153748389564,0.017539417762613807
0.1625,1.067070707070707,0.7972747870468586,0.01760366786929235
0.1625,1.0972727272727274,0.8017287806321189,0.01766858183287412
0.1625,1.1274747474747475,0.8059906614468393,0.017734046469726428
0.1625,1.1576767676767676,0.8100726098089818,0.017799962341315423
0.1625,1.187878787878788,0.8139857970930555,0.017866241920528214
0.1625,1.218080808080808,0.8177404881180917,0.017932808034615277
0.1625,1.2482828282828282,0.8213461313116992,0.017999592537932596
0.1625,1.2784848484848486,0.8248114383199925,0.018066535176406884
0.1625,1.3086868686868687,0.8281444544774498,0.018133582612700927
0.1625,1.338888888888889,0.8313526213382542,0.018200687586568343
0.1625,1.3690909090909091,0.8344428322934511,0.018267808189401658
0.1625,1.3992929292929293,0.8374214821498998,0.018334907235585396
0.1625,1.4294949494949496,0.8402945114223963,0.018401951716215725
0.1625,1.4596969696969697,0.8430674459853408,0.018468912323091002
0.1625,1.4898989898989898,0.8457454326415323,0.01853576303291904
0.1625,1.5201010101010102,0.8483332710903946,0.018602480743195926
0.1625,1.5503030303030303,0.850835442713883,0.018669044952623004
0.1625,1.5805050505050506,0.8532561365437051,0.018735437479983963
0.1625,1.6107070707070708,0.855599272726746,0.0188016422163233
0.1625,1.6409090909090909,0.8578685237655146,0.018867644906053194
0.1625,1.6711111111111112,0.8600673337759657,0.018933432953228024
0.1625,1.7013131313131313,0.8621989359753305,0.018998995249776662
0.1625,1.7315151515151515,0.864266368586927,0.019064322022944058
0.1625,1.7617171717171718,0.8662724893266721,0.019129404699550934
0.1625,1.791919191919192,0.8682199886167183,0.019194235785034097
0.1625,1.8221212121212123,0.8701114016548387,0.01925880875548658
0.1625,1.8523232323232324,0.8719491194535376,0.019323117961156155
0.1625,1.8825252525252525,0.8737353989500719,0.01938715854006623
0.1625,1.9127272727272728,0.8754723722773651,0.019450926340595753
0.1625,1.942929292929293,0.8771620552759691,0.01951441785199015
0.1625,1.9731313131313133,0.8788063553186006,0.019577630141925706
0.1625,2.0033333333333334,0.8804070785111667,0.019640560800332052
0.1625,2.0335353535353535,0.8819659363275015,0.0197032078888022
0.1625,2.0637373737373736,0.8834845517291032,0.019765569894971913
0.1625,2.093939393939394,0.8849644648159205,0.01982764569135198
0.1625,2.1241414141414143,0.8864071380495944,0.019889434498122416
0.1625,2.1543434343434344,0.8878139610864284,0.0199509358495078
0.1625,2.1845454545454546,0.8891862552536989,0.020012149563316983
0.1625,2.2147474747474747,0.890525277699639,0.020073075713382238
0.1625,2.244949494949495,0.8918322252445284,0.02013371460454705
0.1625,2.2751515151515154,0.893108237957706,0.02019406674998514
0.1625,2.3053535353535355,0.8943544024829998,0.020254132850612727
0.1625,2.3355555555555556,0.8955717551329839,0.0203139137763797
0.1625,2.3657575757575757,0.8967612847705977,0.02037341054925834
0.1625,2.395959595959596,0.8979239354949852,0.020432624327782367
0.1625,2.4261616161616164,0.8990606091469024,0.020491556392961074
0.1625,2.4563636363636365,0.9001721676476799,0.02055020813547359
0.1625,2.4865656565656566,0.9012594351845006,0.020608581043983998
0.1625,2.5167676767676768,0.9023232002536496,0.020666676694505837
0.1625,2.546969696969697,0.9033642175723908,0.020724496740708975
0.1625,2.5771717171717174,0.9043832098692229,0.02078204290506136
0.1625,2.6073737373737376,0.905380869561447,0.02083931697078034
0.1625,2.6375757575757577,0.9063578603282355,0.020896320774458577
0.1625,2.667777777777778,0.9073148185867226,0.02095305619935628
0.1625,2.697979797979798,0.908252354878019,0.02100952516926813
0.1625,2.728181818181818,0.9091710551695015,0.02106572964293396
0.1625,2.7583838383838386,0.910071482079219,0.02112167160893197
0.1625,2.7885858585858587,0.9109541760277984,0.02117735308101798
0.1625,2.818787878787879,0.9118196563228077,0.02123277609387686
0.1625,2.848989898989899,0.912668422180155,0.021287942699239615
0.1625,2.879191919191919,0.9135009536867476,0.02134285496235222
0.1625,2.9093939393939396,0.9143177127083161,0.021397514958739983
0.1625,2.9395959595959598,0.9151191437460134,0.02145192477126967
0.1625,2.96979797979798,0.9159056747451297,0.021506086487472986
0.1625,3.0,0.9166777178590187,0.021560002197099193
0.2,0.01,0.036143627644316285,0.06733811060555528
0.2,0.040202020202020204,0.13074867532820758,0.0295398662418489
0.2,0.07040404040404041,0.20827627130953275,0.022328213992209855
0.2,0.10060606060606062,0.27303030108225806,0.01917181699647119
0.2,0.13080808080808082,0.32794488002558914,0.017412704041617433
0.2,0.16101010101010102,0.37511228145405756,0.01630862192014093
0.2,0.19121212121212122,0.41606838345804703,0.015565806586666842
0.2,0.22141414141414142,0.4519670972557513,0.015043601007639795
0.2,0.2516161616161616,0.4836925592109037,0.014665892032353023
0.2,0.2818181818181818,0.5119338051684857,0.014387799998639483
0.2,0.31202020202020203,0.5372358713037666,0.014181118475827814
0.2,0.3422222222222222,0.5600355997939042,0.014027223122687893
0.2,0.37242424242424244,0.5806872496472039,0.013913323042092474
0.2,0.40262626262626267,0.5994811520009317,0.013830347012293354
0.2,0.43282828282828284,0.6166575214776022,0.013771687702010205
0.2,0.46303030303030307,0.6324168318280714,0.013732422701818514
0.2,0.49323232323232324,0.646927714257,0.013708813456619007
0.2,0.5234343434343435,0.660333042674021,0.013697972810766457
0.2,0.5536363636363637,0.6727546738946885,0.013697638441544369
0.2,0.5838383838383838,0.6842971775461218,0.01370601480529543
0.2,0.614040404040404,0.6950507984223403,0.013721660586782036
0.2,0.6442424242424243,0.7050938295501573,0.013743407075312186
0.2,0.6744444444444445,0.7144945284060296,0.013770297996460457
0.2,0.7046464646464646,0.7233126757484943,0.013801544504876473
0.2,0.7348484848484849,0.7316008525175726,0.013836491069166179
0.2,0.7650505050505051,0.7394054925731467,0.013874589300088225
0.2,0.7952525252525253,0.7467677558945668,0.01391537765121531
0.2,0.8254545454545454,0.753724256989279,0.013958465515497842
0.2,0.8556565656565657,0.7603076757767477,0.014003520650326395
0.2,0.8858585858585859,0.7665472724976944,0.014050259149502642
0.2,0.9160606060606061,0.7724693237965872,0.0140984373831321
0.2,0.9462626262626262,0.7780974937099494,0.014147845471807807
0.2,0.9764646464646465,0.783453150624576,0.014198301967069726
0.2,1.0066666666666666,0.7885556391709275,0.014249649487666938
0.2,1.036868686868687,0.7934225143557893,0.014301751118687145
0.2,1.067070707070707,0.7980697439156225,0.014354487423717144
0.2,1.0972727272727274,0.8025118838129139,0.014407753952794478
0.2,1.1274747474747475,0.8067622309451702,0.014461459153728207
0.2,1.1576767676767676,0.8108329564462168,0.01451552261346456
0.2,1.187878787878788,0.8147352223983736,0.014569873570940084
0.2,1.218080808080808,0.8184792843156757,0.014624449654366156
0.2,1.2482828282828282,0.8220745813821264,0.014679195804945033
0.2,1.2784848484848486,0.8255298161189265,0.014734063356145022
0.2,1.3086868686868687,0.8288530248980603,0.014789009243316498
0.2,1.338888888888889,0.8320516405064685,0.014843995322982417
0.2,1.3690909090909091,0.8351325477872873,0.014898987784756068
0.2,1.3992929292929293,0.8381021332358685,0.014953956641769794
0.2,1.4294949494949496,0.8409663293033615,0.015008875287905399
0.2,1.4596969696969697,0.84373065405536,0.0150637201120285
0.2,1.4898989898989898,0.8464002467441212,0.015118470161030961
0.2,1.5201010101010102,0.8489798997773995,0.015173106844798445
0.2,1.5503030303030303,0.851474087502755,0.015227613677269547
0.2,1.5805050505050506,0.8538869921714546,0.015281976048694634
0.2,1.6107070707070708,0.8562225273992566,0.015336181024885764
0.2,1.6409090909090909,0.8584843594012181,0.015390217169919396
0.2,1.6711111111111112,0.8606759262431373,0.015444074389238116
0.2,1.7013131313131313,0.8628004553224773,0.015497743790558571
0.2,1.7315151515151515,0.8648609792659122,0.01555121756033917
0.2,1.7617171717171718,0.8668603504083516,0.015604488853887322
0.2,1.791919191919192,0.8688012539989778,0.015657551697438432
0.2,1.8221212121212123,0.8706862202630056,0.01571040090076825
0.2,1.8523232323232324,0.8725176354332107,0.015763031979100006
0.2,1.8825252525252525,0.8742977518524648,0.015815441083196546
0.2,1.9127272727272728,0.8760286972373018,0.01586762493672733
0.2,1.942929292929293,0.8777124831827011,0.01591958078004785
0.2,1.9731313131313133,0.8793510129796385,0.01597130631969801
0.2,2.0033333333333334,0.8809460888093371,0.01602279968296827
0.2,2.0335353535353535,0.8824994183714506,0.016074059376993688
0.2,2.0637373737373736,0.8840126209974745,0.01612508425186232
0.2,2.093939393939394,0.8854872332954407,0.01617587346734406
0.2,2.1241414141414143,0.886924714367302,0.01622642646281558
0.2,2.1543434343434344,0.8883264506362757,0.016276742930087185
0.2,2.1845454545454546,0.8896937603177569,0.016326822788799822
0.2,2.2147474747474747,0.8910278975641336,0.01637666616414868
0.2,2.244949494949495,0.8923300563109245,0.01642627336669311
0.2,2.2751515151515154,0.8936013738490556,0.01647564487404085
0.2,2.3053535353535355,0.8948429341457619,0.01652478131422286
0.2,2.3355555555555556,0.8960557709345158,0.016573683450595178
0.2,2.3657575757575757,0.8972408705925116,0.016622352168112142
0.2,2.395959595959596,0.8983991748225564,0.016670788460853236
0.2,2.4261616161616164,0.8995315831547078,0.016718993420663297
0.2,2.4563636363636365,0.9006389552816372,0.016766968226823886
0.2,2.4865656565656566,0.901722113240474,0.01681471413663438
0.2,2.5167676767676768,0.9027818434527779,0.016862232476844374
0.2,2.546969696969697,0.903818898633288,0.016909524635836615
0.2,2.5771717171717174,0.9048339995771948,0.016956592056504016
0.2,2.6073737373737376,0.9058278368348603,0.017003436229756197
0.2,2.6375757575757577,0.9068010722821703,0.017050058688595326
0.2,2.667777777777778,0.9077543405940318,0.01709646100271134
0.2,2.697979797979798,0.9086882506279136,0.01714264477355587
0.2,2.728181818181818,0.9096033867237744,0.0171886116298412
0.2,2.7583838383838386,0.9105003099262149,0.01723436322344285
0.2,2.7885858585858587,0.9113795591342317,0.017279901225651928
0.2,2.818787878787879,0.9122416521835256,0.017325227323766512
0.2,2.848989898989899,0.9130870868659391,0.01737034321797415
0.2,2.879191919191919,0.9139163418902421,0.017415250618516787
0.2,2.9093939393939396,0.9147298777881654,0.017459951243105953
0.2,2.9395959595959598,0.9155281377692903,0.01750444681455776
0.2,2.96979797979798,0.916311548528129,0.017548739058659057
0.2,3.0,0.9170805210064893,0.01759282970220233
0.2375,0.01,0.03628892551386641,0.056714263406288046
0.2375,0.040202020202020204,0.13124130062030295,0.024889381650365694
0.2375,0.07040404040404041,0.20900165620733355,0.018819331373165493
0.2375,0.10060606060606062,0.27391189830939133,0.01616349924796001
0.2375,0.13080808080808082,0.32893136490237074,0.014683937648101386
0.2375,0.16101010101010102,0.3761683240283106,0.013755732119371533
0.2375,0.19121212121212122,0.417169230106808,0.013131575914512528
0.2375,0.22141414141414142,0.45309516463476013,0.012693064835980428
0.2375,0.2516161616161616,0.4848352237340218,0.012376132103791626
0.2375,0.2818181818181818,0.513081934216223,0.012143004028455584
0.2375,0.31202020202020203,0.5383828268421675,0.011969942094243624
0.2375,0.3422222222222222,0.5611765498443804,0.011841273348015324
0.2375,0.37242424242424244,0.5818186845746006,0.011746234768007069
0.2375,0.40262626262626267,0.600600539653911,0.011677193955854426
0.2375,0.43282828282828284,0.6177630580730997,0.011628592099016899
0.2375,0.46303030303030307,0.6335072598768964,0.01159628831440429
0.2375,0.49323232323232324,0.6480021880902058,0.011577137919360325
0.2375,0.5234343434343435,0.6613910281964264,0.011568712629934197
0.2375,0.5536363636363637,0.6737958732333855,0.011569109885932294
0.2375,0.5838383838383838,0.6853214719963917,0.011576819841373265
0.2375,0.614040404040404,0.6960582049704495,0.01159063065249799
0.2375,0.6442424242424243,0.7060844675581046,0.011609559794121704
0.2375,0.6744444444444445,0.7154685939625985,0.01163280343264228
0.2375,0.7046464646464646,0.7242704218456254,0.011659698557825449
0.2375,0.7348484848484849,0.7325425736821929,0.011689694280464513
0.2375,0.7650505050505051,0.7403315129269705,0.011722329814194854
0.2375,0.7952525252525253,0.747678419865453,0.011757217398693509
0.2375,0.8254545454545454,0.7546199220834299,0.011794028921663369
0.2375,0.8556565656565657,0.7611887069594484,0.011832485341333188
0.2375,0.8858585858585859,0.7674140378342522,0.011872348251807496
0.2375,0.9160606060606061,0.7733221910837249,0.011913413104023496
0.2375,0.9462626262626262,0.7789368278877358,0.01195550371748233
0.2375,0.9764646464646465,0.7842793118047754,0.011998467806731528
0.2375,1.0066666666666666,0.7893689811529239,0.012042173311865634
0.2375,1.036868686868687,0.794223383528538,0.012086505370725975
0.2375,1.067070707070707,0.7988584784653253,0.012131363806714868
0.2375,1.0972727272727274,0.8032888131727081,0.012176661033636682
0.2375,1.1274747474747475,0.8075276754361533,0.012222320299764666
0.2375,1.1576767676767676,0.811587227069398,0.012268274209481067
0.2375,1.187878787878788,0.8154786207452585,0.01231446347323395
0.2375,1.218080808080808,0.819212102571646,0.012360835846206397
0.2375,1.2482828282828282,0.8227971024019047,0.012407345223764521
0.2375,1.2784848484848486,0.8262423135575191,0.012453950867690411
0.2375,1.3086868686868687,0.8295557633838541,0.012500616742023851
0.2375,1.338888888888889,0.8327448758457938,0.012547310941075196
0.2375,1.3690909090909091,0.83581652719188,0.012594005195347924
0.2375,1.3992929292929293,0.8387770955663736,0.012640674443434863
0.2375,1.4294949494949496,0.8416325053233996,0.012687296460071495
0.2375,1.4596969696969697,0.8443882666917968,0.0127338515321187
0.2375,1.4898989898989898,0.8470495113500789,0.012780322175544034
0.2375,1.5201010101010102,0.8496210243952849,0.0128266928876557
0.2375,1.5503030303030303,0.8521072731251682,0.012872949929662703
0.2375,1.5805050505050506,0.8545124329983241,0.012919081135451593
0.2375,1.6107070707070708,0.8568404110899355,0.012965075743046617
0.2375,1.6409090909090909,0.8590948673205903,0.013010924245764333
0.2375,1.6711111111111112,0.8612792337010376,0.013056618260525399
0.2375,1.7013131313131313,0.8633967318059361,0.013102150411114843
0.2375,1.7315151515151515,0.865450388663895,0.013147514224507217
0.2375,1.7617171717171718,0.8674430512288042,0.013192704038656577
0.2375,1.791919191919192,0.8693773995780871,0.01323771492034509
0.2375,1.8221212121212123,0.871255958966673,0.013282542591871893
0.2375,1.8523232323232324,0.8730811108507989,0.013327183365546391
0.2375,1.8825252525252525,0.8748551029829328,0.01337163408505937
0.2375,1.9127272727272728,0.8765800586678804,0.013415892072965896
0.2375,1.942929292929293,0.8782579852602909,0.0134599550835377
0.2375,1.9731313131313133,0.8798907819751367,0.013503821260431259
0.2375,2.0033333333333334,0.8814802470751115,0.01354748909860981
0.2375,2.0335353535353535,0.8830280844921922,0.013590957410047677
0.2375,2.0637373737373736,0.8845359099346655,0.01363422529283187
0.2375,2.093939393939394,0.8860052565256783,0.013677292103275285
0.2375,2.1241414141414143,0.8874375800147165,0.013720157430734403
0.2375,2.1543434343434344,0.8888342635992813,0.013762821074840836
0.2375,2.1845454545454546,0.8901966223903717,0.01380528302490669
0.2375,2.2147474747474747,0.8915259075520952,0.013847543441274812
0.2375,2.244949494949495,0.8928233101428287,0.013889602638416765
0.2375,2.2751515151515154,0.8940899646827332,0.013931461069603968
0.2375,2.3053535353535355,0.8953269524701056,0.013973119312998383
0.2375,2.3355555555555556,0.8965353046669604,0.01401457805902262
0.2375,2.3657575757575757,0.8977160051723622,0.014055838098885332
0.2375,2.395959595959596,0.8988699933003547,0.014096900314145122
0.2375,2.4261616161616164,0.8999981662778156,0.014137765667215918
0.2375,2.4563636363636365,0.9011013815762111,0.014178435192741201
0.2375,2.4865656565656566,0.9021804590899957,0.014218909989717865
0.2375,2.5167676767676768,0.9032361831733003,0.014259191214347489
0.2375,2.546969696969697,0.9042693045455468,0.014299280073498677
0.2375,2.5771717171717174,0.9052805420757298,0.014339177818777582
0.2375,2.6073737373737376,0.9062705844542858,0.014378885741096026
0.2375,2.6375757575757577,0.9072400917607232,0.01441840516573567
0.2375,2.667777777777778,0.9081896969345252,0.014457737447838737
0.2375,2.697979797979798,0.9091200071562131,0.01449688396830262
0.2375,2.728181818181818,0.9100316051449107,0.014535846130037777
0.2375,2.7583838383838386,0.9109250503782409,0.01457462535453935
0.2375,2.7885858585858587,0.9118008802399274,0.014613223078786541
0.2375,2.818787878787879,0.9126596111000477,0.01465164075238401
0.2375,2.848989898989899,0.9135017393325079,0.014689879834995478
0.2375,2.879191919191919,0.9143277422739555,0.014727941793966082
0.2375,2.9093939393939396,0.9151380791280234,0.014765828102183631
0.2375,2.9395959595959598,0.9159331918185091,0.014803540236117518
0.2375,2.96979797979798,0.9167135057948229,0.014841079674041913
0.2375,3.0,0.9174794307927917,0.014878447894418612
0.275,0.01,0.03643403996896571,0.04898782579166272
0.275,0.040202020202020204,0.13173303308450043,0.021507209738082844
0.275,0.07040404040404041,0.20972564204082986,0.016267416510929777
0.275,0.10060606060606062,0.2747913453967149,0.013975631680025247
0.275,0.13080808080808082,0.32991494979952746,0.012699380173096575
0.275,0.16101010101010102,0.3772207954518277,0.011899084899875234
0.275,0.19121212121212122,0.41826592577585747,0.011361226247005085
0.275,0.22141414141414142,0.4542185891253659,0.010983583898827476
0.275,0.2516161616161616,0.485972832929193,0.010710852072591148
0.275,0.2818181818181818,0.5142246651968938,0.010510425059093942
0.275,0.31202020202020203,0.5395241017170824,0.010361813735402015
0.275,0.3422222222222222,0.5623115880561942,0.01025149161250627
0.275,0.37242424242424244,0.582944020227662,0.010170170487151964
0.275,0.40262626262626267,0.6017136777004423,0.010111264378023455
0.275,0.43282828282828284,0.6188622261635748,0.01006997703171253
0.275,0.46303030303030307,0.6345912271403834,0.010042735947942028
0.275,0.49323232323232324,0.6490701313994485,0.010026828351324513
0.275,0.5234343434343435,0.6624424325511407,0.01002015968279868
0.275,0.5536363636363637,0.6748304569414931,0.0100210890276613
0.275,0.5838383838383838,0.6863391300686391,0.010028314320082332
0.275,0.614040404040404,0.6970589660203699,0.010040790604663119
0.275,0.6442424242424243,0.7070684608036191,0.010057670763878201
0.275,0.6744444444444445,0.7164360238433672,0.010078261830188895
0.275,0.7046464646464646,0.7252215484234686,0.010101992309821783
0.275,0.7348484848484849,0.7334776974617091,0.010128387416987295
0.275,0.7650505050505051,0.7412509630746984,0.010157050076512686
0.275,0.7952525252525253,0.748582545056018,0.010187646190706445
0.275,0.8254545454545454,0.7555090833859824,0.010219893098005084
0.275,0.8556565656565657,0.7620632723154396,0.010253550448161564
0.275,0.8858585858585859,0.7682743777809645,0.010288412926415136
0.275,0.9160606060606061,0.7741686754561197,0.010324304406131635
0.275,0.9462626262626262,0.7797698232906035,0.010361073215115812
0.275,0.9764646464646465,0.7850991796926663,0.010398588277375609
0.275,1.0066666666666666,0.7901760763903378,0.01043673594853578
0.275,1.036868686868687,0.7950180533299367,0.010475417404800957
0.275,1.067070707070707,0.7996410616355915,0.010514546476724451
0.275,1.0972727272727274,0.804059639585122,0.01055404784266556
0.275,1.1274747474747475,0.8082870656978665,0.010593855514873018
0.275,1.1576767676767676,0.812335492334544,0.010633911564963183
0.275,1.187878787878788,0.8162160626438826,0.01067416504629648
0.275,1.218080808080808,0.8199390132290055,0.010714571079131208
0.275,1.2482828282828282,0.823513764527771,0.01075509007095432
0.275,1.2784848484848486,0.8269490005891583,0.010795687049603764
0.275,1.3086868686868687,0.830252739669609,0.010836331090880114
0.275,1.338888888888889,0.8334323968587869,0.0108769948256775
0.275,1.3690909090909091,0.8364948397654487,0.010917654014236167
0.275,1.3992929292929293,0.8394464381445353,0.010958287177303072
0.275,1.4294949494949496,0.842293108221,0.010998875275695541
0.275,1.4596969696969697,0.8450403523600923,0.011039401431174545
0.275,1.4898989898989898,0.8476932946443949,0.011079850682675474
0.275,1.5201010101010102,0.8502567128421046,0.0111202097729044
0.275,1.5503030303030303,0.8527350671865923,0.011160466961089854
0.275,1.5805050505050506,0.8551325263323106,0.01120061185830501
0.275,1.6107070707070708,0.8574529908051085,0.011240635282365075
0.275,1.6409090909090909,0.8597001142247158,0.011280529129676253
0.275,1.6711111111111112,0.8618773225425123,0.011320286261869317
0.275,1.7013131313131313,0.8639878315078328,0.011359900405323975
0.275,1.7315151515151515,0.8660346625502747,0.011399366061932703
0.275,1.7617171717171718,0.8680206572431257,0.01143867842976376
0.275,1.791919191919192,0.8699484904936524,0.011477833332357523
0.275,1.8221212121212123,0.871820682589126,0.011516827155667375
0.275,1.8523232323232324,0.8736396102127582,0.011555656791701896
0.275,1.8825252525252525,0.8754075165308888,0.011594319588104529
0.275,1.9127272727272728,0.8771265204415226,0.011632813302976386
0.275,1.942929292929293,0.8787986250644644,0.011671136064350884
0.275,1.9731313131313133,0.880425725544639,0.011709286333792202
0.275,2.0033333333333334,0.8820096162325646,0.011747262873652797
0.275,2.0335353535353535,0.8835519972992256,0.011785064717619198
0.275,2.0637373737373736,0.8850544808366577,0.011822691144133257
0.275,2.093939393939394,0.886518596490301,0.011860141652453748
0.275,2.1241414141414143,0.8879457966645288,0.011897415941009903
0.275,2.1543434343434344,0.889337461338617,0.011934513887853937
0.275,2.1845454545454546,0.8906949025267603,0.011971435532966535
0.275,2.2147474747474747,0.8920193684124484,0.012008181062252099
0.275,2.244949494949495,0.8933120471846216,0.01204475079302747
0.275,2.2751515151515154,0.8945740706004011,0.012081145160864004
0.275,2.3053535353535355,0.8958065172968696,0.012117364707657119
0.275,2.3355555555555556,0.8970104158722872,0.012153410070791182
0.275,2.3657575757575757,0.8981867477552593,0.012189281973290722
0.275,2.395959595959596,0.8993364498786864,0.01222498121488158
0.275,2.4261616161616164,0.9004604171738264,0.012260508663851866
0.275,2.4563636363636365,0.9015595048984288,0.01229586524964632
0.275,2.4865656565656566,0.9026345308116835,0.012331051956139483
0.275,2.5167676767676768,0.9036862772076147,0.01236606981549393
0.275,2.546969696969697,0.9047154928175557,0.012400919902573193
0.275,2.5771717171717174,0.9057228945914358,0.01243560332986493
0.275,2.6073737373737376,0.9067091693667928,0.012470121242823318
0.275,2.6375757575757577,0.9076749754336787,0.012504474815663524
0.275,2.667777777777778,0.9086209440029638,0.012538665247494807
0.275,2.697979797979798,0.9095476805849205,0.012572693758811537
0.275,2.728181818181818,0.9104557662844235,0.0126065615883022
0.275,2.7583838383838386,0.9113457590185893,0.01264026998991663
0.275,2.7885858585858587,0.9122181946622222,0.012673820230220567
0.275,2.818787878787879,0.9130735881260168,0.012707213585959831
0.275,2.848989898989899,0.9139124343720669,0.012740451341861636
0.275,2.879191919191919,0.9147352093709054,0.012773534788625751
0.275,2.9093939393939396,0.9155423710039594,0.012806465221083752
0.275,2.9395959595959598,0.9163343599150214,0.01283924393654523
0.275,2.96979797979798,0.9171116003140646,0.012871872233277015
0.275,3.0,0.9178745007364866,0.012904351409125825
0.3125,0.01,0.03657896841548311,0.043115730018582044
0.3125,0.040202020202020204,0.13222378008572183,0.018936757523308367
0.3125,0.07040404040404041,0.21044818281576916,0.014327960909703563
0.3125,0.10060606060606062,0.27566863869142894,0.012312852202389646
0.3125,0.13080808080808082,0.33089564447118625,0.011191116392531564
0.3125,0.16101010101010102,0.3782697122354246,0.010488032921272428
0.3125,0.19121212121212122,0.4193584925555131,0.01001576041209562
0.3125,0.22141414141414142,0.4553373979906949,0.009684378301723084
0.3125,0.2516161616161616,0.48710541889311293,0.00944523916580775
0.3125,0.2818181818181818,0.5153620346706167,0.009269664960386503
0.3125,0.31202020202020203,0.5406597365642625,0.00913963610116486
0.3125,0.3422222222222222,0.5634407587541985,0.009043257411963213
0.3125,0.37242424242424244,0.5840633042482071,0.008972361551661256
0.3125,0.40262626262626267,0.6028206167488936,0.008921157815948932
0.3125,0.43282828282828284,0.6199550789989708,0.008885429496397146
0.3125,0.46303030303030307,0.6356687892118522,0.0088620360637095
0.3125,0.49323232323232324,0.6501316018497604,0.008848592992046322
0.3125,0.5234343434343435,0.6634873152286889,0.008843259353289668
0.3125,0.5536363636363637,0.675858486112667,0.008844593083330743
0.3125,0.5838383838383838,0.6873502142593315,0.008851450029274677
0.3125,0.614040404040404,0.6980531452912256,0.008862912070892515
0.3125,0.6442424242424243,0.7080458740666408,0.008878235000493229
0.3125,0.6744444444444445,0.7173968837438061,0.008896810108757203
0.3125,0.7046464646464646,0.7261661219626533,0.00891813545443454
0.3125,0.7348484848484849,0.734406291004942,0.00894179409033935
0.3125,0.7650505050505051,0.7421639107284028,0.00896743736181671
0.3125,0.7952525252525253,0.7494801996474294,0.008994771954779823
0.3125,0.8254545454545454,0.7563918094627102,0.009023549750225568
0.3125,0.8556565656565657,0.7629314407192688,0.009053559803479772
0.3125,0.8858585858585859,0.7691283614530826,0.009084621949041471
0.3125,0.9160606060606061,0.7750088462086114,0.009116581661331669
0.3125,0.9462626262626262,0.7805965493381054,0.009149305894466275
0.3125,0.9764646464646465,0.7859128237832371,0.009182679691651208
0.3125,1.0066666666666666,0.7909769944093419,0.009216603404313517
0.3125,1.036868686868687,0.7958065932776078,0.009250990397821068
0.3125,1.067070707070707,0.8004175628998197,0.00928576514815993
0.3125,1.0972727272727274,0.8048244324473117,0.009320861654756207
0.3125,1.1274747474747475,0.8090404710224941,0.009356222110487034
0.3125,1.1576767676767676,0.8130778214031057,0.00939179578205862
0.3125,1.187878787878788,0.8169476171018751,0.009427538063454088
0.3125,1.218080808080808,0.820660085120889,0.009463409672392231
0.3125,1.2482828282828282,0.8242246363998723,0.009499375965570156
0.3125,1.2784848484848486,0.827649945644482,0.009535406353022413
0.3125,1.3086868686868687,0.8309440219617152,0.00957147379550638
0.3125,1.338888888888889,0.834114271514464,0.009607554371710458
0.3125,1.3690909090909091,0.8371675532279709,0.009643626904476399
0.3125,1.3992929292929293,0.8401102284309521,0.009679672636992542
0.3125,1.4294949494949496,0.8429482051882409,0.009715674951495057
0.3125,1.4596969696969697,0.8456869779757529,0.009751619124274136
0.3125,1.4898989898989898,0.8483316632589388,0.009787492111719587
0.3125,1.5201010101010102,0.8508870314599232,0.009823282363044639
0.3125,1.5503030303030303,0.8533575357339337,0.009858979655967826
0.3125,1.5805050505050506,0.8557473379205481,0.009894574952229673
0.3125,1.6107070707070708,0.8580603319881953,0.009930060270285868
0.3125,1.6409090909090909,0.8603001652499686,0.009965428572889179
0.3125,1.6711111111111112,0.8624702575941119,0.010000673667653448
0.3125,1.7013131313131313,0.8645738189426235,0.010035790118930965
0.3125,1.7315151515151515,0.8666138651255992,0.010070773169553515
0.3125,1.7617171717171718,0.8685932323365585,0.010105618671272243
0.3125,1.791919191919192,0.8705145903145919,0.010140323022770792
0.3125,1.8221212121212123,0.8723804543822838,0.01017488311437531
0.3125,1.8523232323232324,0.8741931964536457,0.010209296278668623
0.3125,1.8825252525252525,0.875955055113448,0.010243560246297134
0.3125,1.9127272727272728,0.8776681448580808,0.010277673106379392
0.3125,1.942929292929293,0.8793344645782214,0.010311633271010257
0.3125,1.9731313131313133,0.880955905354916,0.010345439443355975
0.3125,2.0033333333333334,0.8825342576330512,0.010379090588994888
0.3125,2.0335353535353535,0.8840712178294773,0.010412585910106298
0.3125,2.0637373737373736,0.8855683944270917,0.01044592482221085
0.3125,2.093939393939394,0.8870273136009474,0.010479106933201976
0.3125,2.1241414141414143,0.8884494244177868,0.010512132024406817
0.3125,2.1543434343434344,0.8898361036462663,0.01054500003347214
0.3125,2.1845454545454546,0.8911886602114696,0.010577711038892934
0.3125,2.2147474747474747,0.8925083393240226,0.010610265245999395
0.3125,2.244949494949495,0.8937963263112161,0.010642662974270856
0.3125,2.2751515151515154,0.895053750174929,0.010674904645825656
0.3125,2.3053535353535355,0.8962816868988182,0.01070699077500148
0.3125,2.3355555555555556,0.8974811625251514,0.010738921958866499
0.3125,2.3657575757575757,0.898653156019793,0.0107706988686318
0.3125,2.395959595959596,0.8997986019421623,0.010802322241830309
0.3125,2.4261616161616164,0.9009183929354954,0.010833792875208692
0.3125,2.4563636363636365,0.9020133820513475,0.010865111618270085
0.3125,2.4865656565656566,0.9030843849210797,0.010896279367391237
0.3125,2.5167676767676768,0.9041321817859547,0.010927297060463914
0.3125,2.546969696969697,0.9051575193964643,0.01095816567203256
0.3125,2.5771717171717174,0.9061611127906178,0.010988886208845638
0.3125,2.6073737373737376,0.9071436469600923,0.011019459705823076
0.3125,2.6375757575757577,0.9081057784124116,0.011049887222361221
0.3125,2.667777777777778,0.9090481366366489,0.011080169838985299
0.3125,2.697979797979798,0.9099713254795292,0.011110308654288303
0.3125,2.728181818181818,0.9108759244382636,0.011140304782145671
0.3125,2.7583838383838386,0.9117624898759302,0.011170159349174202
0.3125,2.7885858585858587,0.9126315561647682,0.011199873492426349
0.3125,2.818787878787879,0.9134836367623203,0.011229448357271687
0.3125,2.848989898989899,0.9143192252249831,0.011258885095494442
0.3125,2.879191919191919,0.9151387961631733,0.011288184863533557
0.3125,2.9093939393939396,0.9159428061419944,0.011317348820906847
0.3125,2.9395959595959598,0.9167316945309998,0.011346378128756607
0.3125,2.96979797979798,0.9175058843063764,0.011375273948545761
0.3125,3.0,0.9182657828086306,0.011404037440862602
0.35,0.01,0.03672370846130235,0.03850193730046558
0.35,0.040202020202020204,0.13271343445547612,0.01691711462069634
0.35,0.07040404040404041,0.21116920330315334,0.01280410250795816
0.35,0.10060606060606062,0.2765437623316012,0.011006382460238662
0.35,0.13080808080808082,0.33187345510886207,0.010006051887158973
0.35,0.16101010101010102,0.379315089667258,0.009379349128960435
0.35,0.19121212121212122,0.4204469518279174,0.008958608594835216
0.35,0.22141414141414142,0.4564516178963989,0.008663573817086379
0.35,0.2516161616161616,0.4882330131060808,0.008450828939645216
0.35,0.2818181818181818,0.5164940785321249,0.00829478194155886
0.35,0.31202020202020203,0.5417897712930768,0.008179353590485272
0.35,0.3422222222222222,0.564564105474894,0.008093930456139375
0.35,0.37242424242424244,0.585176583429115,0.00803122587486338
0.35,0.40262626262626267,0.6039214065006004,0.007986074002912957
0.35,0.43282828282828284,0.6210416688671542,0.007954713488673937
0.35,0.46303030303030307,0.6367400006707036,0.007934343208653605
0.35,0.49323232323232324,0.6511866560436744,0.007922836547408219
0.35,0.5234343434343435,0.6645257346117022,0.007918551858298484
0.35,0.5536363636363637,0.6768800206903496,0.007920203316992502
0.35,0.5838383838383838,0.6883547858753385,0.007926770845060993
0.35,0.614040404040404,0.6990408052759344,0.007937435978496943
0.35,0.6442424242424243,0.70901677086691,0.007951535367349827
0.35,0.6744444444444445,0.7183512380676426,0.007968526505200524
0.35,0.7046464646464646,0.727104207622811,0.007987962099218482
0.35,0.7348484848484849,0.7353284201125895,0.008009470646849204
0.35,0.7650505050505051,0.7430704222268925,0.00803274153813116
0.35,0.7952525252525253,0.7503714504242968,0.008057513503248792
0.35,0.8254545454545454,0.7572681674612438,0.008083565563792972
0.35,0.8556565656565657,0.763793279607345,0.008110709879465938
0.35,0.8858585858585859,0.769976056509196,0.00813878604491225
0.35,0.9160606060606061,0.7758427711622217,0.008167656506810506
0.35,0.9462626262626262,0.7814170739600859,0.008197202854240304
0.35,0.9764646464646465,0.7867203120670506,0.008227322795493208
0.35,1.0066666666666666,0.791771803218055,0.008257927678706922
0.35,1.036868686868687,0.7965890713584998,0.008288940446448567
0.35,1.067070707070707,0.80118805018905,0.008320293938976375
0.35,1.0972727272727274,0.805583259603258,0.008351929479415654
0.35,1.1274747474747475,0.8097879591390326,0.008383795688273965
0.35,1.1576767676767676,0.8138142818640792,0.008415847485556904
0.35,1.187878787878788,0.8176733515458385,0.008448045247163138
0.35,1.218080808080808,0.8213753854914748,0.008480354088813868
0.35,1.2482828282828282,0.824929785062069,0.008512743255876032
0.35,1.2784848484848486,0.8283452155510663,0.008545185601545269
0.35,1.3086868686868687,0.8316296768572411,0.008577657139034578
0.35,1.338888888888889,0.8347905661667403,0.008610136656023615
0.35,1.3690909090909091,0.8378347336789909,0.008642605381687263
0.35,1.3992929292929293,0.8407685322608713,0.008675046698267685
0.35,1.4294949494949496,0.8435978617873183,0.008707445890552501
0.35,1.4596969696969697,0.8463282088202297,0.008739789927675545
0.35,1.4898989898989898,0.8489646821876865,0.008772067272598827
0.35,1.5201010101010102,0.8515120449493844,0.008804267715362135
0.35,1.5503030303030303,0.8539747431694354,0.0088363822267854
0.35,1.5805050505050506,0.856356931862532,0.008868402829848687
0.35,1.6107070707070708,0.8586624984322492,0.008900322486369738
0.35,1.6409090909090909,0.8608950838798582,0.008932134996944674
0.35,1.6711111111111112,0.8630581020272394,0.008963834912462554
0.35,1.7013131313131313,0.8651547569675294,0.00899541745567678
0.35,1.7315151515151515,0.8671880589312766,0.009026878451595888
0.35,1.7617171717171718,0.8691608387334688,0.009058214265573739
0.35,1.791919191919192,0.8710757609473665,0.009089421748192272
0.35,1.8221212121212123,0.8729353359341715,0.009120498186075299
0.35,1.8523232323232324,0.8747419308428225,0.009151441257969184
0.35,1.8825252525252525,0.8764977796813508,0.009182248995450282
0.35,1.9127272727272728,0.8782049925499638,0.009212919747727977
0.35,1.942929292929293,0.8798655641161531,0.009243452150080822
0.35,1.9731313131313133,0.8814813814034561,0.00927384509551521
0.35,2.0033333333333334,0.8830542309578563,0.00930409770927998
0.35,2.0335353535353535,0.8845858054490889,0.009334209325946974
0.35,2.0637373737373736,0.8860777097581723,0.009364179468736245
0.35,2.093939393939394,0.8875314665972284,0.009394007830903828
0.35,2.1241414141414143,0.888948521702969,0.00942369425890588
0.35,2.1543434343434344,0.8903302486411429,0.009453238737219927
0.35,2.1845454545454546,0.8916779532555125,0.009482641374597423
0.35,2.2147474747474747,0.8929928777916782,0.009511902391633908
0.35,2.244949494949495,0.8942762047231438,0.009541022109506025
0.35,2.2751515151515154,0.8955290603044097,0.009570000939767453
0.35,2.3053535353535355,0.8967525178735525,0.009598839375096535
0.35,2.3355555555555556,0.8979476009246596,0.009627537980890999
0.35,2.3657575757575757,0.8991152859686171,0.009656097387650941
0.35,2.395959595959596,0.9002565051990693,0.009684518284039267
0.35,2.4261616161616164,0.9013721489788583,0.00971280141059827
0.35,2.4563636363636365,0.9024630681608912,0.009740947554014667
0.35,2.4865656565656566,0.9035300762561589,0.009768957541916645
0.35,2.5167676767676768,0.904573951460525,0.009796832238133435
0.35,2.546969696969697,0.9055954385509012,0.009824572538377874
0.35,2.5771717171717174,0.906595250660531,0.009852179366330427
0.35,2.6073737373737376,0.9075740709422714,0.009879653670049837
0.35,2.6375757575757577,0.908532554128043,0.009906996418725722
0.35,2.667777777777778,0.9094713279919449,0.009934208599708283
0.35,2.697979797979798,0.9103909947238533,0.009961291215808687
0.35,2.728181818181818,0.9112921322198954,0.009988245282838815
0.35,2.7583838383838386,0.912175295295572,0.010015071827368383
0.35,2.7885858585858587,0.9130410168268966,0.010041771884686135
0.35,2.818787878787879,0.9138898088244827,0.010068346496943326
0.35,2.848989898989899,0.9147221634451317,0.010094796711460186
0.35,2.879191919191919,0.9155385539451274,0.01012112357919559
0.35,2.9093939393939396,0.9163394355791143,0.010147328153341073
0.35,2.9395959595959598,0.9171252464481545,0.010173411488057615
0.35,2.96979797979798,0.9178964083002807,0.01019937463731413
0.35,3.0,0.9186533272866253,0.010225218653853174
0.38749999999999996,0.01,0.03686825788812685,0.03478113343195388
0.38749999999999996,0.040202020202020204,0.13320187611563505,0.01528836809646461
0.38749999999999996,0.07040404040404041,0.2118885875550845,0.011575183820625723
0.38749999999999996,0.10060606060606062,0.2774166772281193,0.009952777623182252
0.38749999999999996,0.13080808080808082,0.33284837928503935,0.009050354583027387
0.38749999999999996,0.16101010101010102,0.38035693990743036,0.008485249194410072
0.38749999999999996,0.19121212121212122,0.4215313235722259,0.008106066711905502
0.38749999999999996,0.22141414141414142,0.4575612745806583,0.007840344302717073
0.38749999999999996,0.2516161616161616,0.489355646241658,0.007648885119547089
0.38749999999999996,0.2818181818181818,0.5176208318679788,0.007508585870285689
0.38749999999999996,0.31202020202020203,0.5429142449695024,0.00740493212280513
0.38749999999999996,0.3422222222222222,0.5656816708604214,0.007328344113004093
0.38749999999999996,0.37242424242424244,0.5862839036130771,0.007272245401074295
0.38749999999999996,0.40262626262626267,0.6050160956508747,0.007231974063150126
0.38749999999999996,0.43282828282828284,0.6221220469958264,0.007204135970903192
0.38749999999999996,0.46303030303030307,0.63780491498457,0.007186203715244588
0.38749999999999996,0.49323232323232324,0.6522353494231775,0.007176258673012859
0.38749999999999996,0.5234343434343435,0.6655577478764603,0.007172819908471739
0.38749999999999996,0.5536363636363637,0.6778951193687498,0.007174727597130781
0.38749999999999996,0.5838383838383838,0.6893529049342604,0.007181061720632487
0.38749999999999996,0.614040404040404,0.7000220071408079,0.007191084182907481
0.38749999999999996,0.6442424242424243,0.7099812133627912,0.007204196841875898
0.38749999999999996,0.6744444444444445,0.7192991498248742,0.007219910580567257
0.38749999999999996,0.7046464646464646,0.72803586913975,0.007237822177465825
0.38749999999999996,0.7348484848484849,0.7362441491335515,0.007257596778923903
0.38749999999999996,0.7650505050505051,0.7439705624311717,0.007278954456193754
0.38749999999999996,0.7952525252525253,0.751256362669245,0.007301659781620895
0.38749999999999996,0.8254545454545454,0.7581382230047483,0.007325513664375727
0.38749999999999996,0.8556565656565657,0.7646488548707072,0.007350346896732196
0.38749999999999996,0.8858585858585859,0.7708175290430784,0.0073760150089376975
0.38749999999999996,0.9160606060606061,0.7766705165550583,0.007402394134979895
0.38749999999999996,0.9462626262626262,0.7822314634866292,0.007429377666336112
0.38749999999999996,0.9764646464646465,0.7875217109192242,0.00745687352507951
0.38749999999999996,1.0066666666666666,0.7925605691945378,0.007484801927661211
0.38749999999999996,1.036868686868687,0.797365553915886,0.007513093540204796
0.38749999999999996,1.067070707070707,0.8019525897779514,0.007541687948348752
0.38749999999999996,1.0972727272727274,0.8063361872287254,0.007570532381431905
0.38749999999999996,1.1274747474747475,0.8105295960972145,0.0075995806435413815
0.38749999999999996,1.1576767676767676,0.8145449396168826,0.007628792213788316
0.38749999999999996,1.187878787878788,0.8183933317031599,0.007658131485752229
0.38749999999999996,1.218080808080808,0.8220849798767189,0.007687567121931638
0.38749999999999996,1.2482828282828282,0.8256292758415731,0.007717071503720252
0.38749999999999996,1.2784848484848486,0.8290348754119468,0.007746620261056103
0.38749999999999996,1.3086868686868687,0.8323097692213153,0.007776191868814619
0.38749999999999996,1.338888888888889,0.835461345430649,0.007805767299345678
0.38749999999999996,1.3690909090909091,0.8384964454726485,0.007835329722412299
0.38749999999999996,1.3992929292929293,0.8414214137180009,0.007864864245309855
0.38749999999999996,1.4294949494949496,0.8442421418231097,0.0078943576871362
0.38749999999999996,1.4596969696969697,0.846964108412203,0.007923798382225122
0.38749999999999996,1.4898989898989898,0.8495924146566887,0.007953176008516305
0.38749999999999996,1.5201010101010102,0.8521318162383236,0.007982481437364353
0.38749999999999996,1.5503030303030303,0.854586752117909,0.00801170660176731
0.38749999999999996,1.5805050505050506,0.8569613704759329,0.008040844380545087
0.38749999999999996,1.6107070707070708,0.8592595521443136,0.008069888496288202
0.38749999999999996,1.6409090909090909,0.861484931807887,0.008098833425279173
0.38749999999999996,1.6711111111111112,0.8636409172194611,0.008127674317820688
0.38749999999999996,1.7013131313131313,0.8657307066422555,0.008156406927638526
0.38749999999999996,1.7315151515151515,0.8677573047076373,0.008185027549231894
0.38749999999999996,1.7617171717171718,0.869723536853696,0.00821353296216043
0.38749999999999996,1.791919191919192,0.8716320624905568,0.008241920381435008
0.38749999999999996,1.8221212121212123,0.8734853870216569,0.00827018741327512
0.38749999999999996,1.8523232323232324,0.8752858728352729,0.008298332015593601
0.38749999999999996,1.8825252525252525,0.8770357493677862,0.008326352462653341
0.38749999999999996,1.9127272727272728,0.878737122328885,0.008354247313411056
0.38749999999999996,1.942929292929293,0.8803919821690258,0.008382015383136876
0.38749999999999996,1.9731313131313133,0.8820022118607941,0.008409655717930953
0.38749999999999996,2.0033333333333334,0.8835695940581655,0.008437167571814008
0.38749999999999996,2.0335353535353535,0.8850958176909379,0.008464550386120706
0.38749999999999996,2.0637373737373736,0.8865824840456535,0.008491803770932727
0.38749999999999996,2.093939393939394,0.8880311123790687,0.008518927488339267
0.38749999999999996,2.1241414141414143,0.8894431451055739,0.008545921437326909
0.38749999999999996,2.1543434343434344,0.8908199525958156,0.00857278564013586
0.38749999999999996,2.1845454545454546,0.8921628376201095,0.008599520229921609
0.38749999999999996,2.2147474747474747,0.8934730394669324,0.008626125439588517
0.38749999999999996,2.244949494949495,0.8947517377639158,0.008652601591684128
0.38749999999999996,2.2751515151515154,0.8960000560261121,0.008678949089241605
0.38749999999999996,2.3053535353535355,0.8972190649539096,0.008705168407473263
0.38749999999999996,2.3355555555555556,0.8984097855010647,0.008731260086235704
0.38749999999999996,2.3657575757575757,0.8995731917312793,0.008757224723193957
0.38749999999999996,2.395959595959596,0.9007102134801462,0.008783062967606892
0.38749999999999996,2.4261616161616164,0.9018217388377621,0.008808775514686173
0.38749999999999996,2.4563636363636365,0.9029086164659471,0.008834363100462372
0.38749999999999996,2.4865656565656566,0.9039716577627885,0.008859826497121803
0.38749999999999996,2.5167676767676768,0.9050116388861158,0.008885166508763254
0.38749999999999996,2.546969696969697,0.90602930264652,0.008910383967530855
0.38749999999999996,2.5771717171717174,0.9070253602796279,0.008935479730107998
0.38749999999999996,2.6073737373737376,0.9080004931065206,0.008960454674509233
0.38749999999999996,2.6375757575757577,0.9089553540904487,0.008985309697175481
0.38749999999999996,2.667777777777778,0.9098905692973244,0.009010045710317716
0.38749999999999996,2.697979797979798,0.9108067392668576,0.009034663639502893
0.38749999999999996,2.728181818181818,0.9117044403006532,0.009059164421457488
0.38749999999999996,2.7583838383838386,0.912584225673075,0.009083549002068425
0.38749999999999996,2.7885858585858587,0.9134466267702271,0.00910781833455987
0.38749999999999996,2.818787878787879,0.9142921541619558,0.009131973377837888
0.38749999999999996,2.848989898989899,0.9151212986115688,0.00915601509498365
0.38749999999999996,2.879191919191919,0.9159345320271699,0.00917994445188608
0.38749999999999996,2.9093939393939396,0.9167323083587787,0.00920376241599441
0.38749999999999996,2.9395959595959598,0.9175150644446807,0.009227469955188194
0.38749999999999996,2.96979797979798,0.9182832208103517,0.009251068036755017
0.38749999999999996,3.0,0.9190371824230315,0.009274557626458346
0.425,0.01,0.03701261461187855,0.03171693847138646
0.425,0.040202020202020204,0.13368897492979673,0.01394704475419628
0.425,0.07040404040404041,0.21260616689334388,0.010563132228174288
0.425,0.10060606060606062,0.27828730273134034,0.009085102742719231
0.425,0.13080808080808082,0.3338203951016829,0.008263309586920231
0.425,0.16101010101010102,0.381395267000172,0.007748931483962274
0.425,0.19121212121212122,0.42261162408910835,0.007403973292370969
0.425,0.22141414141414142,0.45866639176287316,0.007162390486262993
0.425,0.2516161616161616,0.4904733475899923,0.00698846070096848
0.425,0.2818181818181818,0.5187423285977951,0.006861130187191478
0.425,0.31202020202020203,0.5440331955415557,0.006767173172316232
0.425,0.3422222222222222,0.5667934964423684,0.006697861146971462
0.425,0.37242424242424244,0.5873853095051065,0.006647202561724352
0.425,0.40262626262626267,0.6061047317170868,0.00661095048562399
0.425,0.43282828282828284,0.6231962633893107,0.006586013209589403
0.425,0.46303030303030307,0.6388635843508441,0.006570088736438162
0.425,0.49323232323232324,0.6532777361139777,0.006561429730807866
0.425,0.5234343434343435,0.6665834108385019,0.006558687607146396
0.425,0.5536363636363637,0.6789038394389139,0.00656080630556799
0.425,0.5838383838383838,0.6903446300103909,0.006566948210144252
0.425,0.614040404040404,0.7009968105710728,0.006576441410188094
0.425,0.6442424242424243,0.7109392621960715,0.006588741464232939
0.425,0.6744444444444445,0.7202406804755888,0.006603403223100823
0.425,0.7046464646464646,0.7289611686681137,0.006620059759313346
0.425,0.7348484848484849,0.7371535408062856,0.006638406400680585
0.425,0.7650505050505051,0.7448643945643781,0.006658188485350713
0.425,0.7952525252525253,0.7521350000013419,0.006679191867456247
0.425,0.8254545454545454,0.7590020400287518,0.006701235481238799
0.425,0.8556565656565657,0.7654982306901692,0.006724165463444676
0.425,0.8858585858585859,0.7716528434170816,0.0067478504677696005
0.425,0.9160606060606061,0.7774921468739135,0.006772177900110199
0.425,0.9462626262626262,0.7830397824778002,0.0067970508715600175
0.425,0.9764646464646465,0.7883170849272485,0.006822385715553825
0.425,1.0066666666666666,0.7933433569126319,0.0068481099518606925
0.425,1.036868686868687,0.7981361054731416,0.006874160607182489
0.425,1.067070707070707,0.802711246106455,0.006900482822180365
0.425,1.0972727272727274,0.8070832796506788,0.0069270286901377265
0.425,1.1274747474747475,0.811265446084606,0.006953756283970103
0.425,1.1576767676767676,0.8152698586860395,0.006980628837354397
0.425,1.187878787878788,0.8191076214141838,0.007007614052546796
0.425,1.218080808080808,0.8227889319139052,0.007034683512921358
0.425,1.2482828282828282,0.8263231721557591,0.007061812182490135
0.425,1.2784848484848486,0.829718988409589,0.007088977977917299
0.425,1.3086868686868687,0.8329843619881534,0.007116161401329757
0.425,1.338888888888889,0.8361266719802988,0.007143345224221553
0.425,1.3690909090909091,0.839152751012439,0.007170514214489554
0.425,1.3992929292929293,0.8420689349259373,0.007197654900060524
0.425,1.4294949494949496,0.8448811071310901,0.0072247553635849115
0.425,1.4596969696969697,0.8475947382918214,0.0072518050636762865
0.425,1.4898989898989898,0.8502149219044617,0.00727879467885062
0.425,1.5201010101010102,0.85274640625813,0.00730571597095131
0.425,1.5503030303030303,0.8551936231988444,0.007332561665365445
0.425,1.5805050505050506,0.8575607140642332,0.0073593253457182595
0.425,1.6107070707070708,0.8598515531083515,0.0073860013611268815
0.425,1.6409090909090909,0.8620697686955238,0.007412584744314277
0.425,1.6711111111111112,0.8642187625072597,0.007439071139220488
0.425,1.7013131313131313,0.8663017269762453,0.007465456736847509
0.425,1.7315151515151515,0.8683216611354683,0.007491738218331712
0.425,1.7617171717171718,0.8702813850480744,0.00751791270434099
0.425,1.791919191919192,0.8721835529640682,0.007543977710009253
0.425,1.8221212121212123,0.8740306653330279,0.007569931104751237
0.425,1.8523232323232324,0.8758250797872176,0.007595771076384095
0.425,1.8825252525252525,0.8775690211966614,0.007621496099025071
0.425,1.9127272727272728,0.8792645908864185,0.007647104904371593
0.425,1.942929292929293,0.8809137750962371,0.007672596455916558
0.425,1.9731313131313133,0.8825184527544646,0.007697969925841486
0.425,2.0033333333333334,0.8840804026301007,0.007723224674213158
0.425,2.0335353535353535,0.8856013099202944,0.007748360230289908
0.425,2.0637373737373736,0.8870827723246056,0.00777337627568464
0.425,2.093939393939394,0.8885263056520877,0.007798272629173653
0.425,2.1241414141414143,0.8899333490025875,0.007823049233006918
0.425,2.1543434343434344,0.8913052695595143,0.007847706140520438
0.425,2.1845454545454546,0.8926433670276545,0.007872243504967624
0.425,2.2147474747474747,0.8939488777463276,0.00789666156938984
0.425,2.244949494949495,0.8952229785052659,0.007920960657464615
0.425,2.2751515151515154,0.8964667900879856,0.00794514116520717
0.425,2.3053535353535355,0.8976813805650907,0.007969203553446658
0.425,2.3355555555555556,0.8988677683578618,0.007993148341005396
0.425,2.3657575757575757,0.9000269250905734,0.008016976098508044
0.425,2.395959595959596,0.9011597782484764,0.008040687442764316
0.425,2.4261616161616164,0.9022672136565741,0.008064283031651298
0.425,2.4563636363636365,0.9033500777931371,0.00808776355948515
0.425,2.4865656565656566,0.9044091799507856,0.008111129752793822
0.425,2.5167676767676768,0.9054452942566468,0.008134382366483894
0.425,2.546969696969697,0.9064591615622116,0.00815752218035004
0.425,2.5771717171717174,0.9074514912125968,0.008180549995903341
0.425,2.6073737373737376,0.9084229627040917,0.008203466633474044
0.425,2.6375757575757577,0.9093742272381381,0.008226272929591438
0.425,2.667777777777778,0.9103059091792143,0.008248969734582445
0.425,2.697979797979798,0.9112186074234863,0.008271557910403127
0.425,2.728181818181818,0.9121128966845341,0.008294038328656494
0.425,2.7583838383838386,0.9129893287019573,0.008316411868778406
0.425,2.7885858585858587,0.9138484333782042,0.008338679416408423
0.425,2.818787878787879,0.9146907198485477,0.008360841861905222
0.425,2.848989898989899,0.9155166774887522,0.008382900098968804
0.425,2.879191919191919,0.9163267768646242,0.008404855023431468
0.425,2.9093939393939396,0.9171214706273194,0.008426707532128264
0.425,2.9395959595959598,0.9179011943579779,0.008448458521888469
0.425,2.96979797979798,0.9186663673649965,0.008470108888610328
0.425,3.0,0.9194173934371641,0.008491659526427497
0.46249999999999997,0.01,0.03715677663481625,0.02914963600312892
0.46249999999999997,0.040202020202020204,0.13417459460505496,0.012823230148523379
0.46249999999999997,0.07040404040404041,0.21332170970696188,0.00971519578756963
0.46249999999999997,0.10060606060606062,0.27915549026806197,0.008358131401236646
0.46249999999999997,0.13080808080808082,0.33478943947956197,0.007603893276674212
0.46249999999999997,0.16101010101010102,0.3824300541379781,0.007132016494672433
0.46249999999999997,0.19121212121212122,0.42368785928922714,0.0068157327368940646
0.46249999999999997,0.22141414141414142,0.45976698755485784,0.006594375014608467
0.46249999999999997,0.2516161616161616,0.4915861429710349,0.006435132026911372
0.46249999999999997,0.2818181818181818,0.5198586001950394,0.006318667212473317
0.46249999999999997,0.31202020202020203,0.5451466590401643,0.0062328344876205755
0.46249999999999997,0.3422222222222222,0.567899622012909,0.006169618556946421
0.46249999999999997,0.37242424242424244,0.5884808441769938,0.006123517914538468
0.46249999999999997,0.40262626262626267,0.607187360623525,0.006090633326374606
0.46249999999999997,0.43282828282828284,0.6242643664617443,0.006068126461749257
0.46249999999999997,0.46303030303030307,0.6399160593624583,0.006053884182167124
0.46249999999999997,0.49323232323232324,0.6543138686110272,0.006046302663719194
0.46249999999999997,0.5234343434343435,0.6676027776516328,0.006044144208878555
0.46249999999999997,0.5536363636363637,0.6799062364972625,0.006046439695696737
0.46249999999999997,0.5838383838383838,0.6913300179484445,0.0060524205481515825
0.46249999999999997,0.614040404040404,0.7019652734877836,0.0060614703081858234
0.46249999999999997,0.6442424242424243,0.7118909762103602,0.00607308952675556
0.46249999999999997,0.6744444444444445,0.7211758896488885,0.006086869892582225
0.46249999999999997,0.7046464646464646,0.7298801664999122,0.006102474886715781
0.46249999999999997,0.7348484848484849,0.7380566559758819,0.006119625124146433
0.46249999999999997,0.7650505050505051,0.7457519799267653,0.0061380871125866765
0.46249999999999997,0.7952525252525253,0.7530074240884186,0.006157664536865726
0.46249999999999997,0.8254545454545454,0.7598596804902342,0.006178191433319435
0.46249999999999997,0.8556565656565657,0.7663414692417257,0.006199526794885557
0.46249999999999997,0.8858585858585859,0.7724820619634001,0.006221550270579357
0.46249999999999997,0.9160606060606061,0.7783077245508987,0.006244158710335457
0.46249999999999997,0.9462626262626262,0.7838420934152034,0.0062672633687204105
0.46249999999999997,0.9764646464646465,0.7891064965770229,0.006290787626519245
0.46249999999999997,1.0066666666666666,0.7941202288220031,0.0063146651225116646
0.46249999999999997,1.036868686868687,0.7989007884074112,0.006338838212529563
0.46249999999999997,1.067070707070707,0.8034640814466414,0.006363256691450436
0.46249999999999997,1.0972727272727274,0.8078245990069317,0.006387876727746322
0.46249999999999997,1.1274747474747475,0.8119955710785725,0.006412659970934209
0.46249999999999997,1.1576767676767676,0.8159891008648984,0.006437572800406022
0.46249999999999997,1.187878787878788,0.819816282267152,0.00646258569054825
0.46249999999999997,1.218080808080808,0.8234873029672585,0.006487672671969369
0.46249999999999997,1.2482828282828282,0.8270115351278768,0.006512810872485231
0.46249999999999997,1.2784848484848486,0.8303976154110455,0.006537980124672549
0.46249999999999997,1.3086868686868687,0.833653515754955,0.006563162629174224
0.46249999999999997,1.338888888888889,0.8367866061307989,0.006588342664866742
0.46249999999999997,1.3690909090909091,0.8398037103204061,0.006613506338634334
0.46249999999999997,1.3992929292929293,0.842711155603812,0.006638641368651665
0.46249999999999997,1.4294949494949496,0.8455148171187629,0.006663736896232342
0.46249999999999997,1.4596969696969697,0.8482201575470905,0.006688783321954217
0.46249999999999997,1.4898989898989898,0.8508322626924633,0.006713772162651788
0.46249999999999997,1.5201010101010102,0.8533558734373733,0.0067386959262554225
0.46249999999999997,1.5503030303030303,0.8557954145021813,0.006763548002043818
0.46249999999999997,1.5805050505050506,0.8581550203736352,0.0067883225641609535
0.46249999999999997,1.6107070707070708,0.8604385587222354,0.006813014486642732
0.46249999999999997,1.6409090909090909,0.8626496515881743,0.006837619268431849
0.46249999999999997,1.6711111111111112,0.8647916945798411,0.006862132967049739
0.46249999999999997,1.7013131313131313,0.8668678742991199,0.006886552139860891
0.46249999999999997,1.7315151515151515,0.8688811841816843,0.006910873791950101
0.46249999999999997,1.7617171717171718,0.8708344389179868,0.006935095329778429
0.46249999999999997,1.791919191919192,0.8727302876011488,0.006959214519925538
0.46249999999999997,1.8221212121212123,0.8745712257309824,0.006983229452329098
0.46249999999999997,1.8523232323232324,0.876359606188601,0.0070071385074210735
0.46249999999999997,1.8825252525252525,0.8780976492831672,0.007030940326776314
0.46249999999999997,1.9127272727272728,0.87978745196104,0.007054633786806042
0.46249999999999997,1.942929292929293,0.8814309962576787,0.007078217975205581
0.46249999999999997,1.9731313131313133,0.8830301570638935,0.00710169216977774
0.46249999999999997,2.0033333333333334,0.8845867092708161,0.00712505581944245
0.46249999999999997,2.0335353535353535,0.8861023343502806,0.007148308527127556
0.46249999999999997,2.0637373737373736,0.8875786264223701,0.007171450034372251
0.46249999999999997,2.093939393939394,0.8890170978560843,0.007194480207450837
0.46249999999999997,2.1241414141414143,0.8904191844444839,0.0072173990248545206
0.46249999999999997,2.1543434343434344,0.8917862501915688,0.00724020656597979
0.46249999999999997,2.1845454545454546,0.8931195917444669,0.007262903000908816
0.46249999999999997,2.2147474747474747,0.8944204425012166,0.007285488581184385
0.46249999999999997,2.244949494949495,0.8956899764215188,0.0073079636314234975
0.46249999999999997,2.2751515151515154,0.8969293115652175,0.007330328541762299
0.46249999999999997,2.3053535353535355,0.8981395133809387,0.00735258376097736
0.46249999999999997,2.3355555555555556,0.8993215977652343,0.007374729790267098
0.46249999999999997,2.3657575757575757,0.9004765339106994,0.007396767177604291
0.46249999999999997,2.395959595959596,0.9016052469598548,0.007418696512599743
0.46249999999999997,2.4261616161616164,0.9027086204800785,0.007440518421858
0.46249999999999997,2.4563636363636365,0.9037874987735007,0.007462233564740073
0.46249999999999997,2.4865656565656566,0.9048426890345173,0.007483842629517179
0.46249999999999997,2.5167676767676768,0.905874963366802,0.007505346329880425
0.46249999999999997,2.546969696969697,0.9068850606698273,0.007526745401765345
0.46249999999999997,2.5771717171717174,0.9078736884051621,0.007548040600448447
0.46249999999999997,2.6073737373737376,0.9088415242511455,0.007569232697932415
0.46249999999999997,2.6375757575757577,0.9097892176541285,0.0075903224805478064
0.46249999999999997,2.667777777777778,0.9107173912837487,0.007611310746773459
0.46249999999999997,2.697979797979798,0.9116266423990953,0.0076321983052678455
0.46249999999999997,2.728181818181818,0.9125175441320648,0.007652985973059634
0.46249999999999997,2.7583838383838386,0.913390646693707,0.007673674573915434
0.46249999999999997,2.7885858585858587,0.9142464785088998,0.0076942649368492155
0.46249999999999997,2.818787878787879,0.9150855472842703,0.0077147578947760476
0.46249999999999997,2.848989898989899,0.9159083410139014,0.007735154283269097
0.46249999999999997,2.879191919191919,0.9167153289270131,0.007755454939462503
0.46249999999999997,2.9093939393939396,0.9175069623814844,0.0077756607010284196
0.46249999999999997,2.9395959595959598,0.9182836757067966,0.0077957724052579724
0.46249999999999997,2.96979797979798,0.919045886999704,0.007815790888235474
0.46249999999999997,3.0,0.9197939988756998,0.007835716984081031
0.5,0.01,0.037300741988983976,0.02696742418169329
0.5,0.040202020202020204,0.13465859748267459,0.011867984045621283
0.5,0.07040404040404041,0.2140349163450625,0.008994447917330728
0.5,0.10060606060606062,0.28002098967328587,0.007740204940267281
0.5,0.13080808080808082,0.3357553697699364,0.0070433890243648545
0.5,0.16101010101010102,0.3834612352671204,0.00660763852637869
0.5,0.19121212121212122,0.42476000648200835,0.006315728099678841
0.5,0.22141414141414142,0.4608630632360109,0.006111561724644998
0.5,0.2516161616161616,0.4926940477296959,0.005964802526543966
0.5,0.2818181818181818,0.5209696710946039,0.005857573561838025
0.5,0.31202020202020203,0.5462546662793157,0.005778646485627981
0.5,0.3422222222222222,0.5690000833437789,0.005720612235723177
0.5,0.37242424242424244,0.5895705472719929,0.005678385843862044
0.5,0.40262626262626267,0.6082640252498109,0.005648363618733665
0.5,0.43282828282828284,0.6253264018166066,0.00562792260145395
0.5,0.46303030303030307,0.6409623879403054,0.005615110183527117
0.5,0.49323232323232324,0.6553437968218121,0.0056084445258577365
0.5,0.5234343434343435,0.6686158999280887,0.00560678218580013
0.5,0.5536363636363637,0.6809023636171155,0.005609227938696115
0.5,0.5838383838383838,0.6923091230751428,0.005615071892470347
0.5,0.614040404040404,0.7029274512868959,0.0056237447238320915
0.5,0.6442424242424243,0.7128364117091107,0.00563478522731975
0.5,0.6744444444444445,0.7221048344097251,0.0056478164038789025
0.5,0.7046464646464646,0.7307929203354493,0.005662527581826504
0.5,0.7348484848484849,0.7389535528658919,0.005678660870264807
0.5,0.7650505050505051,0.7466333771643814,0.005696000771055365
0.5,0.7952525252525253,0.7538736939091353,0.005714366125119996
0.5,0.8254545454545454,0.7607112036202861,0.0057336038055892935
0.5,0.8556565656565657,0.7671786299367931,0.005753583733165257
0.5,0.8858585858585859,0.7733052442093276,0.005774194902894214
0.5,0.9160606060606061,0.7791173091713299,0.00579534219214195
0.5,0.9462626262626262,0.7846384558902516,0.0058169437774366894
0.5,0.9764646464646465,0.7898900054189815,0.005838929029820417
0.5,1.0066666666666666,0.7948912443898286,0.005861236789226121
0.5,1.036868686868687,0.7996596620643407,0.005883813941252258
0.5,1.067070707070707,0.8042111549879647,0.005906614236864227
0.5,1.0972727272727274,0.8085602042993093,0.005929597308451218
0.5,1.1274747474747475,0.8127200298647068,0.005952727845634831
0.5,1.1576767676767676,0.8167027246970237,0.005975974901668124
0.5,1.187878787878788,0.8205193725398983,0.0059993113072580595
0.5,1.218080808080808,0.8241801510271503,0.006022713173153615
0.5,1.2482828282828282,0.8276944224407311,0.006046159466410517
0.5,1.2784848484848486,0.8310708137731284,0.006069631648134566
0.5,1.3086868686868687,0.8343172875354938,0.00609311336270002
0.5,1.338888888888889,0.8374412045370478,0.006116590170267777
0.5,1.3690909090909091,0.8404493796777998,0.0061400493158496605
0.5,1.3992929292929293,0.8433481316453828,0.006163479529349036
0.5,1.4294949494949496,0.8461433272792372,0.006186870851926818
0.5,1.4596969696969697,0.8488404212580675,0.0062102144848341645
0.5,1.4898989898989898,0.8514444916758771,0.00623350265747713
0.5,1.5201010101010102,0.853960271995113,0.006256728511965459
0.5,1.5503030303030303,0.8563921798002058,0.00627988600187912
0.5,1.5805050505050506,0.8587443427191999,0.006302969803300362
0.5,1.6107070707070708,0.8610206218335319,0.006325975236454173
0.5,1.6409090909090909,0.8632246328558998,0.0063488981965540425
0.5,1.6711111111111112,0.8653597653199447,0.006371735092674635
0.5,1.7013131313131313,0.8674291999966007,0.00639448279358934
0.5,1.7315151515151515,0.8694359247253772,0.0064171385797291425
0.5,1.7617171717171718,0.8713827488263044,0.006439700100474566
0.5,1.791919191919192,0.8732723162388513,0.00646216533614874
0.5,1.8221212121212123,0.8751071175171169,0.00648453256411452
0.5,1.8523232323232324,0.8768895007957958,0.006506800328536677
0.5,1.8825252525252525,0.878621681828506,0.006528967413315323
0.5,1.9127272727272728,0.880305753188764,0.00655103281787861
0.5,1.942929292929293,0.8819436927139872,0.006572995735472764
0.5,1.9731313131313133,0.8835373712642036,0.0065948555336943215
0.5,2.0033333333333334,0.8850885598594951,0.006616611736976363
0.5,2.0335353535353535,0.8865989362534248,0.006638264010862205
0.5,2.0637373737373736,0.8880700909938671,0.006659812147826738
0.5,2.093939393939394,0.889503533017201,0.006681256054513307
0.5,2.1241414141414143,0.890900694817204,0.006702595740214923
0.5,2.1543434343434344,0.8922629372260323,0.006723831306470585
0.5,2.1845454545454546,0.8935915538407533,0.0067449629376714615
0.5,2.2147474747474747,0.8948877751257306,0.006765990892571683
0.5,2.244949494949495,0.8961527722182261,0.00678691549659205
0.5,2.2751515151515154,0.8973876604619714,0.006807737134858494
0.5,2.3053535353535355,0.8985935026911263,0.00682845624590489
0.5,2.3355555555555556,0.8997713122849637,0.0068490733159389805
0.5,2.3657575757575757,0.9009220560117375,0.006869588873670729
0.5,2.395959595959596,0.9020466566785197,0.006890003485595875
0.5,2.4261616161616164,0.9031459956022764,0.006910317751724238
0.5,2.4563636363636365,0.9042209149160991,0.006930532301698822
0.5,2.4865656565656566,0.9052722197232799,0.006950647791273301
0.5,2.5167676767676768,0.9063006801108279,0.006970664899096368
0.5,2.546969696969697,0.9073070330330354,0.006990584323808946
0.5,2.5771717171717174,0.9082919840745257,0.007010406781391643
0.5,2.6073737373737376,0.909256209102227,0.007030133002754901
0.5,2.6375757575757577,0.9102003558138182,0.007049763731553194
0.5,2.667777777777778,0.9111250451903947,0.007069299722191502
0.5,2.697979797979798,0.9120308728601454,0.007088741738013216
0.5,2.728181818181818,0.9129184103793385,0.007108090549656554
0.5,2.7583838383838386,0.9137882064364087,0.007127346933556211
0.5,2.7885858585858587,0.9146407879844769,0.007146511670586664
0.5,2.818787878787879,0.9154766613072184,0.007165585544828268
0.5,2.848989898989899,0.9162963130226109,0.0071845693424412715
0.5,2.879191919191919,0.9171002110287461,0.007203463850653069
0.5,2.9093939393939396,0.9178888053955698,0.00722226985683494
0.5,2.9395959595959598,0.918662529206123,0.0072409881476691584
0.5,2.96979797979798,0.9194217993505887,0.007259619508384718
0.5,3.0,0.9201670172762064,0.0072781647220785395
0.5375,0.01,0.03744450867445577,0.025089701148473198
0.5375,0.040202020202020204,0.13514084966177303,0.011046023834031304
0.5375,0.07040404040404041,0.2147454225280235,0.008374266859411339
0.5375,0.10060606060606062,0.280883415018347,0.007208499419499637
0.5375,0.13080808080808082,0.3367179059704774,0.0065610939686753245
0.5375,0.16101010101010102,0.38448863924930166,0.00615642917530268
0.5375,0.19121212121212122,0.425827970784519,0.005885491283939892
0.5375,0.22141414141414142,0.4619545717201813,0.005696117526444722
0.5375,0.2516161616161616,0.49379704432268945,0.005560100224756281
0.5375,0.2818181818181818,0.5220755424649745,0.00546081840230328
0.5375,0.31202020202020203,0.547357230988778,0.005387833403789566
0.5375,0.3422222222222222,0.5700949028746473,0.0053342578130397555
0.5375,0.37242424242424244,0.5906544477479131,0.005295365079625691
0.5375,0.40262626262626267,0.6093347594359804,0.0052678058173438735
0.5375,0.43282828282828284,0.6263824071510317,0.005249142387746097
0.5375,0.46303030303030307,0.642002610918822,0.0052375603131080695
0.5375,0.49323232323232324,0.656367564125392,0.00523168271820551
0.5375,0.5234343434343435,0.6696228231408738,0.005230447263550264
0.5375,0.5536363636363637,0.6818922680108522,0.005233022310614288
0.5375,0.5838383838383838,0.6932819940408067,0.0052387484628730885
0.5375,0.614040404040404,0.7038833938113849,0.005247096954899222
0.5375,0.6442424242424243,0.7137756195163356,0.005257639488534638
0.5375,0.6744444444444445,0.7230275663820286,0.005270026007833328
0.5375,0.7046464646464646,0.7316994824407045,0.005283968081800872
0.5375,0.7348484848484849,0.7398442842453712,0.005299226314494421
0.5375,0.7650505050505051,0.7475086394277862,0.005315600691120803
0.5375,0.7952525252525253,0.7547338628871799,0.005332923093906317
0.5375,0.8254545454545454,0.7615566630144966,0.005351051441603971
0.5375,0.8556565656565657,0.7680097664567401,0.005369865057879064
0.5375,0.8858585858585859,0.7741224438429702,0.005389260979720367
0.5375,0.9160606060606061,0.7799209543583021,0.005409150991830147
0.5375,0.9462626262626262,0.7854289233952272,0.005429459226838684
0.5375,0.9764646464646465,0.7906676647549777,0.005450120210197751
0.5375,1.0066666666666666,0.7956564566720116,0.005471077257257928
0.5375,1.036868686868687,0.8004127792023978,0.005492281151327383
0.5375,1.067070707070707,0.8049525191435266,0.005513689047437431
0.5375,1.0972727272727274,0.8092901475505068,0.005535263558569259
0.5375,1.1274747474747475,0.8134388740328905,0.00555697199024241
0.5375,1.1576767676767676,0.8174107812990011,0.005578785696472188
0.5375,1.187878787878788,0.8212169428373186,0.005600679535501474
0.5375,1.218080808080808,0.824867526149855,0.005622631407960155
0.5375,1.2482828282828282,0.8283718835668595,0.0056446218635071155
0.5375,1.2784848484848486,0.8317386323502824,0.005666633764534579
0.5375,1.3086868686868687,0.8349757255326613,0.005688651997697303
0.5375,1.338888888888889,0.838090514717644,0.005710663225652057
0.5375,1.3690909090909091,0.8410898058867289,0.005732655672726628
0.5375,1.3992929292929293,0.8439799091044837,0.00575461893937268
0.5375,1.4294949494949496,0.8467666828866192,0.005776543841040205
0.5375,1.4596969696969697,0.8494555738878321,0.005798422267926817
0.5375,1.4898989898989898,0.8520516524755366,0.005820247062573891
0.5375,1.5201010101010102,0.8545596446786159,0.00584201191276601
0.5375,1.5503030303030303,0.8569839609349988,0.005863711257648951
0.5375,1.5805050505050506,0.8593287220061583,0.005885340205199485
0.5375,1.6107070707070708,0.8615977823790265,0.005906894459553946
0.5375,1.6409090909090909,0.8637947514351425,0.005928370256908844
0.5375,1.6711111111111112,0.8659230126313615,0.00594976430882177
0.5375,1.7013131313131313,0.8679857409070602,0.005971073752014
0.5375,1.7315151515151515,0.869985918506344,0.005992296103838335
0.5375,1.7617171717171718,0.8719263493806637,0.0060134292226916575
0.5375,1.791919191919192,0.8738096723186141,0.006034471272793107
0.5375,1.8221212121212123,0.8756383729321588,0.006055420692784752
0.5375,1.8523232323232324,0.877414794613835,0.006076276167693351
0.5375,1.8825252525252525,0.8791411485665556,0.006097036603882167
0.5375,1.9127272727272728,0.8808195229963242,0.006117701106613138
0.5375,1.942929292929293,0.8824518915482515,0.006138268959956061
0.5375,1.9731313131313133,0.8840401210575738,0.006158739608746355
0.5375,2.0033333333333334,0.8855859786796946,0.006179112642385132
0.5375,2.0335353535353535,0.8870911384565393,0.006199387780282839
0.5375,2.0637373737373736,0.8885571873708278,0.006219564858727544
0.5375,2.093939393939394,0.8899856309330915,0.006239643819086149
0.5375,2.1241414141414143,0.8913778983447457,0.006259624697138255
0.5375,2.1543434343434344,0.892735347273199,0.006279507613465629
0.5375,2.1845454545454546,0.8940592682725993,0.006299292764753384
0.5375,2.2147474747474747,0.8953508888807993,0.006318980415948028
0.5375,2.244949494949495,0.89661137741979,0.006338570893140272
0.5375,2.2751515151515154,0.8978418465243441,0.006358064577136613
0.5375,2.3053535353535355,0.899043356421281,0.006377461897629999
0.5375,2.3355555555555556,0.900216917979679,0.006396763327922272
0.5375,2.3657575757575757,0.9013634955504835,0.006415969380130004
0.5375,2.395959595959596,0.9024840096122885,0.0064350806008337536
0.5375,2.4261616161616164,0.9035793392385508,0.00645409756714832
0.5375,2.4563636363636365,0.9046503244001433,0.006473020883126068
0.5375,2.4865656565656566,0.9056977681159288,0.006491851176515295
0.5375,2.5167676767676768,0.9067224384629319,0.006510589095795272
0.5375,2.546969696969697,0.9077250704572726,0.006529235307502823
0.5375,2.5771717171717174,0.908706367812813,0.006547790493778072
0.5375,2.6073737373737376,0.9096670045914604,0.006566255350159755
0.5375,2.6375757575757577,0.9106076267485421,0.006584630583557738
0.5375,2.667777777777778,0.9115288535828387,0.006602916910426693
0.5375,2.697979797979798,0.9124312790977728,0.006621115055101878
0.5375,2.728181818181818,0.9133154732800256,0.006639225748279243
0.5375,2.7583838383838386,0.9141819833013655,0.006657249725647629
0.5375,2.7885858585858587,0.9150313346490144,0.006675187726635334
0.5375,2.818787878787879,0.9158640321894641,0.006693040493278568
0.5375,2.848989898989899,0.9166805611702651,0.006710808769197163
0.5375,2.879191919191919,0.917481388163972,0.0067284932986539925
0.5375,2.9093939393939396,0.9182669619581022,0.006746094825714755
0.5375,2.9395959595959598,0.9190377143946762,0.006763614093487691
0.5375,2.96979797979798,0.9197940611626424,0.00678105184342126
0.5375,3.0,0.9205364025462437,0.006798408814687074
0.575,0.01,0.03758807459997277,0.023456890827624477
0.575,0.040202020202020204,0.1356212259923181,0.010331270952370408
0.575,0.07040404040404041,0.21545281343778502,0.007834975352650098
0.575,0.10060606060606062,0.2817422217228026,0.006746144602173265
0.575,0.13080808080808082,0.33767655972726746,0.006141705684779675
0.575,0.16101010101010102,0.3855118981257305,0.0057640724375389585
0.575,0.19121212121212122,0.42689149624030004,0.0055113717977106624
0.575,0.22141414141414142,0.4630413413796063,0.005334861327791041
0.575,0.2516161616161616,0.4948950201207723,0.00520818488401531
0.575,0.2818181818181818,0.5231761423238795,0.00511581366469227
0.575,0.31202020202020203,0.5484543091971381,0.005047995716199294
0.575,0.3422222222222222,0.5711840564916704,0.004998297235407012
0.575,0.37242424242424244,0.591732535756677,0.0049623033437837805
0.575,0.40262626262626267,0.6103995639732835,0.004936885792389267
0.575,0.43282828282828284,0.6274323912800218,0.004919768092360721
0.575,0.46303030303030307,0.6430367431739877,0.004909255880536367
0.575,0.49323232323232324,0.6573851901640366,0.004904063555140947
0.575,0.5234343434343435,0.6706235706905743,0.004903199301525829
0.575,0.5536363636363637,0.6828759760261612,0.004905886773676205
0.575,0.5838383838383838,0.6942486595423253,0.004911510484402193
0.575,0.614040404040404,0.7048331315646761,0.004919576936109005
0.575,0.6442424242424243,0.714708631537904,0.004929686445754866
0.575,0.6744444444444445,0.7239441185478013,0.004941512386243074
0.575,0.7046464646464646,0.7325998865447791,0.004954785666360317
0.575,0.7348484848484849,0.7407288843405112,0.00496928297276078
0.575,0.7650505050505051,0.7483778012188801,0.004984817754451365
0.575,0.7952525252525253,0.7555879656027139,0.005001233233944191
0.575,0.8254545454545454,0.762396093145799,0.005018396934890035
0.575,0.8556565656565657,0.7688349130098758,0.0050361963574583335
0.575,0.8858585858585859,0.7749336946544823,0.005054535531632043
0.575,0.9160606060606061,0.7807186933460798,0.005073332248492379
0.575,0.9462626262626262,0.7862135284810764,0.005092515819892451
0.575,0.9764646464646465,0.7914395063309793,0.005112025253375174
0.575,1.0066666666666666,0.7964158964943571,0.0051318077559525666
0.575,1.036868686868687,0.8011601696167133,0.005151817500240519
0.575,1.067070707070707,0.8056882025720821,0.005172014601323216
0.575,1.0972727272727274,0.8100144561804021,0.005192364263984839
0.575,1.1274747474747475,0.8141521296642319,0.005212836068434479
0.575,1.1576767676767676,0.8181132953154491,0.005233403369339751
0.575,1.187878787878788,0.8219090162711985,0.005254042787993907
0.575,1.218080808080808,0.8255494498199061,0.00527473378144494
0.575,1.2482828282828282,0.8290439382695614,0.0052954582755060375
0.575,1.2784848484848486,0.8324010890907885,0.0053162003510620615
0.575,1.3086868686868687,0.8356288457880994,0.005336945974996343
0.575,1.338888888888889,0.8387345507158371,0.0053576827686365736
0.575,1.3690909090909091,0.8417250008988959,0.005378399807876688
0.575,1.3992929292929293,0.8446064977489832,0.00539908745013884
0.575,1.4294949494949496,0.847384891433163,0.005419737184150231
0.575,1.4596969696969697,0.8500656205598731,0.005440341499167944
0.575,1.4898989898989898,0.8526537477530894,0.005460893770868891
0.575,1.5201010101010102,0.8551539915945281,0.005481388161521439
0.575,1.5503030303030303,0.8575707553645016,0.005501819532469421
0.575,1.5805050505050506,0.8599081529500037,0.005522183367220546
0.575,1.6107070707070708,0.8621700322371981,0.005542475703731897
0.575,1.6409090909090909,0.8643599962722682,0.005562693074669722
0.575,1.6711111111111112,0.8664814224329546,0.005582832454593234
0.575,1.7013131313131313,0.8685374798263993,0.0056028912131931286
0.575,1.7315151515151515,0.870531145101769,0.00562286707380788
0.575,1.7617171717171718,0.8724652168433281,0.005642758076555898
0.575,1.791919191919192,0.8743423286929021,0.00566256254553843
0.575,1.8221212121212123,0.8761649613218786,0.005682279059600948
0.575,1.8523232323232324,0.8779354533854806,0.005701906426232917
0.575,1.8825252525252525,0.8796560115407718,0.005721443658244452
0.575,1.9127272727272728,0.8813287196316585,0.00574088995289701
0.575,1.942929292929293,0.8829555471168541,0.005760244673195691
0.575,1.9731313131313133,0.8845383568131338,0.005779507331105549
0.575,2.0033333333333334,0.8860789120179222,0.0057986775724916395
0.575,2.0335353535353535,0.8875788830690123,0.0058177551635578695
0.575,2.0637373737373736,0.8890398533896199,0.005836739978656746
0.575,2.093939393939394,0.8904633250725443,0.005855631989306387
0.575,2.1241414141414143,0.8918507240342696,0.005874431254282664
0.575,2.1543434343434344,0.8932034047860441,0.005893137910685242
0.575,2.1845454545454546,0.8945226548465207,0.0059117521658460515
0.575,2.2147474747474747,0.8958096988350384,0.005930274290057547
0.575,2.244949494949495,0.8970657022672865,0.005948704609948896
0.575,2.2751515151515154,0.8982917750765712,0.0059670435025307444
0.575,2.3053535353535355,0.8994889748906068,0.005985291389767999
0.575,2.3355555555555556,0.9006583100765594,0.006003448733690631
0.575,2.3657575757575757,0.901800742576372,0.006021516031944341
0.575,2.395959595959596,0.9029171905484925,0.006039493813757124
0.575,2.4261616161616164,0.9040085308312116,0.0060573826362815275
0.575,2.4563636363636365,0.9050756012415356,0.006075183081276414
0.575,2.4865656565656566,0.9061192027227494,0.006092895752094485
0.575,2.5167676767676768,0.9071401013491807,0.006110521270938252
0.575,2.546969696969697,0.908139030206534,0.00612806027637447
0.575,2.5771717171717174,0.9091166911469339,0.006145513421081494
0.575,2.6073737373737376,0.9100737564353257,0.0061628813697856
0.575,2.6375757575757577,0.9110108702932538,0.00618016479740735
0.575,2.667777777777778,0.9119286503452612,0.00619736438736096
0.575,2.697979797979798,0.9128276889786217,0.006214480830005753
0.575,2.728181818181818,0.9137085546179536,0.006231514821268158
0.575,2.7583838383838386,0.9145717929263987,0.006248467061354734
0.575,2.7885858585858587,0.915417927933274,0.00626533825361264
0.575,2.818787878787879,0.9162474630958388,0.0062821291034800275
0.575,2.848989898989899,0.917060882299123,0.0062988403175270324
0.575,2.879191919191919,0.9178586507980021,0.0063154726026168895
0.575,2.9093939393939396,0.9186412161053757,0.006332026665119228
0.575,2.9395959595959598,0.9194090088300053,0.006348503210203971
0.575,2.96979797979798,0.9201624434673162,0.006364902941205841
0.575,3.0,0.9209019191462118,0.006381226559058817
0.6124999999999999,0.01,0.03773143752864393,0.02202400602162502
0.6124999999999999,0.040202020202020204,0.13609961437281998,0.009704033326207728
0.6124999999999999,0.07040404040404041,0.21615664828624281,0.007361714721284107
0.6124999999999999,0.10060606060606062,0.2825967100220148,0.0063404012506240726
0.6124999999999999,0.13080808080808082,0.3386305737338381,0.005773668783233932
0.6124999999999999,0.16101010101010102,0.38653032943718557,0.005419757836800487
0.6124999999999999,0.19121212121212122,0.4279500196681331,0.005183061774805653
0.6124999999999999,0.22141414141414142,0.46412292524929466,0.005017839778346245
0.6124999999999999,0.2516161616161616,0.49598762483297043,0.004899360589537771
0.6124999999999999,0.2818181818181818,0.5242711956982571,0.004813053888246266
0.6124999999999999,0.31202020202020203,0.5495456832586018,0.004749770361448524
0.6124999999999999,0.3422222222222222,0.5722673697465837,0.004703474289197818
0.6124999999999999,0.37242424242424244,0.5928046695402267,0.00467002430966601
0.6124999999999999,0.40262626262626267,0.6114583219205874,0.004646486238423453
0.6124999999999999,0.43282828282828284,0.6284762562812682,0.004630725006914638
0.6124999999999999,0.46303030303030307,0.6440647015327248,0.004621151660750611
0.6124999999999999,0.49323232323232324,0.658396603112835,0.004616560696669714
0.6124999999999999,0.5234343434343435,0.6716180794847236,0.004616022190100377
0.6124999999999999,0.5536363636363637,0.6838534313380624,0.004618808317667256
0.6124999999999999,0.5838383838383838,0.6952090683440243,0.0046243421253147066
0.6124999999999999,0.614040404040404,0.7057766171434999,0.0046321610650754685
0.6124999999999999,0.6442424242424243,0.715635403084519,0.00464189056536668
0.6124999999999999,0.6744444444444445,0.724854447966514,0.004653224559263647
0.6124999999999999,0.7046464646464646,0.7334940907476214,0.004665910927299732
0.6124999999999999,0.7348484848484849,0.7416073116035503,0.004679740469515137
0.6124999999999999,0.7650505050505051,0.7492408207339935,0.004694538450147778
0.6124999999999999,0.7952525252525253,0.7564359594164498,0.0047101580434292245
0.6124999999999999,0.8254545454545454,0.7632294501207917,0.00472647520180014
0.6124999999999999,0.8556565656565657,0.7696540239915979,0.004743384600744527
0.6124999999999999,0.8858585858585859,0.7757389489413792,0.004760796406955814
0.6124999999999999,0.9160606060606061,0.7815104759605427,0.00477863368240361
0.6124999999999999,0.9462626262626262,0.7869922181605356,0.004796830283952946
0.6124999999999999,0.9764646464646465,0.7922054739748611,0.004815329152403347
0.6124999999999999,1.0066666666666666,0.7971695041966211,0.004834080909856597
0.6124999999999999,1.036868686868687,0.8019017698555266,0.00485304270318343
0.6124999999999999,1.067070707070707,0.806418137738672,0.004872177245035525
0.6124999999999999,1.0972727272727274,0.8107330582923681,0.004891452014591069
0.6124999999999999,1.1274747474747475,0.8148597202229109,0.00491083858817043
0.6124999999999999,1.1576767676767676,0.818810185304537,0.004930312076069088
0.6124999999999999,1.187878787878788,0.8225955062239042,0.004949850646703613
0.6124999999999999,1.218080808080808,0.8262258300015244,0.004969435122893717
0.6124999999999999,1.2482828282828282,0.8297104888361369,0.004989048638051052
0.6124999999999999,1.2784848484848486,0.8330580803703895,0.005008676342290519
0.6124999999999999,1.3086868686868687,0.836276538515618,0.005028305150394319
0.6124999999999999,1.338888888888889,0.8393731963423154,0.005047923524906128
0.6124999999999999,1.3690909090909091,0.8423548418878818,0.005067521288951049
0.6124999999999999,1.3992929292929293,0.8452277678912614,0.005087089464171246
0.6124999999999999,1.4294949494949496,0.8479978161388909,0.005106620130056916
0.6124999999999999,1.4596969696969697,0.8506704171803181,0.005126106301502009
0.6124999999999999,1.4898989898989898,0.8532506258862999,0.005145541821970356
0.6124999999999999,1.5201010101010102,0.8557431533766068,0.005164921270039313
0.6124999999999999,1.5503030303030303,0.8581523957687122,0.005184239877483288
0.6124999999999999,1.5805050505050506,0.8604824600721211,0.00520349345728488
0.6124999999999999,1.6107070707070708,0.8627371875692896,0.005222678340268239
0.6124999999999999,1.6409090909090909,0.8649201749720431,0.005241791319196221
0.6124999999999999,1.6711111111111112,0.8670347935812115,0.005260829599344596
0.6124999999999999,1.7013131313131313,0.8690842066758421,0.005279790754773694
0.6124999999999999,1.7315151515151515,0.8710713853146658,0.005298672689504347
0.6124999999999999,1.7617171717171718,0.8729991227220676,0.005317473603049683
0.6124999999999999,1.791919191919192,0.8748700474060616,0.005336191959732561
0.6124999999999999,1.8221212121212123,0.876686635107459,0.005354826461353879
0.6124999999999999,1.8523232323232324,0.8784512197459002,0.005373376022796528
0.6124999999999999,1.8825252525252525,0.8801660034432177,0.005391839750206184
0.6124999999999999,1.9127272727272728,0.8818330656954534,0.0054102169214944595
0.6124999999999999,1.942929292929293,0.8834543717867136,0.005428506968857327
0.6124999999999999,1.9731313131313133,0.8850317805277732,0.005446709463094335
0.6124999999999999,2.0033333333333334,0.8865670513712225,0.005464824099531418
0.6124999999999999,2.0335353535353535,0.8880618509628124,0.005482850685364804
0.6124999999999999,2.0637373737373736,0.8895177591819899,0.005500789128270567
0.6124999999999999,2.093939393939394,0.8909362747176928,0.0055186394261501626
0.6124999999999999,2.1241414141414143,0.8923188202157482,0.005536401657882495
0.6124999999999999,2.1543434343434344,0.8936667470451634,0.005554075974972594
0.6124999999999999,2.1845454545454546,0.8949813397032043,0.00557166259403874
0.6124999999999999,2.2147474747474747,0.8962638199047611,0.005589161789976149
0.6124999999999999,2.244949494949495,0.8975153503871527,0.0056065738898125606
0.6124999999999999,2.2751515151515154,0.898737038379634,0.005623899267156007
0.6124999999999999,2.3053535353535355,0.899929938932685,0.005641138337118212
0.6124999999999999,2.3355555555555556,0.9010950579268715,0.00565829155176556
0.6124999999999999,2.3657575757575757,0.9022333549109991,0.005675359395971524
0.6124999999999999,2.395959595959596,0.903345745737192,0.005692342383660343
0.6124999999999999,2.4261616161616164,0.9044331050255998,0.0057092410544064
0.6124999999999999,2.4563636363636365,0.9054962684539266,0.005726055970333821
0.6124999999999999,2.4865656565656566,0.9065360349041292,0.005742787713320929
0.6124999999999999,2.5167676767676768,0.9075531684651412,0.005759436882442293
0.6124999999999999,2.546969696969697,0.9085484003065543,0.005776004091665232
0.6124999999999999,2.5771717171717174,0.9095224304337838,0.005792489967742842
0.6124999999999999,2.6073737373737376,0.910475929329603,0.005808895148309956
0.6124999999999999,2.6375757575757577,0.911409539495584,0.005825220280147647
0.6124999999999999,2.667777777777778,0.9123238769024503,0.005841466017604935
0.6124999999999999,2.697979797979798,0.9132195323358928,0.005857633021187247
0.6124999999999999,2.728181818181818,0.9140970726640586,0.005873721956250577
0.6124999999999999,2.7583838383838386,0.9149570420599993,0.0058897334918139865
0.6124999999999999,2.7885858585858587,0.9157999631098857,0.005905668299503564
0.6124999999999999,2.818787878787879,0.9166263378758531,0.00592152705258342
0.6124999999999999,2.848989898989899,0.9174366488943383,0.005937310425078612
0.6124999999999999,2.879191919191919,0.9182313601163071,0.005953019090980671
0.6124999999999999,2.9093939393939396,0.9190109177935427,0.005968653723527728
0.6124999999999999,2.9395959595959598,0.9197757513149102,0.005984214994554371
0.6124999999999999,2.96979797979798,0.9205262739954694,0.0059997035739127735
0.6124999999999999,3.0,0.9212628838216302,0.006015120128935125
0.65,0.01,0.037874595043165184,0.020756439422586093
0.65,0.040202020202020204,0.13657591888792045,0.009149163115619308
0.65,0.07040404040404041,0.2168564919805631,0.006943054873053356
0.65,0.10060606060606062,0.28344606636200614,0.005981469359146008
0.65,0.13080808080808082,0.33957890996961254,0.0054480937848497835
0.65,0.16101010101010102,0.387542839102306,0.005115168889493038
0.65,0.19121212121212122,0.4290024971815066,0.004892631400654546
0.65,0.22141414141414142,0.46519837639841777,0.004737395835097358
0.65,0.2516161616161616,0.49707401897597986,0.004626168393089269
0.65,0.2818181818181818,0.5253599636043467,0.004545226687053594
0.65,0.31202020202020203,0.550630701186795,0.004485954540349946
0.65,0.3422222222222222,0.5733442631521892,0.004442668404491146
0.65,0.37242424242424244,0.5938703287200977,0.004411468888681602
0.65,0.40262626262626267,0.6125105605711926,0.004389593490278898
0.65,0.43282828282828284,0.6295135674818363,0.004375032249611666
0.65,0.46303030303030307,0.6450860814613915,0.004366289462834461
0.65,0.49323232323232324,0.6594014221388896,0.004362230486054219
0.65,0.5234343434343435,0.6726059871406195,0.00436198014571465
0.65,0.5536363636363637,0.6848242855093416,0.004364853543826541
0.65,0.5838383838383838,0.6961628823392529,0.0043703078143972895
0.65,0.614040404040404,0.7067135196836133,0.00437790778874958
0.65,0.6442424242424243,0.7165556079006914,0.004387301109850084
0.65,0.6744444444444445,0.7257582307718861,0.004398199899013244
0.65,0.7046464646464646,0.734381771559966,0.004410367050533326
0.65,0.7348484848484849,0.7424792411424213,0.0044236058495694675
0.65,0.7650505050505051,0.7500973701709529,0.004437752012416807
0.65,0.7952525252525253,0.7572775124024196,0.004452667516812392
0.65,0.8254545454545454,0.7640563965017284,0.00446823577151112
0.65,0.8556565656565657,0.7704667553645351,0.00448435779937828
0.65,0.8858585858585859,0.77653785502588,0.004500949195709536
0.65,0.9160606060606061,0.7822959419466476,0.004517937685150075
0.65,0.9462626262626262,0.7877646226788425,0.004535261145099945
0.65,0.9764646464646465,0.7929651877421954,0.004552865995677502
0.65,1.0066666666666666,0.7979168888342886,0.004570705879967107
0.65,1.036868686868687,0.8026371772768509,0.004588740575810268
0.65,1.067070707070707,0.8071419096386835,0.004606935093600439
0.65,1.0972727272727274,0.8114455258868255,0.004625258924372044
0.65,1.1274747474747475,0.8155612041391741,0.0046436854101197245
0.65,1.1576767676767676,0.8195009955772324,0.00466219121407474
0.65,1.187878787878788,0.8232759424001248,0.004680755873132325
0.65,1.218080808080808,0.8268961812669,0.0046993614181767285
0.65,1.2482828282828282,0.8303710342770207,0.004717992050742081
0.65,1.2784848484848486,0.8337090891841499,0.004736633866672335
0.65,1.3086868686868687,0.8369182703211628,0.004755274619132832
0.65,1.338888888888889,0.8400059014511284,0.004773903514694533
0.65,1.3690909090909091,0.8429787616159939,0.004792511037353009
0.65,1.3992929292929293,0.8458431348706078,0.004811088796194074
0.65,1.4294949494949496,0.8486048546644758,0.004829629393162893
0.65,1.4596969696969697,0.851269343452703,0.004848126308017564
0.65,1.4898989898989898,0.8538416483651662,0.004866573797897233
0.65,1.5201010101010102,0.8563264731130572,0.004884966809511004
0.65,1.5503030303030303,0.8587282066360831,0.004903300902194596
0.65,1.5805050505050506,0.8610509490936663,0.004921572180260014
0.65,1.6107070707070708,0.8632985351890987,0.004939777233475606
0.65,1.6409090909090909,0.8654745553236316,0.004957913084558729
0.65,1.6711111111111112,0.867582374745733,0.004975977142769317
0.65,1.7013131313131313,0.86962515093451,0.004993967162824298
0.65,1.7315151515151515,0.8716058493856949,0.00501188120846674
0.65,1.7617171717171718,0.8735272579939145,0.005029717620094409
0.65,1.791919191919192,0.8753920001463984,0.005047474985967693
0.65,1.8221212121212123,0.8772025466888778,0.005065152116546789
0.65,1.8523232323232324,0.878961226849167,0.005082748021600025
0.65,1.8825252525252525,0.8806702382470458,0.005100261889739999
0.65,1.9127272727272728,0.8823316560497777,0.005117693070131546
0.65,1.942929292929293,0.8839474414008255,0.005135041056080425
0.65,1.9731313131313133,0.8855194491565128,0.005152305470332408
0.65,2.0033333333333334,0.8870494349303587,0.005169486051896044
0.65,2.0335353535353535,0.88853906171138,0.005186582644142401
0.65,2.0637373737373736,0.8899899058714015,0.0052035951841480355
0.65,2.093939393939394,0.8914034627232595,0.005220523693075796
0.65,2.1241414141414143,0.8927811516710719,0.0052373682675190825
0.65,2.1543434343434344,0.8941243209767188,0.005254129071672331
0.65,2.1845454545454546,0.8954342521460374,0.005270806330282651
0.65,2.2147474747474747,0.8967121640181344,0.005287400322279812
0.65,2.244949494949495,0.8979592165546386,0.005303911374993753
0.65,2.2751515151515154,0.8991765143452598,0.005320339858960299
0.65,2.3053535353535355,0.9003651098782139,0.005336686183188499
0.65,2.3355555555555556,0.9015260065737688,0.0053529507908871565
0.65,2.3657575757575757,0.9026601616130985,0.005369134155602584
0.65,2.395959595959596,0.9037684885702177,0.005385236777688984
0.65,2.4261616161616164,0.9048518598919334,0.00540125918112655
0.65,2.4563636363636365,0.9059111091125392,0.005417201910665748
0.65,2.4865656565656566,0.9069470330848465,0.0054330655291612295
0.65,2.5167676767676768,0.9079603939359654,0.005448850615218159
0.65,2.546969696969697,0.9089519209463247,0.005464557761024613
0.65,2.5771717171717174,0.90992231229472,0.005480187570392259
0.65,2.6073737373737376,0.9108722367028171,0.005495740656987769
0.65,2.6375757575757577,0.9118023349782906,0.005511217642693467
0.65,2.667777777777778,0.9127132214431629,0.005526619156176915
0.65,2.697979797979798,0.9136054853010322,0.005541945831521122
0.65,2.728181818181818,0.9144796919018614,0.005557198307044153
0.65,2.7583838383838386,0.9153363839383581,0.00557237722419468
0.65,2.7885858585858587,0.9161760825735014,0.005587483226558332
0.65,2.818787878787879,0.916999288482296,0.005602516958966408
0.65,2.848989898989899,0.9178064828741515,0.005617479066667874
0.65,2.879191919191919,0.9185981284335747,0.005632370194585734
0.65,2.9093939393939396,0.9193746701329643,0.005647190986709516
0.65,2.9395959595959598,0.9201365361681565,0.00566194208541182
0.65,2.96979797979798,0.9208841386881021,0.005676624130956043
0.65,3.0,0.9216178745503357,0.0056912377609927844
0.6875,0.01,0.03801754453674551,0.01962713174768216
0.6875,0.040202020202020204,0.13705006145592347,0.00865481737303142
0.6875,0.07040404040404041,0.21755194785434132,0.00657005922904963
0.6875,0.10060606060606062,0.2842894413407762,0.0056616864506604525
0.6875,0.13080808080808082,0.3405203230261018,0.00515802981018898
0.6875,0.16101010101010102,0.38854792643290137,0.0048438025319490485
0.6875,0.19121212121212122,0.4300473069869879,0.004633879843836786
0.6875,0.22141414141414142,0.4662660468166133,0.0044875419099346114
0.6875,0.2516161616161616,0.49815258434305393,0.004382775597268074
0.6875,0.2818181818181818,0.5264408852237041,0.004306613978399598
0.6875,0.31202020202020203,0.5517078695335863,0.004250915879064898
0.6875,0.3422222222222222,0.5744133104489749,0.004210311524522892
0.6875,0.37242424242424244,0.5949281488841636,0.004181117114103072
0.6875,0.40262626262626267,0.6135549696333471,0.004160723109882136
0.6875,0.43282828282828284,0.6305430604249077,0.004147231021573772
0.6875,0.46303030303030307,0.6460996560865419,0.0041392282295302785
0.6875,0.49323232323232324,0.6603984502886526,0.004135643223879715
0.6875,0.5234343434343435,0.6735861195640619,0.00413564961277757
0.6875,0.5536363636363637,0.6857873811474122,0.0041386007434598415
0.6875,0.5838383838383838,0.6971089552243274,0.004143984121274036
0.6875,0.614040404040404,0.7076426989738395,0.004151388971455283
0.6875,0.6442424242424243,0.7174681075530375,0.004160482729186343
0.6875,0.6744444444444445,0.7266543264358073,0.004170993720653771
0.6875,0.7046464646464646,0.7352617829331487,0.004182698216627312
0.6875,0.7348484848484849,0.7433435184936147,0.004195410625782436
0.6875,0.7650505050505051,0.7509462839557756,0.004208975976532692
0.6875,0.7952525252525253,0.7581114453001273,0.004223264089938006
0.6875,0.8254545454545454,0.7648757374605127,0.004238165017723006
0.6875,0.8556565656565657,0.7712718948131653,0.004253585437756113
0.6875,0.8858585858585859,0.7773291814639556,0.004269445781714953
0.6875,0.9160606060606061,0.7830738392604524,0.0042856779282145485
0.6875,0.9462626262626262,0.7885294682025322,0.00430222333650776
0.6875,0.9764646464646465,0.7937173507499318,0.004319031526385464
0.6875,1.0066666666666666,0.7986567296064584,0.0043360588322167715
0.6875,1.036868686868687,0.8033650463233232,0.004353267375679648
0.6875,1.067070707070707,0.8078581472446779,0.004370624214113272
0.6875,1.0972727272727274,0.8121504619068055,0.00438810063078332
0.6875,1.1274747474747475,0.8162551578574104,0.004405671540593126
0.6875,1.1576767676767676,0.8201842757295658,0.004423314990145144
0.6875,1.187878787878788,0.8239488472427099,0.004441011735389244
0.6875,1.218080808080808,0.8275589987814892,0.004458744883323984
0.6875,1.2482828282828282,0.8310240423731393,0.00447649958695151
0.6875,1.2784848484848486,0.8343525559455515,0.004494262784535685
0.6875,1.3086868686868687,0.8375524543170147,0.0045120229760327035
0.6875,1.338888888888889,0.8406310519953406,0.004529770030747393
0.6875,1.3690909090909091,0.8435951190976025,0.004547495021334447
0.6875,1.3992929292929293,0.8464509310600367,0.00456519008012557
0.6875,1.4294949494949496,0.8492043130081495,0.0045828482744423304
0.6875,1.4596969696969697,0.8518606794452468,0.004600463498080076
0.6875,1.4898989898989898,0.8544250698161909,0.004618030376638327
0.6875,1.5201010101010102,0.8569021804211828,0.004635544184745655
0.6875,1.5503030303030303,0.8592963931517275,0.004653000773484406
0.6875,1.5805050505050506,0.8616118013655085,0.0046703965066585695
0.6875,1.6107070707070708,0.8638522332403622,0.00468772820469332
0.6875,1.6409090909090909,0.8660212729303809,0.004704993095136389
0.6875,1.6711111111111112,0.8681222796932816,0.004722188768947255
0.6875,1.7013131313131313,0.8701584052626204,0.0047393131417807766
0.6875,1.7315151515151515,0.8721326096302873,0.004756364419664649
0.6875,1.7617171717171718,0.8740476754119002,0.004773341068517123
0.6875,1.791919191919192,0.8759062209378846,0.0047902417870218095
0.6875,1.8221212121212123,0.8777107122028867,0.004807065482467454
0.6875,1.8523232323232324,0.8794634737848931,0.004823811249186516
0.6875,1.8825252525252525,0.8811666988435016,0.004840478349305011
0.6875,1.9127272727272728,0.882822458305321,0.004857066195489201
0.6875,1.942929292929293,0.8844327091693016,0.004873574335566566
0.6875,1.9731313131313133,0.8859993023487097,0.004890002438631136
0.6875,2.0033333333333334,0.8875239897084881,0.004906350282659178
0.6875,2.0335353535353535,0.8890084306117209,0.004922617743329694
0.6875,2.0637373737373736,0.8904541979441329,0.004938804783994444
0.6875,2.093939393939394,0.8918627836791067,0.0049549114466400646
0.6875,2.1241414141414143,0.8932356040122091,0.004970937843730816
0.6875,2.1543434343434344,0.8945740041145143,0.0049868841508728945
0.6875,2.1845454545454546,0.895879262530499,0.005002750600171968
0.6875,2.2147474747474747,0.8971525952506845,0.005018537474254625
0.6875,2.244949494949495,0.8983951594937408,0.00503424510084316
0.6875,2.2751515151515154,0.8996080572128768,0.005049873847867703
0.6875,2.3053535353535355,0.9007923383582706,0.0050654241190268845
0.6875,2.3355555555555556,0.901949003922048,0.005080896349772823
0.6875,2.3657575757575757,0.9030790087132508,0.005096291003697573
0.6875,2.395959595959596,0.9041832640512255,0.005111608569211112
0.6875,2.4261616161616164,0.9052626401777278,0.005126849556566837
0.6875,2.4563636363636365,0.9063179685535849,0.005142014495160163
0.6875,2.4865656565656566,0.9073500439970771,0.00515710393105806
0.6875,2.5167676767676768,0.9083596266793644,0.005172118424780825
0.6875,2.546969696969697,0.9093474439926431,0.005187058549277923
0.6875,2.5771717171717174,0.9103141922981598,0.005201924888086129
0.6875,2.6073737373737376,0.9112605385625372,0.0052167180336732955
0.6875,2.6375757575757577,0.9121871218944875,0.00523143858592201
0.6875,2.667777777777778,0.9130945549832424,0.005246087150759582
0.6875,2.697979797979798,0.9139834254497216,0.0052606643389119245
0.6875,2.728181818181818,0.9148542971160419,0.0052751707647835655
0.6875,2.7583838383838386,0.9157077111984533,0.005289607045424027
0.6875,2.7885858585858587,0.9165441874297152,0.0053039737996138925
0.6875,2.818787878787879,0.9173642251277904,0.0053182716470066005
0.6875,2.848989898989899,0.9181683041409824,0.005332501207404139
0.6875,2.879191919191919,0.9189568858462265,0.0053466631000369524
0.6875,2.9093939393939396,0.9197304139991819,0.005360757942961536
0.6875,2.9395959595959598,0.9204893155752234,0.005374786352486005
0.6875,2.96979797979798,0.9212340015461175,0.005388748942695143
0.6875,3.0,0.9219648676378802,0.005402646324961902
0.725,0.01,0.038160283248898225,0.018614618185643916
0.725,0.040202020202020204,0.13752198175854424,0.008211603285102065
0.725,0.07040404040404041,0.21824268448607803,0.0062356398700871285
0.725,0.10060606060606062,0.28512604617988624,0.005374974735247395
0.725,0.13080808080808082,0.3414535206767849,0.004897963049147469
0.725,0.16101010101010102,0.38954385595118535,0.004600499777358769
0.725,0.19121212121212122,0.43108237218187495,0.004401887552163641
0.725,0.22141414141414142,0.4673236191668485,0.004263527376738185
0.725,0.2516161616161616,0.4992208453629335,0.004164554275396082
0.725,0.2818181818181818,0.527511387029924,0.004092678628405011
0.725,0.31202020202020203,0.5527745577516704,0.004040185133900476
0.725,0.3422222222222222,0.575471850292961,0.004001985342381387
0.725,0.37242424242424244,0.5959754536504872,0.003974588751454844
0.725,0.40262626262626267,0.6145888663369787,0.003955522973249748
0.725,0.43282828282828284,0.6315620497930219,0.003942989463277424
0.725,0.46303030303030307,0.6471027384764416,0.003935650097457666
0.725,0.49323232323232324,0.6613849980726778,0.003932489973849984
0.725,0.5234343434343435,0.6745557828163236,0.003932726439936474
0.725,0.5536363636363637,0.6867400173427967,0.003935747134940382
0.725,0.5838383838383838,0.6980445765275167,0.003941066796167014
0.725,0.614040404040404,0.7085614324322118,0.003948296521228745
0.725,0.6442424242424243,0.7183701648796654,0.00395712149161076
0.725,0.6744444444444445,0.7275399810119819,0.003967284563226592
0.725,0.7046464646464646,0.7361313522486232,0.003978574000520707
0.725,0.7348484848484849,0.7441973507128323,0.003990814185730773
0.725,0.7650505050505051,0.7517847474962855,0.004003858496695933
0.725,0.7952525252525253,0.7589349210143974,0.0040175837868934305
0.725,0.8254545454545454,0.765684612546096,0.004031886064222556
0.725,0.8556565656565657,0.7720665581950165,0.00404667707686035
0.725,0.8858585858585859,0.7781100202748591,0.004061881592825056
0.725,0.9160606060606061,0.7838412361659105,0.004077435215218639
0.725,0.9462626262626262,0.7892837995075717,0.004093282614799021
0.725,0.9764646464646465,0.7944589849121853,0.004109376090556394
0.725,1.0066666666666666,0.7993860261978161,0.004125674389913403
0.725,1.036868686868687,0.8040823553188714,0.004142141736080962
0.725,1.067070707070707,0.8085638085914342,0.004158747021747677
0.725,1.0972727272727274,0.8128448052473265,0.004175463137173319
0.725,1.1274747474747475,0.8169385024134588,0.004192266407632594
0.725,1.1576767676767676,0.8208569302938922,0.0042091361201734845
0.725,1.187878787878788,0.824611110310705,0.004226054123864342
0.725,1.218080808080808,0.8282111586715437,0.004243004490711577
0.725,1.2482828282828282,0.8316663774533419,0.0042599732269559265
0.725,1.2784848484848486,0.834985334883515,0.004276948026356031
0.725,1.3086868686868687,0.8381759363216016,0.004293918058647872
0.725,1.338888888888889,0.841245487155888,0.00431087378755346
0.725,1.3690909090909091,0.8442007486518999,0.004327806813748225
0.725,1.3992929292929293,0.8470479877059369,0.0043447097389544
0.725,1.4294949494949496,0.8497930212128079,0.004361576047997584
0.725,1.4596969696969697,0.8524412557561507,0.004378400006181282
0.725,1.4898989898989898,0.8549977231496245,0.004395176569754966
0.725,1.5201010101010102,0.8574671123709654,0.004411901307641131
0.725,1.5503030303030303,0.8598537982715381,0.004428570332817738
0.725,1.5805050505050506,0.8621618674494679,0.00444518024206908
0.725,1.6107070707070708,0.8643951415964639,0.004461728062940873
0.725,1.6409090909090909,0.8665571986472115,0.004478211206972338
0.725,1.6711111111111112,0.8686513918823222,0.004494627428370368
0.725,1.7013131313131313,0.8706808673083937,0.004510974787432787
0.725,1.7315151515151515,0.8726485794230256,0.0045272516181122935
0.725,1.7617171717171718,0.8745573055704187,0.004543456499224163
0.725,1.791919191919192,0.8764096590248741,0.004559588228814304
0.725,1.8221212121212123,0.8782081009289323,0.004575645801350392
0.725,1.8523232323232324,0.8799549512099835,0.00459162838735061
0.725,1.8825252525252525,0.8816523985529002,0.004607535315212186
0.725,1.9127272727272728,0.8833025095735986,0.004623366054933964
0.725,1.942929292929293,0.8849072372231109,0.004639120203548952
0.725,1.9731313131313133,0.8864684284046086,0.004654797472092964
0.725,2.0033333333333334,0.8879878312091098,0.004670397673846249
0.725,2.0335353535353535,0.8894671013486255,0.004685920713820124
0.725,2.0637373737373736,0.890907808207394,0.004701366579290989
0.725,2.093939393939394,0.8923114403911816,0.004716735331265376
0.725,2.1241414141414143,0.8936794108592763,0.004732027096803648
0.725,2.1543434343434344,0.8950130616716255,0.004747242062087542
0.725,2.1845454545454546,0.8963136683765255,0.004762380466176497
0.725,2.2147474747474747,0.8975824440866587,0.00477744259535795
0.725,2.244949494949495,0.898820543246739,0.004792428778045865
0.725,2.2751515151515154,0.9000290651433603,0.004807339380170861
0.725,2.3053535353535355,0.9012090571563521,0.004822174801005108
0.725,2.3355555555555556,0.9023615177895515,0.004836935469381576
0.725,2.3657575757575757,0.9034873994891742,0.00485162184027943
0.725,2.395959595959596,0.9045876112645604,0.004866234391715185
0.725,2.4261616161616164,0.9056630211582545,0.004880773621939838
0.725,2.4563636363636365,0.9067144584771738,0.0048952400468982304
0.725,2.4865656565656566,0.9077427159840099,0.004909634197907575
0.725,2.5167676767676768,0.9087485518603111,0.004923956619568237
0.725,2.546969696969697,0.9097326915891087,0.00493820786785748
0.725,2.5771717171717174,0.910695829666549,0.0049523885084274966
0.725,2.6073737373737376,0.9116386312865643,0.00496649911500846
0.725,2.6375757575757577,0.9125617338201781,0.004980540268024747
0.725,2.667777777777778,0.9134657482923408,0.0049945125532881995
0.725,2.697979797979798,0.9143512607122165,0.005008416560836171
0.725,2.728181818181818,0.9152188333442735,0.005022252883880141
0.725,2.7583838383838386,0.9160690058983368,0.005036022117846928
0.725,2.7885858585858587,0.9169022966493995,0.005049724859506721
0.725,2.818787878787879,0.9177192034924468,0.00506336170619659
0.725,2.848989898989899,0.9185202049323428,0.005076933255107052
0.725,2.879191919191919,0.9193057610277987,0.005090440102637928
0.725,2.9093939393939396,0.9200763142605871,0.005103882843826124
0.725,2.9395959595959598,0.9208322903510464,0.005117262071835826
0.725,2.96979797979798,0.9215740990855954,0.0051305783774600044
0.725,3.0,0.9223021350279532,0.005143832348722732
0.7625,0.01,0.038302808376724645,0.01770165048907657
0.7625,0.040202020202020204,0.13799163522581204,0.0078119754947287845
0.7625,0.07040404040404041,0.21892845102822858,0.005934102983445655
0.7625,0.10060606060606062,0.2859552379737105,0.005116451470923877
0.7625,0.13080808080808082,0.34237736188261275,0.004663463350336183
0.7625,0.16101010101010102,0.3905289680723074,0.004381115027068949
0.7625,0.19121212121212122,0.43210555045370136,0.004192700806683547
0.7625,0.22141414141414142,0.46836853025622993,0.004061533793911165
0.7625,0.2516161616161616,0.5002758857409985,0.003967784170216815
0.7625,0.2818181818181818,0.5285682627832565,0.0038997729704861595
0.7625,0.31202020202020203,0.5538273240148088,0.003850168861474712
0.7625,0.3422222222222222,0.5765162501229897,0.003814137042237986
0.7625,0.37242424242424244,0.597008455791291,0.003788361295117282
0.7625,0.40262626262626267,0.6156083374697086,0.0037704928938113724
0.7625,0.43282828282828284,0.632566519262062,0.003758823411564416
0.7625,0.46303030303030307,0.6480912274412487,0.003752081895402215
0.7625,0.49323232323232324,0.6623568942250659,0.003749304486281968
0.7625,0.5234343434343435,0.6755107476728797,0.0037497479715502546
0.7625,0.5536363636363637,0.6876779170996987,0.003752830911973204
0.7625,0.5838383838383838,0.6989654301909269,0.0037580926005644777
0.7625,0.614040404040404,0.7094653725084735,0.0037651638580098457
0.7625,0.6442424242424243,0.7192574076763061,0.003773745868429268
0.7625,0.6744444444444445,0.7284108038733964,0.0037835945900308587
0.7625,0.7046464646464646,0.7369860762628971,0.0037945091027871136
0.7625,0.7348484848484849,0.7450363272817029,0.0038063227829647772
0.7625,0.7650505050505051,0.7526083482240641,0.003818896537914007
0.7625,0.7952525252525253,0.7597435298149298,0.003832113563113859
0.7625,0.8254545454545454,0.7664786196263292,0.003845875238002394
0.7625,0.8556565656565657,0.7728463554788968,0.0038600978835243716
0.7625,0.8858585858585859,0.7788759978981269,0.0038747101786551497
0.7625,0.9160606060606061,0.7845937798578332,0.0038896510857278077
0.7625,0.9462626262626262,0.7900232885961516,0.003904868172210252
0.7625,0.9764646464646465,0.7951857909019604,0.003920316243977373
0.7625,1.0066666666666666,0.8001005117108078,0.003935956225190385
0.7625,1.036868686868687,0.8047848734136578,0.003951754234898575
0.7625,1.067070707070707,0.8092547022739175,0.003967680821613584
0.7625,1.0972727272727274,0.8135244071646869,0.003983710325526468
0.7625,1.1274747474747475,0.817607134792009,0.003999820344512406
0.7625,1.1576767676767676,0.8215149048818116,0.004015991285022169
0.7625,1.187878787878788,0.8252587284871578,0.0040322059826658485
0.7625,1.218080808080808,0.8288487115906809,0.004048449380463559
0.7625,1.2482828282828282,0.8322941462487156,0.0040647082548874724
0.7625,1.2784848484848486,0.835603590918122,0.0040809709817761775
0.7625,1.3086868686868687,0.8387849414323768,0.004097227335640774
0.7625,1.338888888888889,0.8418454939398556,0.00411346831701942
0.7625,1.3690909090909091,0.8447920007779702,0.004129686003515598
0.7625,1.3992929292929293,0.8476307202034651,0.004145873420901891
0.7625,1.4294949494949496,0.8503674607834789,0.004162024431247691
0.7625,1.4596969696969697,0.8530076210734558,0.004178133635609038
0.7625,1.4898989898989898,0.8555562251616432,0.004194196289130092
0.7625,1.5201010101010102,0.8580179545959336,0.004210208226831158
0.7625,1.5503030303030303,0.860397177080775,0.00422616579855184
0.7625,1.5805050505050506,0.8626979723491585,0.004242065811844498
0.7625,1.6107070707070708,0.8649241555105057,0.00425790548169136
0.7625,1.6409090909090909,0.8670792981631458,0.0042736823861884154
0.7625,1.6711111111111112,0.8691667475174596,0.004289394427378079
0.7625,1.7013131313131313,0.8711896437519253,0.004305039796594912
0.7625,1.7315151515151515,0.8731509357680279,0.00432061694373842
0.7625,1.7617171717171718,0.8750533955435551,0.004336124549992215
0.7625,1.791919191919192,0.8768996312109988,0.004351561503558754
0.7625,1.8221212121212123,0.8786920989574145,0.004366926878044186
0.7625,1.8523232323232324,0.8804331139711437,0.004382219913185104
0.7625,1.8825252525252525,0.8821248603936742,0.004397439997626984
0.7625,1.9127272727272728,0.8837694004630133,0.004412586653536943
0.7625,1.942929292929293,0.885368682909102,0.004427659522807215
0.7625,1.9731313131313133,0.8869245506531661,0.004442658354701479
0.7625,2.0033333333333334,0.8884387478922721,0.004457582994769949
0.7625,2.0335353535353535,0.8899129266287155,0.0044724333748829
0.7625,2.0637373737373736,0.8913486526727996,0.004487209504273615
0.7625,2.093939393939394,0.8927474112009572,0.004501911461474828
0.7625,2.1241414141414143,0.894110611873551,0.004516539387063423
0.7625,2.1543434343434344,0.8954395935795254,0.00453109347710412
0.7625,2.1845454545454546,0.8967356288191127,0.004545573977249084
0.7625,2.2147474747474747,0.8979999277701759,0.0045599811774008625
0.7625,2.244949494949495,0.8992336420721951,0.004574315406889795
0.7625,2.2751515151515154,0.9004378682738181,0.004588577030133711
0.7625,2.3053535353535355,0.9016136511487463,0.004602766442681316
0.7625,2.3355555555555556,0.9027619866881444,0.004616884067649929
0.7625,2.3657575757575757,0.9038838249099427,0.004630930352502283
0.7625,2.395959595959596,0.9049800724922533,0.004644905766120644
0.7625,2.4261616161616164,0.9060515952123108,0.0046588107961575975
0.7625,2.4563636363636365,0.9070992202273613,0.004672645946631748
0.7625,2.4865656565656566,0.9081237382050149,0.004686411735760121
0.7625,2.5167676767676768,0.9091259053133119,0.00470010869397508
0.7625,2.546969696969697,0.9101064450826988,0.004713737362143755
0.7625,2.5771717171717174,0.9110660501455375,0.00472729828994134
0.7625,2.6073737373737376,0.9120053838712724,0.004740792034383601
0.7625,2.6375757575757577,0.9129250818945203,0.004754219158488171
0.7625,2.667777777777778,0.9138257535586427,0.004767580230070179
0.7625,2.697979797979798,0.9147079832274918,0.004780875820657338
0.7625,2.728181818181818,0.9155723316019251,0.004794106504475426
0.7625,2.7583838383838386,0.9164193368748861,0.004807272857566547
0.7625,2.7885858585858587,0.9172495158382966,0.004820375456979331
0.7625,2.818787878787879,0.9180633649794144,0.0048334148800193155
0.7625,2.848989898989899,0.9188613614209199,0.004846391703599018
0.7625,2.879191919191919,0.9196439638906048,0.004859306503629535
0.7625,2.9093939393939396,0.9204116135788674,0.004872159854487856
0.7625,2.9395959595959598,0.9211647349814256,0.004884952328521264
0.7625,2.96979797979798,0.9219037366714924,0.004897684495620558
0.7625,3.0,0.9226290120469323,0.004910356922815273
0.7999999999999999,0.01,0.03844511735634939,0.01687420539416995
0.7999999999999999,0.040202020202020204,0.13845898866682985,0.007449802429184915
0.7999999999999999,0.07040404040404041,0.21960907874777855,0.005660822140828969
0.7999999999999999,0.10060606060606062,0.2867765664731704,0.004882148968802014
0.7999999999999999,0.13080808080808082,0.34329100919251826,0.004450930353612881
0.7999999999999999,0.16101010101010102,0.39150198573279954,0.0041822786427796466
0.7999999999999999,0.19121212121212122,0.4331151172529791,0.004003105355985026
0.7999999999999999,0.22141414141414142,0.46939862974698143,0.003878456296008137
0.7999999999999999,0.2516161616161616,0.5013151675622227,0.003789439669023009
0.7999999999999999,0.2818181818181818,0.529608632460706,0.003724929863652804
0.7999999999999999,0.31202020202020203,0.5548629932791839,0.0036779434869442795
0.7999999999999999,0.3422222222222222,0.577543085303425,0.0036438755883607676
0.7999999999999999,0.37242424242424244,0.5980235232988775,0.003619567885003505
0.7999999999999999,0.40262626262626267,0.6166095820927632,0.0036027837129712914
0.7999999999999999,0.43282828282828284,0.6335525334515949,0.003591896311882836
0.7999999999999999,0.46303030303030307,0.6490610839512917,0.0035856956017057406
0.7999999999999999,0.49323232323232324,0.663310023433559,0.0035832639813992984
0.7999999999999999,0.5234343434343435,0.6764468468415483,0.003583893981855102
0.7999999999999999,0.5536363636363637,0.6885968827370251,0.003587032188153483
0.7999999999999999,0.5838383838383838,0.6998673071927922,0.0035922401488936995
0.7999999999999999,0.614040404040404,0.7103503158284394,0.0035991665609529377
0.7999999999999999,0.6442424242424243,0.7201256532187439,0.003607527113099751
0.7999999999999999,0.6744444444444445,0.7292626462195192,0.00361708963978824
0.7999999999999999,0.7046464646464646,0.7378218516680203,0.003627663024875938
0.7999999999999999,0.7348484848484849,0.7458564007454325,0.0036390887977340025
0.7999999999999999,0.7650505050505051,0.7534131034204631,0.003651234691577576
0.7999999999999999,0.7952525252525253,0.7605333615129567,0.0036639896514949477
0.7999999999999999,0.8254545454545454,0.7672539277524552,0.003677259926999632
0.7999999999999999,0.8556565656565657,0.773607540702003,0.00369096598515406
0.7999999999999999,0.8858585858585859,0.7796234581802471,0.003705040051197761
0.7999999999999999,0.9160606060606061,0.7853279079637832,0.0037194241336580003
0.7999999999999999,0.9462626262626262,0.7907444701342483,0.003734068426963333
0.7999999999999999,0.9764646464646465,0.7958944030144857,0.003748930010574414
0.7999999999999999,1.0066666666666666,0.8007969220304377,0.0037639717829742736
0.7999999999999999,1.036868686868687,0.8054694394142404,0.003779161582889712
0.7999999999999999,1.067070707070707,0.8099277708579059,0.0037944714609174923
0.7999999999999999,1.0972727272727274,0.8141863144258574,0.003809877072649348
0.7999999999999999,1.1274747474747475,0.8182582058892751,0.003825357170619492
0.7999999999999999,1.1576767676767676,0.8221554541333681,0.0038408931769859933
0.7999999999999999,1.187878787878788,0.8258890594388033,0.0038564688226203625
0.7999999999999999,1.218080808080808,0.829469117202859,0.0038720698410288357
0.7999999999999999,1.2482828282828282,0.8329049091488301,0.0038876837077670423
0.7999999999999999,1.2784848484848486,0.8362049836207882,0.0039032994178116454
0.7999999999999999,1.3086868686868687,0.8393772266662438,0.003918907294695462
0.7999999999999999,1.338888888888889,0.8424289249424537,0.003934498826324795
0.7999999999999999,1.3690909090909091,0.8453668215984859,0.003950066523355389
0.7999999999999999,1.3992929292929293,0.8481971660832258,0.0039656037966127045
0.7999999999999999,1.4294949494949496,0.8509257583986555,0.003981104850781625
0.7999999999999999,1.4596969696969697,0.8535579888925785,0.003996564591867591
0.7999999999999999,1.4898989898989898,0.8560988737668876,0.004011978546521133
0.7999999999999999,1.5201010101010102,0.8585530869849485,0.004027342791498745
0.7999999999999999,1.5503030303030303,0.86092498897488,0.004042653891845216
0.7999999999999999,1.5805050505050506,0.8632186524707851,0.004057908846631042
0.7999999999999999,1.6107070707070708,0.8654378859040857,0.004073105041171088
0.7999999999999999,1.6409090909090909,0.8675862544246549,0.004088240204948246
0.7999999999999999,1.6711111111111112,0.8696670990827811,0.004103312374383439
0.7999999999999999,1.7013131313131313,0.8716835541669408,0.004118319859937047
0.7999999999999999,1.7315151515151515,0.873638562896426,0.004133261216934692
0.7999999999999999,1.7617171717171718,0.8755348918231063,0.004148135219653515
0.7999999999999999,1.791919191919192,0.8773751438744825,0.0041629408382906075
0.7999999999999999,1.8221212121212123,0.8791617702579447,0.004177677218446085
0.7999999999999999,1.8523232323232324,0.8808970813695439,0.004192343662828613
0.7999999999999999,1.8825252525252525,0.8825832567648562,0.004206939614921801
0.7999999999999999,1.9127272727272728,0.8842223542865757,0.0042214646443683446
0.7999999999999999,1.942929292929293,0.8858163184450104,0.00423591843389981
0.7999999999999999,1.9731313131313133,0.8873669881127768,0.00425030076761268
0.7999999999999999,2.0033333333333334,0.8888761036061337,0.0042646115204518775
0.7999999999999999,2.0335353535353535,0.8903453131980396,0.004278850648764099
0.7999999999999999,2.0637373737373736,0.8917761791322719,0.004293018181811714
0.7999999999999999,2.093939393939394,0.893170183133974,0.004307114214133323
0.7999999999999999,2.1241414141414143,0.8945287315722726,0.004321138898651045
0.7999999999999999,2.1543434343434344,0.8958531601651033,0.004335092440478361
0.7999999999999999,2.1845454545454546,0.8971447383729633,0.004348975091322149
0.7999999999999999,2.2147474747474747,0.8984046734442394,0.004362787144434499
0.7999999999999999,2.244949494949495,0.8996341141933295,0.004376528930043255
0.7999999999999999,2.2751515151515154,0.9008341544813012,0.004390200811241529
0.7999999999999999,2.3053535353535355,0.9020058364738652,0.004403803180247801
0.7999999999999999,2.3355555555555556,0.9031501536573443,0.004417336455041054
0.7999999999999999,2.3657575757575757,0.9042680536404292,0.0044308010763070005
0.7999999999999999,2.395959595959596,0.9053604407803088,0.004444197504670511
0.7999999999999999,2.4261616161616164,0.9064281786232384,0.0044575262181949515
0.7999999999999999,2.4563636363636365,0.9074720921759728,0.004470787710111557
0.7999999999999999,2.4865656565656566,0.9084929700297661,0.0044839824867717315
0.7999999999999999,2.5167676767676768,0.9094915663564046,0.004497111065775661
0.7999999999999999,2.546969696969697,0.9104686027608259,0.004510173974288545
0.7999999999999999,2.5771717171717174,0.9114247700186199,0.004523171747512045
0.7999999999999999,2.6073737373737376,0.9123607297105641,0.004536104927298279
0.7999999999999999,2.6375757575757577,0.9132771157452284,0.004548974060884614
0.7999999999999999,2.667777777777778,0.9141745357837929,0.0045617796997690085
0.7999999999999999,2.697979797979798,0.9150535726034063,0.00457452239867151
0.7999999999999999,2.728181818181818,0.9159147853336271,0.0045872027146038885
0.7999999999999999,2.7583838383838386,0.9167587106701125,0.004599821206021648
0.7999999999999999,2.7885858585858587,0.9175858639628266,0.004612378432065967
0.7999999999999999,2.818787878787879,0.9183967402922657,0.004624874951867808
0.7999999999999999,2.848989898989899,0.9191918154289629,0.0046373113239359665
0.7999999999999999,2.879191919191919,0.9199715467910772,0.0046496881055804185
0.7999999999999999,2.9093939393939396,0.9207363743050029,0.004662005852420492
0.7999999999999999,2.9395959595959598,0.9214867212400953,0.00467426511791591
0.7999999999999999,2.96979797979798,0.9222229949872153,0.0046864664529719935
0.7999999999999999,3.0,0.9229455877975573,0.004698610405563963
0.8374999999999999,0.01,0.03858720854181103,0.016120757660883056
0.8374999999999999,0.040202020202020204,0.1389240130145898,0.007120047438018862
0.8374999999999999,0.07040404040404041,0.22028446960105041,0.005411999188535965
0.8374999999999999,0.10060606060606062,0.28758977208667763,0.004668809842327093
0.8374999999999999,0.13080808080808082,0.34419397437492144,0.004257407930405632
0.8374999999999999,0.16101010101010102,0.392462155995366,0.0040012235306716715
0.8374999999999999,0.19121212121212122,0.43411004611079224,0.0038304612502255697
0.8374999999999999,0.22141414141414142,0.4704126289839045,0.0037117442884619933
0.8374999999999999,0.2516161616161616,0.5023371643843584,0.0036270347866143027
0.8374999999999999,0.2818181818181818,0.5306307635914006,0.0035657108759845624
0.8374999999999999,0.31202020202020203,0.5558796619497901,0.0035211059078796847
0.8374999999999999,0.3422222222222222,0.578550316419448,0.0034888241743187276
0.8374999999999999,0.37242424242424244,0.5990185148832486,0.003465851168142464
0.8374999999999999,0.40262626262626267,0.6175903885582238,0.003450052242585322
0.8374999999999999,0.43282828282828284,0.6345178389084636,0.003439874984322744
0.8374999999999999,0.46303030303030307,0.6500100380859892,0.003434164731711986
0.8374999999999999,0.49323232323232324,0.664242121433801,0.003432045997769473
0.8374999999999999,0.5234343434343435,0.6773618407173096,0.0034328438558062224
0.8374999999999999,0.5536363636363637,0.6894947153235652,0.003436030406195556
0.8374999999999999,0.5838383838383838,0.7007480626876512,0.0034411874612338966
0.8374999999999999,0.614040404040404,0.7112141825561038,0.0034479799946205425
0.8374999999999999,0.6442424242424243,0.7209728952857792,0.0034561369025394306
0.8374999999999999,0.6744444444444445,0.730093582155224,0.0034654368339226416
0.8374999999999999,0.7046464646464646,0.7386368379987105,0.0034756976003558204
0.8374999999999999,0.7348484848484849,0.7466558195137686,0.003486768155972264
0.8374999999999999,0.7650505050505051,0.7541973526302951,0.0034985224502994683
0.8374999999999999,0.7952525252525253,0.7613028478090542,0.0035108546648026095
0.8374999999999999,0.8254545454545454,0.7680090609411417,0.0035236754844967244
0.8374999999999999,0.8556565656565657,0.7743487295127087,0.0035369091527208685
0.8374999999999999,0.8858585858585859,0.7803511071148788,0.0035504911247603577
0.8374999999999999,0.9160606060606061,0.7860424149517047,0.003564366183800516
0.8374999999999999,0.9462626262626262,0.791446224814598,0.0035784869171160416
0.8374999999999999,0.9764646464646465,0.7965837854916643,0.003592812475212037
0.8374999999999999,1.0066666666666666,0.8014743020612963,0.003607307555040906
0.8374999999999999,1.036868686868687,0.8061351758222507,0.003621941561872788
0.8374999999999999,1.067070707070707,0.8105822112261092,0.0036366879146603193
0.8374999999999999,1.0972727272727274,0.8148297949462513,0.003651523467310458
0.8374999999999999,1.1274747474747475,0.8188910513722668,0.003666428024234447
0.8374999999999999,1.1576767676767676,0.8227779780848704,0.0036813839329161713
0.8374999999999999,1.187878787878788,0.8265015642452724,0.0036963757398174035
0.8374999999999999,1.218080808080808,0.8300718943719694,0.003711389898581885
0.8374999999999999,1.2482828282828282,0.8334982395496932,0.0037264145216411304
0.8374999999999999,1.2784848484848486,0.8367891378360729,0.003741439168012839
0.8374999999999999,1.3086868686868687,0.8399524652917164,0.003756454661379083
0.8374999999999999,1.338888888888889,0.8429954989373921,0.0037714529336358993
0.8374999999999999,1.3690909090909091,0.8459249726335311,0.0037864268899217013
0.8374999999999999,1.3992929292929293,0.848747126834595,0.003801370291847128
0.8374999999999999,1.4294949494949496,0.851467752961416,0.0038162776561720957
0.8374999999999999,1.4596969696969697,0.8540922331033539,0.0038311441666829538
0.8374999999999999,1.4898989898989898,0.8566255755095805,0.003845965597325085
0.8374999999999999,1.5201010101010102,0.8590724465328241,0.0038607382450319694
0.8374999999999999,1.5503030303030303,0.8614371992870092,0.0038754588708465043
0.8374999999999999,1.5805050505050506,0.8637238995586086,0.003890124648245896
0.8374999999999999,1.6107070707070708,0.8659363490223878,0.003904733117671366
0.8374999999999999,1.6409090909090909,0.8680781064360518,0.0039192821464315575
0.8374999999999999,1.6711111111111112,0.870152506700505,0.00393376989330374
0.8374999999999999,1.7013131313131313,0.8721626782028473,0.003948194777198655
0.8374999999999999,1.7315151515151515,0.8741115585389663,0.003962555449397609
0.8374999999999999,1.7617171717171718,0.876001908859684,0.003976850768908413
0.8374999999999999,1.791919191919192,0.877836326912266,0.0039910797805375875
0.8374999999999999,1.8221212121212123,0.8796172589552541,0.004005241695387296
0.8374999999999999,1.8523232323232324,0.8813470106431341,0.004019335873447938
0.8374999999999999,1.8825252525252525,0.8830277569830388,0.004033361808062796
0.8374999999999999,1.9127272727272728,0.8846615514573115,0.00404731911204248
0.8374999999999999,1.942929292929293,0.8862503344013749,0.004061207505224651
0.8374999999999999,1.9731313131313133,0.8877959406842258,0.004075026803344484
0.8374999999999999,2.0033333333333334,0.8893001067819911,0.004088776908033331
0.8374999999999999,2.0335353535353535,0.8907644772855091,0.004102457797844794
0.8374999999999999,2.0637373737373736,0.8921906108970717,0.004116069520194943
0.8374999999999999,2.093939393939394,0.8935799859663295,0.004129612184098352
0.8374999999999999,2.1241414141414143,0.8949340056020547,0.004143085953636438
0.8374999999999999,2.1543434343434344,0.8962540023982527,0.004156491042071719
0.8374999999999999,2.1845454545454546,0.8975412428094277,0.0041698277065347344
0.8374999999999999,2.2147474747474747,0.8987969312058233,0.004183096243228324
0.8374999999999999,2.244949494949495,0.9000222136260269,0.004196296983108638
0.8374999999999999,2.2751515151515154,0.9012181812731663,0.004209430287968274
0.8374999999999999,2.3053535353535355,0.9023858737502933,0.004222496546905541
0.8374999999999999,2.3355555555555556,0.9035262820785396,0.004235496173123021
0.8374999999999999,2.3657575757575757,0.9046403515009238,0.004248429601040105
0.8374999999999999,2.395959595959596,0.9057289840927135,0.004261297283670418
0.8374999999999999,2.4261616161616164,0.9067930412044273,0.0042740996902528305
0.8374999999999999,2.4563636363636365,0.907833345727809,0.00428683730410695
0.8374999999999999,2.4865656565656566,0.9088506842216107,0.004299510620685565
0.8374999999999999,2.5167676767676768,0.9098458088950597,0.0043121201458120595
0.8374999999999999,2.546969696969697,0.910819439474793,0.004324666394081911
0.8374999999999999,2.5771717171717174,0.9117722648951101,0.004337149887434721
0.8374999999999999,2.6073737373737376,0.912704944987064,0.004349571153814846
0.8374999999999999,2.6375757575757577,0.9136181119584551,0.0043619307260116535
0.8374999999999999,2.667777777777778,0.9145123718542371,0.004374229140571728
0.8374999999999999,2.697979797979798,0.9153883058543224,0.004386466936826761
0.8374999999999999,2.728181818181818,0.9162464715759695,0.004398644656024908
0.8374999999999999,2.7583838383838386,0.9170874042413951,0.004410762840521665
0.8374999999999999,2.7885858585858587,0.9179116177819755,0.004422822033072649
0.8374999999999999,2.818787878787879,0.9187196059003092,0.004434822776175684
0.8374999999999999,2.848989898989899,0.9195118430485799,0.00444676561149282
0.8374999999999999,2.879191919191919,0.9202887853594355,0.004458651079320752
0.8374999999999999,2.9093939393939396,0.9210508715216089,0.004470479718113873
0.8374999999999999,2.9395959595959598,0.9217985236050099,0.004482252064056835
0.8374999999999999,2.96979797979798,0.9225321478455578,0.004493968650689739
0.8374999999999999,3.0,0.9232521353703217,0.0045056300085586365
0.875,0.01,0.03872908271483323,0.015431737512139554
0.875,0.040202020202020204,0.1393866728045173,0.006818526108196998
0.875,0.07040404040404041,0.22095457282596348,0.005184485458756161
0.875,0.10060606060606062,0.28839474490950806,0.004473734762966863
0.875,0.13080808080808082,0.34508605898326866,0.0040804463516936895
0.875,0.16101010101010102,0.3934091831804269,0.0038356564033490415
0.875,0.19121212121212122,0.4350899491218275,0.003672580326620878
0.875,0.22141414141414142,0.4714100614678192,0.003559283412295944
0.875,0.2516161616161616,0.5033413493355633,0.003478508466387975
0.875,0.2818181818181818,0.5316340887039496,0.003420094132278617
0.875,0.31202020202020203,0.5568767413179595,0.0033776633196864747
0.875,0.3422222222222222,0.5795373511726829,0.0033470116029463703
0.875,0.37242424242424244,0.5999928499342302,0.003325255909491176
0.875,0.40262626262626267,0.6185502005587867,0.003310354853142794
0.875,0.43282828282828284,0.6354619136378883,0.0033008239864718014
0.875,0.46303030303030307,0.6509376097252358,0.0032955593100671976
0.875,0.49323232323232324,0.6651527553171963,0.003293723836993223
0.875,0.5234343434343435,0.6782553470474727,0.003294672390657727
0.875,0.5536363636363637,0.6903710851264457,0.003297900397586817
0.875,0.5838383838383838,0.7016074200065037,0.0033030081953777657
0.875,0.614040404040404,0.7120567484995576,0.0033096756383173
0.875,0.6442424242424243,0.7217989609418266,0.0033176436971378287
0.875,0.6744444444444445,0.7309034880757779,0.003326700907694491
0.875,0.7046464646464646,0.7394309585857376,0.0033366732435893276
0.875,0.7348484848484849,0.747434551193906,0.0033474164469289303
0.875,0.7650505050505051,0.7549611048686236,0.003358810150395408
0.875,0.7952525252525253,0.7620520362818718,0.003370753322690767
0.875,0.8254545454545454,0.7687441023845992,0.0033831607038630196
0.875,0.8556565656565657,0.775070037832281,0.003395959989571873
0.875,0.8858585858585859,0.7810590905400263,0.003409089587999903
0.875,0.9160606060606061,0.7867374738945073,0.0034224968188869553
0.875,0.9462626262626262,0.7921287503603949,0.0034361364569652775
0.875,0.9764646464646465,0.7972541583453346,0.003449969545971321
0.875,1.0066666666666666,0.8021328918094636,0.003463962426874634
0.875,1.036868686868687,0.8067823405378307,0.003478085936907238
0.875,1.067070707070707,0.8112182972368192,0.003492314745774605
0.875,1.0972727272727274,0.8154551367773538,0.003506626802676216
0.875,1.1274747474747475,0.8195059718042416,0.0035210028734122822
0.875,1.1576767676767676,0.8233827883213901,0.0035354261511630902
0.875,1.187878787878788,0.8270965641394729,0.003549881927744636
0.875,1.218080808080808,0.830657372704288,0.003564357314885358
0.875,1.2482828282828282,0.8340744743471686,0.0035788410069836907
0.875,1.2784848484848486,0.8373563966988959,0.003593323078423305
0.875,1.3086868686868687,0.8405110057598264,0.0036077948098443002
0.875,1.338888888888889,0.8435455688440814,0.0036222485387527037
0.875,1.3690909090909091,0.8464668104692636,0.003636677530650001
0.875,1.3992929292929293,0.8492809621154822,0.0036510758675338817
0.875,1.4294949494949496,0.8519938065901728,0.0036654383511895983
0.875,1.4596969696969697,0.8546107176901174,0.0036797604190581534
0.875,1.4898989898989898,0.8571366957815462,0.0036940380708903042
0.875,1.5201010101010102,0.8595763995871235,0.003708267804614307
0.875,1.5503030303030303,0.8619341749850282,0.00372244656017795
0.875,1.5805050505050506,0.8642140807517129,0.003736571670236666
0.875,1.6107070707070708,0.8664199119286715,0.0037506408167624627
0.875,1.6409090909090909,0.8685552209091321,0.0037646519928065114
0.875,1.6711111111111112,0.8706233364726319,0.0037786034687314896
0.875,1.7013131313131313,0.8726273811592051,0.003792493762337923
0.875,1.7315151515151515,0.8745702870075308,0.0038063216123738197
0.875,1.7617171717171718,0.8764548097958597,0.0038200859550479027
0.875,1.791919191919192,0.8782835421576323,0.0038337859031361
0.875,1.8221212121212123,0.8800589254511177,0.0038474207273744288
0.875,1.8523232323232324,0.881783260642212,0.0038609898398775933
0.875,1.8825252525252525,0.8834587182447247,0.0038744927793379347
0.875,1.9127272727272728,0.8850873474359728,0.0038879291977995667
0.875,1.942929292929293,0.8866710844325861,0.0039012988487918676
0.875,1.9731313131313133,0.8882117601496246,0.003914601576759491
0.875,2.0033333333333334,0.8897111072804791,0.0039278373075075645
0.875,2.0335353535353535,0.8911707667818278,0.003941006039677397
0.875,2.0637373737373736,0.8925922938829998,0.003954107837065068
0.875,2.093939393939394,0.8939771635863077,0.003967142821724723
0.875,2.1241414141414143,0.8953267757968324,0.003980111167736222
0.875,2.1543434343434344,0.8966424600344025,0.003993013095608511
0.875,2.1845454545454546,0.8979254798007998,0.004005848867240314
0.875,2.2147474747474747,0.899177036628531,0.004018618781344463
0.875,2.244949494949495,0.900398273834274,0.0040313231693573925
0.875,2.2751515151515154,0.901590280002549,0.004043962391700795
0.875,2.3053535353535355,0.9027540922172912,0.004056536834437852
0.875,2.3355555555555556,0.9038906990874148,0.004069046906233886
0.875,2.3657575757575757,0.9050010435215762,0.004081493035607897
0.875,2.395959595959596,0.9060860253595979,0.0040938756684494315
0.875,2.4261616161616164,0.9071465037940858,0.004106195265767498
0.875,2.4563636363636365,0.9081832996504182,0.0041184523016555286
0.875,2.4865656565656566,0.9091971974831637,0.0041306472614472955
0.875,2.5167676767676768,0.9101889475801838,0.00414278064004292
0.875,2.546969696969697,0.9111592678018728,0.0041548529404036305
0.875,2.5771717171717174,0.9121088453170358,0.004166864672189519
0.875,2.6073737373737376,0.9130383382254166,0.004178816350490555
0.875,2.6375757575757577,0.9139483770785266,0.004190708494739015
0.875,2.667777777777778,0.9148395663067733,0.004202541627677414
0.875,2.697979797979798,0.9157124855572457,0.004214316274437024
0.875,2.728181818181818,0.9165676909523824,0.0042260329617167525
0.875,2.7583838383838386,0.9174057162697652,0.004237692217022859
0.875,2.7885858585858587,0.9182270740558067,0.004249294568001494
0.875,2.818787878787879,0.9190322566673305,0.004260840541821187
0.875,2.848989898989899,0.9198217372590588,0.004272330664623514
0.875,2.879191919191919,0.920595970710499,0.004283765461022382
0.875,2.9093939393939396,0.9213553944977236,0.004295145453663496
0.875,2.9395959595959598,0.9221004295185361,0.004306471162826009
0.875,2.96979797979798,0.9228314808717336,0.004317743106059924
0.875,3.0,0.9235489385906565,0.004328961797859909
0.9125,0.01,0.03887074611994452,0.014799118401653821
0.9125,0.040202020202020204,0.1398469135212818,0.006541703382034303
0.9125,0.07040404040404041,0.22161934431877922,0.004975638969460627
0.9125,0.10060606060606062,0.2891914603687466,0.004294665774084994
0.9125,0.13080808080808082,0.345967243149254,0.003917998012809676
0.9125,0.16101010101010102,0.39434305061337455,0.003683660656011112
0.9125,0.19121212121212122,0.4360548189855371,0.003527633815162856
0.9125,0.22141414141414142,0.4723909371441571,0.003419306516882381
0.9125,0.2516161616161616,0.5043277566581897,0.0033421380482183682
0.9125,0.2818181818181818,0.5326186716847725,0.003286389674917567
0.9125,0.31202020202020203,0.5578543283004772,0.003245950032189082
0.9125,0.3422222222222222,0.5805043211324599,0.003216790228743216
0.9125,0.37242424242424244,0.6009466948047878,0.0031961478035802404
0.9125,0.40262626262626267,0.6194892182391054,0.003182066950022433
0.9125,0.43282828282828284,0.6363849897497879,0.0031731255877001097
0.9125,0.46303030303030307,0.6518440605781233,0.003168266205223924
0.9125,0.49323232323232324,0.6660422137478893,0.0031666871429192334
0.9125,0.5234343434343435,0.6791276786560371,0.0031677705220525265
0.9125,0.5536363636363637,0.6912263263566538,0.003171033172121085
0.9125,0.5838383838383838,0.7024457320341818,0.0031760924282966396
0.9125,0.614040404040404,0.712878382741766,0.003182641797942365
0.9125,0.6442424242424243,0.7226042331089123,0.003190433329986142
0.9125,0.6744444444444445,0.7316927585840277,0.0031992646311167494
0.9125,0.7046464646464646,0.7402046178031599,0.003208969163005504
0.9125,0.7348484848484849,0.7481930082332705,0.0032194088950066035
0.9125,0.7650505050505051,0.7557047791461396,0.003230468673294018
0.9125,0.7952525252525253,0.762781351130874,0.0032420518580194013
0.9125,0.8254545454545454,0.7694594802995816,0.0032540769088293953
0.9125,0.8556565656565657,0.7757718968929556,0.0032664746879800255
0.9125,0.8858585858585859,0.7817478417930989,0.0032791863120320563
0.9125,0.9160606060606061,0.7874135194666819,0.0032921614270904342
0.9125,0.9462626262626262,0.7927924821221417,0.0033053568139587153
0.9125,0.9764646464646465,0.7979059569835562,0.003318735252520133
0.9125,1.0066666666666666,0.802773126289984,0.003332264591241474
0.9125,1.036868686868687,0.8074113677521155,0.0033459169803053967
0.9125,1.067070707070707,0.811836461886133,0.0033596682361374253
0.9125,1.0972727272727274,0.8160627713895098,0.0033734973120289613
0.9125,1.1274747474747475,0.8201033968772443,0.003387385855063263
0.9125,1.1576767676767676,0.8239703125282006,0.0034013178335341454
0.9125,1.187878787878788,0.8276744846103612,0.003415279222368506
0.9125,1.218080808080808,0.8312259753408798,0.0034292577363554955
0.9125,1.2482828282828282,0.834634034170675,0.0034432426031065777
0.9125,1.2784848484848486,0.8379071782268785,0.0034572243691595173
0.9125,1.3086868686868687,0.8410532633739374,0.0034711947337422444
0.9125,1.338888888888889,0.8440795471776905,0.003485146405848294
0.9125,1.3690909090909091,0.8469927447882551,0.003499072980965634
0.9125,1.3992929292929293,0.8497990787016998,0.003512968834441077
0.9125,1.4294949494949496,0.8525043231013667,0.0035268290289689475
0.9125,1.4596969696969697,0.8551138435413874,0.00354064923414521
0.9125,1.4898989898989898,0.857632632452796,0.0035544256563262433
0.9125,1.5201010101010102,0.8600653410290303,0.00356815497732188
0.9125,1.5503030303030303,0.8624163078858347,0.003581834300698583
0.9125,1.5805050505050506,0.8646895848912192,0.003595461104639597
0.9125,1.6107070707070708,0.8668889604677685,0.003609033200478784
0.9125,1.6409090909090909,0.8690179806605515,0.003622548696169403
0.9125,1.6711111111111112,0.8710799682169952,0.003636005963990163
0.9125,1.7013131313131313,0.87307803989434,0.00364940361200472
0.9125,1.7315151515151515,0.8750151221652803,0.00366274045879611
0.9125,1.7617171717171718,0.8768939655392998,0.003676015510981845
0.9125,1.791919191919192,0.8787171575820754,0.003689227943284079
0.9125,1.8221212121212123,0.8804871348074575,0.0037023770807569356
0.9125,1.8523232323232324,0.8822061935416162,0.0037154623829576128
0.9125,1.8825252525252525,0.8838764998605785,0.0037284834298154657
0.9125,1.9127272727272728,0.8855000986992826,0.0037414399089950034
0.9125,1.942929292929293,0.8870789222033815,0.003754331604613581
0.9125,1.9731313131313133,0.88861479739334,0.0037671583870879655
0.9125,2.0033333333333334,0.8901094532313565,0.0037799202040789126
0.9125,2.0335353535353535,0.8915645270972106,0.0037926170723425745
0.9125,2.0637373737373736,0.8929815707821074,0.0038052490703990305
0.9125,2.093939393939394,0.8943620560091348,0.0038178163319437797
0.9125,2.1241414141414143,0.8957073795286999,0.0038303190399411324
0.9125,2.1543434343434344,0.8970188678324961,0.0038427574212673843
0.9125,2.1845454545454546,0.8982977815183494,0.0038551317419097675
0.9125,2.2147474747474747,0.8995453193314127,0.0038674423026185956
0.9125,2.244949494949495,0.9007626219095877,0.0038796894350012767
0.9125,2.2751515151515154,0.9019507752588533,0.003891873497968046
0.9125,2.3053535353535355,0.9031108140081917,0.003903994874549177
0.9125,2.3355555555555556,0.9042437243710789,0.003916053968997746
0.9125,2.3657575757575757,0.9053504469787177,0.003928051204196592
0.9125,2.395959595959596,0.9064318794768699,0.00393998701924736
0.9125,2.4261616161616164,0.907488878940091,0.003951861867393935
0.9125,2.4563636363636365,0.908522264154827,0.003963676214046918
0.9125,2.4865656565656566,0.9095328177244781,0.003975430535037905
0.9125,2.5167676767676768,0.9105212880460894,0.003987125315048301
0.9125,2.546969696969697,0.9114883911637645,0.003998761046150712
0.9125,2.5771717171717174,0.9124348124943301,0.004010338226541066
0.9125,2.6073737373737376,0.9133612084503527,0.0040218573593289175
0.9125,2.6375757575757577,0.9142682079557907,0.004033318951506715
0.9125,2.667777777777778,0.9151564138699536,0.004044723512953485
0.9125,2.697979797979798,0.9160264043300578,0.004056071555604834
0.9125,2.728181818181818,0.916878733998567,0.004067363592628936
0.9125,2.7583838383838386,0.9177139352396297,0.004078600137745303
0.9125,2.7885858585858587,0.9185325192395462,0.004089781704565754
0.9125,2.818787878787879,0.9193349770406505,0.004100908806028647
0.9125,2.848989898989899,0.9201217805276792,0.0041119819538786295
0.9125,2.879191919191919,0.920893383352113,0.004123001658191017
0.9125,2.9093939393939396,0.9216502218053919,0.004133968426954793
0.9125,2.9395959595959598,0.9223927156384706,0.004144882765707569
0.9125,2.96979797979798,0.9231212688423527,0.004155745177172099
0.9125,3.0,0.9238362703772108,0.004166556160990487
0.95,0.01,0.039012216179753374,0.014216098135068522
0.95,0.040202020202020204,0.14030466419917093,0.0062864696431128575
0.95,0.07040404040404041,0.22227866988263914,0.0047831575867909315
0.95,0.10060606060606062,0.2899798697653715,0.004129669405926295
0.95,0.13080808080808082,0.34683755420021045,0.0037683270373816136
0.95,0.16101010101010102,0.3952638457296652,0.0035436183904475893
0.95,0.19121212121212122,0.43700479159753064,0.0033940804147980508
0.95,0.22141414141414142,0.4733554342205053,0.003290325057787147
0.95,0.2516161616161616,0.5052966029428452,0.0032164727403249938
0.95,0.2818181818181818,0.5335847639930288,0.0031631743567528403
0.95,0.31202020202020203,0.5588127056336407,0.003124563385797474
0.95,0.3422222222222222,0.5814515366333123,0.003096772624557431
0.95,0.37242424242424244,0.601880383820453,0.00307715069009995
0.95,0.40262626262626267,0.6204077965184667,0.0030638205826447606
0.95,0.43282828282828284,0.6372874396413338,0.0030554176492194607
0.95,0.46303030303030307,0.6527297777277018,0.003050927182109975
0.95,0.49323232323232324,0.6669108960166584,0.003049580047375544
0.95,0.5234343434343435,0.6799792448956471,0.003050783498107945
0.95,0.5536363636363637,0.692060856550441,0.0030540740674773748
0.95,0.5838383838383838,0.7032634228884881,0.003059084737799367
0.95,0.614040404040404,0.7136795145693506,0.0030655215840811323
0.95,0.6442424242424243,0.7233891450235044,0.0030731468521199012
0.95,0.6744444444444445,0.7324618298693313,0.0030817664972742076
0.95,0.7046464646464646,0.7409582538893965,0.003091220872638578
0.95,0.7348484848484849,0.7489316301484494,0.0031013776782413682
0.95,0.7650505050505051,0.7564288155891007,0.0031121265576827817
0.95,0.7952525252525253,0.7634912325394461,0.0031233749117314247
0.95,0.8254545454545454,0.7701556344212387,0.003135044622239791
0.95,0.8556565656565657,0.7764547455395188,0.0031470694646067443
0.95,0.8858585858585859,0.7824177984770255,0.0031593930467548326
0.95,0.9160606060606061,0.7880709877109512,0.0031719671545429318
0.95,0.9462626262626262,0.7934378542975803,0.003184750413781856
0.95,0.9764646464646465,0.7985396135590337,0.003197707200883304
0.95,1.0066666666666666,0.803395435374325,0.0032108067504337257
0.95,1.036868686868687,0.808022684884477,0.003224022419745065
0.95,1.067070707070707,0.8124371299981721,0.0032373310793714083
0.95,1.0972727272727274,0.8166531208991384,0.003250712605505912
0.95,1.1274747474747475,0.8206837458852995,0.0032641494551317596
0.95,1.1576767676767676,0.8245409670894379,0.00327762630880013
0.95,1.187878787878788,0.828235739052877,0.0032911297690207952
0.95,1.218080808080808,0.8317781126273488,0.0033046481045133635
0.95,1.2482828282828282,0.8351773262834313,0.003318171032637318
0.95,1.2784848484848486,0.8384418865490856,0.003331689533461857
0.95,1.3086868686868687,0.8415796391079448,0.003345195690489744
0.95,1.338888888888889,0.8445978317342746,0.003358682553698422
0.95,1.3690909090909091,0.8475031702011164,0.003372144021375423
0.95,1.3992929292929293,0.8503018680004935,0.0033855747379802903
0.95,1.4294949494949496,0.8529996907112414,0.0033989700055110372
0.95,1.4596969696969697,0.8556019956443265,0.003412325706418029
0.95,1.4898989898989898,0.8581137673521496,0.0034256382364326043
0.95,1.5201010101010102,0.8605396494938257,0.0034389044458622564
0.95,1.5503030303030303,0.8628839734873073,0.00345212158812358
0.95,1.5805050505050506,0.8651507843202015,0.0034652872746587793
0.95,1.6107070707070708,0.8673438638417875,0.00347839943519479
0.95,1.6409090909090909,0.8694667518156582,0.0034914562827608187
0.95,1.6711111111111112,0.8715227649878139,0.0035044562828299153
0.95,1.7013131313131313,0.8735150143768485,0.0035173981259406517
0.95,1.7315151515151515,0.875446420981558,0.003530280703571531
0.95,1.7617171717171718,0.877319730071816,0.0035431030865675783
0.95,1.791919191919192,0.8791375242024044,0.0035558645061335437
0.95,1.8221212121212123,0.8809022351016375,0.0035685643367828757
0.95,1.8523232323232324,0.8826161545143018,0.0035812020812375778
0.95,1.8825252525252525,0.8842814441368358,0.0035937773568885945
0.95,1.9127272727272728,0.8859001447124053,0.003606289883718583
0.95,1.942929292929293,0.8874741843727634,0.0036187394735183176
0.95,1.9731313131313133,0.8890053863007054,0.0036311260201826734
0.95,2.0033333333333334,0.8904954757738236,0.003643449491057993
0.95,2.0335353535353535,0.8919460866523348,0.0036557099191512066
0.95,2.0637373737373736,0.8933587673504784,0.0036679073961314312
0.95,2.093939393939394,0.8947349863524507,0.003680042066024569
0.95,2.1241414141414143,0.8960761373063754,0.0036921141195929152
0.95,2.1543434343434344,0.8973835437263161,0.003704123789204372
0.95,2.1845454545454546,0.8986584633539871,0.0037160713442583315
0.95,2.2147474747474747,0.8999020921929612,0.0037279570870407674
0.95,2.244949494949495,0.9011155682494386,0.0037397813489623566
0.95,2.2751515151515154,0.9022999750064035,0.003751544487246239
0.95,2.3053535353535355,0.9034563446517763,0.003763246881797855
0.95,2.3355555555555556,0.9045856610785515,0.0037748889325133206
0.95,2.3657575757575757,0.9056888626729618,0.0037864710567727666
0.95,2.395959595959596,0.9067668449184717,0.0037979936871757047
0.95,2.4261616161616164,0.9078204628201724,0.003809457269525307
0.95,2.4563636363636365,0.9088505331661574,0.0038208622609545717
0.95,2.4865656565656566,0.9098578366379768,0.0038322091283071735
0.95,2.5167676767676768,0.9108431197832068,0.003843498346583152
0.95,2.546969696969697,0.9118070968665292,0.0038547303975959846
0.95,2.5771717171717174,0.9127504515867387,0.0038659057687440157
0.95,2.6073737373737376,0.9136738387032672,0.0038770249518724764
0.95,2.6375757575757577,0.914577885546416,0.0038880884422893836
0.95,2.667777777777778,0.915463193439697,0.003899096737827401
0.95,2.697979797979798,0.9163303390332052,0.00391005033803693
0.95,2.728181818181818,0.917179875562954,0.00392094974343804
0.95,2.7583838383838386,0.9180123340118473,0.003931795454845899
0.95,2.7885858585858587,0.9188282242339695,0.003942587972755263
0.95,2.818787878787879,0.9196280359857341,0.003953327796812012
0.95,2.848989898989899,0.9204122399095019,0.003964015425314216
0.95,2.879191919191919,0.9211812884567767,0.003974651354764491
0.95,2.9093939393939396,0.9219356167577134,0.003985236079489418
0.95,2.9395959595959598,0.9226756434434799,0.00399577009126828
0.95,2.96979797979798,0.92340177141916,0.004006253879027977
0.95,3.0,0.9241143885987619,0.004016687928542373
