a,tau_ru_0.25_LF_0.05,tau_ru_0.25_LF_0.95,tau_ru_0.33_LF_0.05,tau_ru_0.33_LF_0.95,tau_ru_0.40_LF_0.05,tau_ru_0.40_LF_0.95,tau_ru_0.48_LF_0.05,tau_ru_0.48_LF_0.95,tau_ru_0.56_LF_0.05,tau_ru_0.56_LF_0.95,tau_ru_0.63_LF_0.05,tau_ru_0.63_LF_0.95,tau_ru_0.71_LF_0.05,tau_ru_0.71_LF_0.95,tau_ru_0.79_LF_0.05,tau_ru_0.79_LF_0.95,tau_ru_0.86_LF_0.05,tau_ru_0.86_LF_0.95,tau_ru_0.94_LF_0.05,tau_ru_0.94_LF_0.95,tau_ru_1.02_LF_0.05,tau_ru_1.02_LF_0.95,tau_ru_1.09_LF_0.05,tau_ru_1.09_LF_0.95,tau_ru_1.17_LF_0.05,tau_ru_1.17_LF_0.95,tau_ru_1.24_LF_0.05,tau_ru_1.24_LF_0.95,tau_ru_1.32_LF_0.05,tau_ru_1.32_LF_0.95,tau_ru_1.40_LF_0.05,tau_ru_1.40_LF_0.95,tau_ru_1.47_LF_0.05,tau_ru_1.47_LF_0.95,tau_ru_1.55_LF_0.05,tau_ru_1.55_LF_0.95,tau_ru_1.63_LF_0.05,tau_ru_1.63_LF_0.95,tau_ru_1.70_LF_0.05,tau_ru_1.70_LF_0.95,tau_ru_1.78_LF_0.05,tau_ru_1.78_LF_0.95,tau_ru_1.86_LF_0.05,tau_ru_1.86_LF_0.95,tau_ru_1.93_LF_0.05,tau_ru_1.93_LF_0.95,tau_ru_2.01_LF_0.05,tau_ru_2.01_LF_0.95,tau_ru_2.09_LF_0.05,tau_ru_2.09_LF_0.95,tau_ru_2.16_LF_0.05,tau_ru_2.16_LF_0.95,tau_ru_2.24_LF_0.05,tau_ru_2.24_LF_0.95,tau_ru_2.32_LF_0.05,tau_ru_2.32_LF_0.95,tau_ru_2.39_LF_0.05,tau_ru_2.39_LF_0.95,tau_ru_2.47_LF_0.05,tau_ru_2.47_LF_0.95,tau_ru_2.55_LF_0.05,tau_ru_2.55_LF_0.95,tau_ru_2.62_LF_0.05,tau_ru_2.62_LF_0.95,tau_ru_2.70_LF_0.05,tau_ru_2.70_LF_0.95,tau_ru_2.78_LF_0.05,tau_ru_2.78_LF_0.95,tau_ru_2.85_LF_0.05,tau_ru_2.85_LF_0.95,tau_ru_2.93_LF_0.05,tau_ru_2.93_LF_0.95,tau_ru_3.01_LF_0.05,tau_ru_3.01_LF_0.95,tau_ru_3.08_LF_0.05,tau_ru_3.08_LF_0.95,tau_ru_3.16_LF_0.05,tau_ru_3.16_LF_0.95,tau_ru_3.23_LF_0.05,tau_ru_3.23_LF_0.95,tau_ru_3.31_LF_0.05,tau_ru_3.31_LF_0.95,tau_ru_3.39_LF_0.05,tau_ru_3.39_LF_0.95,tau_ru_3.46_LF_0.05,tau_ru_3.46_LF_0.95,tau_ru_3.54_LF_0.05,tau_ru_3.54_LF_0.95,tau_ru_3.62_LF_0.05,tau_ru_3.62_LF_0.95,tau_ru_3.69_LF_0.05,tau_ru_3.69_LF_0.95,tau_ru_3.77_LF_0.05,tau_ru_3.77_LF_0.95,tau_ru_3.85_LF_0.05,tau_ru_3.85_LF_0.95,tau_ru_3.92_LF_0.05,tau_ru_3.92_LF_0.95,tau_ru_4.00_LF_0.05,tau_ru_4.00_LF_0.95
0.2,1602324.9388634171,78500.61832230954,1487183.4490260484,73223.5335571102,1387480.4707781,68611.24676542447,1300306.0310577475,64545.57692602186,1223438.2507279492,60934.78800384105,1155151.3127057413,57706.5839357172,1094084.3405788501,54803.218257104956,1039149.7792720441,52178.009294259085,989468.0576200405,49792.8111564428,944320.1384236278,47616.1480525585,903112.4920500609,45621.81745579472,865350.8573381503,43787.830183162245,830620.3210815099,42095.59624652,798570.0094295717,40529.292461989244,768901.1917986636,39075.36617562925,741357.9416027911,37722.14210835537,715719.7348508849,36459.508158879165,691795.5331741372,35278.66226369396,669419.015180316,34171.906905817326,648444.7042784945,33132.48112678069,628744.8023293281,32154.422292289768,610206.583444545,31232.451639622508,592730.2356367306,30361.878966522992,576227.0630340799,29538.522828025623,560617.9802901584,28758.643375114774,545832.2452442262,28018.88555892057,531806.3869770556,27316.230880830117,518483.2949961883,26647.95622502038,505811.44198434526,26011.59858950695,493744.21780592675,25404.924752702642,482239.3566244285,24825.9050880676,471258.4422893879,24272.69087980587,460766.4797948666,23743.5946053975,450731.52273674257,23237.072741925895,441124.34841365664,22751.710727191858,431918.17361141765,22286.209767004977,423088.40524898254,21839.375229543843,414612.4209971896,21410.10640842004,406469.3757495612,20997.387469756057,398640.0304594705,20600.27942653047,391106.6003849404,20217.91300671907,383852.6202213583,19849.48230121845,376862.82396945334,19494.239093862543,370123.03769386583,19151.487789583367,363620.08358692063,18820.580868371097,357341.6939712088,18500.914802518917,351276.43406011787,18191.926382990598,345413.6324531187,17893.08940786638,339743.3184769945,17603.91169190544,334256.16559903417,17323.932361474624
0.20460921843687377,1599313.4976686637,78322.0456512016,1486196.046055365,73142.1027445556,1388022.914228919,68604.82258114532,1302016.0930668828,64597.59068821803,1226045.9395632995,61032.65195336211,1158452.4505405445,57840.60983167014,1097922.567739599,54965.864134769174,1043404.0381989632,52363.344887006344,994043.7246752462,49996.132105640856,949142.6352236149,47833.69327838762,908122.6139606494,45850.55927478948,870501.3113493945,44025.31651761559,835873.1285147871,42339.83065935584,803894.535720349,40778.64201010297,774272.6367527549,39328.489962593805,746756.1717320628,37977.93540574592,721128.3725601836,36717.058353990404,697201.2407121628,35537.21387381771,674810.9276248525,34430.833602764455,653813.9775293692,33391.2632248312,634084.2505494294,32412.62852562687,615510.3865791115,31489.7243308659,597993.7022105266,30617.921893491068,581446.4368300086,29793.09125044817,565790.2820703062,29011.535800244208,550955.1426111979,28269.936914557496,536878.0869514226,27565.306833203984,523502.45502167474,26894.948432363828,510777.0959510866,26256.420723795454,498655.7143662601,25647.50915468747,487096.30761148967,25066.19994649213,476060.6794708406,24510.657846128917,465514.01852830866,23979.206771638306,455424.5313593668,23470.312922297737,445763.122411518,22982.56999469708,436503.1137846332,22514.68620465875,427619.9992271742,22065.472862790855,419091.2275713118,21633.834290931278,410896.0115772506,21218.758899394485,403015.15877537924,20819.31127205471,395430.9214084452,20434.62512891021,388126.8630041615,20063.897054692978,381087.73946696083,19706.38089797322,374299.39287848317,19361.382758590702,367748.656449858,19028.256492554712,361423.2692830822,18706.399673143096,355311.7997804287,18395.24995508345,349403.5766952717,18094.28179565233,343688.62694943335,17803.003492473046,338157.61945479066,17520.954502890618
0.2092184368737475,1596224.9277413657,78140.8686932083,1485074.1994975707,73055.1455217353,1388395.3706812018,68590.96841137967,1303534.8166194793,64640.95671413547,1228450.3150612207,61121.11820685926,1161544.5504463904,57964.810174163336,1101550.215683056,55118.479717736016,1047448.9724082944,52538.60034192238,998413.174257471,50189.430390026915,953763.2272645477,48041.34710765172,912935.9017906002,46069.59095525453,875460.4491064477,44253.30695199799,840940.368424681,42574.80418729431,809039.3239338379,41018.97769197756,779470.1501002487,39572.852601154154,751986.1829954934,38225.221456713276,726374.3630964096,36966.3531779686,702449.7011275196,35787.75770550349,680050.8027041061,34681.99427695829,659036.2227463507,33642.51418067976,639281.4755566153,32663.530964192327,620676.5669882365,31739.912663160147,603123.9453532561,30867.091812025552,586536.7904557822,30040.98990506294,570837.577399213,29257.95367123751,555956.8650272861,28514.70106208983,541832.2690497526,27808.27526822698,528407.5878218653,27136.005405769152,515632.05494225275,26495.472770663913,503459.69771285815,25884.48176209479,491848.78437102155,25301.034738280934,480761.3460857626,24743.31019788094,470162.76218080724,24209.643784911736,460021.3990377992,23698.511699897652,450308.2947456976,23208.51616898733,440996.882874827,22738.37267921548,432062.7498272135,22286.898734439867,423483.4210962076,21853.00392471557,415238.1724953404,21435.681133529248,407307.86301833455,21033.998733637156,399674.7864926485,20647.093644214452,392322.53960653,20274.165140416488,385235.90423926176,19914.4693219093,378400.7423181501,19567.31415995778,371803.901673563,19232.05505368191,365433.1315728748,18908.09083544262,359277.00679195585,18594.860173275243,353324.8592341144,18291.838325078756,347566.71623548405,17998.534205078486,341993.2448063043,17714.487728065167
0.21382765531062126,1593068.1243026343,77957.46811712885,1483828.8166210358,72963.1554835332,1388609.5691454194,68570.23219821561,1304874.0824190485,64676.24255322257,1230663.0365964451,61200.75337562214,1164438.8499013942,58079.73868360999,1104978.0005646837,55261.59914569852,1051294.73677039,52704.286772446234,1002585.9946939723,50373.19265210054,958190.9508926803,48239.57149223078,917560.865274301,46279.35027508642,880236.2844400888,44472.216033515375,845829.5914847358,42800.90932019406,814011.4944064212,41250.67121905123,784500.4535988125,39808.80633077725,757054.3286486737,38464.33431468172,731463.7193067783,37207.70973503235,707546.6128643481,36030.59508556265,685144.0483882467,34925.67557676191,664116.5793590209,33886.506987762,644341.3682950898,32907.38989523943,625709.7854428123,31983.265094187824,608125.4123718102,31109.62615849489,591502.3729992659,30282.445951187605,575763.9310585669,29498.114555218806,560841.3056724424,28753.38660648419,546672.6664604913,28045.33640836473,533202.2772141431,27371.319518693996,520379.7631296824,26728.939745837633,508159.4812883957,26116.020685633335,496499.97780111246,25530.581086648297,485363.51801000594,24970.813456192816,474715.6785286123,24435.065420377738,464524.99182773154,23921.82343328817,454762.63563716004,23429.698496987603,445402.1607060815,22957.41360861886,436419.2515067678,22503.79269571905,427791.5153227115,22067.750837895244,419498.29586933984,21648.285603702327,411520.50818148087,21244.469357105958,403840.4919893413,20855.44240924602,396441.8812119476,20480.406909095484,389309.48753826355,20118.621381646775,382429.19635317766,19769.395834945768,375787.8735076794,19432.087368032928,369373.2816374757,19106.096220969528,363174.00490826985,18790.862215890604,357179.381214059,18485.861544656636,351379.44098128536,18190.603864352484,345764.85183997144,17904.62966675609
0.218436873747495,1589851.157554998,77772.18720656948,1482469.9145141016,72866.58423154183,1388676.358525325,68543.11922841068,1306044.9354028434,64703.97441469854,1232694.9857727392,61272.08497205564,1167145.8699272412,58185.912585886355,1108215.9816719487,55395.722732125934,1054950.8848565083,52860.88404410238,1006571.2236995685,50547.87670094357,962434.337515401,48428.80177164897,922005.5500956936,46480.25042182758,884836.4036211724,44682.43554892015,850547.953342213,43018.51743834217,818817.8014653557,41474.074680627964,789369.9289110223,40036.68510884943,761966.6450381263,38695.59095914761,736402.1579212085,37441.429146105336,712497.3969404822,36266.012343689945,690095.8120675596,35162.150046851835,669059.9414417311,34123.50134690705,649268.5881500499,33144.45305133138,630614.4836901872,32220.018199783695,613002.3429696901,31345.751102299022,596347.2363760789,30517.675844334586,580573.2202097691,29732.225832442833,565612.1788747743,28986.19244137126,551402.8415886677,28276.68120312425,537889.9436739289,27601.074276600564,525023.5082217681,26956.99817189814,512758.2284439446,26342.295890528112,501052.9346229784,25755.002792379255,489870.1324439224,25193.325620509728,479175.60179920605,24655.62421198329,468938.0470225225,24140.39550183808,459128.7910212085,23646.259491616802,449721.5070109284,23171.946906612906,440691.98256780294,22716.28830938165,432017.91154528566,22278.20447292731,423678.7100906968,21856.697846734067,415655.3535667208,21450.844973590716,407930.2316581853,21059.78973587659,400487.0193414171,20682.737327354454,393310.5617264532,20318.948861143846,386386.7710625927,19967.73653690042,379702.5344343648,19628.459300689847,373245.6308753684,19300.518939934896,367004.65679766,18983.356563389178,360968.9587793975,18676.449422564066,355128.57287735696,18379.308036581268,349474.1697370937,18091.473587187826
0.22304609218436874,1586581.3554554314,77585.33573684168,1481006.70217145,72765.84536006932,1388605.7838840855,68510.09593360919,1307057.6536337568,64724.64066896207,1234556.327916462,61335.604584282155,1169675.4697680683,58283.81547056826,1111273.6100648707,55521.31953241809,1058426.4123278868,53008.843083806045,1010377.3872374784,50713.91359375909,966501.4485691695,48609.44855556319,926277.5695087756,46672.68170166214,889267.9940965774,44884.336082307884,855102.2408601718,43227.98023828703,823464.6575061907,41689.52185425087,794084.6397946851,40256.80581971805,766728.872139048,38919.29241548015,741195.1186362134,37667.79758973532,717307.2147464798,36494.28178339387,694910.9972108917,35391.67703681449,673870.9733551244,34353.74451920865,654067.5776787311,33374.95641321086,635394.8983667417,32450.39743177684,617758.7824209706,31575.682263021507,601075.2478345399,30746.886016468907,585269.1462907523,29960.485342990978,570273.0314527205,29213.3083651162,556026.196890587,28502.491917094372,542473.8547036216,27825.44487926806,529566.4314036989,27179.816616915723,517258.96198354056,26563.469713300703,505510.5665593721,25974.456330393696,494283.9967510854,25410.9976464079,483545.2411941464,24871.465912854128,473263.1813816452,24354.368749882666,463409.2905009643,23858.33536079667,453957.3691264888,23382.104397579857,444883.31261140807,22924.513251264376,436164.90583014314,22484.4885756952,427781.64159157133,22061.037882091,419714.5595983694,21653.242065846658,411946.1032904731,21260.24874713993,404459.9922976521,20881.26632379508,397241.1085510388,20515.55864908365,390275.3943770196,20162.440259166582,383549.7611280429,19821.272085074368,377052.00710079126,19491.4575927882,370770.74365870253,19172.43930237475,364695.3286177873,18863.695643446015,358815.8060760646,18564.738109632788,353122.8519709773,18275.108679417423
0.2276553106212425,1583265.3772109551,77397.19340651584,1479447.6539714625,72661.31801425782,1388407.155109067,68471.59330305971,1307921.8106019052,64738.69500652284,1236256.5678818095,61391.770750757845,1172036.896648867,58373.89988674286,1114159.7729369388,55638.82968186964,1061729.7965763076,53148.58798627648,1014012.5350716598,50871.7095375242,970399.9075446648,48781.899445750736,930384.1333208475,46857.013104286816,893537.8708447673,45078.26844268022,859498.8961966041,43429.631040280874,827958.1550926015,41897.32940783819,798650.3524747103,40469.46938425059,771346.4724121559,39135.72478283265,745847.7816375847,37887.08725774722,721980.9843882677,36715.662573472015,699594.2786600539,35614.503535413234,678554.1241054494,34577.47210911169,658742.5761321511,33599.12494693499,640055.0737664495,32674.617813724366,622398.5936589935,31799.625368735007,605690.101428438,30970.273500365445,589855.2459288227,30183.081980239094,574827.253117177,29434.915646093992,560545.9848086509,28722.942669414377,546957.1343385447,28044.598736571745,534011.5364486767,27397.55618842357,521664.5729110977,26779.69733562132,509875.65874440625,26189.09130498318,498607.7965554272,25623.97388356931,487827.1886954759,25082.729917225734,477502.89866617264,24563.877893711273,467606.55462985154,24066.056400492034,458112.0890402107,23588.012196536758,448995.50936157204,23128.589678062504,440234.6956305362,22686.721551812007,431809.2212639525,22261.420557402318,423700.194057376,21851.772103611613,415890.11476880737,21456.927703005196,408362.7510597347,21076.099105715264,401103.0248823595,20708.55304702678,394096.9116689452,20353.60653512446,387331.34990501933,20010.622615284225,380794.1598596507,19679.006555239535,374473.9704089203,19358.202403661235,368360.1530276535,19047.689879856673,362442.7621433509,18746.98155808514,356712.48114820506,18455.620314437627
0.23226452905811623,1579909.2786565914,77208.01288043988,1477800.5755621395,72553.35007189713,1388089.1088358467,68428.00995355195,1308646.3316571424,64746.559292624595,1237804.6007739357,61441.01156741052,1174238.8311270834,58456.589704201084,1116882.8341362511,55748.66652740546,1064869.0329970196,53280.51793839061,1017484.2733441024,51021.64762903684,974136.9293641227,48946.52061378344,934332.074501989,47033.593738116026,897652.5005884152,45264.56497429537,863744.0389363198,43623.78598914597,832304.0872759828,42097.79800437532,803072.5543782415,40674.96177983321,775824.6481479143,39345.160179337276,750365.0837185163,38099.557234154294,726523.3957198787,36930.40156798842,704150.1166977313,35830.864937984865,683113.6405512951,34794.9087847323,663297.6318901277,33817.17328190176,644598.8735816787,32892.88458081227,626925.4683903512,32017.776861420094,610195.328563038,31188.02650374083,594334.900970243,30400.196236513228,579278.0860300042,29651.18754234967,564965.3168988093,28938.199929634662,551342.7718787903,28258.69594249413,538361.6980856546,27610.37098731619,525977.8284621291,26991.12721964591,514150.8774443777,26399.050867976635,502844.1031737038,25832.392478024507,492023.9262301055,25289.54964788813,481659.5965533798,24769.051895229743,471722.9015929711,24269.54735551033,462187.9098530329,23789.79105790698,453030.74492379307,23328.63456483276,444229.3858532653,22885.01679354724,435763.4903454408,22457.955865443244,427614.2377968004,22046.54185122575,419764.18962183275,21649.93029916486,412197.16468589753,21267.336449554383,404898.1279728227,20898.030051964506,397853.09087529226,20541.33071326675,391049.0217166137,20196.60371407883,384473.76529962587,19863.256239510178,378115.97043781314,19540.73397711862,371965.0245596812,19228.51804100805,366010.994593845,18926.12218616374,360244.5734421691,18633.090281569235
0.23687374749499,1576518.57051502,77018.02249303933,1476072.663039078,72442.26099360637,1387659.6643827106,68379.71489552372,1309239.5452046245,64748.62615094479,1239208.7581227345,61483.72705582187,1176289.4284897677,58532.28226446483,1119450.6712347232,55851.21857419615,1067851.66823012,53405.00897984937,1020799.7944714195,51164.089449488754,977719.3473713074,49103.65824867879,938127.8736533952,47202.75414858861,901618.0240736748,45443.540761302946,867843.4864658979,43810.74515899448,836507.9663088664,42291.21331868846,807356.4713932592,40873.55497956309,780168.3574464518,39547.85761267355,754751.7331311617,38305.45430484217,730938.9241952794,37138.73406176582,708582.7700099752,36040.98575353696,687553.5795718164,35006.26894159266,667736.6139173982,34029.30633560193,649029.9917184678,33105.39376944667,631342.9373313593,32230.324454741243,614594.3077069585,31400.32493815143,598711.3477150546,30612.00070569596,583628.6336036252,29862.289780197403,569287.1722318855,29148.42297433247,555633.6299250135,28467.889711555705,542619.669698707,27818.40852569802,530201.3794926563,27197.901508714956,518338.77715944254,26604.472103573113,506995.3804507826,26036.385742273156,496137.83225747047,25492.052912633622,485735.57299369585,24970.014305674475,475760.5533486682,24468.9277513327,466186.9817194638,23987.556696240208,456991.1015363066,23524.760015304804,448150.99443257664,23079.482980370496,439646.40582634514,22650.749235496554,431458.58999175014,22237.653650347096,423570.17212586163,21839.355941596565,415965.0252749745,21455.074967754073,408628.16028567846,21084.083615895535,401545.6272004404,20725.70420987628,394704.42673283,20379.304379013807,388092.4306404208,20044.293334253518,381698.30996919796,19720.11850568627,375511.47027636203,19406.262501159843,369521.99305238156,19102.24035077225,363720.58266100864,18807.597006379634
0.24148296593186375,1573098.2704012638,76827.4286539498,1474270.5561844544,72328.34438016123,1387126.2743530208,68327.05002933758,1309709.229218744,64745.26130563631,1240476.8499766588,61520.29131753702,1178196.3565956,58601.35034320392,1121870.709488201,55946.85126579008,1070684.8306677192,53522.41561639619,1023965.9046212765,51299.37652783513,981153.6381646516,49253.639887175,941777.6815404652,47364.807530876256,905440.276601575,45615.494736839435,871802.7727601014,43990.793571032424,840575.0409061013,42477.84697472865,811507.083792296,41065.507818378144,784382.3289642419,39744.06378316491,759012.2232935401,38505.01370466892,735231.8436531967,37340.88448758934,712896.3076501574,36245.080257350615,691877.819297109,35211.75731522827,672063.2223359583,34235.719890245855,653351.9622764342,33312.33276140917,635654.3796527096,32437.447648806192,618890.2733515719,31607.340907059537,602987.6854351102,30818.66054698217,587881.8686163438,30068.380995772197,573514.4051403323,29353.764308327234,559832.4517869053,28672.326781354568,546788.0904241559,28021.810112228177,534337.7672890194,27400.15639682766,522441.8071676205,26805.486383132833,511063.9910571411,26236.080496459344,500171.18783790356,25690.362232778698,489733.0320656354,25166.883582350456,479721.64128421433,24664.312199855598,470111.36731689324,24181.42008167303,460878.5768647421,23717.073547711578,452001.4574608418,23270.224355745173,443459.8454261423,22839.901801652275,435235.0729705564,22425.205680254414,427309.83199896663,22025.299999325274,419668.0525309535,21639.407354399216,412294.7939369786,21266.803884732315,405176.1474420086,20906.814741554477,398299.1485578932,20558.810008921344,391651.6982845518,20222.201025293016,385222.49207234866,19896.437060651824,379000.955668228,19581.00230970267,372977.1870797433,19275.41316662535,367141.9039869768,18979.21575109354
0.24609218436873748,1569652.9493199384,76636.41799229564,1472400.3864377642,72211.87027070865,1386495.8704819644,68270.33240147648,1310062.6535643246,64736.80570742488,1241616.203331,61551.05449660918,1179966.8305150624,58664.14394308589,1124149.9529911971,56035.90861425538,1073375.258490538,53633.072299976666,1026989.0489997707,51427.8316856151,984445.9444781364,49396.77563784996,945287.339873367,47520.05084702144,909124.806976107,45780.7107056147,875627.1657291027,44164.202132638005,844510.3121903227,42657.95741084412,815529.1409468297,41251.06679299249,788471.0755436886,39934.01382574661,763150.8454597718,38698.45980786948,739406.2381358157,37537.06706061298,717094.6200989989,36443.353094230755,696090.0694898043,35411.56954750137,676280.9981977616,34436.60112582416,657568.168773043,33513.88078688969,639863.031708058,32639.31820600111,623086.3242900908,31809.239156961306,607166.8842442225,31020.333913497063,592040.6407093039,30269.613143082595,577649.7523736117,29554.37005389329,563941.8683250366,28872.14778447467,550869.4917038317,28220.71120809407,538389.4298548299,27598.0224699068,526462.317565378,27002.219692832805,515052.2023009874,26431.5983834071,504126.18223240995,25884.5951464712,493654.08937778126,25359.773381016228,483608.2114331712,24855.81068158409,473963.046890289,24371.487712593753,464695.08888502116,23905.678358529534,455782.6339195717,23457.340982495087,447205.6121816649,23025.51065030427,438945.4366684301,22609.292197934952,430984.868727719,22207.85403752566,423307.8979697941,21820.42261172437,415899.6347889274,21446.27741857033,408746.21397668845,21084.7465395846,401834.7081140735,20735.20261267373,395153.04960426316,20397.059199069437,388689.9603567357,20069.767500045393,382434.8882608144,19752.813384743687,376377.94969594275,19445.714695253166,370509.87741985946,19148.018799228314
0.25070140280561126,1566186.773303874,76445.15927104522,1470467.820184714,72093.08721129165,1385774.9052343348,68209.856246742,1310306.61855644,64723.57746640157,1242633.6972573134,61576.34456990579,1181607.6442819908,58720.99193391742,1126295.0132959294,56118.71469495894,1075929.3254682492,53737.29478861627,1029875.335155295,51549.76027446888,987602.0962918735,49533.35930905992,948662.4004975917,47668.76585642358,912676.8950153667,45939.458288022135,879321.6832593494,44331.22850499957,848318.5484430584,42831.79067969054,819427.1749439399,41430.466801744325,792438.9068288039,40117.93199644384,767171.7004495504,38886.00676699687,743466.0128308871,37727.48637484631,721181.4295046255,36635.99983696974,700193.8811568995,35605.89271091039,680393.3325323975,34632.12911364735,661681.8526829146,33710.209390223165,643971.9951136867,32836.10059153126,627185.4312802799,32006.17749502824,611251.7923814578,31217.172349067394,596107.6833234698,30466.131871708487,581695.8397181557,29750.380310980243,567964.404279797,29067.4875926497,554866.3033461375,28415.241756387986,542358.7077248291,27791.62502152371,530402.5648527953,27194.79293675992,518962.19150136027,26623.05615999895,508004.91807867575,26074.86448918198,497500.77706122067,25548.792826236873,487422.2292964926,25043.528806524406,477743.9229130728,24557.861867690786,468442.4803941154,24090.673566243844,459496.31004926737,23640.92897879817,450885.43868446484,23207.669048840384,442591.3627400495,22790.00375989988,434596.9155620757,22387.10603285641,426886.14880312374,21998.206259328872,419444.2262283784,21622.587395117513,412257.3284390807,21259.580547883354,405312.5672259773,20908.561001941693,398597.9084360134,20568.9446304698,392102.10238110565,20240.18465178348,385814.6209424219,19921.76869179274,379725.60063047096,19613.216119441207,373825.79095326026,19314.075625984686
0.255310621242485,1562703.5407584673,76253.80509871058,1468478.0978780058,71972.22411939845,1384969.3895995556,68145.89483937409,1310447.490140191,64705.87361148422,1243535.79505911,61596.46898245755,1183125.2000348077,58772.20355503446,1128312.1357356098,56195.575018982,1078353.0647322477,53835.381397385376,1032630.5544820364,51665.451316367216,990627.6303345893,49663.66944958847,951908.1431394065,47811.22006762365,916101.5677562384,46091.993792933776,882891.1080664524,44492.11790580779,852004.2987696236,42999.58118870713,823205.5132046256,41603.93182979854,796289.940958857,40296.032308383525,771078.7095222176,39067.85910506094,747414.9042169334,37912.33795606529,725160.2991773427,36823.20750408928,704192.6554620911,35794.90579471398,684403.4747360833,34822.47527396374,665696.1213549948,33901.48286173314,647984.2442388989,33027.95238189441,631190.4441475889,32198.307176330734,615245.1429617777,31409.321156070277,600085.6201284674,30658.07687693762,585655.1881315766,29941.929491114683,571902.4841351073,29258.47563574691,558780.8591407612,28605.526487349325,546247.8493498071,27981.084345453095,534264.7171058969,27383.322217724628,522796.05096333084,26810.565967100538,511809.41618306394,26261.27865350926,501275.04839091335,25734.046761763766,491165.5843046544,25227.568055769603,481455.8244003478,24740.640839317122,472122.52318377397,24272.154437013403,463144.2033922257,23821.080736628308,454500.9910005347,23386.4666572966,446174.4683633756,22967.427427449657,438147.5432098757,22563.14057270309,430404.3315294722,22172.84052773413,422930.05266039044,21795.813797876413,415710.93512271956,21431.3946060945,408734.13193380693,21078.960969464555,401987.64431038103,20737.931156519244,395460.25280412927,20407.760483010443,389141.4550393086,20087.938408964925,383021.4093255773,19777.985904490797,377090.88350926497,19477.453055748472
0.2599198396793587,1559206.716003705,76062.49346209706,1466436.0694409935,71849.49196705369,1384084.9274776587,68078.70217327018,1310491.232028253,64683.97169420524,1244328.5737426141,61611.7161431754,1184525.5347951725,58818.069793235576,1130207.223665918,56266.77779474798,1080652.1907070978,53927.614150589274,1035260.2020866778,51775.17855549221,993527.80812292,49787.97030994461,955029.5918356532,47947.667618489555,919403.6144691992,46238.561025578616,886340.0014658454,44647.103852805034,855571.9057743814,43161.55238645494,826868.2901925432,41771.675584565746,800028.1154220178,40468.51912182717,774875.6244716207,39244.212265026144,751256.4894826316,38091.80877502391,729034.642405726,37005.155040487465,708089.6520012537,35978.78015627568,688314.5403610878,35007.803800864946,669613.9553635488,34087.85863871626,651902.6331602756,33215.024644162964,635104.0983792795,32385.77326337761,619149.5602422766,31596.919736964635,603976.9709894086,30845.582224828315,589530.2194353166,30129.146627363694,575758.4375593197,29445.23619785281,562615.4020678127,28791.685201664655,550059.0160918388,28166.516007166047,538050.858773998,27567.919097826576,526555.7925918492,26994.23557999097,515541.6199639291,26443.94183018891,504978.7820701884,25915.63598277178,494840.09395394137,25408.02600555066,485100.5109066075,24919.91914988883,475736.92190841836,24450.2125939027,466727.96653861145,23997.88512426406,458053.87230186205,23561.989724548213,449696.30976337794,23141.646956919496,441638.26325888006,22736.039039819203,433863.9152602714,22344.404537734354,426358.542743389,21966.033590493906,419108.42412920063,21600.263619204678,412100.75556089106,21246.475454179046,405323.5754421136,20904.089837251813,398765.69630078104,20572.564256923313,392416.643161949,20251.390079956655,386266.597715705,19940.08994752986,380306.34765413275,19638.21540790712
0.2645290581162325,1555699.4594435873,75871.34910075662,1464346.226350921,71725.08530221127,1383126.7470043257,68008.51448910308,1310443.4350959891,64658.131252464154,1245017.751059671,61622.356794550826,1185814.3451050348,58858.864648098424,1131985.8608157597,56332.59508919011,1082832.1193672055,54014.25984423947,1037769.4951646728,51879.20142976229,996307.632667247,49906.5127314133,958031.5301638215,48078.35009115943,922587.6005876292,46379.3920362329,889672.716155905,44796.408853387766,859025.5173328305,43317.91739955833,830419.4582925949,41933.90208568963,803657.1971423735,40635.58769223987,778566.0370098879,39415.25312039153,754994.1952839309,38266.07772443482,732807.7306535656,37182.013764234696,711887.9964970356,36157.67994067413,692129.5183583954,35188.272057347924,673438.2153429586,34269.48767827876,655729.9021272283,33397.46228864472,638929.0212546812,32568.71496041324,622967.5654470641,31780.101911831134,607784.1575128605,31028.77665441901,593323.2616051603,30312.15566248461,579534.5044611315,29627.888692497087,566372.0891377396,28973.833033780378,553794.2868648372,28348.031096141676,541762.9951358119,27748.690840583204,530243.3521768145,27174.16864104569,519203.3995777378,26622.95423199747,508613.7862088368,26093.657451585328,498447.50764640706,25584.996535332404,488679.6762365466,25095.787752848097,479287.31767498166,24624.936211165008,470249.19060278265,24171.427674305618,461545.62623605755,23734.321270438984,453158.38548121165,23312.74297626749,445070.5313512264,22905.87978369188,437266.31480485835,22512.974466832617,429731.0723895734,22133.32087853775,422451.1342884728,21766.259714909727,415413.74155800877,21411.174694405992,408606.9715023181,21067.489104930897,402019.67026596045,20734.662678224162,395641.39184339216,20412.188755913976,389462.34280366695,20099.591715968454,383473.3321151587,19796.424632051938
0.26913827655310624,1552184.6547390681,75680.48474117639,1462212.730751355,71599.18362582209,1382099.7291233195,67935.55166406857,1310309.344300688,64628.59514812172,1245608.710351998,61628.64526845809,1186997.0097195473,58894.84629524369,1133653.331918353,56393.28389769089,1084897.9869679422,54095.5710269129,1040163.3900173325,51977.76596916342,998971.8639604314,50019.534969228014,960918.5153763923,48203.49726744578,925657.8806452892,46514.70781486208,892893.4080984803,44940.24504492422,862369.0975380758,43468.87962450495,833862.7979305933,42090.806213507436,807180.7918661027,40797.424679998,782153.3875011877,39581.16045019276,758631.3058958461,38435.31606282886,736482.7011909786,37353.94778242592,715590.6879626903,36331.762471307804,695851.2778208824,35364.030943103084,677171.6483510501,34446.51480445264,659468.6835812886,33575.40439722192,642667.7375519496,32747.26592465767,626701.5821892958,31958.996214001865,611509.5082087473,31207.7838590713,597036.5536948334,30491.07571716104,583232.8396943063,29806.547918835542,570052.9958945019,29152.080696976358,557455.6624516859,28525.736460678214,545403.0564444483,27925.740636240185,533860.5933784496,27350.4648762331,522796.5557560996,26798.412302055647,512181.8020219964,26268.204498350784,501989.5102598501,25758.57002136507,492194.95189451973,25268.33421955786,482775.29137948615,24796.41019490292,473709.40845395403,24341.79075848743,464977.74005747424,23903.541255099168,456562.13941162574,23480.793149222005,448445.7501324818,23072.738279815938,440612.8935360992,22678.623703915546,433048.9675516483,22297.74705982409,425740.3558708666,21929.452389827915,418674.3461445854,21573.12637016465,411839.05619241385,21228.194902664287,405223.36732452724,20894.120028220957,398816.86398847325,20570.39712719119,392609.7790519101,20256.552376075204,386592.94411667145,19952.140433521487
0.27374749498997997,1548664.9333143388,75490.00220647342,1460039.4419024645,71471.9526398777,1381008.4336798624,67860.01847818964,1310093.8833623203,64595.59079076943,1246106.52340152,61630.8206388633,1188078.610532583,58926.258156986994,1135214.6417759643,56449.0871310579,1086854.6673851467,54171.78690626672,1042446.5978275955,52071.105627313606,1001525.0333540144,50127.26345558497,963694.8915329294,48323.327829823895,928618.6103061545,46644.718936333826,896006.0475731767,45078.81478997767,865606.4368913681,43614.6332781276,837201.9269980118,42242.574219492235,810602.3529059083,40954.20862497247,785640.973100312,39742.1053814258,762170.9708100548,38599.68782808592,740062.5642075556,37521.11437870008,719200.6053801181,36501.17861394385,699482.5742694056,35535.22523733516,680816.8938010575,34619.07903176999,663121.5077671745,33748.98452943284,646322.6748675099,32921.55455644967,630353.9415248442,32133.726165645792,615155.2633011424,31382.722748726927,600672.250424249,30666.021340027895,586855.5174414734,29981.324300423574,573660.1206110854,29326.53471176606,561045.0695259337,28699.734926708745,548972.9017882741,28099.167811712883,537409.3114390108,27523.220296822245,526322.8233788621,26970.40890788127,515684.5072741598,26439.367007959485,505467.7254713715,25928.833516953535,495647.91029549134,25437.642913350726,486202.36681252776,24964.71635129207,477110.0977227331,24509.053750437582,468351.6475407513,24069.72673657087,459908.9636289719,23645.872328075744,451765.27199512935,23236.687277935085,443904.9660559579,22841.422993197404,436313.5068147226,22459.380964300493,428977.3331092408,22089.90864553985,421883.7807647117,21732.395735571034,415021.00963737926,21386.27081334756,408377.9376648893,21050.99829048915,401944.18115063425,20726.075645891608,395710.00060526136,20411.03091254691,389666.2515512141,20105.420390139585
0.2783567134268537,1545142.6964862624,75299.9934154185,1457829.9402421892,71343.54537993454,1379857.1232781573,67782.10576953062,1309801.6774176469,64559.331258657556,1246515.9714699788,61629.1077810914,1189063.9518933536,58953.32988883212,1136674.5328960323,56500.23452695081,1088706.788183437,54243.134187737385,1044623.5993005681,52159.44205204038,1003971.4569160371,50229.91350764655,966364.8017141207,48438.05001261775,931473.7575624406,46769.62616036208,899014.4294741842,45212.31123021027,868741.1617995088,43755.36391021326,840440.3096394571,42389.3842018385,813925.1892969145,41106.11038890268,789031.9553454501,39898.25180159427,765616.2118243045,38759.35022315237,743550.2094505905,37683.6643747766,722720.5139325605,36666.07311641541,703026.0555199373,35701.993918691696,684376.4889982772,34787.31386725495,666690.8079698306,33918.33100815079,649896.1685806962,33091.70427005448,633926.8866685968,32304.410534987055,618723.5792175521,31553.70769467884,604232.426460727,30837.102741015184,590404.5353041709,30152.324108045173,577195.3882034529,29497.297619029312,564564.3644031654,28870.1255019732,552474.3226918331,28269.06802645991,540891.236644177,27692.527387555885,529783.8748058253,27139.033522402693,519123.51949012495,26607.231594391462,508883.71885564085,26095.870920576792,499040.06775796006,25603.795151829316,489570.01355354354,25129.933543431845,480452.68360282923,24673.29317741652,471668.731695544,24232.952017743748,463200.2010200685,23808.052696102015,455030.40163425513,23397.796940198972,447143.80067832477,23001.440568357793,439525.9238102549,22618.28898438521,432163.2665477163,22247.693115333317,425043.21437405905,21889.04574217707,418153.9706139932,21541.77817977235,411484.4912114873,21205.357267911422,405024.42565136106,20879.282639989437,398764.0633598381,20563.084239852844,392694.28500027704,20256.32006091271
0.2829659318637274,1541620.1354720048,75110.54128292529,1455587.5493001768,71214.10324405525,1378649.7851195387,67701.99148929527,1309437.0738369448,64520.01632657648,1246841.564691973,61623.71834628359,1189957.5784564684,58976.27828938488,1138037.50182255,56546.94349241952,1090458.7455217938,54309.82785129738,1046698.658264443,52242.98580017637,1006315.247855384,50327.6899851731,968932.1993937105,48547.86220754349,934227.1131692452,46889.620989935494,901922.1829116952,45340.91880237284,871776.7434357338,43891.24888134727,843581.2644548513,42531.40654904256,817152.4734120178,41253.29356819137,792329.3672496566,40049.75674381711,768969.9296650927,38914.45397621213,746948.4124271935,37841.742468128046,726153.0708283808,36826.58492595474,706484.2671660699,35864.470464169135,687852.8743138688,34951.34759259831,670178.925408208,34083.56718653217,653390.4664928343,33257.83374672274,637422.5774012541,32471.16357666586,622216.532783307,31720.848758296288,607719.0804186617,31004.426009386756,593881.8181235541,30319.64966791572,580660.6538863879,29664.468179142248,568015.3365446083,29037.00356676175,555909.0464785638,28435.53345545843,544308.0375550947,27858.47528241623,533181.3229873338,27304.37239302044,522500.3989524814,26771.88176353152,512239.0007768441,26259.763132874807,502372.8872972438,25766.86935840316,492879.6496716982,25292.137837778242,483738.5414652607,24834.582861961993,474930.32729928073,24393.28878350167,466437.1477402969,23967.40390046852,458242.3984313849,23556.1349700882,450330.6217446392,23158.742277702433,442687.4094671904,22774.53519657083,435299.31523177086,22402.868182441187,428153.7755721162,22043.13715401965,421239.0386281595,21694.77621665059,414544.0996499418,21357.254691829035,408058.64255569514,21030.07441974967,401772.98689128895,20712.767306054753,395678.03961747105,20404.893087372617
0.2875751503006012,1538099.249499784,74921.72053267878,1453315.355679187,71083.75692873694,1377390.1510143292,67619.84166657437,1309004.1613727815,64477.833409441206,1247087.5599687963,61614.85165878115,1190763.7916934816,58995.30814049546,1139307.8142743427,56589.41988354686,1092114.7179942643,54372.0718715621,1048675.8343181356,52321.93700126833,1008560.3280893639,50420.78790197158,971400.8590369759,48652.95352736805,936882.3003776581,47004.88619162091,904732.7801740158,45464.81371945907,874716.5060152855,44022.45780880211,846627.9721633164,42668.804354055916,820287.2480800416,41395.914879497606,795536.1199312246,40196.7707466988,772234.9101810798,39065.14367736084,750259.8402053188,37995.4875477026,729500.8307488273,36982.84748595632,709859.6577078891,36022.7831286848,691248.3980250924,35111.30352810836,673588.1138135504,34244.81169774176,656807.7331671572,33420.057171432345,640843.0941917627,32634.095256603905,625636.1251450634,31884.251905002773,611134.1386006011,31168.093317715353,597289.2215537843,30483.39955644703,584057.7065923691,29828.14155824442,571399.7118333093,29200.46105232483,559278.7394148967,28598.65296033525,547661.3240299639,28021.149928999308,536516.7243719941,27466.508699697693,525816.651503278,26933.39806540477,515535.02909139404,26420.588203419222,505647.7812356844,25926.94120394971,496132.64424945775,25451.402641019326,486968.9993006593,24992.994054275307,478137.72326310247,24550.806228891026,469621.05550767435,24123.99317643687,461402.47868081875,23711.76673287391,453466.611786285,23313.391701093577,445799.11411391874,22928.1814750199,438386.598752988,22555.49409048159,431216.5545927177,22194.72865507154,424277.2758539844,21845.322115229905,417557.79831724666,21506.746323964653,411047.8415159276,21178.505377090954,404737.756254208,20860.133189733184,398618.4768857303,20551.191288181253
0.29218436873747494,1534581.8622213553,74733.59843130776,1451016.2272947906,70952.62728120203,1376081.7157398446,67535.81129144799,1308506.787792704,64432.95842940768,1247257.9774955318,61602.69554337687,1191486.6651812852,59010.612983752915,1140489.5191909699,56627.85872759707,1093678.6794941833,54430.059886023475,1050558.994603702,52396.48597444212,1010710.4390239333,50509.39299494841,973774.3859878724,48753.50433108305,939442.7840223254,47115.59628081192,907449.5451011513,45584.16441981052,877563.63453201,44149.152983014814,849583.4827712943,42801.7338013456,823332.43324595,41534.124520279816,798655.0088193443,40339.43819095575,775413.8301411133,39211.558093637424,753487.0568453869,38145.03298942877,732766.2509495137,37134.98901379418,713154.5833552182,36177.05520684224,694565.3208484447,35267.300279879084,676920.5437172567,34402.178688818785,660150.0539933732,33578.48445460669,644190.4420580745,32793.31146260521,628984.2854450729,32044.019204680215,614479.4585004536,31328.203112914773,600628.5354079509,30643.668782647455,587388.2721725381,29988.409502671977,574719.1556412106,29360.586607938516,562585.0096533876,28758.51224960463,550952.6500521967,28180.63424241402,539791.5816279589,27625.522702963397,529073.7311657668,27091.858236685704,518773.2116767926,26578.42146809374,508866.1136446785,26084.08373939912,499330.3197433045,25607.798828168354,490145.34000370675,25148.595556100794,481292.16484463034,24705.571179041326,472753.13374817406,24277.885463557905,464511.8176713834,23864.755368302795,456552.91354634095,23465.45025932246,448862.1494433121,23079.287597807357,441426.1991604213,22705.629046739057,434232.60516454064,22343.876949717105,427269.70894600684,21993.471141108574,420526.5879681458,21653.88605171062,413992.99849436525,21324.62807847189,407659.3236633761,21005.23319058785,401516.52625897224,20695.264747553276
0.29679358717434867,1531069.6366019777,74546.23545240221,1448692.8300432966,70820.82607638018,1374727.7538988127,67450.0451242114,1307948.5761321941,64385.55661353488,1247356.61604067,61587.42708867237,1192130.0587714305,59022.375838847605,1141586.461777292,56662.44489254444,1095154.4111819256,54483.97581572795,1052351.8247742588,52466.81380226254,1012769.1516094767,50593.68225419656,976056.225701196,48849.686713674935,941911.8790142676,47221.917974704935,910075.6609159444,45699.1319867,880321.18199803,44271.48975696008,852450.7222834864,42930.34452897871,826290.8322087055,41668.06650624128,801688.7194680448,40477.89761460696,778509.2626675866,39353.83046409492,756632.5284912324,38290.50693307268,735951.6960425696,37283.13276116474,716371.3125306201,36327.40527827378,697805.8201896746,35419.45197148133,680178.3064710461,34555.77803991939,663419.4389984705,33733.22143998167,647466.5541867831,32948.91420180669,632262.8742658326,32200.24901956155,617756.8320875821,31484.850295344044,603901.4867945007,30800.548959128497,590654.0163970132,30145.360502488365,577975.2757037149,29517.465757519367,565829.4099908608,28915.194028873426,554183.5163805502,28337.008249535163,543007.3461926506,27781.491882627957,532273.0426006062,27247.3373342533,521954.9088005612,26733.335677831474,512029.2026320229,26238.367519966265,502473.95419468003,25761.394862575766,493268.80351240694,25301.453836778794,484394.855719897,24857.648201498283,475834.55160428793,24429.14351450462,467571.5516352717,24015.161896131583,459590.63187205733,23614.97731653157,451877.5903519294,23227.911346401947,444419.1627493828,22853.329318863634,437202.94625211874,22490.63685681585,430217.33073488524,22139.276725799435,423451.43642776227,21798.725977319365,416895.0573750098,21468.49335182517,410538.610066453,21148.11691422469,404373.086697631,20837.161897997732
0.30140280561122246,1527564.0884435624,74359.68587771236,1446347.6430493938,70688.4567259917,1373331.3354163766,67362.67843767199,1307332.9396904635,64335.7832282876,1247387.0670857637,61569.213352155966,1192697.6317344236,59030.76986877863,1142602.2956290965,56693.35370838808,1096545.512628664,54533.994442306175,1054057.8392215301,52533.09286506647,1014739.8757292303,50673.82441722763,978249.6723709023,48941.66496328749,944292.7582850575,47324.01061552951,912614.1775545999,45809.87054068812,882992.0762246712,44389.61691051477,855232.4989916483,43054.779967654096,829165.1374690897,41797.87898745094,804639.8330083606,40612.28200837083,781523.6823330054,39492.088776437595,759698.6281464193,38432.032541873596,739059.4424839091,37427.397258291734,719512.0300951618,36473.94743781669,700971.9941324021,35567.86846136175,683363.4180199929,34705.71557005589,666617.8264232958,33884.37009968403,650673.295330239,33101.001785989036,635473.6868628676,32353.036180574818,620967.988888756,31638.126386903004,607109.7430604353,30954.12846259774,593856.5477701526,30299.079944955807,581169.6248167356,29671.181046598987,569013.4404559999,29068.778141792354,557355.3730351528,28490.34922436044,546165.4206643656,27934.491067935007,535415.9434095105,27399.907860490963,525081.4353418128,26885.401119384875,515138.322486752,26389.860721683923,505564.78330296173,25912.2569084938,496340.5888136548,25451.63314208685,487446.959925583,25007.09971156656,478866.43981766683,24577.82799712274,470582.7795745203,24163.045315075506,462580.8354883254,23762.030276235688,454846.47666339343,23374.108598921513,447366.5017374131,22998.649325509396,440128.5636868957,22635.061397862293,433121.1018158349,22282.790552538972,426333.28013955854,21941.316501480585,419754.9314730277,21610.150368013274,413376.5066168035,21288.83235159274,407189.02810656343,20976.92959783194
0.3060120240480962,1524066.598679201,74173.99834202595,1443982.972628829,70555.61492633603,1371895.3397996745,67273.83769873575,1306663.0958794565,64283.7842565352,1247352.7279221963,61548.212012060605,1193192.8549640775,59035.95899640095,1143540.4940144562,56720.751544240105,1097855.412201938,54580.28194489694,1055680.3906212903,52595.48733892629,1016625.8689722561,50749.980430174495,980357.8770011173,49029.59598831799,946588.4602243296,47422.02656633036,915068.0185346756,45916.52760684074,885579.1261793881,44503.676991720306,857931.5093731249,43175.177658431,831957.9362168909,41923.69454475277,807510.8312659799,40742.719092762454,784459.4699451296,39626.45602661381,762687.6401596348,38569.728246254825,742091.6827878426,37567.896543207826,722578.8413178709,36616.7915116651,704065.865185105,35712.65554702669,686477.8224471548,34852.09323035148,669747.0860826771,34032.028717486755,653812.4649980555,33249.6690056661,638618.456201778,32502.47215301346,624114.598883384,31788.119688954786,610254.9145560443,31104.492584637122,596997.4201749411,30449.650258713616,584303.7033698596,29821.81218039344,572138.5507395033,29219.341702460642,560469.6216320727,28640.731815152576,549267.1610479639,28084.59255980604,538503.7462981454,27549.639880965642,528154.0628768763,27034.685728741384,518194.70569252374,26538.62925083084,508604.00237119576,26060.448936768706,499361.85582550743,25599.195596426925,490449.6036816626,25153.986071203315,481849.89249565965,24723.99759022502,473546.5649746749,24308.46269568201,465524.558661448,23906.664671439783,457769.81474500656,23517.93341764688,450269.19583628065,23141.641721384993,443010.4116969471,22777.201879703072,435981.9520382466,22424.06263679164,429173.0256168647,22081.70640172457,422573.5049500598,21749.646717234828,416173.8760543313,21427.42595349042,409965.1926830271,21114.61320387781
0.3106212424849699,1520578.4245618908,73989.21632748358,1441600.9650871092,70422.38925067817,1370422.469271352,67183.64119485926,1305942.0790255507,64229.69702213611,1247256.8137928105,61524.57197056846,1193619.0223190095,59038.098476378844,1144404.360378592,56744.79634480076,1099087.3767527961,54622.99640017969,1057222.6788496862,52654.153660111726,1018430.2448381989,50822.303878534214,982383.854962193,49113.62971675992,948801.8956488332,47516.111581392564,917439.9873952196,46019.24445870861,888085.0279503501,44613.80663667992,860550.3436281689,43291.66955074877,834671.7154842461,42045.640467933874,810304.1015691851,40869.3315782522,787318.9170437745,39757.05046263021,765601.7644407306,38703.707972791395,745050.5294892688,37704.740377219925,725573.7756079212,36756.043260537655,707089.3838044372,35853.91515699132,689523.3953067955,34995.009285737666,672809.0225252395,34176.292061120905,656885.8004583702,33395.00729378784,641698.8558142049,32648.645192328444,627198.2752260312,31934.915430834448,613338.5572345917,31251.723673493165,600078.1353593679,30597.15104935949,587378.9617279852,29969.436153635805,575206.1424787045,29366.95921992652,563527.6175778923,28788.228163985157,552313.878865712,28231.8662457745,541537.7211089608,27696.601135061785,531174.0216393247,27181.2551977415,521199.54481957515,26684.73684679312,511592.7681343028,26206.032824182585,502333.72716558736,25744.20129886467,493403.8771036212,25298.365681954125,484785.96877066133,24867.709073606668,476463.93741431815,24451.469267593995,468422.80276165105,24048.9342493053,460648.5790258354,23659.438131234438,453128.19372802554,23282.357477144837,445849.414343197,22917.107972229416,438800.781904123,22563.141401857196,431971.5508054353,22219.942906049964,425351.6341426628,21887.02848077086,418931.5540014489,21563.94270052157,412702.396181712,21250.256639712945
0.3152304609218437,1517100.7098567844,73805.37861244776,1439203.61846259,70288.86169149917,1368915.2608772023,67092.19961037344,1305172.7522137621,64173.650766693645,1247102.3691578377,61498.433912487846,1193979.2611712203,59037.335426228485,1145197.0381338126,56765.63812949961,1100244.5206589117,54662.288248437355,1058687.7593187054,52709.240958660375,1020155.9804168848,50890.9413897913,984330.4930704382,49193.90946989973,950935.8543378956,47606.40515321777,919732.7737407046,46118.15644080378,890512.370347567,44720.136869675254,863091.4908825471,43404.38228219221,837308.8669895714,42163.83901699207,813021.941269727,40992.23740972793,790104.2301303444,39883.985813741885,768443.1204270932,38834.0813595118,747938.0188718924,37838.03444756738,728498.7900268999,36891.80457080961,710044.431711265,35991.74553138844,692501.9467617108,35134.558485939255,675805.3780076198,34317.25154444442,659894.9795628602,33537.10487981834,644716.5024860625,32791.64049076731,630220.5768089829,32078.59590963587,616362.1750991647,31395.901267540703,603100.14527651,30741.659227067536,590396.80247269,30114.12737278036,578217.5714074844,29511.70271536822,566530.6721347293,28932.908019255225,555306.8431433504,28376.37970815191,544519.0967336986,27840.857140094333,534142.5023638174,27325.173074405717,524153.99430436676,26828.245178849087,514532.20047859324,26349.06844691946,505257.2898141937,25886.708413481032,496310.8358125717,25440.29507237776,487675.69436036516,25009.017412715693,479335.89407833095,24592.118501624507,471276.53773200227,24188.891050775346,463483.7134237292,23798.673412027012,455944.41445233405,23420.845954510525,448646.4668692331,23054.82778142471,441578.4638822685,22700.073749951716,434729.7063638074,22356.071762137773,428090.14881050517,22022.340298424406,421650.3501806604,21698.42616884687,415401.4291031557,21383.90245981413
0.31983967935871743,1513634.4941344135,73622.5196794743,1436792.7933111321,70155.10815732328,1367376.0976581692,66999.61655717866,1304357.8182556445,64115.76718262011,1246892.2781571087,61469.930823136245,1194276.542225256,59033.80931978978,1145921.519790567,56783.41945728222,1101329.8142732284,54698.3007283082,1060078.550774803,52760.89146343406,1021805.9235820569,50956.0330100558,986200.5562268165,49270.572312291515,952993.0111671517,47693.04083779267,921948.9589176739,46213.393271156696,892863.6401669572,44822.79338495036,865557.3440796606,43513.43744133197,839871.6916944227,42278.40766772914,815666.5619973233,41111.549996395595,792817.5346493408,40007.37150607402,771213.7508183132,38960.953958519196,750756.1144793198,37967.88055819522,731355.7725970107,37024.17363447564,712932.8250143704,36126.24139205326,695415.2245388111,35270.832226519036,678737.8352965204,34454.99538019972,662841.6234082879,33676.046934883496,647672.9587902178,32931.54031552154,633183.0106764805,32219.240621908204,619327.2225078251,31537.102221023863,606064.8542890009,30883.249126821574,593358.5825135899,30255.9577711332,581174.1493813535,29653.641832489135,569480.054365215,29074.838841675966,558247.2822805669,28518.198325921123,547449.0629144353,27982.471289378187,537060.6580223367,27466.500857431878,527059.1721252153,26969.213937324286,517423.38406064245,26489.613768587973,508133.59667993116,26026.773254455547,499171.5024508555,25579.82898036681,490520.06303628685,25147.97583837354,482163.4011820583,24730.46218702698,474086.70347072015,24326.585485532753,466276.13268807495,23935.688348827025,458718.7487118719,23557.15497697713,451402.4369711911,23190.40791811312,444315.84364454896,22834.90512909973,437448.3168676325,22490.13730248115,430789.853310345,22155.62543197536,424331.04955965304,21830.91859204517,418063.05781131395,21515.591909901104
0.32444889779559116,1510180.7212518577,73440.67008643757,1434370.22261957,70021.19892834549,1365807.218968113,66905.98906386261,1303499.8298543335,64056.16090624646,1246629.2743338887,61439.18846881076,1194513.688665736,59027.65244615989,1146580.655480648,56798.275859752226,1102346.0918233325,54731.17028264801,1061397.842600878,52809.240880830424,1023382.7997351533,51017.71255666415,987996.6936468426,49343.749379766756,954975.9318696578,47776.14655974159,924091.0213505549,46305.07932540298,895141.2271415018,44921.896811487066,867950.2045843311,43618.95181485576,842362.404093712,42389.45934279095,818240.0936667032,41227.3784281569,795460.8787394434,40127.31286564012,773915.6250955926,39084.4274268323,753506.7104244342,38094.376809486086,734146.5454196953,37153.245118735846,715756.3171554918,36257.49410283088,698264.9167158846,35403.91870068747,681608.020310854,34589.60872402831,665727.298846232,33811.91570862333,650569.7354747284,33068.424138986855,636087.0343012557,32356.92638783841,622235.1063472218,31675.400822625495,608973.6212476306,31021.992621791447,596265.6150790475,30394.996917415734,584077.1462866997,29792.843941613453,572376.9929661023,29214.08590421789,561136.3858142351,28657.38537080789,550328.7719412446,28121.50494468986,539929.6054606265,27605.29808528369,529916.1613814852,27107.700919523497,520267.369832856,26627.724923195197,510963.66807496775,26164.45036626348,501986.86811003316,25717.02043073509,493320.03800728015,25284.635921906112,484947.3953129131,24866.550504311308,476854.21113322687,24462.0664026314,469026.7236644835,24070.53051546369,461452.0601016153,23691.330896427473,454118.1659935925,23323.89356272416,447013.7412299675,22967.679596144844,440128.1819435912,22622.18250573082,433451.5277012734,22286.925824943457,426974.4134292565,21961.46091937104,420688.0255855286,21645.364983760417
0.32905811623246495,1506740.247099619,73259.85680442156,1431937.5209264574,69887.19907464787,1364210.730010822,66811.4080268914,1302601.1990333067,63994.93997435726,1246315.9496796736,61406.32584291348,1194693.3846858137,59018.99033684505,1147177.1609190889,56810.33624513711,1103296.058802827,54761.02693771236,1062648.3016583396,52854.41874912964,1024889.218131986,51076.10794852399,989721.4447112272,49413.56618708639,956887.078451082,47855.84489882077,926161.3415608708,46393.33390372614,897347.4286016197,45017.562961985,870272.2865185643,43721.037620104384,844783.1362580033,42497.10262918177,820744.5882545377,41339.82767941522,798036.236770295,40243.91130964148,776550.642840947,39204.599706271554,756191.634511162,38217.61776772335,736872.8676179396,37279.11032593067,718516.6016882085,36385.59182079028,701052.6543513798,35533.903042523656,684417.5046152147,34721.17381035467,668553.5208516872,33944.790658330356,653408.2937168177,33202.36876168965,638934.0577330727,32491.72746844788,625087.1880839644,31810.868907369484,611827.7614529857,31157.959230335364,599119.1715947868,30531.312118224567,586927.7918424364,29929.37423792781,575222.6779984316,29350.712386426865,563975.3060820745,28794.00209794366,553159.3402538653,28258.017523519607,542750.4269419834,27741.622420255535,532726.0117832489,27243.76211081219,523065.1764824282,26763.456293431725,513748.49310642417,26299.792599336128,504757.89367757697,25851.920808410665,496076.55322417006,25419.047646014416,487688.78469537647,25000.432093925556,479579.94435975293,24595.381157112242,471736.3464870578,24203.246035457003,464145.1862676888,23823.418655949492,456794.47005651833,23455.328526360918,449672.9521418042,23098.439876159322,442770.07733801793,22752.249054530203,436075.9287862346,22416.282158927053,429581.18041916954,22090.092870670014,423277.05361168366,21773.2604768051
0.3336673346693387,1503313.846683755,73080.10352560294,1429496.1927207052,69753.16884040949,1362588.6106627234,66715.95862716867,1301664.2058892383,63932.206247211434,1245954.7630539357,61371.45558051666,1194818.1834445193,59007.942163639724,1147713.6248472559,56819.72327532797,1104182.2988924598,54787.994657675496,1063832.478702883,52896.54877028752,1026327.6778223969,51131.34151583283,991377.2444643045,49480.14291670819,958728.8142834188,47932.25335908904,928162.206892075,46478.27148187251,899484.4538650516,45109.90306715858,872525.7208479131,43819.80272403479,847135.941645061,42601.44198319555,823182.0233621576,41448.99880118289,800545.512679778,40357.26452685936,779120.6368700068,39321.56519314755,758812.6511815637,38337.69462499427,739536.4381144263,37401.857344490374,721215.3149021438,36510.61963897192,703780.013968053,35660.86746219959,687167.8077749531,34849.77008070019,671321.7547602993,34074.748570906355,656190.0472518953,33333.44842838661,641725.4456281732,32623.715676286327,627884.7857022648,31943.575962318002,614628.5485082871,31291.216217070803,601920.4834582452,30664.968514811844,589727.2773015811,30063.295834276156,578018.2625215077,29484.779463511073,566765.1597937166,28928.107831497327,555941.8499541262,28392.066581478342,545524.1716049225,27875.529727865105,535489.741057738,27377.4517611877,525817.7917898146,26896.860584597784,516489.03098983143,26432.851181503716,507485.511108031,25984.579927544284,498790.51461111003,25551.25947168555,490388.45038484863,25132.154121095627,482264.7604337947,24726.575672888106,474405.83570340887,24333.87964305536,466798.9400007455,23953.46184912622,459432.1411190207,23584.755308434753,452294.2483826098,23227.22741850912,445374.7559249114,22880.377390090307,438663.79109438974,22543.73390676197,432152.06745592,22216.852988190345,425830.84191692126,21899.316036603635
0.3382765531062124,1499902.220605639,72901.4309440099,1427047.640181779,69619.16399717226,1360942.7236414417,66619.72071493905,1300691.0067237846,63868.05580082346,1245548.0480279753,61334.68434389967,1194890.5144967241,58994.62110951886,1148192.5159959933,56826.55371804795,1105007.2804455403,54812.1916763307,1064952.8144048045,52935.7491208321,1027700.5732305114,51183.530290663955,992966.4287851048,49543.59469001885,960503.4088996964,48005.48462198069,930095.8159604261,46560.001947354926,901554.4283749047,45199.023996372314,874712.5592355562,43915.35084954815,849422.7986964318,42702.577923629884,825554.3055786764,41554.989102291656,802990.5431253684,40467.46664788516,781627.376191103,39435.41489844715,761371.4643001332,38454.69535018411,742138.8982567019,37521.57119151052,723854.0383030077,36632.65972124455,706448.5199004324,35784.89137375203,689860.399582298,34975.474304942436,674033.4183832152,34201.86367812691,658916.3643861712,33461.73493780241,644462.5191677855,32752.960480066868,630629.1755356512,32073.589226487453,617377.2160709057,31421.828688419442,604670.7437158427,30796.029174575095,592476.7570596662,30194.66984888171,580764.8641373343,29616.346390556417,569507.0295155952,29059.76004562211,558677.3502353189,28523.707890193553,548251.8568407054,28007.074151896955,538208.3362783759,27508.8224576521,528526.1739123302,27027.988894472146,519186.21229009866,26563.67578551344,510170.62462391885,26115.046096817176,501462.8012287934,25681.31840141962,493047.24739533564,25261.76233709077,484909.4913762808,24855.694502157923,477036.0013371517,24462.47474090033,469414.1102684992,24081.50277604542,462031.94798327365,23712.215151107135,454878.3794314411,23354.082449809037,447942.94865761866,23006.606763733613,441215.8278085129,22669.31938272416,434687.77066715277,22341.778685509864,428350.070251918,22023.568210591882
0.3428857715430862,1496506.0009952672,72723.85701173854,1424593.1703188848,69485.23616892012,1359274.8220746955,66522.76916572817,1299683.6416041527,63802.57929102301,1245098.020197683,61296.11318136168,1194912.690735677,58979.13471462805,1148616.1896043557,56830.938776025745,1105773.3625693053,54833.73080765907,1066011.6450020946,52972.13274338266,1029010.1994009004,51232.786279789114,994491.2392538532,49604.03182227058,962213.0425103026,48075.64678440516,931964.2828506547,46638.63082187059,903559.3976029921,45285.028465553616,876834.7776798207,44007.78177004635,851645.6142335586,42800.60721407869,827863.2736579413,41657.892320443505,805373.100462055,40574.60840587425,784072.5688022907,39546.23659915678,763869.7197862178,38568.70483165992,744681.8342996117,37638.33394751526,726434.3009581557,36751.79142980084,709059.6465152458,35906.05151590138,692496.7021621873,35098.360695992895,676689.8840077755,34326.20776566252,661588.5699007099,33587.29774643337,647146.5578731786,32879.529103649416,633321.5939999144,32200.97378537245,620074.9595094105,31549.8596829988,607371.1086497535,30924.555177613835,595177.3501763135,30323.555488338923,583463.5664515998,29745.470582200018,572201.9650755307,29189.01444103538,561366.8587341905,28652.99551100036,550934.4695962106,28136.30818539243,540882.7551216941,27637.92519267282,531191.2525980107,27156.89077940092,521840.940094973,26692.314592890936,512814.11185123795,26243.366181208297,504094.2663742166,25809.270039025312,495666.0057655425,25389.3011371603,487514.9449798927,24982.780881588933,479627.6298922048,24589.07345455081,471991.46319162345,24207.582496254934,464594.6372435741,23837.748090759003,457426.073167353,23479.04402398299,450475.36546810676,23130.9752856166,443732.73164124606,22793.075789981085,437188.96623598394,22464.906293777996,430835.398924382,22146.05249116366
0.3474949899799599,1493125.7569483665,72547.3971729403,1422134.0015610494,69351.4331314586,1357586.5565189912,66425.17420975708,1298644.0413978347,63735.862291580226,1244606.784006101,61255.837861408734,1194886.9148846623,58961.585199275105,1148986.893526506,56832.98439489161,1106482.800831265,54852.71973681322,1067011.2076122887,53005.807620183514,1030258.7569339467,51279.2167209956,995953.8277348963,49661.56006236005,963859.8102599282,48142.84358290853,933769.6410737006,46714.25947087685,905501.330734254,45368.015233246544,878894.2799496375,44097.19149301032,853806.2266667956,42895.623035036435,830110.7015216933,41757.79878378079,807694.8955583308,40678.7772884542,786457.8643370455,39654.114981311555,766309.008104618,38679.80501219475,747166.7797544588,37752.224883926,728957.5817165658,36868.091445778686,711614.8203132262,36024.422066378014,695078.0919657894,35218.50101832882,679292.4802916329,34447.85027627002,664207.946854138,33710.204066809834,649778.801324157,33003.48661974761,635963.2392338726,32325.79266043579,622722.9374724688,31675.37025720317,610022.6992802324,31050.605698681356,597830.1418157908,30450.01012619083,586115.4204568198,29872.20768806539,574850.9848924122,29315.925017523423,564011.3628107685,28779.98186470963,553572.9676071861,28263.28273785824,543513.927057012,27764.809428993933,533813.9303344617,27283.61431686048,524454.0911255715,26818.814354391754,515416.8248939808,26369.585660460125,506685.73862131307,25935.158646215878,498245.53156757046,25514.813615366835,490081.90578762395,25107.876785485954,482181.48530287406,24713.716684079736,474531.7429668975,24331.74087887148,467120.9341839689,23961.393006690116,459938.03674282884,23602.15006962671,452972.6961174249,23253.51997082365,446215.17566372926,22915.039265479747,439656.31120886136,22586.271105456824,433287.4695871315,22266.803358319477
0.35210420841683365,1489761.999512492,72372.06457765742,1419671.2698450282,69217.79908833932,1355879.4814730035,66327.00173704089,1297574.0343228388,63667.985608478375,1244076.3391131365,61213.94918423014,1194815.2855712168,58942.06976566319,1149306.7739566255,56832.791551368166,1107137.7526171936,54869.26129293352,1067953.645226909,53036.87702993241,1031448.3566318338,51322.924324053645,997356.2606953536,49716.28081849801,965445.7262426085,48207.174604848995,935513.8473024281,46786.98530119405,907382.1241467954,45448.07928560309,880892.9008312835,44183.672433333006,855906.4090296268,42987.71514648955,832298.3011003302,41854.79556360153,809957.5804608498,40780.057681369624,788784.8565685231,39759.13177531314,768690.8666236236,38788.07501664058,749595.2176135776,37863.32058371231,731425.3113114317,36981.6338834575,714115.4219200435,36140.07475017973,697605.901659052,35335.964690780485,681842.4940572714,34566.85840753493,666775.7382906455,33830.51896057966,652360.4507873222,33124.896038703926,638555.2726540138,32448.10689389401,625322.2733753882,31798.41956628913,612626.6027890658,31174.238084833723,600436.1846119015,30574.089377381737,588721.4458427802,29996.6116642379,577455.0772359408,29440.544142639716,566611.8207608092,28904.717797711884,556168.2805665102,28388.047198943357,546102.7544733516,27889.523161039637,536395.0834370282,27408.20616472836,527026.5167881876,26943.220447269123,517979.5913517653,26493.748684462433,509238.02280641574,26059.027196218853,500786.6078620643,25638.341616523252,492611.13601932215,25231.0229761492,484698.3098333654,24836.4441529393,477035.67274114664,24454.016650033584,469611.5436279774,24083.187667234124,462414.95741053653,23723.437434854128,455435.61100065464,23374.276783008936,448663.8140898299,23035.244922444002,442090.44426008,22705.907415729544,435706.9059838363,22385.85432003829
0.35671342685370744,1486415.1862627931,72197.87027737084,1417206.0342435364,69084.3749253579,1354155.0614264829,66228.31358017764,1296475.3520511352,63599.02557222754,1243508.5863465758,61170.5332722111,1194699.803014565,58920.68087995706,1149577.8807992535,56830.45652319658,1107740.2821652645,54883.45370509852,1068841.0114104664,53065.43978907838,1032581.023874883,51364.007497397426,998700.523277298,49768.29137073337,966972.7272909947,48268.73548746376,937198.784899996,46856.90194743621,909203.60470097,45525.31201104546,882832.4091987305,44267.31357708113,857947.8718494608,43076.970041618144,834427.7250218003,41948.966618797145,812162.7509175357,40878.53100440021,791055.0857815145,39861.36588401703,771016.7818490376,38893.5912728185,751968.5824583616,37971.69505566505,733838.8743529407,37092.49039844367,716562.7879735132,36253.078942151624,700081.4219130588,35450.81888394409,684341.1719933553,34683.29720451589,669293.1488594105,33948.30542674684,654892.6707599541,33243.81839265178,641098.8204285973,32567.97562910255,627874.0568096609,31919.064941256453,615183.8738692777,31295.5079290549,602996.4999621405,30695.847168853074,591282.6322390334,30118.734841037924,580015.2014210046,29562.92261684436,569169.1629652799,29027.25264465576,558721.3112317291,28510.64949881499,548650.113747719,28012.11297313273,538935.5630802818,27530.711617477627,529559.0441712441,27065.57692956679,520503.21528432873,26615.898125756612,511751.90096220234,26180.91742459578,503289.99560336454,25759.925785423875,495103.3764496676,25352.259051605783,487178.82493008714,24957.294454275,479503.95543925615,24574.44743787425,472067.15074359736,24203.16877346052,464857.50330651796,23842.941929794248,457864.76190938987,23493.280675749247,451079.28301894054,23153.72689064021,444491.9864158541,22823.848561731837,438094.3146552584,22503.23795052405
0.36132264529058117,1483085.7255041213,72024.82340393843,1414739.2821723267,68951.19844546048,1352414.6764818272,66129.1677766485,1295349.6353997304,63529.0543099464,1242905.3332656608,61125.671841078765,1194542.374354373,58897.506536140274,1149802.1727102234,56826.07114212064,1108292.3652988768,54895.39084260512,1069675.2747242248,53091.59047867076,1033658.7027464227,51402.56056149914,999988.5231398788,49817.68507122105,968442.676554733,48327.618105636626,938826.2672544327,46924.09944800898,910967.5328498853,45599.801365277344,884714.5109189796,44348.20063631002,859932.2658654889,43163.47109218369,836500.5691583405,42040.39293254604,814311.9487681766,40974.275840047914,793270.0410205176,39960.89350405206,773288.1915420757,38996.42762605929,754288.2624581481,38077.419842698204,736199.6112182175,37200.73029022778,718958.2129136788,36363.50176424951,702505.9031024358,35563.128612561886,686789.7222688481,34797.22964761564,671761.346351089,34063.62448537325,657376.5904348919,33360.31281535805,643594.9748763673,32685.456186820684,630379.3448804324,32037.361961792514,617695.5360058189,31414.469140114754,605512.0792556531,30815.335806528547,593799.9403938128,30238.62798732855,582532.2889408997,29683.109735312628,571684.2929809433,29147.634287920962,561232.9364757909,28631.136165445438,551156.8562585422,28132.624094733033,541436.1962765004,27651.174659493,532052.476990958,27185.926591629075,522988.4781263448,26736.07562934647,514228.13320347434,26300.869877452602,505756.43449791963,25879.60561354554,497559.3472407581,25471.623490885613,489623.7320298317,25076.305094854426,481937.27454926306,24693.069815174895,474488.4218065293,24321.372000620853,467266.32419267483,23960.698366891884,460260.7827545368,23610.56563175733,453462.2011400696,23270.51835455701,446861.5417406125,22940.126959748584,440450.2856085982,22618.985926466274
0.3659318637274549,1479773.9801325747,71852.93133343397,1412271.934211068,68818.30458572111,1350659.6275821805,66029.61881228746,1294198.439640835,63458.139998787345,1242268.2993658718,61079.44245314246,1194344.818646634,58872.6305029999,1149981.5218313667,56819.723031142894,1108795.8938789302,54905.162440678876,1070458.3228933848,53115.419657755454,1034683.2599229726,51438.673949838805,1001222.0940865504,49864.5515330534,969857.3668817047,48383.91074911341,940398.0409319401,46988.66441135766,912675.6055828027,45671.63202727025,886540.8516029082,44426.41619550711,861861.1846033236,43247.298686134774,838518.3750400579,42129.15264175637,816406.6642108646,41067.36805545209,795431.1622217325,40057.7882407998,775506.4867284473,39096.655447794605,756555.6012668251,38180.56412455546,738508.8198448938,37306.42059946755,721302.9506818699,36471.40817782091,704880.5569175937,35672.95682318599,689189.3160653855,34908.71673597821,674181.4631565966,34176.535257029,659813.3050913982,33474.436618017404,646044.7957946362,32800.60413761577,632839.1634764554,32153.364525528214,620162.5826916113,31531.17400889747,607983.8850392026,30932.606038916943,596274.3032934074,30356.340371576887,585007.244543289,29801.1533466237,574158.0885757945,29265.90921408876,563704.0082846077,28749.552379006323,553623.8093477772,28251.100452885217,543897.786804536,27769.638015692104,534507.5964890033,27304.31100500548,525436.1395557536,26854.321659987796,516667.4585678744,26418.923957207593,508186.6438189742,25997.419483380476,499979.74873223307,25589.15369699926,492033.7133266859,25193.51253676402,484336.29486730683,24809.919339849814,476876.0049243244,24437.832037484506,469642.05216119386,24076.740599154073,462624.29025201366,23726.164700093927,455813.17039974796,23385.651589634475,449199.697987975,23054.774140507892,442775.39295235224,22733.12906144368
0.3705410821643287,1476480.2711863536,71682.1998362476,1409804.8485697657,68685.72561789611,1348891.1413769077,65929.71784742721,1293023.2394598976,63386.34710214342,1241599.1209511647,61031.91875396523,1194108.8715503993,58846.13255546455,1150117.718240281,56811.495827168445,1109252.6799946907,54912.854312626485,1071191.9667348638,53137.01406423591,1035656.4883452373,51472.43439830275,1002402.9994914125,49908.976808412874,971218.5240148398,48437.69828985562,941915.7886605128,47050.680173096414,914329.4592120174,45740.88554680396,888313.0192113664,44502.039850197645,863736.1668153917,43328.530357923715,840482.632143668,42215.3211597144,818448.3379520141,41157.88091795706,797539.8422361934,40152.12121743043,777673.0136053669,39194.34373856991,758771.8998234984,38281.194815269206,740767.7574342783,37409.626200324084,723598.216334377,36576.861071212676,707206.5578961448,35780.364477417985,691541.089032975,35017.81756668967,676554.5976530068,34287.095038254556,662203.8774166098,33586.245361250105,648449.3117211343,32913.4733706462,635254.5084767356,32267.124913834443,622585.9785829806,31645.67327142002,610412.8521250184,31047.707117542865,598706.627225725,30471.91981987151,587440.947252488,29917.09990852419,576591.4027128157,29382.12256759799,566135.3547047889,28865.942023551037,556051.7772349167,28367.58472205117,546321.1160922023,27886.143199620918,536925.1622852116,27420.770568913784,527846.9383185483,26970.67554711528,519070.59581439605,26535.11796607105,510581.3231803101,26113.404710550727,502365.2621916355,25704.88603776305,494409.43250030145,25308.952237015303,486701.66320499755,24925.030593398602,479230.5307239561,24552.58262369803,471985.3023033427,24191.101556472593,464955.88457372505,23840.110031505967,458132.77663606574,23499.15799666674,451507.02721867926,23167.82078269371,445070.19549889717,22845.697338589318
0.3751503006012024,1473204.8811129697,71512.633214676,1407338.8252295924,68553.49133392349,1347110.3747526286,65829.5129270966,1291825.4335878491,63313.736589951666,1240899.3556977857,60983.17069369222,1193836.189727159,58818.088691421864,1150212.474134808,56801.46939006344,1109664.459910884,54918.548549363135,1071877.9438615758,53156.45680404584,1036580.1106842301,51503.92512377979,1003532.9355376228,49951.04355674524,972527.8096162692,48489.06234017046,943381.1321545949,47110.226944602764,915930.6720130463,45807.64048409726,890032.5465255455,44575.148338206134,865558.6987954166,43407.24091198966,842394.7800641007,42298.9712923612,820438.3632471261,41245.885204725215,799597.4287507179,40243.96117836128,779789.0753527598,39289.55922582201,760938.418063095,38379.37665569447,742977.64206966,37510.40988815435,725845.1875759725,36679.921342991496,709485.0448784452,35885.410630995284,693846.1426737204,35124.5894100393,678881.8155210337,34395.359373279025,664549.3387618312,33695.792923535046,650809.5211336955,33024.116159045014,637626.3468977654,32378.693854371264,624966.6605982138,31758.01616874356,612799.8886441083,31160.686854400396,601097.7927914915,30585.41277108297,589834.2513414013,30030.994540946504,578985.0644852535,29496.318201759637,568527.7807446397,28980.347736152806,558441.5418858903,28482.118371488265,548706.944055077,28000.730559179876,539305.9131881103,27535.344554412914,530221.5930127404,27085.17552755345,521438.2441823286,26649.489147378677,512941.1532716043,26227.597583842005,504716.550527507,25818.855884605506,496751.5354079508,25422.658685190785,489034.00906156615,25038.437217453666,481552.6130051143,24665.6565852918,474296.6733448853,24303.813280143342,467256.1499660032,23952.432912008477,460421.59018098406,23611.068134492933,453784.08638754755,23279.296744789164,447335.2373368459,22956.719941626794
0.37975951903807614,1469948.05677725,71344.2344291115,1404874.6097843929,68421.62921760888,1345318.4190555445,65729.04917652246,1290606.3491317055,63240.36614429634,1240170.4869317897,60933.264734160446,1193528.3549729572,58788.571335050474,1150267.4277703238,56789.719999073495,1110032.897787336,54922.323707175594,1072517.9221778777,53173.827529415445,1037455.7826157947,51533.22599266628,1004613.5342798858,49990.83120360156,973786.8241297259,48538.08140220897,944795.634790726,47167.38195361902,917480.7667272243,45871.97254202604,891700.9134899916,44645.815664031375,867330.2165747058,43483.50253983192,844256.2105761355,42380.17334859039,822378.0878389528,41331.449306761046,801605.2261128931,40333.374587479484,781855.933854466,39382.366456740514,763056.3765423619,38475.17230141713,745139.6542548852,37608.83246284231,728045.0062181286,36780.64798104336,711717.1223918571,35988.15250897586,696105.5456579308,35229.087781079725,681164.1509982502,34501.38212222123,666850.6903376293,33803.13156629448,653126.3935915574,33132.58322211013,639955.6179849603,32488.120580586816,627305.5389627059,31868.25050396666,615145.8770483714,31271.591676610606,603448.655866287,30696.86432934148,592187.98725619,30142.88107644957,581339.8800063895,29608.538727291678,570882.0692312954,29092.81095365403,560793.8638396331,28594.741710324033,551056.0098944037,28113.43932012581,541650.5679659043,27648.07114642619,532560.8028340252,27197.85878614807,523771.0841130857,26762.073724911104,515266.7965577844,26340.033403285466,507034.2589675307,25931.097649480063,499060.6507426227,25534.66543925111,491333.945262991,25150.171948540814,483842.84936136444,24777.085868448892,476576.7482502014,24414.90695569448,469525.65533755237,24063.1637948195,462680.1664329079,23721.411751083087,456031.4179014369,23389.23109535479,449571.04837507394,23066.225284379314
0.38436873747494993,1466710.0122323178,71177.00521383272,1402412.8970067936,68290.16460362787,1343516.3040285946,65628.36898308039,1289367.2456256691,63166.29035141329,1239413.9276406395,60882.264042821196,1193186.8781017333,58757.649527618596,1150284.1471665485,56776.320537473475,1110359.5891862053,54924.25498451447,1073113.5031797818,53189.20260695367,1038285.09591578,51560.41367993744,1005646.3665421314,50028.41609074782,974997.1094912941,48584.83100937917,946160.8041433915,47222.21957736144,918981.2129351565,45933.954691389314,893319.5494360246,44714.11321675969,869052.108007414,43557.38493106557,846068.2695926954,42458.995244930535,824268.8157992306,41414.6393276843,803564.4970658397,40420.425721444,783874.8113348363,39472.827886508494,765126.9579863144,38568.64240631364,747254.9383779633,37704.95280802913,730198.7795664232,36879.09813779797,713903.861967981,36088.64557725408,698320.3350766501,35331.366507706894,683402.608071874,34605.21552598334,669108.9043513839,33908.31199583005,655400.8708217663,33238.92378449192,642243.234251639,32595.452888347907,629603.4982038968,31976.42269647449,617451.6750645738,31380.46667845018,605760.0485163763,30806.31831399225,594502.96249652,30252.8021082361,583656.6332565502,29718.82555852258,573198.9816266402,29203.37195717022,563109.4829948811,28705.493930465575,553369.0328565711,28224.307627483664,543959.8260802985,27758.98748374463,534865.2482854747,27308.761494443283,526069.7779371754,26872.906940321158,517558.8979445752,26450.746516405514,509319.0157038538,26041.644819998583,501337.3906592296,25645.005159614855,493602.06857011997,25260.266651161473,486101.82177113625,24886.901571641898,478826.094797028,24524.41294412641,471764.95481876656,24172.332330748417,464909.0464013452,23830.217813117015,458249.5501499555,23497.652141837156,451778.14486015873,23174.241038844943
0.38897795591182366,1463490.9312736266,71010.94618330357,1399954.3341607351,68159.12082487218,1341705.0014849834,65527.51216573961,1288109.318823062,63091.56088110511,1238631.024237609,60830.22867442403,1192813.2025969473,58725.38910662594,1150264.1335993072,56761.340666251985,1110646.064380751,54924.41438854918,1073666.225072499,53202.65527621469,1039069.5813872598,51585.5618193939,1006632.9446607039,50063.871618097946,976160.151697897,48629.38386018274,947478.0943896472,47274.81146860313,920433.4293088746,45993.65728965109,894889.8351927832,44780.10988191066,870725.7147514442,43628.95537882426,847832.2590259775,42535.50260495081,826111.8092797224,41495.51917756735,805476.4643981184,40505.17675836127,785846.8919157248,39561.00396219766,767151.3087598389,38659.84570202058,749324.6041041402,37798.82796648587,732307.5817413218,36975.32720180765,716046.3033968251,36186.9436106249,700491.5176343652,35431.477795465464,685598.1616147016,34706.91026803254,671324.9250907032,34011.38342229596,657633.8677539437,33343.185632555476,644490.0824686598,32700.737189872216,631861.3980989864,32082.57783360662,619718.1166030614,31487.35567090681,608032.7798710848,30913.817307178117,596779.9624540359,30360.79903589059,585936.0868899086,29827.218957402285,575479.2588044774,29312.069914482327,565389.1193595805,28814.41314747298,555646.712956478,28333.37258499287,546234.3683853967,27868.12969713095,537135.5918534241,27417.918847521716,528334.9705284168,26982.0230887824,519818.08541227994,26559.770352743762,511571.43250757654,26150.529992892833,503582.3513708628,25753.709641615125,495838.9602576703,25368.75234929786,488330.09716037853,24995.13397623633,481045.2661236132,24632.360811659655,473974.5882941666,24279.967397131444,467108.7572253603,23937.514534147485,460438.99801061244,23604.58745799739,453957.0298688621,23280.794161925434
0.3935871743486974,1460290.9697943076,70846.05692980289,1397499.5240803305,68028.51934907623,1339885.4287378183,65426.51613295822,1286833.7042477657,63016.22665449345,1237823.0600962571,60777.215741333646,1192408.7080472293,58691.85287409664,1150208.8248915067,56744.84698757242,1110893.791478521,54922.87089216364,1074177.5657169723,53214.25579936679,1039810.7116303329,51608.74114564755,1007574.7250826263,50097.2683779852,977277.3832422261,48671.80994494557,948748.9085904679,47325.226675162594,921838.7857499826,46051.14819355524,896413.1050925989,44843.87214758184,872352.3341511746,43698.27887984893,849549.4385571531,42609.75885370399,827908.2901779022,41574.15066212914,807342.3125137517,40587.68786210726,787773.3230985391,39646.953202573415,769130.5402688201,38748.83907355393,751349.7277025445,37890.51321185424,734372.454936217,37069.38886589378,718145.4559215769,36283.09875759748,702620.0707853782,35529.47228927056,687751.7584675015,34806.51553325208,673499.6699558577,34112.393615882334,659826.2735064236,33445.41516808229,646697.0246075955,32804.018565119186,634080.0745781824,32186.75971989395,621946.0126238547,31592.30122890596,610267.6369542667,31019.402699188144,599019.7512115183,30466.912108971133,588178.9830034466,29933.758075449052,577723.6217912339,29418.942920441248,567633.4737651139,28921.536439516123,557889.7316669143,28440.67029270375,548474.8577937426,27975.532945636314,539372.478651557,27525.365099115836,530567.2899273427,27089.455552963936,522044.97061968147,26667.137456761076,513792.1053142401,26257.784905902903,505796.113716876,25860.80984642909,498045.1866658424,25475.659256434574,490528.2279385698,25101.81257565172,483234.8012499295,24738.779358079486,476155.0819095659,24386.09712540078,469279.8126673882,24043.329401432315,462600.2633299317,23710.06391004187,456108.1937771509,23385.91092088893
0.3981963927855712,1457110.2579583856,70682.33611312883,1395049.028033246,67898.37990557773,1338058.4518039403,65325.416029904,1285541.4805223425,62940.334000958544,1236991.2588708685,60723.27957328266,1191974.7133805861,58657.10075476846,1150119.598516521,56726.903198696054,1111104.1793709109,54919.690582019815,1074648.9454162142,53224.07160253715,1040509.9036643077,51630.019628369846,1008473.110827841,50128.67428225015,978350.1854222195,48712.17666588094,949974.600856225,47373.531753199546,923198.6054205875,46106.492865983055,897890.6488769483,44905.46420523316,873933.2210277825,43765.41822957818,851221.0273199875,42681.825307500025,829659.44172225,41650.59356755842,809163.1889269943,40668.01726255054,789655.2171756844,39730.73227404802,771065.7302948709,38835.6776313015,753331.35331025,37980.06211696585,736394.4106163451,37161.335192058905,720202.2993774145,36377.16160214621,704706.9438170936,35625.39913222402,689864.318470956,34904.07906403081,675634.0304441832,34211.38896036945,661978.9523265793,33545.65745946498,648864.8987401386,32905.34081078655,636260.3405860659,32289.010924005135,624136.1519625996,31695.344736343435,612465.3854772482,31123.114731701506,601223.0723050128,30571.180468579718,590386.0438702799,30038.480993751873,579932.7724723255,29524.02803549997,569843.2285473996,29026.899884526472,560098.7525759523,28546.235882831927,550681.939911431,28081.231451233773,541576.5370350557,27631.13359509136,532767.3479356058,27195.236835429343,524240.1494798264,26772.8795192127,515981.6147820286,26363.440468184705,507979.2437044662,25966.335930570167,500221.2997261708,25581.016804183975,492696.7525096671,25206.966103165232,485395.2255744884,24843.69664375988,478306.9485554667,24490.74892736808,471422.7135838794,24147.689201513884,464733.83538196585,23814.107681531903,458232.11470715987,23489.616917641746
0.4028056112224449,1453948.9022069543,70519.78154305469,1392603.3683852223,67768.72060299138,1336224.8883985665,65224.24487580277,1284233.6724886517,62863.92680504752,1236136.787617546,60668.47186729911,1191512.4799106063,58621.18994486582,1149997.7745262128,56707.57023700065,1111278.5805201682,54914.93679827013,1075081.7295514722,53232.167409363006,1041168.5214113642,51649.46259928803,1009329.4538236881,50158.154682589244,979379.8905326191,48750.548950891294,951156.4784031811,47419.79087469153,924514.1666733222,46159.75447739731,899323.7135087913,44964.94804542882,875469.5893825307,43830.43411253366,852848.2055033471,42751.76125928227,831366.4099817902,41724.905741219845,810940.2056861755,40746.22133191299,791493.6525754449,39812.39606300367,772957.9242674516,38920.41477959682,755270.4941373174,38067.5266189358,738374.43066195,37251.21667334977,722217.7852775351,36469.181222573796,706753.0588832445,35719.306021690434,691936.7354500282,34999.64721374848,677728.873089184,34308.41450420256,664092.7444879424,33643.956290537564,650994.5198962325,33004.74648704856,638402.9869034614,32389.372823533082,626289.3021186739,31796.52642904892,614626.7705954451,31224.992539046627,603390.6494510494,30673.642187025987,592557.9726393912,30141.424761139453,582107.3942661621,29627.361322480374,572019.0481967754,29130.53859564709,562274.4220141884,28650.10355397029,552856.2436440733,28185.25853186516,543748.3791865457,27735.256805396384,534935.7406830633,27299.398589550387,526404.2027093204,26877.027407084297,518140.5268242659,26467.526789322044,510132.2930252884,26070.31727402582,502367.8374631089,25684.853669596003,494836.1957594502,25310.62255843657,487527.05134817946,24947.140015443518,480430.6883280759,24593.94952029701,473537.9483741282,24250.62004461898,466840.1913055314,23916.744297143483,460329.2589533875,23591.937111878495
0.40741482965931863,1450806.9871110055,70358.39025514908,1390163.0310809491,67639.55803850721,1334385.510735974,65123.03369214884,1282911.2541355088,62787.04664406983,1235260.7597294871,60612.84182849034,1191023.2142070883,58584.17505209181,1149844.6183148904,56686.906416680635,1111418.293594111,54908.67026645661,1075477.2310775465,53238.605367242366,1041787.8780501492,51667.132872380054,1010145.0571193177,50185.772484576664,980367.7839456194,48786.98936148745,952295.8035074105,47464.065929439115,925786.7048863511,46210.99400219277,900713.5048967211,45022.383548831545,876962.6140180255,43893.38518827434,854432.1158772426,42819.62405986084,833030.3053041804,41797.143168479604,812674.4407306331,40822.35465748941,793289.6751440684,39891.997744692155,774808.1364769181,39003.102282068365,757168.1336161479,38152.95708121332,740313.4684588343,37339.082292843304,724192.8378493797,36559.20524764939,708759.311989874,35811.23926278779,693969.8781534312,35093.26499780349,679785.0403568939,34403.51400922714,666168.467146561,33740.354207174765,653086.6808832573,33102.276962163574,640508.7829320439,32487.88564774335,628406.2100075822,31895.885435797318,616752.5176307161,31325.07418758779,605523.1872409347,30774.33430569271,594695.4540036838,30242.625430619846,584248.1527676249,29728.977881674895,574161.5799784388,29232.4867550775,564417.3696535567,28752.30660375216,554998.3817752828,28287.646632991764,545888.6016754515,27837.766354563657,537073.0491691069,27401.971649020266,528537.6963526552,26979.611192171324,520269.3931176844,26570.07320702312,512255.79954854446,26172.782507118674,504485.3244727486,25787.19780122798,496947.0695206271,25412.809232827538,489630.7781264613,25049.1361308494,482526.7889692346,24695.724950834432,475625.99340855033,24352.147387947,468919.79652140045,24017.998645343592,462400.0813893317,23692.89584317556
0.4120240480961924,1447684.5770834282,70198.15858051894,1387728.4679552352,67510.90739946425,1332541.048150258,65021.81162245275,1281575.1513468171,62709.73291704103,1234364.2376989766,60556.43630231168,1190508.0708025978,58546.108227426244,1149661.3432297164,56664.96755767201,1111524.5659581034,54900.949222095995,1075836.7128859176,53243.44516674158,1042369.2382471841,51683.09085768731,1010921.1769871984,50211.58825574357,981315.1060871482,48821.558195177546,953393.7953621311,47506.41662192341,927017.4142088501,46260.2703102517,902061.1895359745,45077.828572725484,878413.4320821167,43954.32817317489,855973.8652467357,42885.46919524,834652.2036863877,41867.36004587137,814366.9391845056,40896.47011093176,795044.2993685744,39969.58884890429,776617.3512318025,39083.79032394572,759025.2264982585,38236.40235276008,742212.449939236,37424.97957991659,726128.3550238292,36647.27991017403,710726.5739367079,35901.24381943677,695964.5911507043,35184.976142320214,681803.3515018733,34496.72999721467,668206.9151588617,33834.8925617844,655142.1530684478,33197.9724550693,642578.477443769,32584.588518397766,630487.6026796462,31993.459817476465,618843.3327613701,31423.396713343504,607621.3718039655,30873.292871202917,596799.154838128,30342.11809418692,586355.6963627413,29828.91188437598,576271.4545251067,29332.777646403254,566528.2090793189,28852.87746005213,557108.9515192328,28388.427357732493,547997.7859922656,27938.693050847192,539179.839779698,27502.986056045233,530641.1822829855,27080.660178378002,522368.75158784626,26671.108313575576,514350.287791883,26273.759536162917,506574.2723799767,25888.076444044447,499029.87301696587,25513.55273358449,491706.89320114104,25149.71098217439,484595.7262864697,24796.10061786518,477687.3134375859,24452.2960579097,470973.10513059905,24117.89500004463,464445.02585568966,23792.516852087963
0.4166332665330661,1444581.7179615407,70039.08220998189,1385300.098887211,67382.78255779372,1330692.189549034,64920.6060441453,1280226.2444825352,62632.02296558389,1233448.2357176447,60499.29989890018,1189968.154745605,58507.03928927292,1149449.1130372826,56641.80710730448,1111598.596033146,54891.829528413495,1076161.3900437364,53246.74415458453,1042913.8202733912,51697.39466913454,1011659.0249183873,50235.66032807179,982223.0543148618,48854.3135826535,954451.6318440211,47546.90056331744,928207.4492220719,46307.64025398246,903367.8960710244,45131.339033324366,879823.1445387999,44013.317918266206,857474.5258377492,42949.35036026075,836233.1480817074,41935.60885080848,816018.7145908815,40968.61891429069,796758.5095435632,40045.219322589175,778386.5239634035,39162.52757149135,760842.699901373,38317.90982451524,744072.2745757597,37508.95466395105,728025.2093799534,36733.450098115194,712655.6912163694,35989.36336310321,697921.695689222,35274.823130663484,683784.603385066,34588.103794300696,670208.861863138,33927.61155580877,657161.6871265635,33291.87207607647,644612.799297058,32679.51948875949,632534.1880068404,32089.28660451294,620899.9036816116,31519.99615793411,609685.8714412766,30970.55296998255,598869.7248096616,30439.936916084098,588430.6568161465,29927.196604920227,578349.2864034323,29431.443685493887,568607.5383367181,28951.847710805803,559188.5350487297,28487.63149566805,550076.4990591279,28038.066914068993,541256.664781462,27602.471088287784,532715.1986806674,27180.202927807073,524439.1268729889,26770.65998112928,516416.26937135274,26373.275567983226,508635.18027527584,25987.51616321243,501085.0932876342,25612.879006947285,493755.8720128912,25248.889918550754,486637.96455428423,24895.101294350712,479722.36198232067,24551.090271381297,473000.5602948762,24216.45704129434,466464.5255311604,23890.82330030576
0.4212424849699399,1441498.4384705797,69881.15625313096,1382878.3138093178,67255.19615787809,1328839.5857119749,64819.44267320748,1278865.3708039303,62553.95218734849,1232513.7221257167,60441.47511000995,1189404.5240100955,58467.015840458975,1149209.0442554152,56617.476255147885,1111641.5355283243,54881.3647876557,1076452.4319161864,53248.5574406191,1043422.7980125905,51710.100226720184,1012359.7695177976,50258.04489523529,983092.7847035524,48885.31158008156,955470.4511937307,47585.57335893375,929357.9265207975,46353.158751101175,904634.7167841642,45182.96898410528,881192.8175701962,44070.40748336088,858935.1366185682,43011.31952876556,837774.1496466437,42001.940408035254,817630.7500896008,41038.85070299455,798433.2608851116,40118.93758959192,780116.582280579,39239.36122871676,762621.4543095519,38397.52548329636,745893.8163309325,37591.052325611294,729884.2490477499,36817.75940344365,714547.4868737374,36075.64031935991,699841.99051333,35362.84724787999,685729.571255595,34677.675573449065,672175.0598266526,34018.55028034381,659146.0137547137,33384.013865765024,646612.4581215605,32772.71558087848,634546.6553395248,32183.401832650947,622922.9002321012,31614.907602949945,611717.3372319392,31066.148761306355,600907.7969603912,30536.11516460963,590473.6498328334,30023.864451328627,580395.6746556297,29528.51645004792,570655.9404536983,29049.24813252406,561237.700000152,28585.289050384356,552125.2937180288,28135.917202247,543304.0627941141,27700.45528463056,534760.2704907975,27278.26728570727,526481.0307675007,26868.755385871653,518454.24343157746,26471.357133359157,510668.53513230797,26085.54286685323,503113.2055928493,25710.813360244258,495778.1785455807,25346.697667517587,488653.95689773874,24992.751148208063,481731.58170785,24648.553656014024,475002.59460034885,24313.707875055155,468459.0032868327,23987.837789922527
0.42585170340681366,1438434.751577604,69724.37529271145,1380463.4745817883,67128.15969832367,1326983.8514450914,64718.34566204994,1277493.326753645,62475.55414246864,1231561.621720156,60383.002419044366,1188818.1917708016,58426.08337855184,1148942.2083585877,56592.02404148476,1111654.4915552794,54869.6064463816,1076710.964179183,53248.93799912792,1043897.3028683043,51721.26135341422,1013024.5383052551,50278.79610489953,983925.4137432592,48914.6062567815,956451.3536154493,47622.488691370025,930469.9262196248,46396.87886339857,905862.7090142007,45232.770690392266,882523.4839134215,44125.648207671264,860356.7045605597,43071.427020478404,839276.1889309405,42066.403952997345,819203.9995417647,41107.213585933554,800069.4805946104,40190.79060766742,781808.4269774257,39314.337091530586,764362.3645288909,38475.29396327528,747677.9245647711,37671.31604583008,731706.2985711199,36900.250168796534,716402.7613275888,36160.11591238519,701726.2526476339,35449.08862317827,687639.009498435,34765.484395048305,674106.2415601952,34107.74675497697,661095.844356099,33474.43483217878,648578.1449731846,32864.21282124991,636525.6761346892,32275.84057717279,624912.9750031878,31708.165202824835,613716.4036128024,31160.113508908456,602913.9882655411,30630.68524254195,592485.2755955798,30118.946994618465,582411.2033176429,29624.026707857705,572673.9839409821,29145.108717572322,563256.9999565153,28681.429265823223,554144.7091978501,28232.27243707002,545322.5592423953,27796.96646982443,536776.9098608945,27374.880404340125,528494.9626461349,26965.421031155507,520464.6970572315,26568.030109453364,512674.81220733054,26182.181827807606,505114.67380186415,25807.3804830285,497774.26570341585,25443.158355559994,490644.1456592958,25089.073762281645,483715.4047803352,24744.709269670315,476979.6304052441,24409.670052122703,470428.8720250589,24083.5823818645
0.43046092184368734,1435390.6557445037,69568.73343469405,1378055.9167425195,67001.68360810561,1325125.5676008472,64617.33769112383,1276110.8701003566,62396.860653532895,1230592.8179308837,60323.920404644006,1188210.1285525707,58384.28539992572,1148649.6338647674,56565.49745981186,1111638.5286318336,54856.60389510371,1076938.0707289374,53247.93676482615,1044338.4255748262,51730.92986707884,1013654.4194277731,50297.966146368024,984722.0199550561,48942.24977856158,957395.4028000776,47657.69839959919,931544.4933882903,46438.85187171897,907052.8965091137,45280.794700399456,883816.1441359106,44179.08977711486,861740.2058414241,43129.72156478103,840740.217013842,42129.047192299695,820739.3886038366,41173.75420280729,801668.0688752477,40260.82392291761,783462.9329963796,39387.499599457326,766066.2806011678,38551.25859515946,749425.4249026062,37749.78805262237,733492.159733216,36980.96353208324,718222.2931565417,36242.83020750864,703575.2381463631,35533.5862705521,689513.6523497842,34851.56824574019,676003.120201841,34195.23796493911,663011.8716943347,33563.17098641002,650510.5329609822,32954.04627493234,638471.9045572381,32366.63698564421,626870.7639122742,31799.802216294916,615683.6889334918,31252.479611234507,604888.900167503,30723.678716258964,594466.1192793595,30212.474996858025,584396.441915127,29718.00444386281,574662.2232707345,29239.458700281306,565246.9749098404,28776.080651504573,556135.2715613901,28327.16042828182,547312.666788631,27892.031778081237,538765.6165598014,27470.068765824744,530481.4098700074,27060.682769636176,522448.10566683376,26663.31974127865,514654.47542143386,26277.4577044678,507089.9507642526,25902.604467307396,499744.57567183394,25538.295527766622,492608.96274984366,25184.092153457168,485674.2532086453,24839.579619019667,478932.0801726148,24504.365586230462,472374.5350036699,24178.078613526264
0.4350701402805611,1432366.136088035,69414.22435439439,1375655.9511414068,66875.77731750495,1323265.2829734029,64516.44005470717,1274718.721957051,62317.901899511664,1229608.1548735988,60264.265838255014,1187581.2642617759,58341.663497978094,1148332.3083109532,56537.94155374319,1111594.6705814286,54842.404562624615,1077134.7954944468,53245.60272386472,1044747.2179180831,51739.15566770517,1014250.4632881042,50315.60533384661,985483.64542914,48968.29248695755,958303.6273762545,47691.25255423265,932582.6394199267,46479.12734736335,908206.2707162913,45327.08991292995,885071.7678525324,44230.78028848885,863086.5869940715,43186.250361554594,842167.1565894625,42189.916361410025,822237.8157540199,41238.51777888238,803229.8999036493,40329.081721790586,785080.9503490976,39458.891885056604,767734.0286776619,38625.46145320091,751137.1200652622,37826.50936584369,735242.6123461386,37059.93946914282,720006.8398511753,36323.82215190732,705389.6828105864,35616.378127645025,691354.2145818338,34935.96407557345,677866.3901715263,34281.059896658946,664894.7705199005,33650.25737665834,652410.277847375,33042.250078206795,640385.978055735,32455.82430926214,628796.8867566846,31889.85103651719,617619.795987871,31343.27863040683,606833.1190872503,30815.126343620024,596416.7515439587,30304.47843803047,586351.9459384154,29810.478886055964,576621.1993349411,29332.326581950663,567208.1517039275,28869.271006679748,558097.4941334351,28420.608297031966,549274.8857469393,27985.677675666822,540726.8783788073,27563.858204014457,532440.8481753544,27154.565824470377,524404.9333898062,26757.250662254923,516607.9777265217,26371.394560725927,509039.47866538656,25996.5088269137,501689.5402630183,25632.13216665252,494548.8299847479,25277.828790963467,487608.53917141317,24933.186677344802,480860.3467888358,24597.815971384032,474296.3861463186,24271.347515655485
0.43967935871743485,1429361.165454143,69260.8413389583,1373263.8654674874,66750.44932422363,1321403.516077574,64415.6727412759,1273317.5686812624,62238.706504048256,1228608.4392870928,60204.07377607106,1186932.4901071067,58298.25745586789,1147991.1801241736,56509.39950866209,1111523.9023345627,54827.05400539091,1077302.144158577,53241.983000136475,1045124.6943714775,51745.98682024002,1014813.6840943086,50331.76218557741,986211.2972895639,48992.78297460856,959177.0222932241,47723.199529171594,933585.3433359251,46517.75322011444,909323.7920137185,45371.70364191406,886291.2948876317,44280.76631068444,864396.7660040343,43241.05913924528,843557.9030039762,42249.056279755474,823700.1532734411,41301.548177298966,804755.8227590428,40395.60688077067,786663.3049973384,39528.55582116416,769366.411855234,38697.9434001471,752813.7906635612,37901.51984000091,736958.4150068457,37137.216834555256,721757.1385340979,36403.12961354892,707170.3028749662,35697.501092948274,693161.3921585343,35018.70783357005,679696.7277979661,34365.24757180366,666745.1981701757,33735.72812084343,654278.0186231114,33128.85746985259,642268.5179139419,32543.43493287787,630691.9477433126,31978.343219917697,619525.3125232023,31432.541319969867,608747.2169143045,30905.05810067537,598337.7290059387,30394.986541769016,588278.2572975766,29901.478530301396,578551.4398845746,29423.740154803763,569141.0444585655,28961.027443471918,560031.8779108799,28512.64249824782,551209.7044800638,28077.929982547066,542661.171515936,27656.27392545647,534373.7420459611,27247.0948096263,526335.6334276842,26849.846913904003,518535.7614558968,26464.015885085562,510963.6893669529,26089.116516063677,503609.5812468551,25724.690710191586,496464.1594057321,25370.305613905326,489518.66533028526,25025.551901599218,482764.82386864297,24690.04219846619,476194.8103396978,24363.40962852662
0.4442885771543086,1426375.7054132086,69108.57732650507,1370879.9256765817,66625.70725503235,1319540.7568194263,64315.054508837224,1271908.063665028,62159.30161849187,1227594.4423623902,60143.377645714,1186264.6604165728,58254.10533412088,1147627.1603942409,56479.9127384454,1111427.1716380185,54810.59599216453,1077441.0857930293,53237.122937162334,1045471.8336515385,51751.469633258515,1015345.0613347609,50346.48349907858,986905.9490896695,49015.76815698737,960016.5501392621,47753.58606984749,934553.5530308284,46554.775843070325,910406.3908852912,45414.68167795917,887475.636384919,44329.09294310066,865671.6333581298,43294.19221030276,844913.3252471525,42306.51040335154,825127.2481844996,41362.88794905564,806246.6623121576,40460.44101388159,788210.799695924,39596.53206606933,770964.2109766226,38768.744130241634,754456.1959589992,37974.85820521681,738640.3058210257,37212.83340070254,723473.906649612,36480.78941847328,708917.7956656158,35776.99106141814,694935.862863851,35099.83450178636,681494.7919193386,34447.83507988383,668563.7951444186,33819.616437846664,656114.3780582581,33213.9008211117,644120.1297794032,32629.50040376392,632556.535996251,32065.309513835084,621400.8117281606,31520.29765147883,610631.751476364,30993.50320726344,600229.5946910157,30484.02780002198,590175.9047585961,29991.031164122127,580453.4599505438,29513.726524947866,571046.1549761449,29051.376409056273,561938.911955833,28603.288842078353,553117.5997797338,28168.81389313602,544568.9609442711,27747.340529482204,536280.5450701148,27338.293749351258,528240.6484003086,26941.131964727418,520438.2586602605,26555.344608980176,512863.0047332876,26180.44994714468,505505.11066809896,25815.99306910006,498355.35358933127,25461.54404806762,491405.02513009496,25116.69624875533,484645.8960474237,24781.06477115077,478070.1837183261,24454.285017441176
0.44889779559118237,1423409.7071823203,68957.42494219566,1368504.3773265178,66501.55792327675,1317677.468065847,64214.60295557368,1270490.8290217288,62079.71300002143,1226566.9014705436,60082.20932799128,1185578.5943570843,58209.24355342303,1147241.1245541421,56449.52096756006,1111305.390677266,54793.07258429063,1077552.5544121338,53231.0661758162,1045789.5801979174,51755.6487337215,1015845.5411827462,50359.81442271017,987568.5421420214,49037.29334068839,960823.1423991682,47782.45735823925,935488.1864604803,46590.240054459755,911454.9690432267,45456.068347072294,888625.6758679767,44375.803871407545,866912.0530469377,43345.69252413083,846234.2669006273,42362.32087509288,826519.9231486128,41422.57838079433,807703.2200759446,40523.62451811624,789724.2147997334,39662.86010673566,772528.1853967987,38837.902210375105,756065.0745923279,38046.56210644365,740289.0030965675,37286.82589516922,725157.8426245345,36556.83738649688,710632.8402305407,35854.882958593786,696678.286903918,35179.37812794589,683261.224459077,34528.85560949579,670351.1856549735,33901.95467745122,657919.9632304552,33297.4116644083,645941.4041702508,32714.051459188813,634391.2260435293,32150.779883020845,623246.8527007807,31606.576839990685,612487.2669896381,31080.490151553102,602092.8784678659,30571.629996702217,592045.4043616509,30079.16388950873,582327.7622473658,29602.3121343906,572923.97313158,29140.343706929038,563819.0737725784,28692.572514457497,554999.0372314051,28258.35399619242,546450.7007651533,27837.082027472912,538161.7002828872,27428.18609684023,530120.4106777787,27031.12872830909,522315.8914298827,26645.403124339224,514737.8369442695,26270.53100777202,507376.53115046374,25906.060643409528,500222.8059426199,25551.56502202847,493268.00308663765,25206.640191479957,486503.9392614266,24870.903721161438,479922.87393754825,24543.993287589183
0.4535070140280561,1420463.1124801496,68807.37653147029,1366137.4468264654,66378.00738254286,1315814.087119874,64114.334586119745,1269066.4571764772,61999.96508518434,1225526.5217954004,60020.59923404431,1184875.077562526,58163.70697290037,1146833.913973537,56418.26230881244,1111159.437617095,54774.52421182309,1077637.4504500977,53223.854728130216,1046078.8455819549,51758.567138040955,1016316.0378345257,50371.79852377239,988199.9867864099,49057.402288464174,961597.700654089,47809.85707484347,936390.1327764487,46624.189236602746,912470.4005003584,45495.906566706755,889742.270253949,44420.941420799056,868118.8635234874,43395.60171768091,847521.5470451363,42416.52857282848,827878.9773254379,41480.65954049929,809126.2750200705,40585.19661690022,791204.3090365642,39727.5783001653,774059.0737170981,38905.455119481216,757641.1452816706,38116.6681410149,741905.2060081713,37359.230036567285,726809.6265016331,36631.30836542088,712316.0979440465,35931.2107732915,698389.3074844055,35257.37185671605,684996.6509780291,34608.34147827063,672107.9781559039,33982.77434904668,659695.3660315771,33379.420720886446,647732.9169613254,32797.11805285992,636196.5782840176,32234.783535054048,625063.9808973562,31691.407368512842,614314.2944908622,31166.04671358382,603928.0974642929,30657.820230372254,593887.2598223871,30165.90314479913,584174.8375604344,29689.522782160413,574774.9772463895,29227.954517311515,565672.829669225,28780.5180968316,556854.4715641743,28346.574293907528,548306.8345470141,27925.521861342582,540017.6404944917,27516.794752145775,531975.3426988949,27119.859580682427,524169.0722036507,26734.21330044041,516588.5887954633,26359.381077152404,509224.2361883092,25994.914338366023,502066.9009868684,25640.388982616732,495107.9750626912,25295.403733171654,488339.32101651287,24959.578622908866,481753.2404353639,24632.553598305003
0.4581162324649299,1417535.854319558,68658.42419067904,1363779.3426064001,66255.06097675765,1313951.0271080558,64014.264873768705,1267635.5123662266,61920.08105914997,1224473.9778772425,59958.57637817974,1184154.8636758432,58117.528964163415,1146406.3374704835,56386.17333701147,1110990.1580651687,54754.98974575092,1077696.642166021,53215.529047406264,1046340.5098477936,51760.26631966269,1016757.4347845115,50382.47785332984,988801.1635992614,49076.13728118902,962341.0977267536,47835.82745776349,937260.2534095524,46656.66537216957,913453.5325949376,45534.237899274995,890826.2508228568,44464.54660686814,869292.8786204094,43443.96016381185,848775.9611288172,42469.17315533596,829205.1871955362,41537.170321218146,810516.5843510202,40645.195401690245,792651.8202475887,39790.723913002264,775557.5944887657,38971.43928626715,759185.1074917059,38185.21189461968,743489.595234552,37430.08056886481,728429.9205470469,36704.23626381799,713968.2130864215,36006.00758894707,700069.5513643452,35333.84795969713,686701.6812041614,34686.32416159468,673834.7658501823,34062.10614915996,661441.1636538864,33459.957926825184,649495.229850657,32878.72938029101,637973.1394354881,32317.34894472506,626852.7285632452,31774.817011461968,616113.3522519184,31250.199987854405,605735.7564666505,30742.624936013894,595701.9629170569,30251.274725676227,585995.1651177182,29775.38364457636,576599.6344477343,29314.233416732834,567500.6351048108,28867.14958509314,558684.3469866231,28433.498220225367,550137.7956505801,28012.682921277617,541848.7886054268,27604.142079368037,533805.8572767791,27207.34637699918,525998.2040656672,26821.796500084136,518415.6539861596,26447.021041789114,511048.6104265614,26082.574579689288,503888.0146297456,25728.03590974726,496925.30853287963,25383.00642239241,490152.4006460362,25047.108607537986,483561.6346836559,24719.984676748238
0.4627254509018036,1414627.8577426407,68510.55979531021,1361430.2562122657,66132.72338697955,1312088.678285659,63914.40831888461,1266198.5320553393,61840.08292095603,1223409.915072783,59896.16844665441,1183418.675810284,58070.7414813743,1145959.172746161,56353.28915878878,1110798.3664629154,54734.506566552576,1077730.9669807367,53206.128094844644,1046575.4227897433,51760.78627336152,1017170.5860409593,50391.893007941995,989372.9245475902,49093.53917691687,963054.1787750063,47860.40935907122,938099.3831051608,46687.70909788147,914405.1869704028,45571.10260326064,891878.424144809,44506.65918422729,870434.8884276749,43490.80701753103,849998.2817985514,42520.29310630254,830499.3073483248,41592.148482905024,811874.8842595387,40703.657871801384,794067.466097023,39852.33315946271,777024.4468874292,39035.890125361824,760697.6420753571,38252.22797577831,745042.8335695877,37499.41129429294,730019.369832986,36775.65408246862,715589.8134001152,36079.30561367323,701719.6293875762,35408.83786418714,688376.9095409247,34762.834320162074,675532.1271764993,34139.97998787077,663157.9190566932,33539.052458986596,651228.8908072722,32958.91390314789,639721.4429647702,32398.503877439027,628613.6151464779,31856.832857181562,617884.946177917,31332.976405006866,607516.348303344,30826.06990592695,597489.9938523134,30335.303805326734,587789.2129466563,29859.919294708856,578398.4010131633,29399.204396831727,569302.9350225889,28952.49040775999,560489.0975092875,28519.148658433212,551944.0075411234,28098.587562770117,543655.5579090618,27690.2499231602,535612.3578923112,27293.610467534592,527803.6810300177,26908.17359512404,520219.4173959214,26533.47131056177,512850.02992945164,26169.06132822418,505686.51442664175,25814.525330664892,498720.3628379443,25469.467366723853,491943.529558401,25133.512376414947,485348.4004293513,24806.30483103849
0.46733466933867734,1411739.040502533,68363.77502600475,1359090.3633319573,66010.99867511388,1310227.4092651182,63814.778503774476,1264756.0282719503,61759.9915450062,1222334.9509366208,59833.401862666775,1182667.2079345968,58023.37512757823,1145493.167747048,56319.64347880341,1110584.8474078693,54713.11062929088,1077741.2327492607,53195.68940288756,1046784.4051693884,51760.16557643231,1017556.3172853815,50400.0831884701,989916.0940904381,49109.64746719081,963737.7623363432,47883.64229858833,938908.3309127615,46717.35975578812,915326.1605124266,45606.53968205546,892899.572967261,44547.31769299194,871545.6601329137,43536.180260225745,851189.259696208,42569.925776414624,831762.071237048,41645.63069248151,813201.8906370372,40760.6199725528,795451.9447525376,39912.44123767664,778460.3113599428,39098.84207196108,762179.411889345,38317.750048894115,746565.5665087064,37567.2551049018,731578.6027969221,36845.59394451358,717181.510623568,36151.13620909589,703340.1369929108,35482.37218078298,690022.9155553244,34837.90182641714,677200.6262766881,34216.425014166256,664846.1814144732,33616.732758949,652934.4345012454,33037.69937262198,641442.0095008777,32478.275411687388,630347.147695015,31937.48132956478,619629.5701895616,31414.40175265037,609270.3542132018,30908.18030980044,599251.8216204239,30418.014953802674,589557.4382169856,29943.153721071638,580171.7227017696,29482.89088241626,571080.1641701794,29036.563443437502,562269.1472544193,28603.547958058472,553725.8840884039,28183.257622979752,545438.3523822917,27775.139624583484,537395.2389759908,27378.672713061856,529585.8883142993,26993.364981385374,522000.2553502074,26618.751829211644,514628.8624386373,26254.394094014402,507462.7598316581,25899.87633362668,500493.48942895007,25554.805246076838,493713.0514748123,25218.80821408153,487113.8739260224,24891.531962871402
0.4719438877755511,1408869.3136959583,68218.06139252875,1356759.8247568884,65889.89032476988,1308367.5681727212,63715.38814425602,1263308.4888700803,61679.82673905849,1221249.676528917,59770.301847788825,1181901.126186668,57975.45921752335,1145009.041958733,56285.26866254266,1110350.3569113167,54690.83652544692,1077728.2189724064,53184.24913546222,1046968.2498757037,51758.44144694842,1017915.4269786883,50407.08625611934,990431.4702305677,49124.50033075124,964392.6413260081,47905.56451522236,939687.8811321581,46745.65544224882,916217.2262454252,45640.58693063858,893890.4570643394,44586.55950323554,872625.9388261922,43580.11674198691,852349.6242215356,42618.10742365102,832994.191902409,41697.65256220441,814498.2997624958,40816.11663181539,796805.9355378516,39971.082364519476,779865.8502449555,39160.3286150438,763631.0623848815,38381.810865950814,748058.4228117099,37633.644012831486,733108.2317784171,36914.08712438554,718743.9010037802,36221.52991802834,704931.6547040527,35554.480729874456,691640.2644466822,34911.55578994039,678840.8134447087,34291.46964028647,666506.4865473511,33693.026556474884,654612.3827168577,33115.112851879254,643135.3472319322,32556.68996063248,632053.8212384435,32016.788208825732,621347.7065905503,31494.501195366458,610998.2441994464,30988.980713996054,600987.9043406076,30499.432156624105,591300.2875701827,30025.110345581943,581920.035072424,29565.315748817084,572832.7474072259,29119.391037598143,564024.9107536584,28686.71795110563,555483.8298549053,28266.714436456823,547197.5669648449,27858.832036343367,539154.8861787905,27462.55349962652,531345.2026024606,27077.390593001186,523758.5358756122,26702.882094261648,516385.4676212235,26338.59194982681,509217.10243877064,25984.107581049804,502245.03210192657,25639.038325480997,495461.3026577073,25303.014000703424,488858.3841564006,24975.68357964132
0.47655310621242486,1406018.5823501747,68073.41025586228,1354438.7872835207,65769.40127945972,1306509.4837381768,63616.24913814013,1261856.3787221136,61599.60729892737,1220154.6576537276,59706.892480057715,1181121.070119773,57927.02183717906,1144507.4876352525,56250.195795918065,1110095.623594867,54667.717541678656,1077692.677950894,53171.84214529669,1047127.7230312433,51755.64979924834,1018248.687416873,50412.938785865466,990919.8255190057,49138.13468478151,965019.5839910426,47926.21301598695,940438.7942185014,46772.63305473606,917079.1341905744,45673.28098020901,894851.8140501333,44624.42085751991,873676.4482710141,43622.65222212139,853480.0842633557,42664.87325187005,834196.3626664001,41748.24868642459,815764.7889613069,40870.181795040735,798130.0995588606,40028.28980900787,781241.7083684825,39220.38232922931,765053.2221747066,38444.44229692223,749522.015043181,37698.60917936067,734608.8535346686,36981.16407557899,720277.5657886436,36290.51649103999,706494.7486002471,35625.192567084836,693229.5074970177,34983.82458182928,680453.225558077,34365.141565109254,668139.3573347904,33767.96089195973,656263.2447496732,33191.1807376289,644801.9522866657,32633.773292848065,633734.1191548699,32094.77865146025,623039.8264207463,31573.29929393541,612700.4773699652,31068.495100082015,602698.6895871693,30579.57883265973,593018.1974361715,30105.812040824425,583643.7637897083,29646.50133856865,574561.1000011665,29200.99501871173,565756.793234203,28768.679967665143,557218.2403729304,28348.97885025752,548933.5878277946,27941.347537436854,540891.6766325375,27545.272752750046,533081.9922974774,27160.26991619468,525494.6189452285,26785.88116639844,518120.19730818266,26421.67354415307,510949.8862136501,26067.237322151304,503975.3272234103,25722.1844673798,497188.6121303211,25386.147224036806,490582.2530462488,25058.776806094796
0.4811623246492986,1403186.745967681,67929.81284854979,1352127.3845589198,65649.5339783236,1304653.4663213613,63517.37261082984,1260400.1408459316,61519.35106010637,1219050.4360321283,59643.19674893001,1180327.653885363,57878.089900148065,1143989.1709676066,56214.45474184066,1109821.3498293154,54643.785715678045,1077635.3358850747,53158.50202847051,1047263.5650472807,51751.82529680148,1018556.8457388978,50417.67611740594,991381.9080148805,49150.58623382044,965619.3348225382,47945.62362282639,941161.8076482463,46798.32833657418,917912.6121872619,45704.65734087574,895784.3601577408,44660.93691159794,874697.8916432157,43663.82140794336,854581.3289006039,42710.257447774944,835369.2577977822,41797.45267681629,817002.0172374165,40922.84845884528,799425.0803045777,40084.09592432973,782588.5136156742,39279.03490534148,766446.5035776042,38505.67535895599,750956.9400915382,37762.18094279169,736081.0497357831,37046.85445731406,721783.0716999978,36358.12491197241,708029.970768571,35694.53600770807,694791.1825039254,35054.7358581215,682038.3864925725,34437.467796620374,669745.3041132923,33841.56213800571,657887.5177882994,33265.9287808537,646442.3091012358,32709.550552255816,635388.5135237039,32171.47720943474,624706.3897957855,31650.820023820448,614377.5022645281,31146.746882652817,604384.6147050593,30658.477851319607,594711.5943378974,30185.281146651705,585343.3249181362,29726.469477450228,576265.6279116826,29281.39671375726,567465.1908940299,28849.454850924318,558929.5024110954,28430.071238480283,550646.7926317925,28022.706047239186,542605.9792003247,27626.849951089753,534796.6177643476,27242.022002533995,527208.856714607,26867.767683342412,519833.3957236323,26503.65711371371,512661.44771658815,26149.283405103834,505684.7039473289,25804.261143454798,498895.30188781867,25468.2249909366,492285.7956700119,25140.828395537486
0.4857715430861723,1400373.699031802,67787.2602934455,1349825.7378741095,65530.29038955299,1302799.808880257,63418.76895822487,1258940.1974707094,61439.07494650416,1217937.530414,59579.23660728889,1179521.4673560353,57828.68920115495,1143454.7331948748,56178.07419394979,1109528.2128189884,54619.071889289575,1077556.893923208,53144.26117635272,1047376.4916306087,51747.00140259466,1018840.6248892719,50421.33240376742,991818.4422028548,49161.8895164646,966192.6154282246,47963.831017358134,941857.6367479931,46822.775919718144,918718.3666797974,45734.75044250334,896688.790985764,44696.14177337992,875690.9522393227,43703.65799193046,855654.0280746929,42754.29321633762,836513.5331505841,41845.2971961515,818210.625880051,40974.14870322054,800691.5042240969,40138.53217857455,783906.8774799273,39336.317179742255,767811.50314147,38565.540244390475,752363.7796677599,37824.38884522763,737525.3874407472,37111.1871601472,723260.9713883296,36424.38342245279,709537.8597387413,35762.53865019047,696325.8141967704,35124.31658230624,683596.8075210179,34508.47467351204,671324.8250588571,33913.85602016154,659485.6872815548,33339.382106741505,648056.8907720442,32784.04627729571,637017.4654650087,32246.90784863944,626347.846233767,31727.08679294487,616029.7571695748,31223.758926468683,606046.1071134533,30736.15154909253,596380.8951843514,30263.539486153066,587019.1252052196,29805.241489916963,577946.7280643657,29360.61696314534,569150.4911666817,28929.06297160833,560617.9942307209,28510.011516250695,552337.5507755154,28102.927039056136,544298.1547174297,27707.30413958088,536489.4315638734,27322.665481684708,528901.5937487648,26948.559872229845,521525.39970540995,26584.560495488186,514352.1163169572,26230.263288730697,507373.48442364327,25885.285446001457,500581.6871003966,25549.264038428195,493969.32044863905,25221.854740615745
0.4903807615230461,1397579.331475993,67645.74362097704,1347533.956908698,65411.67204166917,1300948.7878837993,63320.44788710523,1257476.9510450945,61358.79501647316,1216816.4376320785,59515.033020680996,1178703.0771921112,57778.84446678195,1142904.7916611282,56141.08172765688,1109216.865634534,54593.605759042664,1077458.029161041,53129.150825069206,1047467.1947445363,51741.21042717231,1019100.7245376663,50423.94065769304,992230.1298703179,49172.0779499748,966740.1253673837,47980.86878364009,942526.9754880631,46846.009365672,919497.0834710922,45763.59367380582,897565.7822138427,44730.06854024994,876656.2941558526,43742.19468732477,856698.8332345708,42797.01281475605,837629.8267769173,41891.8139906903,819391.2390462402,41024.11372243503,801929.98128071,40191.629184226236,785197.3955904039,39392.25916249299,769148.802145937,38624.066347659995,753743.1007847266,37885.26165829401,738942.4195549916,37174.1903305782,724711.8038699679,36489.319545451894,711018.9409012515,35829.227398701536,697833.914636988,35192.593046966176,685128.9876968687,34578.18788595079,672878.4065549198,33984.86763686741,661058.2272917223,33411.56523385539,649646.1593952136,32857.284419366144,638621.4254660383,32321.093966640507,627964.6349696288,31802.122458795304,617657.6704211483,31299.553562946363,607683.5845979122,30812.621745458706,598026.5075525767,30340.60838102078,588671.5623538984,29882.838213949566,579604.788614108,29438.676135079044,570813.0729761142,29007.52424187818,562284.0858325991,28588.819153180815,554006.2236347828,28182.029553167486,545968.5562231856,27786.653942085202,538160.7786776602,27402.218573683473,530573.1672406626,27028.275561530336,523196.538917355,26664.40113829334,516022.21439960325,26310.194053761756,509041.9839991362,25965.27409887783,502248.0763087369,25629.28074436324,495633.129339952,25301.871883693144
0.49498997995991983,1394803.5291195158,67505.25378503883,1345252.1404300139,65293.68005280372,1299100.6641730913,63222.41845315668,1256010.7851912496,61278.52650629748,1215687.6336016387,59450.60601394808,1177873.0278550168,57728.57940361118,1142339.9408211433,56103.50384865623,1108887.9381969564,54567.41592424082,1077339.3955952793,53113.20110263378,1047536.3435264775,51734.48357445527,1019337.8219577746,50425.53279592582,992617.6509463727,49181.18387289506,967262.5429499801,47996.769449063264,943170.4972425554,46868.06120464052,920249.4284449258,45791.219419775756,898415.9902887254,44762.74933481348,877594.5629409594,43779.463262255005,857716.3779557876,42838.44758501614,838718.7595153223,41937.03392125337,820544.464320278,41072.77385469094,803141.1054842598,40243.41672647739,786460.6482189727,39446.8900643993,770458.9670855209,38681.282291141026,755095.4562180883,37944.827407854405,740332.6852704111,37235.89139470063,726136.0949475898,36552.9601079313,712473.7269096111,35894.628484836474,699315.9836032165,35259.59089459057,686635.4142233204,34646.63249555306,674406.5235464312,34054.62147864194,662605.6008345352,33482.5020925775,651210.5663933408,32929.28836056754,640200.8336955577,32394.058409763267,629557.1852577797,31875.949344881956,619261.6606965251,31374.15260603138,609297.4555916539,30887.90975820644,599648.8299591731,30416.508666341702,590301.0252848333,29959.280015349388,581240.1891986935,29515.594139379067,572453.3069820644,29084.858128710646,563928.139194584,28666.51318632718,555653.1647927831,28260.032209384768,547617.5291842301,27864.917573568982,539810.9967247462,27480.699100755195,532223.9072215529,27106.93219252087,524847.1360536905,26743.19611393131,517672.0575635521,26389.09241367066,510690.5114107196,26044.243468045952,503894.7716121707,25708.291137678985,497277.518021909,25380.89552684067
0.49959919839679356,1392046.174071906,67365.78167762111,1342980.376949752,65176.315158116515,1297255.6837742089,63124.68909678829,1254542.0656080039,61198.28387129619,1214551.5742689676,59385.97471540804,1177031.8425704753,57677.91674392307,1141760.753197732,56065.366039044835,1108542.0382155145,54540.52993274178,1077201.6250333774,53096.44107386868,1047584.5851643791,51726.85098545548,1019552.5728674975,50426.139681497545,992981.6643045436,49189.23858578602,967760.52600178,48011.56452346458,943788.8555175259,46888.962973002446,920976.0482583279,45817.659097531025,899240.0530823,44794.21533915302,878506.3862197435,43815.49457245116,858707.2785347976,42878.627985125444,839780.9355558007,41980.986993039885,821670.893251203,41120.15861059411,804325.4554027388,40293.9237904206,787697.2007675276,39500.23832299151,771742.5501341808,38737.21594998852,756421.3849495101,38003.113397767,741696.7104886457,37296.3170809401,727534.3576148074,36615.33126262187,713902.7180674217,35958.767488490455,700772.5089619649,35325.33513759772,688116.5628085957,34713.83295460518,675909.6398807189,34123.14144654593,664128.2602065015,33552.21604286019,652750.5528301072,33000.08093078144,641756.1203065052,32465.823489537423,631125.9166635226,31948.589256585637,620842.1372950627,31447.577367480084,610888.1194464341,30962.03641818043,601248.2521217838,30491.260704841014,591907.8943890225,30034.586801504658,582853.3011830407,29591.390440797804,574071.5558163772,29161.08366678422,565550.5085004279,28743.112232670763,557278.7202618177,28336.95321914607,549245.4117095259,27942.11285183205,541440.4161702499,27558.1244986947,533854.1367635732,27184.546830337316,526477.5070358638,26820.962127926694,519301.9548133839,26466.97472511296,512319.3689716051,26122.209571724863,505522.0688498935,25786.310908279545,498902.77606909565,25458.941041458813
0.5042084168336673,1389307.1451084882,67227.31814226833,1340718.745340904,65059.577735476654,1295414.0786655978,63027.26767688233,1253071.1409261327,61118.08082468641,1213408.6965115708,59321.15739872868,1176180.0242443052,57626.87828908991,1141167.7802933254,56026.692801184545,1108179.7520819486,54512.97432455442,1077045.3279619406,53078.8987832321,1047612.5457341032,51718.34177999709,1019745.6122324059,50425.791164126174,993322.8085310092,49196.272390168495,968234.7125971367,48025.284536548985,944382.6846488435,46908.74524918807,921677.5710055103,45842.94319065642,900038.5905229239,44824.49682766408,879392.3742944732,43850.3185926198,859672.1345596631,42917.58361908187,840816.9429826263,42023.70238425005,822771.1018693253,41166.29670049368,805483.5946540973,40343.1785871691,788907.6042365892,39552.33162749062,773000.089592154,38791.89447600951,757721.4125931017,38060.14623272634,743035.0082283891,37355.49344192215,728907.0924455588,36676.458508973315,715306.4027009747,36021.66935794244,702203.9670244703,35389.85017760273,689572.8980080392,34779.813124561966,677388.2086357324,34190.45086995587,665626.6473001424,33620.7298913157,654266.5497133004,33069.68442411526,643287.7057275292,32536.410998533145,632671.2393437845,32020.063496419098,622399.5004087521,31519.848671578216,612455.9666935103,31035.02208348726,602825.1552110141,30564.884400602357,593492.5417711877,30108.77803465142,584444.4878945247,29666.084071845584,575668.174310703,29236.219470893153,567151.5403602641,28818.63450114032,558883.2286969512,28412.810397168643,550852.5347575358,28018.257208808427,543049.3605263989,27634.511827832805,535464.1721749431,27261.136174622297,528087.9612022021,26897.7155298718,520912.20874361537,26543.856997983017,513928.8527506688,26199.188090172964,507130.25777555193,25863.355416556413,500509.18712275586,25536.023477548097
0.5088176352705411,1386586.3180190092,67089.8539864562,1338467.3154175635,64943.46782952264,1293576.0675028523,62930.16150260688,1251598.3435186045,61037.93037434176,1212259.418992873,59256.17152262973,1175318.0563334676,57575.48495079577,1140561.5534582976,55987.50769943134,1107801.6457233506,54484.7746733705,1076871.0943758863,53060.60129566447,1047620.8309997626,51708.984096547734,1019917.5550343354,50424.51611881859,993641.702660076,49202.31462576756,968685.7217610232,48037.95907370517,944952.6004711885,46927.43768804017,922354.606854719,45867.10128211383,900812.2052013167,44853.6231985398,880253.1207208973,43883.964446543265,860611.5294582641,42955.34326563726,841827.3542959612,42065.20847356839,823845.6511827578,41211.21606074366,806616.0723791673,40391.20857895681,790092.3956760439,39603.19694280627,774232.1103158698,38845.34432061788,758996.051805795,38115.951840231945,744348.0790174477,37413.4458755097,730254.7879689891,36736.3667133127,716685.2575180286,36083.35842918459,703610.8228903689,35453.15982396495,691004.8735536145,34844.596293856586,678842.672436234,34256.57252367826,667101.1939076885,33688.06590767422,655758.9782867664,33138.12061474109,644796.0009438926,32605.842225615375,634193.5543176258,32090.392878729264,623934.1413829391,31590.98686932134,614001.3792951342,31106.88665318256,604379.9120932206,30637.399212288412,595055.3314843413,30181.872744652337,586014.1048497783,29739.693645150935,577243.5097159547,29310.28374791127,568731.5740231137,28893.097804199973,560467.0216019333,28487.62117267944,552439.2223359024,28093.3677014577,544638.1465462872,27709.877783605472,537054.323188098,27336.71656978795,529678.8014906999,26973.472323397673,522503.1157164049,26619.75490510736,515519.2527453195,26275.19437511654,508719.62222550163,25939.439702564483,502097.0290546572,25612.1575726443
0.5134268537074148,1383883.5659313023,66953.3799929684,1336226.1484800023,64827.98517420992,1291741.8563034823,62833.37736341205,1250123.9902684276,60957.84485757245,1211104.1429739927,59191.033768538306,1174446.4036748295,57523.756790205116,1139942.5847183482,55947.83339984914,1107408.2654158561,54455.955626142306,1076679.49457039,53041.57473555716,1047610.0271788822,51698.80513025767,1020068.9970068434,50422.34248277,993938.9468784947,49207.39370614248,969114.1541418051,48049.61681029445,945499.2009595786,46945.06905373206,923007.7486592835,45890.162085789634,901561.4829522119,44881.62300396911,881089.2028617653,43916.46043596392,861526.0310250525,42991.934905912734,842812.7269132565,42105.532866561065,824895.0876548743,41254.943878936814,807723.4236965656,40438.04050326438,791252.0986188318,39652.8605326113,775439.1241317074,38897.59125691253,760245.8026823935,38170.555491723666,745636.411270235,37470.199145047394,731577.921030477,36795.08012824745,718039.7479533813,36143.858444531004,704993.530778768,35515.28731164717,692412.9326713661,34908.20519505273,680273.4637584789,34321.52864443429,668552.3220137497,33754.24584063894,657228.2503117854,33205.410772156065,646281.4077682286,32674.137970642434,635693.2537269961,32159.597743865237,625446.4429676537,31661.011852081272,615524.7308869987,31177.649580463043,605912.8875645719,30708.824165883918,596596.6197559336,30253.889541314726,587562.4999733575,29812.23736537591,578797.9019138966,29383.294308325323,570290.9415817745,28966.519569020387,562030.4235277413,28561.402600242436,554005.7916939727,28167.46102226578,546207.0844106905,27784.238706743996,538624.8931410788,27411.30401491069,531250.3246152565,27048.24817578777,524074.96603288734,26694.68379159047,517090.85304816416,26350.243458840432,510290.4402810275,26014.578494869314,503666.5741250716,25687.35776043332
0.5180360721442886,1381198.7596117628,66817.88693034761,1333995.2978272506,64713.12921394573,1289911.6390941003,62736.921557323425,1248648.3832965717,60877.83597404464,1209943.2530850142,59125.76007631598,1173565.513273955,57471.713055194625,1139311.3675631387,55907.69170801771,1107000.138561203,54426.540940810315,1076471.0798975246,53021.8443239422,1047580.7016741621,51687.83116929904,1020200.5153391762,50419.29729064604,994215.1232001482,49211.53715278259,969520.5926561626,48060.285544487466,946023.0668447298,46961.66725131273,923637.5725440837,45912.153476745,902286.993412902,44908.52397910908,881901.1824186092,43947.83406831007,862416.1919273372,43027.38574991882,843773.603651354,42144.70242103741,825919.9436635554,41297.506618157706,808806.1701403834,40483.70039601616,792387.2234983466,39701.34798153469,776621.6302343195,38948.66040091828,761471.1531359762,38223.981822921334,746900.4816513484,37525.77739884861,732876.9571394156,36852.62241134665,719370.3285018249,36203.192570538085,706352.5343472803,35576.25531841756,693797.5083873797,34970.66202136802,681681.0052238909,34385.34094674298,669980.4440774425,33819.290933164135,658674.7683383421,33271.57567588936,647744.3191015872,32741.318558633466,637170.7210881545,32227.697971835634,626936.7795599637,31729.943064781124,617026.3870120329,31247.329885385127,607424.4385767736,30779.177866982445,598116.7552059485,30324.84662626805,589090.0138086271,29883.73304070584,580331.6836212091,29455.268577357125,571829.9681704284,29038.91684825199,563573.7522640689,28634.171370200558,555552.553508483,28240.553509371985,547756.4779082428,27857.61059310292,540176.1791524792,27484.914173274406,532802.8212356487,27122.058427250067,525628.0440984155,26768.65868382877,518643.93200774764,26424.35006295578,511842.9844247921,26088.7862190801,505218.08913513186,25761.63817906004
0.5226452905811623,1378531.7677442697,66683.3655624902,1331774.8092392576,64598.899123404524,1288085.5985222922,62640.79991763731,1247171.8106522758,60797.914816949284,1208777.118058017,59060.365678167684,1172675.815056105,57419.37221575615,1138668.377698239,55867.103605038326,1106577.7744280847,54396.55352227905,1076246.3834893887,53001.43441399522,1047533.403773509,51676.087629591595,1020312.6693502939,50415.4067083288,994470.7961125448,49214.771627745125,969905.6031074962,48069.99222871967,946524.7622034911,46977.25935694526,924244.6384685852,45933.10252023057,902989.2905597463,44934.35306988955,882689.605942785,43978.112083317734,863282.5501920338,43061.722262031544,844710.5131901727,42182.743271423074,826920.7379430443,41338.930040299834,809864.82008144,40528.21361388959,793498.2680502792,39748.68421651268,777780.1155702121,38998.576232027255,762672.5792643068,38276.25485340386,748140.7554258471,37580.204188958734,734152.3508043372,36909.01664313266,720677.4430390368,36261.38341526686,707688.2669995455,35636.08598142298,695159.0238227401,35031.98844259655,683065.7098822149,34448.03063822882,671385.9633044407,33883.221937182236,660098.9259667274,33336.63562968032,649185.1191852044,32807.40385342791,638626.3315341726,32294.712995477585,628405.5174377412,31797.799518600306,618506.7053459333,31315.94616713099,608914.9144548159,30848.47851263659,599616.0790573035,30394.76180442033,590596.9797212123,29954.198093932322,581845.1805863649,29526.223605692354,573348.9721552905,29110.306330417585,565097.3190240721,28705.94381874904,557079.8120627084,28312.661156339025,549286.6246092722,27930.00910314143,541708.472290234,27557.562381577398,534336.5761215214,27194.918099862625,527162.6285819858,26841.69429820706,520178.76238362945,26497.528606859054,513377.52169177035,26162.07700608214,506751.8355738179,25835.012679144587
0.527254509018036,1375882.4571890677,66549.80665744818,1329564.7214305568,64485.29382611,1286263.9064352878,62545.01783811635,1245694.5469679013,60718.09190252333,1207606.0914239993,58994.86513083548,1171777.722581481,57366.75199767137,1138014.073762309,55826.08928183376,1106141.6648601217,54366.01545673311,1076005.9209494202,52980.36852493879,1047468.6653199103,51663.599087996925,1020406.0011344147,50410.69606520313,994706.513196473,49217.12296490646,970269.7347790751,48078.762999832485,947004.835025521,46991.871646900916,924829.4907675285,45953.03549952408,903668.9132236553,44959.1364597043,883455.0053267255,44007.32047859955,864125.6296737661,43094.97018547216,845623.9705187983,42219.68085219017,827897.9760091894,41379.239228489256,810899.8691328288,40571.604855777674,794585.7176995879,39794.893527335815,778915.0552072251,39047.36261267632,763850.5457028619,38327.398005462055,749357.6867968097,37633.50248922668,735404.5458559307,36964.2853444135,721961.5251309355,36318.45304491632,709001.1521817426,35694.80091316139,696497.8924779735,35092.20562045677,684427.9814846063,34509.61843437942,672769.2739093849,33946.05912780356,661501.108099897,33400.610475150985,650604.183843393,32872.41327085922,640060.4520489068,32360.661813158822,629853.0149852204,31864.599803230325,619966.0359147809,31383.51661584172,610384.6571070973,30916.74390279092,601094.9253388882,30463.65249501173,592083.724095337,30023.64957314717,583338.7117796256,29596.176079833225,574848.2653185996,29180.70434994109,566601.4286226679,28776.735937656435,558587.8654193602,28383.79962158156,550797.8160335717,28001.4495710737,543222.0577345176,27629.263658817912,535851.8683106537,27266.84190620695,528678.992570097,26913.80504949167,521695.6114960471,26569.793215896105,514894.3138149136,26234.464699982316,508268.06975980574,25907.494831519052
0.5318637274549098,1373250.6932230238,66417.20099549755,1327365.0664772429,64372.31201186454,1284446.7244274097,62449.58029677702,1244216.8540803557,60638.37719801955,1206430.5121756776,58929.27234617441,1170871.6337266427,57313.86941455323,1137348.898011351,55784.668171834244,1105692.2849521427,54334.94804438043,1075750.191013486,52958.669374427795,1047387.0013526424,51650.389314058084,1020481.0361794614,50405.189885055624,994922.8057201012,49218.6161998943,970613.521003118,48086.62320796323,947463.8177573147,47005.529625367984,925392.6586703048,45971.97794264606,904326.3855855095,44982.89959504088,884197.8982762897,44035.48453420911,864945.9405051505,43127.15456583602,846514.4773647666,42255.539920386735,828852.1505688111,41418.45860865472,811911.8005404456,40613.89818344187,795650.0459332525,39839.99958642748,780026.9126905327,39095.04280729424,765005.5059650576,38377.434122256636,750551.7192307245,37685.69471271508,736633.9757584787,37018.45049298466,723222.9983319936,36374.42299985493,710291.6036685681,35752.42121687946,697814.518507422,35151.33422338951,685768.2147470874,34570.12457277673,674130.761369065,34007.822317011436,662881.6911869801,33463.519604994246,652001.8807179367,32936.36579146364,641473.4416927983,32425.563001032715,631279.6229106971,31930.3620987002,621404.7213050909,31450.05902403602,611834.0012282479,30983.991451315287,602553.621081557,30531.53574228254,593550.5665233559,30092.104162063846,584812.5895764591,29665.1423320911,576328.1530362403,29250.126896827882,568086.3796486626,28846.563383648256,560077.0055875016,28453.984237467677,552290.3378123651,28071.94701370214,544717.2149350077,27700.032714871904,537348.971261751,27337.844257702516,530177.4037152857,26985.005058933064,523194.7413703986,26641.157729243623,516393.61736576946,26305.962865779493,509767.0429784042,25979.097934696434
0.5364729458917836,1370636.339762551,66285.5393765273,1325175.8702189315,64259.95215310011,1282634.2043581463,62354.49187835404,1242738.9816209879,60558.78014821485,1205250.705398045,58863.60062020052,1169957.9313338902,57260.74079834284,1136673.276971728,55742.85898213468,1105230.0936964091,54303.371830704,1075479.6761822642,52936.35890949446,1047288.910721214,51636.48130035727,1020538.2839597139,50398.91191565433,995120.1892087394,49219.27559876483,970937.4797069397,48093.597444243554,947902.2278246329,47018.25805113125,925934.656799995,45989.95464800605,904962.2176524297,45005.66721009766,884918.7887650699,44062.628836246644,865743.979530067,43158.299773713705,847382.5226072848,42290.34457730631,829783.7419138897,41456.61197028252,812901.0855591646,40655.11704139124,796691.7146594303,39884.02546788789,781116.1403857507,39141.63950055069,766137.9027702381,38426.38548531209,751723.2857712412,37736.802728477625,737841.0639102145,37071.53353972765,724462.2764729934,36429.31431007646,711560.0258391312,35808.96750142011,699109.2969839807,35209.39444083001,687086.7956047875,34629.5688268245,675470.8026667733,34068.530866874666,664241.0434583181,33525.381975698896,653378.5694943527,32999.27997274398,642865.6518208607,32489.434724865376,632685.6844567066,31995.104186790326,622823.0968666164,31515.59079763237,613263.274494966,31050.238196655748,603992.4865073806,30598.428225772102,594997.8199887727,30159.578189982472,586267.1199346549,29733.138350234476,577788.9344492693,29318.589626011733,569552.464630975,28915.44148746776,561547.5186837408,28523.230019107683,553764.4698447228,28141.51613894718,546194.2177627597,27769.88395877647,538828.1530020006,27407.939272655367,531658.1243795726,27055.308162090612,524676.4088767725,26711.63570752043,517875.6838902798,26376.58479677209,511249.00161379314,26049.83502208362
0.5410821643286573,1368039.2595704065,66154.81262679913,1322997.1526372544,64148.21252022058,1280826.4888425777,62259.756795521884,1241261.1675757256,60479.309700541475,1204066.9828684372,58797.862660696555,1169036.9838303144,57207.38182834526,1135987.6220635748,55700.67972320374,1104755.5346002814,54271.30663629945,1075194.8433263313,52913.45833612545,1047174.8766733669,51621.897291560155,1020578.238503906,50391.88515707358,995299.1639914036,49219.12468548487,971242.11393722,48099.709567362785,948320.5681343174,47030.080963174914,926455.9856529912,46006.98970902845,905576.9057157502,45027.46335043466,885618.1674714541,44088.77729954953,866520.2307206584,43188.42952644501,848228.5826750932,42324.11828933559,830693.2183012381,41493.72248639191,813868.1838152744,40695.28427602231,797711.1745536001,39926.993665835595,782183.1798097001,39187.17481493741,767248.1683599391,38474.273831374856,752872.8093417762,37786.84787773111,739026.223933062,37123.55542413138,725679.7639386614,36483.14751010478,712806.8139431946,35864.45989554334,700382.6141546103,35266.40599697602,688384.1014573496,34687.97051899327,676789.766528196,34128.203702297404,665579.5251523909,33586.21611983094,654734.6021203649,33061.17396100725,644237.4262931783,32552.29475145326,634071.5356029914,32058.84346205184,624221.49090821,31580.128966591208,614672.7977551628,31115.500812119255,605411.8352124348,30664.346270264334,596425.7910430189,30226.087641413425,587702.6025654095,29800.179786807013,579230.9026296008,29386.10786638236,570999.9701992054,28983.385262627588,562999.6850879395,28591.55167284316,555220.4864486554,28210.1713540866,547653.334656915,27838.8315067312,540289.6762696077,27477.140784032792,533121.4117730262,27124.727916391235,526140.8658647297,26781.240440139984,519340.76003995753,26446.343521713843,512714.18727676064,26119.718868949152
0.545691382765531,1365459.3144474917,66025.01160512489,1320828.9282123593,64037.09119599998,1279023.7117157658,62165.37890894773,1239783.6388171266,60399.97432891985,1202879.6436277614,58732.070613455006,1168109.1458181164,57153.807558883134,1135292.3301961147,55658.14773722116,1104269.0362767784,54238.7715853705,1074896.1442653057,52889.98814754008,1047045.3674183985,51606.6588122118,1020601.3789399303,50384.13188882496,995460.215725277,49218.18626827651,971527.9123634198,48104.982729050025,948719.3275564464,47041.02170525915,926957.1320600885,46023.10653780543,906170.9327915245,45048.3113957021,886296.5121992117,44113.953189508815,867275.1655787879,43217.566909044894,849053.1219296455,42356.88390801702,831581.0363182946,41529.8127327658,814813.5436557783,40734.42215405152,798708.8653922573,39968.92611207705,783228.4619493617,39231.670327710366,768336.7248029347,38521.120368663505,754000.703037448,37835.85098944807,740189.8599522244,37174.53658926078,726875.8559356186,36535.94265337101,714032.3543581656,35918.91806174296,701634.8476870095,35322.388164073694,689660.5014058836,34745.34853360362,678088.0136492058,34186.85932332623,666897.4887349731,33646.04015788981,656070.3230169141,33122.06550279393,645589.1016782311,32614.1604596479,635437.5052625741,32121.59694244825,625600.2248870404,31643.69019519332,616062.8852106966,31179.795615807318,606811.9743434077,30729.305855394432,597834.7799762542,30291.648165373772,589119.3310986308,29866.28196812912,580654.3447401032,29452.696629507132,572429.1772387872,29050.40941386503,564433.7795936754,28658.96360444901,556658.6565071186,28277.926773716372,549094.8287664675,27906.889189829406,541733.7986515316,27545.462346975746,534567.518087663,27193.27760843308,527588.3592935471,26849.98495241495,520789.08769864345,26515.25181172819,514162.83692813426,26188.76199915617
0.5503006012024048,1362896.365410672,65896.1272085042,1318671.206258758,63926.58608909658,1277225.998472622,62071.36174624508,1238306.6116098992,60320.78205636707,1201688.9745244388,58666.23608723321,1167174.7586376802,57100.03244564138,1134587.7843363148,55615.27972511401,1103771.013009362,54205.78513295085,1074584.0163223017,52865.96815123413,1046900.8366669756,51590.78669334487,1020608.1700172542,50375.67369585158,995603.8158990882,49216.48246487764,971795.3497612878,48109.43939852486,949098.981387705,47051.10294951746,927438.5696298608,46038.32788782076,906744.7690443259,45068.23408148822,886954.2882823228,44138.1791430508,868009.2435226154,43245.734394337494,849856.5930342277,42388.6636893603,832447.6412356179,41564.90470646862,815737.6024851095,40772.552380271074,799685.2163746813,40009.844193133176,784252.4075695133,39275.14708722028,769403.9842895317,38566.94579253639,755107.3704067878,37883.83239539433,741332.3668660262,37224.496996196176,728050.9387510447,36587.71932608517,715237.0248372259,35972.361209580115,702866.3669078156,35377.359775241086,690916.3564818086,34801.72132916637,679365.8969158821,34244.51581703278,668195.2791108368,33704.87180975737,657386.0692820137,33181.97195591613,646921.0074493431,32675.048851004653,636783.9154712079,32183.38127963495,626959.6135914304,31706.290791969175,617433.8445939609,31243.13858021337,608193.2047682694,30793.322624931097,599225.0809824393,30356.27508437015,590517.5932427024,29931.459902996627,582059.5421893303,29518.37061805934,573840.361040946,29116.528345313494,565850.0715536671,28725.479927060245,558079.2436091327,28344.79622744477,550518.9580872902,27974.07056153045,543160.7727166152,27612.917246059773,535996.6906268653,27260.970261044902,529019.1313581018,26917.8820124242,522220.9041050222,26583.32218699175,515595.1829980826,26256.976691670276
0.5549098196392785,1360350.2728576032,65768.15037726237,1316523.9912417966,63816.6949467394,1275433.4666846716,61977.70851989394,1236830.29209137,60241.74047645017,1200495.2507325148,58600.370177491044,1166234.1509048382,57046.07037077279,1133874.3540522293,55572.09177235968,1103261.8652922423,54172.36509091688,1074258.8828549155,52841.41749485055,1046741.7241485761,51574.30109795839,1020599.0626080981,50366.53149344043,995730.4223163888,49214.03472677002,972044.887477374,48113.101385965456,949459.9917968351,47060.346719119996,927900.7591751307,46052.67587578712,907298.872195095,45087.253520326,887591.9489747465,44161.477188821,868722.9122589557,43272.953862333714,850639.4373096445,42419.47931243606,833293.4673466736,41599.01984368289,816640.7870898091,40809.696114657425,800640.6464332927,40049.76876665045,785255.4275095363,39317.62562865766,770450.3494155768,38611.77030060195,756193.2057236604,37930.811944635374,742454.1306064358,37273.45613796557,729205.3900024507,36638.49666062385,716421.1947489696,36024.80810855409,704077.5330326882,35431.33923684892,692152.0198679301,34857.106950298905,680623.7616170947,34301.19086898964,669473.2338283191,33762.72840575655,658682.1708877528,33240.9103001206,648233.4661745413,32734.97656007071,638111.0815704888,32244.212768891663,628299.9653175906,31767.94671929407,618785.9773385848,31305.545341497735,609555.8212412642,30856.41189574755,600596.9823189176,30419.983403081158,591897.6709389427,29995.728291088875,583446.7707811214,29583.14423396562,575233.7914476872,29181.75616840172,567248.8250203815,28791.114468835312,559482.5061862277,28410.79326733074,551925.9755946214,28040.388904883963,544570.8461443065,27679.518502315055,537409.1719305187,27327.81864011131,530433.4196105906,26984.944137652237,523636.4419710817,26650.566923196093,517011.4535014653,26324.374986851828
0.5595190380761523,1357820.896719437,65641.07209972525,1314387.28307593,63707.41536663904,1273646.226395033,61884.42214418741,1235354.8767282686,60162.856773649335,1199298.7362453192,58534.48348897739,1165287.6390236397,56991.934666829664,1133152.3960323131,55528.59937361882,1102741.9803473996,54138.52865285184,1073921.1537638505,52816.35469093496,1046568.4561076064,51557.2215454215,1020574.4941883624,50356.725551104,995840.4795596489,49210.86386242289,972276.9738754111,48115.9898650387,949802.8082529514,47068.77441004537,928344.1491232626,46066.17200263666,907833.6879137179,45105.391221896076,888209.9358257754,44183.86876660527,869416.6081420156,43299.246618885,851402.0850770234,42449.35189728267,834118.9382954338,41632.17903689331,817523.5139516597,40845.873988859894,801575.5645330661,40088.72017722262,786237.9229698358,39359.12598923707,771476.2134565874,38655.61360729473,757258.5942497929,37976.80901753326,743555.5283906403,37321.43305299122,730339.5788789176,36688.29334845354,717585.225308893,36076.27710052929,705268.6993886061,35484.344540476595,693367.8371120624,34911.52303923446,681861.9456499416,34356.901774356185,670731.6832770364,33819.626897335445,659958.9508707181,33298.89714739203,649526.7937000917,32793.95986432722,639419.3123848791,32304.107358721827,629621.5820404906,31828.673602662355,620119.5787444795,31367.031208453216,610900.1125624441,30918.588666493997,601950.7664607278,30482.78781675138,593259.8405109653,30059.101531097967,584816.3008592663,29647.031586283443,576609.7329920054,29246.106709491894,568630.2988820127,28855.88078036609,560868.6976443991,28475.931175076887,553316.1293711948,28105.857239515914,545964.2618491465,27745.2788800152,538805.1998960311,27393.835261173408,531831.4570782444,27051.18360141008,525035.9295966771,26716.998057797176,518411.8721493878,26390.96869254129
0.5641282565130261,1355308.0966022431,65514.883416465054,1312261.0774058949,63598.74480817145,1271864.3804928565,61791.505251262395,1233880.552751114,60084.137742691484,1198099.6843459485,58468.58615722677,1164335.5276758873,56937.63813958283,1132422.2545818882,55484.817456257755,1102211.732619454,54104.29241781872,1073571.2259802683,52790.7976406301,1046381.4457792016,51539.566934853465,1020534.8892992348,50346.27551547974,995934.4194360408,49206.990059597905,972492.0447653681,48118.1253945357,950127.8679374892,47076.40681200103,928769.1759109976,46078.83717370239,908349.6501970064,45122.668112461666,888808.6790415988,44205.374746021844,870090.7565190998,43324.633413644864,852144.9559882967,42478.3020221556,834924.4673923112,41664.40265144651,818386.1895497708,40881.10612209579,802490.3699604606,40126.718271648024,787200.2857883065,39399.66772284382,772481.9606324267,38698.494957939525,758303.9124882979,38021.8425392556,744636.9289640416,37368.44633807007,731453.8663741553,36737.12765260919,718729.4698030748,36126.78611173672,706440.2116286935,35536.393274461,694564.1463335,34964.98684694134,683080.7797183354,34411.665448590196,671970.9508790283,33875.58386739246,661216.725516107,33355.94875191134,650801.2993279666,32852.0146937996,640708.910392898,32363.08066013271,630924.7595791055,31888.48673965406,621434.9381374649,31427.61117117397,612226.3617319714,30979.86762598377,603286.7102498629,30544.702719308705,594604.3728091588,30121.593728590735,586168.3974474478,29710.046498820073,577968.4450335186,29309.593517267305,569994.7469940237,28919.792141845413,562238.0664917609,28540.222968987237,554689.6627311927,28170.488328386386,547341.2581012017,27810.21089324438,540185.0078954104,27459.032395813916,533213.4723772081,27116.61243904682,526419.5909803596,26782.62739606087,519796.6584571213,26456.76938994626
0.5687374749498998,1352811.7319179275,65389.57542414916,1310145.3658718343,63490.680602880835,1270088.0250683941,61698.960206267664,1232407.4985674443,60005.589806912256,1196898.338055812,58402.68786902585,1163378.1102886342,56883.19308978645,1131684.2620979254,55440.76040281723,1101671.4842494805,54069.67241309655,1073209.4839328816,52764.76365636148,1046181.093845667,51521.35556752966,1020480.6599903851,50335.20043229408,996012.6614057558,49202.43290675912,972690.5238159697,48119.52793915372,950435.5961405175,47083.26412853107,929176.2643645133,46090.69171812723,908847.1817327159,45139.10455356918,889388.5978336701,44226.01544451604,870745.7720638402,43349.13445736821,852868.4593448805,42506.34974014779,835710.4579189182,41695.71054151299,819229.2106520714,40915.41213647731,803385.4526023053,40163.782413646084,788142.8987072608,39439.26991416615,773467.9663629066,38740.43314232503,759329.5284285718,38065.930992816655,745698.6928350311,37414.51416090796,732548.6055117159,36785.01741974592,719854.2738043607,36176.35266436759,707592.4079398825,35587.50263505473,695741.2784226362,35017.515243867965,684280.5875250233,34465.4984378007,673191.3532735986,33930.61554025676,662455.8045357867,33412.081019683,652057.2859874966,32909.156640349414,641980.1718927098,32421.147955608954,632209.7877562721,31947.40110860616,622732.3390236954,31487.2999094397,613534.8460994037,31040.263161304618,604605.0850396818,30605.742211216388,595931.533350474,30183.218703614013,587503.3203846449,29772.202517503232,579310.1818897097,29372.229869879622,571342.4183064314,28982.861570001678,563590.8564620689,28603.681410699053,556046.8143401917,28234.294684328255,548702.0686426017,27874.326812251624,541548.8248885574,27523.42207783568,534579.6898227406,27181.242453960072,527787.6459266262,26847.466516913046,521166.02784853475,26521.788439338143
0.5733466933867735,1350331.6620053425,65265.13927902009,1308040.1363593074,63383.219964342716,1268317.2497497743,61606.789121718466,1230935.884154993,59927.21903569881,1195694.9305623523,58336.797881902996,1162415.669480732,56828.61133394218,1130938.7395231808,55396.44207247982,1101121.5855287581,54034.68411593015,1072836.2999957276,52738.26948356194,1045967.7888744426,51502.60516835855,1020412.2062455615,50323.51876743355,996075.6129936182,49197.21141362846,972872.8229513948,48120.21688946235,950726.4066420789,47089.36599634706,929565.8280653276,46101.755407533514,909326.6942501852,45154.72036004622,889950.1007544287,44245.810644687364,871382.0590974643,43372.76943857632,853572.994405032,42533.514595207314,836477.3034221064,41726.122065476186,820052.9645966401,40948.81117179326,804261.1932150417,40199.93149805526,789066.1356311964,39477.95119233336,774434.5975146836,38781.44650780677,760335.8017828957,38109.09243166948,746741.1725018608,37459.65427222501,733624.1415626683,36831.98009178129,720959.9753813492,36224.99388777495,708725.6192436924,35637.689437209294,696899.5572339864,35069.12473032843,685461.6859572871,34518.41692875593,674393.2004960948,33984.73779133792,663676.4912405338,33467.30951784415,653295.0504014224,32965.400966660425,643233.3871623267,32478.324207791706,633476.9505533541,32005.431377000095,624012.059239085,31546.111800826202,614825.8375081508,31099.78936566601,605906.1568346579,30665.92010706987,597241.5824537089,30243.989998053406,588821.3244561792,29833.51291751316,580635.1929629449,29434.028781865214,572673.556987,29045.1018248095,564927.3066342762,28666.319011697728,557387.818331256,28297.288576375253,550046.9228003374,27937.638669600765,542896.8755329233,27587.01610924144,535930.3295358771,27245.085223413378,529140.3101497261,26911.526778601718,522520.1917571748,26586.036985565956
0.5779559118236473,1347867.7462422748,65141.5662000352,1305945.3732351197,63276.35999742851,1266552.1380225264,61514.99387108565,1229465.8714359286,59849.031161065315,1194489.6856270514,58270.92504269425,1161448.4774895161,56773.90422411541,1130185.99678073,55351.875821587135,1100562.3753334428,53999.34247434289,1072452.0349175595,52711.331321482554,1045741.9077384638,51483.33290647464,1020329.9163914146,50311.248427165585,996123.6701847675,49191.3440309265,973039.3427328705,48120.21108109158,951000.7020792367,47094.73150391719,929938.2697026805,46112.04747398676,909788.5888581853,45169.53481732829,890493.5860209231,44264.779610978345,872000.0118986178,43395.55753961526,854258.9506803744,42559.81563757828,837225.3879977372,41755.656100773034,820857.8295633025,40981.32189976943,805117.9636847266,40235.18396453449,789970.3618757876,39515.729744081036,775382.2126398066,38821.552971959085,761323.0842150954,38151.344491867836,747764.7126719432,37503.884017450204,734680.8122560483,36878.03271714489,722046.9053004774,36272.72652929996,709840.1693904076,35686.97012499869,698039.2997728972,35119.831446543496,686624.3852665896,34570.43675856086,675576.7961508817,34037.966156458046,664879.0827066959,33521.64948366887,654514.8832465903,33020.76261493134,644468.8406146554,32534.62406787535,634726.5262599412,32062.591909577364,625274.3710939386,31604.060928553492,616099.6024353083,31158.460045993063,607190.1864256619,30725.24994294906,598534.7753704733,30303.92088275553,590122.6595205788,29893.99071018594,581943.7228634461,29495.003010839933,573988.4025405126,29106.52541598594,566247.6515482857,28728.148039623567,558712.9044173397,28359.482035888133,551376.0455954737,28000.158266124265,544229.3802896828,27649.82606602323,537265.6075467049,27308.152104168465,530477.79537417,26974.819324179156,523859.3577241342,26649.525963394768
0.582565130260521,1345419.844148921,65018.84747169003,1303861.0575697897,63170.09770700704,1264792.7675328045,61423.576101662075,1227997.6146331294,59771.03159340714,1193282.8179747146,58205.07780523319,1160476.7965785975,56719.08266685072,1129426.333189835,55307.07452325331,1099994.1815410545,53963.66192705709,1072057.038233689,52683.964843132206,1045503.8160197135,51463.55541498801,1020234.1674902899,50298.406777547294,996157.2178050973,49184.84866933478,973190.4727258105,48119.52881317591,951258.8742994276,47099.37920934565,930293.9814129574,46121.58662728358,910233.2563705079,45183.566698142255,891019.4418268335,44282.941105751765,872600.0150022052,43417.5174521326,854926.7082220194,42585.27143868869,837955.0865646024,41784.33105820853,821644.1748358819,41012.96253782796,805956.1272781658,40269.5578107877,790855.9344084482,39552.62332646183,776311.1622062472,38860.77003479398,762291.7195615637,38192.704403814765,748769.6504738729,37547.22034802129,735718.9479823617,36923.19196165054,723115.3872214669,36319.56696473694,710936.3753469081,35735.36078169722,699160.8163761739,35169.65118235018,687768.9892423969,34621.57342401687,676742.4375787238,34090.31584087883,666063.8699374844,33575.11583327911,655717.0693094807,33075.256215286245,645686.8109475712,32590.061883732524,635958.787618759,32118.896776193134,626519.5415129722,31661.16108908158,617356.4021270383,31216.288730276985,608457.4295209429,30783.74498353526,599811.3624119946,30363.02436442273,591407.5706324222,29953.64864969667,583236.0115283681,29555.16506398079,575287.1899242683,29167.144609280112,567552.1213170408,28789.180524378313,560022.2980001362,28420.88686248659,552689.6578489104,28061.89717668849,545546.5555265524,27711.86330376838,538585.7358943754,27370.454237939193,531800.3094320643,27037.355086810487,525183.7294928309,26712.266102675472
0.5871743486973948,1342987.8154834267,64896.974446548964,1301787.1673474582,63064.43000611843,1263039.2103752133,61332.53724674801,1226531.2606094708,59693.22543647912,1192074.5336649974,58139.26424721087,1159500.8794277096,56664.157141233256,1128660.0378640564,55262.050586119934,1099417.3214296512,53927.65642256575,1071651.6486611126,52656.18521438811,1045253.8683967333,51443.28880992982,1020125.3257177114,50285.010663059686,996176.6298871386,49177.74271771525,973326.5918531361,48118.18786608784,951501.3047007184,47103.32715757422,930633.3451067064,46130.39107159327,910661.077619814,45196.83427857477,891528.0466433808,44300.31340478253,873182.4434877104,43438.6673919974,855576.6378967236,42609.900105508605,838666.7651288923,41812.164895766204,822412.3610554857,41043.75086236712,806776.0388855325,40303.07060533153,791723.2020808008,39588.6492791209,777221.7888207322,38899.11479056462,763242.0440449493,38233.1890036147,749756.3156624553,37589.67983230586,736738.8719904155,36967.47411900652,724165.737886399,36365.53120845215,712014.5473784059,35782.877139525626,700264.4108868772,35218.599386593414,688895.7953804048,34671.84209067612,677890.4160188008,34141.8017280355,667231.1380191138,33627.72317007397,656901.8876367845,33128.89609391437,646887.571289228,32644.6517077785,637174.0019659899,32174.359759418752,627747.8321709017,31717.4257994638,618596.4927296746,31273.2886746914,609708.136872981,30841.418229002084,601071.5890719345,30421.313192289388,592676.2981613197,30012.499239531306,584512.2943371366,29614.527204303013,576570.1496599548,29226.971432564544,568840.941735102,28849.42826403951,561316.2202755178,28481.514629794667,553987.9762838328,28122.866755777748,546848.6136173918,27773.138963089754,539890.9227239864,27432.002556674644,533108.0563574017,27099.14479491619,526493.5071008196,26774.2679333526
0.5917835671342686,1340571.5203300277,64775.93854750511,1299723.6776639759,62959.35372365239,1261291.5333660888,61241.87853719392,1225066.9491910106,59615.61750163951,1190865.0304470852,58073.4920862493,1158520.9695054963,56609.13771613849,1127887.3900924672,55216.81597229455,1098832.1020605,53891.33943739636,1071236.1944776818,52628.007112315696,1044992.4090168278,51422.54870843131,1020003.746725244,50271.076424502666,996182.2700220166,49170.04306061966,973448.0687353743,48116.205518491966,951728.3645595256,47106.592896934715,930956.7327837838,46138.47852148104,911072.423760233,45209.35535355151,892019.769509582,44316.91431218877,873747.6632574244,43459.02511368641,856209.1016534833,42633.7192944004,839360.7810395972,41839.17513193511,823162.7404651868,41073.70422158061,807578.0452548164,40335.739499824296,792572.5058533801,39623.8245361532,778114.427444184,38936.60393916996,764174.3864808114,38272.81474404486,750725.0308170272,37631.278666158796,737740.9005777449,37010.89512097783,725198.2673026669,36410.6349231696,713074.9892243241,35829.53458907833,701350.3808235072,35266.69117621189,690005.0950453925,34721.2576016028,679021.0167655665,34192.43838798911,668381.1662719843,33679.48579288821,658069.6116812152,33181.69628094917,648071.3893387814,32698.40730458451,638372.4313671727,32228.99436190234,628959.4996237744,31772.868304467083,619820.1254167196,31329.472870483845,610942.5544013713,30898.282421689033,602315.6961453658,30478.799864587974,593929.0779071818,30070.554738755156,585772.80222319,29673.10145674022,577837.5079420389,29286.017681735844,570114.3343838467,28908.90283058981,562594.8883356953,28541.376691006673,555271.2136249776,28183.07814290435,548135.7630387093,27833.663974886582,541181.3723804577,27492.80778767758,534401.2364774218,27160.198977154345,527788.8869687539,26835.541790316394
0.5963927855711423,1338170.8191802918,64655.73126978908,1297670.560913855,62854.86561156106,1259549.7983030262,61151.60101233695,1223604.8134749073,59538.212321398816,1189654.4980983646,58007.768695228595,1157537.3014260798,56554.034066711625,1127108.6597047753,55171.38221451275,1098238.8206450192,53854.723993605265,1070810.9938860575,52599.444742735344,1044719.7718536454,51401.350246171256,1019869.7759893736,50256.61991618409,996174.4916980963,49161.766095121064,973555.2620181021,48113.59856374973,951940.415346327,47109.19349508124,931264.5068371126,46145.86621733915,911467.6565591787,45221.14725175225,892494.9703122927,44332.76117482576,874296.0313049926,43478.60792415891,856824.4527809506,42656.74622448203,840037.4832352054,41865.3788585732,823895.6571464435,41102.83954783519,808362.4852184216,40367.581240974076,793404.1790128732,39658.16563755927,778989.4056000578,38973.25379717637,765089.0684775002,38311.59770516086,751676.1115333193,37672.03268313012,738725.3432748753,37053.4705472145,726213.2789200387,36454.893429436976,714117.9982685414,35875.34818844419,702419.0175437946,35313.94134503029,691097.1736289018,34769.834485852436,680134.5193206442,34242.240085608115,669514.228397101,33730.41770389056,659220.5094427369,33233.67051809712,649238.5275026994,32751.342158250205,639554.3327488552,32282.813813497298,630154.7954362032,31827.501583468085,621027.5465118877,31384.85405065083,612160.9233118868,30954.350052566133,603543.9198440604,30535.49663481331,595166.141211916,30127.827168086016,587017.7617822645,29730.89961403543,579089.4867428038,29344.294926432005,571372.5167334165,28967.615575468706,563858.5152682248,28600.484184280733,556539.5786948348,28242.542267851066,549408.2084631921,27893.449065442775,542457.2854995085,27552.88045856485,535680.0465011552,27220.52796724915,529070.061986605,26896.09781810517
0.601002004008016,1335785.5730079268,64536.34418274533,1295627.7869667464,62750.96235163472,1257814.062211408,61061.70553036463,1222144.9801228873,59461.01416231097,1188443.1187479019,57942.101116906386,1156550.1012901952,56498.85549011453,1126324.107421121,55125.76043256137,1097637.7648967272,53817.82267553928,1070376.35536314,52570.51185707071,1044436.2810507906,51379.708094125344,1019723.7491470306,50241.656522434634,996153.6386268886,49152.927746996815,973648.5206872817,48110.38332570275,952137.8090298778,47111.14555432833,931557.0203455401,46152.57094025123,911847.1286788286,45232.22684998555,892954.0000564485,44347.870896164684,874827.8959746785,43497.43269624097,857423.0361560434,42678.99769052313,840697.2124820455,41890.79275332562,824611.4472475861,41131.173369624325,809129.6899122281,40398.61218204273,794218.5473821877,39691.688740315716,779847.0435758551,39009.08030847142,765986.4046295391,38349.55360455112,752609.8666091193,37711.95736433719,739692.5030236641,37095.215634758366,727211.0698020614,36498.32171478413,715143.8657042249,35920.3326720328,703470.6064033065,35360.36437226883,692172.3107019471,34817.58696667993,681231.1975399498,34291.22078848952,670630.5926179055,33780.53261623164,660354.8436053854,33284.83226602563,650389.2430268348,32803.469479544015,640719.958026163,32335.831078167022,631333.9663046605,31881.338357133784,622218.9976083442,31439.444696404862,613363.4802118719,31009.633367497496,604756.4919082235,30591.415517792186,596387.7150676883,30184.328315779145,588247.3953773519,29787.933242449923,580326.3039141644,29401.81451557336,572615.7022415419,29025.577634953064,565107.3102519816,28658.848037966312,557793.2765069058,28301.269855752467,550666.1508503736,27952.5047613686,543718.8590958547,27612.230902075527,536944.6796052619,27280.141908671434,530337.221597246,26955.945975463652
0.6056112224448897,1333415.6433375871,64417.76893139335,1293595.3233340376,62647.64056186679,1256084.3775786355,60972.19277813848,1220687.569640986,59384.02703724115,1187231.0671854853,57876.4960778658,1155559.5870116495,56443.61092057689,1125533.9851872758,55079.96134899873,1097029.2133688862,53780.647645899146,1069932.5779956304,52541.2217685122,1044142.251252094,51357.63647464924,1019565.9923183327,50226.201173478556,996120.0450567703,49143.543486292096,973728.1843729963,48106.57567386223,952320.8883704117,47112.4652264207,931834.6173562421,46158.60902631377,912211.1839476915,45242.61058704561,893397.2011259116,44362.259949678075,875343.5972117106,43515.515881539366,858005.1884841034,42700.49007539315,841340.3016046019,41915.43309161613,825310.439204682,41158.72182311497,809879.9829874085,40428.84829396173,795015.9295236339,39724.4096290754,780687.6546180763,39044.0990545643,766866.702704753,38386.69780725359,753526.5982239688,37751.06784801408,740642.6763499479,37136.145287241445,728191.9307920213,36540.93444258604,716152.8766934503,35964.502459117444,704505.4269090642,35405.9744307814,693230.780162941,34864.52896948722,682311.3197762277,34339.39417462953,671730.521817703,33829.84396145121,661472.8716698507,33335.19471151933,651523.7881244145,32854.802212820534,641869.5542264326,32388.058860674853,632497.254176983,31934.39109389466,623394.7156842891,31493.257043441263,614550.457222099,31064.14437331153,605953.6397148155,30646.568295566267,597594.0222218804,30240.06974333147,589461.9212404591,29844.213687297073,581548.1732863837,29458.587582733722,573844.1004493586,29082.799935373223,566341.4786502162,28716.47897567216,559032.5083561285,28359.271432021396,551909.7875345483,28010.841394391835,544966.2866487298,27670.869260732816,538195.3255172633,27339.050759176826,531590.5518774994,27015.096039762713
0.6102204408817635,1331060.8923080808,64299.997237790005,1291573.1353261499,62544.89680243268,1254360.7925767188,60883.063280506765,1219232.6966462801,59307.25471704376,1186018.5111569415,57810.96000182595,1154565.9686298002,56388.30894378583,1124738.5364959256,55033.995304205564,1096413.4357784998,53743.21066113753,1069479.9518023517,52511.58736752669,1043837.9879191271,51335.149176925486,1019396.8224171071,50210.26836068913,996074.0360750365,49133.62834229073,973794.5836420789,48102.1910380294,952489.9872022788,47113.16822675875,932097.6331571019,46163.99638043742,912560.1576226619,45252.31447707264,893824.907535292,44375.94439175166,875843.4668040734,43532.87352290439,858571.2385309276,42721.239362079294,841967.0757081239,41939.315758228535,825992.9539550755,41185.50066330335,810613.6808152802,40458.30517607531,795796.6369354763,39756.343726511914,781511.5451208615,39078.32526454648,767730.2638253822,38423.04533534797,754426.6021131222,37789.37893875071,741576.153530708,37176.274083787204,729156.1466736641,36582.74596064129,717145.3105218123,36007.87166210558,705523.7528683543,35450.78539503215,694272.8503810149,34910.67412951967,683375.1490171634,34386.773639853374,672814.2736728381,33878.364896653475,662574.8460819742,33384.770774413264,652642.4101000993,32905.35304272304,643003.3636090604,32439.509613066813,633644.8963682232,31986.672016218145,624554.9332150139,31546.30308801212,615722.0820852235,31117.89484368482,607135.5863825803,30700.96652309475,598785.2812788641,30295.06279101145,590661.5535712822,29899.752078307327,582755.3047637981,29514.625051348154,575057.9170743275,29139.29319817052,567561.2221007994,28773.387521180408,560257.4719065722,28416.557327126036,553139.3123100349,28068.46910600394,546199.7581848239,27728.805491364867,539432.1705962659,27397.264295206754,532830.2356167414,27073.5576112857
0.6148296593186373,1328721.1827303574,64183.020902207376,1289561.1862010716,62442.72758130606,1252643.3512738682,60794.31740913492,1217780.470121287,59230.70074168107,1184805.6116464185,57745.49902234708,1153569.4486087435,56332.957810646294,1123937.9966946968,54987.87227079871,1095790.693317296,53705.52308622286,1069018.7580439234,52481.621136744034,1043523.7876365224,51312.2595718028,1019216.5474497263,50193.872151255724,996015.9278987871,49123.19691791931,973848.040280105,48097.244422372045,952645.4307064775,47113.26984810283,932346.3945394859,46168.74848965019,912894.3766419601,45261.354122437726,894237.4451731181,44388.93987414248,876327.8286160849,43549.521266459655,859121.5073470097,42741.26114529177,842577.8523938281,41962.456258494654,826659.3051438946,41211.52527479557,811331.0926854722,40486.998066525586,796560.974242124,39787.50610332236,782319.0148085717,39111.77382472606,768577.3826434164,38458.61087723603,755310.1677359918,37826.905116433736,742493.2187559681,37215.61628762646,730103.99632688,36623.77030947738,718121.4407482127,36050.45409454748,706525.8525329272,35494.81084882101,695298.7843349128,34956.03579932161,684422.9430192485,34433.37230501309,673882.1007817924,33926.108311459764,663661.0143573213,33433.57311431168,653745.3514702645,32955.13440067952,644121.6237817125,32490.195540955374,634777.125672992,32038.19310669009,625699.8782815738,31598.59459281503,616878.578270967,31170.896324847006,608302.5508739131,30754.62153378392,599961.7067987132,30349.31858322144,591846.502632922,29954.559334831105,583947.9044176773,29569.937639763593,576257.3541003733,29195.067944802544,568766.7386037684,28829.584003212974,561468.3612765112,28473.137681223558,554354.9155138914,28125.397851966733,547419.4603587488,27786.04936949021,540655.3979112763,27454.7921161577,534056.4523931618,27131.340117386553
0.619438877755511,1326396.378140623,64066.83180414033,1287559.4373046183,62341.12935953365,1250932.0938356484,60705.95539088024,1216330.9936566318,59154.368430811715,1183592.5231462582,57680.11899496104,1152570.222123821,56277.56545044293,1123132.5932815305,54941.60186743768,1095161.2389502735,53667.59590879807,1068549.269520349,52451.335165247845,1043199.9384056362,51288.98062605465,1019025.4668027471,50177.02620228835,995946.0281551153,49112.263403608806,973888.8675631838,48091.7504189797,952787.5356734728,47112.78497377794,932581.2200517907,46172.8804359227,913214.1598693068,45269.74472617091,894635.1320366891,44401.26165600123,876796.9988140791,43565.47437321641,859656.3084842802,42760.570642672574,843172.9419669798,41984.86972910399,827309.7993237851,41236.81068222736,812032.5209976467,40514.94185229316,797309.2393781873,39817.911487901205,783110.3569125283,39144.45928794796,769408.3475103589,38493.40879662168,756177.5784392739,37863.66054490019,743394.1502856144,37254.18585443839,731035.7528785304,36664.0212303926,719081.5353499999,36092.263278892206,707511.988738739,35538.06409276674,696308.8397476141,35000.62705595897,685454.954437546,34479.20302296204,674934.250790339,33973.08683474614,664731.6192019652,33481.61413709998,654832.8500796338,33004.158471199415,645224.5678130176,32540.12860961109,635894.1704744132,32088.966113910916,626829.7746761868,31650.143092702765,618020.1650781397,31223.160141112763,609454.7480936724,30807.544444849616,601123.5093929641,30402.84803369839,593016.9748447353,30008.646170885062,585126.1745763083,29624.535866137703,577442.6098653327,29250.134501501212,569958.2226062617,28885.0785600551,562665.3671209646,28529.02244865512,555556.7841061677,28181.63740668453,548625.5765311087,27842.610493572192,541865.1873171848,27511.64364852318,535269.3786477561,27188.452816523924
0.6240480961923848,1324086.3428489116,63951.4219031566,1285567.8482029047,62240.09855618928,1249227.05671627,60617.97731573518,1214884.3656826066,59078.260893876824,1182379.3939150774,57614.82550875542,1151568.4773360714,56222.139483432446,1122322.5461880022,54895.19337205279,1094525.317702387,53629.439752762526,1068071.7508570577,52420.74116229834,1042866.719927055,51265.32491608323,1018823.8715198421,50159.743774384406,995864.6361510515,49100.841590637225,973917.3705199807,48085.72322091985,952916.6107567176,47111.72809040023,932802.4202441504,46176.40690853562,913519.8183296995,45277.501103952,895018.2784589475,44412.92461547675,877251.2860845105,43580.747730288844,860175.9482056483,42779.18270562382,843752.6476381328,42006.57094855048,827944.7361481424,41261.37156033737,812718.2614470362,40542.15107890724,798041.7237666444,39847.57427569843,783885.8583421359,39176.395882612494,770223.4406416389,38527.4531412026,757029.1116149686,37899.65908031514,744279.2206013338,37291.99644042734,731951.6838486086,36703.51217324479,720025.8568636402,36133.312454001025,708482.4190414143,35580.558151557365,697303.269216849,35044.46070801866,686471.430951513,34524.27838531456,675970.9665129135,34019.3128411745,665786.8986296286,33528.906001257805,655905.1392144078,33052.43719797888,646312.4243418858,32589.32054986972,636996.2548498198,32139.002558213666,627944.842004493,31700.959900221103,619147.0577336297,31274.697400247645,610592.3889850598,30859.74616251903,602270.8958175349,30455.661850559118,594173.1728724401,30062.023100047954,586290.3139124186,29678.430053191965,578613.8791458213,29304.50300388953,571135.8650849516,28939.881144041836,563848.6767118034,28584.221402307794,556745.1017477966,28237.197367446934,549818.2868442718,27898.49828914783,543061.7155285162,27567.828149913403,536469.1877561425,27244.90480217648
0.6286573146292584,1321790.9419834192,63836.78323960115,1283586.376807461,62139.631553026375,1247528.2728405294,60530.38314436367,1213440.6796901582,59002.38103970943,1181166.3662246277,57549.62389743888,1150564.3956551752,56166.687232894,1121508.068051129,54848.655734522275,1093883.1669338965,53591.06489130348,1067586.458779901,52389.85047051232,1042524.4038724342,51241.30464109323,1018612.0445684787,50142.03774468087,995772.0431336919,49088.944883975484,973933.8461843694,48079.17663481633,953032.9567172484,47110.11330014471,933010.297904651,46179.342216008044,913811.6554371157,45284.63769568129,895387.1873276834,44423.94326091936,877690.9918447699,43595.35586172655,860680.7256876221,42797.11182977026,844317.2657177888,42027.57434723011,828564.4085580837,41285.22224370724,813388.6032040237,40568.63995983741,798758.7124913355,39876.50853827371,784645.7998506046,39207.59752140322,771022.9382758652,38560.757651083964,757865.0388534745,37934.91427928365,745148.6965538462,37329.061410145085,732852.0512918999,36742.2563039963,720954.6625210836,36173.61458242711,709437.3958475785,35622.305780976196,698282.3203416569,35087.549302392246,687472.6153870237,34568.61072899843,676992.4860503294,34064.79845752437,666827.0860753121,33575.46062398035,656962.4477120105,33099.98228982131,647385.4176835661,32637.782863861114,638083.5986733099,32188.31373721024,629045.2957847773,31751.056110980753,620259.4674884591,31325.518998673673,611715.6806226642,30911.237387077563,603404.069062905,30507.770541195576,595315.2957155647,30114.70044021114,587440.5175280262,29731.630332824094,579771.353239608,29358.183401461964,572299.8536260553,28994.001525912172,565018.4740155101,28638.74413784801,557920.0488762019,28292.08715854674,550997.7682959264,27953.722012835267,544245.1561910223,27623.354712957,537656.0500982755,27300.705006643242
0.6332665330661322,1319510.0415308815,63722.90793516615,1281614.9794934164,62039.72469884606,1245835.771776888,60443.17271525136,1212000.0244418473,58926.73158569171,1179953.5765959683,57484.519249913115,1149558.151991448,56111.21573666344,1120689.364474202,54801.99758882368,1093235.0166048876,53552.48125940209,1067093.6423795968,52358.67407852441,1042173.2541461221,51216.93163575841,1018390.2610967709,50123.92061941392,995668.5325409175,49076.58631465733,973938.5838390992,48072.12409296949,953136.8666597161,47107.95433257329,933205.1482873947,46181.700297604555,914089.967214467,45291.16857664718,895742.1542973703,44434.33174169897,878116.4104470017,43609.31293897885,861170.93321627,42814.37216507063,844867.085804728,42047.89401720306,829169.1029633989,41308.376736181366,814043.8290879924,40594.42238557946,799460.4844639983,39904.72803205818,785390.4561954637,39238.0778097356,771807.1108291163,38593.33576692501,758685.6260919431,37969.439406706784,746002.8395056092,37365.393844068145,733737.1119353062,36780.266512024085,721868.2043819772,36213.1823574698,710377.1665422162,35663.319474711614,699246.2358451287,35129.90513085217,688458.7458347292,34612.212142607896,677999.0429039764,34109.55556883296,667852.4105055378,33621.289687115,658005.0000675768,33146.80522637989,648443.7679325659,32685.526830566643,639156.4177152726,32236.910731172087,630131.3475442732,31800.442608869405,621357.601711021,31375.63562652049,612824.8263027801,30962.028617766286,604523.228441656,30559.184417025688,596443.538792344,30166.688318189365,588576.9770368161,29784.14665058484,580915.2200455882,29411.185461933237,573450.3725030174,29047.449299035572,566174.9397686748,28692.600077831084,559081.8027787078,28346.316035277705,552164.194810496,28008.290756224316,545415.679951193,27678.232269089007,538830.1331261403,27355.862204733337
0.637875751503006,1317243.5083732666,63609.7881933366,1279653.6112111341,61940.37431359843,1244149.5799021563,60356.34575149155,1210562.4841732713,58851.31506648332,1178741.156025479,57419.51642037555,1148549.9149973793,56055.73175817608,1119866.6342771316,54755.227264684334,1092581.0895294503,53513.698465837915,1066593.5433660725,52327.22263315319,1041813.527137012,51192.21738240345,1018158.7886809264,50105.40454600753,995554.3802430971,49063.77855169385,973931.8652508442,48064.57866503755,953228.6262601997,47105.26455604124,933387.2593327393,46183.49473443807,914355.0425061063,45297.107468307186,896083.467993922,44444.10385865327,878527.829375186,43622.63279100572,861646.8563767831,42830.977525591166,845402.3909682484,42067.54372163342,829759.0994177087,41330.84871997855,814684.2157356563,40619.51193244691,800147.3125860477,39932.246206834985,786120.0962940655,39267.85005393632,772576.2230444488,38625.20063782812,759491.1337580666,38003.24744339131,746841.9054691533,37401.006545939075,734607.1173109979,36817.555417203745,722766.72946188,36252.02821001222,711301.9736121952,35703.611470958786,700195.2536934732,35171.540236427914,689430.0557648866,34655.09447256453,678990.8660866248,34153.5958243501,668863.0965253299,33666.404642919886,659033.0165372976,33192.91726372857,649487.6910625419,32732.563511211185,640214.9237389964,32284.80440825131,631203.2049126463,31849.130071109714,622441.6639775923,31425.057772527554,613920.025631094,31012.130157535503,605628.5696734637,30609.913598104755,597558.0940221492,30217.996674196467,589699.8806441253,29835.988770024076,582045.6641414406,29463.518775460572,574587.6027519454,29100.2338835156,567318.2515513108,28745.7984756915,560230.5376638308,28399.893087816145,553317.7373084984,28062.213449654333,546573.4545237668,27732.469592229223,539991.6014294928,27410.385017349065
0.6424849699398798,1314991.2103210243,63497.416299721415,1277702.2255916707,61841.57669223227,1242469.7205582196,60269.90186722568,1209128.138785426,58776.133842342344,1177529.2302011843,57354.62003797606,1147539.847299214,56000.241797041206,1119040.0697367922,54708.352798753745,1091921.6016199647,53474.72580471459,1066086.3963131509,52295.50645109354,1041445.471961029,51167.17302272185,1017917.8875636758,50086.50132471075,995429.8547761394,49050.53391355105,973913.9648969836,48056.55306929721,953308.5139861307,47102.056988699274,933556.9118800188,46184.73876018488,914607.16318318,45302.467748697294,896411.4102126407,44453.27307418065,878925.5294357478,43635.32891404916,862108.774236878,42846.94139895463,845923.4579245496,42086.5369039187,830334.6717880449,41352.65156450744,815310.0337640826,40643.921871079416,800819.463905292,39959.07621394902,786834.9833742649,39296.927269164094,773330.5341367974,38656.36512898029,760281.8169094651,38036.35109342224,747666.1452412154,37435.912049880586,735462.3138855377,36854.13537677556,723650.479856626,36290.16431514972,712212.0547660964,35743.193758820686,701129.6072115385,35212.46641958955,690386.7741387872,34697.269329092545,679968.1802299594,34196.930643314976,669859.3644820479,33710.81671965079,660046.7132387377,33238.32943976777,650517.3990232733,32778.90375449562,641259.3245944611,32332.0054295479,632261.0717127612,31897.128973168685,623511.8541602216,31473.795728802826,615001.4746078316,31061.552117659357,606720.284967639,30659.968017602652,598659.1499055396,30268.63526619107,590809.413224628,29887.166276910844,583162.8668590519,29515.19275874351,575711.7222448793,29152.364530174942,568448.5838580662,28798.34841961795,561366.4247305262,28452.8272449909,554458.5637739148,28115.49886588331,547718.6447573057,27786.075302354842,541140.6167997196,27464.281914966046
0.6470941883767535,1312753.0161431262,63385.78462227869,1275760.7750463975,61743.32810830777,1240796.21420121,60183.840573757145,1207697.0640284503,58701.190107059534,1176317.9197098564,57289.83451604915,1146528.1057190245,55944.75209917056,1118209.8568177978,54661.38194532,1091256.7621219328,53435.572266527925,1065572.4288939862,52263.53553015623,1041069.330694656,51141.80936905005,1017667.8108840584,50067.222419803,995295.2175662545,49036.8643792096,973885.150184446,48048.05968350062,953376.8013086392,47098.344309107546,933714.3798730446,46185.44527142744,914846.6043421043,45307.26246248472,896726.2561096208,44461.85252199176,879309.784941937,43647.41448107779,862556.9595242729,42862.27695547731,846430.5572074727,42104.88669652103,830896.0879190583,41373.79833489662,815921.5479285965,40667.665174678375,801477.1997677764,39985.23091425599,787535.3751204426,39325.322187080696,774070.2979334379,38686.841829055775,761057.9253688334,38068.762791306784,748475.8045328124,37470.12262729064,736302.9431851256,36890.018492000694,724519.6928629663,36327.6025986169,713107.6430504803,35782.078084515735,702049.5251949151,35252.69524424525,691329.125516897,34738.7480920157,680931.2056889565,34239.57122056101,670841.4305661846,33754.53692698249,661046.3022482275,33283.05257947039,651533.0998348164,32824.55820167554,642289.8243094127,32378.52425402849,633305.1480488266,31944.449593523696,624568.3685120856,31521.859595442816,616069.3657104581,31110.30442221657,607798.5631032968,30709.357426151215,599746.8916020228,30318.613674096694,591905.7563977954,29937.68858333173,584267.0063577857,29566.21665900588,576822.9057609689,29203.850324425915,569566.1081674057,28850.2588363173,562489.6322354634,28505.127277945216,555586.8393196429,28168.155623652103,548851.412697907,27839.057868971067,542277.3382918827,27517.561221014126
0.6517034068136273,1310528.795594121,63274.88561144375,1273829.2108611222,61645.62481738677,1239129.0785435298,60098.16128535578,1206269.3316771851,58626.48589552555,1175107.3402353383,57225.16406094213,1145514.8414877192,55889.26866648156,1117376.1753941611,54614.32218659109,1090586.773839771,53396.24654879731,1065051.8621076606,52231.31956007476,1040685.338599873,51116.13691521683,1017408.8048989307,50047.57897038573,995150.7231467592,49022.78159882323,973845.6816609409,48039.110555345804,953433.7529076309,47094.13886647755,933859.9305586694,46185.626837639706,915073.6344964333,45311.50433067818,897028.274386864,44469.85501653295,879680.8638922238,43658.90235091807,862991.6787984669,42876.99705700575,846923.953333819,42122.605929511556,831443.6097920656,41394.30180025064,816519.0172757627,40690.75452698046,802120.7759649286,40010.722885820665,788221.5238150549,39353.04726328227,774795.7630101725,38716.643057389054,761819.7038550008,38100.49470889815,749271.1240954128,37503.65029352659,737129.2419171039,36925.21661461504,725374.6010956337,36364.35474302062,713988.9669627211,35820.27595739899,702955.232018744,35292.238043559875,692257.330163838,34779.541916381866,681880.1586432222,34281.52853195489,671809.5069092382,33797.57606127059,662031.9916954412,33327.097299974266,652534.9976789467,32869.53729149172,643306.623177822,32424.371143302087,634335.630392015,31991.1020182904,625611.3997504037,31569.25928501929,617123.8879740178,31158.396812442017,608863.5895072428,30758.09139606684,600821.5010056047,30367.941303900967,592989.0886012167,29987.564931672034,585358.2576956766,29616.59955786415,577921.3250556379,29254.700190030846,570670.9930088365,28901.538494671586,563600.3255584006,28556.80180369473,556702.7262511029,28220.192191147606,549971.9176511166,27891.425614483433,543401.9222850165,27570.23111516264
0.6563126252505009,1308318.4194383873,63164.711800167,1271907.4832849975,61548.46306021273,1237468.328689069,60012.86332476916,1204845.0096989279,58552.02309094908,1173897.6027484841,57160.61268045871,1144500.200449393,55833.797266195055,1116539.1994622154,54567.180742560566,1089911.8333539523,53356.75706627912,1064524.910497298,52198.86793289775,1040293.7243408614,51090.16584698588,1017141.1091965229,50027.581800777254,994996.6193672451,49008.29690399293,973795.8132188701,48029.71741257533,953479.6268698667,47089.45269055633,933993.8246786789,46185.29571082907,915288.5157623658,45315.2057600086,897317.7274713303,44477.2930620944,880039.0281429195,43669.80507708303,863413.1926170199,42891.11426546461,847403.9049634283,42139.70713883824,831977.4936791024,41414.17444164148,817102.6952916161,40713.20232997813,802750.442876175,40035.56443137316,788893.6764758562,39380.11468449885,775507.1728233845,38745.78087092598,762567.3921100461,38131.55876210699,750052.3398433285,37536.50681438563,737941.4420878502,36959.74135308778,726215.4326009422,36400.432193885434,714856.2505605192,35857.79865580336,703846.9477433397,35331.105925600496,693171.6041503069,34819.66173792119,682815.2511953859,34322.813339675624,672763.8016787542,33839.94471065909,663003.9858552456,33370.47401552578,653523.2929879723,32913.85126495706,644309.9178458084,32469.556166257433,635352.7116636322,32037.096145716914,626641.1371369886,31616.004526936584,618165.2270691901,31205.838850953405,609915.5463296503,30806.179325452078,601883.1568181957,30416.62739163759,594059.5851618439,30036.804398483433,586436.7928986119,29666.3503750856,579007.1489277963,29304.922892755527,571763.4040282402,28952.196009291198,564698.6672657199,28607.85928858469,557806.3841280546,28271.616889368004,551080.3162421046,27943.186717474906,544514.52254073,27622.299636512995
0.6609218436873747,1306121.759471798,63055.255803869826,1269995.5416145243,61451.83906569328,1235813.9772619898,59927.94592845652,1203424.1624137838,58477.80343174377,1172688.8136891262,57096.184191936816,1143484.3232574214,55778.34343974671,1115699.0973452064,54519.96458047682,1089232.131229876,53317.111960781345,1063991.782360076,52166.189752985556,1039894.7101928324,51063.90605210919,1016864.9569023834,50007.241430528215,994833.1475954247,48993.421317672626,973735.792292225,48019.891672719445,953514.6748803365,47084.29750116795,934116.3166552767,46184.46383484871,915491.5040381459,45318.37885199383,897594.8716881734,44484.17886161514,880384.5335752578,43680.1349163114,863821.7556965589,42904.64085112707,847870.6650542363,42156.20257432835,832497.9902921908,41433.42845984616,817672.8300453225,40735.02071139721,803366.4456072008,40059.76758553257,789552.0749889637,39406.53637557131,776204.765838125,38774.26707096176,763301.2250226149,38161.96661740857,750819.68297248,37568.70371238958,738739.7711171922,36993.60407869209,727042.4109670591,36435.84616551881,715709.7135682235,35894.65723270766,704724.8882167481,35369.309778815434,694072.1594520501,34859.11827834419,683736.6914666676,34363.436197339346,673704.5191706447,33881.65326003958,663962.4852369322,33413.19294228059,654498.1825310224,32957.510170005866,645299.9013951271,32514.089203567153,636356.5813159397,32082.441690549505,627657.7665565279,31662.104871664873,619193.5653781479,31252.639925857733,610954.6125176122,30853.63044218101,602932.0346209649,30464.681007255873,595117.4183652457,30085.41589824259,587502.7810275819,29715.477872240845,580080.5432851794,29354.52704392017,572843.5040513845,29002.239843968568,565784.8171721941,28658.308051650445,558897.9698246962,28322.43789539397,552176.7624741676,27994.34921589154,545615.2902601825,27673.77468670228
0.6655310621242485,1303938.6885409523,62946.51032032398,1268093.3342729013,61355.7490536964,1234166.0345293812,59843.40825155943,1202006.8506479517,58403.82851809985,1171481.0751404269,57031.88222997732,1142467.3455626592,55722.912511329436,1114856.031889906,54472.68042393336,1088547.852218816,53277.31911059633,1063452.6799494561,52133.29384662731,1039488.5122432832,51037.36713000735,1016580.57487801,49986.56808407248,994660.5429119398,48978.1655637211,973665.8600467308,48009.644452496876,953539.1424071692,47078.684717425254,934227.6547704028,46183.142854393096,915682.849177576,45321.035411699035,897859.9574283644,44490.5243251963,880717.6302571249,43689.90383682685,864217.6170686844,42917.58880061747,848324.4810124707,42172.104207434684,833005.3449279754,41452.07578283907,818229.6643284266,40756.22153193975,803969.0241239943,40083.34412180613,790196.9562379011,39432.324006213305,776888.7756523541,38802.113209672876,764021.4327475661,38191.72969815231,751573.3800756462,37600.25227288006,739524.451949462,37026.81593139406,727855.755431052,36470.607646701785,716549.5714800598,35930.86252123701,705589.265174338,35406.860277352214,694959.2040459901,34897.922050484936,684644.6836897011,34403.40745497512,674631.8598988708,33922.711895866676,664907.6866709051,33455.26410296584,655459.8594978884,33000.523866009244,646276.7634242952,32557.979952063066,637347.4254106949,32127.14818827365,628661.4705926606,31707.569694852922,620209.0820682881,31298.809254741376,611980.9638866326,30900.453807771828,603968.3069436953,30512.11105838099,596162.7575229269,30133.408187003923,588556.3882440563,29763.990656253703,581141.6712078667,29403.5211038507,573911.45314567,29051.678315035133,566858.932401038,28708.156267884027,559977.6375880945,28372.663245568598,553261.4077856092,28044.921010139336,546704.3741394808,27724.66403292047
0.6701402805611223,1301769.080560149,62838.46812946157,1266200.8088849923,61260.18923767115,1232524.5085181117,59759.24937262325,1200593.1318802955,58330.09981825643,1170274.4849959733,56967.71025384076,1141449.398194111,55667.50959608403,1114010.1606556077,54425.33476159718,1087859.1754512927,53237.386139568596,1062907.7996699782,52100.18877129516,1039075.3405860128,51010.55840109248,1016288.1839124693,49965.57170002918,994479.0342984175,48962.54007611496,973586.2515635142,47998.986576887706,953553.2688803461,47072.62546662525,934328.0813391238,46181.34412368888,915862.7951578777,45323.18695620471,898113.2293109209,44496.341078334175,881038.5625996537,43699.12352632896,864601.0202309788,42929.969824656735,848765.5948381793,42187.42373873552,833499.797607906,41470.12807304866,818773.4357898532,40776.81639230125,804558.4133828435,40106.30555937211,790828.5522287742,39457.488997566026,777559.431117489,38829.33059645065,764728.2408220826,38220.85919068136,752313.6532543316,37631.16354993155,740295.7031613075,37059.38782556684,728655.6809828323,36504.727406211794,717376.0356603819,35966.42514000188,706440.2863355333,35443.76788622043,695832.9420036051,34936.08336329487,685539.42829872,34442.73726385691,675546.0206825847,33963.13061083518,665839.7833929253,33496.697331408905,656408.513580504,33042.90202816205,647240.6901274445,32601.23792898723,638325.4266954972,32171.224999235248,629652.4286019343,31752.408201324884,621211.9531639112,31344.35588854797,612994.7731901339,30946.658321150986,604992.1433322207,30558.926293969176,597195.7690377879,30180.789865950534,589597.7778735558,29811.89718285232,582190.6930100516,29451.913385234333,574967.4086801767,29100.51959462528,567921.1674423087,28757.41197141034,561045.539095012,28422.300838589552,554334.4011050606,28094.90986609574,547781.9204235582,27774.97531084457
0.674749498997996,1299612.8105262553,62731.122093120975,1264317.9123481368,61165.15582710317,1230889.405126158,59675.46829808223,1199183.0603825166,58256.618674488884,1169069.1371199486,56903.671554527755,1140430.6073323975,55612.13960795418,1113161.6360958247,54377.933855591386,1087166.274623181,53197.32042581364,1062357.3322649105,52066.882824551045,1038655.3995081786,50983.48891574902,1015987.9989072839,49944.26194016985,994288.8448190404,48946.55500783592,973497.1960165394,47987.928587891234,953557.2878644458,47066.130592840505,934417.83287732,46179.07871489344,916031.580242101,45324.84472279363,898354.9263399404,44501.640469883336,881347.5695088569,43707.805399725126,864972.2032932877,42941.79536556002,849194.2432662492,42202.172605197105,833981.5832141238,41487.59673438665,819304.3770668047,40796.8166399701,805134.843456414,40128.66316965429,791447.0902117045,39482.04252855348,778216.956455375,38855.93030404338,765421.8702783646,38249.366050268625,753040.7202273641,37661.44837208825,741053.739066375,37091.33045553557,729442.3984660954,36538.2159981831,718189.3134410457,36001.355498281206,707278.1554977815,35480.042866304524,696693.5735816507,34973.61232669248,686421.1220171882,34481.43558119684,676447.1947308123,34002.9192084234,666758.9651259849,33537.50227693717,657344.3310521466,33084.654151745206,648191.8643709697,32643.872476122826,639290.7646780062,32214.681312645607,630630.8167857074,31796.629428965032,622202.3516159133,31389.28871534781,613996.2101870438,30992.25272231227,606003.7104140006,30605.135307861205,598216.6164677812,30227.569384846593,590627.1104674756,29859.205759924676,583227.7663001146,29499.71205638234,576011.5253840649,29148.77171385031,568971.6742097082,28806.083058575947,562101.8235071785,28471.3584385161,555395.8889052883,28144.32341803838,548848.0729585809,27824.716027492257
0.6793587174348696,1297469.7545316175,62624.46515473417,1262444.5908990456,61070.64502981435,1229260.7282287,59592.06396652061,1197776.6873532378,58183.38630882544,1167865.1215006975,56839.76926155737,1139411.0946763502,55556.80726722083,1112310.6057330181,54330.483749547246,1086469.3181748767,53157.12911010252,1061801.4629970684,52033.38405262066,1038228.8876706889,50956.16746298612,1015680.2290548583,49922.64819806458,994090.1917958868,48930.220239445945,973398.9168440626,47976.480752981086,953551.4272256541,47059.21066521834,934497.1402638875,46176.35742621179,916189.4371362998,45326.01967686716,898585.282056631,44506.433579760094,881644.8845324916,43715.9606066138,865331.3991194514,42953.076604495574,849610.6579030886,42216.3619872077,834450.9316212054,41504.492919058335,819822.7159117113,40816.233375817385,805698.5396560567,40150.42798269549,792052.7927986633,39505.99554204486,778861.571371815,38881.92317451391,766102.5377530302,38277.261006875626,753754.7944363393,37691.11734793112,741798.7698169695,37122.65430095949,730216.114676368,36571.083767310636,718989.6082160012,36035.66380105504,708103.0726278551,35515.6952792321,697541.2953103225,35010.518856273644,687289.957942966,34519.512174704185,677335.5717247667,34042.08730730713,667665.4181599002,33577.688408653274,658267.4948444357,33125.78955626803,649130.4657680563,32685.892763809086,640243.6156981128,32257.526150474456,631596.808260072,31840.242252493954,623180.4473695674,31433.61646400241,614985.4417075284,31037.24559587437,607003.1719619032,30650.746542237575,599225.4605878294,30273.75504539442,591644.543863225,29905.924550781794,584253.046039061,29546.925144403176,577043.9554033888,29196.442565885263,570010.6020958419,28854.177290953197,563146.6375250634,28519.843677694058,556446.0152555451,28193.169171493977,549902.9732429361,27873.893563997764
0.6839679358717434,1295339.7897751366,62518.49033896036,1260580.7901769774,60976.6530541157,1227638.4797792258,59509.03525272099,1196374.0610462762,58110.40382850586,1166662.524397981,56776.0063494582,1138390.977603025,55501.51710773059,1111457.2123266452,54282.99027634032,1085768.4694637957,53116.819103927024,1061240.3718230692,51999.700258648554,1037795.9982821874,50928.602578775586,1015365.0780106976,49900.73960742003,993883.286978281,48913.54538736221,973291.631914325,47964.65307326976,953535.909293253,47051.87598599932,934566.2288976562,46173.19078974319,916336.5931416514,45326.72251960163,898804.5246865232,44510.7312263962,881930.7360023208,43723.60003852782,865678.8354646468,42963.82446851393,850015.0653591169,42230.00281539113,834908.0678239096,41520.82753416184,820328.675315362,40835.077460484245,806249.7226504708,40171.610793337175,792645.8780778195,39529.35875083146,779493.4911667694,38907.31982501906,766770.4555933283,38304.55457074069,754456.0851480161,37720.18087148104,742531.0015027956,37153.369632056514,730977.0324562532,36603.340853902766,719777.1195332037,36069.360053891774,708915.2339505741,35550.73499210217,698376.3000789376,35046.81267788752,688146.1256310928,34556.976627015014,678211.3378978651,34080.64434564906,668559.3254286925,33617.265019589984,659178.1846221994,33166.317389494274,650056.6707511508,32727.3077948441,641184.1529981233,32299.768371234724,632550.5731238578,31883.255387140252,624146.4074304454,31477.347707727884,615962.6317169328,31081.645374540585,607990.6889562488,30695.76829097883,600222.4594500607,30319.355004499703,592650.2332427334,29952.061577331697,585266.684597379,29593.560538289174,578064.848356372,29243.53990897189,571038.0980259848,28901.702298262953,564180.1254401985,28567.76405960141,557484.9218725078,28241.45450601003,550946.7604768467,27922.51517831275
0.6885771543086172,1293222.7945716556,62413.190751270806,1258726.455283413,60883.176110821834,1226022.6599059145,59426.380971511324,1194975.2268933922,58037.67223119524,1165461.4284842184,56712.38564398519,1137370.3693214369,55446.27348383198,1110601.5940348217,54235.45906552448,1085063.886930501,53076.39709725867,1060674.233561303,51965.839010647884,1037356.9192669054,50900.802554088164,1015042.74405967,49878.545050121924,993668.3367063956,48896.53981184445,973175.553685719,47952.455291393904,953510.9510158047,47044.13659826574,934625.3188492291,46169.58907906731,916473.2703017236,45326.96369535412,899012.8772820384,44514.54397395193,882205.347171947,43730.734335946894,866014.7351084979,42974.04963735544,850407.6873772216,42243.10577720812,835353.2120610729,41536.611248083704,820822.4736263594,40853.35952057433,806788.6085808533,40192.22216721224,793226.5597245345,39552.14264342412,780112.9268413456,38932.13065341717,767425.8319602844,38331.25703780211,755144.7975537708,37748.64912744363,743250.6362468794,37183.48651467584,731725.3507879749,36634.99719878784,720552.0431839257,36102.45406769515,709714.8320350375,35585.17168207859,699198.7772192231,35082.50333208243,688989.8111742688,34593.83833999648,679074.6761135309,34118.59958526739,669440.8665858351,33656.2412307488,660076.5768562859,33206.24663135608,650970.6526424463,32768.12640827926,642112.5467910286,32341.41667366247,633492.2785247867,31925.677392210924,625100.3959285541,31520.49086756028,616927.9413779862,31125.46034246354,608966.4196451781,30740.208702934004,601207.7684424199,30364.37727744756,593644.3311893826,29997.62472316709,586268.8318103624,29639.625991919358,579074.3513872009,29290.07136934014,572054.3065104068,28948.665581218072,565202.429186097,28615.126961617094,558512.7481698534,28289.186677851925,551979.5716106596,27970.58800783446
0.693186372745491,1291118.6483597516,62308.55957748862,1256881.5308384039,60790.21041513488,1224413.26700351,59344.099881420254,1193580.2276217588,57965.19240996374,1164261.9129799742,56648.90982807467,1136349.3790202788,55391.080577032124,1109743.8845698624,54187.895550476715,1084355.7242587118,53035.86956601461,1060103.218053868,51931.80764915742,1036911.8334266081,50872.77544264036,1014713.420276541,49856.073163993664,993445.5420693163,48879.21262470529,973050.8893616238,47939.89689913115,953476.7641122236,47036.0022934306,934674.6250079224,46165.56231658023,916599.6855450573,45326.75339882728,899210.5578605848,44517.8821392974,882468.9363503701,43737.3738950876,866339.3159841099,42983.762550044514,850788.7409573175,42255.68132335291,835786.5799357855,41551.85449669844,821304.3246670202,40871.089954658084,807315.4091726552,40212.272446557254,793795.0471091084,39574.357489677815,780720.0852016832,38956.36584370963,768068.8709288714,38357.37849496216,755821.1328662091,37776.53209630121,743957.8722987662,37213.01481522379,732461.264883308,36666.062548079804,721314.5712895672,36134.95546331543,710502.0558784462,35619.01484085295,700008.9125862906,35117.60017842615,689821.1972811073,34630.10653893038,679925.7659408525,34155.96211568799,670310.218077435,33694.62599502604,660962.8448943814,33245.58609775937,651872.5817224478,32808.35728310893,643028.9643269166,32382.479600295745,634422.0887238312,31967.5166745639,626042.5741807357,31563.0542157264,617881.529111335,31168.69863851851,609930.5196033951,30784.07578510036,602181.5403457035,30408.82974099271,594626.987743411,30042.621736569643,587259.6350319594,29685.129126981377,580072.6092183783,29336.04444405121,573059.3696953001,28995.074514290725,566213.6883878168,28661.93963771561,559529.6313065154,28336.372822627756,553001.5413918485,28018.119071963647
0.6977955911823648,1289027.2317080684,62204.59008328836,1255045.9610337883,60697.75218840573,1222810.2978209255,59262.19068815147,1192189.1033664146,57892.96515804482,1163064.0537839597,56585.58144755023,1135328.1120098971,55335.94240238732,1108884.2133479672,54140.30497526588,1083644.130529454,52995.24277924341,1059527.4903227228,51897.61329461805,1036460.9185968864,50844.529068363954,1014377.2946810101,49833.33235028284,993215.0990577972,48861.57269675538,972917.8410401288,47926.987144759034,953433.555217934,47027.48261847703,934714.3572239996,46161.12028058954,916716.05082324,45326.1015820024,899397.7795383423,44520.7557987711,882721.7170314271,43743.52887447927,866652.7913031665,42992.97341127821,851158.4384771505,42267.73967395269,836208.3825319775,41566.56748937874,821774.4378458515,40888.2789390955,807830.3318440606,40231.77175585082,794351.5454013977,39596.01334624924,781315.1689598464,38980.03537132247,768699.7725853183,38382.92882519734,756485.2884130295,37803.83955925728,744652.904125085,37241.964205447875,733184.9662709848,36696.54645780761,722064.8923860386,36166.87367602978,711277.0909876007,35652.27377898143,700806.8886373731,35152.11239970498,690640.4633522391,34665.79027657957,680764.7837281708,34192.740858083765,671167.5532134202,33732.42810103045,661837.1590299074,33284.344444284376,652762.6252966804,32848.00894185888,643933.5699575959,32422.965540955513,635340.1651578462,32008.78149198597,626973.1007513953,31605.04587892291,618823.5506544516,31211.368259487874,610883.1417893434,30827.377405717223,603143.925389078,30452.72013636642,595598.350455847,30087.060233433494,588239.2391871886,29730.077435815154,581059.7642016921,29381.466503764426,574053.4274123607,29040.936348405754,567214.0404102141,28708.209221089823,560535.7062336642,28383.0199578434,554012.8024107787,28065.115274594584
0.7024048096192386,1286948.4263202704,62101.275613658065,1253219.689683424,60605.79765977877,1221213.7475447732,59180.65204788497,1190801.8917779147,57820.991173381175,1161867.9235977866,56522.40291659002,1134306.6698587628,55280.86281463792,1108022.7056332983,54092.69240125644,1082929.250369593,52954.522806041416,1058947.2107202816,51863.262854480134,1036004.3477980074,50816.07103260893,1014034.5503874596,49810.33078088588,992977.1987118978,48843.62866499277,972776.6058588221,47913.73504016579,953381.5260262905,47018.586882957454,934744.7204463608,46156.27251217744,916822.5732446329,45325.017960848745,899574.7506598899,44523.17479472322,882963.8980192604,43749.20920133312,866955.3696772329,43001.692197616416,851516.9878094745,42279.29082457649,836618.8265275429,41580.760214823014,822233.0182667127,40904.936433683826,808333.5798113036,40250.730007283826,794896.2556724064,39617.12006189325,781898.3768318177,39003.14900823299,769318.7331216433,38407.91771252013,757137.4577282339,37830.581103038196,745335.9224975713,37270.34416708385,733896.6428816607,36726.45829841276,722803.1915058022,36198.21795989583,712040.1194581444,35684.95763009971,701592.8845083979,35186.04900600521,691447.7855543315,34700.89843714159,681591.9026746613,34228.94456910519,672013.0422367947,33769.65617679545,662699.6865690516,33322.53016978479,653640.9477606013,32887.08975407675,644826.5251994795,32462.882736131858,636246.6665005188,32049.479956479187,627892.131511605,31646.47384150705,619754.1591189745,31253.47706315999,611824.4366008597,30870.12129727682,604095.0713041233,30496.05607220284,596558.5644410123,30130.94770011074,589207.7868231701,29774.478284180674,582035.9563678367,29426.34479543065,575036.6172270613,29086.2582135626,568203.6204049251,28753.942726704277,561531.1057404545,28429.134985390003,555013.4851452678,28111.583406539365
0.7070140280561121,1284882.1150387323,61998.6095923285,1251402.6602706185,60514.34306772799,1219623.6098790285,59099.482570415596,1189418.628125418,57749.271062969594,1160673.5920457083,56459.376522967344,1133285.1505246833,55225.84551410023,1107159.482676677,54045.06271345947,1082211.2240949774,52913.71552221233,1058362.5350746834,51828.76303005319,1035542.2893805461,50787.408721091066,1013685.365749623,49787.07640532181,992732.0272637038,48825.38893954746,972627.3761348457,47900.14936772289,953320.8734254438,47009.32416576196,934765.9148558639,46151.028321841026,916919.4552039126,45323.51202181817,899741.6749238266,44525.148741852245,883195.6835499527,43754.42457771271,867247.2552353974,43009.92866348112,851864.5924357314,42290.34455206092,837018.1143041198,41594.44244670713,822680.2668347844,40921.072187136284,808825.3521909284,40269.15690606765,795429.3749929529,39637.68728260377,782469.9036326992,39025.7163279473,769925.9449275116,38432.35464679748,757777.8306407719,37856.766124557435,746007.1145786247,37298.163996370444,734596.479130519,36755.807259119814,723529.6502576483,36228.99739198294,712791.320051634,35717.075355020264,702367.076088467,35219.41883868153,692243.3368920956,34735.4397400928,682407.2928999779,34264.58184460536,672846.8523910249,33806.318693389985,663550.5918960009,33360.15161988868,654507.7106627736,32925.60793972773,645707.9887947948,32502.239280278845,637141.7487217009,32089.620037458706,628799.8196966419,31687.34594860155,620673.5050465335,31295.03277134508,612754.5519293615,30912.31505945471,605035.123377454,30538.845027387575,597507.7724276464,30174.291496181406,590165.418158818,29818.338913952597,583001.323474735,29470.686444914503,576009.0744856627,29131.0471213881,569182.5613561221,28799.147053781384,562515.9604985774,28474.72469396613,556003.7180039864,28157.530147888494
0.7116232464929859,1282828.1818470415,61896.585521171495,1249594.8159928897,60423.38466148923,1218039.8771210096,59018.68082213541,1188039.345395409,57677.80534701341,1159481.1257895746,56396.50443307372,1132263.6484809753,55170.89405232483,1106294.6618491327,53997.42062664095,1081490.1878484148,52872.82661667945,1057773.6148299389,51794.12032310781,1035074.9071659956,50758.54931059397,1013329.9145003672,49763.57695746453,992479.7662753165,48806.8617103896,972470.3395003796,47886.238686927834,953251.7896308155,46999.703321664114,934778.1359944311,46145.3967959174,917006.8945075729,45321.593028132236,899898.751504531,44526.68703334183,883417.27340947,43759.18448651219,867528.6477383787,43017.69234697099,852201.4515563502,42300.91042015852,837406.4440536407,41607.62374916592,823116.3803594507,40936.69574239758,809305.8440990975,40287.061955585705,795951.0965295152,39657.72445660424,783029.9403692054,39047.74671033338,770521.5966795025,38456.24892843053,758406.5933607027,37882.403835446356,746666.6640044926,37325.43280843605,735284.6559975932,36784.60235218367,724244.4469042788,36259.220876485066,713530.868270501,35748.635745715495,703129.6360923132,35252.230574215326,693027.2872783458,34769.42274392687,683211.121512023,34299.66112326322,673669.1479856209,33842.42396843086,664390.036536431,33397.21699040465,655363.0727663577,32963.57157249864,646578.1167711669,32541.043125020457,638025.5651451689,32129.209564864945,629696.3159620082,31727.669909116667,621581.7364631051,31336.042972810847,613673.6332126094,30953.966161962533,605964.224501962,30581.09435383087,598446.114808693,30217.098857150264,591112.2711332358,29861.666445743842,583956.0010546029,29514.498459547645,576970.9323610022,29175.309967622314,570150.9941250802,28843.828988222424,563490.399105657,28519.795761436584,556983.6273687327,28202.962070310045
0.7162324649298597,1280786.5118714056,61795.196979571374,1247796.0998042074,60332.91870239575,1216462.5402338558,58938.245328868936,1186664.0743862607,57606.594462892135,1158290.588639202,56333.788696735115,1131242.2548378168,55116.01183753233,1105428.3567705166,53949.77069119797,1080766.2737326876,52831.86159766162,1057180.5971811707,51759.34104224043,1034602.3605825596,50729.49977543566,1012968.3658867783,49739.839962043254,992220.5927722905,48788.05495381129,972305.6790337357,47872.01134082661,953174.4623133425,46989.73298765294,934781.5748900939,46139.386802801884,917085.0844955354,45319.270025869795,900046.1751701868,44527.79884680538,883628.863048032,43763.498197249726,867799.742689223,43024.99257549835,852527.7601977872,42310.997785015425,837784.0098817642,41620.31348211063,823541.5516541953,40951.81644180192,809775.2467480465,40304.454462393755,796461.6096373431,39677.24083919299,783578.6743295471,39069.24934631471,771105.8734278736,38479.609672900464,759023.92856296,37907.5032664565,747314.7509661507,37352.15954156176,735961.3511058829,36812.852417017966,724947.7564377714,36288.897148719094,714258.9364309779,35779.64742919085,703880.7341307966,35284.49272796711,693799.803602173,34802.85584979103,684003.5526728982,34334.19069010804,674480.0904599652,33877.98016950011,665218.179219307,33433.73433063601,656207.1901089743,33000.98858301309,647437.0624996286,32579.302082271035,638898.266504865,32168.256232192787,630581.7684379783,31767.453298692017,622478.9989319418,31376.515126140308,614581.8234860947,30995.0819473253,606882.5152267223,30622.811279167705,599373.729689794,30259.37689707284,592048.4814528552,29904.467881460427,584900.1224597917,29557.787730615404,577922.3218970957,29219.05353453954,571109.0474935917,28887.995204965646,564454.5481275273,28564.354757130015,557953.3376356178,28247.88563928906
0.7208416833667335,1278756.991381048,61694.43762377196,1246006.4544548518,60242.94146512195,1214891.588915672,58858.17457856838,1185292.8437988276,57535.63876895679,1157102.041658371,56271.231251830366,1130221.057458983,55061.20213983607,1104560.6774333827,53902.11729881308,1080039.6099388166,52790.82579862262,1056583.62520513,51724.431309010346,1034124.8047963089,50700.26689370898,1012600.884800731,49715.87274092044,991954.6793726906,48768.9764386904,972133.5733862222,47857.47546222368,953089.0747236526,46979.42158905901,934776.4181781284,46133.00699896742,917154.2141590092,45316.55184986234,900184.1363972236,44528.49315004556,883830.643691049,43767.37477168265,868060.7314407092,43031.83847125468,852843.7093164169,42320.61580048437,838151.0019082978,41632.52080638832,823955.9696336229,40966.44343207918,810233.7475397856,40321.343541074384,796961.0999509362,39696.24549744849,784116.2891707866,39090.23324242949,771678.9566809075,38502.44581518509,759630.0154687964,37932.073271737594,747951.5522879593,37378.35296132496,736626.7387973341,36840.56612420861,725639.7506529937,36318.03477901275,714975.693734054,35810.11887125141,704620.5367795065,35316.21365782632,694561.0497952948,34835.74730502338,684784.7476631026,34368.178679948665,675279.8384454518,33912.99531747008,666035.1759370536,33469.71154660616,657040.2160609944,33037.86676196111,648284.9767511121,32617.023827272602,639760.0009996695,32206.767599440587,631456.3227827292,31806.70356256066,623365.4356051319,31416.45656251459,615479.263433092,31035.669633586065,607790.1338056123,30664.002909387345,600290.7529365309,30301.132611113,592974.1826373624,29946.750106789947,585833.8189074551,29600.561035778806,578863.3720525978,29262.284493306677,572056.8482062698,28931.652270283346,565408.5321394267,28608.408144077195,558912.9712551994,28292.307216309386
0.7254509018036073,1276739.5077876484,61594.30118620129,1244225.8225290047,60153.44923884041,1213327.011665494,58778.467023875186,1183925.6803232424,57464.938548158614,1155915.5432666293,56208.83392872022,1129200.1410741552,55006.46809626049,1103691.7303223265,53854.46468789504,1079310.3208697522,52749.72438400265,1055982.8379861815,51689.397063858,1033642.390837883,50670.857253304544,1012227.6319051061,49691.682419155084,991682.1944119286,48749.633732544455,971954.1969049271,47842.63897968762,952995.8058123081,46968.77734548187,934762.8482184139,46126.26583479131,917214.4682547265,45313.44712940377,900312.8214812754,44528.778706634635,884022.8024467287,43770.823069250146,868311.8012995728,43038.238956510344,853149.4858993788,42329.77342327811,838507.6063647058,41644.25468878799,824359.8194076896,40980.585669213826,810681.5301571302,40337.73811895017,797449.749471966,39714.74731479876,784642.9650037495,39110.70722525922,772241.0244869115,38524.76611405012,760225.0299249823,37956.12253299495,748577.2415041662,37404.02166462703,737280.9902067501,36867.75197941578,726320.5982190304,36346.64217648508,715681.3063345209,35840.058380165174,705349.207645527,35347.4015677616,695311.1868966384,34868.105206594395,685554.8649440262,34401.63308071026,676068.5478259821,33947.47728973963,666841.1800041422,33505.15640419785,657862.3013822975,33074.213763145286,649122.0077514626,32654.215901551874,640610.9143467437,32244.75109598137,632320.1222340871,31845.42801833801,624241.187273819,31455.874488422694,616366.0914334216,31075.736316939794,608687.2162446736,30704.67623139448,601197.3182204514,30342.372878034075,593889.506064445,29988.519893625562,586757.219523069,29642.825041434087,579794.2097431483,29305.009406280737,572994.5210117702,28974.80664401993,566352.4737661418,28651.96228119184,559862.6487715896,28336.23306097949
0.7300601202404808,1274733.9496439218,61494.781474777286,1242454.146480206,60064.4383282977,1211768.7958462352,58699.12108455551,1182562.6087220986,57394.49401151973,1154731.1493370954,56146.598454496176,1128179.5873870004,54951.81271556484,1102821.61852898,53806.816948816195,1078578.5272596832,52708.56235474176,1055378.3707379336,51654.244071813504,1033155.2657249069,50641.27725772517,1011848.7637558319,49667.275930860655,991403.3020635437,48730.034207382916,971767.7197515831,47827.50962336012,952894.8303462714,46957.8082765268,934741.0432091542,46119.17156019753,917266.0274156879,45309.96429378156,900432.4126448042,44528.66408132285,884205.5224104832,43773.85175235041,868553.135627662,43044.20275875472,853445.2730624889,42338.479417969786,838854.0056888086,41655.52390689937,824753.2823732469,40994.25192316228,811118.7746521612,40353.64694066063,797927.736654735,39732.75499546017,785158.8784755747,39130.679945731754,772792.2515139587,38546.579156219595,760809.1444808341,37979.659563531015,749191.9889333252,37429.17408360935,737924.273333705,36894.4183271685,726990.46474869,36374.727592723604,716375.9374081728,35869.4741102268,706066.9074324267,35378.06451127508,696050.3731152145,34899.9375044558,686314.0602187986,34434.56173668177,676846.3717968754,33981.433823383915,667636.3421141467,33540.0765322092,658673.594277557,33110.03710644667,649948.3012350262,32690.88571579941,641451.1498334975,32282.214023358785,633173.3076599429,31883.633858737852,625106.3924171341,31494.775988300804,617242.4436109599,31115.288974299,609573.896348266,30744.838115504015,602093.5570639209,30383.104462625717,594794.5810133978,30029.78390242757,587670.4513828458,29684.58630501159,580714.9598826441,29347.23472924751,573922.188702968,29017.464681772664,567286.4937211352,28695.023425395826,560802.4888605784,28379.669333104186
0.7346693386773546,1272740.2066413797,61395.87237219585,1240691.3686647774,59975.90505481293,1210216.9277447525,58620.13514981516,1181203.6519101725,57324.30530145215,1153548.9132904245,56084.52645705642,1127159.475179186,54897.2388828796,1101950.4418628241,53759.1780289539,1077844.3462891385,52667.34455360284,1054770.3549206832,51618.9779280036,1032663.5725802912,50611.53313169947,1011464.4329198962,49642.66002486462,991118.1624560694,48710.18504536544,971574.3080176425,47812.09493057565,952786.3190217185,46946.52220735729,934711.1772970919,46111.73223012043,917309.0682585381,45306.11157763562,900543.088141481,44528.1576452803,884378.9827662329,43776.469291457135,868784.913940125,43049.738415682135,853731.2501453076,42346.74236184446,839190.3786167622,41666.337053828865,825136.5363029793,41007.45078243303,811545.6575321908,40369.07857260744,798395.236489247,39750.27706874932,785664.2028499768,39150.15988330255,773332.8091274325,38567.89336042921,761382.5284631398,38002.692712173906,749795.9617506991,37453.818489461,738556.7531125193,36920.57335455496,727649.5128661501,36402.29912536107,717059.7472172164,35898.374065224554,706773.7940035271,35408.21039476354,696778.7638913327,34931.25200479963,687062.48649154,34466.972351676646,677613.4609222407,34014.87251822058,668420.8103953154,33574.47942532895,659474.2404500898,33145.344180712564,650764.0004968531,32727.040552673385,642280.8483682164,32319.16355801016,634016.017607373,31921.328154217823,625961.1872498736,31533.16802710324,618108.4538799378,31154.334465793087,610450.3057640432,30784.495317871722,602979.598883836,30423.33401806852,595689.5347076246,30070.54868452454,588573.6395550766,29725.851277215952,581625.7454234677,29388.966813603205,574839.9721561212,29059.63263701703,568210.7108446868,28737.597733690356,561732.6083667929,28422.622094703816
0.7392785571142284,1270758.169607348,61297.5678352038,1238937.4313733326,59887.845757204,1208671.3926291715,58541.507580500234,1179848.8310308433,57254.37249493284,1152368.886185108,56022.61946901688,1126139.8804105078,54842.749364164396,1101078.2969580025,53711.55173754476,1077107.891696045,52626.07567030276,1054158.9183548368,51583.60406296516,1032167.4507465663,50581.63092660284,1011074.7880894883,49617.84127017786,990826.9317861372,48690.09324427312,971374.1238357145,47796.4022512987,952670.4385733401,46934.926774070416,934673.4206843361,46103.95570979686,917343.7634876905,45301.897026150866,900645.0223574548,44527.26758117845,884543.3588847256,43778.683970081736,869007.3120007368,43054.85428002884,854007.5928034708,42354.5706496077,839516.9002724113,41676.70254277784,825509.7554318319,41020.190658534295,811962.3518433198,40384.04140727227,798852.4205819716,39767.321893272696,786159.1080852982,39169.15535001815,773862.8654654559,38588.71698136659,761945.3480490518,38025.23016709757,750389.3240587101,37477.96299612181,739178.5914803626,36946.22509481209,728297.9022728049,36429.36472155513,717732.8931739524,35926.76610181396,707470.0224435062,35437.84698078947,697496.5119562157,34962.05637323056,687800.2941250697,34498.87249211001,678369.963190859,34047.80083979523,669194.7304647082,33608.37244703366,660264.3831543208,33180.142246568896,651569.2464435642,32762.687569530433,643100.1485293973,32355.606753918877,634848.3883505088,31958.51785555648,626805.7057689665,31571.05745280719,618964.2539900662,31192.879537203582,611316.5740267945,30823.654482862596,603855.5710342331,30463.068088238226,596574.4923560695,30110.820684355946,589466.907140432,29766.62630420944,582526.6873957084,29430.211908480833,575747.9903690538,29101.316663178368,569125.2421410825,28779.69126517499,562653.1223399335,28465.09731198266
0.7438877755511022,1268787.7305012913,61199.8618938587,1237192.2768604595,59800.25679264526,1207132.1748035974,58463.23671118915,1178498.1655293596,57184.69560654121,1151191.1168042636,55960.87893146459,1125120.8763152903,54788.34681049453,1100205.2773762874,53663.94175035916,1076369.2738829025,52584.76024645952,1053544.185330465,51548.12774777282,1031667.0358964058,50551.576525693046,1010679.974192408,49592.82606128079,990529.7624279519,48669.76562280014,971167.3254874847,47780.438753385606,952547.3518802486,46923.029428901384,934627.9397319265,46095.849679892424,917370.2819963129,45297.32850008979,900738.3859096031,44526.00188811709,884698.8224189627,43780.50388958624,869220.5019144535,43059.558524266344,854274.4730983605,42361.97249795578,839833.742254103,41686.62861148785,825873.1105409992,41032.479790293764,812369.0272516644,40398.543667411606,799299.4572343739,39783.89766099793,786643.7609104195,39187.67449446602,774382.585512263,38609.058113502055,762497.7663370109,38047.27995953636,750972.2369555016,37501.61556388403,739789.9474435383,36971.381430817644,728935.7898113632,36455.932181374264,718395.5299027762,35954.657932800816,708155.7451183873,35466.981891264964,698203.7673900581,34992.358137854,688527.630897115,34530.269589994445,679116.024070621,34080.226122288346,669958.2454809386,33641.76283240917,661044.1632469026,33214.43843915936,652364.1776429137,32797.83380108568,643909.1866138248,32391.550545198435,635670.55393719,31995.209796364226,627640.079798766,31608.450998853303,619809.9735705217,31230.93082233719,612172.8286011802,30862.32214535912,604721.5988478287,30502.313109951556,597449.5771936096,30150.60624165796,590350.3753112569,29806.91762974016,583417.9049454028,29470.976162823034,576646.360498387,29142.52281565146,570030.2028148761,28821.309983016043,563564.1440701057,28507.100857248035
0.748496993987976,1266828.7824105013,61102.74865077698,1235455.8473726818,59713.13453746065,1205599.2576603359,58385.32085218118,1177151.6732230901,57115.27459136511,1150015.6517390604,55899.30619755999,1124102.5334952085,54734.03376218348,1099331.473706359,53616.35161420337,1075628.6000202275,52543.40268036204,1052926.2767131384,51512.55409898801,1031162.4601394811,50521.375649167625,1010280.1324988861,49567.62062323334,990226.80303927,48649.208825672256,970954.0675082478,47764.21142767694,952417.2180686145,46910.83744526324,934574.8970602427,46087.421641468165,917388.7889642811,45292.41368067009,900823.3457408788,44524.36838640166,884845.5413968358,43781.936973851974,869424.6522172923,43063.859145155744,854532.059584218,42368.955950012016,840141.0727190425,41696.123326557026,826226.7690395644,41044.32624805447,812765.8501223277,40412.59341013238,799736.5115192846,39800.01240121051,787118.3248985985,39205.7253056141,774892.1311695867,38628.924694813395,763039.9434157605,38068.84996739774,751544.858601665,37524.784002895874,740390.9771420135,36996.05009848766,729563.3295282603,36482.00916109247,719047.8093005545,35982.05713033657,708831.1117339632,35495.62261055098,698900.677678579,35022.16469228261,689244.6420550696,34561.17094585714,679851.7865615684,34112.15557134636,670711.4961955657,33674.65769089871,661813.719236531,33248.239770813816,653148.9303720972,32832.48616200424,644708.0966834316,32427.00174861001,636482.6462344414,32031.410695529878,628464.4390351992,31645.35528652407,620645.7401728276,31268.494845338522,613019.1949233979,30900.504733010814,605577.8056765202,30541.07541515519,598314.9105204401,30189.911593594206,591224.1633498856,29846.731397216783,584299.5153718243,29511.265627402885,577535.1978958455,29183.25705376951,570925.7063062531,28862.45975636572,564465.7851222785,28548.638510781562
0.7531062124248498,1264881.2195451984,61006.222280372465,1233728.0851747901,59626.47538785614,1204072.6237297459,58307.75829138681,1175809.3703688919,57046.10934778183,1148842.53546893,55837.90253599527,1123084.9200086875,54679.81265274836,1098456.9736595433,53568.784751256724,1074885.9741464157,52502.00723157079,1052305.3100461862,51476.888083436446,1030653.8521257862,50491.033859050025,1009875.4007249435,49542.231016615304,989918.1986640138,48628.42932859857,970734.5007881782,47747.72709292722,952280.19261115,46898.35792262826,934514.4516463788,46078.67892079313,917399.4459532126,45287.160074293526,900900.0652128428,44522.374722176624,884983.6803110682,43782.99097380943,869619.9279636282,43067.763968168234,854780.5173927766,42375.528879634134,840439.0564652749,41705.194587632366,826570.8950438622,41055.73793775113,813152.9835961908,40426.1985308527,800163.745355177,39815.67398435985,787582.9605393052,39223.31561654399,775391.6613261229,38648.32451040832,763572.0364315199,38089.94791877645,752107.3442852007,37547.475976570255,740981.8339122436,37020.23869008275,730180.6727344324,36507.60317639609,719689.8805954292,36008.97112902893,709496.2693927067,35523.77648847487,699587.3877681154,35051.483298564104,689951.4703693467,34591.58373158102,680577.3912475762,34143.59626683917,671454.6210031807,33707.06400897994,662573.187332499,33281.5531336477,653923.6386648382,32866.651449426274,645497.0106109815,32461.96706601589,637284.7949728089,32067.12715960511,629278.9110888164,31681.7768272619,621471.6793126692,31305.578022944483,613855.7964418127,30938.208568427348,606424.3129308841,30579.36123305988,599170.6117404863,30228.742876833217,592088.3886860128,29886.073651731465,585171.6341638564,29551.08625679446,578414.6161436725,29223.525242724325,571811.8643255269,28903.14636223379,565358.1553698998,28589.715962664155
0.7577154308617233,1262944.9372330871,60910.27702808629,1232008.9325746167,59540.2757605944,1202552.254727823,58230.54729612441,1174471.2717277245,56977.199720119046,1147671.8104386884,55776.669134314325,1122068.1014570089,54625.68581272476,1097581.8621621472,53521.24446324982,1074141.4972641536,52460.578025354764,1051681.3996495157,51441.134522820634,1030141.33714556,50460.556563910744,1009465.9131324211,49516.66314230341,989604.0908316334,48607.43344306271,970508.7726704472,47730.99240057736,952136.427423543,46885.59779125588,934446.7589185756,46069.628674008316,917402.4109986684,45281.575017130395,900968.7041954822,44520.028371919536,885113.4002065471,43783.67347183342,869806.4908109856,43071.28065177573,855020.0083154954,42381.69899559668,840727.8550113672,41713.85013148158,826905.6494546351,41066.72260487058,813530.5876645903,40439.36676715105,800581.3175784216,39830.89012579811,788037.8253081111,39240.45310808083,775881.3319251294,38667.26519604744,764094.1996533643,38110.581395373025,752659.8464847555,37569.69900490131,741562.6683483459,37043.95465742548,730787.9680645028,36532.721605505205,720321.8904040918,36035.40722896998,710151.3626492106,35551.4507432685,700264.040119302,35080.321090032245,690648.256185368,34621.51499317177,681292.976346722,34174.55516554628,672187.7559902224,33738.98865277305,663322.701492024,33314.38530209517,654688.4343572891,32900.336345427655,646276.0581246049,32496.453086770438,638077.1277895883,32102.365685128498,630083.6215267633,31717.722024928735,622287.914510665,31342.186666681868,614682.7546565811,30975.43987131659,607261.2401186948,30617.17669222126,600016.7983988663,30267.106129574044,592943.1669331433,29924.95034203251,586034.3750354694,29590.44391129448,579284.7270891744,29263.33315543889,572688.7868867887,28943.375487313016,566241.3630276867,28630.338814555984
0.7623246492985971,1261019.8319134195,60814.90720961024,1230298.3319463504,59454.53209361575,1201038.131601633,58153.68611482811,1173137.3906266293,56908.545501202076,1146503.5171327107,55715.60710210089,1121052.1410672662,54571.655473337334,1096706.2214445306,53473.73393549112,1073395.267433522,52419.11905697247,1051054.6567151193,51405.29809817388,1029625.0372259406,50429.949023430185,1009051.8006257984,49490.92274609153,989284.6176533457,48586.227320959646,970277.0270463058,47714.013839375875,951986.0709579597,46872.5638167735,934371.9708478239,46060.27789164737,917397.8386996326,45275.66567956551,901029.4191544085,44517.33664680094,885234.8587651412,43783.99188600875,869984.4991024173,43074.416691616556,855250.6908834776,42387.473845652916,841007.6266738705,41722.09753594899,827231.1900320649,41077.2878383006,813898.8192419544,40452.10570250793,800989.3840135785,39845.668389415536,788483.0737347045,39257.14531232374,776361.2960302224,38685.7542415715,764606.584536875,38130.757835820004,753202.514931201,37591.4604676922,742133.6283616794,37067.20531503246,731385.3615344333,36557.37169221241,720943.9827875833,36061.372598684975,710796.5335642062,35578.65246442971,700930.7747593799,35108.68507408402,691335.1374742322,34650.97165345356,681998.6777603822,34205.039103773895,672911.0349825636,33770.43837058224,664062.3934663902,33346.74293537751,655443.4471327887,32933.547419418166,647045.3668512278,32530.466290050776,638859.7702709811,32137.13266089113,630878.6939137218,31753.197178009093,623094.567332137,31378.326985010168,615500.1891582996,31012.204760569468,608088.7048825026,30654.527822568925,600853.5862184383,30305.007293521834,593788.6119241511,29963.367322448317,586887.8499603341,29629.344358796698,580145.640878427,29302.68647439401,573556.5823407408,28983.152729759786,567115.5146836224,28670.512581433
0.7669338677354709,1259105.8011306021,60720.107210104274,1228596.2257524568,59369.24084660775,1199530.2345726865,58077.17297867091,1171807.7390181934,56840.14643479159,1145337.694146274,55654.717474040066,1120037.0997722961,54517.72377003213,1095830.1311270406,53426.25624074713,1072647.3798619157,52377.634195802,1050425.1893994007,51369.383354161924,1029105.071224466,50399.21635280866,1008633.1908459194,49465.01542315915,988959.9139153498,48564.81695908314,970039.4044472346,47696.79773985413,951829.2682937064,46859.2626046147,934290.2360367271,46050.63340301879,917385.8803053503,45269.4390705097,901082.3632355175,44514.30669691413,885348.2103880777,43783.95347427034,870154.1079465447,43077.17942453996,855472.7204451428,42392.86082047983,841278.5266426262,41729.944223798724,827547.6714687335,41087.44107407027,814257.8322364573,40464.42276994312,801388.0975417926,39860.01619117521,788918.8574690775,39273.399616079245,776831.7038894244,38703.79899423534,765109.3397861122,38150.48453891844,753735.4966675953,37612.76760769643,742694.8592388675,37089.99784316274,731972.9965976835,36581.560548841444,721556.2993056559,36086.874278003525,711431.9217571993,35605.38861550904,701587.7293331726,35136.58213488461,692012.2498821001,34679.96051469517,682694.6291210875,34235.05479990494,673624.5895919037,33801.4197953722,664792.3928459352,33378.6325799089,656188.8045655023,32966.29113047913,647805.0623589215,32564.013047128734,639632.8459932072,32171.434370145274,631664.2498518332,31788.208481757923,623891.7574259021,31414.005085410976,616308.217665706,31048.50925629303,608906.8230362876,30691.42055738533,601681.0891354536,30342.45221581453,594624.8357459732,30001.330354764,587732.1692055927,29667.79327662011,580997.4659891597,29341.590793410116,574415.3574067344,29022.483600931268,567980.7153301773,28710.242693280932
0.7715430861723447,1257202.7435273794,60625.87148340985,1226902.5565642791,59284.398501526695,1198028.5431783518,58001.006103107306,1170482.3275375974,56772.0022179174,1144174.378254186,55594.00121285903,1119023.0362877,54463.892745876256,1094953.6683029307,53378.8143429828,1071897.9269908972,52336.12718932679,1049793.1029124323,51333.39470323784,1028581.554919539,50368.3635270298,1008210.2082607379,49438.94662239466,988630.1111691359,48543.20820346992,969796.042134269,47679.35027866091,951666.1612251541,46845.70060432024,934201.6998057236,46040.70188045479,917366.6837996236,45262.90204158206,901127.6863471995,44510.94551537991,885453.6062759685,43783.5653384222,870315.469295334,43079.576032533856,855686.2492417322,42397.8671575106,841540.7070539956,41737.397466449474,827855.2454605916,41097.1895989857,814607.7776187604,40476.32525555227,801777.6081673509,39873.94080255088,789345.3253459537,39289.22326420151,777292.7029975178,38721.40666195201,765602.6114139579,38169.768666787764,754258.936107586,37633.62753367562,743246.5036983249,37112.33929078624,732551.014199926,36605.29515912834,722158.9790697477,36111.91918085625,712057.6644577689,35631.666036824456,702235.039152777,35164.01903600301,692679.7267783378,34708.48826116898,683380.9618391854,34264.608856884144,674328.5492610063,33831.939447181954,665512.8271039225,33410.060671641535,656924.6321629843,32998.573829642315,648555.2681982103,32597.09962358592,640396.4765626095,32205.276992758183,632440.4090196526,31822.762030295275,624679.6025621147,31449.226976425693,617106.9560624629,31084.3592817934,609715.7086012289,30727.860735236052,602499.4193343498,30379.44665090243,595451.948773465,30038.845110052025,588567.4413648163,29705.796253292832,581840.309262853,29380.051619385857,575265.217204036,29061.37352708043,568837.068394783,28749.534496748456
0.7761523046092185,1255310.5588376434,60532.19455126019,1225217.2670813934,59200.00156307404,1196533.0363113985,57925.18368933933,1169161.1655573635,56704.112503112854,1143013.6044768179,55533.459212151916,1118010.0071860857,54410.16435483073,1094076.9076183853,53331.41110096736,1071146.9985801075,52294.60166698266,1049158.4996042633,51297.33642965631,1028054.6010979706,50337.39538498268,1007782.9742531886,49412.72165057801,988295.3378189879,48521.40675360561,969547.0741845942,47661.677482761406,951496.8883470255,46831.88411370692,934106.5042767551,46030.4898434313,917340.3939826424,45256.061291167105,901165.5352401816,44507.259942330165,885551.194506559,43782.8344280396,870468.7320196892,43081.61354653939,855891.4264807118,42402.49994465792,841794.3170620686,41744.46438760401,828154.0607759921,41106.54055416442,814948.8034888961,40487.820301945765,802158.0630824588,39887.4493538708,789762.6234475058,39304.62336284197,777744.4381567576,38738.58431644961,766086.5428008861,38188.61724793171,754772.9750922958,37654.0472233766,743788.7019453256,37134.23657847388,733119.5528323618,36628.58238102726,722752.1587946082,36136.51409799879,712673.8965555679,35657.49144810612,702872.8372460005,35191.00242297991,693337.6993024541,34736.56146164469,684057.805148334,34293.70776464017,675023.0413078115,33862.00373547782,666223.8216393269,33441.03353835189,657651.0534076927,33030.40176211188,649296.1059423652,32629.732181473843,641150.7816547771,32238.66660731245,633207.2892101468,31856.863818649206,625458.2186691927,31483.99856964315,617896.5184330501,31119.760665510166,610515.473840604,30763.85410185291,603308.6872817007,30415.996262381992,596270.0597024399,30075.917170458597,589393.7733901701,29743.358790292543,582674.2759360629,29418.074373994525,576106.2652823478,29099.82785101011,569684.6757695763,28788.39325676043
0.7807615230460923,1253429.1478788878,60439.07100248783,1223540.300149774,59116.04655912944,1195043.6922577564,57849.70392570927,1167844.2612398958,56636.476900553746,1141855.406143645,55473.092299093456,1116998.0669686263,54356.54046490089,1093199.9213497606,53284.04927175079,1070394.6817883446,52253.06114387089,1048521.4790483871,51261.21269335175,1027524.3196397044,50306.31663344764,1007351.6072062884,49386.34567642814,987955.7192067761,48499.41816649681,969292.6315755064,47643.78523350527,951321.5851371221,46817.81928290805,934004.7884544672,46020.003662563395,917307.1525504405,45248.92336835097,901196.0535850814,44503.2566687743,885641.1201102727,43781.76754425751,870614.0419829269,43083.2988501562,856088.3984071445,42406.76612393174,842039.5029079273,41751.15196677688,828444.2633228516,41115.50093847167,815281.055141356,40498.914911593085,802529.6067302902,39900.54883757031,790170.8951644149,39319.60688261112,778187.051535996,38755.338896343535,766561.2747522023,38207.03718022262,755277.7529457406,37674.03352642959,744321.5917256587,37155.6965012121,733678.748583676,36651.42894944339,723335.972848616,36160.66569966547,713280.7506490637,35682.87145107309,703501.254403586,35217.53882583007,693986.2964098684,34764.18657181979,684725.2861498715,34322.35790244641,675708.1909684603,33891.61896144717,666925.4998185702,33471.557401869744,658368.1897974856,33061.781069431,650027.6952267137,32661.916781420256,641895.879052717,32271.60919315444,633965.0063677749,31890.51974474838,626227.7198698483,31518.32568163839,618677.0170977915,31154.719142903392,611306.2292938533,30799.40631197111,604109.0017593554,30452.106624784916,597079.2755819202,30112.552030946503,590211.2706238114,29780.486303744943,583499.4696710005,29455.664395339718,576938.6036516012,29137.85183368734,570523.637840438,28826.824158092437
0.7853707414829658,1251558.4125443469,60346.495492231494,1221871.5987788367,59032.53004114403,1193560.4887325685,57774.564989023376,1166531.621587908,56569.094980106755,1140699.8149543952,55412.90123704682,1115987.2681340526,54303.0228611703,1092322.7794781486,53236.731514016494,1069641.0612519106,52211.50902434347,1047882.1381224706,51225.027533686436,1026990.8175998261,50275.131850951395,1006916.2225855659,49359.82373452041,987611.3776941381,48477.24786061512,969032.8422658328,47625.67927056851,951140.3840365914,46803.5121182912,933896.6883050278,46009.249563480786,917267.0981720481,45241.49467674128,901219.3820477396,44498.94224035275,885723.5251436247,43780.371343450315,870751.542112202,43084.63868324204,856277.3083730951,42410.672494954975,842276.4079870143,41757.46704272373,828725.9962139954,41124.07761186187,815604.6751284355,40509.615950075735,802892.380866368,39913.2461113565,790570.2812553274,39334.18066165553,778620.68272826,38771.67721012706,767026.9455538036,38225.035233807095,755773.4065288238,37693.59316717087,744845.3083779146,37176.72573114418,734228.7351906763,36673.84147889531,723910.5533028282,36184.38053815477,713878.357093058,35707.812531944415,704120.4192252583,35243.63466148127,694625.6449165418,34791.36993668862,685383.5298560878,34350.565541222786,676384.1214392607,33920.79132023497,667617.9830162338,33501.63838025181,659076.1608851311,33092.71779159486,650750.1537869953,32693.65938468377,642631.8846841009,32304.110632392516,634713.6746246732,31923.73561136598,626988.2185162536,31552.21403586435,619448.5626470414,31189.240358294872,612088.0838098269,30834.522931122006,604900.4698967839,30487.783225324238,597879.7018456177,30148.75510099619,591020.0368285398,29817.184126081465,584315.9925853853,29492.82693957125,577762.3328110431,29175.450655819095,571354.0535153439,28864.832306907836
0.7899799599198396,1249698.2557948504,60254.46274114248,1220211.1061574211,58949.4485844954,1192083.4029146237,57699.765045809145,1165223.2524928346,56501.96627329087,1139546.861037909,55352.88672806938,1114977.6612451812,54249.61324872233,1091445.54976137,53189.46039131481,1068886.2191603428,52169.948605464604,1047240.5710864526,51188.784873072815,1026454.1992879583,50243.845491495806,1006476.9330189147,49333.1607290783,987262.4327421415,48454.90111971696,968767.8312748958,47607.365195773644,950953.4145278119,46788.96848625652,933782.3368326423,45998.233630587296,917220.3665644242,45233.781478173994,901235.6583624193,44494.32306098116,885798.5487605763,43778.652340805194,870881.3724679527,43085.639645410054,856458.2969051283,42414.22571838069,842505.1729146779,41763.41631677546,828999.3998307508,41132.27729862807,815919.8033218947,40519.9301492516,803246.5246183232,39925.54790128737,790960.9199047536,39348.35140865242,779045.4688068407,38787.60593908247,767483.6910265005,38242.618053935075,756260.0702919477,37712.732747391296,745359.9848844439,37197.33082024042,734769.6440876535,36695.82646610859,724476.0299787998,36207.665050348725,714466.8440450209,35732.32106388632,704730.4581646305,35269.296236151546,695255.8695425085,34818.11779285199,686032.6592324339,34378.33684577973,677050.9539176294,33949.526903124635,668301.3906547795,33531.282489901605,659775.0843168598,33123.21786911157,651463.5974967909,32724.965855157916,643358.9126576172,32336.17671184637,635453.406335972,31956.517128016294,627739.8252243652,31585.66926449753,620211.2639745565,31223.32986666488,612861.1445792423,30869.209437382622,605683.1972026569,30523.03146559835,598671.4423426704,30184.53170626602,591820.1742177258,29853.457507657356,585123.9452815957,29529.56718246258,578577.5517776402,29212.62941939061,572176.0202520515,28902.422732258314
0.7945891783567134,1247848.5816504136,60162.9675345914,1218558.7656687608,58866.798788806824,1190612.4114792359,57625.3022535097,1163919.158781304,56435.090275155795,1138396.5730088025,55293.04941532116,1113969.2949930658,54196.31325545408,1090568.2978034962,53142.238375181914,1068130.2353296124,52128.38308035379,1046596.8696581015,51152.48852047507,1025914.5663451331,50212.46188816529,1006033.8483739626,49306.36143764421,986909.0009885108,48432.383096543774,968497.7207591097,47588.8484767924,950760.8032099777,46774.19411692034,933661.8641538428,45986.96181070823,917167.0905652393,45225.78989631156,901245.0174029268,44489.40539638895,885866.3272818951,43776.616913793616,871003.6703114295,43086.30819942725,856631.5017699669,42417.4323192134,842725.9355899419,41769.00635607989,829264.611884835,41140.10659056255,816226.5769729832,40529.864110333474,803592.1745440855,39937.460804768285,791342.9467794612,39362.12570572466,779461.5443799266,38803.131640115374,767931.6445789473,38259.792163714825,756737.8763262891,37731.458749013735,745865.7519210287,37217.51820289947,735301.6044545019,36717.39029254313,725032.5304952095,36230.525560168084,715046.3375102757,35756.403309397436,705331.4955729998,35294.52974766661,695877.0929543371,34844.43627076891,686672.7952387005,34405.67787700655,677708.8076420344,33977.83169966491,668975.8402433108,33560.49564763706,660465.075869986,33153.28714501262,652168.1404040513,32755.841961326438,644077.0752984511,32367.813124949036,636184.3121142682,31988.8699128054,628482.6489074297,31618.696910239272,620965.2283100749,31256.99313540568,613625.5171663733,30903.471223083277,606457.2875956794,30557.85666325439,599454.5993676558,30219.887090213,592611.7834845332,29889.311618331303,585923.4268751349,29565.890220950943,579384.3581138174,29249.39314916728,572989.6340851374,28939.600387549093
0.7991983967935872,1246009.2951815925,60072.004721876285,1216914.52090449,58784.577278232595,1189147.4906296395,57551.17476161807,1162619.344259759,56368.46644608101,1137248.9780220173,55233.389885379656,1112962.2162588763,54143.124434786834,1089691.087121983,53095.0678481488,1067373.1872728951,52086.815541414435,1045951.123086126,51116.1421747941,1025372.0178182296,50180.98525661704,1005587.0758330389,49279.430514633605,986551.1963225044,48409.69881640699,968222.630086282,47570.13445073481,950562.6738724567,46759.19460768747,933535.3975696234,45975.439916629446,917107.400203576,45217.525920135646,901247.59125173,44484.19537755569,885926.9942625781,43774.27130554356,871118.5701703593,43086.65067451716,856797.05803836,42420.29869003811,842938.8312575582,41774.24359675439,829521.7674785936,41147.57195003119,816525.1307708786,40539.42430688441,803929.4646885485,39948.99129346829,791716.4950834014,39375.5100112783,779869.0416438375,38818.260748514476,768370.9372592195,38276.56396679609,757206.9544137709,37749.777536700865,746362.7379052987,37237.29419848271,735824.743263636,36738.53922685585,725580.1803133237,36252.96828096529,715616.9613860633,35780.06542263404,705923.6537420666,35319.341287719304,696489.435806552,34870.33139695235,687304.0568691912,34432.59459400545,678357.7999309726,34005.711599744376,669641.4474153947,33589.28367270731,661146.2494896242,33182.9313668141,652863.8947667504,32786.293378170805,644786.4831829172,32399.02547360273,636906.5008632798,32020.799494237108,629216.7968086979,31651.302428073508,621710.5612511248,31290.235546033036,614381.3055399897,30937.313596474356,607222.8434346984,30592.264053611987,600229.2736898977,30254.82641567503,593394.9638304596,29924.751549007706,586714.5350224321,29601.801074641,580182.847954548,29285.74679416123,573794.9896524078,28976.37015196962
0.803807615230461,1244180.3025006363,59981.569215432755,1215278.315677755,58702.78070171193,1187688.6161269774,57477.38071275469,1161323.8117573059,56302.094213498975,1136104.1018253514,55173.90867046541,1111956.4701735876,54090.048268277606,1088813.9792125283,53047.95110664469,1066615.1502690038,52045.24898345312,1045303.4182209353,51079.7494281409,1024826.6502320715,50149.419698458536,1005136.719965836,49252.37249477673,986189.1299575297,48386.853180661754,967942.6759077109,47551.22832762916,950359.1475660073,46743.97542671678,933403.0616354957,45963.673630532125,917041.4227686238,45208.9954073383,901243.5092671361,44478.69900404883,885980.6805574159,43771.62162811644,871226.20390282,43086.673269570005,856955.0981472235,42422.83109415988,843143.9925683999,41779.13434695197,829770.9991636436,41154.67971296443,816815.5968995943,40548.617087732746,804258.5266387643,39960.145716158775,792081.6956112221,39388.51066276539,780268.0904348904,38832.9995806392,768801.6978050817,38292.93974998368,757667.4320757766,37767.69536039617,746851.0690439413,37256.66501378403,736339.18532574,36759.27942730094,726119.1027813401,36274.99931785714,716178.8375045295,35803.31345167686,706507.0529456099,35343.736844072715,697093.0167820508,34895.80909611056,687926.5611919294,34459.092856173054,678998.0462210065,34033.17239561509,670298.3259659809,33617.65228876059,661818.7173245307,33212.156188430454,653550.9710876937,32816.325689031924,645487.2451722745,32429.819269990225,637620.0798107049,32052.311312975737,629942.3745333666,31683.49118698286,622447.3667940884,31323.062395857072,615128.6121035775,30970.741783353715,607979.9655481108,30626.258791248627,600995.5645820943,30289.35476641588,594169.8129932135,29959.78231314271,587497.3659479991,29637.30468727334,580973.11603382,29321.69522906357,574592.1802206968,29012.736831890965
0.8084168336673347,1242361.5107524411,59891.655990046354,1213650.0940354536,58621.40573319243,1186235.7633189328,57403.91824368993,1160032.5631668628,56235.97297354561,1134961.9688100468,55114.60625058139,1110952.1001755674,54037.086168135196,1087937.0336117167,53000.89036379849,1065856.1974285594,52003.68630669275,1044653.8395831204,51043.31376900162,1024278.5576592591,50117.76920451629,1004682.8827998304,49225.191796451894,985822.9105015622,48363.85097007307,967657.972228141,47532.135193796006,950150.342671912,46728.54191628289,933264.9782295339,45951.66850732611,916969.2828764237,45200.204087614555,901232.8981485935,44472.92214726577,886027.5143847401,43768.67386569095,871326.700759366,43086.38205626316,857105.7519601054,42425.035668656565,843341.5496382405,41783.68478984359,830012.4369979657,41161.43609176737,817098.1050933927,40557.44867980894,804579.4895777025,39970.93030147693,792438.6768004018,39401.133879374145,780658.8182799459,38847.354336537224,769224.0526929839,38308.925685783295,758119.4346206385,37785.218357799364,747330.8693787288,37275.63674543646,736845.0533343814,36779.61694406935,726649.4191776355,36296.6246699987,716732.0856746527,35826.15334074147,707081.8114801476,35367.72230270862,697687.9526315385,34920.87519323552,688540.4233869116,34485.178425230806,679629.6601038892,34060.21978386675,670946.5878874351,33645.60712576397,662482.5897620907,33240.9671720419,654229.4781484983,32845.944387426774,646179.4684457383,32460.199938342485,638325.1545403062,32083.41072356672,630659.4860797722,31715.26847162359,623175.7473645371,31355.478899613412,615867.5377248504,31003.760928655433,608728.7532625824,30659.8459515477,601753.5698482774,30323.47714863384,594936.4272739445,29994.408848214887,588272.0144709599,29672.40592815859,581755.255710489,29357.243255643283,575381.2977110731,29048.705162230708
0.8130260521042083,1240552.8281053444,59802.26008206861,1212029.8002696645,58540.44907182576,1184788.9071670761,57330.785486315304,1158745.5994846793,56170.10209264154,1133822.602059512,55055.48305557042,1109949.1480661407,53984.239479644966,1087060.3079575517,52953.88775214302,1065096.3997580004,51962.130319684344,1044002.4694297528,51006.83858529902,1023727.8317878207,50086.03765799995,1004225.6638885527,49197.89272491412,985452.6440254519,48340.69684807873,967368.6304736553,47512.86001512037,949936.3749691056,46712.89929603794,933121.2666184679,45939.429977885935,916891.1025347332,45191.15756586011,901215.882000175,44466.87055358358,886067.6213884207,43765.43387765781,871420.1874434706,43085.78298209497,857249.1468260246,42426.918427347824,843531.6301049726,41787.90098651955,830246.2086014943,41167.84717815162,817372.7826907595,40565.925190906935,804892.4803366243,39981.351160616185,792787.5647820506,39413.385764648614,781041.3504456698,38861.33110249409,769638.126185821,38324.52783488204,758563.0851899406,37802.35255677895,747802.2608314028,37294.21538225797,737342.467909528,36799.55772156944,727171.2487529548,36317.850232800534,717276.8237231544,35848.59093233356,707648.0457046109,35391.303449922874,698274.3582120129,34945.535415640166,689145.7567834511,34510.85696720578,680252.7533628022,34086.85936735298,671586.3434047188,33673.15372187693,663137.9754624777,33269.36978991687,654899.5230427725,32875.15487882162,646863.2585327202,32490.172816664468,639021.8290232456,32114.1029961163,631368.2338698561,31746.639483961102,623895.8038468612,31387.49019105584,616598.1817645766,31036.376098001343,609469.3044311061,30693.030532210232,602503.3858511302,30357.198492435153,595694.9015638471,30028.6360171617,589038.5740309685,29707.109593578247,582529.3589935402,29392.39560411366,576162.4327234657,29084.2798077862
0.8176352705410821,1238754.1637417683,59713.376588636325,1210417.3789283,58459.90744213656,1183348.0222729763,57257.98056856503,1157462.9208482963,56104.48090900669,1132686.0233962578,54996.53946709342,1108947.654063212,53931.50948350574,1086183.8580479464,52906.94532622491,1064335.826221492,51920.58374212084,1043349.3878185693,50970.327167353644,1023174.561986761,50054.22883756519,1003765.1603777765,49170.47947542291,985078.434129191,48317.39536395175,967074.7595575732,47493.40764022516,949717.357699364,46697.0526661768,932972.0435219023,45926.963352192135,916807.001206069,45181.86132527697,901192.5823923022,44460.549847419505,886101.1246981686,43761.90740162744,871506.7881703326,43084.881873334394,857385.4076367405,42428.485263682735,843714.3591843117,41791.7888788121,830472.4392102546,41173.91894589122,817639.7546869757,40574.05261237221,805197.6234461076,39991.41428994591,793128.483430417,39425.27230904025,781415.8099865502,38874.935853517,770044.040379499,38339.75214856532,758998.5048036671,37819.10387772318,748265.3632474528,37312.40680753802,737831.5476399908,36819.1076006504,727684.70877157,36338.68180009054,717813.1675344148,35870.63196935107,708205.8700790609,35414.48597436926,698852.3465243272,34969.79539494576,689742.6728966242,34536.13405436334,680867.4360077325,34113.096657071015,672217.7010097329,33700.297525279646,663784.9813920074,33297.3694261908,655561.2112085175,32903.96248236295,647538.7193443124,32519.74315841967,639710.2056486885,32144.39331793154,632068.71877892,31777.60934486681,624607.6356132145,31419.101324511703,617320.6421047426,31068.59227921622,610201.715460413,30725.817454731376,603245.1075386747,30390.523653273176,596445.3293701562,30062.468609782714,589797.1367135379,29741.420408153128,583295.516566772,29427.15693446727,576935.6745607333,29119.465364537216
0.8222444889779559,1236965.4278487372,59625.000666895285,1208812.7748250281,58379.77759416642,1181913.0829031426,57185.50161529052,1156184.5265730133,56039.10873411153,1131552.2534271127,54937.77582053218,1107947.65685302,53878.89739808231,1085307.737897253,52860.065065124305,1063574.543800826,51879.04920755668,1042694.6726701226,50933.78271074877,1022618.8353695776,50022.34642027948,1003301.4670696994,49142.95613627278,984700.3820062019,48293.95095586672,966776.4659444201,47473.78280354965,949493.401630614,46681.00701050887,932817.4231747068,45914.27382238154,916717.0958689877,45172.320730390085,901163.1184217684,44453.96553420472,886128.144988195,43758.10005635396,871586.6247241006,43083.68443788962,857514.6568824956,42429.741953548815,843889.8597240353,41795.354292042204,830691.2517290849,41179.657253505065,817899.1437853323,40581.83682171877,805495.0411857706,40001.12557356263,793461.554411139,39436.799392393244,781782.3177917073,38888.17445575473,770441.9152483336,38354.60447107194,759425.8124042331,37835.478135831654,748720.2944388138,37330.21680126662,738312.4091248356,36838.27232077029,728189.9145514414,36359.12506622241,718341.2310894268,35892.282097134426,708755.3972024777,35437.275469053304,699422.0287498538,34993.66066902092,690331.2814628544,34561.01516709303,681473.816310013,34138.937073996014,672840.7674948587,33727.043895957686,664423.7128557117,33324.97137860258,656214.6464597719,32932.37243256731,648205.9532040406,32548.91613417503,640390.3852536981,32174.286795121763,632761.0401646997,31808.183095677607,625311.3405517928,31450.317276400816,618035.0151760686,31100.414383807696,610926.0813377554,30758.21156584263,603978.8284703519,30423.457413354226,597187.8028415482,30095.911344110336,590547.7932747899,29775.343026180337,584053.8178129226,29461.53183778026,577701.1112521862,29154.26636091883
0.8268537074148297,1235186.5316082798,59537.12753322863,1207215.9330484958,58300.056303594436,1180484.0630128323,57113.346749090175,1154910.4151869211,55973.984854067385,1130421.3115867898,54879.1924068195,1106949.1936400947,53826.4043815771,1084431.9997908985,52813.24887488784,1062812.6175533773,51837.529266036785,1042038.3998279691,50897.20831910224,1022060.7368558155,49990.39398449373,1002834.6764851832,49115.32669172975,984318.5865057241,48270.367953872665,966473.8537120321,47453.99012833592,949264.6151184288,46664.76719943963,932657.5173876464,45901.36646570919,916621.501077659,45162.54102997808,901127.6067701096,44447.123003274646,886148.8005342778,43754.01734457783,871659.8165135627,43082.19626809769,857637.0147062802,42430.694158004844,844058.2522567965,41798.60293769246,830902.7667829929,41185.06784686805,818151.0704470291,40589.28358517749,805784.8536327251,40010.49078577475,793786.897228274,39447.97278636565,782140.9926305282,38901.05266885553,770831.8686893247,38369.09054188967,759845.1248994283,37851.48104334908,749167.1702255188,37347.65104230767,738785.1670137803,36857.0575221101,728686.9795034025,36379.18562813186,718861.1265038099,35913.54686546663,709296.7378496435,35459.67743327759,699983.5142862774,35017.136683873694,690911.6904746506,34585.50569574897,682072.0008360487,34164.3859508716,673455.6479857049,33753.39810744392,665054.2735291488,33352.18086018972,656859.9310175198,32960.389880971175,648865.0608779034,32577.696833207043,641062.4671524395,32203.788454162343,633445.2958957632,31838.3656997189,626007.0150944609,31481.14294671913,618741.3959848944,31131.847248411847,611642.4956570785,30790.217638920785,604704.6408425067,30456.004483011122,597922.4127929667,30128.968867749154,591290.633165645,29808.88203293956,584804.3508372478,29495.524837486882,578458.8295765775,29188.68725906516
0.8314629258517034,1233417.3871877398,59449.752462490185,1205626.7989708963,58220.74037183549,1179060.9362687962,57041.5140910963,1153640.5844645598,55909.1085309585,1129293.216179868,54820.789474199504,1105952.3001954851,53774.03153412359,1083556.694338206,52766.49859087767,1062050.1106681868,51796.02638663805,1041380.643116964,50860.60700674879,1021500.3492307338,49958.37501262352,1002364.8789241196,49087.59502487713,983933.1441933541,48246.65058277594,966167.0246118568,47434.03412952643,949031.104165766,46648.3379928649,932492.4356063098,45888.246247424846,916520.3290197863,45152.52735992062,901086.1617603807,44440.027530678126,886163.2072692862,43749.66465578985,871726.4806263479,43080.42284343796,857752.5989566655,42431.34742593963,844219.655051561,41801.54041600852,831107.1027671808,41190.15636175311,818395.652939793,40596.39856017735,806067.1787087992,40019.515593522694,794104.629270148,39458.798156788194,782491.951197165,38913.57614826494,771214.0165653313,38383.21599799241,760256.557204305,37867.11821174301,749606.1044763352,37364.71511051806,739249.9340466174,36875.468747635605,729176.0151694062,36398.868987342496,719372.9640649176,35934.431730524324,709830.0010071495,35481.6972745397,700536.9107825387,35040.228795497875,691484.0062145306,34609.61094244623,682662.0944802539,34189.44853395748,674062.4459730977,33779.3653485193,665676.7654894779,33379.00300094348,657497.1655398859,32988.01989774209,649516.1416037204,32606.09026507027,641726.5491647155,32232.903243422166,634121.5823792636,31868.162043792283,626694.7542437526,31511.583160488048,619439.8781394538,31162.89563620551,612351.0506446,30821.840375364365,605422.6355132974,30488.16950204514,598649.248729888,30161.645759184645,592025.7445554689,29842.04194596969,585547.2024905717,29529.14039062502,579208.9150845796,29222.73245602502
0.8360721442885772,1231657.907729999,59362.8707872432,1204045.3182559046,58141.82662611786,1177643.676070987,56970.00176172133,1152375.0314592614,55844.47900411847,1128167.98442125,54762.56722992141,1104957.010903326,53721.779899805304,1082681.870523458,52719.815980040425,1061287.0845202426,51754.542959926745,1040721.4743997297,50823.98170133615,1020937.7532031416,49926.292893842845,1001892.162523989,49059.76492037408,983544.1494098073,48222.80296493631,965856.0781275139,47413.91921657588,948792.9724810069,46631.72404298088,932322.2849683813,45874.91802356716,916413.6895729301,45142.284745965306,901038.8954123828,44432.68428190824,886171.4788372122,43745.047268919036,871786.7318816886,43078.36953317179,857861.5252392472,42431.70719665951,844374.1841637027,41804.17221853132,831304.3758957867,41194.92832630639,818633.0073852607,40603.18729776236,806342.1322265727,40028.20555873663,794414.8658540566,39469.281065962816,782835.3081539274,38925.750447465194,771588.4727471846,38396.986376021276,760660.2222820425,37882.39515382713,750037.2091484136,37381.41448881437,739706.8210916838,36893.51144510837,729657.1312598517,36418.180551922516,719876.852268058,35954.94205678164,710355.2939085482,35503.34031038443,701082.3241729579,35062.942271675136,692048.3332881475,34633.33612281409,683244.2004972191,34214.12998473574,674661.2633443226,33804.950724873204,666291.2892458122,33405.44284942508,658126.4491516323,33015.26747325199,650159.2931198056,32634.10136112936,642382.7276438454,32261.636034655556,634789.9945880575,31897.576939628863,627374.6515992559,31541.642669170345,620130.553875556,31193.5642382861,613051.8371838111,30853.084405938782,606132.9020270448,30519.957041037484,599368.3988720411,30193.946529062167,592753.2143551887,29874.827216316433,586282.4583918205,29562.38288905367,579951.4521207593,29256.40628495016
0.8406813627254508,1229908.00734364,59276.47789700487,1202471.436866029,58063.31191954124,1176232.2555732941,56898.80788136524,1151113.7525342307,55780.09549135323,1127045.6324751596,54704.52584186899,1103963.3588058043,53669.65046860245,1081807.575755276,52673.20274309841,1060523.5987230218,51713.081300334954,1040060.9636313615,50787.335246337636,1020373.0274614752,49894.15092669364,1001416.6133166689,49031.8400671293,983151.6943279591,48198.82912297886,965541.1115316678,47393.64969617988,948550.3215343539,46614.92989701244,932147.1703593186,45861.38654367767,916301.6903592793,45131.81810641647,900985.9174963923,44425.098314557166,886173.7266457534,43740.17035494671,871840.6828817837,43076.041598910415,857963.9069667417,42431.77880240619,844521.9534838055,41806.50373056212,831494.7002493716,41199.389163457265,818863.2478051537,40609.65524494523,806609.8279342458,40036.56614063335,794717.7202698481,39479.42697490234,783171.1761736007,38937.58102015804,771955.3491547655,38410.40711441074,761056.2311838149,37897.317285831654,750460.594325978,37397.75456518827,740155.937183406,36911.19096904743,730130.4356900199,36437.12563839371,720372.8978518562,35975.08311886779,710872.7220686781,35524.61177021143,701619.8587105544,35085.2822937339,692604.7746566432,34656.68636770782,683818.4205331315,34238.43538157647,675252.2004136471,33830.15926072486,666897.9437688759,33431.50537434395,658747.8794729807,33042.13751961384,650794.6116929884,32661.734976055337,643031.0975039144,32289.991624459642,635450.6260872097,31926.615125308912,628046.7993834016,31571.326152053534,620813.5140816852,31223.857675019895,613744.9448399158,30883.954292090537,606835.5286380331,30551.3716026308,600079.950176598,30225.87562143685,593473.1282398928,29907.24222975175,587010.2029500563,29595.256660642768,580686.523845063,29289.713016256675
0.8452905811623246,1228167.6010930534,59190.56923749717,1200905.101069395,57985.19313111652,1174826.6477033384,56827.93057108606,1149856.7433924135,55715.95719011311,1125926.1754927323,54646.66544012855,1102971.3756465854,53617.64417826991,1080933.8559143704,52626.66051666667,1059759.711179354,51671.64364845893,1039399.1789124354,50750.670403484946,1019806.2487281689,49861.95232161404,1000938.3152835537,49003.82406089364,982755.8690082172,48174.73298242502,965222.2199412703,47373.22977492377,948303.2506126344,46597.95999986283,931967.194466483,45847.65645343792,916184.4367989243,45121.132254748845,900927.335585438,44417.27458089779,886170.0599174931,43735.038979449186,871888.4440618096,43073.44419711379,858059.8554077785,42431.56747080769,844663.074785204,41808.54023356265,831678.1878211987,41203.54419326563,819086.4861662893,40615.80774700066,806870.3775593912,40044.602697954535,795013.3038224283,39489.241245513556,783499.6659807225,38949.07322239262,772314.7557970821,38423.483555461935,761444.6930876935,37911.889929422556,750876.368258085,37413.74063467262,740597.3895589483,36928.51258264319,730596.0346156446,36455.70947359427,720861.2058327816,35994.86010338005,711382.3893171817,35545.51679703953,702149.6169995908,35107.25395826653,693153.4316682498,34679.66672487982,684384.8546564699,34262.36972136464,675835.3559521395,33854.99590040681,667496.8265199799,33457.19546609945,659361.5526477775,33068.63487218286,651422.1921459947,32688.9958892876,643671.7522464026,32317.97473569844,636103.5690598987,31955.28126664932,628711.288466673,31600.638217601827,621488.8483235402,31253.78049735973,614430.4618837237,30914.45452723198,607530.6023337839,30582.417622782017,600783.9883608475,30257.43741499558,594185.5706709296,29939.29130796599,587730.5193860208,29627.76597043669,581414.2122538304,29322.656858760733
0.8498997995991984,1226436.6049884972,59105.14030990344,1199346.2574459957,57907.467165788024,1173426.8251813697,56757.367953234825,1148603.9991052013,55652.06327861572,1124809.6276482537,54588.98611849782,1101981.0919127588,53565.761916148214,1080060.7553997266,52580.190875298,1058995.4781306668,51630.23217328203,1038736.1865403706,50713.989855123065,1019237.4918123827,49829.70020338789,1000457.3504090396,48975.72040677343,982356.7614522906,48150.518374244995,964899.4963712263,47352.66356185366,948051.8568725658,46580.81869668688,931782.4578317709,45833.7322972315,916062.032161677,45110.231902147854,900863.2551061721,44409.21793039377,886160.5857397198,43729.658105071205,871930.1237386164,43070.582381522014,858149.4797344219,42431.07832726389,844797.6577703035,41810.2869074918,831854.9485623314,41207.39863520793,819302.8324244565,40621.65004969908,807123.8908516112,40052.320491147606,795301.7258732105,39498.729142724835,783820.8863918472,38960.23231463984,772666.8008113663,38436.22094736421,761825.7153366072,37926.11831367081,751284.6373954754,37429.377901259184,741031.2836939872,36945.481459624556,731054.03246764,36473.93719649652,721341.8795388617,36014.278110653104,711884.397831237,35566.06044922897,702671.700027357,35128.86227880558,693694.40408916,34702.28216061134,684943.601387991,34285.937921088334,676410.8272168043,33879.46550991127,668088.0334793355,33482.51793828647,659967.5633710171,33094.76429102268,652042.1278842106,32715.888806461906,644304.7839862151,32345.59001889398,636748.9143327401,31983.579958559094,629368.2083922504,31629.583404777204,622156.6448680242,31283.33718813277,615108.4753150122,30944.589537996846,608218.2088578105,30613.09947198667,601480.5979243675,30288.63622425133,594890.6249175187,29970.978709733234,588443.4897532066,29659.91502179153,582134.5982003429,29355.24196078874
0.8545090180360722,1224714.9359761346,59020.186670132316,1197794.852893443,57830.13095444002,1172032.7605383103,56687.11815205727,1147355.5141400276,55588.41291692236,1123696.0021741,54531.487935938174,1100992.536875357,53514.00452091099,1079188.3171732775,52533.79533345913,1058230.9542046743,51588.848974325396,1038072.0510592124,50677.296206490915,1018666.8296611416,49797.39761351884,999973.7987324372,48947.53252166822,981954.4576553972,48126.189037334596,964573.0317865316,47331.955070972646,947796.2353925313,46563.510235390495,931593.0589027962,45819.61852063396,915934.5776174801,45099.1216599794,900793.779388375,44400.93311214099,886145.4091129274,43724.03259393231,871965.8281581495,43067.46110552167,858232.887068467,42430.31639726902,844925.8101157147,41811.74883308145,832025.0904255927,41210.957610404024,819512.3945671908,40627.18730148332,807370.4756241326,40059.72468449137,795583.0938805452,39507.89583656024,784134.9443548247,38971.06346381521,773011.5905012275,38448.624446166556,762199.4034753919,37940.00757697332,751685.5064265471,37444.67147976976,741457.7233376373,36962.10268608103,731504.5319860108,36491.81385998095,721815.0206426077,36033.34215648617,712378.8481675318,35586.247702162815,703186.207195221,35150.11218746067,694227.7901336873,34724.53756130604,685494.75773003,34309.14481939024,676978.7099790539,33903.57287840076,668671.6591737282,33507.47752916649,660566.0049157443,33120.53046233798,652654.5109218414,32742.418360806078,644930.283477127,32372.842053585973,637386.7514005444,32011.515726364232,630017.647400105,31658.16618433067,622816.9907067025,31312.532163299264,615779.0708853677,30974.363685467593,608898.4327318695,30643.421456476066,602169.8621707085,30319.47630071099,595588.3730778858,30002.308632050826,589149.1949584648,29691.707957487262,582847.7614149229,29387.47241126315
0.8591182364729459,1223002.5119280464,58935.70392808784,1196250.834632235,57753.181453887584,1170644.4261329756,56617.17929426318,1146111.2823868894,55525.00524796909,1122585.311394433,54474.17091797227,1100005.7386285018,53462.37278425064,1078316.5828031246,52487.4753474403,1057466.1924615586,51547.49608372863,1037406.8353078837,50640.591987929736,1018094.3334089399,49765.047512531106,999487.7383983524,48919.26373663472,981549.0416569711,48101.74862091874,964242.9151529361,47311.10822366443,947536.479222911,46546.0387690588,931399.094082666,45805.319472832554,915802.1722854557,45087.80604219112,900719.0097131405,44392.424777242115,886124.6329980383,43718.16720996834,871995.6615416387,43064.0852244492,858310.1825265425,42429.28660867297,845047.6375162392,41812.93099405278,832188.7194084146,41214.22614378654,819715.2786554832,40632.42455558961,807610.2377943787,40066.82034816766,795857.5134391615,39516.74640416166,784441.9449871286,38981.57174525104,773349.2293738843,38460.69911770063,762565.8612869524,37953.56276892683,752079.0783124745,37459.62639768161,741876.8105465533,36978.381262240815,731947.6342529686,36509.34443256775,722280.7291931724,36052.057173829045,712865.8392934935,35606.08344988848,703693.236348964,35171.00853651677,694753.6864937333,34746.43773504609,686038.4191951327,34331.995178082965,677539.0985525332,33927.32271968367,669247.7967035634,33532.07890310464,661156.9691593506,33145.937999874404,653259.431907487,32768.589114503535,645548.3401366622,32399.735349660546,638017.1684505251,32039.09302710262,630659.692450562,31686.390960064396,623469.9715787417,31341.36977318312,616442.3331205291,31003.781266375434,609571.3572777271,30673.387819387674,602851.8632286026,30349.961834017202,596278.896099938,30033.285211253602,589847.7147821636,29723.148860815323,583553.7805245988,29419.35224076426
0.8637274549098195,1221299.251632231,58851.68774694691,1194714.1502105715,57676.61564685352,1169261.7941685142,56547.54950956527,1144871.297183843,55461.83939855525,1121477.5667576885,54417.035058029454,1099020.7241272272,53410.867452505045,1077445.5925053528,52441.23231720082,1056701.244438697,51506.17546826303,1036740.6004669564,50603.879657022124,1017520.072425863,49732.652782199555,998999.2457055947,48890.91729917989,981140.5955899078,48077.20068688422,963909.2334861751,47290.126851046996,947272.6794350153,46528.40835831514,931200.6577783957,45790.83940897828,915664.9132816298,45076.28946764734,900639.0453597772,44383.697481116425,886098.3583623838,43712.066621209815,872019.726130586,43060.45949783285,858381.4692640535,42427.99379388299,845163.2437277377,41813.838279275,832345.9395946099,41217.20916621448,819911.5888644485,40637.36677211457,807843.2814235338,40073.612460280936,796125.088318639,39525.28583176027,784741.991613249,38991.76214462001,773679.8201764997,38472.44993945628,762925.1908275603,37966.78885215611,752465.4543214913,37474.24759690905,742288.645718229,36994.32210420612,732383.4387252689,36526.53380010703,722739.1036477591,36070.42801442814,713345.4686177978,35625.572506720724,704192.8838084167,35191.55609999511,695272.1883675826,34767.98741311229,686574.6798340345,34354.49368362924,678092.0858203135,33950.719673655934,669816.5377693038,33556.32665197393,661740.5466092805,33170.991446286396,653856.9801491423,32794.405560026105,646159.042070415,32426.27434864887,638640.2523859668,32066.31625078971,631294.4292473386,31714.262070065644,624115.6719933435,31369.854303674892,617098.3453422344,31032.846514273548,610237.0646384428,30703.002741909506,603526.682072707,30380.096953064924,596962.2738014841,30063.912524103554,590539.1278979086,29754.241756642314,584252.7330723382,29450.885422568765
0.8683366733466933,1219605.0747826053,58768.13384244378,1193184.7475087391,57600.43054193178,1167884.8367080945,56478.22693118884,1143635.5513415174,55398.91448029034,1120372.778867913,54360.08031874092,1098037.5192240286,53359.48922822718,1076575.385184493,52395.06758815288,1055936.160193992,51464.88903127995,1036073.4061040028,50567.16160066392,1016944.1143642744,49700.21622771177,998508.3951546602,48862.496375485316,980729.1997284053,48052.54871204412,963572.071899816,47269.01469625833,947004.9251686671,46510.62297361327,930997.8424480063,45776.182492472246,915522.895765374,45064.57626239983,900553.9836514696,44374.75568574706,886066.684224483,43705.73540199937,872038.12223059,43056.588591575455,858446.8485180059,42426.44269200799,845272.7306089139,41814.475484868206,832496.8531951007,41219.91151653263,820101.4275229874,40642.018820029705,808069.7087551409,40080.10590882694,796385.9205009481,39533.51901659907,785035.185801188,39001.63955981118,774003.4639316489,38483.88180241137,763277.492461314,37979.69070409779,752844.7340623697,37488.53993554177,742693.3276235157,37009.93004564704,732812.0432658012,36543.386767428885,723190.2409023066,36088.459450433635,713817.8320201763,35644.71960880693,704685.2443964183,35211.75957517769,695783.3894880424,34789.19125146872,687103.6322630103,34376.64494858803,678637.7632614771,33973.76830770956,670377.9726973133,33580.22529652739,662316.8264281651,33195.69527447394,654447.2436386452,32819.87212143654,646762.4760958367,32452.463424996567,639256.088849373,32093.18972165593,631921.9422600793,31741.783787912955,624754.1752516858,31397.98997740808,617747.1896895947,31061.563600684247,610895.6357991946,30732.270344399272,604194.3985439,30409.885727093417,597638.5848900223,30094.194588855564,591223.511891837,29784.990612450278,584944.6955358706,29482.07587366556
0.8729458917835671,1217919.9019690165,58685.03798216212,1191662.5747430944,57524.62317353859,1166513.5256898813,56409.2096963539,1142404.037166683,55336.22959050204,1119270.9575149938,54303.306633186636,1097056.148704189,53308.23877170024,1075705.9984726831,52348.98245288619,1055170.988347848,51423.63861459661,1035405.310217565,50530.44013707162,1016366.5252041201,49667.74057976418,998015.2594938371,48834.00405256558,980314.9325344417,48027.79609033599,963231.5136517715,47247.77541667676,946733.3036784726,46492.68649746489,930790.7386463439,45761.35279718858,915376.2129846091,45052.67066189637,900463.919999734,44365.60376186758,886029.7076976578,43699.178035150115,872050.9482540484,43052.47708007961,858506.4196487396,42424.63795094704,845376.1981620506,41814.8473162522,832641.5605876324,41222.337943578605,820284.895152472,40646.385479145305,808289.620252757,40086.305493612395,796640.1102170799,39541.45076880773,785321.6273980782,39011.20880275993,774320.2599719401,38494.99951281688,763622.8648937853,37992.27311874113,753217.0155171112,37502.50818954174,743090.9534383853,37025.209839455194,733233.5441744464,36559.90805995451,723634.2363214676,36106.1561759691,714283.023880545,35663.529415656005,705170.4114671205,35231.62358409649,696287.3821499468,34810.05383221339,687625.3676906052,34398.45351302755,679176.220977104,33996.47311810908,670932.1904651272,33603.779287738995,662885.8964583965,33220.05388888931,655030.3090755821,32844.993155661905,647358.7277654967,32478.306887304843,639864.7622451083,32119.71769935645,632542.3147463959,31768.960323855787,625385.5634683878,31425.780954909354,618388.947140001,31089.936636220995,611547.1506076508,30761.194687478986,604855.0913691358,30439.332166754324,598307.9069820977,30124.135366299928,591900.9432814968,29815.399339354535,585629.7433461044,29512.92745574957
0.8775551102204409,1216243.6546672608,58602.39598483416,1190147.5804696537,57449.190601851544,1165147.8329413212,56340.49594673038,1141176.74648491,55273.78381310568,1118172.1117038142,54246.713906095785,1096076.6363199186,53257.11670239973,1074837.4687675685,52302.97815283489,1054405.7761238404,51382.42600032117,1034736.3692797959,50493.71751772697,1015787.3692968941,49635.22849659454,997519.9097639719,48805.44334036214,979897.8707029303,48002.94613495606,962887.6401895079,47226.412586077495,946457.9003788227,46474.60272660451,930579.4350696615,45746.35430963566,915224.9563198028,45040.57681312899,900368.9479477066,44356.245991089454,885987.5240325127,43692.39891404638,872058.3007617575,43048.129448317086,858560.2801806022,42422.58412942333,845473.7445727187,41814.958390142514,832780.1603555004,41224.49310813872,820462.0905044763,40650.47144202458,808503.1146366867,40092.21592812653,796887.7559827906,39549.08581323102,785601.4145649461,39020.4746012332,774630.3059738154,38505.80779393878,763961.4052048716,38004.54080832671,753582.3950728726,37516.1570543994,743481.6187749512,37040.16615935784,733648.036218218,36576.102325269196,724071.1837678978,36123.52280866403,714741.1371074631,35682.00651163147,705648.4769336451,35251.15267498803,696784.2572370392,34830.57966499525,688139.9759437678,34419.92384590581,679707.5477156786,34018.83853133674,671479.278726158,33626.99300811441,663447.8432461594,33244.07162681417,655606.2618906677,32869.772953738226,647947.8813898335,32503.808979543683,640466.3557615405,32145.90438015397,633155.6287734286,31795.79582596783,626009.9175925074,31453.231335723445,619023.69752958,31117.969671685605,612191.6877939018,30789.779773105438,605508.8381808735,30468.440225156435,598970.3166222435,30153.738760782016,592571.4975343208,29845.471793099223,586307.9509051497,29543.44397619405
0.8821643286573146,1214576.2552291306,58520.20371964793,1188639.713587323,57374.12991273818,1163787.7301927728,56272.08382886848,1139953.670662356,55211.5762194381,1117076.2496823857,54190.302015002875,1095099.0048233606,53206.12360040517,1073969.8312689904,52257.05587988989,1053640.5693881267,51341.252912620024,1034066.6382778134,50456.99592926164,1015206.7094083072,49602.68256595313,997022.4153419507,48776.81717377575,979478.089205603,47978.00208043157,962540.5311940021,47204.92969672815,946178.7988876627,46456.375374093695,930364.018598999,45731.19093105793,915069.215326799,45028.298776723896,900269.1592122946,44346.686567972756,885940.226658316,43685.4023446892,872060.2745034546,43043.55009384413,858608.5258415962,42420.28569896595,845565.4662484983,41814.81323649553,832912.7493253199,41226.3815848545,820633.1105975871,40654.28131585018,808710.2889198302,40097.841841366535,797128.9546334876,39556.42879121256,785874.6438106487,39029.44160057099,774933.6979905493,38516.311287757715,764293.208880876,38016.4984050046,753940.9675531491,37529.491146750435,743865.4177117755,37054.803601494175,734055.6126607168,36591.97413465857,724501.1756308782,36140.56389115091,715192.2631659511,35700.1554074103,706119.5312951193,35270.35132371478,697274.1042482511,34850.773188399115,688647.5454933981,34441.06034641988,680231.8308979324,34040.86890540705,672019.3238338558,33649.87077297206,664002.7520649323,33267.752759608135,656175.1862686105,32894.21574202756,648530.0200594071,32528.973882238308,641060.9513927037,32171.753898075516,633761.9652389386,31822.294381275013,626627.3174280836,31480.345159513305,619651.5195732072,31145.666699141566,612829.3249899639,30818.0295456175,606155.715536088,30497.213798887704,599625.889301521,30183.00862120011,593235.2490857082,29875.211775031486,586979.3916039588,29573.629189001884
0.8867735470941884,1212917.6268724843,58438.45710556157,1187138.9233407797,57299.43821767383,1162433.189090511,56203.97149460448,1138734.80062672,55149.605869056206,1115983.3789689874,54134.07081136063,1094123.275998496,53155.26000776258,1073103.1200145024,52211.2167779573,1052875.41268764,51300.12101942823,1033396.1707538116,50420.27749528332,1014624.6067597044,49570.10530701421,996522.8439829277,48748.12841463846,979055.6613336512,47952.96708463324,962190.2646224801,47183.33016142436,945896.0810690739,46438.00807136649,930144.5743424015,45715.86647947966,914909.0777785142,45015.840528974644,900164.6437252335,44336.92960204135,885887.9072233193,43678.19254768746,872056.9624573269,43038.74332876414,858651.2506020308,42417.74704584021,845651.457856734,41814.416300403915,833039.422603866,41228.007864081075,820798.0507533137,40657.819624243835,808911.2384426597,40103.187779617525,797363.8013582802,39563.48426233454,786141.4100250034,39038.114365385765,775230.5304844717,38526.514556627764,764618.3698458403,38028.15046245261,754292.826248233,37542.51500595424,744242.4428234759,37069.1266859542,734456.3652909049,36607.527984608794,724924.3028542838,36157.2838925274,715636.4921046764,35717.98054140769,706583.6636631031,35289.223935153575,697757.0113233958,34870.63877129857,689148.1634793277,34461.86734532446,680749.1566411363,34062.56853115189,672552.4108653354,33672.41683169545,664550.7069384734,33291.10149392948,656737.1651704801,32918.325683407784,649105.2256666692,32553.805713629183,641648.6299594918,32197.270326043574,634361.403891944,31848.460016858702,627237.8416542381,31507.12640713618,620272.4908840919,31173.03165296383,613460.1387488651,30845.94789276058,606795.7989348766,30525.65672901519,600274.6994756608,30211.948741981447,593892.2713567206,29904.623033054606,587644.1378395928,29603.486795736546
0.891382765531062,1211267.693671359,58357.15211062612,1185645.1593230295,57225.11265365046,1161084.1812091323,56136.15710144406,1137520.1268873895,55087.87181050276,1114893.506378359,54078.020121612295,1093149.470691996,53104.52642980046,1072237.3679137628,52165.46194446639,1052110.349287109,51259.03193410644,1032725.0188439753,50383.56427814607,1014041.1210682774,49537.49917223066,996021.2618613506,48719.37985362834,978630.6587391773,47927.8442307299,961836.9167499808,47161.617315468415,945609.8270746982,46419.504370218245,929921.185676011,45700.38469169324,914744.6297055411,45003.20596382082,900055.4896730751,44326.97911974463,885830.6556340401,43670.773660197134,872048.4558685211,43033.71338163968,858688.5467122048,42414.97247292896,845731.8123613583,41813.77194394424,833160.2736140114,41229.37635369897,820957.0046311292,40661.09080904105,809106.0569073613,40108.258208189065,797592.3897332195,39570.25670611528,786401.8065111365,39046.49738122075,775520.8963584377,38536.42208489556,764936.9804921483,38039.50145745648,754638.0629449704,37555.23309563524,744612.7852096532,37083.13985828189,734850.3844512309,36622.768298272,725340.6549639236,36173.687209784846,716073.91258253,35735.48628116956,707040.9617874271,35307.77484455279,698233.0652682876,34890.180714178714,689641.9157347488,34482.34910622086,681259.6097828586,34083.941633476716,673078.6236444882,33694.635368957745,665091.790663307,33314.1219729287,657292.280355589,32942.10687843642,649673.5789272615,32578.308530806684,642229.4711303954,32222.457676982616,634954.0233529167,31874.296700934898,627841.5678448477,31533.57900169649,620886.6879929445,31200.06841086613,614084.2045633273,30873.538646689107,607429.1628386715,30553.772802063548,600916.8205828243,30240.562864037587,594542.6367714064,29933.709262560897,588302.2610321245,29633.020446433267
0.8959919839679358,1209626.3805461149,58276.28475131555,1184158.3714776486,57151.150383076136,1159740.6780633794,56068.638812923266,1136309.6395548175,55026.37308203965,1113806.6380469718,54022.149748223695,1092177.6088430486,53053.923336399996,1071372.606781829,52119.7924318274,1051345.42120494,51217.987217044734,1032053.2333162293,50346.858280665794,1013456.3105860977,49504.866549132545,995517.7336108111,48690.57421212766,978203.151475482,47902.63652908689,961480.5622097728,47139.794418591686,945320.1153840435,46400.867744739124,929693.9342840632,45684.74922519282,914575.9554356817,44990.398894773054,899941.7835361405,44316.839066367065,885768.5600935415,43663.14973780944,872034.8442866785,43028.46439935474,858720.5047391468,42411.9662015653,845806.6210588003,41812.884447977485,833275.3941297824,41230.49138088047,821110.0642626612,40664.09923202167,809294.8364111516,40113.0575131087,797814.8117537453,39576.75052366538,786655.9250170672,39054.595056168124,775804.8869865567,38546.03828048043,765249.1317104178,38050.55579145206,754976.7679558308,37567.64980518766,744976.5345231593,37096.84749094293,735237.7590651102,36637.69942689757,725750.3200942583,36189.77816920368,716504.6118946036,35752.67692473275,707491.5120814503,35326.00831885819,698702.3515793047,34909.4032504285,690128.8868101008,34502.50982681675,681763.2739042005,34104.99237258857,673598.0447645857,33716.53050591874,665626.0848307168,33336.81827741561,657840.6124028973,32965.56336648837,650235.1594008543,32602.486330820724,642803.5534417899,32247.319904901236,635539.9011335403,31899.808343909874,628438.5724877933,31559.706809575582,621494.1863667337,31226.780794905797,614701.596884048,30900.805584947233,608055.8806880643,30581.56575097238,601552.3250609857,30268.854675699098,595186.4167737582,29962.474107344537,588953.8316411864,29662.233740490698
0.9006012024048096,1207993.6132536333,58195.851091865115,1182678.5101007395,57077.54859366659,1158402.6511194247,56001.41479894886,1135103.3283591587,54965.10871235112,1112722.779457423,53966.45947067796,1091207.7095122114,53003.45116322206,1070508.8673714085,52074.20924884226,1050580.669248006,51176.98837721653,1031380.8636068699,50310.1614477838,1012870.232138025,49472.20976207264,995012.3223627692,48661.71414402729,977773.2080362323,47877.346919110554,961121.2740326702,47117.86465682343,945027.0228437039,46382.10159319448,929462.9001978242,45668.96366005568,914403.1376324502,44977.42305678698,899823.6101264695,44306.51330788748,885701.7071387378,43655.32475639005,872016.2156025277,43023.000448929284,858747.2136024453,42408.73237331904,845875.9736130171,41811.75801390469,833384.8743105672,41231.357193812146,821257.3200850587,40666.849176597745,809477.6674788021,40117.59000277446,798031.1578663695,39582.970039303786,786903.8557665517,39062.411722448574,776082.5922442108,38555.36747641728,765554.9129187027,38061.31779203162,755309.030147312,37579.76945124537,745333.7789977194,37110.2538847585,735618.5766637874,36652.32565123048,726153.3850145208,36205.56102771703,716928.67599759,35769.55670195454,707935.3996467603,35343.92855800904,699164.9544674107,34928.31054760423,690609.1599964353,34522.35364015789,682260.2313525233,34125.72484519686,674110.7556103922,33738.106301395615,666153.6698482656,33359.19442700075,658382.2407319603,32988.69912686908,650790.0455115363,32626.343051766165,643370.9543177933,32271.860905950867,636119.1136560516,31924.998799412886,629028.9310038022,31585.513641439436,622095.0604270492,31253.172572467156,615312.3891375994,30927.752431428653,608676.0249202575,30609.039256033244,602181.2843649542,30296.827813630545,595823.6818443171,29990.921160495127,589598.9191821723,29691.130227543737
0.9052104208416833,1206369.3183775586,58115.84724361736,1181205.5258426012,57004.30449832866,1157070.071805621,55934.483236118496,1133901.1826681918,54904.07772121708,1111641.9354619756,53910.949046433074,1090239.7909093096,52953.11031289197,1069646.179404091,52028.71336206896,1049816.1330453758,51136.03687368339,1030707.957856109,50273.475668179395,1012282.9411585166,49439.531073919716,994505.0897841777,48632.802237478514,977340.8953935412,47851.97827103984,960759.123685274,47095.83114430725,944730.6247055314,46363.209239853335,929228.1618335001,45653.031500772624,914226.2573325721,44964.282108086925,899701.0526247966,44296.00563278937,885630.1816767534,43647.30261387031,871992.6560835604,43017.32551928712,858768.7606091885,42405.27505173761,845939.9580896634,41810.39676537816,833488.8027344883,41231.97796337446,821398.8609735604,40669.3448494601,809654.6390943921,40121.85990956691,798241.5169996085,39588.91950213495,787145.6874892074,39069.95163795292,776354.1005373757,38564.413932362586,765854.4120910261,38071.79171441438,755634.9369676949,37591.59627911717,745684.6054749304,37123.363270305774,735992.9234125942,36666.6511828775,726549.9351542528,36221.03997424297,717346.189534617,35786.12977581181,708372.708297327,35361.53969620493,699620.9568816469,34946.90670866472,691082.8173482682,34541.88461583236,682750.5632636835,34146.14308568746,674616.8363798003,33759.36675300771,666674.6249608514,33381.25438121172,658917.2436234219,33011.518079903086,651338.3145677713,32649.882573844672,643931.7500896985,32296.08451946161,636691.7362721709,31949.8718653068,629612.7177648927,31611.003253224724,622689.3835680754,31279.247457223835,615916.6537439504,30954.382857315974,609289.6669861503,30636.196945806787,602803.7689830363,30324.485863726,596454.5015164315,30019.05396527239,590237.5922421041,29719.7134083181
0.9098196392785571,1204753.423318602,58036.269364376356,1179739.3697091446,56931.41533503696,1155742.91152275,55867.84230802215,1132703.19150456,54843.27912015868,1110564.1103052888,53855.618211844645,1089273.8704204257,52902.90115614404,1068784.5716006015,51983.3056971419,1049051.8510810202,51095.13411705284,1030034.5629425735,50236.802775833654,1011694.4917273778,49406.83268770204,993996.0961140504,48603.841016594284,976906.2790349988,47826.53338768752,960394.1811071776,47073.696925067095,944430.9946637836,46344.19393676702,928989.7960291482,45636.956178029126,914045.3939825149,44950.979631941314,899574.1926165787,44285.31975382377,885554.0670203652,43639.0871319923,871964.2504088178,43011.443522978705,858785.2314880462,42401.59822404319,845998.6609894279,41808.80474997015,833587.2664309755,41232.357784780004,821534.7742732812,40671.59038218441,809825.8387323046,40125.8713914223,798445.9765941943,39594.60308758804,787381.5074499345,39077.2189877472,776619.4988312646,38573.18183606512,766147.7157852558,38081.981742882715,755954.5744741702,37603.13446418892,746029.0994306478,37136.17980928619,736360.8841366161,36680.68016564194,726940.0546282701,36236.219130986676,717757.2358595317,35802.40024367093,708803.5205831232,35378.84580314402,700070.440532111,34965.195773178755,691549.9397059357,34561.10676114798,683234.3495837828,34166.25106727084,675116.3661049993,33780.31579829619,667189.0282713092,33403.00204058505,659445.6982390735,33034.024087999074,651880.042781928,32673.108720403496,644486.0160149961,32319.994528955576,637257.8432816302,31974.431284676797,630190.0061124286,31636.179347103727,623277.2281741903,31305.009110080555,616514.462133623,30980.70048200006,609896.8773670678,30663.042398020327,603419.8484533548,30351.832361985664,597078.9443921752,30046.876015962403,590869.9184951686,29747.98673546682
0.9144288577154309,1203145.8562848985,57957.1136577697,1178279.9930630529,56858.878366703495,1154421.1416537915,55801.49020552515,1131509.3435623506,54782.71191305656,1109489.3076463507,53800.46668305465,1088309.964634005,52852.82403292691,1067924.0717101065,51937.98714004921,1048287.8607255267,51054.28147089072,1029360.7245167851,50200.14455154581,1011104.9366044847,49374.11674820223,993485.4001989999,48574.83294310138,976469.4229996761,47801.015006131915,960026.5147471626,47051.46497472408,944128.204891286,46325.05886549919,928747.8780806228,45620.741050438446,913860.6254740688,44937.519138390875,899443.1101271064,44274.459309726124,885473.4449225507,43630.68205800875,871931.0817028099,43005.35829785987,858796.7104225088,42397.70580278689,846052.1672805614,41806.985940800005,833680.3509125508,41232.50067917122,821665.1458302436,40673.58983279822,809991.352387495,40129.628533367526,798644.622632573,39600.02489891937,787611.4014776548,39084.21788554182,776878.8726783135,38581.67530480179,766434.9091703466,38091.89199218486,756268.0273593469,37614.38811329303,746367.34500078,37148.707595862135,736722.5423457873,36694.416676828114,727323.8262610756,36251.10255471283,718161.8970606484,35818.372138528895,709227.9178132276,35395.85088523366,700513.4859124336,34983.181718505715,692010.6067174628,34580.02402228372,683711.669090451,34186.05270310503,675609.4226731854,33800.957315819156,667696.9567605747,33424.44124773444,659967.680641484,33056.22095669173,652415.305289396,32696.02525895191,645033.8262959919,32343.594663138614,637817.5079503143,31998.680746798094,630760.8683747959,31661.045572428695,623858.6656371931,31330.46114009493,617105.8847644879,31006.70887397996,610497.7255911418,30689.579140446644,604029.5913798267,30378.870795374118,597697.0781579418,30074.390758716003,591495.964717934,29775.953614389364
0.9190380761523045,1201546.5462824327,57878.37637261879,1176827.347624713,56786.690881041424,1153104.7335732274,55735.42512703414,1130319.6272230456,54722.375096743424,1108417.5305796622,53745.494156847715,1087348.089366115,52802.879253471576,1067064.7065386088,51892.75853836908,1047524.198266865,51013.48025308966,1028686.4870336659,50163.502724404025,1010514.3272635192,49341.38534350531,992973.0595277841,48545.78041794517,976030.3899131494,47775.425799361125,959656.1915984212,47029.13820216608,943822.326074634,46305.80713880882,928502.4817765782,45604.38940622857,913672.028179018,44923.904065931594,899307.8836557235,44263.42786688843,885388.3956101723,43622.09106633952,871893.2315685968,42999.07360872826,858803.2800833164,42393.60162746171,846100.5604306131,41804.94423812077,833768.1402058519,41232.41059517904,821790.0600216703,40675.34718730981,810151.2646050457,40133.13534901834,798837.5396677217,39605.188968678944,787835.4539933897,39090.95237512625,777132.3062455248,38589.89838678005,766716.0760529612,38101.526508904964,756575.3789771633,37625.36126604644,746699.4250065039,37160.95065796313,737077.9802594257,36707.864728516004,727701.3316107314,36265.69423798946,718560.253983975,35834.04943022687,709645.980078424,35412.55888677406,700950.1723217665,35000.86846095012,692464.8968599618,34598.64028541571,684182.5994136696,34205.55184739381,676096.0828468337,33821.29512622293,668198.4863074154,33445.57578839561,660483.2658132125,33078.11243566111,652944.1761672974,32718.635902155696,645575.2540980352,32366.88859687067,638370.8025280191,32022.623888082886,631325.3758847093,31685.60552665615,624433.7663731752,31355.607105379746,617690.9911382156,31032.41155174389,611092.2802493526,30715.810651764245,604633.0654478138,30405.604602660515,598308.9695997123,30101.601592369556,592115.7968042552,29803.61740403364
0.9236472945891783,1199955.423105525,57800.0538023168,1175381.3854729196,56714.85019042283,1151793.6586559063,55669.64527874626,1129134.0305708633,54662.26766157147,1107348.7816556848,53690.70031147611,1086388.259684881,52753.06709932299,1066206.5019764593,51847.6207024661,1046760.8989402212,50972.73173719512,1028011.8937840904,50126.878973211875,1009922.7139247366,49308.64050650151,992459.1302648869,48516.68578284835,975589.241021561,47749.76837787114,959283.2772328319,47006.71945117119,943513.4274484655,46286.44180228761,928253.679432568,45587.90446488407,913479.6769829168,44910.137783153106,899168.5902091798,44252.228920988135,885298.9978168188,43613.317760185455,871850.780120053,42992.59314891813,858805.0216600953,42389.28946607501,846143.9224374056,41802.683470866876,833850.7168819176,41232.09141044338,821909.5997855639,40676.86636120021,810305.6585090291,40136.3957820415,799024.8108512921,39610.09926014219,788053.7480376873,39097.42643176975,777379.8823411876,38597.85506250745,766991.2989034898,38110.88927280148,756876.7113682188,37636.05789615786,747025.4209789194,37172.912958562156,737427.2788302264,36721.02826880716,728072.6509922053,36279.99811040373,718952.3862559319,35849.43602663628,710057.7862733068,35428.97369111551,701380.5778862969,35018.25985689059,692912.8874605687,34616.95937781864,684647.2170561515,34224.75229646116,676576.4222835349,33841.33299329008,668693.6917077469,33466.40939244878,660992.5276756188,33099.70221973023,653466.728452807,32740.9443088105,646110.371567365,32389.879952115625,638917.7982658403,32046.264293007367,631883.5989961615,31709.862756251747,625002.5998390431,31380.450513986365,618269.8498163854,31057.81198463172,611680.6090112429,30741.74036239972,605230.3374394517,30432.03717524144,598914.6846180154,30128.511869248843,592729.479779874,29830.981417681567
0.928256513026052,1198372.4173273942,57722.14228421506,1173942.0590453746,56643.35363173143,1150487.8882854853,55604.148874883074,1127952.5414075176,54602.38859195631,1106283.062900588,53636.08480745455,1085430.4899341369,52703.387824337144,1065349.4830250163,51802.57440664933,1045997.9969569461,50932.03715369058,1027336.9869255221,50090.27492787229,1009330.1455868101,49275.88421634526,991943.6672831697,48487.551321825405,975146.0362247552,47724.04529121938,958907.83583432,46984.2115019868,943201.5768288318,46266.965835953415,928001.541924254,45571.28937874447,913283.6453180094,44896.22359033452,899025.3053341459,44240.865898574964,885205.3288148309,43604.36567310132,871803.8060133388,42985.920541855274,858802.0148922269,42384.77301668198,846182.333859262,41800.20739816349,833928.162085749,41231.54693309664,822023.846649587,40678.15120087909,810454.6158306979,40139.41370758218,799206.5179611064,39614.759668707906,788266.3652974257,39103.643963589304,777621.6824409893,38605.54924612941,767260.6588814821,38119.98419811457,757172.1052845343,37646.48191270504,747345.4131831528,37184.598396923066,737770.5177677231,36733.91118304238,728437.8635002052,36294.01803975045,719338.3723055727,35864.53577481881,710463.4141179102,35445.099121790205,701804.7795802953,35035.359703884,693354.6547169313,34634.985068942864,685105.5974132835,34243.65778980205,677050.5155554124,33861.07462496466,669182.6466935388,33486.945734918976,661495.539107274,33120.99394984102,653983.0341610863,32762.954084794277,646639.2498485838,32412.57229887082,639458.565433203,32069.605495019012,632435.607101018,31733.8207575759,625565.2345486965,31404.99482476937,618842.5284362646,31082.913593679456,612262.778640307,30767.37165535246,605821.4732486639,30458.17185794649,599514.2882425792,30155.124895956185,593337.077816722,29858.0489237182
0.9328657314629258,1196797.4602907866,57644.638199017056,1172509.3211389864,56572.198566210194,1149187.393862466,55538.93413790888,1126775.147266413,54542.736866897656,1105220.375835316,53581.647288326094,1084474.7937563064,52653.84165564415,1064493.6738224835,51757.62039029328,1045235.5255326362,50891.39769124296,1026661.8075117614,50053.69217072997,1008736.6700577679,49243.11839987155,991426.724195615,48458.379262653885,974700.834108515,47698.25902953479,958529.9302313249,46961.61707286526,942886.8406456934,46247.38215580049,927746.1387197616,45554.547234560145,913084.0051953068,44882.16472099836,898878.1031489079,44229.342158616826,885107.464446531,43595.238270528665,871752.3864776007,42979.05934257261,858794.3380989671,42380.055908880975,846215.8738445118,41797.51971079899,834000.5555651736,41230.78090321108,822132.880759266,40679.20548510569,810598.216936019,40142.19293365715,799382.7414280184,39619.17402326309,788473.3861320002,39109.608812885584,777857.7867135378,38612.98478673592,767524.2358605067,38128.81513484355,757461.640213763,37656.63716138299,747659.4806419297,37196.010809819614,738107.7755612336,36746.51729499213,728797.0470315152,36307.757833194184,719718.2893863271,35879.35246216051,710862.940178867,35460.938943618894,702222.8532467136,35052.17174174544,693790.2737172598,34652.7210714683,685557.8147926476,34262.272011110756,677518.4361681287,33880.523674355594,669665.4239513226,33507.18843695507,661992.371961989,33141.99121400972,654493.1643028458,32784.66878399961,647161.959101767,32434.969156077033,639993.1733345349,32092.650977424822,632981.4686452729,31757.482977751082,626121.7380888785,31429.24344823344,619409.0937262616,31107.71975244612,612838.8550090663,30792.707867002388,606406.5378958717,30484.011949827385,600107.8446466876,30181.443934141447,593938.6542469348,29884.82314638526
0.9374749498997996,1195230.484098685,57567.537970180594,1171083.1249099805,56501.38237930461,1147892.146811843,55473.99929873527,1125601.835426303,54483.31146047826,1104160.7214940041,53527.38738140013,1083521.1841145537,52604.42879457917,1063639.0976689507,51712.759358922965,1044473.5169143805,50850.814497910025,1025986.3955218343,50017.13223787408,1008142.3339850645,49210.344932971566,990908.3533861996,48429.17177830409,974253.6919759245,47672.41202498617,958149.6219284083,46938.938821557975,942569.2839745654,46227.69361530857,927487.5379112,45537.6810550073,912880.827235852,44867.96434342426,898727.0563742722,44217.66099400627,885005.479154684,43585.938951289936,871696.5973449221,42972.01303918825,858782.0682088411,42375.14170527199,846244.6201602889,41794.624032661406,834067.9756990254,41229.79699421142,822236.7809055338,40680.032926375876,810736.5408525703,40144.73720251524,799553.5603621574,39623.346087515805,788674.8895989172,39115.32475744782,778088.2740453042,38620.16546963815,767782.1084524551,38137.38586999507,757745.3944028611,37666.52742572372,747967.7011586247,37207.15397272714,738439.1295023041,36758.85036802025,729150.2783068442,36321.221238405335,720092.2135972686,35893.889817480806,711256.4398901156,35476.496863793465,702634.8736173421,35068.69965360468,694219.8184599509,34670.17104233524,686003.9424331277,34280.598589286805,677980.2565794914,33899.68374071823,670142.0951403135,33527.141066787684,662483.0970864645,33162.697548261865,654997.1889015398,32806.09190924631,647678.5685192216,32457.073992509282,640521.6903255986,32115.40417426102,633521.2511449687,31780.852815510803,626672.177134697,31453.199747362414,619969.6115210685,31132.233787823563,613408.9031138389,30817.752287900934,606985.5955424049,30509.560704930755,600695.4171612452,30207.47220125723,594534.2715765833,29911.307266519198
0.9420841683366734,1193671.4216050908,57490.83806332796,1169663.4238738345,56430.90248050178,1146602.1185903794,55409.34259691164,1124432.5929244263,54424.1113423417,1103104.1004417625,53473.30469846347,1082569.673314218,52555.14941758205,1062785.777050667,51667.99198526474,1043712.0024071999,50810.288682310755,1025310.7898880492,49980.59662040219,1007547.1828848013,49177.56564192833,990388.6060399123,48399.930988328386,973804.6658778888,47646.50665320989,957766.9711370239,46916.17934676883,942248.9705673403,46207.90300691141,927225.8062453767,45520.6938001632,912674.1807011941,44853.62556212353,898572.236363697,44205.82563302827,884899.4460122059,43576.471049044965,871636.5130795466,42964.785054346394,858765.2807883301,42370.033902879244,846268.6492206494,41791.523922139895,834130.4995246625,41228.59881425315,822335.6245516345,40680.63717227594,810869.665295816,40147.05019196544,799719.0525785729,39627.2795612969,788870.9534788053,39120.795511828466,778313.2220650084,38627.09501761561,768034.3540313035,38145.70012880279,758023.4448812369,37676.156428288465,748270.1513398073,37218.031600987364,738764.6557066621,36770.91410622169,729497.6328922006,36334.4119446712,720460.2199039259,35908.15151211725,711643.9875731604,35491.776532935684,703040.9143325365,35084.947066939545,694643.3618727954,34687.338583753015,686444.0525236133,34298.64109941936,678436.0482176687,33918.55837041517,670612.7309101521,33546.80714066696,662967.7843375753,33183.11643754745,655495.1770102084,32827.2269131747,648189.146341895,32478.89022764889,641044.183829487,32137.868471144382,634055.0212017911,31803.933622031065,627216.6174648327,31476.86703843121,620524.1467764904,31156.458980829502,613972.987089209,30842.50816354577,607558.7095046222,30534.821333055057,601277.0682885584,30233.212871298518,595123.9914991277,29937.504422274218
0.946693386773547,1192120.2064058925,57414.53498566389,1168250.1719050538,56360.75630316581,1145317.2806935336,55344.96228080309,1123267.4065691489,54365.13547814997,1102050.5127918553,53419.398836465756,1081620.273023569,52506.00367706683,1061933.7336635755,51623.318910263486,1042951.0123997104,50769.821314760135,1024635.0285232518,49944.08676564698,1006951.2611701373,49144.782304714216,989867.5321719601,48370.65896021154,973353.810642835,47620.545234698315,957382.036805479,46893.34118956832,941925.9628823136,46188.01306342649,926961.0091537292,45503.58836894269,912464.1335230996,44839.15141927552,898413.7131326807,44193.839240790854,884789.4367511472,43566.837833710815,871572.2068063943,42957.37874662289,858744.0500698735,42364.73593453875,846288.0361140219,41788.22287349233,834188.2027648413,41227.189907568034,822429.4878594,40681.021806804405,810997.6666947814,40149.135516673865,799879.2946222976,39630.97808183127,789061.6542998657,39126.02472858823,778532.7071674567,38633.77709213486,768281.0487563474,38153.76157591938,758295.8674833869,37685.52783183299,748566.9066172919,37228.64735094724,739084.4291356922,36782.71215553497,729839.1852198079,36347.33358398244,720822.382158649,35922.1411609864,712025.6564569034,35506.781546132974,703441.0479605272,35100.91755458702,695060.9758317835,34704.227244186935,686878.2162213142,34316.40306375053,678885.881499026,33937.151057856514,671077.4009182788,33566.19012378033,663446.5025992976,33203.25131663687,655987.1967279703,32848.07719912036,648693.7598754517,32500.42123253743,641560.7203522943,32160.04720610611,634582.8445183475,31826.728701744552,627755.1239764383,31500.248591801086,621072.7635839804,31180.398567384265,614531.1702222066,30866.978695139715,608125.942267748,30559.797000492206,601852.8597158424,30258.669075527454,595707.8749086059,29963.41770983062
0.9513026052104208,1190576.7728298067,57338.62528540146,1166843.3232367754,56290.94130436952,1144037.604662035,55280.8566077555,1122106.262952119,54306.38283002156,1100999.958222294,53365.669378179766,1080672.994293894,52456.99170226221,1061082.9884361234,51578.74074406779,1042190.5763890224,50729.41342836918,1023959.1483472938,49907.60407836672,1006354.6121788986,49111.99665225092,989345.1806561659,48341.35771068306,972901.179905615,47594.53003614996,956994.8766481028,46870.42683476947,941600.3221134273,46168.026459446664,926693.2107814878,45486.367600497266,912250.7523325107,44824.54489612718,898251.5553874167,44181.70492061933,884675.5217909636,43557.042512846136,871503.7503388869,42949.79741189565,858718.4489791999,42359.25117025216,846302.854630007,41784.72431817963,834241.1598539606,41225.57375577723,822518.4457149202,40681.190351662364,811120.6202171335,40150.99672943028,800034.3617928352,39634.44522497971,789247.0673617676,39131.01599951265,778746.8045368477,38640.215294540234,768522.2675949179,38161.573816581455,758562.7368710365,37694.64524044673,748858.0412697081,37239.00482107224,739398.5236174471,36794.248104830076,730175.0086085659,36359.989732095746,721178.7731205366,35935.86232362146,712401.5186970506,35521.515443951605,703835.3460163205,35116.6146357325,695472.7311795097,34720.84051932399,687306.503669686,34333.88795261817,679329.8258455886,33955.465246420135,671536.1738469478,33585.29343115091,663919.3197992851,33223.105570998,656473.3152161776,32868.646121970276,649192.4755060179,32521.670330612807,642071.3654984646,32181.943670408276,635104.7859131332,31849.241313138034,628287.7606997344,31523.34763269848,621615.5251848773,31204.05573907172,615083.5149661998,30891.167040334098,608687.3554994304,30584.490830753908,602422.8523284575,30283.84390318332,596285.9819125559,29989.050184088926
0.9559118236472945,1189041.0559294114,57263.105551195884,1165442.8324602395,56221.4549647234,1142763.0620881452,55217.02384424907,1120949.1484599677,54247.852356951094,1099952.4359918677,53312.115892838025,1079727.847578948,52408.11360002397,1060233.5615513846,51534.258066984,1041430.7230049187,50689.06602011202,1023283.1853127563,49871.149921900935,1005757.2782004282,49079.21036963369,988821.5992526031,48312.029206993095,972446.8261356417,47568.46327178292,956605.5471736577,46847.438712267096,941272.108218767,46147.94581269521,926422.4740161063,45469.03427557781,912034.1024877874,44809.808914356785,898085.8305527449,44169.4257154154,884557.7702661045,43547.088233000984,871431.2142061065,42942.044284681535,858688.5491620107,42353.58291850761,846313.177285552,41781.03162616818,834289.443963697,41223.75377917322,822602.5717536233,40681.14626751361,811238.5997936943,40152.63732238505,800184.3281681006,39637.68450645193,789427.2667590111,39135.772856800635,778955.5881695589,38646.41316721769,768758.0843446028,38169.14039774831,758824.1265547944,37703.51220066639,749143.6284436012,37249.107553035035,739707.0118672043,36805.52548697228,730505.1752840765,36372.383909573,721529.4644749406,35949.31850518754,712771.6453951092,35535.98171342809,704223.8789802007,35132.04177687774,695878.6977431971,34737.18185301798,687728.9840159874,34351.09918537854,679767.9497021462,33973.5043293526,671989.1174198887,33604.12042851707,664386.3029251071,33242.68253765493,656953.5987142402,32888.936989001486,649685.3587156073,32542.64079852806,642576.1839858311,32203.561109343416,635620.9093351967,31871.474669533345,628814.5908123142,31546.16734197786,622152.49398436,31227.433643884528,615630.0829545106,30915.076313957055,609243.0100630315,30608.90590528347,602987.1062228802,30308.740402178202,596858.3718446832,30014.40485934991
0.9605210420841683,1187512.991472257,57187.97241158579,1164048.6545241121,56152.29478820124,1141493.6246215983,55153.462266040515,1119796.0492855585,54189.54301521066,1098907.9449556274,53258.73793674614,1078784.8427537878,52359.369455620326,1059385.4724685098,51489.871430400104,1040671.4800333172,50648.78005186025,1022607.1744299346,49834.725619292,1005159.3005016864,49046.42509732052,988296.8346344759,48282.67536815256,971990.800664275,47542.34710461229,956214.1037130033,46824.379198340794,940941.3799483225,46127.773685345004,926148.8605149712,45451.59111786197,911814.2481022412,44794.94633740267,897916.604799417,44157.004608981864,884436.2500529259,43536.97808103304,871354.6676793026,42934.12253944035,858654.42101003,42347.73442756823,846319.075350508,41777.14810720081,834333.1270280448,41221.73333797131,822681.9383847781,40680.89295521487,811351.678142396,40154.06072825726,800329.2666278181,39640.69938299159,789602.3254037674,39140.29877422582,779159.130896431,38652.37419473202,768988.5716549734,38176.46480921497,759080.108915336,37712.13220256473,749423.740174077,37258.95903278005,740009.9655075817,36816.54777986248,730829.7563982407,36384.51958279806,721874.5268525578,35962.51315747462,713136.1066169842,35550.183789039125,704606.7163158456,35147.20239278817,696278.9443523433,34753.2546382145,688145.7254284716,34368.040131309535,680200.3205530001,33991.27165065103,672436.2984186292,33622.67443319349,664847.5180401538,33261.98550602885,657428.1125551296,32908.95306070207,650172.4740972337,32563.33586695325,643075.2396603525,32224.90272301779,636131.2778785105,31893.431939852417,629335.676653159,31568.710856869184,622683.7315651224,31250.535386954405,616170.9350137603,30938.7095887271,609792.9660306511,30633.04526415315,603545.6807194212,30333.361579778717,597425.1032772794,30039.484709981152
0.9651302605210421,1185992.5159320666,57113.22253444276,1162660.7447336789,56083.45830196361,1140229.2639752445,55090.17015829442,1118646.9514388146,54131.453758734504,1097866.4835798475,53205.53505387406,1077843.9891330062,52310.75933349139,1058538.7399435276,51445.58135768091,1039912.8744390575,50608.55645138659,1021931.1497911211,49798.33245437438,1004560.7193526329,49013.64243228768,987770.9324142761,48253.298066139134,971533.1537114842,47516.183647693004,955820.6004460444,46801.25061692358,940608.1948710416,46107.51258530346,925872.4307324131,45434.040795247376,911591.252070987,44779.95997175848,897743.9430706921,44144.44452731432,884311.0277959574,43526.715085391355,871274.1787977648,42926.035291847,858616.1336864415,42341.70888673004,846320.618872592,41773.07701203759,834372.2797677781,41219.51573353144,822756.6168154371,40680.43375701748,811459.9267916905,40155.27032151489,800469.2488763937,39643.49325353417,789772.3150482101,39144.5971682716,779357.5044045585,38658.10180493864,769213.8010488409,38183.55048470042,759330.7552241251,37720.50868081517,749698.4474049996,37268.56269156446,740307.4550882215,36827.31840745507,731148.8220484373,36396.400164971135,722214.0298481152,35975.449679869285,713494.971411184,35564.12505365074,704983.9264880614,35162.099847419835,696673.5388559992,34769.06221785628,688556.7951132209,34384.71411049485,680627.0049383692,34008.77050592649,672877.7826984796,33640.958714914406,665303.0302992158,33281.017718761366,657896.921180565,32928.69755157538,650653.8853697182,32583.75872136086,643568.5955105488,32245.971667118443,636635.9537960516,31915.116249366696,629851.079736376,31590.98127171002,623209.2987007762,31273.36403126757,616706.1311769488,30962.06989595227,610337.2826958951,30656.911906747573,604098.6343746902,30357.710403274035,597986.2340333944,30064.292671070132
0.9697394789579159,1184479.5664800263,57038.85262642815,1161279.0587499172,56014.9430561789,1138969.9519304128,55027.14581570466,1117501.8407571337,54073.58353948691,1096828.049956483,53152.506776426024,1076905.2954883957,52262.283277983326,1057693.3820495212,51401.38834503496,1039154.9323880177,50568.39611333813,1021255.1445942008,49761.97167283194,1003961.574050913,48980.863929152525,987243.9371692367,48223.89912706983,971073.9344118064,47489.974965329064,955425.0904279816,46778.055240836635,940272.6094011936,46087.164967463614,925593.2439460398,45416.38592111158,911365.1760971317,44764.85256823537,897567.909108286,44131.74833986054,884182.1689335345,43516.30221736841,871189.814394083,42917.7856000326,858573.7551507249,42335.50942754908,846317.8767017686,41768.82153366687,834406.9717143484,41217.10420955138,822826.677073834,40679.77195774093,811563.4161034335,40156.26941952764,800604.3454652767,39646.069460338396,789937.3063063514,39148.671399240295,779550.7792586002,38663.599370070166,769433.8429430441,38190.40080291143,759576.1356636877,37728.6450157328,749967.8200087566,37277.92190697646,740599.5501050531,36837.8407407533,731462.4412962974,36408.02901708193,722548.042038663,35988.131420305544,713848.3078266428,35577.808839447236,705355.5769801517,35176.73745482692,697062.548139692,34784.60788576949,688962.2593306364,34401.12439468951,681048.0684704576,34026.00414324941,673313.6352041942,33658.97649665912,665752.9039637501,33299.78237252097,658360.0881558952,32948.173630927544,651129.6553921974,32603.912502795083,644056.3136816537,32266.77105366481,637134.9985136034,31936.530680431355,630360.8607646606,31612.98163866293,623729.2553689876,31295.92259836572,617235.730696275,30985.16022621528,610876.0185863908,30680.5087924334,604646.0249938153,30381.789800630642,598541.8211987707,30088.831639064527
0.9743486973947895,1182974.0809761577,56964.85943245753,1159903.5525884526,55946.746623842,1137715.6603419902,54964.38754260552,1116360.7029154047,54015.93130781413,1095792.6418171364,53099.652625389645,1075968.7700660506,52213.94131405816,1056849.416196197,51357.29286235435,1038397.6792685981,50528.299900180435,1020579.1911655841,49725.64448322462,1003361.9029458619,48948.091101264574,986715.8924660998,48194.48033234109,970613.1908396228,47463.72307424991,955027.6256148814,46754.795292991264,939934.6788240629,46066.733234922634,925311.3582824143,45398.62905553954,911136.0807173174,44749.62682319231,897388.5654776874,44118.91886074828,884049.7377228179,43505.742392321175,871101.640118806,42909.37646579541,858527.3521829122,42329.13912503927,846310.9165140659,41764.38480848772,834437.2712332376,41214.50195323161,822892.1880322492,40678.910785919026,811662.2152952536,40157.061283693285,800734.6258148244,39648.43129009159,790097.3686753976,39152.52477233724,779739.0249216266,38668.87020779874,769648.7666687901,38197.01908858278,759816.3193474498,37736.54453429241,750231.9268056004,37287.04000393105,740886.3190191503,36848.11809878305,731770.6821860805,36419.40944886142,722876.6310014853,36000.561676195066,714196.1829301752,35591.238428840144,705721.7343109222,35191.118480049714,697446.0381419973,34799.89488753126,689362.1834115896,34417.274208167386,681463.575849197,34042.975763977294,673743.9199853146,33676.730955460596,666197.2024168363,33318.282618792655,658817.6761846807,32967.384423639,651599.8461783442,32623.800308625432,644538.4554894798,32287.303951744907,637628.4726432813,31957.678273204634,630865.0796424947,31634.714968418397,624243.6607643559,31318.214069033016,617759.7920557075,31007.983530044956,611409.2314760581,30703.838841215736,605187.9096424269,30405.60266113408,599091.9211335484,30113.104472399682
0.9789579158316633,1181475.997960784,56891.23973517284,1158534.1826184012,55878.8666005917,1136466.361143247,54901.89365307407,1115223.523435647,53958.496012781434,1094760.2565465549,53046.97211106542,1075034.4206029342,52165.73344798042,1056006.8591488681,51313.29535402864,1037641.1397125779,50488.26864311353,1019903.3209824965,49689.352057985576,1002761.7434618581,48915.32542176599,986186.840885227,48165.04341973779,970150.9700337722,47437.429944755444,954628.2568885897,46731.472947559334,939594.4573209932,46046.21974016894,925026.8307420866,45380.77270652002,910904.0253266348,44734.28537973563,897205.9735928624,44105.95884998283,883913.7972642102,43495.03847086259,871009.7204645186,42900.810835782555,858476.9904072769,42322.60099884162,846299.804834842,41759.769917464284,834463.245546772,41211.712096413285,822953.2174293589,40677.85341491971,811756.3924624182,40157.64912053811,800860.1582356761,39650.5819749902,790252.5705566317,39156.1605387305,779922.3097755078,38673.917582274575,769858.6404915502,38203.40861349448,760051.3743391458,37744.21051112414,750490.8355825769,37295.92025564422,741167.8292751829,36858.15374954569,732073.6117626639,36430.544719713485,723199.8633316323,36012.74369533773,714538.662823564,35604.41705535805,706082.4640513373,35205.24613998405,697824.0738707721,34814.926421319105,689756.6317732417,34433.16672855087,681873.5908776657,34059.6885235653,674168.7002112003,33694.22522319728,666635.9881778306,33336.52156465154,659269.7471229816,32986.33301092007,652064.5189103005,32643.425193285027,645015.0814340103,32307.573388236655,638116.4359967918,31978.562026352633,631363.7954890811,31656.184230883577,624752.5733110368,31340.241383969256,618278.3729833065,31030.542718574263,611936.9783971388,30726.90493438143,605724.3446584028,30429.151836017954,599636.5894837361,30137.11399211379
0.983567134268537,1179985.2566460858,56817.99035442204,1157170.905561118,55811.30060452596,1135222.026350405,54839.66247102336,1114090.2876962807,53901.27660249533,1093730.8911956747,52994.46473357708,1074102.2543429276,52117.659667980915,1055165.7270468709,51269.39623973324,1036885.3376153761,50448.30314296059,1019227.5646946451,49653.095534389526,1002161.1321210364,48882.56832462234,985656.8240440618,48135.59008451187,969687.3180215216,47411.097501830096,954227.0340810068,46708.090331112784,939251.997993799,46025.62678623839,924739.7172240128,45362.819331111394,910669.0682029311,44718.83082888827,897020.1937403607,44092.87101461489,883774.4095251955,43484.193260023676,870914.118789351,42892.09160264319,858422.734315471,42315.89801436559,846284.6070615153,41754.97988725302,834484.960756422,41208.73771668934,823009.8318920789,40676.60296403876,811846.0145992126,40158.03608279222,800981.0099496618,39652.52469379567,790402.9792758394,39159.58189658675,780100.7011408599,38678.74470514141,770063.5316305286,38209.57259746643,760281.3676718137,37751.646169487394,750744.6131120513,37304.56588458597,741444.1473194837,36867.950910950145,732371.296089156,36441.438039626344,723517.8046590906,36024.6806768127,714875.8126602963,35617.34790451754,706437.8308408323,35219.12360423246,698196.7194190545,34829.70563874254,690145.6679345435,34448.80508762351,682278.1764771977,34076.14553236014,674588.0381857589,33711.462387368614,667069.3229167273,33354.50227352054,659716.3619933621,33005.022431051286,652523.7339523351,32662.790168993848,645486.2512127197,32327.58234851465,638598.9475984289,31999.18489774007,631857.0666510272,31677.392355857406,625256.0506751208,31362.0074444497,618791.5304633055,31052.84066418533,612459.3156519944,30749.7099151297,606255.3856633916,30452.440139080598,600175.8811924662,30160.862982450908
0.9881763527054108,1178501.7969077444,56745.108146745995,1155813.6784888408,55744.04627601612,1133982.628066966,54777.69233028719,1112960.9809410467,53844.27202441176,1092704.5424942258,52942.129983363346,1073172.2780523745,52069.71994489885,1054326.0354214315,51225.5959151935,1036130.2961557284,50408.404171030204,1018551.9521452814,49616.876015493246,1001560.1045653865,48849.82120562447,985125.8826199743,48106.12198043137,969222.2798419145,47384.727626227395,953824.0059977405,46684.64952373324,938907.3528885645,46004.95662784083,924450.0725493607,45344.77133657779,910431.2665305203,44703.265710729924,896831.2851028452,44079.65800987958,883631.6353636099,43473.209514387556,870814.8973399387,42883.221606153915,858364.6472891262,42309.03308390324,846265.3874857733,41750.01769130343,834502.48186459,41205.58183848998,823062.0969569179,40675.16249956858,811931.1476198421,40158.22527044039,801097.2471102406,39654.262572866486,790548.6611032882,39162.79199208403,780274.2652965582,38683.35473652944,770263.5062777117,38215.51420933127,760506.3653663831,37758.85468222337,750993.3251698412,37312.980063412564,741715.3386177326,36877.51275172508,732663.8002641392,36452.09257006465,723830.5196655953,36036.37577185061,715207.6966619532,35630.0341146758,706787.8984032901,35232.75399593741,698564.0379806382,34844.23564565738,690529.3545314177,34464.19237212572,682677.3947021852,34092.349856377514,675001.9953618777,33728.44549185479,667497.2674682324,33372.22776591266,660157.5809986156,33023.45568010872,652977.5508642306,32681.898206467577,645952.0237336344,32347.333777142794,639076.0656978148,32019.549805107108,632344.9507147769,31698.342233692118,625754.1497767674,31383.51511297178,619299.3207479586,31074.880201141703,612976.2988246735,30772.256589190365,606781.087574107,30475.470347289618,600709.8505110303,30184.354191452374
0.9927855711422846,1177025.5592766802,56672.59000487291,1154462.4588232513,55677.101277519694,1132748.1384878112,54715.98157469696,1111835.5882875838,53787.481225630945,1091681.206862916,52889.96734165223,1072244.498035143,52021.914232802774,1053487.799213006,51181.89475292509,1035376.0378148017,50368.57246995319,1017876.5123916819,49580.69457104923,1000958.6955782536,48817.08542336258,984594.0563725,48076.64072080118,968755.8995685116,47358.3221555254,953419.2204411594,46661.15256009279,938560.5730188466,45984.211472457566,924157.9504847361,45326.63108149672,910190.6764233224,44687.59251550875,896639.3057820539,44066.322440307566,883485.534550362,43462.08993719585,870712.1172738435,42874.20363431733,858302.7916219326,42302.00906771711,846242.2093152748,41744.88625093296,834515.8727959119,41202.247434142926,823110.0770908546,40673.5350358423,812011.8563788723,40158.219731748926,801208.9348224994,39655.79868716708,790689.6812732718,39165.79392040179,780443.0674988308,38687.75078602621,770458.6296165097,38221.23656788584,760726.4324498703,37765.83917268694,751237.0365529686,37321.16591587877,741981.4676722718,36886.842392311424,732951.1884385572,36462.51142484252,724138.0721010952,36047.83208468735,715534.3781342636,35642.47877786521,707132.7295626935,35246.14039259722,698926.0918653337,34858.51950296321,690907.7533316388,34479.33162453398,683071.3067545849,34108.304518063684,675410.63235557,33745.177537660864,667919.8818455568,33389.70102015815,660593.4635352172,33041.63571267455,653426.0284144063,32700.75223561192,646412.4571281337,32366.830578552974,639547.8477823929,32039.659626732722,632827.504518803,31719.03671594169,626246.9268021056,31404.76721388897,619801.7993691587,31096.664126208103,613487.9827922558,30794.5477254298,607301.5046134104,30498.245201374568,601238.5510097021,30207.59033153638
0.9973947895791584,1175556.484930878,56600.432857219865,1153117.2043339487,55610.46329339224,1131518.5299030782,54654.52855815079,1110714.0947356818,53730.90315317919,1090660.8804252055,52837.97628091794,1071318.9201472162,51974.24246959127,1052651.0327881007,51138.29310295163,1034622.5843947645,50328.808754494574,1017201.273725059,49544.552238393175,1000356.9391052582,48784.362300173234,984061.3841649882,48047.1478794559,968288.2203315451,47331.88288515429,953012.7242328579,46637.60143050639,938211.708388298,45963.39348141091,923863.403764832,45308.400876838656,909947.3529474369,44671.81368472549,896444.3128212148,44052.866860808914,883336.1657916178,43450.83718142841,870605.838681452,42865.040424434315,858237.2285412108,42294.82877510238,846215.1346948568,41739.58843637693,834525.1964180727,41198.73742490924,823153.8357117452,40671.72353625417,812088.2046912154,40158.02246426945,801316.1371627058,39657.13606125408,790826.1040032286,39168.590726689145,780607.1719999384,38691.93591362624,770648.96584,38226.74274282197,760941.6329731842,37772.60271565834,751475.8110970361,37329.12651773039,742242.5980390578,36895.94290573588,733233.5238322488,36472.697670978145,724440.524799878,36059.05267339978,715855.9194828284,35654.68494061067,707472.3862584578,35259.28582686494,699282.9425139172,34872.560227384274,691280.9252494075,34494.22584382421,683459.9729981327,34124.01249704145,675814.0089598359,33761.66148364581,668337.2252539367,33406.92497311704,661024.0682065111,33059.56544253342,653869.2245927822,32719.35514620326,646867.6087635026,32386.075617710227,640014.3505896747,32059.51720208494,633304.7841655602,31739.478615997494,626734.4372149034,31425.76653403228,620299.0211498295,31118.195199258094,613994.4217359785,30816.5860564453,607816.690321177,30520.76740640819,601762.0355883568,30230.5740800666
1.002004008016032,1174094.5156873101,56528.63366740169,1151777.873136843,55544.13002969835,1130293.7747018267,54593.33164467525,1109596.48517522,53674.536754278306,1089643.5590186892,52786.15626532159,1070395.5498108356,51926.70457757398,1051815.749955603,51094.79129350029,1033869.9570368286,50289.113712341816,1016526.263689924,49508.45002330635,999754.8682746561,48751.6531230602,983527.9039856888,48017.644991726025,967819.2843395014,47305.411569396754,952604.5632355562,46613.99808195722,937860.8080127283,45942.50477090632,923566.484114528,45290.08298701959,909701.3501431764,44655.931612190776,896246.3622269284,44039.29377773058,883183.5867504645,43439.453850857055,870496.1206073689,42855.734664150776,858168.0182289853,42287.494965424085,846184.2247272608,41734.12706781402,834530.5145621588,41195.054681995316,823193.4352082815,40669.730914256535,812160.2553516793,40157.63641581998,801418.9171974389,39658.27767024049,790957.9925124499,39171.18540701152,780766.6420664551,38695.9131306598,770834.5781687822,38232.035755636825,761152.0300285612,37779.148338235165,751709.7116932416,37336.86489757779,742498.7923442622,36904.81731846591,733510.8687501417,36482.65432953023,724737.9396963647,36070.04055072403,716172.382228524,35666.65560472971,707806.9295604518,35272.1932873308,699634.6505127792,34886.36079223435,691648.9303596391,34508.87798621943,683843.4529722752,34139.476730840914,676212.1841582506,33777.90024723684,668749.3561038864,33423.90252087724,661449.4528356389,33077.247743354805,654307.1966233922,32737.709788555625,647317.5352552366,32405.071720764754,640475.6301192514,32079.12533245815,633776.8450332094,31759.670709711405,627216.7357680117,31446.515823319507,620791.0402151023,31139.476143869822,614495.6691521503,30838.37427914759,608326.6975649564,30543.039632376276,602280.3564868836,30253.308079909664
1.0066132264529057,1172639.593993943,56457.189433746855,1150444.4236924795,55478.09921402193,1129073.8453755006,54532.38920848027,1108482.7443937995,53618.38097660303,1088629.2382060979,52734.50675113576,1069474.3920281974,51879.30046403361,1050981.963982623,51051.389631675775,1033118.1762387769,50249.488004869774,1015851.5091029169,49472.38890085326,999152.5154171474,48718.95914458969,982993.6529682796,47988.13355537808,967349.1329001505,47278.9099223619,952194.7823744455,46590.344419095265,937507.9199416172,45921.5474130481,923267.2422704491,45271.67963092714,909452.7210465668,44639.94864505634,896045.5089905284,44025.60564988806,883027.8540680652,43427.942501073936,870383.0210713109,42846.28899247966,858095.2198425778,42280.010349130025,846149.5394933899,41728.504916367885,834531.8880425525,41191.20202754162,823228.9369595028,40667.560034334405,812228.070154083,40157.06448544394,801517.3370023025,39659.22644073844,791085.4090403804,39173.58090927646,780921.539997158,38699.6854007012,771015.5288684536,38237.118580523704,761357.6857666274,37785.479020705105,751938.8003050346,37344.384037750584,742750.1123005265,36913.46861124643,733783.2845981125,36492.38437641691,725030.3778405809,36080.79868485654,716483.8270225923,35678.39372811605,708136.4196837154,35284.86571928836,699981.2756082795,34899.924128165905,692011.8279119605,34523.290965922046,684221.8054058241,34154.70011561549,676605.2161382819,33793.89670512919,669156.3320241891,33440.636519438674,661869.6744782132,33094.685449361685,654740.0009767497,32755.818974174326,647762.2924791117,32423.821675690964,640931.7416445704,32098.486781597894,634243.741787113,31779.615736006646,627693.8765145885,31467.017795352476,621277.9100032736,31160.50964791018,614991.7778628556,30859.91505533227,608831.5785504301,30565.06451473652,602793.565295405,30275.794939981908
1.0112224448897795,1171191.6629218438,56386.097188820524,1149116.8148042907,55412.36859527603,1127858.7145211983,54471.69963400741,1107372.8570840873,53562.43476852711,1087617.9132859337,52683.02718715404,1068555.451394735,51832.03002176969,1050149.6876098798,51008.08840411414,1032367.2618720001,50209.93226788331,1015177.0360711218,49436.36981619593,998549.9120851622,48686.281583761345,982458.6674118608,47958.61503152949,966877.8064410364,47252.379618933744,951783.4256579971,46566.64230521028,937153.0912790973,45900.5234368293,922965.7280019964,45253.192982921166,909201.5177103328,44623.867084820944,895841.807108939,44011.8048895722,882869.0233843222,43416.30564049544,870266.5970885208,42836.706000798724,858018.8915347329,42272.37758874001,846111.138072108,41722.72470508586,834529.3766763824,41187.182235588916,823260.4013538787,40665.21371295782,812291.7099099593,40156.30952434766,801611.4576802333,39659.98525178107,791208.414864529,39175.78013413908,781071.9271405365,38703.25564045752,771191.8792667174,38241.99414524336,761558.6614131086,37791.59769740003,752163.1379844287,37351.68687513425,742996.618722882,36921.899719919005,734050.8318985199,36501.89074321738,725317.8994133106,36091.330000238515,716790.3136614257,35689.902225506885,708460.9160028814,35297.30602548493,700322.8767208122,34913.2531239039,692369.6763444322,34537.46765583146,684595.0882303389,34169.68550684329,676993.1623043461,33809.653693971944,669558.2098746339,33457.12978538368,662284.7894347452,33111.881355986014,655167.6933819741,32773.685476396786,648201.9355830161,32442.328232913856,641382.7397244863,32117.604276313406,634705.528391111,31799.316397476698,628165.9128191085,31487.275128002846,621759.6832765591,31181.298364107643,615482.800026455,30881.21101224002,609331.3848316692,30586.844654966684,603301.7129643005,30298.037235785647
1.0158316633266533,1169750.6661573723,56315.35399895439,1147795.005616785,55346.93594351212,1126648.3548447525,54411.261315971795,1106266.8078508773,53506.69707935825,1086609.5793027508,52631.71701508549,1067638.7321119832,51784.89312962467,1049318.933066626,50964.88787761612,1031617.2331980484,50170.4471123382,1014502.8700098778,49400.39368538492,997947.0890716288,48653.62162685499,981922.9828004289,47929.09084553898,966405.3445294444,47225.82229569468,951370.5361982518,46542.89356317979,936796.3682044183,45879.4348290967,922661.9901318727,45234.62517380958,908947.7912243814,44607.689188311604,895635.3096050395,43997.893863531535,882707.149358056,43404.545731342005,870146.9046897137,42826.98823382493,857939.0904732819,42264.5992998121,846069.0785595969,41716.789109894926,834523.0393025427,41182.998033022486,823287.8878079727,40662.69471951278,812351.2344668456,40155.374336817105,801701.3393794117,39660.55693572391,791327.070317995,39177.78593588772,781217.863911927,38706.626720637854,771363.6897701288,38246.66533197675,761755.0172851859,37797.50725753176,752382.784887972,37358.776301989004,743238.3715443412,36930.11353622363,734313.5703054215,36511.17631795695,725600.5637409459,36101.63737832406,717091.9011010508,35701.183969234415,708780.4770663058,35309.517066856686,700659.5119585923,34926.350626964675,692722.5332969954,34551.410888246966,684963.3585932466,34184.43572001455,677376.0792906068,33825.17401104004,669955.0457585037,33473.38509653408,662694.8532628283,33128.83822051111,655590.328838681,32791.31203102057,648636.5189985564,32460.59410592328,641828.6782145887,32136.48050707806,635162.2581185804,31818.775360972606,628632.8973681625,31507.290463986352,622236.4121316378,31201.844910613985,615968.7871478883,30902.264743106192,609826.1673212012,30608.382621102144,603804.8498140413,30320.037509935173
1.020440881763527,1168316.547994471,56244.95696378357,1146478.9556136795,55281.79904972926,1125442.7391636379,54351.07265939802,1105164.5812178825,53451.166859562465,1085604.2310570953,52580.57566993514,1066724.2380000555,51737.88965299278,1048489.7120851468,50921.7882997616,1030868.1088847228,50131.03312504109,1013829.0356601115,49364.46139612831,997344.0764282472,48620.98042825444,981386.6338218458,47899.5623878732,965931.7858918624,47199.23955182493,950956.1562306033,46519.09997639267,936437.795991912,45858.28353549142,922356.0765561109,45215.97829179973,908691.5917358015,44591.41716864093,895426.0685475527,43983.8748939311,882542.2856867214,43392.665190594824,870023.9989405645,42817.138190565885,857855.8728603678,42256.678051886454,846023.4180882777,41710.700760535925,834512.9338002914,41178.652100494844,823311.4547846956,40660.00577721139,812406.70272618,40154.261681114054,801787.0413107909,39660.944279126474,791441.4348066199,39179.60112331019,781359.4098102903,38709.80146680378,771531.0198804915,38251.1349781593,761946.8128075162,37803.210546010116,752597.8002923935,37365.65516675127,743475.4298311712,36938.11290858381,734571.5586194815,36520.24394587551,725878.4293100331,36111.72365833236,717388.6474713259,35712.24178996183,709095.1606099193,35321.50166324869,700991.238631169,34939.21944436022,693070.4556246569,34565.12345555653,685326.6728707044,34198.95353130512,677754.0229735248,33840.46041489294,670346.8950348201,33489.405192595164,663099.920789089,33145.558762701345,656007.961628645,32808.70133691921,649066.0964524412,32478.621971875935,642269.6102783158,32155.118128618276,635613.9835632867,31837.995258178813,629094.8821810526,31527.066411426138,622708.148010003,31222.15187155523,616449.7900887841,30923.078807699716,610315.9762998859,30629.68094826328,604303.0255448438,30341.798272672837
1.0250501002004007,1166889.25332704,56174.903215790284,1145168.6246159705,55216.95572568313,1124241.8404097026,54291.132079650444,1104066.1616342638,53395.84306097841,1084601.8631151137,52529.60258037071,1065811.9725097304,51691.01944431257,1047662.0359148275,50878.789899505144,1030119.9070217118,50091.6908693291,1013155.5571051894,49328.57380853896,996740.9034832737,48588.35911124883,980849.654386315,47870.031014950466,965457.1684329481,47172.63294997867,950540.3271330862,46495.26328964927,936077.419030466,45837.071461366024,922048.0342636174,45197.25438342656,908432.9684683824,44575.05319614106,895214.1350704643,43969.75025928817,882374.4851256638,43380.66639092974,869897.9339607498,42807.158325249016,857769.2939512293,42248.61636940731,845974.2128453108,41704.46224147631,834499.117107436,41174.14707332766,823331.1598111585,40657.14956398143,812458.1726608082,40152.9742703525,801868.6217652459,39661.15002361456,791551.5668257753,39181.228460541184,781496.6234346293,38712.782660201505,771693.9282109084,38255.4058772975,762134.1065279156,37808.710364243474,752808.2426099204,37372.32627481838,743707.8517978512,36945.90064287513,734824.8548025719,36529.09643018017,726151.5537815251,36121.59163798443,717680.6100898477,35723.07847740433,709405.0235707981,35333.26259412019,701318.1132626663,34951.862343288165,693413.4994104076,34578.60811091171,685685.0866802067,34213.24167823655,678127.0484841596,33855.51562602006,670733.8123303488,33505.19277578695,663500.0461209025,33162.04566541944,656420.6453272351,32825.85605664579,649490.7209776428,32496.4144721858,642705.5883978519,32173.51976049084,636060.756650023,31856.978686177838,629551.9186201841,31546.60554440499,623174.9417081117,31242.221797572034,616925.8590773741,30943.655732851792,610800.8614266047,30650.742139172664,604796.289246138,30363.32200237511
1.0296593186372744,1165468.7276414088,56105.18991985402,1143863.9727799618,55152.403803694906,1123045.6316317404,54231.43800245802,1102971.533480911,53340.724637021725,1083602.469817844,52478.79716907595,1064901.9387341717,51644.28234354335,1046835.9153358188,50835.892887753456,1029372.6451357913,50052.420885729596,1012482.4577873227,49292.73175586102,996137.598858844,48555.75876881206,980312.0776443845,47840.4980499618,964981.5292540159,47146.00401713714,950123.0894451882,46471.38521003852,935715.280842523,45815.800472678566,921737.9093552498,45178.455454457726,908171.9697416755,44558.59939927516,894999.5593919918,43955.52219538565,882203.7995069328,43368.551661629186,869768.7629425592,42797.05104822916,857679.4080725691,42240.416732623766,845921.518090684,41698.07609280208,834481.6452381203,41169.485542393355,823347.0594961384,40654.12871333622,812505.7013321134,40151.51477335561,801946.138130359,39661.17686672345,791657.5239767948,39182.67066789131,781629.5625000665,38715.573038576105,771852.472501501,38259.48077976782,762316.9561327203,37814.009470922494,753014.1694032853,37378.79238931661,743935.6948217283,36953.47950317788,735073.5159920815,36537.7365327823,726419.9940047496,36131.24407422466,717967.845475585,35733.69678103523,709710.1221004688,35344.80259923581,701640.1916047684,34964.28205180791,693751.7199778954,34591.86756888895,686038.6548929499,34227.30286032292,678495.2102202374,33870.34232747351,671115.851551376,33520.75051146294,663895.282657887,33178.301575231686,656828.4328146338,32842.778817024875,649910.4449243525,32513.974213102967,643136.664384822,32191.68798764907,636502.6286450549,31875.72820800416,630004.057401265,31565.910403507256,623636.8433873462,31262.057206349673,617397.0437182294,30963.99801297447,611280.8717477735,30671.568664662595,605284.6894058643,30384.611146049334
1.0342685370741482,1164054.9170088957,56035.81427280877,1142564.9605952362,55088.141136460494,1121854.085997903,54171.988863933955,1101880.6810764791,53285.81054288025,1082606.045290197,52428.158853091525,1063994.1394202895,51597.67817862635,1046011.3606723024,50793.09745792563,1028626.340205604,50013.22369260127,1011809.7605235239,49256.93604517607,995534.1904878321,48523.18046436139,979773.9360044837,47810.96478367069,964504.9046710599,47119.35424544001,949704.4828861962,46447.46740779293,935351.4241026195,45794.47239686442,921425.7470624354,45159.58347077672,907908.6429896052,44542.05786552667,894782.3908331117,43941.19289616371,882030.2797576649,43356.323289472675,869636.5381690827,42786.81872687505,857586.268640505,42232.0815784699,845865.3881748996,41691.544811089654,834460.57330022,41164.67005497687,823359.2095471657,40650.945815225175,812549.3449067773,40149.885815493966,802019.6469068447,39661.02746272303,791759.3629830576,39183.93042265824,781758.2838535812,38718.175296968286,772006.7096347994,38263.36239359895,762495.418461831,37819.110582787245,753215.6374004239,37385.05623185344,744159.0154573733,36960.85221251396,735317.5985149352,36546.166975019354,726683.8060310936,36140.68368392758,718250.4093622366,35744.09941077794,710010.5115779467,35356.124379342495,701957.5286494441,34976.48125950311,694085.1719038428,34604.90450613786,686387.4316459526,34241.13973970503,678858.5618579786,33884.943165488294,671493.0658952544,33536.08102871682,664285.6831031736,33194.329103001255,657231.3762868405,32859.47220973285,650325.3199707194,32531.30376628138,643562.8893907792,32209.625360998212,636939.6501663625,31894.246353187402,630451.3486033113,31584.983496350145,624093.9025837907,31281.660583138004,617863.3930018079,30984.1081105694,611756.0557066726,30692.162964172945,605768.2739195941,30405.668119820933
1.038877755511022,1162647.7680784618,55966.77350300634,1141271.548882593,55024.165596859726,1120667.1767979667,54112.783110590455,1100793.5886831954,53231.0997357,1081612.5834496433,52377.68704414324,1063088.576979756,51551.206765930874,1045188.381805376,50750.40378649608,1027881.0086760249,49974.09978675626,1011137.4875211357,49221.18745808971,994930.705630276,48490.6252324952,979235.2611500159,47781.4324751914,964027.3302323251,47092.68509299514,949284.5463730929,46423.511517121784,934985.8906554759,45773.08902368647,921111.591765349,45140.64035924416,907643.0347786415,44525.43064226725,894562.677835657,43926.76451459017,881853.9759180455,43343.983519606394,869501.3110319884,42776.46368643525,857489.9281781246,42223.61330142466,845805.8765562731,41684.87085025775,834435.9555123608,41159.703115618104,823367.6647872389,40647.603416865306,812589.1586731841,40148.08997950517,802089.2037246289,39660.70442342466,791857.1397057363,39185.01035992028,781882.8434894214,38720.59208849411,772156.6956508175,38267.05338523725,762669.549523449,37824.01637537827,753412.7025088767,37391.12048325379,744377.8694506489,36968.021453568595,735557.1579013311,36554.39043836189,726943.0451274198,36149.91314459025,718528.3567113295,35754.28903768367,710306.2466225212,35367.23059683304,702270.1786414261,34988.46261813093,694413.9090302277,34617.72156201636,686731.4703539445,34254.75494177174,679217.1563637037,33899.32075009029,671865.5078617302,33551.18692097717,664671.2994744647,33210.13082446999,657629.527266466,32875.93879186705,650735.397133394,32548.40566933547,643984.3139175008,32227.33439793994,637371.8711936943,31912.535618285085,630893.8416784668,31603.82729810511,624546.1682178224,31301.034381261536,618324.9553138298,31003.98845672697,612226.4611526104,30712.527446239616,606247.0900994858,30426.49530941157
1.0434869739478958,1161247.228069449,55898.064869886446,1139983.698791934,54960.47507776601,1119484.877445449,54053.819199348734,1099710.2405124353,53176.59117476249,1080622.0780146092,52327.381148958695,1062185.2534996814,51504.867910686036,1044366.9881855611,50707.81203352138,1027136.66647213,49935.04964406473,1010465.6603929419,49185.48675139894,994327.1708893656,48458.09407971115,978696.0840560072,47751.902352747056,963548.8407354349,47065.99798466758,948863.3180380084,46399.51913702348,934618.7215336461,45751.652106064175,920795.4870106531,45121.62800853822,907375.190825547,44508.71973760382,894340.4679799957,43912.23916351034,881674.9371588604,43331.5345563924,869363.1320488962,42765.988210884054,857390.4383326446,42215.01425435221,845743.0358178457,41678.05662240024,834407.8452205609,41154.58718693559,823372.4791711805,40644.104023554566,812625.1970574694,40146.12980629576,802154.863358585,39660.21031897078,791950.9091592111,39185.913073313,782003.2965641932,38722.8260251082,772302.4857618116,38270.55638029606,762839.4045085076,37828.72948377185,753605.4198298929,37396.98778428118,744592.3117524901,36974.98986939714,735792.2488982023,36562.409565106005,727197.76578921,36158.93509501046,718801.7417250519,35764.26829459565,710597.381106285,35378.12387639614,702578.1950904435,35000.228742258274,694737.9844762243,34630.32133921334,687070.8237210226,34268.151055769275,679571.0460052112,33913.47765569231,672233.2292640515,33566.070746590565,665052.1831148786,33225.709280828916,658022.9366133218,32892.18108650379,651140.7267778664,32565.282426386173,644400.9878270843,32244.81758290657,637799.3410784298,31930.598467405336,631331.5854616371,31622.44425200916,624993.688603527,31320.181022619832,618781.7784444758,31023.641451616048,612692.1353499114,30732.66448897392,606721.1846830718,30447.09507060829
1.0480961923847696,1159853.2447644167,55829.68566355317,1138701.371800126,54897.067491856455,1118307.161479597,53995.095597544925,1098630.620730092,53122.28382165401,1079634.5225125994,52277.24056957241,1061284.170752973,51458.661407398875,1043547.1888449584,50665.322343151325,1026393.3290127795,49896.0737200421,1009794.3001718759,49149.83465774145,993723.6122270226,48425.58798510503,978156.4350053399,47722.37561440793,963069.470244099,47039.29431284829,948440.8352452515,46375.491832077416,934249.9569747477,45730.163360882194,920477.4755288254,45102.548269974686,907105.1560147122,44491.92712120546,894115.8080023043,43897.61891647687,881493.2117986487,43318.97856423827,869222.0508803666,42755.39454374808,857287.8498921935,42206.28674932323,845676.917683931,41671.10449860022,834376.2949145172,41149.32469043194,823373.7058016424,40640.45009946725,812657.5136392332,40144.00779572552,802216.6797439413,39659.547678607385,792040.7255261644,39186.64111578923,782119.6974116372,38724.87967835069,772444.1343667405,38273.87396428936,763005.0378048129,37833.252503299984,753793.8436722532,37402.66073634389,744802.3965324103,36981.76006411736,736022.925482412,36570.226959051804,727448.0217534534,36167.752135951334,719070.6178588383,35774.03977679976,710883.968166422,35388.80680565353,702881.6307832163,35011.78220988545,695057.4506499134,34642.706404359036,687405.5437520843,34281.33063539846,679920.2823629399,33927.416421678514,672596.281239867,33580.73502939343,665428.38470359,33241.06697927763,658411.654534811,32908.20158324582,651541.3586286135,32581.936508596493,644812.960351857,32262.077367885064,638222.10855326,31948.437332719554,631764.6281799475,31640.836769866593,625436.5114579366,31339.10289817848,619233.9095974171,31043.069464964505,613153.1249867445,30752.576440532866,607190.603841888,30467.469729724005
1.0527054108216432,1158465.7665020602,55761.633204357626,1137424.529708816,54833.94077142229,1117134.0025672356,53936.61078293132,1097554.7134617283,53068.17664042648,1078649.910288048,52227.26470361984,1060385.330208372,51412.58704025859,1042728.9924090496,50622.93484412433,1025651.011223827,49857.17245041926,1009123.4273253363,49114.231886226575,993120.054979069,48393.10790105077,977616.343604567,47692.853428810224,962589.252104397,47012.57543820337,948017.13460792,46351.43113321597,933879.6364382748,45708.62446977918,920157.5992510703,45083.402958307044,906832.9744150842,44475.0547251104,893888.7438114433,43882.905808559866,881308.8473204679,43306.31766840718,869078.1163465056,42744.68488891372,857182.2128022204,42197.43305841745,845607.5730362982,41664.01680972585,834341.3562435355,41143.918007281245,823371.3969447657,40636.64406843179,812686.1611669142,40141.726407374765,802274.7059913597,39658.71899143983,792126.6421723595,39187.1970003627,782232.0995571008,38726.75558007836,772581.6950654279,38277.00868334997,763166.503010895,37837.58799025532,753978.0275658112,37408.14190218648,745008.1771917371,36988.33460358746,736249.2408736809,36577.84518616785,727693.8660112754,36176.36683079228,719335.0378337046,35783.60604266229,711166.0602172518,35399.28193578433,703180.5377952199,35023.12556305741,695372.3592597682,34654.87928862323,687735.6817640407,34294.296199400254,680264.9163409173,33941.13955297736,672954.7142619146,33595.18225927268,665799.9542662691,33256.20639357299,658795.7305961208,32924.00273875908,651937.3417790553,32598.37035469676,645220.2801041026,32279.116172931008,638640.2217416866,31966.05461496543,632193.0174620246,31659.00723254129,625874.6839101026,31357.802368450917,619681.3953986798,31062.274836530767,613609.476183786,30772.265619580812,607655.3931899437,30487.621584049375
1.057314629258517,1157084.7421702188,55693.90484248674,1136153.1346422236,54771.09286817993,1115965.3745044929,53878.36324367378,1096482.5027975321,53014.268597750925,1077668.2345099112,52177.45294462077,1059488.7330401912,51366.64458352809,1041912.4071081604,50580.64965024822,1024909.7275509619,49818.34625169661,1008453.0617691177,49078.67912304911,992516.5238700038,48360.654753862356,977075.8387993294,47663.33693585628,962108.2189606649,46985.84269040395,947592.2520041078,46327.33853847731,933507.7986220091,45687.03707991696,919835.8993258344,45064.19385250728,906558.689296703,44458.104444513905,893659.3205054456,43868.101837138194,881121.8903882784,43293.55395580943,868931.3764432004,42733.861411416256,857073.576181542,42188.45541450813,845535.0519299986,41656.7958472083,834303.0800321171,41138.36947909914,823365.6040455071,40632.68831469176,812711.1915728418,40139.288061294945,802328.994401703,39657.726707172435,792208.7116611121,39187.58320083607,782340.5557317105,38728.45622318036,772715.2206724323,38279.96304493258,763323.8529495777,37841.73846258151,754158.024274762,37413.433806567155,745209.7063765808,36994.716016070306,736471.2475472649,36585.266775242315,727935.3508203209,36184.78170616703,719595.0536483421,35792.969614254805,711443.7089620436,35409.55178213702,703474.9675022175,35034.26130846287,695682.761325917,34666.84248830188,688061.2883968152,34307.05023212983,680604.9981774992,33954.64952062349,673308.5781485105,33609.414892715635,666166.9411853228,33271.12996456715,659175.2137302263,32939.58697729928,652328.7247013246,32614.58637149993,645622.9950856032,32295.93638667287,639053.7281673464,31983.45268394039,632616.8003471058,31676.95799043962,626308.2525099948,31376.28176397108,620124.2819053452,31081.259876566546,614061.2345027259,30791.734315742415,608115.5977920382,30507.552902296295
1.0619238476953907,1155710.121198982,55626.49795755852,1134887.149044905,54708.52175308292,1114801.2512184079,53820.351478345685,1095413.9727970813,52960.55866306351,1076689.4881790131,52127.804682252616,1058594.3801377588,51320.8338019229,1041097.4407886015,50538.46686086672,1024169.4919722071,49779.59552168259,1007783.2228809795,49043.17703208643,991913.0430274027,48328.22944443824,976534.9488893857,47633.82724739673,961626.4027709874,46959.09736883793,947166.2225927227,46303.21551373936,933134.4814780422,45665.40280473133,919512.4161349377,45044.922696527945,906282.3431468577,44441.07813853758,893427.5823876321,43853.20896267228,880932.3868629611,43280.689475775696,868781.8783579929,42722.92623821102,856961.9883380389,42179.35601202895,845459.4036088547,41649.443863802655,834261.5162952136,41132.68140869609,823356.3777426411,40628.58518365006,812732.6559879712,40136.695138743176,802379.5964804913,39656.573236832395,792286.9857674625,39187.80215251343,782445.1178862569,38729.98406227895,772844.7632306399,38282.739518502436,763477.1396812757,37845.706400549294,754333.8858106476,37418.53893692119,745407.0359905479,37000.9067928842,736688.9972463769,36592.49421852087,728172.5277168927,36192.99925258879,719850.7165909769,35802.132977966554,711716.9654045966,35419.61882482932,703764.9705915739,35045.19191802173,695988.7071911918,34678.59846539212,688382.4136241329,34319.59518411954,680940.577455907,33967.94876230878,673657.9220738387,33623.435353349276,666529.3942099456,33285.84010073544,659550.1522477063,32954.95669122848,652715.5552558546,32630.586934407133,646021.1526970069,32312.540366806847,639462.6747631632,32000.633878985966,633036.0232939826,31694.691363984497,626737.2632372436,31394.543385757464,620562.6146140933,31100.026866271033,614508.4449546183,30810.984790047318,608571.2621719253,30527.26592503328
1.0665330661322645,1154341.8535538672,55559.409958223005,1133626.5356794863,54646.22541613424,1113641.6067684186,53762.57399591774,1094349.1074939135,52907.045808704315,1075713.6641351439,52078.31930261349,1057702.2721145744,51275.15445097788,1040284.100923486,50496.386561311854,1023430.3180100672,49740.920640016455,1007113.9295138485,49007.72625547897,991309.635995943,48295.83284888853,975993.7015432612,47604.325447894735,961143.8348223065,46932.34074330332,946739.0808289172,46279.06349343571,932759.7222284148,45643.723224664165,919187.1893093216,45025.59120004591,906003.9776858682,44423.977630980284,893193.5729823573,43838.22910945878,880740.381817975,43267.72624081249,868629.6684856042,42711.88145892689,856847.4967840062,42170.13700772357,845380.6765206086,41641.96307433163,834216.7142531499,41126.85606081383,823343.7678834399,40624.33698259715,812750.6047563064,40133.9499829009,802426.5629520582,39655.26095347803,792361.5154920559,39187.85625289771,782545.8372047907,38731.34151441554,772970.3740245774,38285.34053620953,763626.4145170238,37849.49424741863,754505.6634450989,37423.45974401082,745600.217207201,37006.90938904027,736902.5409943662,36599.52997233176,728405.447527853,36201.02192506284,720102.077250997,35811.09858510484,711985.8798606013,35429.485509336104,704050.5970733506,35055.919829460916,696290.2465319643,34690.14964815612,688699.1067641043,34331.93347263088,681271.7031145643,33981.03968292263,674002.7945780472,33637.24603246915,666887.3614659806,33300.339178694,659920.5938463764,32970.11424152178,653097.8807007914,32646.374387903594,646414.7997470223,32328.930440582182,639867.1078803305,32017.600509462794,633450.7321897796,31712.20964408045,627161.7615097198,31412.589505768334,620996.4384695898,31118.578058236628,614951.1520080825,30830.01927536658,609022.4303203331,30546.762865112836
1.0711422845691383,1152979.889729098,55492.63828176936,1132371.2576243794,54584.20186619968,1112486.415347741,53705.02931574469,1093287.890899927,52853.729010049516,1074740.7550639291,52028.996188476,1056812.4093171926,51229.60627740222,1039472.3946232443,50454.40882334281,1022692.218743351,49702.32196867662,1006445.2000086772,48972.327414195104,990706.3257510677,48263.46581914556,975452.1238125305,47574.832595073334,960660.545745163,46905.57405468432,946310.8604791486,46254.8838812535,932383.5573803858,45621.999887877886,918860.2577444352,45006.20103918828,905723.6338825047,44406.80471105152,892957.3350504007,43823.16416636783,880545.9195546639,43254.66622734019,868474.7924431132,42700.72912660291,856730.1482511685,42160.80052137851,845298.9183317444,41634.35565641298,834168.7223462323,41120.89566284594,823327.8235380463,40619.94598142334,812765.0874490226,40131.05489957708,802469.9437734118,39653.79219289215,792432.3510747363,39187.747862373435,782642.764117945,38732.53095972233,773092.1035934566,38287.76849354879,763771.7280312431,37853.104410087224,754673.407722326,37428.19864256181,745789.300482272,37012.72622386715,737111.9291066584,36606.37645769827,728634.1603822921,36208.85214368698,720349.1855303544,35819.86885248326,712250.5019687776,35439.15424706588,704331.8962911881,35066.44744687886,696587.4283687772,34701.498431673885,689011.4164896092,34344.06748219581,681598.4234572395,33993.924655082,674343.2435771561,33650.84928955825,667240.8904655976,33314.62954370765,660286.5856207428,32985.06195826442,653475.7477012281,32661.951046045277,646803.982461442,32345.108905277575,640267.0732971308,32034.354855216992,633860.9723585716,31729.51509257004,627581.7921919574,31430.42236734864,621425.7978727212,31136.915676886507,615389.3995973539,30848.839976841045,609469.1457028355,30566.045908090942
1.075751503006012,1151624.1807409641,55426.180393738854,1131121.278271474,54522.44913082187,1111335.6512846425,53647.71596754871,1092230.3070095985,52800.60724563678,1073770.7535034698,51979.83471953163,1055924.791833837,51184.189019423,1038662.3286458369,50412.533705572074,1021955.2068186707,49663.79985247441,1005777.0522069624,48936.98110858049,990103.1347123035,48231.12918355843,974910.2421457451,47545.34972054593,960176.5655280725,46878.79851561032,945881.5946358802,46230.67805081448,932006.0227413418,45600.23431095258,918531.6596152604,44986.75385724105,905441.3519690541,44389.56113408753,892718.9106040093,43808.01598756316,880349.0436172227,43241.51137641435,868317.2950848003,42689.47125840813,856609.9887053713,42151.348636539544,845214.1759419928,41626.623751170875,834117.5882490422,41114.80240554251,823308.5930135414,40615.41441331573,812776.1528782938,40128.012157896344,802509.7881478118,39652.16925426068,792499.5420078625,39187.47930487518,782735.9483159854,38733.55474208007,773210.0017439573,38290.025750006746,763913.1300742531,37856.539259725774,754837.1684713598,37432.75801188716,745974.3355656345,37018.35968162284,737317.2112024607,36613.03606093898,728858.7157229714,36216.49229423995,720592.0906547478,35828.44616299856,712510.8807018024,35448.627415925825,704608.9169329811,35076.77714129916,696880.3010767715,34712.647178385494,689319.390838484,34355.99956514768,681920.7861629981,34006.606019651124,674679.3163727785,33664.24745279581,667590.0281167902,33328.713510188136,660648.1740712814,32999.80214113954,653849.2023382725,32677.319192936306,647188.7464920026,32361.078028668537,640662.6162275933,32050.899167037693,634266.7885698476,31746.609942681924,627997.3996034261,31448.04418566866,621850.7366886805,31155.041918904037,615823.2311301908,30867.44907230192,609911.4512675861,30585.117212638936
1.0803607214428856,1150274.678121266,55360.03378754372,1129876.5613238146,54460.96525603561,1110189.289043616,53590.632491399985,1091176.3398040435,52747.67949728467,1072803.6518507681,51930.8342726264,1055039.419502759,51138.902407118076,1037853.9094066821,50370.7612538787,1021219.2944616308,49625.35461953418,1005109.5034629381,48901.68791889282,989500.0847562386,48198.823747471935,974368.0824020118,47515.8778304309,959691.9235315563,46852.01531109845,945451.315731928,46206.44734633912,931627.1534333562,45578.42797956648,918201.4323909909,44967.25126534106,905157.1714560457,44372.2486222508,892478.3409216021,43792.78639320574,880149.7968073306,43228.26359443066,868157.2205166718,42678.109836345466,856487.0633609493,42141.7834012125,845126.4954985258,41618.76946393166,834063.3588844304,41108.578443699735,823286.1238677186,40610.74447544032,812783.849110833,40124.82399097272,802546.1445380641,39650.3944008371,792563.1370493511,39187.052868542065,782825.438761597,38734.41516976218,773324.1175627526,38292.11462969493,764050.669784536,37859.80113240035,754996.9948180526,37437.140196498316,746155.3715130435,37023.81211209463,737518.4362162417,36619.51113425612,729079.162317544,36223.94472875839,720830.8411845902,35836.83286619603,712767.0643770262,35457.90736087595,704881.7070413505,35086.91125121336,697168.9123959203,34723.59821862277,689623.0772235192,34367.73204214195,682238.8382959691,34019.08608625154,675011.0596616629,33677.442819556745,667934.8207326992,33342.59336218298,661005.4051135472,33014.33705990682,654218.2901179475,32692.481083197614,647569.1369250823,32376.840049486225,641053.7813299948,32067.23566710626,634668.2250468183,31763.496399470634,628408.6275266539,31465.45714815456,622271.2982549098,31172.95895365451,616252.6894956399,30885.848712683764,610349.3894529124,30603.978910947924
1.0849699398797594,1148931.3339108448,55294.19598409137,1128637.070793255,54399.74830618344,1109047.3032264523,53533.77743769372,1090125.973254906,52694.94475020559,1071839.442367935,51881.994221987676,1054156.2919203416,51093.74616273779,1037047.1429883004,50329.091501809235,1020484.493487709,49586.98658175941,1004442.5706554436,48866.44840582161,988897.1972291648,48166.550293790104,973825.6698642334,47486.4179059501,959206.6485018244,46825.2255991798,945020.0555544628,46182.19308329428,931246.9839074021,45556.58234915959,917869.6128493701,44947.69484315118,904871.1311466328,44354.86886521281,892235.6665621429,43777.47717014089,879948.2211984601,43214.924753813495,867994.6121106555,42666.64680793942,856361.4166947865,42132.10682854805,845035.9224098409,41610.79486490422,834006.0804372103,41102.225896834185,823260.462922566,40605.93832960913,812788.2234811499,40121.4925965686,802579.0606795426,39648.46986059246,792623.1842354545,39186.47080635841,782911.2837024105,38735.11451606545,773434.4994287809,38294.0374219701,764184.3956007522,37862.892329681956,755152.9351968392,37441.34750670361,746332.4566976399,37029.08583118654,737715.6524089829,36625.80399631197,729295.5482695572,36231.21176610205,721065.4850257634,35845.03127882375,713019.1006669858,35466.9963944722,705150.3140239164,35096.85208311316,697453.309441065,34734.3538511306,689922.5224422656,34379.26720266679,682552.6263149277,34031.36713376209,675338.5195450566,33690.4376569012,668275.3140407606,33356.271353854936,661358.3240871137,33028.66895487192,654583.055979927,32707.438942426572,647945.198290239,32392.397177867475,641440.6127152033,32083.366549436956,635065.3254745734,31780.176640248043,628815.5192152016,31482.66341491105,622687.525388897,31190.66892359894,616677.8170716618,30904.041022429716,610783.0021947728,30622.633109125778
1.0895791583166332,1147594.1006531978,55228.66453141475,1127402.7709981068,54338.796363733105,1107909.6685732233,53477.149367125174,1089079.1913281009,52642.40199311328,1070878.1171882018,51833.31393944297,1053275.4084489653,51048.72000101691,1036242.0351496879,50287.5244709671,1019750.815312851,49548.69603528634,1003776.2701994897,48831.26311099433,988294.4929594067,48134.30958352528,973283.0292520226,47456.97090401238,958720.7685841316,46798.430511510465,944587.8452586839,46157.91654902545,930865.5479572394,45534.6988455819,917536.2370907005,44928.08613951997,904583.2691506592,44337.42352082145,891990.9273791937,43762.090072570085,879744.3581498698,43201.49669368943,867829.5125184972,42655.08408690885,856233.0924600728,42122.32089751178,844942.5013593583,41602.70198984566,833945.7983675662,41095.74684984291,823231.6562774711,40600.998102933445,812789.322604535,40118.02013774015,802608.583592945,39646.39782685235,792679.7308932784,39185.735336781334,782993.5306832783,38735.65501992777,773541.1950252769,38295.79638204201,764314.3552735231,37865.815119243794,755305.0373622694,37445.38221919522,746505.6388212366,37034.18312149542,737908.9073792173,36631.916932794134,729507.9210292455,36238.2956925083,721296.0694401698,35853.04368537608,713267.0366097175,35475.89679739924,705414.7846633777,35106.60191201249,697733.5387117667,34744.91634357847,690217.7726866624,34390.60730554422,682862.1960827021,34043.45141080972,675661.7415378968,33703.234202055326,668611.5531916885,33369.74970995274,661706.9757643505,33042.80003734744,654943.5443061143,32722.194967648367,648316.9745685945,32407.75159579681,641823.1539548761,32099.293980309765,635458.1330080947,31796.65281500725,629218.117401496,31499.665119136345,623099.4603958365,31208.173944700517,617098.655732623,30922.028099889663,611212.3309340859,30641.08188758712
1.094188376753507,1146262.9313881793,55163.43700430788,1126173.6265607693,54278.10752909542,1106776.3599631789,53420.746850661606,1088035.9779874051,52590.05021832452,1069919.668321729,51784.792794630484,1052396.768224638,51003.82362947641,1035438.591335429,50246.06017139029,1019018.2709637773,49510.48326092447,1003110.618057518,48796.13255746891,987691.9922693344,48102.10235633256,972740.1847342988,47427.53775778227,958234.3113358099,46771.63115396697,944154.7153811649,46133.61900337317,930482.8787329736,45512.77886572578,917201.3405515326,44908.426673125585,904293.6228984004,44319.914215752564,891744.1625346545,43746.626822707054,879538.2483202908,43187.98122054511,867661.9636853487,42643.42355382444,856102.1336997661,42112.42755353932,844846.276318724,41594.4928407124,833882.5574241785,41089.14335364899,823199.7493221475,40595.92588846286,812787.1923897782,40114.408743468965,802634.7595967877,39644.18045892016,792732.8236530485,39184.84864435516,783072.226558304,38736.038886533366,773644.2513515607,38297.393731568656,764440.595876979,37868.57173544656,755453.348400314,37449.246577623926,746674.9649253807,37039.106232875405,738098.2480738523,36637.85219696942,729716.3274041163,36245.19876213538,721522.6410560824,35860.872338626534,713510.9186188745,35484.610818992835,705675.1651274019,35116.16298195946,698009.646101972,34755.28793306207,690508.8735524815,34401.7545794214,683167.5928754052,34055.34113625085,675980.7705778332,33715.834662882626,668943.5827682915,33383.030626272805,662051.4043590403,33056.73249010506,655299.7989290651,32736.75132775884,648684.5092010675,32422.905457540088,642201.4480895052,32115.02009869506,635846.6902801229,31812.92704683845,629616.4643045234,31516.464367529577,623507.1450761511,31225.47610682366,617515.2468566508,30939.812017711003,611637.4166239258,30659.327301436082
1.0987975951903808,1144937.779645778,55098.51100396711,1124949.6024053528,54217.67992044357,1105647.3524155528,53364.568469511934,1086996.317197901,52537.88842185552,1068964.0876612258,51736.43015520222,1051520.3701643965,50959.05674871559,1034636.8166845494,50204.69860191789,1018286.8710880106,49472.34852458493,1002445.6297503711,48761.05725021275,987089.714987074,48069.92933103061,972197.1599415703,47398.1193772341,957747.3037389835,46744.82860722719,943720.6958528844,46109.301679274795,930099.0087542996,45490.823778143334,916864.958018036,44888.71793310454,904002.2291539958,44302.342546146574,891495.410512194,43731.08911141903,879329.9316813088,43174.38010887059,867492.0068630627,42631.66705675169,855968.5827597614,42102.42870917711,844747.2905608307,41586.16938629719,833816.4016570719,41082.4174258335,823164.7867492939,40590.72374581088,812781.8780516218,40110.6605092803,802657.634319646,39641.8198826874,792782.5084601248,39183.81288031319,783147.4175026299,38736.26828790524,773743.7147345929,38298.83165923946,764563.1638200778,37871.16437991177,755597.9147394483,37452.94279316257,746840.481402203,37043.85738299115,738283.7207987828,36643.61201022693,729920.8135693301,36251.92319759525,721745.2458782963,35868.519460150324,713750.7924936533,35493.14067775206,705931.500978328,35125.537506538436,698281.6769094965,34765.470826595345,690795.8700485992,34412.71122325289,683468.8613914936,34067.03849964366,676295.651034082,33728.24121834672,669271.4467941271,33396.1162701124,662391.6535348388,33070.4684678195,655651.8631402553,32751.110163959158,649047.8450964558,32437.86089007025,642575.5376363203,32130.547016670578,636231.0394088839,31829.001432337387,630010.6016373845,31533.063240690775,623910.620732881,31242.57747412575,617927.6313328632,30957.394823222505,612058.2997365914,30677.3713808424
1.1034068136272546,1143618.5994399819,55033.88415763748,1123730.6637552907,54157.51167353339,1104522.6210902908,53308.61281509393,1085960.192929285,52485.9156035131,1068011.3669873846,51688.22538701921,1050646.212973488,50914.41905269498,1033836.7160391242,50163.43975054598,1017556.6259636375,49434.29207769682,1001781.3203679773,48726.037676569074,986487.6804579233,48037.791206108705,971653.9779779172,47368.71664969212,957259.7722129815,46718.02392733675,943285.8160119501,46084.965783351385,929713.9699234397,45468.83492364906,916527.123639071,44868.961379665874,903709.1240285806,44284.710078230426,891244.7091303874,43715.478598853464,879119.4475304576,43160.69510178807,867319.6826232016,42619.81641187965,855832.4813017851,42092.326244709155,844645.5866725659,41577.733562852234,833747.3744301983,41075.571051253675,823126.812566994,40585.39370176715,812773.4241229633,40106.77749784851,802677.2527121461,39639.31819123142,792828.8305867801,39182.630163167065,783219.1490239911,38736.34536348593,773839.6308403021,38300.11232134664,764682.1048577055,37873.5952220837,755738.7821615225,37456.47304505827,747002.2340050564,37048.43875786017,738465.3712293042,36649.19856261042,730121.4250778867,36258.47119047595,721963.9292980899,35875.98724083667,713986.7034285329,35501.4885618418,706183.8371826892,35134.72766936261,698549.6758453355,34775.467201593216,691078.8066060954,34423.479406773586,683766.0457606644,34078.54566171159,676606.4267161222,33740.45601896528,669595.188742002,33409.00878071441,662727.7664135819,33084.01009750403,655999.7796982029,32765.273590182565,649407.0246393767,32452.61999348527,642945.4645970523,32145.87681983084,636611.2220056797,31844.878042006298,630400.5706147164,31549.463793513645,624309.9281789439,31259.480085441966,618335.8495684683,30974.778538811235,612475.0202705553,30695.21613141064
1.1080160320641281,1142305.3452627237,54969.554118264794,1122516.7761309478,54097.60094152505,1103402.141288703,53252.87848899946,1084927.5891590407,52434.13076698109,1067061.4979741396,51640.17785434,1049774.2951523412,50869.91022901021,1033038.293952646,50122.283594773,1016827.5455088111,49396.31415761209,1001117.7045797623,48691.07430671094,985885.9075554818,48005.68866022088,971110.6614326831,47339.3304403572,956771.7426264526,46691.21814626169,942850.1046160227,46060.61249648071,929327.7935377826,45446.813615908366,916187.8709389596,44849.15844469093,903414.3429931243,44267.01834892521,890992.0955555612,43699.796915050545,878906.8345040254,43146.92791166674,867145.0308697643,42607.87340413574,855693.8703160092,42082.12200877014,844541.2065672897,41569.187274699005,833675.5184337546,41068.60618264813,823085.8701108563,40579.93775089689,812761.8744668039,40102.761739589776,802693.6590587146,39636.6774454007,792871.8346437383,39181.30257928404,783287.4659740388,38736.27222070617,773932.0446846883,38301.2378423451,764797.4641015566,37875.86639978003,755875.9958124169,37459.83948117361,747160.2678589522,37052.85251238454,738643.2444203225,36654.614013340266,730318.2068706151,36264.84490185388,722178.7361029976,35883.277841391384,714218.6960228331,35509.65662958547,706432.2181205577,35143.735624557135,698813.6870427988,34785.27920634518,691357.727087185,34434.06127096283,684059.1895525854,34089.864754798036,676913.140882228,33752.481187255624,669914.8515423132,33421.71026970382,663059.7855834415,33097.35947893814,656343.5908364404,32779.243693513185,649762.0896980616,32467.184841418428,643311.2704655537,32161.011567688955,636987.2791823415,31860.558920647585,630786.4119599831,31565.66805557126,624705.1077442634,31276.185954663062,618739.9414957381,30991.9651622927,612887.6177572845,30712.863534542936
1.112625250501002,1140997.9720779045,54905.51856415257,1121307.9053472204,54037.94589480575,1102285.888454039,53197.364102957414,1083898.4898754829,52382.53291990171,1066114.472193748,51592.28692000192,1048904.6150033248,50825.52995915722,1032241.5546981579,50081.230101935034,1016099.6392909972,49358.41498799912,1000454.7966447903,48656.167594082915,985284.4146925046,47973.6223526672,970567.232391878,47309.96159282006,956283.2403091893,46664.41227242736,942413.5898544501,46036.24297435635,928940.5103022313,45424.761142011885,915847.2328299665,44829.310532319185,903117.9208909778,44249.26886643999,890737.606314356,43684.045660541764,878692.1305895818,43133.080220723794,866968.0908516413,42595.839787787125,855552.7901334027,42071.81781894515,844434.1914970531,41560.532394824906,833600.8756962472,41061.52474122908,823042.0020559079,40574.357856127644,812747.2722879582,40098.615233242395,802706.8969890914,39633.899674388114,792911.564591483,39179.83218345253,783352.41255944,38736.05093554214,774021.0006447091,38302.21031540101,764909.2860308035,37877.98001973151,756009.6002124969,37463.04421851717,747314.6274707919,37057.100770872064,738817.3848163727,36659.86049132528,730511.2032859763,36271.04646279608,722389.7104863968,35890.39339282965,714446.8142900903,35517.647009948516,706676.6875947153,35152.56349723307,699073.7540664787,34794.9089604799,691632.6747939854,34444.458928499844,684348.3357854662,34100.99788331267,677215.8362478517,33764.31881817205,670230.4775912432,33434.22282151619,663387.7531069361,33110.518685087285,656683.3382713483,32793.022534597316,650113.0816320147,32481.55748144123,643672.9962352887,32175.953294071416,637359.2515585528,31876.046087750547,631168.1659126368,31581.678031494823,625096.1992827764,31292.697071106497,619139.9465788646,31008.95666727448,613296.1312679495,30730.315547795268
1.1172344689378757,1139696.435315496,54841.77519862425,1120104.0175111317,53978.54472081368,1101173.8381719913,53142.068278794766,1082872.8790806765,52331.12107395244,1065170.2811217085,51544.551945595595,1048037.1706373111,50781.27791878884,1031446.5022761613,50040.27922953119,1015372.9165359746,49320.59477922531,999792.6104216446,48621.317975831036,984683.2198314783,47941.592923862496,970023.7124493037,47280.610929561655,955794.2900636691,46637.60729124403,941976.2993601146,46011.858348033085,928552.1503412639,45402.67876303647,915505.2416245005,44809.419019520414,902819.8919501468,44231.46311085171,890481.2773060104,43668.226406935144,878475.3731382329,43119.153681612064,866788.9011748008,42583.717287028754,855409.2804378142,42061.41546235638,844324.582064557,41551.770765466994,833523.4875963028,41054.32861726189,822995.2504282416,40568.655949323576,812729.660144523,40094.339946435066,802717.0094896088,39630.98687629219,792948.0637513405,39178.22099943581,783414.0323527557,38735.68355306138,774106.54246895,38303.03180292932,765017.6145025572,37879.93815811081,756139.6392668596,37466.089343763524,747465.3567394051,37061.18562754715,738987.8362614426,36664.94009566443,730700.4580696772,36277.07797485274,722596.896056918,35897.33599695934,714671.101667262,35525.4618030123,706917.2888396537,35161.21338395232,699329.9199210505,34804.358555421044,691903.6924771231,34454.674464210504,684633.526934474,34111.94712416938,677514.554993849,33775.97097953489,670542.1087588016,33446.54849381809,663711.7105287954,33123.48976251488,657019.0632098437,32806.612148047025,650460.0412995326,32495.739935458812,644030.6824066858,32190.704007505454,637727.179269042,31891.341537870878,631545.8722351536,31597.49570134561,625483.242179314,31309.015399880856,619535.9038206898,31025.7550035133,613700.5994200082,30747.57410522735
1.1218436873747495,1138400.690865727,54778.32174969075,1118905.0790194296,53919.39562386346,1100065.9661711361,53086.989648395844,1081850.7407932382,52279.89424491873,1064228.9161415168,51496.97229163328,1047171.9599800436,50737.153777963504,1030653.1404223065,49999.430925539615,1014647.3861366021,49282.85372872927,999131.1593780597,48586.5258732216,984082.3404949439,47909.60099579343,969480.122717413,47251.27925244131,955304.9161763258,46610.804165619986,941538.260221009,45987.45972445984,928162.7432107242,45380.56771459299,915161.9290470383,44789.48525665381,902520.2897952881,44213.60253467244,890223.1438143809,43652.340697487285,878256.5988766148,43105.14991799485,866607.4998142183,42571.50759655871,855263.3802778093,42050.916696237306,844212.4182348658,41542.90419868351,833443.3948742425,41047.01967063269,822945.6566164283,40562.833931848065,812709.0799591175,40089.937816243466,802724.0389142481,39627.94101866711,792981.3748163445,39176.47102051492,783472.368303109,38735.17208795777,774188.7132880908,38303.70433712069,765122.4927621279,37881.74286105105,756266.1562753886,37468.97691376305,747612.4989653976,37065.109147051975,739154.6420086166,36669.85489613905,730886.0143841091,36282.9415105405,722800.3358476766,35904.10772685526,714891.6010237596,35533.10308043954,707154.0645304106,35169.687353183916,699582.2270599151,34813.630054834684,692170.8223441835,34464.70993550598,684914.8049399961,34122.714527216114,677809.3387745599,33787.4397124519,670849.7863967285,33458.68931792008,664031.6988836876,33136.27473178689,657350.8063569376,32820.01454283663,650803.0090650935,32509.734200098428,644384.3689943654,32205.26569159969,638091.1019706504,31906.447241003665,631919.5702199476,31613.12302098038,625866.2753563662,31325.142882243916,619927.8517693261,31042.362097265934,614101.0603836866,30764.641117746534
1.1264529058116233,1137110.6950733406,54715.1559697225,1117711.0565561776,53860.496824972615,1098962.248323303,53032.12685365978,1080832.0590510166,52228.85145276211,1063290.368549264,51449.547317710516,1046308.9807783162,50693.15720138582,1029861.4726148658,49958.68512872413,1013923.0566613459,49245.192021382645,998470.4566003009,48551.79169204852,983481.7937755549,47877.64717246346,968936.4838379016,47221.96734317226,954815.1424285484,46584.00383646179,941099.4989915387,45963.04818699921,927772.3179093378,45358.429207361085,914817.3262457818,44769.51056801403,902219.1474594428,44195.68856340322,889963.2405196958,43636.39004766249,878035.8439186246,43091.07052510779,866423.9241255476,42559.21238214079,855115.1280782509,42040.32324849421,844097.7393468723,41533.93447691294,833360.6376434079,41039.59973140364,822893.2613826945,40556.893675114196,812685.5730298909,40085.41074973515,802728.0269954727,39624.76403906129,793011.5398618825,39174.5842100201,783527.4627466389,38734.51852507563,774267.5556251622,38304.229920457736,765223.963453084,37883.396145153856,756389.1939426132,37471.708956041715,747756.0968608075,37068.873364937564,739317.8447295303,36674.6069336953,731067.914817603,36288.639113816105,723000.072325333,35910.71062732409,715108.3546703106,35540.57288593041,707387.0567912397,35177.98744575148,699830.7173936783,34822.72549506815,692434.1060680051,34474.56737281296,685192.2112157524,34133.302115656705,678100.228725742,33798.72703173167,671153.5513462509,33470.64729918179,664347.7587038039,33148.875587868904,657678.6079231518,32833.231702691766,651142.0248066122,32523.542247090703,644734.0955342356,32219.640305417714,638451.0588492741,31921.365142949446,632289.2986961605,31628.561922410125,626245.3372807241,31341.0814359542,620315.8285246554,31058.77985163371,614497.5518883355,30781.518473445427
1.131062124248497,1135826.4047319333,54652.27563512695,1116521.9170903491,53801.84656168957,1097862.6606438863,52977.47854645628,1079816.8179136682,52177.99172168452,1062354.6295580857,51402.27638266213,1045448.2306059704,50649.28784863961,1029071.502082005,49918.04176893212,1013199.9363625894,49207.6098298419,997810.514802311,48517.11582303027,982881.596345892,47845.73204032669,968392.8159920471,47192.67596378577,954324.9921074263,46557.20722316255,940660.0417035659,45938.624795935146,927380.9028899695,45336.26442761169,914471.4638040547,44749.49625236477,901916.49739551,44177.722596075706,889701.601510054,43620.37594567967,877813.1437769014,43076.917070308475,866238.2108565479,42546.83328115507,854964.5616516413,42029.63681825593,843980.5841245315,41524.8633535214,833275.255401265,41032.07060035686,822838.1048738724,40550.8370211241,812659.1800413161,40080.76062450342,802729.0148548464,39621.457845545,793038.6003561348,39172.56250185177,783579.3574167534,38733.724819923475,774343.11140561,38304.61052622113,765322.0686271212,37884.899997987646,756508.7943873808,37474.28746929106,747896.1925585838,37072.48028814558,739477.4865236523,36679.19822091747,731246.201393517,36294.17280054129,723196.1473989848,35917.146715360715,715321.4043676627,35547.873235670326,707616.3072041246,35186.115675272595,700075.4322984812,34831.646885580856,692693.5847948276,34484.24877999616,685465.7866567622,34143.71188646507,678387.2654723619,33809.83492628966,671453.4439457038,33482.42441741,664659.9300263138,33161.29430051619,658002.5076318107,32846.26558647168,651477.1279225714,32537.166023644255,645079.9010904673,32233.829783845238,638807.0886266864,31936.097165674008,632655.096036338,31643.814314152634,626620.4659700129,31356.832955616497,620699.8717447204,31075.01014690114,614890.1112286883,30798.20803793382
1.1356713426853706,1134547.7770783692,54589.67854603061,1115337.627873423,53743.443087923035,1096767.1792920996,52923.04338858025,1078805.001465121,52127.3140801887,1061421.6903024635,51355.15884471222,1044589.7068697162,50605.54537441361,1028283.2318088516,49877.50076738364,1012478.0331847187,49170.10731489077,997151.3463346221,48482.49864219617,982281.7644680339,47813.856168710656,967849.1389107984,47163.405857083446,953834.4880162345,46530.415224078395,940219.913877196,45914.1905889684,926988.5260706231,45314.07453771721,914124.3717514422,44729.44358346016,901612.3714874672,44159.70600578146,889438.2602926755,43604.29985304683,877588.5333740618,43062.69109361413,866050.3961582693,42534.37190313646,854811.7182092246,42018.85907641168,843860.9906878562,41515.692553338384,833187.2870402733,41024.43404952673,822780.2266321323,40544.66578299695,812629.9410747619,40075.98928919014,802727.0430134397,39618.024317227355,793062.5971703071,39170.40780099101,783628.0934541809,38732.79289917739,774415.4219671589,38304.84809898567,765416.8497537384,37886.2563785759,756624.9991523431,37476.71442384876,748032.8276218802,37075.931895480724,739633.6089273895,36683.63074249224,731420.9155791512,36299.544558938665,723388.6024288947,35923.417980595776,715530.7913351231,35555.00611876927,707841.8568171364,35194.07402858964,700316.412624174,34840.39620936703,692949.2991522873,34493.756134772855,685735.5716471677,34153.945810791665,678670.4891362474,33820.76535954664,671749.5040380144,33494.022627249156,664968.2524006839,33173.53281465651,658322.5447261998,32859.118128544455,651808.3573390244,32550.60745281349,645421.8242623451,32247.836037950492,639159.2295672408,31950.645207661608,633017.0001629863,31658.882081578675,626991.6989991071,31372.39931302118,621080.0186520035,31091.054840868524,615278.7752710049,30814.711654664734
1.1402805611222444,1133274.769787265,54527.362525965866,1114158.1564369784,53685.28467377245,1095675.780571164,52868.82005170422,1077796.5938159334,52076.81756113458,1060491.5418423843,51308.19406161841,1043733.4068147804,50561.929428719704,1027496.664544368,49837.062036952026,1011757.3547719998,49132.6846257728,996492.9631930396,48447.94051126248,981682.314002892,47782.02011022807,967305.4718846222,47134.15774707854,953343.6524846788,46503.62871699323,939779.1405313159,45889.74658170009,926595.2148451913,45291.86067664982,913776.0795746854,44709.35381055404,901306.8010613455,44141.6401401893,889173.2498049052,43588.16320508373,877362.0470536934,43048.39410822717,865860.5155959976,42521.82983030151,854656.6343718589,42007.991666137335,843738.9965636878,41506.423773181035,833096.7708585365,41016.691822721135,822719.6656054911,40538.381745486,812597.895618854,40071.09856399778,802722.1514020313,39614.46530476253,793083.5705886598,39168.12198399951,783673.7114168243,38731.72466117437,774484.528069488,38304.944555106405,765508.3477297298,37887.46721787592,756737.8492132644,37478.99176216957,748166.0430531772,37079.23013807387,739786.2529230206,36687.90645566385,731592.0982944964,36304.756350038864,723577.4782350553,35929.526385734796,715736.5562589418,35561.97349769269,708063.7461526358,35201.86446619284,700553.6987023436,34848.975423370546,693201.2892572713,34503.091389119756,686001.6060679152,34164.005834362455,678949.9393436022,33831.52026981991,672041.7709780529,33505.44385856491,665272.764895869,33185.59305076613,658638.757976601,32871.79123915549,652135.7515164769,32563.868433859705,645759.9031909987,32261.660955338248,639507.5194844558,31965.01114426196,633375.0485550169,31673.767087252138,627359.0735064365,31387.78235747757,621456.3060395992,31106.91576917872,615663.5804591131,30831.03114525465
1.1448897795591182,1132007.3409655595,54465.32542156275,1112983.4705902978,53627.369605360276,1094588.4409284573,52814.80721733029,1076791.5791055574,52026.501201792526,1059564.1751673673,51261.38139081095,1042879.3275303923,50518.43965710473,1026711.8028080409,49796.72548243667,1011037.9084762464,49095.34190051534,995835.3770271132,48413.441777998865,981083.2604193181,47750.22440117862,966761.8337731159,47104.93233942633,952852.507378897,46476.8485595726,939337.7461938924,45865.29376810419,926200.9960939676,45269.623960468394,913426.6162283315,44689.228158897946,900999.8168959647,44123.52632205113,888906.6024249842,43571.967411433216,877133.718591118,43034.027601049704,865668.6041599755,42509.20861806401,854499.346180663,41997.03620341067,843614.6386962486,41497.05868236768,833003.7445702371,41008.84563603196,822656.4601581182,40531.98666548514,812563.0825796325,40066.090241191174,802714.3793711087,39610.782630846195,793101.5603183466,39165.7068995098,783716.2512894281,38730.521976395954,774550.4699037218,38304.901783195455,765596.602888498,37888.534419248426,756847.3849881511,37481.121399287455,748295.879303232,37082.37693983656,739935.4589474669,36692.0272906807,731759.7899208234,36309.81010811942,723762.8151055982,35935.47386698907,715938.7393005444,35568.77730868463,708282.0152153309,35209.48892263528,700787.3303541965,34857.38645889229,693449.59472363,34512.25646967255,686263.9293043029,34173.89387787081,679225.6552323882,33842.10157070755,672330.2836398542,33516.69001682086,665573.5061073776,33197.476905239106,658951.1856872026,32884.286804789575,652459.3484566483,32576.950842606115,646094.1755660197,32275.306400497724,639851.9957474907,31979.196828031236,633729.2782540804,31688.471171264275,627722.626200186,31402.983916141584,621828.7702772798,31122.5947456383,616044.5628203468,30847.168309798435
1.149498997995992,1130745.4491471422,54403.565102244975,1111813.538417968,53569.69618466521,1093505.136955595,52761.00357674012,1075789.9415045008,51976.364043892594,1058639.5812003498,51214.720189526204,1042027.4659551017,50475.07570085499,1025928.6488963777,49756.49100082753,1010319.7013642894,49058.07926624422,995178.5991483853,48379.00277658496,980484.6188029847,47718.46956194008,966218.2430143874,47075.73032184371,952361.0741112278,46450.0755898063,938895.7549120316,45840.83312098845,925805.8961939154,45247.36548279388,913076.0101451485,44669.06783022743,900691.4492334314,44105.365849696376,888638.3499825845,43555.713856560906,876903.5812039202,43019.59303318654,865474.696275894,42496.50979553941,854339.8891074407,41985.994277515456,843487.9534574721,41487.59892322025,832908.2453158577,41000.897178334795,822590.6480804264,40525.482272524874,812525.5402905048,40060.966085588894,802703.7657006686,39606.97809070145,793116.6054990548,39163.164368705584,783755.752493054,38729.186687942194,774613.2871017366,38304.72164458914,765681.6550091858,37889.459858917646,756953.6463462112,37483.10522326855,748422.3762798592,37085.374197906516,740081.2669008954,36695.99515123351,731924.0303091106,36314.707741135055,723944.652805047,35941.26233449839,716137.3801046101,35575.419462182595,708496.7035001846,35216.94930694034,701017.3468982993,34865.631221989795,693694.2546697514,34521.25327811801,686522.5802533895,34183.61183736196,679497.6754595756,33852.51115146547,672615.0804237123,33527.762983448265,665870.5141642106,33209.18625074977,659259.8657028913,32896.60668852631,652779.1857091152,32589.856531786143,646424.6786319603,32288.774215144116,640192.6952875037,31993.204089066916,634079.7258707924,31702.996151561903,628082.3933643866,31418.00579433754,622197.4473174601,31138.09356253308,616421.7579713829,30863.124927178644
1.1541082164328658,1129489.05328757,54342.0794599309,1110648.3282774945,53512.26272935734,1092425.8453884786,52707.4078309442,1074791.6652164008,51926.40513367101,1057717.7508014545,51168.209814935486,1041177.8188819496,50431.83719719481,1025147.2048892364,49716.35848156233,1009602.7402252504,49020.89683949032,994522.640538441,48344.62382795801,979886.4038650565,47686.756097350066,965674.7176342172,47046.55236451896,951869.373649754,46423.31062644074,938453.1902618103,45816.36559244505,925409.9410287116,45225.08631527415,912724.289246313,44648.87400323773,900381.7277894152,44087.15999751545,888368.523769121,43539.40390024427,876671.6675622611,43005.091840437424,865278.8258151675,42483.73486603856,854178.2980648922,41974.86745153514,843358.9766571289,41478.046111556534,832810.3096721974,40992.84811177849,822522.2665989675,40518.87026925826,812485.3065220022,40055.72783504478,802690.3486098291,39603.053452555425,793128.7447124633,39160.49618579243,783792.2538943778,38727.72061199635,774673.0187452894,38304.405973806286,765763.5433256377,37890.245386422845,757056.6726166436,37484.94509565554,748545.5733565502,37088.223783084846,740223.7161551645,36699.81191488504,732084.8587883187,36319.45113114022,724123.030582421,35946.89367274594,716332.5178070071,35581.90184322512,708707.8500001817,35224.247503001505,701243.7871581794,34873.71159386968,693935.307725999,34530.083691578955,686777.597331275,34193.161584610774,679766.0382082667,33862.750877377905,672896.1992631484,33538.66461620937,666163.8267356823,33220.72293660903,659564.8354159226,32908.75273038934,653095.3003778408,32602.587331385952,646751.449194724,32302.066218554308,640529.6546039046,32007.03473533689,634426.4275908497,31717.34382427014,628438.4108649049,31432.849775874456,622562.3727010563,31153.41399093818,616795.20112398,30878.902755369574
1.1587174348697393,1128238.1127588432,54280.86640873879,1109487.8087969162,53455.06757263418,1091350.5431072842,52654.01869062974,1073796.7344800031,51876.62352191299,1056798.6747716274,51121.849624268536,1040330.3829634818,50388.72377947831,1024367.4726559756,49676.32780677606,1008887.0315776287,48983.79472648727,993867.5118567514,48310.30524015107,979288.629950643,47655.08449707769,965131.275254998,47017.39912051093,951377.4265276206,46396.55446940065,938010.0753578852,45791.8921142902,925013.1559985641,45202.78750803772,912371.480951369,44628.64783404831,900070.6817631949,44068.91001643243,888097.1545478432,43523.03887805066,876438.009798967,42990.525433778574,865081.0261049932,42470.88530755074,854014.6074166133,41963.657262835855,843227.7435527421,41468.40183717181,832709.9736621856,40984.70007226442,822451.3523861257,40512.15233193676,812442.4184913456,40050.37720091969,802674.1657662527,39599.010458106015,793138.0159915144,39157.704118459216,783825.7938148039,38726.12553828029,774729.703374976,38303.95657899734,765842.3065351921,37890.892825060866,757156.5025972634,37486.64285190342,748665.5093809288,37090.92754026475,740362.8455621151,36703.47943349169,732242.3141735111,36324.04213470325,724297.9871791904,35952.369740965376,716524.1910425816,35588.2263118514,708915.4932139553,35231.385369974894,701466.6894697908,34881.62943127284,694172.7920420205,34538.74956299225,687029.0184802504,34202.544967492475,680030.7811946924,33872.822590120995,673173.6776317599,33549.396749554,666453.4810381195,33232.08878911404,659866.1317724789,32920.72674768926,653407.7291275896,32615.145048980565,647074.5236278417,32315.184207896556,640862.9097705004,32020.690553002656,634769.4191810467,31731.51596400922,628790.7141553283,31447.517623356784,622923.5815632519,31168.557781022762,617164.9270906199,30894.503531735987
1.1633266533066131,1126992.5873442579,54219.923884696385,1108331.9488724258,53398.109063058524,1090279.2071364115,52600.834876107605,1072805.1335710576,51827.01826399276,1055882.3438561547,51075.63897493255,1039485.154716616,50345.73507737544,1023589.4538614366,49636.398851543345,1008172.5816761982,48946.77302346156,993213.2234483201,48276.04730862275,978691.3110470497,47623.455235986214,964587.933104464,46988.27122613882,950885.2528521406,46369.80790020093,937566.4328628796,45767.4135984937,924615.566029808,45180.47009013737,912017.6121879712,44608.39045665725,899758.3398474911,44050.61713436721,887824.2725637074,43506.62010180507,876202.6395194106,42975.89519983381,864881.3299382012,42457.962573216486,853848.8509868889,41952.365223539375,843094.2888593004,41458.6676643107,832607.2727644979,40976.45466991603,822377.9415696213,40505.330110876595,812396.9128718188,40044.91586854367,802655.2542953822,39594.85082297942,793144.4568295067,39154.78990833045,783856.4100394093,38724.403230501135,774783.3789990126,38303.37524238487,765917.9828073054,37891.40397232018,757253.1745629649,37488.20030180696,748782.222683053,37093.487288852186,740498.6934617041,36706.999533617236,732396.4347738281,36328.482583313234,724469.5608370849,35957.69237354038,716712.4379528068,35594.39470349378,709119.6711532754,35238.36474266452,701686.091688845,34889.386566852634,694406.7452939214,34547.25272147991,687276.8811758223,34211.763810346754,680291.941675086,33882.728108120085,673447.5525499455,33559.961194969976,666739.5138414446,33243.285611891806,660163.7912791108,32932.53053536067,653716.5081902331,32627.531470064463,647393.9378786448,32328.12995855454,641192.4964415337,32034.173306737117,635108.7359951852,31745.514324206135,629139.3382827537,31462.011078489923,623281.1086391598,31183.526662349504,617530.9702900543,30909.92897332688
1.167935871743487,1125752.4372333295,54159.24984545518,1107180.7176660055,53341.38556439767,1089211.814644391,52547.855117258405,1071816.846804131,51777.58841991062,1054968.748748067,51029.577224626664,1038642.1305273684,50302.87071705193,1022813.149971768,49596.57148411399,1007459.3965187329,48909.83181691444,992559.7853511417,48241.85031657808,978094.4607918288,47591.86877448661,964044.708024216,46959.169301362446,950392.8723136868,46343.07168234866,937122.2849965604,45742.93093759856,924217.1955842917,45158.13506998349,911662.7094014139,44588.10298338525,899444.7302380878,44032.282556687525,887549.9075530455,43490.14886004771,875965.5878111814,42961.20250133564,864679.7695829021,42444.968091790375,853681.0620702888,41940.99282098618,842958.6467587792,41448.84513212915,832502.2419229812,40968.11348953864,822302.0697418235,40498.40523091547,812348.8258019616,40039.345497668925,802633.650789502,39590.57623717858,793148.104189013,39151.75527140949,783884.139825711,38722.555426789055,774834.0831018576,38302.663720695455,765990.609792016,37891.78060030665,757346.726274027,37489.61922991992,748895.7510835597,37095.904823178505,740631.2976899935,36710.374016938695,732547.2584003132,36332.774283778876,724637.7893057639,35962.86338039677,716897.2961932935,35600.408829362896,709320.4213504046,35245.18743190049,701902.0311980126,34896.98480954614,694637.2046913166,34555.594972713465,687521.2224336122,34220.819914335356,680549.5564524384,33892.46922690042,673717.8605915173,33570.359741327135,667021.9614756458,33254.31518623673,660457.8500090693,32944.165866293064,654021.6733709474,32639.748358376004,647709.7274743284,32340.905224445552,641518.4498576194,32047.484740036605,635444.4129798868,31759.340637400564,629484.3178934742,31476.331862380266,623634.9882693944,31198.32234416898,617893.3647527585,30925.180777164107
1.1725450901803607,1124517.6230167812,54098.84227000864,1106034.084603063,53284.89545546407,1088148.3429437487,52495.0781534776,1070831.8585343354,51728.333054327064,1054057.8800914295,50983.66373145187,1037801.3066554423,50260.130321343604,1022038.5622600865,49556.845566141514,1006747.4818525544,48872.971183896465,991907.2073034734,48207.71453528148,977498.0924806362,47560.32555888209,963501.6164780437,46930.09395015313,949900.3041943831,46316.34656173563,936677.6535448083,45718.445005130765,923818.0686685524,45135.78343576768,911306.7985639524,44567.786505309785,899129.8806432438,44013.90746665097,887274.0887530237,43473.62641848151,875726.8852535589,42946.44867757638,864476.3767919339,42431.903268094065,853511.2734410638,41929.54151818884,842820.8509094659,41438.93575514687,832394.9155558882,40959.678091069974,822223.7719688828,40491.37929186015,812298.1928945819,40033.66772291368,802609.3913166205,39586.18836552276,793148.9945106282,39148.60189851331,783909.0199122735,38720.58384012655,774881.8526526664,38301.823745583315,766060.2246282494,37892.02445616112,757437.1949842656,37490.90139596645,749006.1319016624,37098.18191290534,740760.6955869903,36713.604660644625,732694.8223735989,36336.9190186202,724802.7098503461,35967.88454738736,717078.8029411673,35606.270476825805,709517.7808653221,35251.85522491039,702114.5449139976,34904.42594493877,694864.2069842553,34563.778099271825,687762.0788161373,34229.71505779323,680803.6618831326,33902.047719431735,673984.6378901947,33580.5941552154,667300.8598371345,33265.17927144213,660748.3436085285,32955.634491656114,654323.260054303,32651.797456216493,648021.9275279153,32353.511738333407,641840.8048515818,32060.626575527705,635776.4846803054,31772.99661554586,629825.687238575,31490.4816758303,623985.2544055468,31212.946515708954,618252.1441262937,30940.260620526078
1.1771543086172345,1123288.1056816038,54038.699158414696,1104892.0193700828,53228.6371299574,1087088.7694908332,52442.50273361974,1069850.1531589844,51679.25123659431,1053149.7284845219,50937.897854016664,1036962.6792386817,50217.51350992501,1021265.6918119875,49517.22095290528,1006036.8431809108,48836.19119227439,991255.4987509253,48173.64022436127,976902.219074898,47528.8260217042,962958.6745600546,46901.04576085574,949407.5673765935,46289.633267021374,936232.5598683857,45693.956655999595,923418.2088427908,45113.41615587658,910949.9051839222,44547.442092689475,898813.8182929055,43995.49302583724,886996.8449109028,43457.054020410054,875486.5619267814,42931.635044849616,864271.182812115,42418.76948345961,853339.5173623537,41918.01275427573,842680.9344550977,41428.94102369041,832285.3275649309,40951.15001002131,822143.0827996783,40484.253868924905,812245.0492455896,40027.88415419712,802582.511429181,39581.68884807819,793147.1637215465,39145.33145569848,783931.0865271459,38718.49015876933,774926.7241135875,38300.85702404563,766126.8639519664,37892.13726246884,757524.6174490316,37492.04853524453,749113.4019629994,37100.32030342181,740886.9240043432,36716.693217825916,732839.1635314511,36340.91854645286,724964.3592588028,35972.75763666974,717256.9949023111,35611.98140977708,709711.7862928179,35258.36988568375,702323.6692944841,34911.71173562217,695087.7884700238,34571.80386099267,687999.48643947,34238.45099657336,681054.2938834659,33911.465336466616,674247.920145989,33590.66618127674,667576.2443949935,33275.87960512591,661035.3073027023,32966.93814121905,654621.3032102522,32663.680484763445,648330.5727441151,32365.951212135722,642159.5958541915,32073.600515268674,636104.9852457449,31786.483950304544,630163.4801794307,31504.462199628524,624331.9406155708,31227.400846458768,618607.341680581,30955.170161226797
1.1817635270541083,1122063.8466061822,53978.81853152267,1103754.4919122828,53172.60899630813,1086033.071885604,52390.127615941994,1068871.715119168,51630.34204078516,1052244.284482915,50892.27895153873,1036126.2442973956,50175.01989947294,1020494.539530906,49477.6974935261,1005327.4857691928,48799.491900991,990604.6688533764,48139.62763210657,976306.8532092941,47497.370582040516,962415.8980026087,46872.02530654191,948914.6803512165,46262.93251000754,935787.0249115041,45669.466726888684,923017.6392296447,45091.03417929635,910592.0543146579,44527.07079537904,898496.5699477205,43977.04037457094,886718.2042931044,43440.43288716592,875244.6474211273,42916.76289688231,864064.2183933061,42405.56809616362,853165.8255952065,41906.40794492585,842538.9300338172,41418.86240432714,832173.5113441511,40942.530757909764,822060.0362745941,40477.030513161226,812189.4294426625,40021.996377165684,802553.0461726057,39577.07930058047,793142.6472439773,39141.94558467896,783950.3753961436,38716.27604665916,774968.7334479038,38299.76523882998,766190.5639041623,37892.120717661346,757609.0299330641,37493.06235902174,749217.597607338,37102.32171623428,741010.0193128993,36719.64141785938,732980.3182361784,36344.774602365294,725122.7738492199,35977.48438707708,717431.908318481,35617.54336900327,709902.4737694631,35264.73315533,702529.4403449626,34918.84392154571,695307.984999829,34579.67399531749,688233.4809797829,34247.029464385465,681301.4879360552,33920.723806872906,674507.7426314742,33600.577542531355,667848.1501971177,33286.4179035506,661318.7759018546,32978.07852366468,654915.8374000137,32675.39914437861,648635.6974250862,32378.225337225977,642474.856899805,32086.408241045672,636429.9484351812,31799.80431333901,630497.7301931141,31518.275094834476,624675.0800890761,31241.68698644889,618958.9903130858,30969.91103788997
1.1863727454909818,1120844.8075554885,53919.198430703866,1102621.4724312848,53116.809477522635,1084981.2278713875,52337.951568047094,1067896.5289012627,51581.604545719376,1051341.538602445,50846.80638394248,1035291.9977385562,50132.64910382441,1019725.1061433321,49438.275031175806,1004619.4146509897,48762.873360317986,989954.7264917198,48105.676995756476,975712.0071990609,47465.959645854295,961873.3021840742,46843.03314535477,948421.6612257913,46236.24498600307,935341.0692102077,45644.97603663808,922616.3825227731,45068.63843600819,910233.2705632227,44506.67364323514,898178.1619078616,43958.55063233523,886438.1946940866,43423.76421852994,875001.1708458067,42901.83350525771,863855.5137972888,42392.30044185218,852990.2294074153,41894.728482794424,842394.8697869484,41408.70134029039,832059.4997886183,40933.8218226819,821974.6659341202,40469.71075187883,812131.3675737407,40016.00595361097,802521.0300936748,39572.361314848575,793135.4800034002,39138.44590323573,783966.9217509725,38713.94314382856,775007.9161280215,38298.550048833975,766251.360138715,37891.97649641052,757690.4682181989,37493.94455492381,749318.7546961397,37104.18784934887,741130.0174101252,36722.45096678415,733118.3223819077,36348.4888982891,725277.9894769293,35982.06651448217,717603.5789742933,35622.95807254061,710089.8789804562,35270.946752430056,702731.8936254365,34925.824220361734,695524.8319853679,34587.39021763054,688464.0976797794,34255.45217312878,681545.2790961358,33929.82483796029,674764.140197954,33610.32994069811,668116.6118762495,33296.79586193778,661598.7838072102,32989.0573268978,655206.8967818595,32686.95511491052,648937.3354760997,32390.335784730414,642786.6216319122,32099.05141466404,636751.4076226926,31812.95935659707,630828.4703777136,31531.922003058924,625014.7056425383,31255.806566525825,619307.12255392,30984.484870218705
1.1909819639278556,1119630.95067634,53859.836917586494,1101492.9313827958,53061.23701102972,1083933.2153345959,52285.973366825434,1066924.5790383657,51533.03783498765,1050441.4813220864,50801.47951195283,1034459.935359877,50090.40073412996,1018957.3922038852,49398.9534032807,1003912.6346339901,48726.33561210185,989305.680274439,48071.7885417819,975117.6930471213,47434.593606295966,961330.9021363956,46814.06982084537,947928.5277324194,46209.57137418111,934894.7129005593,45620.48538661759,922214.4609952499,45046.22983737461,909873.5780989457,44486.25164651294,897858.6200216602,43940.02489817622,886156.8434450311,43407.04919314128,874756.1608376678,42886.848119829185,863645.0988064598,42378.96783395693,852812.7595821787,41882.97573792957,842248.7853675978,41398.45925189573,831943.3253029537,40925.02466912855,821887.0048272874,40462.296089058305,812070.8972353585,40009.91442187915,802486.4972487458,39567.53645919056,793125.6964366626,39134.83400561834,783980.7603371994,38711.49306679785,775044.3071433085,38297.21308949711,766309.2878300896,37891.7062500152,757768.9676109314,37494.69678731553,749416.9086199857,37105.92037764669,741246.9537273906,36725.12354767106,733253.2114017281,36352.06312336233,725430.0415415114,35986.50571215475,717772.0422040893,35628.227216026266,710274.0371663467,35277.01237338119,702931.0642570088,34932.65432776444,695738.3644052774,34594.95422159166,688691.3713550132,34263.72081321876,681785.7019977478,33938.77011580102,675017.1472815191,33619.92505650931,668381.6636559125,33307.015154776884,661875.3650167617,32999.87621834829,655494.5151167999,32698.350055991872,649235.5204111092,32402.28420581965,643094.9233085876,32111.531678234365,637069.3958027996,31825.950712592763,631155.7334575604,31545.404546739235,625350.849724418,31269.761198622142,619651.770570855,30998.89325926042
1.1955911823647294,1118422.238492721,53800.73207379444,1100368.8394742955,53005.8900485286,1082889.0123044183,52234.1917983967,1065955.8501116633,51484.64099697336,1049544.1030867328,50756.29769718527,1033630.0528537661,50048.27439900182,1018191.3981002528,49359.7324417192,1003207.1503057305,48689.878690003505,988657.5385440254,48037.96248616008,974523.9224510426,47403.27284400734,960788.7125524903,46785.13586230111,947435.2972355046,46182.91233792735,934447.9757266529,45595.99556109146,921811.8965077732,45023.80927651742,909513.000661778,44465.80579625432,897537.9696940583,43921.464251098856,885874.1774223509,43390.28896889893,874509.645569725,42871.80796912553,863433.0027323501,42365.57156410247,852633.4464265826,41871.15105818082,842100.707949082,41388.13753694904,831825.019809687,40916.14073929143,821797.0855199356,40454.788005755465,812008.0515408141,40003.72329727257,802449.4812118126,39562.60627880167,793113.3304999238,39131.111462938854,783991.9254220726,38708.927408964424,775077.9410077868,38295.755973185325,766364.3816808974,37891.31160678055,757844.5629498449,37495.32069767477,749512.0943058667,37107.52095325234,741360.8632371223,36727.66082098535,733385.0202747064,36355.498944286366,725578.9649936756,35990.80365111243,717937.3328986762,35633.35247304328,710454.9831296433,35282.93169273619,703126.9869283552,34939.33591782287,695948.6168114756,34602.36767946334,688915.3364000975,34271.837053908166,682022.7908598175,33947.56130554503,675266.7979090034,33629.36455002005,668643.3393562408,33317.077436128915,662148.5531309808,33010.53684526903,655778.7257741761,32709.585607331792,649530.2853582237,32414.072231995575,643399.7948078527,32123.850654453898,637383.9455957139,31838.77999468231,631479.5517883729,31558.72432941021,625683.5444201971,31283.552476022287,619992.9661742566,31013.137787667645
1.2002004008016032,1117218.6339011726,53741.88200068987,1099249.1676627456,52950.76705583838,1081848.596952477,52182.60565805098,1064990.3267517386,51436.4131248719,1048649.3943098828,50711.26030223227,1032802.3458111738,50006.2697046574,1017427.1240579974,49320.611973013874,1002502.9660392003,48653.502619731116,988010.309383238,48004.19903464219,973930.7068098306,47371.99772741787,960246.7477934737,46756.231785066215,946941.9867393188,46156.26852518043,934000.8770484448,45571.50732757483,921408.7105166991,45001.37762868686,909151.5615704696,44445.33706466717,897216.2358948829,43902.869750454,885590.2230560217,43373.48468335437,874261.6527595109,42856.71426074751,863219.2544239716,42352.11290250523,852452.3197799176,41859.25576959862,841950.6682331925,41377.737571145975,831704.6147574498,40907.17145286155,821704.9401028253,40447.18796049765,811942.8631281847,39997.434072443146,802410.0150824166,39557.572296154314,793098.4156764502,39127.279823557976,784000.4508021993,38706.24774098466,775108.851767685,38294.18028956813,766416.6759293219,37890.794172390146,757917.2886129024,37495.817904959375,749604.3462243422,37108.9912058952,741471.7804598295,36730.064424942495,733513.7835327793,36358.798005676115,725724.7943420154,35994.961980465065,718099.4855119522,35638.33549545911,710632.7512413042,35288.70636353602,703319.6959020848,34945.870643307906,696155.623335393,34609.63224243173,689136.0267948081,34279.80254360238,682256.5794921366,33956.20005172962,675513.1257038378,33638.65006091209,668901.6723997146,33326.98433992457,662418.3813584324,33021.04083502852,656059.5617371588,32720.663389003093,649821.663065094,32425.70147537307,643701.2686329486,32136.009946883096,637695.0892525045,31851.448797335466,631799.9573623128,31571.882935970214,626012.8214573337,31297.18197362363,620330.7408219371,31027.220019954086
1.204809619238477,1116020.1001662398,53683.284819119726,1098133.8871523016,52895.866512749024,1080811.94759246,52131.21375018925,1064027.9936398102,51388.35331670817,1047757.3453762365,50666.36669074623,1031976.8097253204,49964.3862550583,1016664.5701452302,49281.59181851789,1001800.0859983008,48617.20741926698,987364.0006212071,47970.498383014026,973338.0572305626,47340.76861303393,959705.0218957139,46727.35809085453,946448.6128953979,46129.6405687642,933553.4358494086,45547.02143718193,921004.9240818961,44978.935751622754,908789.2837305688,44424.84640549648,896893.4431669444,43884.24243631722,885305.0063377372,43356.63745409604,874012.209677259,42841.56818175612,863003.8822759923,42338.59309836412,852269.4090218248,41847.29117682623,841798.6964582924,41367.26070846349,831582.1411290072,40898.11820756953,821610.6001995872,40439.497389672244,811875.3641681835,39991.048217778254,802368.1314934017,39552.43601138066,793080.9849842627,39123.34061346389,784006.3698110734,38703.45561114846,775137.0730088468,38292.48760598864,766466.2043564008,37890.155530271186,757987.1785246041,37496.19000596722,749693.6983965699,37110.33274326438,741579.7394710021,36732.33597585762,733639.5352675193,36361.9619304038,725867.5636596465,35998.98232775306,718258.5340674113,35643.177913758336,710807.3754471149,35294.33801763672,703509.2250209883,34952.26013601338,696359.4176940952,34616.74954092226,689353.4761100825,34287.61891016927,682487.1013012347,33964.687978583555,675756.1638918043,33647.78320879253,669156.6958167934,33336.73748025745,662684.8825212927,33031.38979539865,656337.0556081515,32731.58500172456,650109.6859042045,32437.173528957108,643999.3769175198,32148.01114021737,638002.8586601741,31863.958696402242,632116.9818129591,31584.881932942957,626338.7122101332,31310.651248193335,620665.1256239276,31041.141502746734
1.2094188376753505,1114826.600915989,53624.93866916619,1097022.9693920468,52841.18691287389,1079779.042679723,52080.0148882637,1063068.8355089189,51340.46067535188,1046867.9466442076,50621.61622751927,1031153.4399953209,49922.623652044815,1015903.7362771671,49242.6717945963,1001098.5141431685,48580.993099088344,986718.6198393946,47936.86071735024,972745.9845348622,47309.58584572105,959163.5485777307,46698.51526805512,945955.1920097696,46103.02908671256,933105.6707440283,45522.53862496667,920600.5578744338,44956.484485907546,908426.1896422552,44404.33475438748,896569.6156339656,43865.58332985948,885018.5528288988,43339.748379125725,873761.343153916,42826.370899052854,862786.9142367493,42325.013380243065,852084.743080283,41835.258563483236,841644.8224072579,41356.708281543535,831457.6294491359,40888.98237956835,821514.0969745226,40431.717707907424,811805.5863718722,39984.567181778984,802323.8626185273,39547.198902647804,793061.0709836415,39119.29533664375,784009.7153264708,38700.55254574677,775162.6378640059,38290.67946782658,766513.0002931805,37889.39724195286,758054.2661630163,37496.43857568963,749780.1844012073,37111.54715135694,741684.7739078867,36734.47706848849,733762.3091367845,36364.99231993665,726007.3065907266,36002.866299279456,718414.5121645385,35647.881337369145,710978.8892739551,35299.828266030534,703695.6077141804,34958.50600707162,696560.0331962991,34623.72118490948,689567.7175139135,34295.287761243584,682714.3892961567,33973.02669032611,675995.9453066929,33656.765593487245,669408.442251459,33346.338451672156,662948.0890607781,33041.58531483748,656611.2396141075,32742.352027138542,650394.3858780807,32448.48996691511,644294.151430714,32159.855800554487,638307.2853466534,31876.311249375172,632430.6564202005,31597.72286873483,626661.2477045415,31323.961838620893,620996.1513471749,31054.90376503367
1.2140280561122243,1113638.1001375746,53566.84170990038,1095916.3860737295,52786.726763503444,1078749.8608108626,52029.00789471728,1062112.8371450454,51292.73430853082,1045981.1884483452,50577.008278559406,1030332.2319297009,49880.981495466076,1015144.6222205521,49203.85171280196,1000398.2542353593,48544.85966238215,986074.1743774009,47903.28621426185,972154.4992652202,47278.449758978895,958622.341246925,46669.703792030276,945461.7400500174,46076.43468258641,932657.5999851159,45498.05961025502,920195.6321841001,44934.024655311376,908062.301408,44383.80302924049,896244.7770083424,43846.8934337097,884730.887668436,43322.81853722661,873509.0795889925,42811.12355975181,862568.3778160972,42311.37495644564,851898.3504394332,41823.15919254136,841489.075415258,41346.081602068785,831331.1097923435,40879.765323808184,821415.4611402495,40423.85030844539,811733.5609982205,39977.992391430955,802277.240179932,39541.86242652558,793038.7057844878,39115.14547544795,784010.5197777007,38697.54004943189,775185.5790199251,38288.7573988545,766557.0966277372,37888.52084741789,758118.5845666712,37496.56516765821,749863.83738119,37112.63599481971,741786.9169761384,36736.4892763722,733882.1383712455,36367.8907546683,726144.0563568596,36006.615480436085,718567.4529850874,35652.447354984164,711147.3258359538,35305.178699161144,703878.877003133,34964.60984726331,696757.5027482879,34630.54876422159,689778.7837771445,34302.810684526,682938.4760941374,33981.21777146068,676232.5023958626,33665.59879532932,669656.9439666603,33355.788829447345,663208.0330424787,33051.628962767085,656882.1456117553,32752.966028083614,650675.794624407,32459.65234484466,644585.6235821963,32171.545475657196,638608.4004857145,31888.507995647196,632741.0121150478,31610.407273887944,626980.4586228587,31337.11526616644,621323.8484201581,31068.508318407676
1.218637274549098,1112454.5621728802,53508.99211914018,1094814.1091295243,52732.48458546084,1077724.3807232736,51978.19160092324,1061159.9833881825,51245.173328842495,1045097.0611016824,50532.54221116396,1029513.1807498141,49839.459383306115,1014387.2275979738,49165.13138004653,999699.3098429067,48508.807105254185,985430.671338638,47869.775041137764,971563.6116911715,47247.36067520991,958081.4130061665,46640.92412540668,944968.2726521895,46049.85794578362,932209.2414709798,45473.58509697035,919790.1669267614,44911.55706712965,907697.6407400717,44363.25213055833,895918.9505987476,43828.17373230972,884442.0355804708,43305.84898832399,873255.4449582549,42795.82729154416,862348.3000931038,42297.679015381975,851710.2591472515,41810.994306692606,841331.4843773874,41335.38196113102,831202.6117904433,40870.46837440391,821314.7229652056,40415.896563508315,811659.3188615255,39971.32525256792,802228.2954554625,39536.428018347295,793013.9210535521,39110.89249094766,784008.8151527263,38694.41960557121,775205.9287244059,38286.7229015872,766598.5258120714,37887.52786544763,758180.1663413448,37496.571314285204,749944.690050389,37113.60081728487,741886.2014563595,36738.374152155746,733999.0557808024,36370.65879424422,726277.8457633889,36010.23143602381,718717.3892992542,35656.87753487541,711312.7178405426,35310.39088723345,704059.0655076078,34970.57322732195,696951.8588597234,34637.23384883956,689986.7072791656,34310.189248077026,683159.3939261845,33989.26278706344,676465.8672257095,33674.28437544241,669902.2328496716,33365.090169874085,663464.746161607,33061.52228984681,657149.8050927392,32763.4285488629,650953.9434210627,32470.662200036713,644873.8244270816,32183.081695211644,638906.2349018019,31900.550456765155,633048.0794843668,31622.936661328982,627296.3753083779,31350.113034704947,621648.2469374356,31081.95665730604
1.2232464929859719,1111275.9517142088,53451.38809321135,1093716.1107297994,52678.458912958646,1076702.581294673,51927.564847124166,1060210.2591333475,51197.77685376374,1044215.5548979982,50488.217393989726,1028696.2815931578,49798.05691180584,1013631.5518920581,49126.510598766625,999001.6843452475,48472.83541693275,984788.1175958622,47836.32735637998,970973.3318153205,47216.31890598121,957540.7766602199,46612.17671835965,944474.8051275517,46023.29945184163,931760.6127524265,45449.11577395122,919384.1816515607,44889.08251251304,907332.2289678731,44342.68294178607,895592.1593175693,43809.42519226146,884152.0208818199,43288.84077383799,873000.4648212591,42780.483203054995,862126.7077235853,42283.92672592823,851520.4968230672,41798.76512870999,841172.0777561459,41324.610629591996,831072.1646399797,40861.092844995415,821211.9122810047,40407.85782465704,811582.8903386893,39964.56715022842,802177.0592858607,39530.89709256361,792986.7480215243,39106.53782328529,784004.6330051539,38691.19267659407,775223.718793168,38284.57745762471,766637.3198688764,37886.419793960726,758239.0436667093,37496.45852719768,750022.7747001468,37114.44314169935,741982.6597105172,36740.13322792058,734113.0937608833,36373.297977881404,726408.707205579,36013.71571056709,718864.3534717399,35661.173425203764,711475.0975943996,35315.46638051782,704236.2054514849,34976.39769823295,697143.1336493593,34643.77798919111,690191.5200135118,34317.4250006058,683377.1746425632,33997.16328306699,676696.0714870411,33682.82387601938,670144.3404173583,33374.24401052933,663718.2597481564,33071.26682824178,657414.2491886726,32773.74111550756,651228.8631910738,32481.52105173438,645158.7846707868,32194.46597108137,639200.8190747851,31912.44013667914,633351.8887755367,31635.312526613874,627609.027769947,31362.956630966448,621969.3766641127,31095.25025924613
1.2278557114228457,1110102.233800039,53394.027846712466,1092622.3632809052,52624.64829345726,1075684.44154261,51877.126482370906,1059263.649331545,51150.54400565882,1043336.660114011,50444.03319712039,1027881.5295165958,49756.77367558119,1012877.5944495552,49087.989167085194,998305.3809380276,48436.944579966825,984146.5197965725,47802.94330963303,970383.6693792319,47185.324752280205,957000.4447220331,46583.462008890645,943981.3524691891,45996.75976273325,931311.7310396171,45424.65231526195,918977.6955479641,44866.601766790336,906966.0870451345,44322.09632964341,895264.4256882014,43790.64876266693,883860.8674893478,43271.79491702922,872744.1643287349,42765.09238419287,861903.6269474976,42270.11923777855,851329.0906649361,41786.47286180095,841010.8835887752,41313.76885843724,830939.7971095118,40851.64002910065,821107.0584896555,40399.735423142825,811504.3053763608,39957.719449005344,802123.5620818186,39525.27104308954,792957.2174899948,39102.08289201846,783998.004461093,38687.86070433218,775238.9806166062,38282.32252798884,766673.5103981838,37885.198110345475,758295.2483028705,37496.22829756553,750098.1232057008,37115.164470648306,742076.3236882513,36741.768015501366,734224.2842986375,36375.80982468215,726536.6726746919,36017.06982862288,719008.3774677101,35665.33655432285,711634.4970092949,35320.40670964901,704410.3286684918,34982.08479152748,697331.3588506579,34650.18271643941,690393.2535933688,34324.51947175379,683591.8497181913,34004.920786539136,676923.146500363,33691.21882059602,670383.297821356,33383.251870544795,663968.6047719761,33080.86409188689,657675.5086761122,32783.90523603608,651500.5845074834,32492.230401387395,645440.5346738007,32205.699797557074,639492.1831446355,31924.178521987702,633652.469901029,31647.536348168516,627918.4456864585,31375.647524772186,622287.2670402438,31108.39058505738
1.2324649298597194,1108933.3738108308,53336.90961228286,1091532.839422968,52571.051287524555,1074669.940623946,51826.87536446091,1058320.1389906753,51103.47391178562,1042460.3670114863,50399.98899213085,1027068.9194994804,49715.60926773727,1012125.3544853108,49049.5668789682,997610.4026377813,48401.13457041891,983505.8843682758,47769.623042007406,969794.6338691744,47154.37850476391,956460.4294188736,46554.7804230982,943487.9293584602,45970.23942715546,930862.613208764,45400.19538049632,918570.7274526509,44844.11558978395,906599.2355569436,44301.49314444983,894935.771852175,43771.84537546072,883568.5989271624,43254.71242333681,872486.5682298159,42749.655906491884,861679.0835961738,42256.25768178995,851136.067456863,41774.11868995351,840847.9294944467,41302.857879122515,830805.537546753,40842.11120046169,821000.1905706374,40391.53067025212,811423.5934979363,39950.783493388844,802067.8338308968,39519.551243644775,792925.3598382833,39097.52909645735,783988.960225888,38684.42511035358,775251.745166419,38279.95955345331,766707.1285838902,37883.86427178603,758348.8115967809,37495.88209642331,750170.7670324872,37115.766286672544,742167.2249330662,36743.28000679876,734332.6589790137,36378.195833942256,726661.773763952,36020.295295084004,719149.4928586485,35669.3684310776,711790.94760783,35325.21338591977,704581.4666078333,34987.63601957117,697516.5658173087,34656.44954276694,690591.9392569818,34331.474172373695,683803.4502579414,34012.53680595682,677147.123221075,33699.470714320225,670619.1358531619,33392.11525087128,664215.8118477599,33090.31557674639,657933.6139814425,32793.92240070906,651769.1375981419,32502.791732902282,645719.1044563793,32216.784651602207,639780.3569160234,31935.76708217887,633949.8524429153,31659.60958752537,628224.6584112634,31388.18716926702,622601.9471851572,31121.379079109312
1.237074148296593,1107769.3374649025,53280.0316403746,1090447.5120277114,52517.66646869725,1073659.057834327,51776.810359876894,1057379.7131764016,51056.565704300585,1041586.6658392892,50356.08415214917,1026258.4464466972,49674.56327997909,1011374.8310861429,49011.24352437715,996916.7522865003,48365.405358053045,982866.2175236343,47736.36668629769,969206.234521743,47123.4804440024,955920.7426983349,46526.132375442685,942994.5501713114,45943.73898081191,930413.275808697,45375.74561507464,918163.2958562665,44821.624726118825,906231.69472664,44280.87422044292,894606.2195761534,43753.01594573573,883275.2383336739,43237.594280709796,872227.7008791332,42734.174823447036,861453.1030994251,42242.34317032019,850941.4535758898,41761.70377827574,840683.2426813203,41291.878903913785,830669.4138855806,40832.50761338417,820891.3370878499,40383.24485764477,811340.7838104392,39943.76060810265,802009.9041043232,39513.73904808767,792891.2050301472,39092.87781599577,783977.530590732,38680.88729629039,775262.0430021236,38277.48995486798,766738.2052001673,37882.41971558266,758399.7644885475,37495.421374986516,750240.737242339,37116.25005258041,742255.3945884205,36744.67067408689,734438.2489907396,36380.457485453764,726784.041674415,36023.39359547726,719287.7308281149,35673.27054509755,711944.4805290878,35329.88790156936,704749.6503397304,34993.0528758478,697698.7855286584,34662.579961654366,690787.6078729783,34338.29059480355,684012.0070018575,34020.01283147547,677368.0322445831,33707.58104421647,670851.8849491455,33400.83563453844,664459.9112399558,33099.62276106901,658188.595185691,32803.79408227973,652034.5523504206,32513.20651288835,645994.5237031638,32227.721993094558,640065.3698628456,31947.20726986737,634244.0656573026,31671.533689556305,628527.6949765218,31400.577001147904,622913.4459017172,31134.217169535863
1.2416833667334668,1106610.0908143495,53223.39219902737,1089366.3541962819,52464.49242334351,1072651.7726076234,51726.93034372497,1056442.357012963,51009.81852026189,1040715.5468353512,50312.318051915616,1025450.1051916075,49633.63530271856,1010626.0232146024,48973.01888941689,996224.4325560812,48329.756906517636,982227.5252654781,47703.17436719491,968618.48032934,47092.63084071621,955381.3962341986,46497.51826900466,942501.2289844479,45917.258946688715,929963.7350672721,45351.303650533795,917755.418910021,44799.12990552429,905863.484422555,44260.240376089605,894275.7902587713,43734.16137206178,882980.8084685011,43220.44145993119,871967.5862437565,42718.650170842455,861225.7104924946,42228.37679755872,850745.2749990379,41749.22927332815,840516.8499534559,41280.8331262201,830531.4536529044,40822.83050306992,820780.5261964231,40374.87925768562,811255.9050112596,39936.65209843394,801949.8020636549,39507.83579074273,792854.7826203592,39088.130410435886,783963.7454391541,38677.248644160456,775269.9042774485,38274.91513347696,766766.7706177529,37880.86585946608,758448.1375176196,37494.847564961776,750308.0644995694,37116.617211753786,742340.8634037025,36745.94147031499,734541.08513219,36382.59623980225,726903.5072207296,36026.366196256095,719423.1221773971,35677.044367084905,712095.1265341754,35334.43173006701,704914.9105608581,34998.3368352381,697878.0485950443,34668.57544815457,690980.2899455974,34344.970213135995,684217.5503302802,34027.3503351936,677585.9038113236,33715.55127944591,671081.5751954721,33409.4144869103,664700.9328675915,33108.78710563879,658440.4820292532,32813.521736240415,652296.8583158463,32523.476190899677,646266.8217677232,32238.51326506374,640347.2511326756,31958.500521027796,634535.1384786945,31683.310082701566,628827.5840974732,31412.818440888695,623221.791680513,31146.906268456103
1.2462925851703406,1105455.6002410268,53166.98957364678,1088289.3392570948,52411.52775052701,1071648.0645153637,51677.23419967261,1055508.055683946,50963.231501631206,1039847.0002285787,50268.69006783925,1024643.890498915,49592.82492517801,1009878.9297126441,48934.89275647945,995533.4459526663,48294.18917352336,981589.8133917048,47670.04620149375,968031.3800455318,47061.82995600809,954842.401432169,46468.93849573726,942007.9795813698,45890.79983532403,929514.0068976494,45326.870104811176,917347.1144321545,44776.63184312951,905494.6241646162,44239.59241439085,893944.5049373404,43715.282536797546,882685.3317192433,43203.25491493563,871706.2479100041,42703.082967072805,860996.930422878,42214.35963985086,850547.5573101203,41736.69630344954,840348.7777175981,41269.72172092008,830391.6839754072,40813.08108594308,820667.7856494033,40366.435123769494,811168.9853947755,39929.459250556676,801887.5564673231,39501.84278672186,792816.1217611706,39083.28822030682,783947.6342533933,38673.51051668285,775275.3587466107,38272.23647123071,766792.854810134,37879.20410190592,758493.9608288701,37494.16207885153,750372.7790769509,37116.869188448734,742423.6617401061,36747.09382940374,734641.1978171581,36384.6135386588,727020.2008368009,36029.21454508817,719555.6973310725,35680.69134909765,712242.9160116812,35338.846326390354,705077.2775996958,35003.48935429359,698054.3852630404,34674.43745916197,691170.015619833,34351.51448348314,684420.1102688909,34034.55077141307,677800.7678117066,33723.38287156196,671308.2363329481,33417.853255936294,664938.906309023,33117.81005402188,658689.3039165488,32823.106801064685,652556.0847146617,32533.6021996729,646536.0276770225,32249.159893924807,640626.0295511441,31969.64825522398,634823.0995242854,31694.940179194986,629124.3541766484,31424.912892961274,623527.0127039837,31159.44777219135
1.2509018036072144,1104305.8324525857,53110.822066786095,1087216.4407636956,52358.77106187261,1070647.9132661433,51627.720819886825,1054576.7944330152,50916.803795274245,1038981.0162406955,50225.19957805209,1023839.7970674459,49552.13173549057,1009133.5493051965,48896.864904383794,994843.7948208743,48258.702111016755,980953.0875000593,47636.98229829458,967444.9421902846,47031.07804158924,954303.7694354771,46440.39343671279,941514.8154582753,45864.36214507166,929064.106904437,45302.44558252218,916938.399914262,44754.13123975241,905125.1331308146,44218.93112317986,893612.3842944159,43696.38030639605,882388.8301081129,43186.03558312018,871443.709090113,42687.47421345853,860766.7871570077,42200.29275601571,850348.3257064181,41724.105979076434,840179.0519898285,41258.54584468189,830250.1315861574,40803.26055996993,820553.1428043126,40357.913690640264,811080.052858847,39922.18333184912,801823.195677056,39495.76133223974,792775.2512086519,39078.35256717746,783929.2261206532,38669.67425758772,775278.4357704823,38269.45533109266,766816.487359617,37877.43582241377,758537.2641785684,37493.366310253215,750434.9108615882,37117.00738809069,742503.8195764024,36748.12916653648,734738.6170805239,36386.51080506689,727134.1525813586,36031.94007113792,719685.4863424697,35684.212924827654,712387.8789830339,35343.13312729923,705236.7814217871,35008.51187150584,698227.8254206155,34680.1674336773,691356.8146864922,34357.92484423671,684619.7164936684,34041.61557689484,678012.6537909766,33731.0772547617,671531.8977617851,33426.153372398294,665173.8608066047,33126.69303280895,658935.0899205992,32832.550698445724,652812.2604403131,32543.585955361355,646802.1701358219,32259.66328970809,640901.7336262494,31980.651875834676,635107.9770981846,31706.42537528554,629418.0333080082,31436.861746053164,623829.1368504777,31171.843061478772
1.2555110220440882,1103160.7544785659,53054.88799793094,1086147.632492638,52306.22098143327,1069651.2987050237,51578.38910497201,1053648.558564596,50870.53455295973,1038117.5850880211,50181.84596246083,1023037.8195328502,49511.55532079695,1008389.880603639,48858.93510851148,994155.4813479255,48223.295665348895,980317.3529927994,47603.98275920026,966859.1750550757,47000.37534000002,953765.5111303583,46411.88346236346,941021.7498298364,45837.94636235843,928614.0503896964,45278.030675231545,916529.2925274879,44731.62878218237,904755.0301635348,44198.25727541381,893279.4486642294,43677.455531703534,882091.325298435,43168.78438564897,871179.9926287787,42671.82489455415,860535.3045868076,42186.17718765732,850147.605005229,41711.45939305596,840007.69840209,41247.30663627694,830106.8228310955,40793.3701049725,820436.6246295831,40349.31617470347,810989.1349111907,39914.825591205,801756.7476641819,39489.592704922914,792732.1993289209,39073.32475396318,783908.5497392459,38665.74119192019,775279.164322645,38266.573057339905,766837.6974632889,37875.562381840486,758578.0769402486,37492.46163415296,750494.4893606887,37117.03319756433,742581.3665146106,36749.048878444926,734833.3725838261,36388.28944372408,727245.3921434263,36034.54418534399,719812.5188990396,35687.61050987382,712530.0451077737,35347.29355160441,705393.4516349083,35013.405807571,698398.3986022039,34685.7667930677,691540.716587167,34364.202716323874,684816.3983357664,34048.54617111034,678221.5909539933,33738.63584613286,671752.5885462875,33434.316250153264,665405.8252712841,33135.4374518538,659177.8687875296,32841.85483353046,653065.4140638626,32553.428857765015,647065.2775310022,32270.02484628507,641174.3915525982,31991.51277027543,635389.7991955733,31717.767051455266,629708.6492810189,31448.666373281394,624128.1916982462,31184.0935016815
1.2601202404809617,1102020.3336665344,52999.185703287396,1085082.8884413736,52253.87614555838,1068658.2008129102,51529.23796390778,1052723.333444522,50824.42293135731,1037256.6969831855,50138.62860279636,1022237.9524702223,49471.095267339464,1007647.9221091833,48821.10314093859,993468.5075676644,48187.969777439816,979682.6150812502,47571.0476785084,966274.0867078875,46969.72208482543,953227.6371514073,46383.408932716615,940528.7956348424,45811.552961936,928163.8523588253,45253.625961718746,916119.8091285861,44709.12514345675,904384.3337757547,44177.57162945951,892945.7180389869,43658.509048252294,881792.838601016,43151.502227751334,870915.1210095626,42656.1359784507,860302.5062361169,42172.01395946983,849945.4196502883,41698.7576209527,839834.7422085862,41236.00521688748,829961.7836753967,40783.41088293601,820318.2577108728,40340.64377433307,810896.258675635,39907.38725933892,801688.2400158178,39483.33816411342,792686.994104254,39068.20606522701,783885.6334246243,38661.71262633882,775277.5729953361,38263.59097585865,766856.5139388766,37873.585122668235,758616.428110472,37491.44940721406,750551.5437072314,37116.94798549825,742656.3317855711,36749.85434369009,734925.4936207373,36389.95084125887,727353.9488476999,36037.02828069203,719936.824327635,35690.88550201078,712669.4436887329,35351.32900043206,705547.3174941536,35018.17256564981,698566.1339936923,34691.236941322466,691721.7504191264,34370.34950345872,685010.1847863093,34055.34395648873,678427.6081699333,33746.06004589685,671970.3374194622,33442.343286372095,665634.8282871204,33144.04470450785,659417.6689409998,32851.020595150076,653315.5738383331,32563.132290556936,647325.377935822,32280.245941590787,641444.0312155786,32002.232310216954,635668.5935067955,31728.966572633726,629996.229584663,31460.328132403207,624424.2045293765,31196.200442995472
1.2647294589178355,1100884.537678287,52943.71353557296,1084022.1828261644,52201.7352027637,1067668.599705923,51480.266313986875,1051801.1045006416,50778.4680920341,1036398.3421367897,50095.54688266087,1021440.1903966496,49430.751160552674,1006907.6722161715,48783.36877056379,992782.8753644835,48152.724382938555,979048.8787902516,47538.17714339841,965689.6849980882,46939.11850090549,952690.157886814,46354.970197624454,940035.9655417267,45785.182407126864,927713.5275263106,45229.23200823745,915709.9662658569,44686.620983131535,904013.0621571201,44156.87492937283,892611.2120750451,43639.541676547204,881493.3909803854,43134.18999901386,870649.1163611762,42640.40841707176,860068.4152669908,42157.8040795364,849741.793718066,41686.00172134943,839660.2082920601,41224.64269040808,829815.0397097159,40773.38403831049,820198.0682572626,40331.89767017237,810801.4508982615,39899.86954908584,801617.6999409442,39476.9989511665,792639.66313909,39062.997767475106,783860.5051153045,38657.58984940845,775273.6900052894,38260.51039443406,766872.9652304974,37871.50536929718,758652.3463144926,37490.33096806019,750606.1026655379,37116.75310254461,742728.744254422,36750.54692293798,735015.0091224456,36391.49636650255,727459.8516598329,36039.39373248251,720058.4315996998,35694.0392814525,712806.1036771297,35355.24085748331,705698.4079069318,35022.81353162316,698731.0604373233,34696.579265304514,691899.9449401256,34376.366592389386,685201.104501109,34062.01031865991,678630.7339769176,33753.35123764759,672185.1727875537,33450.235861774316,665860.8981157321,33152.51616785086,659654.5184865645,32860.049356046664,653562.7677029809,32572.697621505853,647582.4991141077,32290.327937842463,641710.6801954674,32012.81185179988,635944.3874213848,31740.02528840891,630280.8014113866,31471.848366023176,624717.2023336613,31208.165220652878
1.2693386773547093,1099753.3344860936,52888.4698638108,1082965.490080006,52149.79681360247,1066682.4756347486,51431.47308075304,1050881.857223387,50732.6692014502,1035542.5107590049,50052.60018757315,1020644.5277736844,49390.522585151346,1006169.129215283,48745.73176323295,992098.5864771478,48117.55941237909,978416.1489624975,47505.37123411427,965105.9775611992,46908.564804540445,952153.083483481,46326.56759698856,939543.271953969,45758.8351500648,927263.0903213607,45204.84936876939,915299.7801849559,44664.11694754602,903641.23317989,44136.16790517241,892275.950098956,43620.55422234644,881193.003060912,43116.8485736666,870382.0004636376,42624.643146463706,859833.054485878,42143.54853962225,849536.7509239429,41673.19273614181,839484.1211699514,41213.220143741324,829666.6161563123,40763.2906983064,820076.0821073373,40323.07902542905,810704.737953431,39892.27365569511,801545.1542763683,39470.576289742734,792590.2336659222,39057.7011094468,783833.1923786841,38653.374131887664,775267.5431994704,38257.3326030349,766887.0794143117,37869.32442832698,758685.8598118178,37489.10763755359,750658.1946367448,37116.44988165375,742798.6324259809,36751.12795923072,735101.9476629425,36392.92737075638,727563.1291916311,36041.641898594025,720177.3693363698,35697.07321111174,712940.0536775758,35359.03048928957,705846.7514378822,35027.33007434326,698893.2064365171,34701.79513499738,692075.3285731358,34382.25535314121,685389.1858053033,34068.54662669347,678830.9965865581,33760.51078858649,672397.1227345051,33457.99534085896,666084.06270067,33160.85320291776,659888.44521596,32868.94247309603,653807.0232874992,32582.126202695137,647836.6685243759,32300.272181754615,641974.365771471,32023.25273584608,636217.2080320258,31750.944533234782,630562.3916609833,31483.228401797016,625007.2118124078,31219.989155122337
1.273947895791583,1098626.6923689998,52833.453073126875,1081912.784850569,52098.05965053808,1065699.8089839814,51382.85719793891,1049965.5771663066,50687.02543095294,1034689.1930611167,50009.78790501145,1019850.9590097435,49350.409125215236,1005432.2912966585,48708.191881859915,991415.6425025262,48082.474791332024,977784.4302627749,47472.630024142534,964522.9718235522,46878.06120369128,951616.4238520287,46298.20146097912,939050.72701538,45732.51163192996,926812.5548934147,45180.47858527257,914889.2668345822,44641.61367008188,903268.8644047609,44115.451273107385,891939.9511133921,43601.547476936204,880891.695132796,43099.4788108631,870113.7947543082,42608.84108707986,859596.4463496754,42129.248315461766,849330.3146282678,41660.331690827465,839306.5050004371,41201.73864708767,829516.5378750602,40753.131973184805,819952.3247351544,40314.188986164685,810606.1458496989,39884.60075711878,801470.6294925794,39464.071386094794,792538.732551085,39052.317322399256,783803.7224167545,38649.06672701103,775259.1600607105,38254.058874092996,766898.8842040742,37867.04358883322,758716.9965016758,37487.78071906825,750707.8476641831,37116.039638343915,742866.0244500332,36751.598778252526,735186.3374642223,36394.24518805403,727663.8097061611,36043.77411974191,720293.6658134894,35699.98863685473,713071.3219530004,35362.69924546336,705992.3763137067,35031.72354588057,699052.6001606138,34706.88590374818,692247.9294109967,34388.01713925552,685574.4566979206,34074.9542333336,679028.4238884352,33767.54004975329,672606.2150263478,33465.62307213158,666304.3496717212,33169.05715492173,660119.4766113256,32877.701287526965,654048.3679161575,32591.41937073818,648087.9133238887,32310.080004750685,642235.114925704,32033.5562880665,636487.0821384551,31761.72562663548,630841.0269444196,31494.469552632225,625294.2593821874,31231.673552305932
1.2785571142284569,1097504.5799091747,52778.66156454994,1080864.0419981594,52046.52239781793,1064720.5802714557,51334.41760740388,1049052.2499465642,50641.53595677022,1033838.3792570172,49967.1094244545,1019059.4784624431,49310.410364271374,1004697.1565529418,48670.7488865442,990734.0448992293,48047.47044055248,977153.7271821003,47439.953580386056,963940.6750068436,46847.60789817535,951080.1886716877,46269.87211024913,938558.342615275,45706.21228317879,926361.9351175401,45156.120187924105,914478.4418720519,44619.11177141668,902895.973086575,44094.725735919616,891603.2338029541,43582.52221739987,880589.4871579478,43082.081554955126,869844.5203338134,42593.00314405916,859358.6129716708,42114.90436703992,849122.5078422996,41647.41959478918,839127.3835883603,41190.19925422973,829364.8293693484,40742.90895654167,819826.8212561022,40305.22868157877,810505.7002356242,39876.85201429445,801394.1516994967,39457.48542934887,792485.1863004385,39046.84762038687,783772.1220717124,38644.66887076615,775248.567713243,38250.69046277765,766908.4069565894,37864.6641226389,758745.7839283883,37486.351498758224,750755.0894386641,37115.52367096631,742930.9481265321,36751.96068859137,735268.2064013926,36395.45113541953,727761.9211227704,36045.79171973247,720407.3489665429,35702.78688775164,713199.9364294936,35366.24845894493,706135.3104279231,35035.99528176649,699209.269449538,34711.852908506495,692417.7752209934,34393.653288024645,685756.9448563688,34081.23447523021,679223.0434545012,33774.440356253275,672812.4771155197,33473.12038832755,666521.7863491456,33177.12935347372,660347.6398493565,32886.327125136944,654286.8286118736,32600.57844699037,648336.2603726494,32319.752723171223,642492.9543471033,32043.723819265768,636754.0362513001,31772.3698734063,631116.733587599,31505.573116885414,625578.3711785278,31243.21970373313
1.2831663326653306,1096386.965988313,52724.09375481473,1079819.2365936898,51995.183751348915,1063744.7701475627,51286.15325907221,1048141.8612454033,50596.19996000266,1032990.0595646414,49924.56413742068,1018270.0804408609,49270.52588537351,1003963.7229822418,48633.402534685076,990053.7949911597,48012.546276124056,976524.0440417605,47407.34196333334,963359.0941325802,46817.20507985739,950544.3873950841,46241.57985614383,938066.13039353,45679.93752376859,925911.2445997098,45131.77469535765,914067.3206687485,44596.61185977195,902522.5761799061,44073.991983100364,891265.8165398566,43563.479206881544,880286.3987757429,43064.65763576141,869574.1979718427,42577.130207499074,859119.5761273644,42100.51763886818,848913.3532340339,41634.45744157272,838946.7803910428,41178.603002811054,829211.5147918671,40732.62272558706,819699.5964326485,40296.19922428727,810403.4264054694,39869.028571423034,801315.7466521148,39450.819591780775,792429.6210649466,39041.29320053549,783738.4178314694,38640.181782165644,775235.7929281382,38247.22860726503,766915.6746770681,37862.18728458098,758772.2492866459,37484.82124582111,750799.9473036734,37114.90326096528,742993.430910706,36752.21498199574,735347.5820076959,36396.54651312054,727857.4910220229,36047.69600571272,720518.4463955029,35705.469276322634,713325.9247010654,35369.67944624457,706275.5813455383,35040.14660123193,699363.2418183853,34716.697470059014,692584.8934493555,34399.16512072291,685936.6776408503,34087.38867316597,679414.8825434103,33781.21302748069,673015.936145113,33480.488606631654,666736.39974784,33185.07111279826,660572.9618053883,32894.821296504175,654522.432100219,32609.60473775749,648581.7362373285,32329.2916384787,642747.9104352823,32053.75662554336,637018.096595857,31782.878563811286,631389.5376350663,31516.540378556558,625859.5730595457,31254.628886751485
1.2877755511022042,1095273.8197840836,52669.748076167736,1078778.3439166755,51944.0424185741,1062772.359394561,51238.063110871204,1047234.3968085798,50551.016626615026,1032144.2242073591,49882.15143750522,1017482.7592077355,49230.755271178896,1003231.9884910174,48596.1525810926,989374.8939709726,47977.702209599025,975895.3849972575,47374.795227223854,962778.2360264283,46786.852932836046,950009.0292529189,46213.325000905104,937574.1017455347,45653.687763377326,925460.4966819723,45107.44261489583,913655.9183154678,44574.11453115591,902148.6903445361,44053.250691141584,890927.7173895036,43544.41919484418,879982.4493086681,43047.207868831225,869302.8481128407,42561.223152723134,858879.3572601838,42086.08906025491,848702.8731339215,41621.44620915916,838764.7185239923,41166.95091460952,829056.617950289,40722.27434141871,819570.674679985,40287.10171059607,810299.3493047977,39861.13155624117,801235.4397560449,39444.075029087035,792372.0626461591,39035.6552433117,783702.635835068,38635.60666351422,775220.8621286461,38243.674529002754,766920.7140243956,37859.614312772246,758796.4194266952,37483.19121275701,750842.4482604754,37114.17967313417,743053.4999180827,36752.36293362721,735424.4914794485,36397.5326049175,727950.5466505531,36049.48826841594,720626.9853695972,35708.03709877982,713449.3140343293,35372.993507680905,706413.2163076455,35044.17880744191,699514.544461934,34721.42089326056,692749.3112256872,34404.55394283368,686113.6820987067,34093.418132279876,679603.968104782,33787.8593673384,673216.6189530554,33487.72902889413,666948.2165814401,33192.88373194582,660795.4690574207,32903.18509719642,654755.2048133638,32618.499534500832,648824.3671951342,32338.698037459097,643000.0093043235,32063.655988491697,637279.289115811,31793.252973777937,631659.4648536578,31527.372607480156,626137.8906095255,31265.90236471457
1.292384769539078,1094165.1107666271,52615.622976176004,1077741.3394532397,51893.09711835083,1061803.3289258762,51190.1461286693,1046329.8424467631,50505.98514742641,1031300.8634153097,49839.870720415594,1016697.508981602,49191.09810402274,1002501.9508968856,48558.998778095374,988697.3429034522,47942.93814813486,975267.7540421607,47342.313420209066,962198.1073224611,46756.551633625975,949474.1232585433,46185.10783787144,937082.2678270342,45627.46340161836,925009.704447511,45083.1244427775,913244.2496276464,44551.6203696012,901774.3319508176,44032.502523781965,890588.9541159522,43525.34291732236,879677.6577678553,43029.733055702425,869030.4908815854,42545.282840543034,858637.9774870857,42071.61954557043,848491.0895404759,41608.3868602319,838581.2207664999,41155.24399580545,828900.162312844,40711.86484929059,819440.0800715671,40277.937220769076,810193.4935359681,39853.162080288515,801153.2560729578,39437.25288065086,792312.5365015944,39029.934912787125,783664.8018779953,38630.94470067087,775203.801395442,38240.02943296968,766923.5513163029,37856.946428858464,758818.320859437,37481.46263562275,750882.6189731323,37113.35415586639,743111.1819294243,36752.40580230833,735498.9616808954,36398.41067830821,728041.1149258368,36051.16978240286,720732.9928319979,35710.49163526497,713570.1313731055,35376.19192761506,706548.2422359453,35048.09318772616,699663.2042590841,34726.02446726093,692911.0553673205,34409.82104427279,686287.9849686933,34099.32414228682,679790.3267833935,33794.38066445395,673414.5520762233,33494.842941843046,667157.2632663551,33200.568495001644,661015.1878900728,32911.419807976206,654985.1728939597,32627.264114039004,649064.1792376179,32347.973192420173,643249.2767865114,32073.42317539095,637537.6394768986,31803.49436508857,631926.5407360902,31538.071059513306,626413.3491424411,31277.0413871667
1.2969939879759518,1093060.8086950989,52561.716917538484,1076708.1988941375,51842.346580830024,1060837.659785389,51142.40128621453,1045428.1840359052,50461.1047180998,1030459.9674266947,49797.72138400514,1015914.3239388639,49151.55396598988,1001773.6079313557,48521.94087564525,988021.142728805,47908.2539946273,974641.1550118668,47309.89658450974,961618.7144673102,46726.30135133564,948939.6782124318,46156.9286516732,936590.6395588687,45601.264828250525,924558.880725596,45058.82066438006,912832.3291504848,44529.12994739733,901399.5170849287,44011.748132247805,890249.544187264,43506.251097169974,879372.0428585026,43012.23398415435,868757.1460886565,42529.31011751561,858395.4576040499,42057.10999450689,848278.0241257739,41595.28034243846,838396.3095671327,41143.483237244574,828742.1710137891,40701.3952788762,819307.8363445507,40268.70681929143,810085.8833635313,39845.121239170236,801069.220325927,39430.35426980339,792251.0677500246,39024.13335689786,783624.941417409,38626.197063306354,775184.6364717828,38236.294507931096,766924.2125344506,37854.18483827091,758837.9797614323,37479.63673428166,750920.4857734339,37112.42794140239,743166.5033955803,36752.34483076638,735571.0191489807,36399.181984768366,728129.2224408819,36052.74180629884,720836.4954044301,35712.834150083254,713688.40334295,35379.27597468098,706680.6857371911,35051.89101380588,699809.2477772207,34730.5094657282,693070.1523836014,34414.967699608176,686459.6126851821,34105.107977693784,679973.9849233044,33800.778192392136,673609.7617544895,33501.83161729343,667363.565925738,33208.12667129131,661232.1442984799,32919.526695002845,655212.3621989569,32635.89973874645,649301.198074421,32357.118361386583,643495.7384360088,32083.05943940087,637793.1730705107,31813.603985568792,632190.7905044971,31548.636976720958,626685.9737054245,31288.047190024925
1.3016032064128256,1091960.8836142663,52508.028377900424,1075678.8981328032,51791.78954733715,1059875.3331467223,51094.82756507309,1044529.407517587,50416.37453913073,1029621.5264890263,49755.70282830521,1015133.1982158092,49112.12243898442,1001046.9572424968,48484.97862141922,987346.2942658737,47873.64964783992,974015.5915872774,47277.544756569216,961040.0637242264,46696.10224784102,948405.7027065641,46128.787718423475,936099.2276316121,45575.09242338354,924108.0380964356,45034.53175443713,912420.1711639666,44506.64382531841,901024.2615540228,43990.98815548902,889909.5047807542,43487.144444302736,879065.6229851958,42994.71142845576,868482.8332358035,42513.30581619473,858151.8180914724,42042.56129233307,848063.698240858,41582.12758864738,838210.0070491271,41131.669614696024,828582.6668587817,40690.86664452711,819173.9669051334,40259.41155512776,809976.542719527,39837.01011281444,800983.3569046798,39423.38030407997,792187.6811766707,39018.25170769924,783583.0795772688,38621.36490515598,775163.3927685734,38232.47092668928,766922.7233294258,37851.330730474525,758855.4219798282,37477.714712649,750956.0746657475,37111.40224607208,743219.4904422597,36752.1812458729,735640.6900980433,36399.847759987846,728214.8954688434,36054.205583026975,720937.519391707,35715.06589193302,713804.1562556087,35382.24690201173,706810.5731075653,35055.57354201659,699952.701276511,34734.87714706813,693226.6284801057,34419.995168275826,686628.5913823015,34110.77089801225,680154.968571919,33807.05320986402,673802.2739347065,33508.69631235274,667567.1503933939,33215.559515582805,661446.363992126,32927.507010031215,655436.7983033684,32644.407656748834,649535.4491369654,32366.134788291947,643739.4195324751,32092.5660197494,638045.9150172438,31823.583069272965,632452.2391139123,31559.071587558035,626955.7890821804,31298.920995758075
1.3062124248496993,1090865.3058511405,52454.555849670076,1074653.4132634026,51741.42477025407,1058916.330312512,51047.42395456789,1043633.4988993282,50371.79381583496,1028785.5308603226,49713.81445555533,1014354.1259105607,49072.80310479673,1000321.9963975269,48448.11176091817,986672.7982152693,47839.12500253012,973391.0672983826,47245.257967203,960462.1611770426,46665.954477955056,947872.2051286995,46100.6853059046,935608.0425101086,45548.94655767877,923657.1888959209,45010.258177251235,912007.7896877698,44484.162552845875,900648.5808912695,43970.22322040997,889568.8527881321,43468.023655935736,878758.4162571187,42977.16614960744,868207.5715212019,42497.27075537791,857907.0791194484,42027.97431014407,847848.1329210273,41568.929517199824,838022.3350156758,41119.804089105244,828421.6723301478,40680.27994552629,819038.4948337934,40250.05246197548,809865.4952086846,39828.829765724935,800895.6898707483,39416.33207547168,792122.4012383003,39012.29108161596,783539.2411533747,38616.44936426784,775140.0953693404,38228.55984632956,766919.109025649,37848.38527921153,758870.6730371921,37475.69775893298,750989.4113317798,37110.27827053308,743270.168874718,36751.916258878904,735708.0004244265,36400.409224102965,728298.1599675571,36055.56234003706,721036.090786186,35717.18809413157,713917.4161133952,35385.10594746199,706937.9303369789,35059.14201352737,700093.5907141261,34739.12875463996,693380.5095627836,34424.904694792225,686794.9468980042,34116.31414796732,680333.3034839785,33813.20696093256,673992.1142746253,33515.43826962312,667768.0422176251,33222.868268285376,661657.8723986169,32935.36199060722,655658.5065039684,32652.789102115214,649766.9575820821,32375.023703167717,643980.3450846263,32101.94414191845,638295.8901703918,31833.432836666678,632710.9112556941,31569.37610704889,627222.8197963482,31309.664013562993
1.3108216432865731,1089774.046011667,52401.297839838415,1073631.7205789143,51691.25101290256,1057960.632713676,51000.18945171755,1042740.4442548772,50327.3617583356,1027951.9708102699,49672.05567023213,1013577.1010849776,49033.59554516842,999598.7228853435,48411.34003756303,986000.6551624301,47804.679949572295,972767.5855277678,47213.036241744674,959885.0127340548,46635.85818959332,947339.1936665687,46072.621673750466,935117.0944379166,45522.827592545764,923206.3452202771,44986.00038690224,911595.1984860827,44461.68666838672,900272.4903608003,43949.45394209582,889227.6048205432,43448.88941681631,878450.4404931659,42959.598895580326,867931.3798446151,42481.20574034853,857661.260552963,42013.34990510635,847631.3488910372,41555.6870321567,837833.3149551214,41107.887606842334,828259.2095920584,40669.63616633702,818901.4428904357,40240.63055851359,809752.7641135337,39820.58124722936,800806.2429625356,39409.21066067259,792055.2520682408,39006.25257968766,783493.4506183222,38611.45156324673,775114.7690351255,38224.56240846211,766913.3946262007,37845.34964274092,758883.7581362716,37473.58704587172,751020.5211352635,37109.057200004965,743318.5641823709,36751.551065646265,735772.9757110176,36400.867581924795,728379.0415840028,36056.813289530946,721132.2352721557,35719.20197483723,714028.2086135022,35387.85433382699,707062.7831133052,35062.597654556455,700231.9417483994,34743.26551696876,693531.8212420433,34429.69750896331,686958.7047780745,34121.73895770327,680509.015125493,33819.24067521496,674179.3081467552,33522.05871740044,667966.2666650176,33230.05415564532,661866.6946673943,32943.09286026028,655877.5118229373,32661.04529504726,649995.748295588,32383.786322329204,644218.5398337444,32111.195017826707,638543.123119388,31843.15449480644,632966.8313609019,31579.551736963822,627487.0901148133,31320.277439538146
1.3154308617234467,1088687.0749774498,52348.252869801116,1072613.7965692196,51641.267049428956,1057008.2219086783,50953.12306117542,1041850.2297244727,50283.07758154941,1027120.8366213355,49630.425879076494,1012802.117766498,48994.49934185509,998877.1341189817,48374.66319278808,985329.8655806048,47770.314376077295,972145.1495140356,47180.87960018827,959308.6241318115,46605.81352393563,946806.6763119684,46044.597073624725,934626.393441656,45496.7358803343,922755.5189306132,44961.75882745108,911182.411072319,44439.21669948697,899896.0049625521,43928.68092403405,888885.7772135101,43429.74239945196,878141.7132269553,42942.01040154863,867654.2768124541,42465.11156311283,857414.3819569771,41998.68892069772,847413.3665701995,41542.40102354076,837642.9680460528,41095.92109994531,828095.3004956085,40658.93627684683,818762.8335194472,40231.14684864664,809638.3723994186,39812.26559172268,800715.039600286,39402.01712132209,791986.2574812997,39000.13728781009,783445.7321263688,38606.37260949341,775087.4382092913,38220.479739459304,766905.6048175619,37842.22496407355,758894.7021646658,37471.38373096582,751049.4291265619,37107.74020449924,743364.7015433261,36751.08684687495,735835.641231707,36401.22402316354,728457.5656586904,36057.95962868384,721225.9782301476,35721.10873726769,714136.5591522383,35390.49326905756,707185.1568265437,35065.94167658313,700367.7797429143,34747.28864795405,693680.5888367649,34434.37482608996,687119.8902800694,34127.04654298584,680682.1286776118,33825.15556808154,674363.8806421594,33528.558869869994,668161.8487241666,33237.11838993843,662072.8556733928,32950.700828692585,656093.8390114498,32669.177442065404,650221.845895804,32392.423848558563,644454.028257129,32120.319846009483,638787.638193193,31852.749237516528,633220.0236036209,31589.599665992933,627748.6240509687,31330.76245685438
1.3200400801603205,1087604.363902529,52295.4194751834,1071599.617919212,51591.471664690136,1056059.07958278,50906.223795168895,1040962.8415150786,50238.94050517242,1026292.1185898433,49588.92449111951,1012029.1699499267,48955.51407668685,998157.2274380118,48338.080966131696,984660.4298337614,47736.028165509284,971523.7623551488,47148.78805732718,958733.0009388175,46575.82061558415,946274.6608647676,46016.61174939492,934135.9493352612,45470.67176452233,922304.7216573805,44937.53393313925,910769.4407137358,44416.753163040805,899519.139437011,43907.90475833142,888543.386031775,43410.583264333916,877832.2517117411,42924.401390118415,867376.2807427392,42448.989002632494,857166.4626014191,41983.992186942945,847194.2060773836,41529.07236757423,837451.3151623054,41083.90548635923,827929.9665838028,40648.18123260704,818622.6888546544,40221.6023217443,809522.342719426,39803.8838189062,800622.1028909701,39394.75250424314,791915.4409786004,38993.94627697191,783396.1095182131,38601.21359543996,775058.1270222411,38216.312950689055,766895.7639742743,37839.01237120329,758903.5296994216,37469.088956707215,751076.1600471941,37106.32843904552,743408.6058288417,36750.524768326424,735896.0219557746,36401.47972264909,728533.7572299731,36059.00253986195,721317.3447411775,35722.90956991458,714242.4928291965,35393.02394647176,707305.0765729143,35069.17527655617,700501.1297705274,34751.199347075184,693826.8373782497,34438.9378471701,687278.5283771972,34132.238105401135,680852.669040428,33830.95284085166,674545.8565741912,33534.93992729918,668354.8131093428,33244.06216965949,662276.3800206367,32958.1870919655,656307.5125532048,32677.186736192016,650445.2747370206,32400.937471284935,644686.834571497,32129.319811795827,639029.4594636284,31862.218245563035,633470.5119042324,31599.521069917188,628007.4453679249,31341.120235923136
1.3246492985971943,1086525.884210194,52242.79620566716,1070589.1615069248,51541.86365414078,1055113.1875472926,50859.49067343886,1040078.2659005978,50194.94975366479,1025465.8070270094,49547.550917706714,1011258.251599174,48916.639331627,997439.0001108727,48301.59309532437,983992.3481794274,47701.82119779914,970903.4270116949,47116.76162288959,958158.1485591588,46545.879592717494,945743.1549368276,45988.66593730278,933645.771724148,45444.635579899725,921853.9648047353,44913.32612858394,910356.300435959,44394.29656549517,899141.908269866,43887.12602592649,888200.4470740489,43391.412660155904,877522.0729252349,42906.772571551526,867097.4096699691,42432.838825052604,856917.5214660832,41969.26052064462,846973.8872359293,41515.70192691174,837258.3768778702,41071.841670170295,827763.2290964525,40637.37197506779,818481.0307241967,40211.99795287641,809404.6974192226,39795.43693402227,800527.4556330816,39387.41784167601,791842.8257523337,38987.680603487264,783344.6063256951,38595.9755987806,775026.8592960632,38212.06313874382,766883.8961635202,37835.71297733392,758910.2650115491,37466.703850803664,751100.7383342881,37104.823043913704,743450.3016077077,36749.865981043265,735954.1425522041,36401.635840547846,728607.641038293,36059.94319083643,721406.3595909185,35724.60564675448,714346.0344513559,35395.44754496286,707422.5671588882,35072.29963709888,700632.0166173271,34754.99879959323,693970.5916141095,34443.38775909754,687434.643762134,34137.314832551354,681020.6608367282,33836.633680986204,674725.2604821747,33541.20307622687,668545.1842641046,33250.88667970867,662477.2920457848,32965.55283268281,656518.556667902,32685.074357131736,650666.0589129087,32409.328366761707,644916.98273633,32138.196087482822,639268.6107486623,31871.562686825207,633718.3199326382,31609.31711177688,628263.5775816723,31351.351934562
1.329258517034068,1085451.607589847,52190.38162482063,1069582.4044016753,51492.44182372189,1054170.5277388229,50812.92272317951,1039196.4892220624,50151.104556235245,1024641.8922599398,49506.30457252117,1010489.3566489414,48877.87468882848,996722.4493371457,48265.19931637441,983325.6207714612,47667.693349455214,970284.1463100781,47084.80030167073,957584.0722360434,46515.99057724146,945212.1659558378,45960.75986613052,933155.8700092891,45418.62765274804,921403.2595548165,44889.13582896905,909943.0030274178,44371.84740305019,898764.3256965674,43866.345296797816,887856.9758776666,43372.23122402867,877211.1935743301,42889.12464398518,866817.6813498958,42416.661783925076,856667.577245436,41954.49472560954,846752.4295784646,41502.29055086894,837064.173471714,41059.73054183588,827595.1089749812,40626.5094318086,818337.8806553099,40202.33470304374,809285.4585418073,39786.92592808462,800431.120321352,39380.01415150782,791768.4346904239,38981.34130922407,783291.2457764109,38590.65968269861,774993.6585490904,38207.731385665706,766870.0251496269,37832.32788110225,758914.9320704641,37464.22952639969,751123.1881249553,37103.22514483234,743489.8131505579,36749.1116215649,736010.0273939243,36401.69352257585,728679.241530353,36060.78273499379,721493.0472738051,35726.1981274565,714447.2085371156,35397.76522920392,707537.6531051523,35075.31592671066,700760.4647865287,34758.688176749565,694111.8760120907,34447.72573485753,687588.2608507811,34142.27789824736,681186.1284156793,33842.19926227713,674902.116635022,33547.34948965,668732.9863648496,33257.593091574905,662675.6158216168,32972.79922017122,656726.9953146655,32692.841471448894,650884.2222598795,32417.597698241003,645144.4964571703,32146.94983250711,639505.1156156445,31880.783716464135,633963.4711114347,31618.988942037427,628517.0439641974,31361.45869815774
1.3338677354709418,1084381.5059939057,52138.174309930706,1068579.3238622234,51443.204989750564,1053231.0822185122,50766.51897897836,1038317.4978877993,50107.4041468247,1023820.3646325907,49465.18487160518,1009722.4790063612,48839.21973068863,996007.5722497697,48228.89936365109,982660.2476627543,47633.64449367114,969665.9229456347,47052.9040936619,957010.7770552649,46486.153684936246,944681.7011690666,45932.89375736369,932666.2533912071,45392.64830101643,920952.6168719289,44864.96344023221,909529.5610436874,44349.40616185553,898386.4057067949,43845.56313016789,887512.98772315,43353.039581690224,876899.6300997384,42871.4582936472,866537.113264209,42400.45862042785,856416.648353328,41939.69559287094,846529.8523516365,41488.839075646705,836868.7249325091,41047.572978410186,827425.6268671447,40615.59451676473,818193.259879024,40192.61351940456,809164.6478321799,39778.351778104625,800333.1191513803,39372.54243749808,791692.2903811163,38974.92942182846,783236.0507982519,38585.26689608923,774958.5480003839,38203.318759167625,766854.1743984913,37828.85816679721,758917.554548352,37461.667082293534,751143.5332605946,37101.53585320327,743527.1644341064,36748.26281213982,736063.7005619826,36401.65390020835,728748.5828632223,36061.52231154269,721577.4319970708,35727.68815758625,714546.0393202654,35399.978149849034,707650.3586505101,35078.225299965336,700886.4985023069,34762.26863596127,694250.7147638408,34451.952933719236,687739.4037859618,34147.128462698114,681349.0958564592,33847.65074503397,675076.4490348006,33553.38032720701,668918.2433243146,33264.182563516595,662871.3751604682,32979.92741065794,656932.8521954141,32700.489232742195,651099.7883603915,32425.746616145494,645369.3991888677,32155.58219361392,639738.9973844913,31889.88247708888,634205.9886190384,31628.537698752734,628767.8675465486,31371.44165982681
1.3384769539078156,1083315.5516347452,52086.172851837226,1067579.8973349498,51394.15197881099,1052294.8331712747,50720.27848275641,1037441.2783735769,50063.84776408942,1023001.2145066918,49424.19123338065,1008957.6125525839,48800.67403990189,995294.3659171951,48192.6929699654,981996.228807868,47599.674500430774,969048.7594856756,47021.07299417627,956438.2679485864,46456.369025600114,944151.7676470327,45905.06782535008,932176.930873878,45366.697834493636,920502.0475066443,44840.809359247716,909115.9868117451,44326.973318202385,898008.162048836,43824.78007470279,887168.4976386834,43333.838347711724,876587.398680533,42853.774195066835,866255.722625131,42384.23006357975,856164.7529276244,41924.863900906224,846306.1745207518,41475.34832455112,836672.0509632763,41035.369843765504,827254.8031316642,40604.62813044938,818047.1893347771,40182.83533549688,809042.2867419246,39769.715447313276,800233.4740241796,39365.00368949993,791614.4151174828,38968.445954945,783179.044023861,38579.798273778484,774921.5505741397,38198.82631285049,766836.3670819292,37825.30490457529,758918.1558244609,37459.01760315034,751161.7972911216,37099.75626631264,743562.379145316,36747.32066093413,736115.1858496474,36401.51809088578,728815.6889083749,36062.16304571731,721659.5376847188,35729.07686880654,714642.5507538884,35402.08744373116,707760.70775572,35081.02889770619,701010.1417135673,34765.74132101327,694387.1317886114,34456.07050142494,687888.0964410604,34151.86767269699,681509.5869718307,33852.98927626721,675248.2814202394,33559.296735358424,669100.9787950196,33270.65624073907,663064.5936176107,32986.93854744542,657136.1507581789,32708.018781816645,651312.7805462073,32433.776258237445,645591.714138776,32164.094305023184,639970.2791308226,31898.8600989199,634445.8953927649,31637.964507725836,629016.0711218594,31381.301940573398
1.3430861723446892,1082253.716981687,52034.37585477004,1066584.1024520504,51345.281627646764,1051361.7629050296,50674.20028370878,1036567.8172227308,50020.43465138361,1022184.4322626382,49383.32307866832,1008194.7511443234,48762.23719951078,994582.8273454875,48156.57986664861,981333.5640656108,47565.78323661058,968432.6583724635,46989.306993971775,955866.5496970537,46426.63670318989,943622.372287098,45877.282277455335,931687.9112685603,45340.77655497627,920051.5619998183,44816.67397400564,908702.2924341407,44304.54933871173,897629.6082338806,43803.99666870796,886823.5204045011,43314.62812569932,876274.5152386107,42836.073011281704,865973.5263799258,42367.97683045106,855911.9088347421,41910.0004158506,846081.4147743352,41461.81910820924,836474.1709859462,41023.12198880949,827082.6578427767,40593.61116017161,817899.6896749461,40173.001071456805,808918.3964337142,39761.01788537925,800132.2065506479,39357.39888367757,791534.8309018491,38961.89190843301,783120.2477950162,38574.25483673826,774882.6889040193,38194.25508641669,766816.6260819548,37821.66915067199,758916.7589893194,37456.28215971174,751178.0034791303,37097.88746753818,743595.4806854973,36746.28626223646,736164.5067664438,36401.287198216276,728880.5832556606,36062.7060489773,721739.3879814307,35730.36537907461,714736.7665142057,35404.0942340567,707868.7241072722,35083.727847237744,701131.4180976581,34769.10736224738,694521.1507369058,34460.07957037628,688034.3624236035,34156.49666180523,681667.6253116576,33858.2159898689,675417.6372701832,33565.099847564496,669281.2161726577,33277.015255569575,663255.2944945806,32993.833761083435,657336.914200372,32715.431246852775,651523.2219016016,32441.687749785175,645811.4642698993,32172.48728859334,640198.9836890519,31907.717699950023,634683.2141318609,31647.27048266726,629261.6772483235,31391.040649445087
1.347695390781563,1081195.974758023,51982.78193618814,1065591.9170297466,51296.592783054235,1050431.8538499302,50628.28343824543,1035697.1010462678,49977.164056741465,1021370.0083003446,49342.57983070568,1007433.8886153542,48723.9087929551,993872.9534803717,48120.55978362849,980672.2532015461,47531.970566079224,967817.6219261164,46957.60607937086,955295.6269342317,46396.95681595815,943093.52181698,45849.53731421481,931199.2031975357,45314.88475643345,919601.1706865223,44792.55766378713,908288.4897930823,44282.1346805186,897250.7575402274,43783.21344031985,886478.0705571886,43295.40950849195,875960.9954430604,42818.355394040365,865690.5412153214,42351.699626370224,855658.1336741074,41895.105891706684,845855.5915286005,41448.25222478074,836275.1041458326,41010.830251698295,826909.2107947033,40582.54448025039,817750.7812692977,40163.11163423276,808792.9977857354,39752.26002862305,800029.3380559594,39349.7289827198,791453.5594501474,38955.26826857921,783059.684166935,38568.637592297586,774841.9853374074,38189.60610587975,766794.9739949838,37817.95194760989,758913.3868488885,37453.461809001885,751192.1748039838,37095.930526553086,743626.4921743401,36745.160696659645,736211.686542125,36400.96231217487,728943.2892172136,36063.152419204474,721817.0062564103,35731.55479283632,714828.7100043553,35405.99963059695,707974.4311211049,35086.32326251455,701250.3510640227,34772.36787674828,694652.7949940676,34463.98125981749,688178.2250787866,34161.016550532324,681823.2341663683,33863.33200679026,675584.5398069934,33570.79078446013,669458.9785994355,33283.26072762933,663443.5008424578,33000.61416953837,657535.165472003,32722.7277435732,651731.135266519,32449.48220372691,646028.6723039949,32180.762253982462,640425.1336554294,31916.456386103015,634917.9673004923,31656.456725350843,629504.7082521274,31400.658883686065
1.3523046092184368,1080142.2979380838,51931.3897266212,1064603.3190665126,51248.08430177736,1049505.0885575935,50582.52700993235,1034829.1165229538,49934.03523285881,1020557.9330400698,49301.96091516395,1006675.0187779668,48685.68840411945,993164.7412092264,48084.632449503384,980012.2958904468,47498.236349794766,967203.6523474478,46925.970232377585,954725.5041493705,46367.32945658721,942565.2227981947,45821.83312948241,930710.8150977795,45289.02272516796,919150.8836998983,44768.460799336106,907874.5905544425,44259.72979145254,896871.6230174097,43762.43090769382,886132.1623939041,43276.18307835528,875646.8547144568,42800.621984001154,865406.7835618503,42335.399145126416,855403.4447825269,41880.18107055002,845628.7229318409,41434.64846016578,836074.8693160298,40998.49545804579,826734.4815060371,40571.42895222465,817600.4842093592,40153.16791779592,808666.1113960331,39743.4428002272,799924.8895838762,39341.99493604967,791370.6221961908,38948.576008306416,782997.3749125095,38562.94753435015,774799.4619395973,38184.88038377049,766771.433135968,37814.15432440296,758908.0619286394,37450.557594529804,751204.3339658374,37093.88649952635,743655.4364538771,36743.94503133876,736256.7481305753,36400.54450929924,729003.8298312958,36063.5032408961,721892.4156071645,35732.64620121686,714918.4043581124,35407.80472987632,708077.8519462624,35088.81624432674,701366.9637577942,34775.523968526504,694782.0876838138,34467.77667601563,688319.7074929429,34165.42844651362,681976.4365703644,33868.33843521654,675749.011999895,33576.37065402697,669634.2889673581,33289.393764002874,663629.2354650914,33007.28087835996,657730.9272788487,32729.909375406623,651936.5432396848,32457.16072083213,646243.3607246245,32188.920298806934,640648.7513910383,31925.077251389568,635150.1771306854,31665.52432576725,629745.1862303385,31410.157728888087
1.3569138276553105,1079092.6597443444,51880.197869513366,1063618.2867413214,51199.75505040345,1048581.4497003227,50536.93006943296,1033963.8503993809,49891.04743707423,1019748.1969232094,49261.46576016369,1005918.13542438,48647.575617379036,992458.1873630247,48048.79759161432,979353.6917186858,47464.58044589919,966590.7517207417,46894.399430791666,954156.185690502,46337.754712320195,942037.4816294209,45794.169910575845,930222.7552245483,45263.190739973885,918700.7109749328,44744.38374302726,907460.6061716812,44237.3351102144,896492.2174902401,43741.64957918812,885785.8099765133,43256.94940717165,875332.1082290666,42782.87341092705,865122.2695981085,42319.07606916825,855147.8592384813,41865.226682730805,845400.8268687399,41421.00858820877,835873.4851017264,40986.11842112892,826558.489224053,40560.26542505948,817448.8183127126,40143.17080334678,808537.7575867822,39734.567110442724,799818.8819009912,39334.19768003045,791286.0402958777,38941.81608737869,782933.341526465,38557.18564355832,774755.1404979049,38180.07891933951,766746.0255424604,37810.277296757464,758900.8064775668,37447.57054648848,751214.5033895957,37091.75642931984,743682.3360923859,36742.64032012604,736299.7142136536,36400.03485288232,729062.2278660785,36063.75958535514,721965.6388632277,35733.64068220858,715005.8724435513,35409.51061535761,708179.0094684947,35091.20788048277,701481.2790633352,34778.57672869842,694909.0516717107,34471.466912437994,688458.832496961,34169.733444684956,682127.2553053766,33873.23637073905,675911.0765682728,33581.840551762754,669807.1699214677,33295.41545940487,663812.5209222797,33013.83498084529,657924.2220855724,32736.977233649322,652139.4681816691,32464.724389860356,646455.5517801632,32196.96250879771,640869.8590247495,31933.581378061008,635379.8656252259,31674.47436227506,629983.1330537498,31419.538259139103
1.3615230460921843,1078047.0336445686,51829.20502106911,1062636.7984119032,51151.60390526026,1047660.9200703308,50491.491694449694,1033101.2894900176,49848.199931349656,1018940.7904130543,49221.093796289504,1005163.2323281098,48609.5700176439,991753.2887182253,48013.05493611466,978696.4401865709,47431.002709810535,965978.9220164614,46862.89364831981,953587.6757674677,46308.23266508879,941510.3045497935,45766.54783841873,929735.0316548968,45237.38907229068,918250.662252154,44720.32684903048,907046.5478896927,44214.95106654939,896112.5535627742,43720.86995354417,885439.0271356488,43237.709056626285,875016.7709229751,42765.110293876685,864837.0152549319,42302.73106979862,854891.3938663354,41850.243447071596,845171.9209646014,41407.33337089829,835670.9698444422,40973.699942089115,826381.2529289385,40549.05473534855,817295.8031272127,40133.121159517854,808407.9564084823,39725.633856791836,799711.3355008904,39326.33813816785,791199.8346313203,38934.98945260279,782867.6052294513,38551.352887553374,774709.0425257133,38175.202698756104,766718.7729786097,37806.32186726926,758891.6424721326,37444.50168195041,751222.7052288044,37089.54134568178,743707.2133882229,36741.247603782314,736340.607204971,36399.434393161566,729118.5058233644,36063.92251087721,722036.6985898206,35734.5393008555,715091.1368666458,35411.118357624066,708277.926313799,35093.49924598891,701593.3196077176,34781.52723566333,695033.7095685978,34475.053049926595,688595.6226696473,34173.93262745469,682275.7129037682,33878.02689652448,676070.7559849172,33587.20156084807,669977.6438630298,33301.32689634414,663993.3795328992,33020.277558200374,658115.0721187984,32743.93239762401,652339.9322179036,32472.17428771756,646665.2674867614,32204.889957954096,641088.4784561286,31941.969836760596,635607.054560514,31683.307901749646,630218.5703696834,31428.801537169602
1.3661322645290581,1077005.3933489912,51778.40985010144,1061658.832613025,51103.629752314235,1046743.482578961,50446.2109696662,1032241.4206772421,49805.49198225073,1018135.7039955248,49180.84445660364,1004410.3032453004,48571.67119040158,991050.0419986154,47977.404208038235,978040.5407106227,47397.50299431275,965368.165093899,46831.45285468456,953019.9784548797,46278.763391638364,940983.6976421294,45738.967087679615,929247.6522911194,45211.617986354264,917800.747081256,44696.29046347197,906632.4267485747,44192.5780814167,895732.643622198,43700.09252006333,885091.8274746878,43218.46257838996,874700.8574961371,42747.333241391636,864551.0362194986,42286.36480736582,854634.0652404733,41835.23207106145,844942.0225895039,41393.623558563464,835467.3416261905,40961.2408101301,826202.7913379521,40537.797707512815,817141.4579351302,40123.01984257294,808276.7276440785,39716.64392426715,799602.2706082478,39318.41722130882,791112.0258149045,38928.09703802607,782800.1869720609,38545.45022113247,774661.1892664507,38170.2526953039,766689.6969390924,37802.28902561786,758880.5916201471,37441.35200505986,751228.9613694771,37087.242265437264,743730.0903735977,36739.76791016546,736379.4492536082,36398.74416750518,729172.6859422462,36063.99306293457,722105.6170914549,35735.343109435016,715174.2199748147,35412.62901455865,708374.6248519066,35095.69140322614,701703.107764153,34784.37655527775,695156.0837339567,34478.53615686997,688730.1003410374,34178.02706487284,682421.831651788,33882.71108348164,676228.0724792186,33592.45475231049,670145.7329526722,33307.129145285275,664171.8333779869,33026.60967969914,658303.4993701379,32750.775934836387,652537.9572416537,32479.511479610126,646872.5296312631,32212.70370869531,641304.6313583,31950.243686672577,635831.7654893763,31692.025999729736,630451.519604752,31437.94861449686
1.3707414829659317,1075967.7128075422,51727.811037882275,1060684.3680547832,51055.83148706999,1045829.1202559072,50401.08698668963,1031384.2309113607,49762.92286092674,1017332.928179873,49140.717176658756,1003659.3419160161,48533.878721758374,990348.4438771044,47941.84513136525,977385.9926258001,47364.081149643265,964758.4827037652,46800.07701573031,952453.0976950184,46249.346963650154,940457.6668360817,45711.42782690791,928760.6248641231,45185.877739344665,917350.974824648,44672.274924591904,906218.2535873237,44170.21656715565,895352.4998426401,43679.317758780046,884744.2243736571,43199.210514297934,874384.3824163507,42729.54285168027,864264.3479393524,42269.97793145112,854375.889689357,41820.193251046374,844711.1488623784,41379.879890066535,835262.6182735615,40948.741802712124,826023.1229095055,40526.495153995646,816985.8017572219,40112.86769660265,808144.0908130142,39707.59818552717,799491.7071828488,39310.43582783664,791022.6341932798,38921.139765131025,782731.1074387826,38539.47858645214,774611.6016974975,38165.22986957304,766658.8186529749,37798.179748757175,758867.6753645831,37438.12250722199,751233.2934338602,37084.86019267543,743750.9888182846,36738.20225441554,736416.262247774,36397.965200595245,729224.7902027109,36063.972274357024,722172.4164154787,35736.05314763648,715255.1438604111,35414.043631520355,708469.1271997143,35097.78540212399,701810.6656553656,34787.12574102691,695276.1962792268,34481.91728937211,688862.2875956545,34182.017814797626,682565.6335927743,33887.28999042531,676383.0480403145,33597.60118518601,670311.4591134749,33312.823264807674,664347.9043037755,33032.832402839995,658489.5255991699,32757.50890112915,652733.5649169453,32486.73701919645,647077.3597740794,32220.404812009587,641518.3391807709,31958.403975668894,636054.0197438381,31700.629700561778,630682.0019675795,31446.980531566867
1.3753507014028055,1074933.9662071017,51677.40727799465,1059713.3836209148,51008.20801447061,1044917.8162484317,50356.118843993216,1030529.7072106072,49720.49184308995,1016532.4534993558,49100.71139450933,1002910.3420654933,48496.192198478835,989648.4909774725,47906.37742908625,976732.7951876693,47330.73702357792,964149.8764907176,46768.76609352682,951887.0373006656,46219.98344786041,939932.2179112289,45683.93021866672,928273.9569367273,45160.16858153047,916901.3546609313,44648.280562898784,905804.039047456,44147.86692764826,894972.1341889093,43658.54614063145,884396.230993061,43179.95339652526,874067.359923153,42711.739712797666,863976.9656263515,42253.57108105251,854116.8832995101,41805.127672416005,844479.3166550142,41366.103092991776,835056.8173617386,40936.203685742366,825842.2658471739,40515.147875454284,816828.8533567303,40102.66555371636,808010.0651752083,39698.49750108839,799379.6649235437,39302.39484386272,790931.6798512811,38914.11854302628,782660.3870518857,38533.438913218226,774560.3005340341,38160.13516964904,766626.1590875152,37793.99500110292,758852.9148873307,37434.814167288554,751235.7227841368,37082.39611893339,743769.9302332746,36736.55163913694,736451.0678184037,36397.09850460771,729274.8403291826,36063.861165509785,722237.1183555658,35736.67044273694,715333.9303641563,35415.363241517545,708561.4552246627,35099.782280331616,701916.0151569134,34789.77583419339,695394.0690710726,34485.19749141887,688992.2062757205,34185.90592305936,682707.1405303072,33891.764664237955,676535.7044201886,33602.64190667813,670474.8440340153,33318.410301762044,664521.613924684,33038.94677349991,658673.1723363777,32764.132340833763,652926.7766814494,32493.85194873626,647279.7792520216,32227.9943076011,641729.623152211,31966.451740453766,636273.8384378536,31709.12003754212,630910.0384514818,31455.89831789422
1.3799599198396792,1073904.1279687963,51627.19727618737,1058745.8583671232,50960.75824879965,1044009.5538205832,50311.30564685946,1029677.8366611294,49678.19820899492,1015734.2705118847,49060.82655072265,1002163.2974053563,48458.61120802424,988950.1798760728,47871.000823264556,976080.9475745229,47297.47046151437,963542.3479958333,46737.52004647036,951321.8009578756,46190.672906177264,939407.3565000981,45656.47441966295,927787.6559068982,45134.49075641035,916451.8955883071,44624.3077013207,905389.7935765585,44125.52955847886,894591.5584201571,43637.778127623715,884047.8602776349,43160.69174775901,873749.8040316462,42693.92440282249,863688.904260543,42237.14488476519,853857.0619194272,41790.03600978705,844246.5425959883,41352.29388383113,834849.9562184354,40923.62721376213,825660.2381036351,40503.75666094806,816670.6312433117,40092.414234230884,807874.6697349661,39689.34271951396,799266.1632721324,39294.295143414965,790839.1826157842,38907.0342686344,782588.045975239,38527.332118872924,774507.3062328175,38154.969531298455,766591.7389518975,37789.73573471689,758836.3311128851,37431.42795174071,751236.2705260671,37079.851023377385,743786.9358743664,36734.81705457746,736483.8873426983,36396.14507938961,729322.8577940101,36063.66074446864,722299.7444551485,35737.196009774016,715410.6010785168,35416.58886537873,708651.6305480594,35101.68306338625,702019.1779004581,34792.32786402329,695509.7237345962,34488.37779504156,689119.8779843147,34189.69242362182,682846.3740313146,33896.13614002837,676686.0631367202,33607.57795231441,670635.9091713642,33323.89129142462,664692.9836262607,33044.95382608626,658854.4608860406,32770.64728691977,653117.6137493216,32500.857299237603,647479.8091810886,32235.47322403466,641938.5042831908,31974.38800670598,636491.2424699942,31717.498033057058,631135.6498371086,31464.70299219992
1.384569138276553,1072878.1727453296,51577.1797502314,1057781.7715194228,50913.48111358373,1043104.3163524145,50266.64650732338,1028828.6064169619,49636.04124341729,1014938.3698006463,49021.06208838849,1001418.2016347981,48421.13533858933,988253.5071034908,47835.715035096524,975430.4488894476,47264.281306552766,962935.898659024,46706.338829382315,950757.392228686,46161.41539579457,938883.0880911243,45629.060580874415,927301.7290109167,45108.84450085143,916002.6064279157,44600.35665535326,904975.5274317685,44103.20484709007,894210.7840934736,43617.01417299502,883699.1249600308,43141.42608136668,873431.7285362509,42676.09749003007,863400.1785939696,42220.699960958504,853596.4411634157,41774.91892718313,844012.8430745285,41338.45296816624,834642.0519277685,40911.013130130406,825477.0573845407,40492.3222881229,816511.1536768981,40082.114546855664,807737.9232448247,39680.13467759903,799151.2214171849,39286.137588622805,790745.1620594944,38899.887826876315,782514.1041180681,38521.15910877823,774452.6389959002,38149.733878151404,766555.5787009097,37785.40288948814,758817.9447119798,37427.964814868596,751234.9575125746,37077.225872980554,743802.0267457025,36732.99947880452,736514.7419476098,36395.10591263321,729368.8638209003,36063.37200719202,722360.3160107987,35737.63085171595,715485.177351034,35417.721511920376,708739.6745483531,35103.48876487877,702120.1752769849,34794.7828478895,695623.1816565046,34491.459220478166,689245.3240884859,34193.37833874092,682983.3554291303,33900.405441288385,676834.1454766914,33612.4103461005,670794.6757540391,33329.26725764888,664862.0345680851,33050.85458368614,659033.4123290844,32777.054761141946,653306.0971140002,32507.754090601633,647677.4704592172,32242.84257887814,642145.0033688829,31982.21378921914,636706.2525261013,31725.764698720817,631358.8566950462,31473.395562547073
1.3891783567134268,1071856.0754183491,51527.353429778464,1056821.1024724955,50866.375541496505,1042202.0873391986,50222.140544116155,1027982.0036999829,49594.02023563224,1014144.7419746977,48981.41745312813,1000675.0484417246,48383.76417913791,987558.4691461602,47800.51978497028,974781.2981623426,47231.16939957465,962330.529821399,46675.22239360542,950193.8145537699,46132.210969303174,938359.418031547,45601.68884767411,926816.1833264782,45083.2300452248,915553.4958271099,44576.42773320463,904561.250683184,44080.89317293583,893829.8225674116,43596.25472137523,883350.0375644302,43122.156901561604,873113.1470143868,42658.25953306237,863110.8031544002,42204.23691794948,853335.0364153616,41759.777078211155,843778.234244303,41324.58104084703,834433.1213340587,40898.36216720422,825292.7411523153,40480.84552339276,816350.4386714874,40071.767288874595,807599.8442093264,39670.874200552695,799034.8582977942,39277.923029898986,790649.6375046731,38892.68009085259,782438.5811386455,38514.92077639641,774396.318774284,38144.429121880836,766517.6985385554,37780.997393311,758797.7761051555,37424.4256989479,751231.8043472676,37074.521622698005,743815.2236032443,36731.09987787819,736543.6525132677,36393.981980047334,729412.879388294,36062.99593769038,722418.8540755531,35737.975959628886,715557.6802875956,35418.762178112076,708825.6083643539,35105.20038661677,702219.0284399699,34797.141791452574,695734.4639882239,34494.44277633175,689368.5657223153,34196.96467912106,683118.1058265046,33904.573580046614,676979.9724987445,33617.14010067188,670951.1647849116,33334.53921301495,665028.7876866237,33056.65005821356,659210.0475258847,32783.355774185045,653492.2475509637,32514.543331765133,647872.7837689877,32250.1033788428,642349.1409917186,31989.930092039678,636918.889081896,31733.921035511317,631579.6793883813,31481.977026474528
1.3937875751503004,1070837.8110958468,51477.7170562215,1055863.8307880668,50819.440474263705,1041302.8503906454,50177.786882609355,1027138.015799858,49552.13447939284,1013353.377669539,48941.89209310246,999933.8315038655,48346.49731943709,986865.0624479353,47765.41479252281,974133.4943518899,47198.134579319725,961726.2427275715,46644.17068709787,949631.0712550302,46103.05967479995,937836.3515302464,45574.35935995196,926331.0257757335,45057.64761353811,915104.5722626587,44552.52123593749,904146.9732172093,44058.5949076314,893448.6850054401,43575.50020894253,883000.6104100882,43102.88470356509,872794.0728300876,42640.411081094615,862820.7922489962,42187.75635417322,853072.8628324324,41744.6111062347,843542.7320271432,41310.67878616728,834223.1810455642,40885.67504651555,825107.3066298941,40469.32712211766,816188.5039988735,40061.373246324714,807460.4508887321,39661.56210217691,798917.0926072664,39269.65230611829,790552.6280267988,38885.4119220216,782361.4964479214,38508.61800346736,774338.3652715149,38139.05616237896,766478.1184216097,37776.52016226021,758775.8454662733,37420.811534413624,751226.8313879098,37071.739215638874,743826.5469581947,36729.11920602177,736570.6396763534,36392.77424552596,729454.9252326897,36062.53350819285,722475.3794621858,35738.232312841545,715628.1307556587,35419.71184923913,708909.4528984055,35106.81891878496,702315.7583085002,34799.40568881898,695843.5916489685,34497.32945972663,689489.6237899332,34200.452444068964,683250.6460985705,33908.64155702027,677123.5650362973,33621.76821744319,671105.3970440711,33339.70815897674,665193.2636980438,33062.34125055427,659384.3871190343,32789.55132580653,653676.0856204447,32521.22602084099,648065.7695802926,32257.25661992151,642550.9375240089,31997.537908602953,637129.1724055529,31741.968033904148,631798.1380752298,31490.44837112863
1.3983967935871742,1069823.355109598,51428.26938255725,1054909.9361933004,50772.674862569314,1040406.5892301229,50133.584654759245,1026296.6300739745,49510.38327290795,1012564.2675476616,48902.48545901943,999194.5444898552,48309.334350090336,986173.283411629,47730.39977669527,973487.0363474789,47165.17668246085,961123.0385279167,46613.183654524975,949069.1655381393,46073.96155599414,937313.8936605221,45547.0722522338,925846.2631282649,45032.09742356546,914655.8440438934,44528.63745760811,903732.7047398358,44036.31041510017,893067.3823793399,43554.751063576885,882650.8556148142,43083.609973765386,872474.519137549,42622.552673998856,862530.1599679097,42171.25885835004,852809.9353487111,41729.42164454391,843306.352116704,41296.74687803677,834012.2474381499,40872.95247894528,824920.7708043911,40457.76782877858,816025.3671923075,40050.9331941718,807319.7613026707,39652.199185042235,798797.942796749,39261.32624479304,790454.1524581705,38878.08417037457,782282.8692130952,38502.251660183,774278.7979472188,38133.615887930544,766436.8580631171,37771.972100763094,758752.1727259705,37417.12324003078,751220.0587498314,37068.879583235605,743836.0170803651,36727.05840578928,736595.7238334194,36391.48366131399,729495.0218519174,36061.985679311205,722529.9127464332,35738.400879107234,715696.5493874244,35420.57149906258,708991.2288195078,35108.34534010308,702410.3855703481,34801.575522696876,695950.5853287635,34500.120256461996,689608.5189684915,34203.84262164516,683380.9968957651,33912.610361764375,677264.9437004145,33626.29568675544,671257.3930916477,33344.77508600686,665355.483100987,33067.9291507085,659556.4515360657,32795.64240497704,653857.631670108,32527.803145256556,648256.4481529648,32264.303287524952,642750.4131305271,32005.038221867217,637337.1225602371,31749.906674004375,632014.2527112279,31498.810573393017
1.403006012024048,1068812.6830126282,51379.009173250364,1053959.398579199,50726.077665962606,1039513.2876938701,50089.53299905147,1025457.8339473569,49468.76591881989,1011777.4022990701,48863.19700414034,998457.1810602733,48272.27486256904,985483.1284005006,47695.47445578672,972841.9229710817,47132.29554367671,960520.9182807744,46582.261237348685,948508.1004950209,46044.916652311105,936792.0493628074,45519.82765379764,925361.9020039998,45006.57968697427,914207.3193157843,44504.77668540239,903318.4547798536,44014.040051717486,892685.9254725219,43534.00770501038,882300.7850983816,43064.33318987337,872154.4988846045,42604.68484250411,862238.9201878133,42154.74500964925,852546.2686787618,41714.209316522276,843069.109982049,41282.785980150176,833800.3366588895,40860.195164893594,824733.1504307046,40446.16837714909,815861.045550096,40040.4478964825,807177.793233722,39642.786240660236,798677.4270787948,39252.94566224548,790354.2293914455,38870.69767460754,782202.718361124,38495.82260535843,774217.636020576,38128.10917538322,766393.9369358277,37767.35410176865,758726.7775750583,37413.361723062226,751211.5063092848,37065.94364541028,743843.6540014857,36724.91840823019,736618.9251441546,36390.11116817029,729533.1895083549,36061.353400200955,722582.4742701623,35738.48261476304,715762.9565829579,35421.34208997641,709070.9565663901,35109.78061798122,702502.9306849923,34803.65226454934,696055.465491418,34502.816141163035,689725.2717110883,34207.13618881298,683509.1786467041,33916.48097281859,677404.1288826346,33630.72348802058,671407.1732705889,33349.74097373914,665515.4661792986,33073.41473793137,659726.2609921336,32801.6299900187,654036.9058376846,32534.27568188967,648444.839539367,32271.244356615553,642947.5877710525,32012.43200444555,637542.7594066019,31757.7379256764,632228.0430519846,31507.06460001632
1.4076152304609217,1067805.7705767197,51329.935204099966,1053012.1979990315,50679.64785276657,1038622.9297302185,50045.6310604464,1024621.6149125766,49427.281724182016,1010992.7726417871,48824.02618428595,997721.734868664,48235.31844924333,984794.5937397154,47660.63854750638,972198.1529790877,47099.49099572306,959919.8829546057,46551.40337391511,947947.8791062788,46015.92499899422,936270.8234473349,45492.62568878766,924877.9488760689,44981.0946094499,913759.0060619608,44480.93919976944,902904.232692006,43991.78416645188,892304.3248832922,43513.27054497481,881950.4105858757,43045.05482107562,871834.0248161455,42586.80810835382,861947.0865753674,42138.21537785023,852281.8773211342,41698.97473581048,842831.0208711812,41268.79674615321,833587.4646296044,40847.40379444777,824544.4620350584,40434.529490464185,815695.5561391386,40029.918106593905,807034.5642309415,39633.32404965325,798555.5634308679,39244.511363777434,790252.8771831212,38863.2532622906,782121.0625821751,38489.33168660053,774154.8984737411,38122.53689031514,766349.3742755824,37762.667046914146,758699.6794678672,37409.527879434,751201.1937067482,37062.93231073842,743849.4775184665,36722.70013305169,736640.2635346006,36388.6576955282,729569.4482320981,36060.637608720215,722633.0841444954,35738.478464886815,715827.3725132645,35422.02457316261,709148.6563505381,35111.12570867279,702593.4138865982,34805.63687474538,696158.2523774559,34505.41807742988,689839.9022496479,34210.33411158541,683635.2115610162,33920.254357852034,677541.1407577543,33635.05258986426,671554.7577093979,33354.606791109225,665673.2330047175,33078.79898087131,659893.8354926596,32807.515048741356,654213.9280535697,32540.64459720297,648630.9635869431,32278.080791839682,643142.4812028755,32019.720218735925,637746.1026052515,31765.462748671966,632439.5286555031,31515.21140773822
1.4122244488977955,1066802.593789946,51281.04626210754,1052068.3146667702,50633.38439998714,1037735.4993988117,50001.87799032444,1023787.9605296471,49385.930000435845,1010210.3693223314,48784.9724578413,996988.1995625166,48198.4647034113,984107.6757177599,47625.891769024274,971555.725064092,47066.76286950186,959319.9334300997,46520.60999953982,947388.5042435763,45986.98662720399,935750.2205967398,45465.466476325535,924394.4100736046,44955.64239081723,913310.9121076702,44457.1252745521,902490.0476600798,43969.54310100307,891922.5910280496,43492.53998734613,881599.7436109809,43025.77532818414,871513.1094774719,42568.92298446002,861654.6725906242,42121.67052350015,852016.7755618033,41683.718506466954,842592.099814506,41254.779819805306,833373.6470503416,40834.57904754652,824354.7219184845,40422.851881585724,815528.9157984045,40019.34456727965,806890.0916133259,39623.81338192091,798432.3695987891,39236.02414383668,790150.1139569576,38855.75175003395,782037.9203330203,38482.77974047341,774090.6040552068,38116.89988719957,766303.1890846393,37757.911806688644,758670.8976255358,37405.622593897504,751189.140350175,37059.846476609884,743853.5071966046,36720.404488778055,736659.7587003151,36387.124161653344,729603.8178240806,36059.83923158566,722681.762252882,35738.38936345138,715889.8171233162,35422.61988874353,709224.3481591726,35112.38155742499,702681.8551869495,34807.53030270841,696258.9660070001,34507.927017984024,689952.4305977612,34213.437345169536,683759.1156321331,33923.93147380567,677675.9992865726,33639.283950266115,671700.1663248303,33359.3734964928,665828.8034395279,33084.08283770626,660059.1948359353,32813.29853857685,654388.7180433825,32546.910847375995,648814.8399407341,32284.81354765772,643335.1129832704,32026.903817049224,637947.1716191698,31773.082092756224,632648.728884564,31523.251943413467
1.4168336673346693,1065803.1288542452,51232.34114534703,1051127.728955546,50587.2862932236,1036850.9808698271,49958.27294643203,1022956.8584259097,49344.71006338824,1009430.1831161788,48746.03528576021,996256.5687842243,48161.713219327445,983422.370587825,47591.23383702048,970914.6378566433,47034.11099412877,958721.0705022351,46489.8810465911,946829.9786719623,45958.101564115255,935230.2453686137,45438.35013061941,923911.2917844821,44930.223225159956,912863.0451226775,44433.33517711492,902075.9086999381,43947.31718993751,891540.7341444244,43471.81642828631,881248.7955192026,43006.49516378349,871191.7652175837,42551.02997505477,861361.6914903697,42105.11099806898,851750.9774775486,41668.44122312576,842352.3616282346,41240.73583513975,833158.8994027914,40821.7215941417,824163.9461602427,40411.136253165314,815361.1411423482,40008.72801091347,806744.3924732174,39614.254996803866,798307.8631001266,39227.48478618076,790045.9576073438,38848.193943651335,781953.3098403763,38476.16759266119,774024.7712831103,38111.19900956688,766255.400134949,37753.0892405939,758640.4510392481,37401.646740189346,751175.3654181916,37056.68702938735,743855.7623727415,36718.03237290759,736677.4301094864,36385.511473798935,729636.3178591436,36058.95918452627,722728.5282541246,35738.21623347644,715950.3101350318,35423.12896593193,709298.0517581853,35113.54909862695,702768.2743783366,34809.33348706244,696357.6261826153,34510.343904812704,690062.8765534791,34216.44683410886,683880.9106400389,33927.51326703258,677808.7242185937,33643.4185166981,671843.418824551,33364.0420378419,665982.1971391698,33089.26725627795,660222.3586156903,32818.98140671115,654561.2953304874,32553.07537843538,648996.4880458547,32291.443568472267,643525.5024719299,32033.983741735537,638145.9857161099,31780.59689783198,632855.6629090767,31531.187144134197
1.4214428857715429,1064807.3521830158,51183.818662836435,1050190.4213961146,50541.3525265799,1035969.3584231952,49914.815092827776,1022128.2962959066,49303.62123318811,1008652.2048281989,48707.21413156898,995526.8361720043,48125.06359222973,982738.6745691483,47556.66446773284,970274.8899269479,47001.53519699879,958123.2948822896,46459.216444571386,946272.3050521449,45929.269833011946,934710.902198001,45411.276761070476,923428.6000580051,44904.83730093724,912415.4126241073,44409.569168469534,901661.8246624887,43925.10676082103,891158.7642943547,43451.10025638215,880897.5774710306,42987.21477237482,870870.0041924091,42533.1295758386,861068.1563314022,42088.53734410135,851484.49693927,41653.14347115131,842111.8209177245,41226.66541662052,832943.2369536402,40808.83209435689,823972.1506211809,40399.38329780402,815192.248564267,39998.06915962967,806597.4836796509,39604.64964324462,798182.0612275226,39218.89406403774,789940.4258026057,38840.5806383205,781867.2491041849,38469.49605812804,773957.4184484874,38105.43509016367,766206.0259713727,37748.20019730266,758608.358473418,37397.601181188315,751159.8878632439,37053.45484456193,743856.2621583677,36715.58467206692,736693.2970059969,36383.82052835853,729666.9676890571,36057.998372434355,722773.4015853569,35737.959987177965,716008.8710502106,35423.552723178596,709369.786695026,35114.62925595556,702852.6910364002,34811.04735577605,696454.2524921048,34512.6696693108,690171.2597020642,34219.36351242333,684000.6161539758,33931.00067343607,677939.335094688,33647.45722626051,671984.5347097509,33368.613352819,666133.4335548114,33094.353174223994,660383.3462236188,32824.56459021457,654731.679238479,32559.13912638303,649175.927149936,32297.971788754323,643713.6688333622,32040.960925308384,638342.5639709543,31788.008094061992,633060.3497083939,31539.017937350367
1.4260521042084167,1063815.240398756,51135.477634411465,1049256.3726753455,50495.58210257719,1035090.6164478277,49871.503599829186,1021302.2619012481,49262.662834303235,1007876.4252930766,48668.50846136937,994798.9953608016,48088.51541836591,982056.5838483275,47522.1833770034,969636.4797865361,46969.03530385041,957526.6071998128,46428.61612019659,945715.4859427223,45900.49145337995,934192.1953998485,45384.24647237735,922946.3408075392,44879.48480109804,911968.0219792334,44385.827503397486,901247.8042366034,43902.912134349004,890776.6913671087,43430.391852781635,880546.100445044,42967.93459051737,870547.8383679775,42515.222274126194,860774.0799737566,42071.95009536594,851217.3476152478,41637.82582679041,841870.4920807652,41212.56917929662,832726.6747578717,40795.9111986432,823779.3509470387,40387.59369820939,815022.2542396024,39987.368725480825,806449.3818816452,39594.99805994568,798054.9810519727,39210.25274026439,789833.5359882625,38832.912618741124,781779.7559008463,38462.76594127537,773888.5636184736,38099.60895110946,766155.0849148537,37743.24551481421,758574.6384688236,37393.48676906994,751142.7264146936,37050.1507869065,743855.025442682,36713.06226216287,736707.3784124419,36382.05221101642,729695.7864454965,36056.9576895144,722816.4014649774,35737.62152611526,716065.5191534215,35423.89206831769,709439.5723015496,35115.62294251899,702935.124522931,34812.672826304086,696548.8643112676,34514.90523242075,690277.5994187046,34222.1883037473,684118.2515351129,33934.394618605715,678067.8512497151,33651.40100581619,672123.5332777262,33373.08836892921,666282.531935885,33099.3415191082,660542.1768518735,32830.04901617002,654899.8888936313,32565.103017322537,649353.1763055315,32304.39913316782,643899.631039259,32047.836290567226,638536.9252680361,31795.316601989693,633262.808073597,31546.7452409885
1.4306613226452904,1062826.7703307236,51087.31689060068,1048325.5636347195,50449.974032067126,1034214.73944084,49828.33764395962,1020478.7430704645,49221.83419549666,1007102.8353757096,48629.91774384108,994073.039983155,48052.068295018595,981376.0945805947,47487.790280323454,968999.4058898865,46936.61113882786,956931.0080045484,46398.079997473666,945159.5238023591,45871.76644099776,933674.1291713999,45357.25936463807,922464.5198130887,44854.165903192945,911520.8804082059,44362.110430570465,900833.8559519742,43880.73362447375,890394.5250822443,43409.69159132746,880194.3752409562,42948.65504696715,870225.2795235303,42497.30854898941,860479.4750838651,42055.34977700175,850949.5429743418,41622.48885732148,841628.3893108013,41198.4477289534,832509.2276620041,40782.959547932405,823585.5625716939,40375.76812734963,814851.1741291829,39976.62741059276,806300.103511438,39585.300975524784,797926.6394260437,39201.56156750151,789725.3053902257,38825.190659289925,781690.8477863917,38455.97803609663,773818.2246394516,38093.7214040505,766102.5950655309,37738.22602060741,758539.3093456888,37389.304345458455,751123.8995818652,37046.775710626454,743852.0708956,36710.46600853178,736719.6931330978,36380.20739689549,729722.7930429707,36055.838019429335,722857.5468955344,35737.20174133575,716120.2735148475,35424.14789870979,709507.427696815,35116.531060997964,703015.5939886287,34814.2108057271,696641.4808066118,34517.051504770156,690381.9148711829,34224.92212146534,684233.835939171,33937.69601795123,678194.2918151087,33655.25077212251,672260.4336244173,33377.46800365038,666429.5113325829,33104.23320854868,660698.8694955187,32835.43560179938,655065.9432273107,32570.96796758352,649528.2543724896,32310.726516692073,644083.4078708242,32054.610750718213,638729.0883034318,31802.523332657922,633463.0566097447,31554.36996356867
1.4352705410821642,1061841.9190126343,51039.335272502576,1047397.975268845,50404.527334146376,1033341.712006781,49785.31640789565,1019657.7276988542,49181.13464980315,1006331.4259715913,48591.44145024358,993348.9636700444,48015.72182052936,980697.2028910619,47453.48489287716,968363.666636015,46904.26252454206,956336.4977683168,46367.607997776315,944604.4209919228,45843.09480802506,933156.7075945425,45330.31553345,921983.1427238265,44828.8807794837,911073.994986735,44338.418192668265,900419.9881819177,43858.5715385296,890012.2749925191,43388.99983868801,879842.4124826065,42929.37656281297,869902.3392545773,42479.388871397394,860184.3541376657,42038.73690566184,850681.0962891357,41607.13312120102,841385.5266001032,41184.301662261205,832290.910307278,40769.97777378713,823390.8007203529,40363.90724860512,814679.0239824142,39965.845907316834,806149.6647876672,39575.55910866765,797797.0529870422,39192.821288326675,789615.7510179483,38817.41552417315,781600.5420996114,38449.133126329296,773746.419140149,38087.77325031123,766048.5743058092,37733.14253179125,758502.3892067195,37385.05474157617,751103.4256570456,37043.330459507866,743847.4169707163,36707.79676608653,736730.2597568467,36378.286950702815,729748.0061817055,36054.64023544467,722896.8566665706,35736.701513517364,716173.1529930871,35424.32110138268,709573.3717898467,35117.3545037849,703094.118375819,34815.66219088879,696732.1209380295,34519.10938680733,690484.2250225085,34227.565868845886,684347.3883190142,33940.905776834414,678318.6757214208,33659.00743196136,672395.2546469148,33381.753164561305,666574.3905983217,33109.029150344264,660853.4429549517,32840.72525458788,655229.8609783547,32576.734883844314,649701.1800202911,32316.95484474257,644265.0179210728,32061.285209493006,638919.0715872183,31809.629187726066,633661.1137380941,31561.89300431975
1.439879759519038,1060860.663680385,50991.53163166418,1046473.5887239876,50359.241036072,1032471.5188568612,49742.439080414886,1018839.2037483198,49140.56353450534,1005562.1880071731,48553.07905441735,992626.7600517077,47979.47559432204,980019.9048759303,47419.26692958407,967729.260370022,46871.98928212972,955743.0768868543,46337.200039918825,944050.1797765685,45814.476563089454,932639.9346381066,45303.4150700075,921502.2150605676,44803.62959705054,910627.3726487125,44314.751026494174,900006.2091461242,43836.42617735527,889629.9504867395,43368.31695448588,879490.2226208926,42910.09955160989,869579.0289758956,42461.46370435437,859888.7294236495,42022.11198965442,850412.0206390227,41591.759168207405,841141.9177428787,41170.1315669214,832071.7371327807,40756.966498548616,823195.0804126846,40352.01171591727,814505.8193404124,39955.02489837948,805998.0817184972,39565.77316827798,797666.2381601273,39184.032635404394,789504.8896675193,38809.58796757656,781508.8559651247,38442.231985604354,773673.1645346856,38081.7652810431,765993.0403033756,37727.99585525282,758463.8959400876,37380.73877839062,751081.3227184347,37039.81586706349,743841.0819082184,36705.055379461155,736739.0966600518,36376.29172687289,729771.4443504823,36053.36520057018,722934.3493574203,35736.121713108805,716224.1762379111,35424.41255316996,709637.4232823495,35118.094153120786,703170.7164211267,34817.02786853106,696820.8034614294,34521.07976893482,690584.5486335075,34230.12043917306,684458.9274271963,33944.024790699,678441.0217008296,33662.67188226734,672528.0150459234,33385.94474946797,666717.1883921635,33113.73024259892,661005.9158382853,32845.91887240679,655391.6606954155,32582.404663252728,649871.9717303523,32323.085013289994,644444.4795970931,32067.860561266036,639106.8934456975,31816.635059585435,633856.9976982857,31569.31525329309
1.4444889779559118,1059882.9817698102,50943.9048299613,1045552.3852966167,50314.11417317781,1031604.1448081863,49699.70485634404,1018023.1592471971,49100.120191109905,1004795.112440211,48514.830032784455,991906.4227584349,47943.329216924874,979344.1966036733,47385.13610514019,967096.1853846074,46839.79123131109,955150.7456816122,46306.856040228224,943496.8023277844,45785.91171137111,932123.8141601164,45276.558061197575,921021.7422181987,44778.41251789713,910181.020188788,44291.10916308814,899592.5269133571,43814.297835414014,889247.5607925603,43347.643291423665,879137.8159366519,42890.82441951014,869255.3599244759,42443.53350303451,859592.6130458578,42005.47552908121,850142.3289132396,41576.36753958205,840897.5763383319,41155.93802180968,831851.7223785241,40743.9263354816,822998.4164659042,40340.082173934636,814331.5755390874,39944.16505702924,805845.3701046953,39555.943853624805,797534.2111613732,39175.196331633604,789392.7379247097,38801.70873381283,781415.8062964051,38435.27537759336,773598.4780255707,38075.698277371,765936.0105141682,37722.78678780295,758423.8472223702,37376.35726675911,751057.6086330509,37036.23275667619,743833.0837377587,36702.24268315306,736746.2220093929,36374.222569708516,729793.125829433,36052.01376769944,722970.0433399667,35735.4632004675,716273.3616929805,35424.423120847445,709699.6006713853,35118.75088122997,703245.4066581131,34818.308715427316,696907.5469313314,34522.96353164073,690682.9042653774,34232.586715876234,684568.4718184749,33947.053945198604,678561.348289612,33666.245010253835,672658.7333281937,33390.04364652791,666857.9231812096,33118.33737384426,661156.3065636994,32851.017343634216,655551.3607392699,32587.978193545026,650040.6477982965,32329.117908977354,644621.8111222821,32074.33769116991,639292.5720235911,31823.54183147293,634050.7265505012,31576.637591474413
1.4490981963927854,1058908.8509144662,50896.45373948069,1044634.346431964,50269.1457887918,1030739.5747829913,49657.112936507576,1017209.5822900746,49059.80396532356,1004030.1902600939,48476.6938643489,991187.9454213369,47907.282289991956,978670.0741161834,47351.092134057995,966464.4399215479,46807.66819044624,954559.5044015165,46276.575912614826,942944.2907253891,45757.40025468566,931608.3499099937,45249.74458969345,920541.7294680543,44753.22969905354,909734.9442648932,44267.492827837625,899178.9494040962,43792.18680091132,888865.1149792303,43326.97919540768,878785.2025434885,42871.551565391586,868931.3431624133,42425.598714914624,859296.016926824,41988.82801597342,849872.0338138455,41560.95876816813,840652.5157936693,41141.721597116906,831630.880088464,40730.85788891686,822800.8234978023,40328.119258156665,814156.3077121716,39933.26704718128,805691.5455426535,39546.07185448759,797400.988000782,39166.31309029283,789279.3121679667,38793.778557466474,781321.4097987546,38428.26405615298,773522.3766066532,38069.57301053721,765877.5021852992,37717.51611631938,758382.2605214408,37371.911007571005,751032.3010595902,37032.58194174022,743823.4402812769,36699.359501663115,736751.653764654,36372.080313519575,729813.0686927919,36050.586779747166,723003.9567813538,35734.72682599549,716320.7275985202,35424.35366126749,709759.9222520087,35119.32555045295,703318.2074198707,34819.50559851341,696992.3697034217,34524.76154562824,690779.3102822015,34234.96557265783,684676.0398522856,33949.99411632274,678679.6738305774,33669.72769353726,672787.427808917,33394.05073437278,666996.6132429531,33122.85142316046,661304.6333617561,32856.02154727403,655708.9792850965,32593.45635316326,650207.2263361932,32335.054409235636,644797.0305385429,32080.71747520924,639476.1252862039,31830.350377583207,634242.3181775886,31583.860890894244
1.4537074148296592,1057938.2489434446,50849.17724240341,1043719.4537225977,50224.33493415432,1029877.7938078755,49614.662527676504,1016398.4610376072,49019.61420702886,1003267.4124881552,48438.67003069605,990471.3216730901,47871.33441632363,977997.5334298924,47317.13473070519,965834.0221731372,46775.619976589755,953969.3532246856,46246.35956864084,942392.6469594914,45728.94219156506,931093.5455307177,45222.97473404608,920062.181960248,44728.08129267685,909289.1514007162,44243.90224058625,898765.4843931333,43770.09335591023,888482.6219602858,43306.32500566895,878432.3923905465,42852.28138098359,868606.9895797452,42407.659779904054,858998.9528104604,41972.16993442508,849601.1478586467,41545.533378546585,840406.7493270502,41127.48285448734,831409.2241134702,40717.76175439112,822602.3159297206,40316.1235950748,813980.0307941976,39922.33152355926,805536.6234273617,39536.15785129851,797266.5844852435,39157.38361518269,789164.6285713596,38785.79816353637,781225.6829722264,38421.1987654672,773444.8770660226,38063.390242043075,765817.532357929,37712.18461788768,758339.1530993143,37367.400791887754,751005.4174512387,37028.864225800105,743812.1691557816,36696.40664963335,736755.4096814676,36369.86578275951,729831.2908116042,36049.08506978434,723036.1076466604,35733.91343027311,716366.2919939536,35424.20502149122,709818.4061198618,35119.819013376975,703389.1368415786,34820.6193750168,697075.2899370703,34526.47467194295,690873.7848534267,34237.25787361904,684781.6496951804,33952.84617052088,678796.016475467,33673.120800259516,672914.1166140845,33397.96688222894,667133.2766676014,33127.27326029505,661450.9142776816,32860.9323530732,655864.5343247205,32598.84001137074,650371.7252747621,32340.89538239753,644970.1557084552,32087.000780372768,639657.5710215549,31837.06156317901,634431.7902871574,31590.986014736598
1.458316633266533,1056971.153879216,50802.07423089019,1042807.6889070154,50179.680668337474,1029018.7870130462,49572.35284251782,1015589.7837163219,48979.55027026012,1002506.7701779719,48400.75801599184,989756.5451486626,47835.48519988619,977326.5705368643,47283.26360934234,965204.9302835984,46743.64640554421,953380.292260115,46216.20691758772,941841.872932405,45700.53751733693,930579.4045609427,45196.24856877384,919583.1047259595,44702.96744614991,908843.6479881295,44220.337615740216,898352.1395121205,43748.017776444525,888100.0904961966,43285.68105488208,878079.3952652363,42833.014250990826,868282.3098972426,42389.71713047247,858701.4322648996,41955.50176072408,849329.6833840748,41530.091887169896,840160.2899704914,41113.2223471545,831186.768114247,40704.638518784486,822402.9079894818,40304.09580231118,813802.7595234287,39911.35913183493,805380.6189553333,39526.202515282515,797131.0162214506,39148.40860076621,789048.7031074782,38777.768267575855,781128.6421145085,38414.08024018704,773365.9959888662,38057.15072378817,765756.1178700967,37706.79305993977,758294.5420149503,37362.827401080525,750976.975058446,37025.08040268737,743799.2877760889,36693.384931982604,736757.5073140216,36367.57979215967,729847.809856397,36047.50946117123,723066.5137015313,35733.023844190655,716410.0727204967,35423.97803891871,709875.0701737325,35120.23211296474,703458.2128630237,34821.650892583646,697156.325597812,34528.103762098515,690966.3459563062,34239.464473383734,684885.3193232316,33955.61096482469,678910.3941873184,33676.42518920855,673038.817682814,33401.79295003646,667267.9313603638,33131.60374578027,661595.1671736174,32865.75062163732,656018.0436688251,32604.130028365926,650534.1623655519,32346.641687809646,645141.2043174141,32093.188464743806,639836.9268424796,31843.67624470009,634619.1604136474,31598.013817446266
1.4629258517034067,1056007.5439354975,50755.143606967875,1041899.0338682424,50135.182058165134,1028162.539631557,49530.183099544076,1014783.5386184145,48939.61151317903,1001748.2544156434,48362.957306981414,989043.6094860092,47799.73424583057,976657.1814058557,47249.47848415927,964577.1623504555,46711.7472919121,952792.3215493191,46186.117866521534,941291.9704605227,45672.186224201774,930065.9304370665,45169.56616445013,919104.5026796696,44677.888302177846,908398.4402895691,44196.799162372554,897938.922252064,43725.96033262958,887717.5291969577,43265.04766928175,877726.2207959066,42813.75055321438,867957.3146691432,42371.77119177497,858403.4666852775,41938.82396348064,849057.6525480079,41514.634802493216,839913.1505727157,41098.940620074485,830963.5255641975,40691.488760455526,822202.6137142654,40292.03648875488,813624.5084447362,39900.3505087652,805223.547127477,39516.20650859501,796994.2986187624,39139.38873230652,788931.5515502826,38769.6895758305,781030.3033237507,38406.909205568125,773285.7497602768,38050.85519820739,765693.2753595038,37701.3422003903,758248.4441270067,37358.19160696576,750946.9909316488,37021.23125665502,743784.8133575157,36690.29514403992,736757.9640177173,36365.223146861535,729862.643299802,36045.86076768837,723095.1925147679,35732.05888907797,716452.0874237139,35423.67354141711,709929.9321180707,35120.56568268105,703525.4532310794,34822.60098940389,697235.4944597876,34529.64965820005,691057.0113783034,34241.58621722049,684987.0665243979,33958.28934696845,679022.8247427953,33679.641709937074,673161.548769642,33405.5297885662,667400.5950437055,33135.843731048466,661737.4097308366,32870.4772045444,656169.5249491326,32609.32725539461,650694.5551830808,32352.29417594305,645310.1938757366,32099.28137760928,640014.2101887041,31850.195269870463,634804.445920363,31604.945144834415
1.4675350701402805,1055047.3975151544,50708.38428241803,1040993.4706324555,50090.838178134225,1027309.0369985569,49488.15252306361,1013979.714101544,48899.79729805042,1000991.8563200602,48325.26739298732,988332.5083267536,47764.081160510475,975989.3619833512,47215.779069310665,963950.7164258799,46679.92244914661,952205.441067942,46156.09232035727,940742.9412761547,45643.88830130885,929553.1264952637,45142.92758778936,918626.3806213598,44652.84399888282,907953.5344403691,44173.2870843255,897525.8399657778,43703.92128877116,887334.9465246395,43244.42516877707,877372.8784544711,42794.49065867087,867632.0142858435,42353.82238177519,858105.0672964741,41922.13700375363,848785.0673325476,41499.16262510336,839665.343801955,41084.638210057085,830739.5097522471,40678.313049373945,822001.4469534366,40279.94625469591,813445.2919124331,39889.30628232699,805065.4227519268,39506.170484457085,796856.4468920237,39130.32468600252,788813.1894779082,38761.56278537367,780930.6825013534,38399.68637760589,773204.154568019,38044.50439840571,765629.0212662551,37695.832787770705,758200.8760965562,37353.49417193844,750915.4819239574,37017.317562510005,743768.7629185345,36687.138071675814,736756.7969517931,36362.796642546906,729875.8084191469,36044.13979366544,723122.1614608818,35731.019376831995,716492.3535560346,35423.292347446906,709983.0094654706,35120.820546617586,703590.8755021505,34823.47049433463,697312.8141081532,34531.113193066056,691145.7987194628,34243.623941162725,685086.9089008586,33960.882155507665,679133.3257344832,33682.77120287964,673282.3274467821,33409.17823953519,667531.2852595702,33139.994058545955,661877.65945193,32875.112944457076,656318.9956205531,32614.432534860476,650852.9211269524,32357.853688502233,645477.1417207415,32105.280359566932,640189.4383288858,31856.61947780415,634987.6640014848,31611.780834182795
1.4721442885771543,1054090.6932081217,50661.79517866642,1040090.9813676096,50046.64811033654,1026458.2645505354,49446.260343130816,1013178.2985886136,48860.106991217704,1000237.5670431526,48287.68776590713,987623.2353168427,47728.52555149944,975323.1081945717,47182.16507895014,963325.5905179986,46648.1716896008,951619.6507273277,46126.13018192099,940194.787029323,45615.64373482999,929040.9959734714,45116.33290173073,918148.7432386586,44627.834669896554,907508.9364510492,44149.80158031042,897112.899870285,43681.9009034719,886952.3507958833,43223.81386706355,877019.3775589834,42775.23493170911,867306.4189765353,42335.871111365836,857806.2451557999,41905.44133517438,848511.9395467441,41483.67584784527,839416.8821487025,41070.31564589433,830514.7337856112,40665.11194725089,821799.4213713272,40267.82569195662,813265.124093054,39878.22707184953,804906.2604468205,39496.095087288464,796717.4760643356,39121.21712912196,788693.6322754238,38753.38858423958,780829.7953547081,38392.412463168475,773121.226405249,38038.09904829062,765563.3718355548,37690.26556136113,758151.8543897537,37348.73584910318,750882.4646937958,37013.340085743286,743751.1532833832,36683.91449143156,736754.0230819024,36360.301065565916,729887.3222989992,36042.347334108104,723147.4377226074,35729.906110042335,716530.8883792318,35422.83526618602,710034.319539113,35120.9975196157,703654.4970445799,34824.26022702139,697388.3019414501,34532.49519034818,691232.7253947444,34245.57847212706,685184.8638713111,33963.39021993582,679241.9145731512,33685.81449946784,673401.171106351,33412.73913572035,667660.0193715693,33144.05556184506,662015.9336629598,32879.65867523311,656466.4729633048,32619.446700434,651009.2774239384,32363.32105853244,645642.0650187973,32111.186242631193,640362.6283626301,31862.949699109417,635168.8316840483,31618.52171434636
1.4767535070140279,1053137.4097893592,50615.375226674405,1039191.5483820877,50002.61094438181,1025610.2078245768,49404.50579549725,1012379.2805675543,48820.5399630786,999485.3777701319,48250.217920210904,986915.7841071857,47693.06702760746,974658.4159444569,47148.636227263836,962701.7825921769,46616.49482457595,951034.9503760597,46096.23135201127,939647.5092895222,45587.45250803216,928529.5420133397,45089.782165520686,917671.5951089548,44602.860444451275,907064.6522095607,44126.34284400625,896700.109049177,43659.899429736004,886569.7501843565,43203.21407173326,876665.7272761699,42755.9837301248,866980.538811801,42317.91778448725,857507.011155639,41888.73740406842,848238.2808292762,41468.174955946466,839167.77792842,41055.97344848712,830289.210592522,40651.88600766708,821596.5504499709,40255.67538402127,813084.0189680968,39867.11348814472,804746.0746430365,39485.98095283841,796577.4009697838,39112.066720132636,788572.8951375457,38745.16765155455,780727.6573998961,38385.088160127714,773036.9810731929,38031.63986270266,765496.343120363,37684.641251320296,758101.3952804691,37343.91738240346,750847.9557075058,37009.29958265824,743732.0010846409,36680.625170646366,736749.6591826576,36357.73719306326,729897.2018336781,36040.48417482306,723171.0382933784,35728.71988211504,716567.7089668642,35422.30309765232,710083.8794751732,35121.09740738744,703716.3350410231,34824.970998017736,697461.9751739426,34533.796464649386,691317.8086363266,34247.45062803003,685280.9486732384,33965.81436079954,679348.6084899837,33688.77242224391,673518.0969625644,33416.21330107053,667786.8145671433,33148.029065754614,662152.2495155853,32884.11522203436,656611.9740850019,32624.37057715991,651163.6411300339,32368.69711052551,645804.9807673437,32116.999850337426,640533.7972224776,31869.1867559915,635347.9658298995,31625.16860585453
1.4813627254509016,1052187.526216829,50569.123366831656,1038295.1541233601,49958.72577732141,1024764.8524576131,49362.888121562704,1011582.6485910941,48781.09558806047,998735.2797197123,48212.85735293795,986210.1483542682,47657.70519889656,973995.2811186207,47115.1922285025,962079.2905722684,46584.89166436819,950451.339801465,46066.39572945852,939101.10954744,45559.31460134809,928018.7676621393,45063.27543479325,917194.9407014616,44577.921447468456,906620.6874834877,44102.91106415549,896287.4744549283,43637.9171150716,886187.1527231594,43182.626084382486,876311.9366239123,42736.737405272805,866654.3837061576,42299.96279824356,857207.3760260441,41872.02564957494,847964.102651082,41452.66042713898,838918.043284196,41041.612130969224,830062.9529249043,40638.63577619867,821392.8474917898,40243.49590616292,812901.9903367116,39855.96613363503,804584.8795868809,39475.82870831408,796436.2362561187,39102.87410883102,788450.9930713078,38736.90065766565,780624.2839643408,38377.7141574876,772951.4341837808,38025.12754754354,765427.9509840058,37678.96057881314,758049.5148528721,37339.03950674848,750811.9712419064,37005.196800496626,743711.3227657565,36677.27086758254,736743.7218401294,36355.105793102164,729905.4637297234,36038.55109254086,723192.979979766,35727.4614773942,716602.8322066808,35421.69663282397,710131.7062251926,35121.121006634574,703776.4064907819,34825.60360890297,697533.85083792,34535.01782164017,691401.0654958718,34249.24121790275,685375.180365139,33968.15538981196,679453.4245387762,33691.64578497261,673633.1220538972,33419.60155081685,667911.6878596868,33151.91538642887,662286.6239891539,32888.48340143406,656755.515922714,32629.2049815629,651316.0291324822,32373.982660524176,645965.9057968821,32122.721997844725,640702.9616758603,31875.33146235389,635525.0831376192,31631.72232101096
1.4859719438877754,1051241.0216295025,50523.038548850316,1037401.7811766596,49914.99171357305,1023922.1841856852,49321.40656832694,1010788.3912765302,48741.77324459588,997987.2641443253,48175.60556369335,985506.3217207517,47622.43967669591,973333.6995842848,47081.83279701297,961458.1123418377,46553.36201831433,949868.8187310862,46036.623211183345,938555.589216646,45531.229992445515,927508.6758746314,45036.81276164886,916718.7843792466,44553.01779964606,906177.0479222063,44079.50642465865,895875.0029111677,43615.954201591325,885804.5663071899,43162.05020071773,875958.014473688,42717.496302177686,866327.9634205594,42282.00654301695,856907.3503372858,41855.3065037641,847689.4163179486,41437.132731779384,838667.6901893624,41027.232198829406,829835.9733610096,40625.36179054083,821188.3256222404,40231.28782556841,812719.0518183509,39844.785602479285,804422.6893427367,39465.63897250703,796293.996387398,39093.6399364691,788327.9408986904,38728.588264267535,780519.690189422,38370.29113551097,772864.6011622415,38018.56279990251,765358.2111027503,37673.2242561365,757996.2290039827,37334.10294813816,750774.5273868165,37001.03247756286,743689.1345835457,36673.85233154873,736736.227454314,36352.4076247867,729912.1245083314,36036.54885503705,723213.2794038807,35726.13167128192,716636.2748029921,35421.016653758095,710177.8165584146,35121.06910516602,703834.728212111,34826.15885239814,697603.9457859658,34536.160058173235,691482.5128467631,34250.95104200424,685467.5758287308,33970.414109964426,679556.3795981031,33694.43539275146,673746.2632452187,33422.90469158146,668034.6560906493,33155.71533147468,662419.0738927677,32892.76402152264,656897.115244998,32633.950721751993,651466.4581517732,32379.17851622486,646124.8567729422,32128.35349203722,640870.138327036,31881.384623898146,635700.200144424,31638.183663991862
1.4905811623246492,1050297.8753453875,50477.11973166063,1036511.4122636659,49871.40786484637,1023082.1888432003,49280.060388341684,1009996.4973054859,48702.57231509801,997241.322330314,48138.46205464412,984804.2978760488,47587.270073616164,972673.667191183,47048.55764726841,960838.2457453493,46521.90569483625,949287.3868341174,46006.91369225336,938010.9496352398,45503.19865629486,926999.2695149,45010.39419473145,916243.1304012149,44528.149617543844,905733.7390590027,44056.12910466663,895462.7011149036,43594.01092611087,885421.9986954601,43141.48671065941,875603.9695529641,42698.26075964178,866001.287564852,42264.049402579614,856606.9445023554,41838.58039175217,847414.2329730494,41421.592332966466,838416.7304500585,41012.83415003124,829608.2843080021,40612.0645806293,820982.997792409,40219.05170146117,812535.2168553695,39833.572480696355,804259.5177956617,39455.412355917455,796150.695646577,39084.36483587887,788203.7532592025,38720.23112452705,780413.8910330448,38362.81976584395,772776.4972496533,38011.946308180355,765287.1389683326,37667.43298684279,757941.5534461768,37329.10842378613,750735.6400475359,36996.80734334613,743665.4526106442,36670.37030302121,736727.1922415573,36349.64343838202,729917.2005077485,36034.478221251426,723231.9530057388,35724.73123035635,716668.0532790016,35420.26393370754,710222.2270640866,35120.942482013284,703891.316844483,34826.63751248017,697672.2766931922,34537.22396239628,691562.1673863039,34252.58089193281,685558.1517711156,33972.59131563649,679657.490373451,33697.14204211934,673857.5372298912,33426.12352148475,668155.735931601,33159.429700057306,662549.6158673163,32896.95788201198,657036.7886538975,32638.608597523325,651614.9447436105,32384.285477078978,646281.8501980159,32133.89513162393,641035.343618992,31887.34703822237,635873.3332280384,31644.553430943033
1.495190380761523,1049358.0668595873,50431.365883307895,1035624.030241211,49827.97335006926,1022244.8523622003,49238.848839663086,1009206.955423672,48663.49218593609,996497.4455981222,48101.42633051487,984104.0704968846,47552.19600356304,972015.179772447,47015.3664938979,960219.6885893358,46490.52250148423,948707.0437228146,45977.267065938715,937467.1920674673,45475.220565235424,926490.5513581476,44984.01977930401,915767.9829240596,44503.31701366687,905290.7663131494,44032.77927867136,895050.5756387127,43572.087520245645,885039.4575133767,43120.935898443786,875249.8104475494,42679.03111035163,865674.3656001863,42246.09175420381,856306.1687794279,41821.84773181473,847138.563599445,41406.03968665701,838165.1757077614,40998.41847513092,829379.8980045042,40598.744668759835,820776.8767815701,40206.78808522177,812350.4987155882,39822.327346286766,804095.3786539517,39445.1494608763,796006.3481380668,39075.049431594816,788078.4446124274,38711.82988320585,780306.9012721684,38355.30071163839,772687.1375054567,38005.2787522116,765214.7498904521,37661.58746586159,757885.5037096568,37324.056642240765,750695.3249472916,36992.52211864072,743640.2927379259,36666.825513763266,736716.6322369466,36346.81397543279,729920.7078856347,36032.33994140527,723249.0170455915,35723.26091248789,716698.1839791071,35419.43923723601,710264.9541537259,35120.74190754433,703946.1888508262,34827.04036449443,697738.8600594434,34538.21031386315,691640.0456378896,34254.131550735874,685646.9247269196,33974.68779270442,679756.7733993232,33699.76652116355,673966.960531842,33429.25883025092,668274.9438862718,33163.0592830045,662678.2663874838,32901.06577433813,657174.5525869179,32643.179400461424,651761.5053008544,32389.30433439287,646436.9024134692,32139.347707237248,641198.593835323,31893.219494918147,636044.4986085428,31650.83241007544
1.4997995991983968,1048421.5758423817,50385.77598085087,1034739.6180999916,49784.68729531521,1021410.1607716295,49197.7711858045,1008419.7544406381,48624.5322474108,995755.6253024694,48064.497898583235,983405.6332678382,47517.21708175043,971358.2331454679,46982.2590517149,959602.438643534,46459.21224497919,948127.7889538705,45947.68322376629,936924.3177053059,45447.29568904006,925982.5240924538,44957.68955732241,915293.3460041711,44478.52009654749,904848.1349919453,44009.45711659457,894638.6329328857,43550.18421050559,884656.9502549743,43100.398042722816,874895.5456039059,42659.807680982165,865347.2068413881,42228.13396876979,856005.0332742779,41805.10893549769,846862.419022538,41390.47524177941,837913.0374417652,40983.985657392914,829150.8265230978,40585.4025697055,820569.9751996988,40194.497520506666,812164.910494811,39811.050769352165,803930.2854516568,39434.850881665494,795860.9677902452,39065.69433997446,787952.0292405256,38703.385176780976,780198.735505298,38347.73462767243,772596.5368099272,37998.560803384695,765141.0589992241,37655.68837961939,757828.095144883,37318.94830350432,750653.5976296447,36988.17751566436,743613.6706768856,36663.21868694277,736704.5632966642,36343.91996887976,729922.6626213877,36030.13475711704,723264.4876062224,35721.72146695368,716726.6830711657,35418.543320331286,710306.0140633577,35120.4681435756,703999.3605197268,34827.36817526554,697803.7122114684,34539.11988364346,691716.163953147,34255.60379301813,685733.9110603986,33976.704318647964,679854.2450413156,33702.3096096252,674074.5495076068,33432.31139931208,668392.2962925624,33166.60486290929,662805.0417637263,32905.08848176263,657310.423318973,32647.663914039087,651906.1560554369,32394.23587142621,646590.0296014249,32144.71200153,641359.9051020854,31899.002775666286,636213.7123501963,31657.021381759485
1.5044088176352703,1047488.3821373307,50340.34901026142,1033858.1589632983,49741.54883373124,1020578.1001966072,49156.82669568961,1007634.8832295195,48585.69189372967,995015.85283251,48027.67626867487,982708.9798818654,47482.33292471267,970702.8231127318,46949.23503574486,958986.4936419948,46427.97473125378,947549.6220297613,45918.16205557258,936382.3276700097,45419.423994978446,925475.1903204983,44931.40356750772,914819.2235995102,44453.75897082543,904405.8502927131,43986.162783874825,894226.8793275313,43528.30121838801,884274.4842851108,43079.8734166622,874541.1833314138,42640.59079229912,865019.8204592849,42210.17641087188,855703.5479426566,41788.36440772637,846585.8099124832,41374.89944034516,837660.326971622,40969.53617290363,828921.0817727827,40572.03879083196,820362.3054899417,40182.180543364615,811978.4651193022,39799.7433122128,803764.251551059,39424.517204635915,795714.5683579291,39056.30016931675,787824.5212506965,38694.89763356334,780089.4081549324,38340.12216046888,772504.7098666099,37991.79312476023,765066.0812475943,37649.736406157404,757769.3429249664,37313.784099150034,750610.4734608588,36983.77423817469,743585.6019619828,36659.550537247735,736691.0011003044,36340.96214317452,729923.0805184337,36027.863401516035,723278.3805952079,35720.1136345502,716753.5665487256,35417.576930516785,710345.4228557133,35120.12194348239,704050.8479675996,34827.62170320648,697866.8493050574,34539.95343443031,691790.5385140406,34256.99838504812,685819.1269675139,33978.64166265566,679949.9214981598,33704.772079003196,674180.3203483411,33435.28200191073,668507.8093245244,33170.06721423104,662929.9581442224,32909.02677947222,657444.4169643031,32652.062913715796,652048.9130802484,32399.080863489067,646741.2477866203,32149.988789271014,641519.2933896226,31904.69765433104,636380.9903632328,31663.121118617924
1.5090180360721441,1046558.4657594083,50295.08396632582,1032979.6360857572,49698.557105467095,1019748.6568577046,49116.014643606235,1006852.3307267831,48546.97052298259,994278.1196119899,47990.96095315831,982014.1040408085,47447.543150316495,970048.945462639,46916.29416125222,958371.8512841699,46396.80976549251,946972.5424000643,45888.70344955554,935841.2230136307,45391.60544787914,924968.5525612528,44905.16184541714,914345.6195714427,44429.033737326594,903963.9173047611,43962.89644155304,893815.3210346441,43506.43876046903,883892.0668416227,43059.3622880377,874186.7318046014,42621.380759259555,864692.2154829946,42192.21943892259,855401.7225926248,41771.61454691272,846308.7467865613,41359.31271755877,837407.0554595416,40955.070490683276,828690.675501397,40558.653832210985,820153.8799310484,40169.83768235147,811791.1753482225,39788.405529523174,803597.290145109,39414.149008323795,795567.1634248068,39046.86751997875,787695.9345776029,38686.36787381467,779978.9334699766,38332.46394841196,772411.6712047136,37984.976371187346,764989.8314137165,37643.73221524753,757709.2620480258,37308.564712437714,750565.9676322362,36979.31298158408,743556.1019529514,36655.82177100046,736675.9611531597,36337.94121439265,729921.9772064841,36025.52659935455,723290.7117471456,35718.438147704524,716778.8502332248,35416.54080696157,710383.196422401,35119.70405230766,704100.6671408277,34827.8016984262,697928.287327153,34540.711720646745,691863.1853349518,34258.31608486336,685902.5884779802,33980.50058572851,680043.8188037389,33707.15469265662,674284.2890818056,33438.171403200984,668621.4989943146,33173.44710339533,663053.0315167953,32912.88143467735,657576.5494783665,32656.377167034818,652189.7922910003,32403.84007803763,646890.5728382382,32155.17883743963,641676.7745143679,31910.30489705318,636546.348405634,31669.132385617577
1.513627254509018,1045631.8068931527,50249.97985254685,1032104.032852083,49655.71125760462,1018921.8170702228,49075.33430916,1006072.0859319643,48508.36753711705,993542.4170993825,47954.35146693921,981320.9994558837,47412.84737777199,969396.5959702962,46883.436143766216,957758.5092359687,46365.71715217066,946396.5494627438,45859.3072923249,935301.0047205014,45363.840010189895,924462.6132516324,44878.96442351323,913872.5376865418,44404.34449313989,903522.3410113053,43939.65824635591,893403.9641501313,43484.59704849272,883509.7050374378,43038.864919329295,873832.1990653308,42602.17789111036,864364.4008021692,42174.263405254766,855099.5668868466,41754.85974506048,846031.2400115067,41343.71550192526,837153.2339127467,40940.5890727954,828459.619297991,40545.248186731595,819944.7106397602,40157.46945864266,811603.0537760259,39777.037968385484,803429.4142598229,39403.74686356472,795418.7664058313,39037.39698449004,787566.2829857559,38677.79650986195,779867.3255281148,38324.76062186192,772317.4351814702,37978.11118941812,764912.324103293,37637.676468506426,757647.8673395079,37303.290818427085,750520.0951624145,36974.79443307241,743525.185837074,36652.033086269425,736659.4587884668,36334.857890344785,729919.3681437563,36023.1250671181,723301.4966258494,35716.69573058332,716802.5497761581,35415.43568058842,710419.3504860433,35119.21520686907,704148.8338178688,34827.90890283546,697988.0420979261,34541.395488550384,691934.1202647255,34259.55764237369,685984.3114572822,33982.281840782234,680135.9528290747,33709.45820590566,674386.471574322,33440.980360347996,668733.3811541202,33176.745288892096,663174.2777108089,32916.65320670909,657706.8366597069,32660.607433718764,652328.8094480605,32408.514274768455,647038.0204717139,32160.28290531856,641832.3641406209,31915.825262341612,636709.8020848772,31675.055940159637
1.5182364729458917,1044708.3858908453,50205.03568104764,1031231.3327758475,49613.01044408859,1018097.567243478,49034.784977228934,1005294.1379074036,48469.88234191375,992808.7367880209,47917.84732745452,980629.6598481572,47378.24522764339,968745.770398293,46850.660699106105,957146.4651307936,46334.696695092396,945821.6425654129,45829.97346895157,934761.6737086897,45336.12764203705,923957.3747481196,44852.81133123186,913399.9816183507,44379.691331692724,903081.1262913591,43916.44835077811,892992.8146558042,43462.77628945903,883127.4058626553,43018.38156781402,873477.5930249467,42582.98249148518,864036.3851692033,42156.308656222034,854797.0903448426,41738.10038786856,845753.2998058001,41328.10821535613,836898.8731857941,40926.09237445494,828227.9245951689,40531.82234020977,819734.809573162,40145.07638614405,811414.1128348164,39765.641168461414,803260.636756641,39393.3113336061,795269.3905495752,39027.88914766567,787435.5800718627,38669.18414621061,779754.5982381459,38317.01280326796,772222.0159844565,37971.198218220336,764833.5737518792,37631.569819507735,757585.1734544728,37297.96308408973,750472.8708996308,36970.219271698305,743492.8686314216,36648.18517297985,736641.5091696234,36331.712870686366,729915.2686191655,36020.65951313414,723310.7506265119,35714.887099200736,716824.6806612114,35414.26227418056,710453.9006023827,35118.656135864534,704195.3636113344,34827.94405025129,698046.1292728249,34542.005476336584,692003.3589886886,34260.72379946329,686064.3116086624,33983.98617274795,680226.3392842864,33711.68336613101,674486.8835327029,33443.709622626295,668843.471498059,33179.96252137265,663293.7123990373,32920.34284711472,657835.2941517915,32664.754465763952,652465.9801582637,32413.10420571152,647183.6062505165,32165.301744585613,641986.0777823017,31921.25950116379,636871.3668596604,31680.892532168764
1.5228456913827655,1043788.1832707139,50160.25047247664,1030361.5194982605,49570.45382565795,1017275.8938800907,48994.3659379181,1004518.4757779802,48431.514346962045,992077.0702062197,47881.44805466638,979940.0789490052,47343.73632185904,968096.4644974552,46817.96754340562,956535.7165705523,46303.74819742772,945247.8210065664,45800.70186301576,934223.2308314263,45308.468301283334,923452.839328356,44826.702595048635,912927.9549491176,44355.074342825006,902640.2779215847,43893.26690316268,892581.8784213319,43440.97668570973,882745.1761865824,42997.912485656765,873122.9214663886,42563.79485849939,863708.1772014032,42138.35553229728,854494.3023452074,41721.33685483256,845474.9362419192,41312.49127327329,836643.9839828525,40911.580844134165,827995.602671386,40518.37677149597,819524.188530994,40132.65897160079,811224.3647966686,39754.21566208193,803090.9703347494,39382.84297421764,795119.0489405486,39018.34458671692,787303.8392671363,38660.531379655404,779640.7653422843,38309.2211072793,772125.4276338794,37964.23808848828,764753.5946271528,37625.41291389274,757521.1948798436,37292.58216841902,750424.309523951,36965.5881685085,743459.1651850619,36644.27871302234,736622.1272923719,36328.50684702545,729909.6937544803,36018.13063767907,723318.488977835,35713.012961524335,716845.2582063659,35413.02130248666,710486.8621623587,35118.0275599761,704240.2719700359,34827.90786649968,698102.5643445941,34542.54241424014,692070.9170306411,34261.81529009111,686142.6044750838,33985.614318671425,680314.9937205219,33713.83091287193,674585.5405061523,33446.35993151647,668951.7855640517,33183.099543745084,663411.3510995089,32923.95109975196,657961.9374448269,32668.819007533308,652601.3198766988,32417.61061532186,647327.3455879062,32170.236099404105,642137.930804678,31926.608357034813,637031.0580416028,31686.642904181008
1.527454909819639,1042871.1797151536,50115.62325591379,1029494.5767869614,49528.04056977792,1016456.7835752749,48954.076486514656,1003745.0887308377,48393.262965635375,991347.408917382,47845.153171055565,979252.2505005552,47309.32028372093,967448.6740075778,46785.3563931365,955926.2611266414,46272.8714617486,944675.0840367854,45771.49235665401,933685.6768784961,45280.8619435846,922949.009192696,44800.63823854398,912456.4611714904,44330.493612861486,902199.800578108,43870.11404777982,892171.1612061574,43419.198435012855,882363.0227597381,42977.45791999945,872768.1920462598,42544.6152848434,863379.7853831146,42120.40436816951,854191.212127783,41704.56951934449,845196.1592485518,41296.86508471126,836388.5768599442,40897.054923666816,827762.6646532104,40504.91195258092,819312.859157926,40120.217714704326,811033.8217759071,39742.76197435526,802920.4275333617,39372.34233379994,794967.7545014797,39008.76387136041,787171.0738395698,38651.8387993898,779525.8404184225,38301.386140854396,772027.683984825,37957.23142335186,764672.4008311471,37619.20638947899,757455.9459366222,37287.14872253847,750374.4255494644,36960.901786645554,743424.0901812303,36640.314380359916,736601.327986947,36325.24050302893,729902.6585064481,36015.53913308355,723324.7267441298,35711.07401757956,716864.2975659705,35411.713472324205,710518.2503941518,35117.3301919724,704283.5741810037,34827.80106951699,698157.3626452633,34543.00702463541,692136.8097548154,34262.83284038993,686219.2054411604,33987.16700781092,680401.9315318613,33715.901577922894,674682.4578881424,33448.93202080057,669058.3387356679,33186.15709126853,663527.2091773226,32927.478700881904,658086.7818775482,32672.801795848074,652734.8439084681,32422.034240570047,647469.2537486678,32175.08670651205,642287.9384260722,31931.872566105434,637188.8907969239,31692.30779143042
1.5320641282565128,1041957.3560689752,50071.153068777996,1028630.4885348263,49485.76985057292,1015640.2230161353,48913.915923443514,1002973.9660151114,48355.12761506684,990619.7445201034,47808.96220161481,978566.1682561162,47274.99673791371,966802.3946581422,46752.82696513142,955318.0963409118,46242.066290064016,944103.4308599171,45742.34483060509,933149.0125776067,45253.30852244512,922445.8864657378,44774.618282466894,911985.5036901832,44305.94922468282,901759.698838304,43846.98992490427,891760.6686613827,43397.441730645485,881980.9522158193,42957.01811304854,872413.4122968661,42525.44405787425,863051.2180678186,42102.4554928388,853887.8287958002,41687.798748790716,844916.978612772,41281.23005241748,836132.6622271474,40882.51504835051,827529.1215175464,40491.428348699614,819100.8329457948,40107.753108197736,810842.4957313526,39731.28062327311,802749.020733967,39361.80995349149,794815.5199955582,38999.14756392543,787037.2968961739,38643.10698711349,779409.8368823588,38293.508503368575,771928.7987294768,37950.17883828401,764590.006302452,37612.95087636747,757389.4407820716,37281.663389808346,750323.2333264467,36956.160781453975,743387.6581394722,36636.292841133385,736579.1259201949,36321.914514527205,729894.1776688894,36012.88568383633,723329.4788273844,35709.07095955261,716881.8137327847,35410.33948268147,710548.0803652011,35116.564736809465,704325.2853714746,34827.624369449666,698210.5393481099,34543.40002213503,692201.0523678112,34263.77716876383,686294.1297350636,33988.644961733524,680487.1679571946,33717.89608542867,674777.6509182608,33451.42661665606,669163.1462439467,33189.135891645776,663641.3018464416,32930.926379260556,658209.8426389827,32676.7035600781,652866.5674104256,32426.375811031165,647609.3458508195,32179.85429530996,642436.1157195432,31937.05285724858,637344.8801480969,31697.887921934496
1.5366733466933866,1041046.6933376731,50026.83895673578,1027769.2387587854,49443.64084876028,1014826.198980968,48873.88355422309,1002205.0969416496,48317.10771612475,989894.0686482618,47772.87467384184,977881.825980594,47240.76531051312,966157.6221690093,46720.378976606116,954711.2197266106,46211.33248385426,943532.8606342287,45713.25916425484,932613.2385957264,45225.8079892719,921943.473197818,44748.64274479728,911515.0858236088,44281.44125779507,901319.9771825436,43823.894670891066,891350.4063316149,43375.706761475,881598.9710736299,42936.59330216107,872058.5896282147,42506.28145970552,862722.4834801854,42084.50922970974,853584.16131798,41671.02490464818,844637.4039821775,41265.58657295103,835876.2503507632,40867.961647047356,827294.9840938201,40477.92641843354,818888.1212358028,40095.26563797909,810650.3984685281,39719.77211981511,802576.7621625396,39351.246367273656,794662.3580286453,38989.49621945948,786902.5213851798,38634.33651713808,779292.7679899922,38285.58878671974,771828.7853992934,37943.080941206324,764506.424818379,37606.64699704793,757321.6934118643,37276.12680593061,750270.7470434889,36951.365800584565,743349.8834177509,36632.21475376516,736555.5355976586,36318.529549617226,729884.2658747591,36010.17096668645,723332.7599693029,35707.004471891734,716897.8215399903,35408.90002481784,710576.3669841898,35115.73189173012,704365.4205108528,34827.378468752635,698262.1094695901,34543.72211368716,692263.6599205004,34264.64898598442,686367.3924304006,33990.04889441021,680570.7180820719,33719.8151519783,674871.1346840349,33453.844437748616,669266.2231691936,33192.03666511496,663753.6441714617,32934.29485622915,658331.1347701922,32680.525022230973,652996.505392889,32430.636048972854,647747.6368672994,32184.539587947627,642582.4776145451,31942.149952144944,637499.0409754838,31703.384016578508
1.5412825651302604,1040139.1726857163,49982.67997361119,1026910.8115986531,49401.65275158465,1014014.6983385626,48833.97868942155,1001438.4708827327,48279.20269338826,989170.3729710993,47736.890117732124,977199.2174508888,47206.625628994,965514.3522510993,46688.01214518081,954105.6287692977,46180.669844104166,942963.3724735365,45684.23523567998,932078.3555403916,45198.36029342755,921441.7713664792,44722.711640807036,911045.2108054801,44256.969788397866,900880.6399959112,43800.82841824987,890940.3796567793,43353.99371203865,881217.085738979,42916.183719928755,871703.7313299782,42487.12776729557,862393.5897180974,42066.565896682965,853280.2185306003,41654.24834257892,844357.4448669939,41249.935036779534,835619.3513554462,40853.39514228285,827060.2630661312,40464.40661381111,818674.7352206841,40082.75578320332,810457.5416418327,39708.23696805146,802403.6638917144,39340.65210207414,794508.2810514463,38979.8103858321,786766.760098208,38625.52795649127,779174.64683948,38277.62757543255,771727.657367158,37935.938332593054,764421.6699970942,37600.29536650266,757252.7176621977,37270.53959905225,750216.980729595,36946.51748409721,743310.7802145245,36628.08076906137,736530.5713656343,36315.086268763866,729872.9375981806,36007.39565074386,723334.5847533125,35704.87523140705,716912.3356631772,35407.395782362706,710603.1250030034,35114.832346361916,704403.9944126421,34827.06406228614,698312.0878712464,34543.97399867132,692324.6473099058,34265.448995285515,686439.0084480649,33991.379512309446,680652.5968405284,33721.65948669748,674962.9241227288,33456.18619532331,669367.5844427483,33194.86012453955,663864.2510693535,32937.58484580309,658450.6731659876,32684.266897039804,653124.6727213307,32434.81566944181,647884.1416276293,32189.143299409483,642727.0388985648,31947.164565367188,637651.3880189445,31708.796789198517
1.5458917835671342,1039234.7754348612,49938.67518129686,1026055.1913159715,49359.80475275321,1013205.7080475122,48794.200644613564,1000674.07727179,48241.41197512305,988448.6491932985,47701.00806577148,976518.3364562854,47172.577322237834,964872.5806070508,46655.72618890102,953501.3209277458,46150.07817133568,942394.9654483101,45655.27292169089,931544.3639609953,45170.96538228225,920940.782877908,44696.824983119965,910575.8817863808,44232.534889451286,900441.6915698892,43777.7912957179,890530.593973902,43332.30276262193,880835.3025065417,42895.78959426092,871348.8445734249,42467.98325253434,862064.5447546334,42048.625806245334,852976.009139527,41637.469412522994,844077.1106421405,41234.27582837433,835361.9752262988,40838.81595034307,826824.9689753682,40450.86938040656,818460.685946833,40070.22401638218,810263.9367566789,39696.675665244045,802229.737842928,39330.02767786872,794353.3013616503,38970.09060383709,786630.0256724018,38616.68186501926,779055.4863733654,38269.62544676093,771625.4278494923,37928.751605573554,764335.7552997197,37593.896592308556,757182.5272118808,37264.902389867064,750161.948256248,36941.61646456223,743270.3625707933,36623.891530312554,736504.2474131959,36311.585324899956,729860.2071564471,36004.56039757868,723334.9676065446,35702.683907368875,716925.3706222959,35405.82743141291,710628.3690186607,35113.86678281356,704441.0217363493,34826.68183741125,698360.4892615855,34544.156368992786,692384.0292810551,34266.17789245652,686508.9925580643,33992.63751448946,680732.8190168838,33723.42979133984,675053.0340231161,33458.45259329477,669467.2448487343,33197.6069754974,663973.1373111834,32940.7970547598,658568.4725766238,32687.929892049862,653251.0841180438,32438.91538034935,648018.8748195543,32193.666137598957,642869.814218737,31952.09740446312,637801.9358794272,31714.12694666343
1.550501002004008,1038333.4830624845,49894.82364966621,1025202.3622928647,49318.09605237159,1012399.2151555249,48754.54874033722,999911.9056031136,48203.73499325704,987728.8890550465,47665.22805292835,975839.176798824,47138.62002053982,964232.3029318637,46623.520826257605,952898.2936348165,46119.557265639334,941827.6385867529,45626.37209787335,931011.2643500387,45143.62320126442,920440.5095683439,44670.98278177024,910107.1018353062,44208.136630741225,900003.1361040098,43754.78342833136,890121.0545188569,43310.634089335064,880453.6275616877,42875.41114846558,870993.9364133141,42448.848182328264,861735.3564400207,42030.68926555822,852671.5417222105,41620.68845878966,843796.410549263,41218.60932630416,835104.1318109315,40824.22448137025,826589.1122212883,40437.31515743699,818245.9843163979,40057.67080348265,810069.5951715941,39685.088701945686,802054.9957885246,39319.373607781235,794197.4311060366,38960.33740729295,786492.3305925291,38607.79879548747,778935.2993806694,38261.58297078887,771522.1099083386,37921.52134603297,764248.6940324014,37587.451274737716,757111.135584384,37259.215791715724,750105.6633394461,36936.663367159905,743228.6443721146,36619.647673392705,736476.5777741898,36308.027363524656,729846.088711996,36001.66586131878,723333.9228017838,35700.43116160458,716936.9407835858,35404.1956406287,710652.1134752153,35112.83587576999,704476.5169893637,34826.23247408391,698407.3281979302,34544.269909175746,692441.8204288051,34266.83636593451,686577.3593813202,33993.823592689245,680811.3992475169,33725.12676037671,675141.4790272291,33460.64432833592,669565.2190257782,33200.27791636834,664080.3175238081,32943.9321827252,658684.5476094682,32691.514707703987,653375.7541637871,32442.935882555612,648151.8509906626,32198.10880342159,643010.8180834368,31956.949170037682,637950.6990205362,31719.375188955837
1.5551102204408815,1037435.2771999397,49851.12445648683,1024352.3090309068,49276.525856880544,1011595.2067987416,48715.02230205139,999151.9454315702,48166.17118335614,987011.0843320937,47629.54961664597,975161.7322936625,47104.75335561537,963593.5149135243,46591.395776206205,952296.5442983155,46089.10692670512,941261.390875859,45597.53263862936,930479.057144367,45116.333693910325,919940.9532054622,44645.18504425985,909638.8739411749,44183.775078943596,899564.9777074788,43731.804937495566,889711.7664280819,43288.98786418841,880072.0669822778,42855.048601329276,870639.0137897601,42429.72281868402,861406.0325035527,42012.756576544474,852366.8247296481,41603.905820146996,843515.3536987321,41202.935903327096,834845.8308214882,40809.621139456634,826352.7030645638,40423.744377857896,818030.6410893437,40045.096604023754,809874.5281002922,39673.47656209791,801879.44935383,39308.69039818203,794040.6822825467,38950.55132314187,786353.6871930503,38598.87929367978,778814.0984989514,38253.50071052971,771417.7164534106,37914.24813271145,764160.499348346,37580.96000685631,757038.5561498642,37253.480410684504,750048.1395417058,36931.65880977875,743185.6393505892,36615.34982685689,736447.5763292018,36304.41302280041,729830.5962743522,35998.71268874606,723331.46445939,35698.117648593994,716947.0603614737,35402.50107132827,710674.3726656303,35111.740292586015,704510.4945288049,34825.716644947664,698452.619088245,34544.3152964549,692498.0351996435,34267.42509689487,686644.1233914425,33994.93843141817,680888.3520226146,33726.75108108585,675228.2736320812,33462.762089965494,669661.521468709,33202.8736384206,664185.8061915487,32946.99092225901,658798.9127306491,32695.022037426734,653498.6972994066,32446.87786995262,648283.0845499819,32202.47199086697,643150.064863853,31961.720555833752,638097.6917700791,31724.542209251696
1.5597194388777553,1036540.1396309299,49807.57668733503,1023505.0161499985,49235.09337899334,1010793.6702010551,48675.620660093526,998394.186372309,48128.71998460012,986295.2268358022,47593.97229683427,974485.9967694234,47070.976960606364,962956.2122336123,46559.35075818598,951696.0703018301,46058.726953852405,940696.2212624466,45568.75441721693,929947.742726372,45089.096801912645,919442.1154897265,44619.431775614765,909171.2010143093,44159.45029768721,899127.2204007645,43708.85594105363,889302.7347402655,43267.36425516621,879690.6267404268,42834.70216719521,870284.0835300604,42410.60741879044,861076.5805554722,41994.82803597364,852061.8664883121,41587.121829910044,843233.9490716064,41187.25592648092,834587.0818366386,40795.00632273686,826115.7516287948,40410.15746845701,817814.6668854767,40032.50187117157,809678.7466137079,39661.839723127014,801703.11001919,39297.978548784806,793883.066742324,38940.73287154695,786214.1076601545,38589.923898496054,778691.8962163395,38245.37922202379,771312.26024411,37906.93253730177,764071.1842498283,37574.42337462209,756964.8021271528,37247.696845702245,749989.3902740378,36926.603403112065,743141.361086818,36610.998612037314,736417.2568074928,36300.74293364836,729813.743702045,35995.70151939115,723327.6065491935,35695.744015563374,716955.7434204443,35400.74437758094,710695.1607336268,35110.58069337858,704542.9685633493,34825.13501542499,698496.3761929363,34544.293200865985,692552.6878934639,34267.944759340695,686709.2989164799,33995.98270804438,680963.6916878971,33728.30343363861,675313.4321913676,33464.806560634264,669756.1665302332,33205.394825896,664289.6176578396,32949.9739589389,658911.5822666796,32698.452567707434,653619.9278274348,32450.742029546283,648412.5897695534,32206.756387089616,643287.5687955365,31966.412248811972,638242.9283215926,31729.628693999057
1.5643286573146291,1035648.0522899064,49764.17943551131,1022660.4683872594,49193.79783763388,1009994.592673437,48636.34314963777,997638.6181004712,48091.38083975852,985581.3084131895,47558.49563586148,973811.9640685305,47037.29047008687,962320.3905678974,46527.3854921379,951096.8690055455,46028.41714605913,940132.1286541714,45540.03730578903,929417.3214251751,45061.91246516787,918943.9980557188,44593.7229784399,908704.0858878928,44135.162347615376,898689.8681171631,43685.93655335391,888893.9643979988,43245.76342629906,879309.3127042378,42814.37205604012,869929.1523504939,42391.50223509917,860747.008088826,41976.90393554577,851756.6752020476,41570.33681602727,842952.2055215663,41171.56975717199,834327.8943035385,40780.38042347862,825878.2679024903,40396.55484994665,817598.0721864407,40019.88705183287,809482.2616420017,39650.17865603862,801525.9891219819,39287.23855274177,793724.5961917229,38930.88256598797,786073.6040337643,38580.93314204818,778568.7048735266,38237.21905443463,771205.7538915187,37899.57512454541,763980.7615901657,37567.84195698021,756889.8865857205,37241.86568863605,749929.4287978925,36921.49775075316,743095.8230118293,36606.59464313802,736385.6327889086,36297.017719842515,729795.5447044956,35992.63298562678,723322.3628923611,35693.31090257803,716963.0038768873,35398.92620629894,710714.4916755065,35109.35773111771,704573.9531550276,34824.48824380734,698538.613626627,34544.20428533475,692605.7926653157,34268.396020190936,686772.9001406471,33996.95709288188,681037.4324463203,33729.78449118618,675396.9689171432,33466.77841581016,669849.1684225865,33207.842156093975,664391.766126856,32952.881971443414,659022.5704060615,32701.806978182092,653739.4599136704,32454.52904153714,648540.3807859882,32210.96267248864,643423.3439799319,31971.02492922929,638386.4227358497,31734.635322995593
1.568937875751503,1034758.9972604819,49720.93180195723,1021818.6505959282,49152.638457875444,1009197.9616132656,48597.189110653395,996885.230350892,48054.15319516661,984869.3209469618,47523.11917854584,973139.6280475315,47003.69352006845,961686.0455869106,46495.499698522246,950498.937747041,45998.1773019902,939569.1119205151,45511.38117543156,928887.7935177824,45034.780621822836,918446.6024734384,44568.058652972984,908237.5313193907,44110.91128644633,898252.9247043286,43663.04688531608,888485.4602494015,43224.18553773498,878928.1306395007,42794.05847354967,869574.2268580877,42372.40751540371,860417.3224812812,41958.9845619738,851451.258953935,41553.55110116562,842670.1317768117,41155.87775126251,834068.2775397542,40765.743828171966,825640.2617410133,40382.9369370545,817380.8673376789,40007.252586747134,809285.0839765299,39638.49382551064,801348.0978585859,39276.47089673747,793565.2821942844,38921.0009133556,785932.1882095087,38571.90754975462,778444.5366657379,38229.02075014358,771098.2098603513,37892.17645232719,763889.2440756649,37561.21632595777,756813.822447607,37235.98752438537,749868.2682270757,36916.34244928908,743049.038408978,36602.138527328076,736352.7177057585,36293.23799810223,729776.0128438786,35989.50771275979,723315.7471632356,35690.818942633574,716968.8555009121,35397.04719732789,710732.3793419456,35108.07205171613,704603.4622209967,34823.77698134386,698579.3453599052,34544.04920576479,692657.3635271303,34268.77953936726,686834.9411060247,33997.862249276484,681109.5883597521,33731.19491994436,675478.8978814735,33468.678324062115,669940.5412191633,33210.216299454405,664492.2656651196,32955.71563163376,659131.8912008648,32705.085941714082,653857.3075887335,32458.239579400077,648666.4716019976,32215.09152078648,643557.404385886,31975.559270716654,638528.1889423442,31739.56276946516
1.5735470941883767,1033872.956773871,49677.83289517321,1020979.5477442807,49111.614470880355,1008403.7645036634,48558.15788786379,996134.0129178086,48017.03650070156,984159.2563555444,47487.84247214694,972468.9825774137,46970.185748005235,961053.1729565121,46463.69309833564,949902.2738420725,45968.00722002527,939007.1698937557,45482.78589620053,928359.1592302221,45007.701208320126,917949.9302495815,44542.438797137496,907771.5399919574,44086.6971690325,897816.3939257828,43640.18704449611,888077.2270497186,43202.63074580923,878547.0862113686,42773.761621192476,869219.3135523538,42353.32350291729,860087.5309969196,41941.07019706437,851145.6257081255,41536.76500279411,842387.7364419317,41140.18025915646,833808.240735162,40751.09691761701,825401.742868501,40369.30413861289,817163.0625503658,39994.59891057709,809087.2242717873,39626.78568998484,801169.4472863359,39265.676061080936,793405.1361726841,38911.08841404418,785789.8719406676,38562.84764043346,778319.4036446702,38220.78484484297,770989.6404708899,37884.73707176844,763796.6442675407,37554.54704675674,756736.6224893274,37230.06293097477,749805.9215296385,36911.138088392945,743001.0204158184,36597.63086483346,736318.5248446715,36289.404378183644,729755.161536956,35986.326319121756,723307.7728911511,35688.268761745836,716973.3119181443,35395.10798353592,710748.837439768,35106.72429411761,704631.5095352911,34823.00187232887,698618.5852210516,34543.828611124154,692707.4143494248,34269.095969879614,686895.4357142402,33998.69883369043,681180.1733506299,33732.53537927736,675559.2330180695,33470.506947142756,670030.2988561249,33212.517919639315,664591.1302030825,32958.47560463452,659239.5585682896,32708.290124473864,653973.4847496047,32461.874309962976,648790.8760879096,32219.143599106395,643689.7638511393,31980.015940355497,638668.2407407595,31744.411700133296
1.5781563126252505,1032989.9132073404,49634.881831137245,1020143.1449145485,49070.725113840024,1007611.9889128308,48519.2488307055,995384.9556545569,47980.030209758384,983451.1065931002,47452.66506635671,971800.0215439,46936.7667927983,960421.768338432,46431.96541312742,949306.8745853291,45937.90669828548,938446.3013699132,45454.25133715812,927831.41873865,44980.67415944252,917453.982828789,44516.863406594144,907306.114515801,44062.520047418424,897380.2794623863,43617.35713514964,887669.2694628829,43181.099203112666,878166.1849859945,42753.48169629278,868864.418826993,42334.25043634895,859757.6407879906,41923.16111779723,850839.7833116396,41519.978833265886,842105.0279997387,41124.477625883825,833547.7929538077,40736.44006701009,825162.7208797457,40355.65685764644,816944.6679033047,39981.92645199762,808888.6930473152,39615.05470175667,800990.0483254292,39254.854519796405,793244.1694106454,38901.1455620428,785646.6668400837,38553.75392639384,778193.3177203955,38212.511867627756,770880.0579008763,37877.25752731859,763702.9745838005,37547.83467784548,756658.2993437449,37224.09247964513,749742.4015297358,36905.88525091481,742951.7820259469,36593.07224902743,736283.0673484198,36285.51746296937,729733.004056883,35983.08941615817,723298.4534622183,35685.66097903938,716976.3866114884,35393.109190901436,710763.8795336883,35105.31509038386,704658.108730542,34822.16355418795,698656.3468977377,34543.54314353055,692755.958862976,34269.345957910664,686954.3977281208,33999.46749578581,681249.2012035886,33733.80652178016,675637.9881238932,33472.2649400699,670118.4551339832,33214.747673613325,664688.3735366875,32961.1625489131,659345.5862922032,32711.420186017385,654088.0051611376,32465.43389348412,648913.6079831576,32223.119568048984,643820.4360837935,31984.395598753203,638806.5918024126,31749.18277530166
1.582765531062124,1032109.8490826869,49592.07773322486,1019309.4273018603,49029.96962991594,1006822.622493392,48480.4612932879,994638.0484732758,47943.13377922632,982744.8636495452,47417.58651329067,971132.7388477438,46903.43629479995,959791.8273908049,46400.31636501557,948712.7372511793,45907.875534659855,937886.505109678,45425.77736640827,927304.5721704402,44953.699408356406,916958.7615948749,44491.332474791554,906841.2574295349,44038.37997089767,896944.5849137933,43594.557258294546,887261.5920630562,43159.591058559,877785.432432148,42733.21889210173,868509.5489715715,42315.18854997863,859427.6588966439,41905.25759640334,850533.7394961404,41503.19289989891,841822.0148130772,41108.77019118354,833286.9431357437,40721.77364602858,824923.2052420514,40341.99549145855,816725.6933447996,39969.235633783406,808689.5006895809,39603.30130706393,800809.9117608147,39244.006740712524,793082.3930548276,38891.17284502519,785502.5843820467,38544.626913526154,778066.2906632426,38204.20234108587,770769.4741873876,37869.73835684555,763608.2473011079,37541.07977104893,756578.8655019188,37218.076734943585,749677.7209094609,36900.58451297123,742901.3360908183,36588.463266519655,736246.3582177195,36281.577848557215,729709.5535349908,35979.797608516434,723287.8021210873,35682.996206834796,716978.0929228722,35391.05143859972,710777.519048033,35103.84506578045,704683.273299679,34821.26265756303,698692.6439387045,34543.19343833551,692803.0106604799,34269.530142898984,687011.840773327,34000.16887850689,681316.6855670741,33735.008993359974,675715.1768607453,33473.952951207,670205.0237191656,33216.90621172324,664784.0093289108,32963.77711635825,659449.9880246585,32714.47677936368,654200.8824575554,32468.91898372879,649034.6808977552,32227.02008176768,643949.434663762,31988.698900117593,638943.2556716847,31753.876648921523
1.5873747494989978,1031232.7470647309,49549.41973213016,1018478.3802131868,48989.34726818111,1006035.6529817404,48441.79463435312,993893.281344603,47906.346669465056,982040.5195505571,47382.60636747867,970467.1284050058,46870.19389581753,959163.3457686875,46368.74567670198,948119.8590943947,45877.913526830715,937327.7798393182,45397.36385113107,926778.6196052489,44926.77688665446,916464.2678720284,44465.845993015864,906376.9712014978,44014.27698606866,896509.3137998717,43571.78751177201,886854.1993361383,43138.10645745066,877404.8339227985,42712.9733978675,868154.7101731682,42296.13807373075,859097.5922566256,41887.35990044147,850227.501879675,41486.40750505522,841538.7051265987,41093.058289585024,833025.7000988311,40707.098018914265,824683.2052970584,40328.320431716114,816506.1486944935,39956.52687289497,808489.6574538277,39591.52594617372,800629.0482440463,39233.133185550236,792919.818116681,38881.170744438015,785357.6359041476,38535.46710139071,777938.334105645,38195.856781386974,770657.9012286748,37862.18009172449,763512.4745566117,37534.282871637355,756498.333314925,37212.01625481206,749611.8922106497,36895.23644403344,742849.6953215378,36583.80449724394,736208.4103130047,36277.5861243473,729684.8229625414,35976.451494132474,723275.8319726844,35680.27505073469,716978.4440549618,35388.93533908818,710789.7692684373,35102.31483886117,704707.016597605,34820.299806395924,698727.4897554164,34542.78012420723,692848.5831981802,34269.649157621054,687067.7783399625,34000.803618161226,681382.6399549281,33736.14343331637,675790.8127568312,33475.57162234235,670290.0181455577,33218.99417777617,664878.0511112814,32966.31995235737,659552.7772873922,32717.46055107114,654312.1301439274,32472.33022804453,649154.1083137494,32230.845788043112,644076.773044202,31992.926492330404,639078.245767429,31758.493968666244
1.5919839679358716,1030358.5899598276,49506.90696578767,1017649.9890663008,48948.85728356246,1005251.068197392,48403.248217236345,993150.644297376,47869.66834428119,981338.0663575763,47347.72418585571,969803.1841473241,46837.03923911694,958536.3191245607,46337.25307148731,947528.23735086,45848.02047229864,936770.1242515679,45369.01065761668,926253.56107606,44899.90652439715,915970.502925994,44440.40395043929,905913.2582310501,43990.21113688929,896074.4695621023,43549.04799030663,886447.0956812516,43116.645541543534,877024.3947366715,42692.74539890404,867799.9085179934,42277.099233246496,858767.4476949509,41869.46829287368,849921.0779683882,41469.62294621896,841255.1070685101,41077.342250488306,832764.0725405152,40692.4135445553,824442.730262538,40314.63206453315,816286.0436451802,39943.80058056348,808289.1734658958,39579.7290534683,800447.4682951097,39222.23431000918,792756.4554742768,38871.13973558791,785211.8326091071,38526.27498330507,777809.4595439647,38187.47569837008,770545.3507859802,37854.58325692548,763415.668349753,37527.444518413766,756416.7149956485,37205.911590674434,749544.9278366625,36889.84160701425,742796.8722906255,36579.09651454473,736169.2363561753,36273.54287312808,729658.8251924589,35973.05166431622,723262.5559839241,35677.49810970848,716977.4530728558,35386.76149819045,710800.643343518,35100.72502155154,704729.3518428482,34819.27561801107,698760.8976236914,34542.30382321229,692892.6897974805,34269.70362827216,687122.2237841616,34001.37234449964,681447.077747956,33737.21047442043,675864.9092083037,33477.121588767295,670373.4518160251,33221.01220911692,664970.512285381,32968.79169587285,659653.9674733023,32720.37214131294,654421.7615976228,32475.668267435693,649271.9035866538,32234.59732835664,644202.4645529262,31997.079017019718,639211.5753843617,31763.035376002797
1.5965931863727454,1029487.3607143996,49464.538579295266,1016824.2393887447,48908.49893678351,1004468.856042339,48364.82140982642,992410.1274183242,47833.09827090461,980637.4961678018,47312.93952775242,969140.9000221731,46803.97196942567,957910.7431088208,46305.838273285255,946937.869238264,45818.19616840654,936213.5370064947,45340.71765129811,925729.3965702056,44873.088250153494,915477.4679652263,44415.00633416761,905450.1208498444,43966.18246473047,895640.0555649487,43526.33878556519,886040.2854121956,43095.20844911042,876644.1200597784,42672.53507665853,867445.1499929777,42258.07224995483,858437.2319335426,41851.58303213909,849614.4751582043,41452.839516072825,840971.2286522897,41061.62239824272,832502.0690395687,40677.72057656673,824201.7892341578,40300.93077055275,816065.3877645833,39931.05716237395,808088.0587240133,39567.91105752915,800265.1823042203,39211.31056385274,792592.3158741051,38861.080287726894,785065.1855665713,38517.05104642986,777679.6783402839,38179.05959562948,770431.834485322,37846.94837109946,763317.8405440411,37520.56524379994,756334.0226205494,37199.76328752239,749476.8400541347,36884.4005583535,742742.8794337529,36574.33988526219,736128.8489323178,36269.44867116099,729631.5729410338,35969.59870383556,723247.9869853951,35674.66597617577,716975.1329057524,35384.530515179096,710810.1542865203,35099.076219230694,704750.2921191897,34818.190703196655,698792.8806853093,34541.76515089621,692935.3436465287,34269.69417454601,687175.1903296548,34001.875680795056,681510.0121954699,33738.21074299261,675937.4794807865,33478.603479353274,670455.3380039138,33222.96093670405,665061.4061243233,32971.19297951728,659753.571847906,32723.21218395127,654529.7900697478,32478.93373663664,649388.0799468632,32238.275337962667,644326.522393796,32001.157109631447,639343.2576944337,31767.501506262244
1.6012024048096192,1028619.0424134857,49422.313724838285,1016001.1168168136,48868.2714943081,1003689.004500412,48326.51358452692,991671.7208517685,47796.63591996518,979938.8011141826,47278.251954885665,968480.269993113,46770.99173293577,957286.613370256,46274.50100663636,946348.7519567768,45788.44041236331,935658.0167323503,45312.48469678359,925206.12603037,44846.32199104092,914985.1641420247,44389.6531292869,904987.5613230759,43942.19100842879,895206.0750972048,43503.659986214545,885633.7727588803,43073.7953150034,876264.0149869192,42652.34260877783,867090.4404873374,42239.05734114225,858106.9515908484,41833.70437222687,849307.7007364848,41436.05750257346,840687.0777783795,41045.89905222445,832239.6980578112,40663.01946336986,823960.3911872216,40287.216925027984,815844.1904971122,39918.29701834734,807886.3231005606,39556.07238122015,800082.2005335932,39200.36239099173,792427.4099328485,38850.99286413679,784917.7057148853,38507.79577185352,777549.0017241741,38170.608970599744,770317.3638192562,37839.27594666332,763219.0028688068,37513.6455739213,756250.2681314052,37193.571884000114,749407.6409947068,36878.91384810255,742687.729051459,36569.53516981617,736087.2604914067,36265.30408826391,729603.0787896048,35966.093190999396,723232.1376730264,35671.77923608881,716971.4963485954,35382.24298285745,710818.3149769471,35097.36903081249,704769.8503772719,34817.04566628499,698823.4519495987,34541.16471636282,692976.5578017846,34269.62140971346,687226.6910693145,34002.314243920315,681571.4564168126,33739.14485897982,676008.5367108767,33480.017916627905,670535.689854532,33224.84098518508,665150.745774214,32973.524429627665,659851.6035507777,32725.981306610734,654636.2286865637,32482.127264184353,649502.6505010512,32241.88044596022,644448.9596480972,32005.161399499935,639473.3057481867,31771.89298870946
1.605811623246493,1027753.6182793075,49380.23156161424,1015180.607094543,48828.17422828439,1002911.5016366439,48288.324118217395,990935.4147993119,47760.28076546937,979241.9733654005,47243.66103134871,967821.2880400292,46738.09817730615,956663.9255565094,46243.240996721295,945760.8826897087,45758.753001266625,935103.5620264035,45284.311657887825,924683.7493555692,44819.607672764185,914493.5925536448,44364.344318908974,904525.5818507052,43918.236804337845,894772.531373315,43481.011677978124,885227.5618687292,43052.40627071496,875884.0845231583,42632.16816917339,866735.7857941093,42220.05472002127,857776.6131834255,41815.832562747484,849000.761883656,41419.27718902532,840402.662235846,41030.17252691249,831976.9679417969,40648.31054827002,823718.5449783783,40273.490897901145,815622.4611655857,39905.520543021055,807683.9763438063,39544.21344176899,799898.5331191852,39189.39022956666,792261.7481391268,38840.87792221197,784769.403862836,38498.50963467543,777417.4407944359,38162.12431463899,770201.9501486105,37831.56648988318,763119.1669209263,37506.68602869022,756165.4633370233,37187.33791248735,749337.3426567252,36873.38202000701,742631.433310838,36564.682922288775,736044.4833499754,36261.109687893266,729573.3551862171,35962.53569773918,723215.0206097246,35668.838469013426,716966.5560636951,35379.89948763985,710825.138162159,35095.60404882518,704788.0394361796,34815.84110523142,698852.6242949999,34540.50312235255,693016.3451895631,34269.48594069985,687276.738966677,34002.68864442472,681631.4234028605,33740.01343603099,676078.0939076262,33481.36551684983,670614.5203866117,33226.65297297053,665238.5442555915,32975.78666633863,659948.0755969696,32728.680130750563,654741.0904508841,32485.249472489562,649615.6282335464,32245.41327536334,644569.7892758971,32009.09250991744,639601.7324760879,31776.210446611683
1.6104208416833665,1026891.0716698539,49338.2912557588,1014362.6960727134,48788.2064164897,1002136.3355966401,48250.25239221519,990201.1995195362,47724.03228477695,978547.0051258499,47209.16632360153,967163.9481593631,46705.29095166492,956042.6753145315,46212.05796937366,945174.2586041555,45729.133732125374,934550.1714557519,45256.19839766282,924162.2664021144,44792.94521965352,914002.754243389,44339.079884216226,904064.1845686598,43894.31988637885,894339.4275346735,43458.3939436916,884821.65680806,43031.04144443801,875504.3335852748,42612.01192808528,866381.1916116613,42201.064595797725,857446.2231275005,41797.967849003006,848693.66567481,41402.49885415345,840117.9897040154,41014.443131963635,831713.8869244768,40633.59416953332,823476.2593473041,40259.75305388199,815400.2089729308,39892.72812552837,807481.028079616,39532.334650847595,799714.1900724104,39178.39451202893,792095.3408552147,38830.73591354101,784620.29069137,38489.193104087964,777285.0065208129,38153.60611311124,770085.6047041923,37823.820500956856,763018.344166522,37499.6871218884,756079.6199149321,37181.06189918171,749265.9569069213,36867.80561158877,742574.0042472018,36559.783690505865,736000.5296927663,36256.86602722511,729542.4144472532,35958.926789689474,723196.648226992,35665.84424820902,716960.3245823289,35377.50060963107,710830.6364589564,35093.78185949005,704804.8719850037,34814.577611692286,698880.4104706071,34539.780965319624,693054.7186075565,34269.28836816154,687325.3468574462,34002.99948660976,681689.9260175064,33740.81708157207,676146.1639540044,33482.64689008274,670691.8424937491,33228.39751230697,665324.8144648467,32977.98030365465,660043.0008784108,32731.309271735998,654844.3882434563,32488.300977907395,649727.0260076933,32248.874443170676,644689.0241173834,32012.95105820284,639728.5506898514,31780.454497306335
1.6150300601202403,1026031.3860774863,49296.491980272614,1013547.3697078604,48748.36734227606,1001363.4946059516,48212.29779223734,989469.065327693,47687.88995857803,977853.8886356134,47174.767400460914,966508.2443643338,46672.569706611226,955422.8582910182,46180.95165109249,944588.8768516287,45699.582401881235,933997.8435581208,45228.144778427806,923641.6769845532,44766.334554701956,913512.6502016761,44313.85980450538,903603.371550014,43870.4402860901,893906.7666508981,43435.806863357415,884416.0615634412,43009.70096112487,875124.7670031884,42591.87405214499,866026.6635451771,42182.08717373695,857115.7877405048,41780.11047205611,848386.4190812807,41385.722772174966,839833.0677540826,40998.711172285955,831450.4631268342,40618.87066046195,823233.54291836,40246.00375252452,815177.4430038558,39879.92014967645,807277.4878131357,39520.43641465106,799529.1812818303,39167.37566522048,791928.1983187352,38820.56728398705,784470.376755287,38479.84664345716,777151.7097456809,38145.05484546723,769968.3385884725,37816.038474094785,762916.5459426387,37492.649361247735,755992.7494130468,37174.7443641793,749193.4954820649,36862.185154226434,742515.4537657244,36554.83801611722,735955.4115743573,36252.573657234876,729510.2687590473,35955.26702626727,723177.032826522,35662.797140707335,716952.8143063167,35375.04692270444,710834.8223551386,35091.90304279896,704820.3605843819,34813.25577110176,698906.8230976913,34538.99883550813,693091.690726337,34269.02928656115,687372.5274509758,34003.247368603596,681746.9769991214,33741.556396879685,676212.7596083403,33483.86264026829,670767.6689458283,33230.07520934919,665409.5691756273,32980.10594952123,660136.3921652909,32733.86933890862,654946.1348243228,32491.28239080679,649836.856567194,32252.264560434116,644806.6768941882,32016.737655769426,639853.7730837392,31784.625752267904
1.619639278557114,1025174.5451275547,49254.83291494906,1012734.6140612977,48708.65629451607,1000592.9669694523,48174.45970836314,988739.0025953959,47651.85327086991,977162.6161704278,47140.463833090434,965854.1706851494,46639.934094216806,954804.4701328371,46149.921769054046,944004.7345686685,45670.09880742991,933446.5768426409,45200.150661798514,923121.9808765926,44739.77559960186,913023.2813670866,44288.68405723035,903143.1448061451,43846.59803267552,893474.551721079,43413.25051419824,884010.7800430218,42988.384942545104,874745.389521359,42571.75470443699,865672.2071081132,42163.12265522864,856785.3132425804,41762.26066879788,848079.0289721899,41368.949212869265,839547.9038506916,40982.97694811126,831186.7045594924,40604.14034946831,822990.4042022198,40232.243348302596,814954.1722264916,39867.09699402312,807073.3649304459,39508.51913397545,799343.5165148148,39156.33411045236,791760.3306443234,38810.37247376677,784319.6724849028,38470.47071040219,777017.5611857111,38136.470985324166,769850.162777241,37808.220897599786,762813.7834588903,37485.57324853011,755904.863251308,37168.3858215544,749119.9699905921,36856.52117323473,742455.7936430542,36549.846434675645,735909.1409207636,36248.23312277607,729476.9301794686,35951.55696075012,723156.1865817669,35659.69770739006,716944.0375095757,35372.53899457888,710837.70821104,35089.968172590714,704834.5176680154,34811.87616274756,698931.8746711991,34538.15731702704,693127.2740908377,34268.70928424184,687418.2933317306,34003.432882434536,681802.5889619972,33742.23197715377,676277.8935057452,33485.01336529791,670842.0123904229,33231.68666423113,665492.821040219,32982.16420589515,660228.2621074225,32736.360935655743,655046.3428341643,32494.19431563901,649945.1325374319,32255.584232326437,644922.7602106899,32020.452908191615,639977.4122358466,31788.72481717387
1.6242484969939879,1024320.5325770363,49213.31324630286,1011924.4152981495,48669.07256754969,999824.7410707241,48136.73753499672,988011.0017503138,47615.921708934184,976473.1800416508,47106.25519499036,965201.7211692124,46607.38376802738,954187.5064874443,46118.968051123404,943421.8288774467,45640.68274564157,932896.3697906116,45172.215908715785,922603.1778120042,44713.26827478055,912534.6486273952,44263.55261804432,902683.5062878698,43822.79315305222,893042.7856750098,43390.724970709496,883605.8160778409,42967.09350734225,874366.2058001636,42551.654044559335,865317.8277236343,42144.17123785071,856454.8057580639,41744.41867201438,847771.5021159734,41352.17844164716,839262.5053534932,40967.240755066094,830922.6191242988,40589.40356014788,822746.851597474,40218.47219068423,814730.4054940152,39854.25903195245,806868.6687001938,39496.58320429429,799157.2054191813,39145.27026358191,791591.74782527,38800.15191752831,784168.1881876932,38461.065756873555,776882.5714335082,38127.85500054414,769731.0881212433,37800.36825394569,762710.0677990897,37478.45927960591,755815.9727233005,37161.98677943791,749045.3919142126,36850.81418794267,742395.0355289102,36544.80947571478,735861.7295310185,36243.84496265771,729442.4106394902,35947.797140353156,723134.1215394909,35656.54650306537,716934.0063396542,35369.97738689486,710839.3062610468,35087.97781662643,704847.3555441687,34810.43935984559,698955.5775612331,34537.256987924186,693161.4811218139,34268.32894350062,687462.6569607307,34003.55661410358,681856.7743977708,33742.84441158947,676341.5781595177,33486.09965708384,670914.8853541825,33233.23247113614,665574.5825909119,32984.15566881379,660318.6232355873,32738.784659478926,655145.0247956277,32497.037351005358,650051.86642678,32258.834058208125,645037.2865553035,32024.097415271015,640099.4806093717,31792.752291969842
1.6288577154308617,1023469.332313188,49171.93216749972,1011116.759686395,48629.615461131405,999058.8053714421,48099.130670830156,987285.0532758596,47580.09476331399,975785.5725962188,47072.14106198743,964550.8898813159,46574.91838306373,953571.9630032872,46088.09022586549,942840.1568863513,45611.33401338092,932347.220856248,45144.340379473455,922085.2674855111,44686.812499435335,912046.7528205764,44238.46546084085,902224.4578865569,43799.02567189714,892611.4713743912,43368.230304710785,883201.1734231106,42945.826771089625,873987.2204172477,42531.57222868309,864963.5307260241,42125.23311543194,856124.2713169433,41726.58471045222,847463.8451818764,41335.41071961865,838976.879518675,40951.50288424175,830658.2146158811,40574.66061135094,822502.8933922097,40204.690624204806,814506.1515462416,39841.406631749,806663.408275198,39484.62901583386,798970.2575248063,39134.184535088905,791422.4597351351,38789.90604442781,784015.9340499094,38451.632229230105,776746.7509592243,38119.20735331141,769611.1253477872,37792.48101985464,762605.4099228487,37471.3079445314,755726.088997845,37155.54774009456,748969.7726094926,36845.06471177061,742333.1909476523,36539.72766282585,735813.1890787302,36239.40970972068,729406.7219447293,35943.98810630506,723110.8496212956,35653.3440765433,716922.732819242,35367.36265528927,710839.6286150909,35085.932536663735,704858.8863971467,34808.94592961358,698977.9440145115,34536.29842025916,693194.3241172849,34267.88884066048,687505.6306769719,34003.61914365589,681909.5456768266,33743.39428344762,676403.8259625278,33487.12210162902,670986.3002441977,33234.71321836608,665654.8662413483,32986.08092846352,660407.4879628645,32741.14110206148,655242.1931146345,32499.812089723822,650157.0706278896,32262.014631693277,645150.2683017505,32027.6717711014,640219.9905538671,31796.708770933787
1.6334669338677354,1022620.9283522175,49130.6888782867,1010311.6335959188,48590.28428037814,998295.1484107666,48061.638518806896,986561.1477108836,47544.37192779122,975099.7862166037,47038.12101222461,963901.6709038297,46542.537595822294,952957.8353301969,46057.2880225557,942259.7156905596,45582.05240752657,931799.1284674113,45116.52393374561,921568.2495536553,44660.408191567614,911559.5947357941,44213.42255779423,901766.0014352223,43775.29561169291,892180.6116140167,43345.76658539651,882796.8557594809,42924.58484634498,873608.4378688548,42511.50940961069,864609.3213620671,42106.308478113584,855793.7158562929,41708.75900888285,847156.0647414294,41318.646303659836,838691.0335004687,40935.763622263104,830393.4987231807,40559.91181725299,822258.5377655614,40190.89898853893,814281.4190111923,39828.540156671035,806457.5926940284,39472.656953647274,798782.6822452134,39123.07733015037,791252.4761293416,38779.635278204856,783862.9201381695,38442.1705683149,776610.1101121496,38110.528500208486,769490.2850623294,37784.55966637333,762499.8206671575,37464.11972762496,755635.2231205697,37149.06919999898,748893.1233094138,36839.273252306164,742270.271299829,36534.601513733316,735763.5311136172,36234.927890913,729369.8757769705,35940.13039392284,723086.3826251285,35650.09097071007,716910.2288476622,35364.69534946909,710838.6872601245,35083.83288852999,704869.1222887522,34807.39643334365,698998.986155808,34535.28218017524,693225.8152539552,34267.38954614167,687547.2266988317,34003.62104525127,681960.9150496845,33743.88217012477,676464.649188585,33488.08127909609,671056.2693493488,33236.12948840952,665733.6842878509,32987.94056924703,660494.868585942,32743.430849335095,655337.8600816724,32502.519118894965,650260.757418965,32265.126540714624,645261.7177103144,32031.176564133002,640338.9543064769,31800.5948427394
1.638076152304609,1021775.3048379666,49089.582584923635,1009509.0234975747,48551.07833571764,997533.758804739,48024.260486085455,985839.275649361,47508.75269936397,974415.81332076,47004.194626150675,963254.0583368806,46510.241064275935,952345.1191197692,46026.56117119026,941680.5023725968,45552.83772499003,931252.0910263208,45088.76643061323,921052.1236356478,44634.05526801641,911073.1751143701,44188.42387939896,901308.1387096014,43751.6029927725,891750.209122933,43323.33387938533,882392.8666942749,42903.367842704254,873229.8625711305,42491.465736833336,864255.204792414,42087.39751240987,855463.1452216802,41690.94178816585,846848.1672698932,41301.88544647833,838404.9743526289,40920.02325135611,830128.4790309595,40545.157487424185,822013.7927892407,40177.097618571235,814056.2164066406,39815.65996502248,806251.2308825613,39460.6673976874,798594.488879135,39111.94904871419,791081.8066467394,38769.34003725673,783709.1564010265,38432.681209529765,776472.6591222773,38101.81889229103,769368.5777500361,37776.604658948076,762393.3107479396,37456.89510754207,755543.3860154557,37142.5516499107,748815.4551249105,36833.4403113789,742206.287863703,36529.431540369325,735712.7670630218,36230.40002736396,729331.8836956638,35936.22453268554,723060.7322267642,35646.7877226014,716896.5062023393,35361.97601328431,710836.4940615735,35081.67942219444,704878.0751597214,34805.79142647382,699018.7159893711,34534.20882797032,693255.9665886172,34266.831624531886,687587.4571254519,34003.5628872337,682010.8946483629,33744.30864322179,676524.0599937846,33488.97776387548,671124.8048416354,33237.48185800909,665811.0489107345,32989.73516984996,660580.7772864079,32745.654481545644,655432.0378730708,32505.159019966854,650362.9389650184,32268.170367587663,645371.6469290778,32034.612377235826,640456.3839931554,31804.411090518708
1.6426853707414828,1020932.4460406175,49048.61250011531,1008708.9159622603,48511.99694283758,996774.6252456844,47986.99598400353,985119.4277400868,47473.23657822415,973733.6463620765,46970.3614865098,962608.0462985272,46478.02844787414,951733.8100257395,45995.909402496014,941102.5140028844,45523.689762734095,930706.1069102599,45061.06772859017,920536.8893142061,44607.753644491066,910587.4946507395,44163.4693945085,900850.8714292035,43727.94783336345,891320.2665655856,43300.932250768936,881989.2097627132,42882.17586685434,872851.4988614108,42471.44135658732,863901.186092921,42068.5004012675,855132.565168556,41673.13326531109,846540.1591476904,41285.128396677945,838118.7090298958,40904.282049414505,829863.1630212868,40530.39792689753,821768.6664290434,40163.286844466114,813830.5521416336,39802.76641022372,806044.331655515,39448.66072287874,798405.6866120556,39100.80008557179,790910.4608111538,38759.02073471159,783554.6526705155,38423.16458290902,776334.4081018491,38093.07897516168,769246.0137773253,37768.616457498705,762285.8907615871,37449.63455734937,755450.5884863661,37135.99557494808,748736.7790463876,36827.56638513419,742141.2517967583,36524.21824894722,735660.9082334031,36225.826634457284,729292.757139406,35932.271046307054,723033.9099812757,35643.43486347473,716881.5765402523,35359.20518479952,710833.0607647729,35079.472681839434,704885.7568311442,34804.13145865866,699037.1454003266,34533.07891816684,693284.7900595369,34266.21563465561,687626.3339381081,34003.445232199956,682059.496487732,33744.674268611845,676582.0704178426,33489.81212465255,671191.9187774907,33238.77089822785,665886.9721756029,32991.46530330653,660665.2261320301,32747.812573318035,655524.73855226,32507.7323687992,650463.6273191132,32271.14668907406,645480.0679951475,32037.979787762193,640572.2916298747,31808.158091923822
1.6472945891783566,1020092.3363554062,49007.77784294449,1007911.2976599957,48473.039422634996,996017.7365016122,47949.84442804235,984401.5946863608,47437.82306773497,973053.2778293125,46936.62117833101,961963.6289249196,46445.89940754299,951123.9037043377,45965.332447939894,940525.7476402698,45494.60831779067,930161.174472253,45033.42768564852,920022.5461363677,44581.503235603246,910102.5539933776,44138.55907037316,900394.2012583431,43704.330149630776,890890.786542935,43278.56176115965,881585.8884291038,42861.0090226248,872473.3509994759,42451.436411909286,863547.2702559624,42049.61732412397,854801.9813636126,41655.333653539776,846232.0466618002,41268.375398822,837832.2443894234,40888.54029006501,829597.5580749952,40515.63343623594,821523.1665463246,40149.46699173609,813604.4345179854,39789.859840881276,805836.9037179523,39436.637299187896,798216.284517723,39089.630830429385,790738.4480329001,38748.67777850029,783399.4186636712,38413.62111319163,776195.3670468725,38084.30918904269,769122.6033933786,37760.5955164914,762177.5711864673,37442.33854459736,755356.8412185424,37129.40145466092,748657.1059452107,36821.65196410559,742075.174137179,36518.96214003374,735607.9658118065,36221.20822190303,729252.5074273956,35928.27045280756,723005.9273244707,35640.03291888033,716865.4513993586,35356.38339636464,710828.3989963783,35077.21320593048,704892.1790058593,34802.41707383878,699054.2861560567,34531.89299958065,693312.2974878142,34265.542129642294,687663.8690015534,34003.26863706716,682106.7324668394,33744.97960650726,676638.6923854031,33490.58492447375,671257.6230990743,33239.9971745148,665961.4660346239,32993.131537064226,660748.2270780129,32749.905693720142,655615.9740710111,32510.239735726514,650562.8344235854,32274.05607644396,645586.9928358579,32041.27936760845,640686.6891238107,31811.836419187806
1.6519038076152304,1019254.9603013591,48967.077838805795,1007116.1553590184,48434.20510116658,995263.0814156301,47912.80523779138,983685.7672456817,47402.51167440876,972374.7002465411,46902.97328891755,961320.8003704619,46413.8536056851,950515.3958146431,45934.83003973812,939950.2003325501,45465.59318727825,929617.2920417407,45005.84615924339,919509.0936142921,44555.30395489827,909618.3537457203,44113.69287267717,899938.1298071571,43680.7499557194,890461.7715935617,43256.22246973734,881182.9060880226,42839.867411038715,872095.4231687974,42431.45104269062,863193.46219173,42030.748456965004,854471.3993861293,41637.543162344584,845923.8360071445,41251.62669349569,837545.5871921958,40872.79824273175,829331.6714731212,40500.86431159824,821277.3008994639,40135.63838130931,813377.871731754,39776.9406008564,805628.9556667713,39424.59749169321,798026.2915596456,39078.44166797831,790565.7776102864,38738.311571427366,783243.4639840311,38404.05121989259,776055.5458386211,38075.50996884748,768998.3567316404,37752.54228501035,762068.3623844158,37435.0075313923,755262.1547800932,37122.76976310229,748576.4465751814,36815.697533286555,742008.0658053155,36513.66370862047,735553.9508673156,36216.54529380866,729211.1457608733,35924.223264584325,722976.7955743222,35636.58240873158,716848.14220001,35353.51117468458,710822.5202657635,35074.90152728549,704897.3532698365,34800.64881030944,699070.1499075663,34530.651615389106,693338.5005787351,34264.81165699382,687700.0740653519,34003.033653139544,682152.614370227,33745.22521152556,676693.9377073392,33491.296720812,671321.9296355536,33241.161246769436,666034.5423277923,32994.7344330477,660829.7919682435,32751.93440632604,655705.7562706653,32512.681685620555,650660.5721112548,32276.89909553782,645692.433269966,32044.51168327583,640799.58827452,31815.446639184847
1.6565130260521042,1018420.3025200405,48926.5117193405,1006323.4759248834,48395.493309599355,994510.6489053546,47875.87783691341,982971.9362294355,47367.30190788489,971697.906173081,46869.41740783636,960679.5548079591,46381.89070617917,949908.2820189247,45904.40191086488,939375.8691169786,45436.644168418825,929074.4579252341,44978.323006337116,918996.531226047,44529.155714885834,909134.894467059,44088.87076557528,899482.6586325997,43657.20726379559,890033.2241947463,43233.91443329536,880780.2660654661,42818.751130362616,871717.7194777511,42411.48538573082,862839.766729502,42011.89397238103,854140.8247292865,41619.761997548645,845615.5332879395,41234.88251736746,837258.7441044126,40857.056172699544,829065.510398318,40486.09084480411,821031.0771452937,40121.80132959585,813150.871874691,39764.009029332534,805420.4959921642,39412.541660653165,797835.7165925596,39067.23297796426,790392.4587310853,38727.92251124079,783086.7981231093,38394.45531737324,775914.9542451091,38066.68174425116,768873.2838112869,37744.4572068285,761958.2746022011,37427.6419744668,755166.5396234483,37116.10096889912,748494.8115739877,36809.70357220084,741939.9376051234,36508.323444194044,735498.8743524819,36211.838348749014,729168.6832245387,35920.1299884812,722946.5259323698,35633.08384737409,716829.6602463383,35350.58904088802,710815.4359663937,35072.5381731429,704901.2910935346,34798.82720078823,699084.7481908251,34529.35530319813,693363.4109230968,34264.02475865095,687734.9607651891,34002.74082617424,682197.1538692245,33745.41163275469,676747.8180820284,33491.94806563117,671384.8501043632,33242.263669405584,666106.2127841727,32996.27454772186,660909.932536518,32753.899269278285,655794.0968833417,32515.058777951996,650756.8521066159,32279.67630682717,645796.4010088248,32047.677295930633,640911.0007750974,31818.989313489645
1.661122244488978,1017588.3477743184,48886.078722372025,1005533.2463195758,48356.90338416195,993760.4279623321,47839.06165310998,982260.0925025867,47332.19328090772,971022.8882034296,46835.953126907254,960039.8864287636,46350.0103743794,949302.5579829714,45874.04779506082,938802.7510207624,45407.76105855435,928532.6704069562,44950.85808342291,918484.8584163755,44503.05842706997,908652.176673422,44064.09271172821,899027.789239421,43633.70208408766,889605.1467635308,43211.637706285685,880377.9716199874,42797.66027615551,871340.2439608178,42391.53957478992,862486.1886188956,41993.05403962254,853810.2628014657,41601.99036136363,845307.1445190335,41218.14310324923,836971.7216988568,40841.31434117614,828799.0819362488,40471.313323398004,820784.5028405163,40107.956148553,812923.4429356694,39751.06546088179,805211.5330790598,39400.47016157382,797644.5683638803,39056.00513525538,790218.5004739885,38717.51099070065,782929.4304618532,38384.833814910206,775773.6019225464,38057.82493975997,768747.3945386796,37736.340720477085,761847.3179729718,37420.24232524955,755070.0060868025,37109.39553532181,748412.2114646347,36803.67055497202,741870.8002255855,36502.9418308054,735442.7471047345,36207.08787983526,729125.1307879483,35915.99112585731,722915.1294851057,35629.53774365397,716810.0167276304,35347.617510595155,710807.157377185,35070.12366522905,704904.0038332457,34796.95277248179,699098.0924280961,34528.004595108265,693387.0399985196,34263.181971058795,687768.5406241672,34002.3906964462,682240.3625232284,33745.539413817154,676800.3450966163,33492.5395054496,671446.3961124514,33243.30499141426,666176.4890231299,32997.752432154084,660988.6604077528,32755.800835349422,655881.0075331335,32517.37156685102,650851.6860270189,32282.38826547462,645898.9076575461,32050.776761463487,641020.9382133213,31822.464998435975
1.6657314629258515,1016759.0809471405,48845.77809184216,1004745.453600628,48318.434666096364,993012.4076514588,47802.35611808686,981550.226983368,47297.18530930464,970349.6389671885,46802.58004019212,959401.7894429099,46318.21227711459,948698.219376414,45843.76742684099,938230.8430615461,45378.943655162635,927991.9277494691,44923.45124654782,917974.07459745,44477.01200197836,908170.2008384368,44039.35867233767,898573.523081124,43610.23442492577,889177.5416577621,43189.3923408631,879976.02594381,42776.59494131692,870963.0005797595,42371.613740639936,862132.7325310968,41974.2288246545,853479.7189275215,41584.22845244669,844998.6756272179,41201.40868015565,836684.5264562379,40825.57300535328,828532.3930769546,40456.53203071183,820537.5854430919,40094.10314574939,812695.5928020906,39738.11022553021,805002.0752085397,39388.38334527493,797452.8555151249,39044.75850990925,790043.911810037,38707.07739764677,782771.3702720751,38375.18711676359,775631.4984167699,38048.93997477956,768620.6987087934,37728.19325931416,761735.5025176803,37412.8090299338,754972.5643955311,37102.65392035277,748328.6566568548,36797.598950391926,741800.6642421117,36497.519347138004,735385.5798477704,36202.294374782825,729080.4993068938,35911.80717265459,722882.6172053401,35625.94460098497,716789.2227196771,35344.597093984376,710797.6956638405,35067.65851982434,704905.5027324168,34795.02604715148,699110.1939292431,34526.60001777991,693409.3991707395,34262.283825231425,687800.8250540821,34001.9837988121,682282.2517809627,33745.609092933395,676851.5302282603,33493.071581402764,671506.5791575077,33244.285756425656,666245.3825555393,32999.16863207542,661065.9870991807,32757.639652002566,655966.4997372861,32519.620601167404,650945.0853838287,32285.035521393136,645999.9647161455,32053.810630547818,641129.4120727822,31825.874245174444
1.6703406813627253,1015932.4870403309,48805.60907774843,1003960.0849202528,48280.08650161038,992266.5771104097,47765.76066752028,980842.3306429724,47262.27751196446,969678.151128989,46769.29774398427,958765.2580792462,46286.49608268721,948095.2618730388,45813.5605415027,937660.1422478865,45350.191755873086,927452.2281942909,44896.10235133541,917464.1791496124,44451.016349191115,907688.9673941802,44014.668607180654,898119.8615609097,43586.80429278116,888750.4111771164,43167.17838692872,879574.4321639249,42755.5552161342,870585.9932247762,42351.70801111563,861779.4030600705,41955.418490209995,853149.1983500386,41566.47646595669,844690.1324525205,41184.67947336248,836397.1647665162,40809.83241846704,828265.450716205,40441.74724592694,820290.3323136086,40080.242624428276,812467.3292612695,39725.14364882223,804792.1305592367,39376.28155795545,797260.5865833209,39033.49346723903,789868.7016040324,38696.622115065395,782612.6267178663,38365.51562224402,775488.6531646573,38040.027263682496,768493.2060066268,37720.0152515922,761622.8381464905,37405.34252954516,754874.2246635896,37095.87657675409,748244.1574484998,36791.48922198806,741729.5401179222,36492.05646657519,735327.3831929265,36197.45831597849,729034.7995247627,35907.57861946456,722848.9999535496,35622.30491741493,716767.2891861112,35341.52829585832,710787.0618801727,35065.143247828746,704905.7989229581,34793.04754117843,699121.0638930234,34525.14209249778,693430.4996948864,34261.33084681574,687831.8253566849,34001.52066277369,682322.8329817252,33745.621202984454,676901.3848453597,33493.544829305385,671565.4106291776,33245.206502770474,666312.9047849849,33000.52368794138,661141.9240215321,32759.41626145142,656050.5849073621,32521.8064245297,651037.0615835763,32287.618619304645,646099.5835806757,32056.77944869782,641236.4337340007,31829.217599729713
1.674949899799599,1015108.5511733968,48765.570936081764,1003177.1275244788,48241.85824183042,991522.9255490688,47729.27474102311,980136.3945052424,47227.46941081559,969008.4173884123,46736.10583679734,958130.2865855582,46254.86146087218,947493.6811510898,45783.426875132864,937090.6455797134,45321.50515848164,926913.5699624947,44868.81125300761,916955.1714220959,44425.071377368884,907208.4767320064,43990.022474642865,897666.8060325999,43563.41169230445,888323.7575641053,43144.99589217255,879173.1933431666,42734.5411883289,870209.2257156434,42331.82251116398,861426.2047237491,41936.62319584277,852818.7062305638,41548.73459360915,844381.5207494752,41167.955704463806,836109.6429302032,40794.09282985691,827998.2616568238,40426.959244134836,820042.7507166292,40066.374883569675,812238.6600017969,39712.16605188383,804581.7072087089,39364.165141257625,797067.7700023871,39022.21036787841,789692.8786159238,38686.14552115476,782453.2088569865,38355.81972577863,775345.0754955156,38031.08721587445,768364.9260085907,37711.807120524565,761509.3346601585,37397.84326000806,754774.9968948922,37089.063952134005,748158.7240269091,36785.34182809017,741657.4382054083,36486.553657266384,735268.1676405295,36192.58018054635,728988.0420738778,35903.30595159403,722814.2884792045,35618.619185690965,716744.2269797198,35338.41161570866,710775.2669694046,35062.57835482619,704904.9034265295,34791.01776562735,699130.7134083594,34523.63133523413,693450.3527167407,34260.323556154224,687861.5527249252,34001.00181253988,682362.1173566147,33745.57627157345,676949.9202087682,33493.959779712175,671622.901810257,33246.06776354023,666379.0670089399,33001.81813499144,661216.4824801987,32761.13120071918,656133.2743503907,32523.92957540356,651127.6259290895,32290.138098797517,646197.775544342,32059.683756325237,641342.0144755262,31832.495603056635
1.6795591182364729,1014287.2585823513,48725.66292876533,1002396.5687522995,48203.74924275492,990781.4422489655,47692.89778211148,979432.4096463621,47192.7605308046,968340.4304799075,46703.003919354545,957496.8692286877,46223.308082915326,946893.472893565,45753.36616461508,936522.3500487802,45292.88366096556,926375.9512552982,44841.57780640621,916447.0507337352,44399.1769942803,906728.729203363,43965.42023175164,897214.3578015446,43540.0566263632,887897.5830050636,43122.84490211537,878772.31248127,42713.552943102324,869832.7018028301,42311.95736289317,861073.1419652028,41917.843097978846,852488.2476508197,41531.00302373058,844072.8461883729,41151.237591428435,835821.9671596434,40778.35448502414,827730.8326099953,40412.16829639704,819794.8478220181,40052.50021795153,812009.5926148827,39699.177751485026,804370.813134794,39352.034432330256,796874.414104498,39010.90956784561,789516.451502178,38675.647989389625,782293.1256422354,38346.09981697617,775200.7746324546,38022.120235859664,768235.8681838765,37703.56928435107,761395.0017513994,37390.31165221141,754674.8909846697,37082.21648901263,748072.3664702638,36779.157221895686,741584.3687474738,36481.011382192504,735207.9435812304,36187.66044041296,728940.2374768191,35898.98964912984,722778.4934220796,35614.887893324034,716720.0468437448,35335.2475477802,710762.321765455,35059.96434114821,704902.8271558128,34788.937226309754,699139.1534555982,34522.06825671153,693468.9692739764,34259.26246834704,687890.0182441779,34000.42776708831,682400.1160297433,33745.47482108662,676997.1474729901,33494.3169579783,671679.0638778759,33246.87006664693,666443.8804199327,33003.05250330818,661289.6736763846,32762.785001697004,656214.5792700008,32525.990587149445,651216.7896206131,32292.59449438373,646294.5517986068,32062.524088795893,641446.1654750272,31835.708791096047
1.6841683366733466,1013468.594618551,48685.884323593906,1001618.3960348301,48165.75886520834,990042.1165627158,47656.62923817181,978730.3671945509,47158.150399874845,967674.183172707,46669.99159457772,956865.0002946443,46191.83562153199,946294.6327885035,45723.378147636475,935955.2526391076,45264.32706149768,925839.3702546413,44814.40186601388,915939.816373663,44373.33310682892,906249.7251205923,43940.86183420818,896762.5181255152,43516.73909607901,887471.8896311206,43100.7254601498,878371.7925159124,42692.59056318031,869456.4251685988,42292.11268562053,860720.2191537899,41899.078349967516,852157.8276138989,41513.28194131169,843764.114356492,41134.525348655385,835534.1435802762,40762.61762568893,827463.1701965521,40397.374669803925,819546.6307062481,40038.61891820999,811780.1345956785,39686.17906010109,804159.4562169455,39339.889763891115,796680.5271214265,38999.591418606404,789339.428817127,38665.129888585005,782132.3859228041,38336.356280691056,775055.7596937366,38013.12672330527,768106.0418958063,37695.30215640259,761279.8490062333,37382.74813207331,754573.9167208108,37075.33462488658,747985.0947489182,36772.93585153439,741510.3418788626,36475.430099230354,735146.7212973194,36182.69956237154,728891.3961477303,35894.630187002855,722741.6253135479,35611.111522652456,716694.7594131622,35332.036581134045,710748.2369942064,35057.301701936645,704899.5809157662,34786.806423846116,699146.3949077505,34520.45336246447,693486.3602973887,34258.148093313204,687917.2328934566,33999.799040225946,682436.8400194347,33745.317368753225,677043.0776873631,33494.61688431873,671733.9079046646,33247.61393488186,666507.3561066977,33004.22731787544,661361.5087082427,32764.37819120144,656294.5107675437,32527.98998807948,651304.5637569141,32294.988335555016,646389.9234342793,32065.300976485072,641548.8978103633,31838.857694829578
1.6887775551102202,1012652.5447475452,48646.23439417405,1000842.5968944713,48127.886474795516,989304.937913464,47620.468560427944,978030.2583297521,47123.6385489451,967009.6682707368,46637.068467576224,956234.6740887113,46160.44375090513,945697.1565292614,45693.46256269416,935389.3503274092,45235.83515846023,925303.8251237468,44787.28328597455,915433.467601989,44347.53962107953,905771.4647577134,43916.34723641904,896311.2882155767,43493.45910086347,887046.6795191524,43078.63760758052,877971.6363237323,42671.65412885705,869080.3994280846,42272.28859591963,860367.4405862862,41880.32910213107,851827.4510454371,41495.57152805984,843455.3307593075,41117.819187028304,835246.1782318733,40746.88248984684,827195.2809482382,40382.57862753271,819298.106353685,40024.731270898585,811550.2933445777,39673.17028597297,803947.6442375433,39327.731464288045,796486.1171858646,38988.2562671362,789161.8190142943,38654.59158295871,781970.9984456045,38326.589497086374,774910.0396941071,38004.10707310472,767975.456403161,37687.00614516463,761163.8859053082,37375.15312060472,754472.0837851805,37068.41879229266,747896.9187267122,36766.67816013196,741435.367627461,36469.81026121613,735084.5109640204,36177.69800814521,728841.528393601,35890.228035050866,722703.6945778537,35607.290550904516,716668.3752159445,35328.77919970982,710733.0232747538,35054.59092720545,704895.1754048596,34784.62585372727,699152.4485317135,34518.78715290027,693502.5366121008,34256.980935850894,687943.2075466062,33999.11614064886,682472.3002394019,33745.10442670482,677087.7217972231,33494.86007386688,671787.4448599026,33248.29988597359,666569.5050553111,33005.343098635596,661431.9985719934,32765.911291031232,656373.0798431957,32529.928301513577,651390.9593363701,32297.320146838338,646483.9014425894,32068.014944832452,641650.2224606465,31841.942840333795
1.693386773547094,1011839.0945479423,48606.71241986504,1000069.1589440845,48090.131441856676,988569.8957943345,47584.41520390874,977332.074283329,47089.2245118885,966346.8786125272,46604.23414563606,955605.8849355476,46129.13214668345,945101.0398147844,45663.61914910144,934824.6400835158,45207.40775045839,924769.3140076745,44760.221920113414,914928.0036504703,44321.796442283994,905293.9483511946,43891.8763915271,895860.6692369486,43470.216638453836,886621.9546927196,43056.58138366396,877571.8467213358,42650.74371803838,868704.628130358,42252.485207666614,860014.8104880002,41861.59550181403,851497.1227947691,41477.87196245045,843146.500821684,41101.119313969146,834958.0770697647,40731.14931182417,826927.171308957,40367.78042890438,819049.2816578555,40010.83755854659,811320.0761684997,39660.15173316677,803735.3848831909,39315.55985755948,796291.1923327284,38976.90445598115,788983.6304477069,38644.03343219314,781808.971856582,38316.7998416962,774763.6235461083,37995.06167544027,767844.1208614922,37678.68165434007,761047.1218252103,37367.52703397233,754369.4017549235,37061.46941887073,747807.8481622693,36760.38458587279,741359.4559155868,36464.152316007996,735021.3226507711,36172.65623444938,728790.6444155392,35885.783658080756,722664.7115333709,35603.425450260314,716640.904674308,35325.475882387094,710716.691120641,35051.83250190173,704889.6212162981,34782.396006374984,699157.3249894802,34517.07012335918,693517.5089387601,34255.76149569711,687967.9529734852,33998.37957200129,682506.5074999154,33744.83650203376,677131.0906450561,33495.04703673249,671839.6856106572,33248.92843264531,666630.3381503135,33006.400360546424,661501.1541630332,32767.3848180234,656450.2973970528,32531.806045834932,651475.9872580487,32299.59044785074,646576.4967162505,32070.66651439623,641750.1503072883,31844.9647488338
1.6979959919839678,1011028.2297102868,48567.317685720554,999298.0698861749,48052.49314142284,987836.9797678842,47548.46862741595,976635.806337757,47054.90782551141,965685.8070711192,46571.48823820878,954978.6271792819,46097.90048597928,944506.2783498692,45633.84764699373,934261.1188707813,45179.04463633337,924235.8350338617,44733.21762195642,914423.4237231642,44296.10347490632,904817.176100707,43867.44925144184,895410.6623098473,43447.01170494776,886197.717122987,43034.556825647036,877172.4264662819,42629.85940628404,868329.1147594702,42232.70263208568,859662.3330138642,41842.87769343131,851166.8476360644,41460.18341977771,842837.6298890465,41084.425933490864,834669.8459660364,40715.41832233256,826658.8476359972,40352.98032943982,818800.1634226922,39996.93805971648,811089.4902821507,39647.12370163218,803522.6857459883,39303.375263493785,796095.760500441,38965.536323318316,788804.8713731811,38633.45579149595,781646.3147020075,38306.987685486674,774616.5200613714,37985.99091584457,767712.0443244122,37670.32908291087,760929.5660397509,37359.870283560325,754265.880103748,37054.48692742559,747717.8927102721,36754.05556206179,741282.6165612594,36458.45670654779,734957.1663224836,36167.574693053226,728738.7543100193,35881.297515929684,722624.686393845,35599.51668791262,716612.3581059417,35322.12710304597,710699.2509410753,35049.026905965846,704882.9288392242,34780.117367201594,699161.03483933,34515.30276417355,693531.2878947152,34254.49026758626,687991.4798411289,33997.58983293379,682539.4725089528,33744.51409685078,677173.1949716336,33495.17827805871,671890.6409229045,33249.50008267129,666689.866175816,33007.399613636866,661568.986277027,32768.799284108536,656526.174230207,32533.62373454461,651559.6583227697,32301.799753353363,646667.7200505097,32073.25620090656,641848.6921350339,31847.923936755968
1.7026052104208416,1010219.9360359507,48528.04948243098,998529.31751208,48014.97095317179,987106.1794655584,47512.62829349228,975941.445826317,47020.68802953266,965026.4465539668,46538.83035690038,954352.8951836032,46066.74844736637,943912.8678454178,45604.14779733424,933698.7836464857,45150.745615175045,923703.3863126494,44706.27024474934,913919.726997071,44270.46062264746,904341.1481698651,43843.06576686901,894961.2685103138,43423.84429483753,885773.9687296274,43012.5639688053,876773.3782580529,42609.00126684937,867953.8627354786,42212.94097779385,859310.0122495125,41824.17581851567,850836.6302694455,41442.50607220441,842528.723228534,41067.7392462493,834381.490710716,40699.68974852259,826390.3162012408,40338.17858091499,818550.7583637624,39983.0330490603,810858.5428092679,39634.086487260116,803309.5543247873,39291.177997687824,795899.8295321951,38954.15220301488,788625.5499495943,38622.85901166003,781483.03542975,38297.153394916386,774468.7379518903,37976.89517526122,767579.2357448695,37661.94882519899,760811.227721236,37352.18327603149,754161.5282031898,37047.47173598798,747627.0619227218,36747.69151718534,741204.8592794499,36452.72387092186,734892.0518407872,36162.453830840386,728685.8680701175,35876.770063525524,722583.629269614,35595.56472612701,716582.7457252179,35318.73333062677,710680.7130421292,35046.1746143908,704875.108659908,34777.790416669006,699163.5885370037,34513.48556072634,693543.8839951787,34253.16774130824,688013.7987148983,33996.74741716069,682571.2058733333,33744.137708341914,677214.0454171347,33495.254298078464,671940.321462636,33250.01533893267,666748.0998165931,33008.341363062296,661635.5056109857,32770.15519636534,656600.7210458104,32535.381876315612,651641.9832341542,32303.948573304842,646757.5821441804,32075.7845153183,641945.858632983,31850.820915780114
1.7072144288577153,1009414.1994360373,48488.90710626645,997762.8897011727,47977.56426138446,986377.4845871544,47476.89366838986,975248.9841327907,46986.56466656261,964368.7900028401,46506.260115460216,953728.6833318445,46035.67571087737,943320.8040186842,45574.519341919266,933137.6313622246,45122.51048633435,923171.9659378015,44679.37964147623,913416.9126227621,44244.86778846933,903865.8646869549,43818.72588733973,894512.4888710268,43400.7144010434,885350.7113817083,42990.60284648027,876374.7047390066,42588.16937072608,867578.875415457,42193.20035084472,858957.8522123366,41805.49001576429,850506.4753220862,41424.84008881073,842219.7860301333,41051.059449594155,834093.0170129355,40683.96381403654,826121.583192351,40323.375431415145,818301.0731094759,39969.12279737538,810627.2407838443,39621.04038193941,803095.9980264294,39278.96837160451,795703.4071772012,38942.75242468658,788445.6742401369,38612.24343912232,781319.142390533,38287.29733199575,774320.285831279,37967.77483010455,767445.7039764012,37653.54127092628,760692.1159417196,37344.466413387156,754056.3553238616,37040.42425787465,747535.3652501805,36741.292874971354,741126.1936833176,36446.954242420965,734825.988965255,36157.29408986864,728631.9955867287,35872.20175094631,722541.550168817,35591.570022301035,716552.077644391,35315.29502918891,710661.0876279253,35043.27609728071,704866.1709629184,34775.415630346695,699164.9964368651,34511.618993508644,693555.3076543739,34251.794401765466,688034.9200596139,33995.85281351676,682601.7180998387,33743.70782882466,677253.6525222512,33495.27559216998,671988.7377969522,33250.474699472485,666805.0496591626,33009.22610915892,661700.7227643321,32771.45305707458,656673.9484501276,32537.080975046116,651722.9725996631,32306.03741291393,646846.0936006672,32078.251963863084,642041.6603955989,31853.65619289093
1.7118236472945891,1008611.0059303022,48449.889859020754,996998.7744200665,47940.27245490193,985650.8849002869,47441.26422203906,974558.4126911572,46952.53728208267,963712.8303937236,46473.77712977002,953105.9860270648,46004.68195800146,942730.0825935167,45544.96202338343,932577.6589642909,45094.33904943535,922641.5719870111,44652.54566487772,912914.9797249973,44219.324874618556,903391.325745647,43794.42956123908,894064.3243821011,43377.62201494666,884927.9468985664,42968.67349011631,875976.4084953144,42567.36378668254,867204.1560944878,42173.48085477187,858605.8568525295,41786.820421084645,850176.3873492957,41407.18563564261,841910.8234077984,41034.38673761921,833804.4305020788,40668.24073906041,825852.6547139442,40308.57112538849,818051.114202276,39955.20757165902,810395.5911513338,39607.985673612675,802882.0241669639,39266.746692629604,795506.5010919133,38931.33731375516,788265.2522135443,38601.609416022,781154.6438391706,38277.41985434557,774171.1722160084,37958.630252318544,767311.4577743725,37645.106805273674,760572.2396742378,37336.7200930266,753950.3706366819,37033.34490174775,747442.8120429957,36734.86005444856,741046.6292854274,36441.14824959953,734758.987354615,36152.095907428964,728577.1466497673,35867.59302347905,722498.4589985856,35587.533029022714,716520.3638747765,35311.812657969094,710640.3848018055,35040.33181990852,704856.1259322815,34772.993478969096,699165.2687930447,34509.70353817676,693565.5691866687,34250.37072902946,688054.8542406762,33994.90650601313,682631.0195963196,33743.22494580337,677292.0267292833,33495.24265091178,672035.9003951419,33250.87865755001,666860.7261928507,33010.054347497615,661764.6482399525,32772.69336377224,656745.8669535716,32538.721529912116,651802.6369316197,32308.06677269165,646933.2649289753,32080.659048100817,642136.1079237039,31856.430270428846
1.7164328657314627,1007810.3416460783,48410.997047955534,996236.9597218318,47903.094927082675,984926.3702398569,47405.73942801733,973869.7229852853,46918.60542442457,963058.5607367123,46441.38101783251,952484.7976921204,45973.76687168146,942140.6993005854,45515.47558520439,932018.8633940447,45066.231104386694,922112.2025223938,44625.768167468545,912413.9274033267,44193.83178264942,902917.5314056944,43770.176735833826,893616.7759918693,43354.56712642166,884505.6770506618,42946.77592929648,875578.49205788,42546.584581302974,866829.7080066376,42153.78259063103,858254.0300541056,41768.167167639425,849846.3708355798,41389.54287575885,841601.8404005456,41017.721301211575,833515.7367289081,40652.52074037487,825583.5367887395,40293.765903698484,817800.8880998102,39941.287635162334,810163.6007698389,39594.92264633113,802667.6399728454,39254.51326412748,795309.1188412363,38919.9071915049,788084.2917453127,38590.95728025756,780989.5479357849,38267.52131525463,774021.4055266267,37949.46180943471,767176.5057971943,37636.645808939305,760451.6077940256,37328.944707805196,753843.5832140888,37026.23407167309,747349.411552507,36728.39347000478,740966.1754989484,36435.3063163337,734691.0565679396,36146.85971610348,728521.33094935,35862.944321677496,722454.3655662163,35583.45419412807,716487.6143279143,35308.28667143844,710618.6145674825,35037.34224277296,704844.9836526213,34770.524428492055,699164.4157605699,34507.73966560807,693574.6788076904,34248.897198396284,688073.6115251691,33993.908973892416,682659.1206727874,33742.68954202385,677329.1783832145,33495.15596013667,672081.8196297458,33251.22770169432,666915.1398108421,33010.82656893689,661827.2924452336,32773.87660930197,656816.4869717289,32540.304035419314,651880.9866482199,32310.037148502488,647019.1065447058,32083.006264970296,642229.2116254629,31859.143646140157
1.7210420841683365,1007012.1928172242,48372.22798574568,995477.4337452223,47866.03107576057,984203.930507529,47370.31876351874,973182.9065486357,46884.76864475024,962405.9740759082,46409.07139976055,951865.1127697381,45942.930136311144,941552.6498776136,45486.05977170762,931461.2415882805,45038.186451393085,921583.8555909758,44599.04700155497,911913.7547326863,44168.388413446635,902444.4816936225,43745.96735730005,893169.8446076546,43331.549723867625,884083.9035604219,42924.9101917781,875180.9579032465,42525.83181902648,866455.5343259185,42134.105657041946,857902.3756359108,41749.53038589098,849516.4301956922,41371.911969277935,841292.8419735392,41001.06332810039,833226.9411666763,40636.80403140567,825314.2353586971,40278.96000367582,817550.4011760869,39927.36324744335,809931.2764112825,39581.85158030888,802452.8525821201,39242.26838549625,795111.2678997214,38908.462375138486,787902.8006188967,38580.28736554327,780823.8627470102,38257.60206373656,773870.994088963,37940.26986462934,767040.8566075268,37628.158658195985,760330.2290797174,37321.140646092164,753736.0020312362,37019.092167177834,747255.1729322387,36721.8935314446,740884.8416388421,36429.42886187902,734622.2060658267,36141.58594382292,728464.5580769674,35858.25608141932,722409.2795803322,35579.33396075802,716453.8388167196,35304.717519359176,710595.7868301806,35034.307821654715,704832.7541102878,34768.0089401487,699162.4473964806,34505.72784195657,693582.6466354312,34247.37428044164,688091.2020829516,33992.86069168322,682686.0315424917,33742.10209552743,677365.11773278,33495.01600098529,672126.5057776109,33251.52231575724,666968.3008112214,33011.54325967537,661888.6656930894,32775.00328186703,656885.818826372,32541.8289814544,651958.0320745324,32311.9490316152,647103.628771044,32085.29410683947,642320.9818173554,31861.79681322664
1.7256513026052103,1006216.5457830764,48333.581990424864,994720.1847139049,47829.08030320307,983483.5556712073,47335.00170932333,972497.9549639544,46851.026497031286,961755.0634893107,46376.84789776579,951246.9257225791,45912.17143773217,940965.9300695921,45456.71432807067,930904.790479579,45010.20489096611,921056.5292251657,44572.3820192515,911414.460763976,44142.99466724733,901972.1766033994,43721.80137074975,892723.5310965234,43308.569794239476,883662.6281030673,42903.07630352734,874783.8084544843,42505.105562184835,866081.6381672295,42114.45015022918,857550.8973526104,41730.91020364467,849186.569775661,41354.29307342354,840983.833019153,40984.41300290439,832938.0492122186,40621.09082227298,825044.7562861323,40264.15365916927,817299.6597226091,39913.43466441909,809698.6247625578,39568.77275197602,802237.6690455871,39230.012352221805,794912.955652736,38897.00317783175,787720.7865268898,38569.60000146455,780657.5962471741,38247.66244458573,773719.946135311,37931.054776779776,766904.5186734631,37619.64572494768,760208.1122145295,37313.30829182707,753627.6359671724,37011.91958330719,747160.1052390722,36715.36064404599,740802.6369230269,36423.51630092692,734552.4452115573,36136.27501392303,728406.8375266325,35853.52873396234,722363.2106520239,35575.172767414326,716419.0470566148,35301.10564684017,710571.9113977563,35031.22900767173,704819.4471944674,34765.44747050431,699159.3736609288,34503.66852870736,693589.4826913358,34245.80244107488,688107.635987733,33991.76212925376,682711.7623229842,33741.46307970404,677399.8549315148,33494.82324995878,672169.9690209263,33251.762978965526,667020.2193979954,33012.20490130332,661948.7782029718,32776.07386508125,656953.872746457,32543.296853335603,652033.783443482,32313.802908752736,647186.8418397285,32087.523061554788,642411.4287251341,31864.3902603943
1.730260521042084,1005423.3869874197,48295.05838533224,993965.2009357015,47792.24201607012,982765.2357645197,47299.787749767194,971814.8598629733,46817.37853802902,961105.8220887088,46344.7101361476,950630.2310333003,45881.490463231115,940380.5356289935,45427.43900032743,930349.506996654,44982.286223935,920530.2214432212,44545.77307249746,910916.0445246295,44117.650443662824,901500.6160970993,43697.6787202573,892277.8362860283,43285.6273230784,883241.8523074252,42881.27428875345,874387.0460820663,42484.40587103992,865708.0225872862,42094.8161640625,857199.5988956648,41712.30674609182,848856.793853805,41336.686342569716,840674.8183580195,40967.77050717905,832649.0661870302,40605.38131984017,824775.1053548168,40249.34710059581,817048.669949496,39899.50213841714,809465.6524266653,39555.68643403122,802022.0963279469,39217.74545593124,794714.1893976219,38885.52990878791,787538.257072186,38558.895513532705,780490.7563194658,38237.70279843248,773568.2698056005,37921.81690051986,766767.5003697011,37611.107376785316,760085.2657874272,37305.44802457583,753518.4938060044,37004.71671068041,747064.2174344062,36708.79520861636,740719.5704735332,36417.56904366071,734481.7832722424,36130.92734520029,728348.1786960205,35848.7627060001,722316.168295979,35570.97104801497,716383.2486666483,35297.45149439212,710546.9979818086,35028.106247333984,704805.0726982823,34762.840471510804,699155.2044182658,34501.56218273062,693595.1969013755,34244.18214159259,688122.9232181369,33990.613751864985,682736.3230371692,33740.77296334492,677433.4000387939,33494.5781789709,672212.2194482501,33251.95016597248,667070.9056821079,33012.81197085385,662007.6401018711,32777.08883801974,657020.6588691113,32544.708131862757,652108.2508968263,32315.599262141797,647268.7558920147,32089.693612490206,642500.5624847739,31866.924471901915
1.7348697394789578,1004632.7029774648,48256.65649905931,993212.4708018361,47755.51562537333,982048.9608863044,47264.67637271254,971133.6129261095,46783.82432727443,960458.2430195679,46312.65774128193,950015.0232046109,45850.88690153614,939796.462315978,45398.23353537189,929795.3880646892,44954.43025145688,920004.9302497022,44519.22001307298,910418.5050191717,44092.35564169971,901029.8001055501,43673.59934888515,891832.7609649365,43262.72229454165,882821.5777567278,42859.50416994212,873990.6731047265,42463.73280382047,865334.6905855321,42075.20379009633,856848.4838942869,41693.72013585161,848527.106641731,41319.0919282852,840365.8027400603,40951.136019462654,832359.9973383242,40589.67572776159,824505.2882710608,40234.54055499001,816797.4379865847,39885.56591822607,809232.3659238297,39542.5928954933,801806.1413089316,39205.46798444538,794514.9763448343,38874.04287329073,787355.2197691266,38548.17422323881,780323.3507570861,38227.723461797344,773415.9731485457,37912.55658629467,766629.8099786901,37602.54397704163,759961.698294274,37297.56021958574,753408.5842380433,36997.48393554588,746967.5183852966,36702.197621547595,740635.6513176372,36411.58749581052,734410.2294199507,36125.5433519669,728288.590887589,35843.95841971658,722268.1619315945,35566.729231948586,716346.4531705988,35293.75549798158,710521.0561987705,35024.9399825973,704789.6403198711,34760.18839056008,699149.949438113,34499.40925633467,693599.7990971092,34242.51383873127,688137.0736587483,33989.41602022275,682759.72361434,33740.03221069429,677465.7630208555,33494.281255399284,672253.2670555201,33252.084346908705,667120.3696824381,33013.36494085316,662065.2614253024,32778.04867526853,657086.1872406078,32546.06329336646,652181.4444861142,32317.338569561463,647349.3809796214,32091.806238595254,642588.3931434057,31869.399927608447
1.7394789579158316,1003844.4804028427,48218.3756653978,992461.9827861924,47718.900546435594,981334.7212001011,47229.66706951817,970454.2058821659,46750.36342704821,959812.319460919,46280.69034161005,949401.2967593245,45820.360442813704,939213.7058985916,45369.097680962004,929242.4306056703,44926.63677502675,919480.6536359157,44492.72269261465,909921.8412297666,44067.110159780605,900559.7285289706,43649.563198709,891388.3058839461,43239.85469143178,882401.8059893962,42837.76596788842,873594.6917903062,42443.08641675807,864961.6451050368,42055.61311760865,856497.5559163855,41675.150493012596,848197.5122853144,41301.50997937676,840056.790845502,40934.50971532185,832070.8478400761,40573.974246529804,824235.3106647816,40219.73424605254,816545.9698845162,39871.62624914527,808998.7716926022,39529.49240175205,801589.8107844193,39193.180221830415,794315.3236190659,38862.54237275702,787171.6820446308,38537.4364481067,780155.3872643805,38217.72476714462,773263.0641227844,37903.274180414366,766491.4556917712,37593.95588484531,759837.4181389675,37289.64524783979,753297.9158609367,36990.221639835516,746870.0168655856,36695.56827487047,740550.8883889839,36405.57205870767,734337.7927328247,36120.123444104895,728228.0833096853,35839.11629284019,722219.2008840753,35562.447744128236,716308.6699980627,35290.01808908464,710494.0955709895,35021.73065091654,704773.1596634596,34757.49167053694,699143.6183964208,34497.21019731849,693603.2990167305,34240.79798471937,688150.0971011502,33988.169390529554,682781.9738912034,33739.24128150065,677496.9537518127,33493.932942136256,672293.1217470544,33252.1659874324,667168.6213267873,33013.8642793703,662121.652118281,32778.95384697393,657150.4678173257,32547.362809756913,652253.3741736372,32319.021304391452,647428.7270656691,32093.861414442785,642674.9306602434,31871.817103020367
1.7440881763527052,1003058.7060146071,48180.21522328794,991713.7254445754,47682.396198851304,980622.5069336464,47194.75933501012,969776.6305080324,46716.99540236116,959168.0446252414,46248.807567627475,948789.0462404076,45789.91077866515,938632.2621529592,45340.03118572308,928690.631538703,44898.90559648732,918957.3895803521,44466.28096263086,909426.0521167507,44041.91389576445,900090.4012375938,43625.57021084266,890944.4717563863,43217.024495225436,881982.5384998112,42816.05970172904,873199.1043565833,42422.46676412262,864588.8890333773,42036.044233639215,856146.8184694917,41656.59793517329,847868.0148656655,41283.94064193226,839747.7872858732,40917.8917673963,831781.6227940486,40558.27707352184,823965.1780905506,40204.92839419802,816294.2716158029,39857.68337303406,808764.8760909439,39516.38521461841,801373.1114675291,39180.88244844903,794115.2382603504,38851.028704788274,786987.651239306,38526.68250174524,779986.8734579564,38207.70704293508,773109.5505979948,37893.970025107265,766352.4456102948,37585.3434551744,759712.4336345551,37281.70347611011,753186.4971807824,36982.930201218354,746771.7215570104,36688.90755630828,740465.2905286901,36399.52312933822,734264.4821961778,36114.66802711958,728166.6650776368,35834.23673869699,722169.2943855159,35558.12700504444,716269.9084855294,35286.23969473949,710466.125527791,35018.47868529807,704755.6402404141,34754.75074987123,699136.2208765115,34494.96544902346,693605.7063060995,34239.03502732868,688162.0032449441,33986.874314535344,682803.083612888,33738.40063106716,677526.9820146519,33493.533697638726,672331.7933365365,33252.195548778924,667215.6704528539,33014.31045006616,662176.8220362826,32779.80481889098,657213.5104667018,32548.60714857182,652324.0498333662,32320.647935659614,647506.8040256042,32095.85961027591,642760.1849074945,31874.176469337955
1.748697394789579,1002275.36666425,48142.17451676747,990967.6874139843,47646.002006446855,979912.3083783727,47159.95266745278,969100.8786283877,46683.71982093444,958525.411758347,46217.00905187279,948178.266211023,45759.53760212308,938052.1268634727,45311.0337991511,928139.9877803295,44871.23651803822,918435.1360491107,44439.89467451665,908931.1366191618,44016.76674696636,899621.8180722813,43601.62032546221,890501.2592589103,43194.23168610145,881563.7767390719,42794.38538897399,872803.9129720891,42401.873898257065,864216.4252035072,42016.49722302706,855796.2750016719,41638.06257748212,847538.6184000812,41266.38405936261,839438.7966049901,40901.282345442756,831492.3272308051,40542.58440304491,823694.8960286302,40190.123216602005,816042.3490758858,39843.73752835983,808530.6853972968,39503.2715923736,801156.0499897047,39168.57494101038,793914.7272251564,38839.50216322164,786803.1346085467,38515.9126938999,779817.8168677856,38197.670613678005,772955.4403560002,37884.644458572184,766212.7877467254,37576.70703890882,759586.7530043389,37273.73526701082,753074.3366132304,36975.609993153405,746672.6410503004,36682.21584932964,740378.8664864387,36393.44110039572,734190.3067035798,36109.17750219228,728104.3452148293,35829.3201662633,722118.4515759721,35553.76743081749,716230.177877442,35282.42073759864,710437.1554065311,35015.18451435153,704737.0914702831,34751.966062589214,699127.7663701121,34492.6754503844,693607.0305197648,34237.22540992497,688172.8016987611,33985.53123958795,682823.0624339444,33737.51071030161,677555.8575022202,33493.08397597775,672369.2915479924,33252.173487809654,667261.5268091961,33014.70391224209,662230.7809461975,32780.60205243153,657275.3249681692,32549.796773024027,652393.481251879,32322.21892808892,647583.6216481148,32097.801292054544,642844.165671264,31876.478493501407
1.7533066132264528,1001494.4493027306,48104.25289492127,990223.8574118912,47609.71739724167,979204.1158889123,47125.246568520044,968426.9421154051,46650.53625318017,957884.4141392623,46185.29442891646,947568.9512545721,45729.24060764777,937473.295822972,45282.10527161574,927590.4962448346,44843.62934224536,917913.8909963176,44413.563679568295,908437.093655251,43991.66861017698,899153.9788451242,43577.7134818298,890058.66903217,43171.476242968594,881145.5221157391,42772.74304553767,872409.1197569116,42381.30786961158,863844.2563946098,41996.97216844747,855445.9289024257,41619.54453267679,847209.3268429799,41248.840372443294,839129.8232799228,40884.68161637826,831202.9661107033,40526.89642638131,823424.4698859907,40175.3189272474,815790.2080841685,39829.78895024567,808296.2058116348,39490.15178981789,800938.6329017786,39156.25797261965,793713.7973874597,38827.96303817999,786618.1393236171,38505.12733050339,779648.2249382893,38187.61579998228,772800.741091858,37875.29781503002,766072.4900257293,37568.04698288222,759460.3843829634,37265.740979049966,752961.4424845666,36968.26138494172,746572.7838462581,36675.49353320063,740291.6249215507,36387.32636033336,734115.2750579271,36103.65226623222,728041.1326537697,35824.366980217404,722066.6815045144,35549.36943324908,716189.4873272427,35278.56163598017,710407.1944536329,35011.8485623409,704717.5226818253,34749.13803836435,699118.2642783698,34490.34063598,693607.281121969,34235.36957151805,688182.5019812562,33984.140608682545,682841.9199193284,33736.57196576549,677583.5898181973,33492.58422688716,672405.626016749,33252.10025706033,667306.2000561822,33015.04512088756,662283.5385272647,32781.34600471147,657335.9210140827,32550.932142048245,652461.6781292738,32323.734742143777,647659.1896360323,32099.686921501143,642926.8826524453,31878.723638236
1.7579158316633265,1000715.9409795105,48066.44971183152,989482.2242355257,47573.541803409564,978497.9198826037,47090.640543266825,967754.8128884537,46617.444272182016,957245.0450801078,46153.66333534967,946961.0959747281,45699.01949112331,936895.7648329189,45253.24535436334,927042.1538445423,44816.08387204956,917393.6523645321,44387.28782899755,907943.9221229887,43966.61938168156,898686.8833400325,43553.84961831694,889616.7016814833,43148.75814349259,880727.7759965665,42751.132685769415,872014.7267834834,42360.76872677721,863472.3853329358,41977.46915044818,855095.7835035671,41601.04391112293,846880.1440868203,41231.30971935504,838820.8717219486,40868.08974432279,830913.544324875,40511.213331832594,823153.9049973132,40160.51573696994,815537.8543850401,39815.8378705171,808061.4434565016,39477.02605831821,800720.8666750201,39143.93181282669,793512.4555398026,38816.41161612138,786432.6724727129,38494.326713725684,779478.1050294074,38177.54291860694,772645.4604149305,37865.93042477456,765931.5602852491,37559.363629933054,759333.3358174851,37257.72096668079,752847.8230327817,36960.88474177775,746472.1583568247,36668.74098303614,740203.5744040492,36381.1792934152,734039.3959724962,36098.092711927784,727977.0362371332,35819.3775809907,722013.9931302675,35544.93341987311,716147.8458984058,35274.66280391844,710376.2518256091,35008.471249234826,704696.9431140226,34746.26710256733,699107.7239128568,34487.961436082485,693606.4674876428,34233.46794681108,688191.1135220922,33982.702860510646,682859.6655453738,33735.58483972256,677610.1884780576,33492.03489581166,672440.806290387,33251.97630478873,667349.6997669284,33015.33452672741,662335.1043720029,32782.03712859754,657395.308210635,32552.01371034732,652528.6500800737,32325.19583407583,647733.5176072231,32101.51695614602,643008.3454675983,31880.91236209696
1.7625250501002003,999939.8288416066,48028.764326528464,988742.7767611712,47537.47466124065,977793.7108390044,47056.134100100986,967084.4829138073,46584.44345367599,956607.297925978,46122.115409773265,946354.6949954727,45668.8739498539,936319.5297035691,45224.45379951952,926494.9574901109,44788.599910775316,916874.4180851476,44361.06697394542,907451.6209005608,43941.618957278435,898220.5313133158,43530.02867242732,889175.3577774868,43126.07736412281,880310.5397072199,42729.55432248353,871620.736077359,42340.256516518806,863100.8146926321,41957.98824748507,854745.8420800962,41582.56082085207,846551.0739630106,41213.79223572402,838511.9462774894,40851.506890641176,830624.066696193,40495.53530476308,822883.2066259789,40145.71385350313,815285.293648883,39801.88451774816,807826.4043780334,39463.894645855406,800502.7577021722,39131.59672767397,793310.7083943378,38804.8481798877,786246.7410620155,38483.51114202335,779307.464417656,38167.45228251086,772489.6058499442,37856.542614222526,765790.006277561,37550.65731895499,759205.6152684329,37249.675580352276,752733.4864086289,36953.48042480002,746370.7729061316,36661.95856985063,740114.7234157048,36375.00027976693,733962.6780719863,36092.49922779713,727912.0647187987,35814.35236481811,721960.3953234401,35540.45979400602,716105.2625654569,35270.724651214034,710344.3365900745,35005.05299075637,704675.3619170819,34743.35367631552,699096.1544965622,34485.538276706764,693604.5989033873,34231.520966249314,688198.6456629103,33981.21842950854,682876.3087007531,33734.5497701869,677635.6629100195,33491.43642395447,672474.8418296776,33251.802075021755,667392.0354282269,33015.572576268576,662385.4879871232,32782.67587275348,657453.4960787604,32553.04192843803,652594.4066341183,32326.60265596917,647806.6150954715,32103.29184937212,643088.5636498217,31883.045119513732
1.7671342685370741,999166.1001326496,47991.19610294182,988005.5039434633,47501.5154111035,977091.4792994048,47021.72675075521,966415.9442043485,46551.53337603134,955971.1660548167,46090.65029278652,945749.7429611213,45638.80368255966,935744.5862541355,45195.73036009166,925948.904090814,44761.17726213891,916356.186078782,44334.90096549568,906960.1888468508,43916.66723229737,897754.9224942499,43506.25058081914,888734.637856778,43103.43388011828,879893.8145329836,42708.00796698862,871227.1496179758,42319.77128380741,862729.5470965501,41938.52953595714,854396.1078510504,41564.09536759903,846222.120242797,41196.2880546611,838203.051229036,40834.933213984266,830334.5379802187,40479.86252764262,822612.3799650393,40130.913481522446,815032.5314730614,39787.92911730676,807591.0945469642,39450.75779707043,800284.3122984678,39119.25297974375,793108.5625838564,38793.27300875255,786060.3520167256,38472.680910187904,779136.3102971643,38157.34420090173,772333.1848380308,37847.13470596298,765647.8356703193,37541.92838494639,759077.2306108497,37241.605166558955,752618.4406766618,36946.048791141,746268.6357315389,36655.146660607956,740025.080351068,36368.789695425665,733885.129893546,36086.87219823793,727846.22676487,35809.29172378771,721905.8968663367,35535.948954796164,716061.7462149778,35266.74758348303,710311.4577267404,35001.594198432045,704652.7881534231,34740.39817652164,699083.5651648699,34483.07157965875,693601.6845684407,34229.529056068146,688205.1076582889,33979.687745904834,682891.8586874245,33733.46719097,677660.0224559822,33490.78924832405,672507.742009509,33251.578007601776,667433.2164414595,33015.7597118459,662434.6987944343,32783.262681685555,657510.4940550281,32554.017242696013,652658.9572374466,32327.95565578492,647878.491551347,32105.012050459074,643167.546649609,31885.1223608335
1.7717434869739477,998394.7421919571,47953.74440985283,987270.3948147006,47465.663497407906,976391.2158663496,46987.418010259535,965749.1888192794,46518.71362023162,955336.6428772962,46059.26762697612,945146.2345363537,45608.80838937285,935170.9303129481,45167.07478997136,925403.9905548203,44733.81573025662,915838.9542556611,44308.78965468817,906469.6248019192,43891.76410161717,897290.056585638,43482.5152793271,888294.5424225462,43080.82766557343,879477.6017194546,42686.493629116645,870833.9693394065,42299.31307185214,862358.585117049,41919.093090241106,854046.5839803496,41545.647654838685,845893.2866381443,41178.79730680083,837894.1907960564,40818.36887032959,830044.9628661403,40464.19518008883,822341.4301381774,40116.11482268872,814779.5733829022,39773.97189139936,807355.5198596194,39437.61575331021,800065.5367026373,39106.90082820475,792906.024662803,38781.68637846859,785873.5121820844,38461.83630939384,778964.6497807029,38147.218979284415,772176.2047377581,37837.70701880603,765505.0560475854,37533.17715905947,758948.1896353214,37233.51006789005,752502.6938162638,36938.590193976386,746165.754984657,36648.30561827074,739934.653518491,36362.54791238934,733806.7598877873,36081.212003576606,727779.5309546822,35804.19604588989,721850.5064543582,35531.40129727282,716017.3056465999,35262.73200220574,710277.6241284013,34998.0952796402,704629.2307986546,34737.401015941934,699069.9649665247,34480.561762583246,693597.7335956373,34227.49263834057,688210.5086766902,33978.11123576762,682906.3247215687,33732.33753172764,677683.2763724516,33490.093801780524,672539.5161198024,33251.30453823267,667473.2521235036,33015.8963716678,662482.7461317362,32783.7979957876,657566.3114925236,32554.940095400467,652722.3112531665,32329.255277405373,647949.1563430666,32106.678004626898,643245.3038357004,31887.14453236448
1.7763527054108215,997625.7424536141,47916.40862084656,986537.4384841577,47429.918368567836,975692.9112031595,46953.20739691371,965084.2088638286,46485.983769855746,954703.7218366887,46027.96705690494,944544.1644062314,45578.88777183352,934598.5577176058,45138.486843936356,924860.2137894629,44706.5151196524,915322.7205159913,44282.73289253147,905979.9275874667,43866.90945968321,896825.9332643539,43458.822702983816,887855.07194519,43058.25869344309,879061.9024732239,42665.011317251156,870441.1971310943,42278.88192213145,861987.931276776,41899.67898272505,853697.2735776192,41527.21778382205,845564.5768025968,41161.32012033941,837585.3691358898,40801.8140130212,829755.345977692,40448.53343890845,822070.3622006472,40101.31807569108,814526.4248326541,39760.01305911493,807119.6861388927,39424.46875267246,799846.4370778947,39094.54052885775,792703.1011082726,38770.08856131398,785686.2283243792,38450.97762724551,778792.4899006935,38137.076919508436,772018.672826141,37828.25986783065,765361.6749108426,37524.40396864831,758818.5000489907,37225.39062307783,752386.2537226584,36931.10498257357,746062.1387323581,36641.43580184891,739843.4511411284,36356.2752986651,733727.5764197846,36075.5190201168,727711.9857817959,35799.06571506559,721794.232696989,35526.817212394286,715971.9495739827,35258.67830477458,710242.8446019045,34994.556637658716,704604.6987425347,34734.36260322358,699055.3628645868,34478.00923901104,693592.7550123485,34225.41213102395,688214.8578013931,33976.4893210509,682919.715934513,33731.16121800582,677705.4338314539,33489.35051308125,672570.1733664126,33250.982098524946,667512.1517076232,33015.98298986094,662529.6392537003,32784.2822513854,657620.9576617201,32555.810924777994,652784.4779623162,32330.501960677455,648018.6187573427,32108.290153078964,643321.8444959171,31889.112076418405
1.7809619238476952,996859.088445568,47879.1881142652,985806.6241374088,47394.279476965,974996.5560334591,46919.0944322602,964420.996488962,46453.34341105942,954072.3964087424,45996.74822910105,943943.5272762201,45549.0415328854,934027.4643151276,45109.96627765269,924317.5707015045,44679.275235265486,914807.4827503272,44256.730530015615,905491.0960072926,43842.10320052443,896362.5521818821,43435.1727860409,887416.2268629267,43035.72693556719,878646.7179625478,42643.56103835525,870048.8348385785,42258.47787442388,861617.5880494439,41880.28728384185,853348.179699008,41508.80585361189,845235.9943321305,41143.85662107237,837276.5903446295,40785.26879280897,829465.691874062,40432.877478138216,821799.1811402079,40086.523436289026,814273.0912064359,39746.05283646825,806883.5991352078,39411.31703005006,799627.0195129148,39082.17233418095,792499.7983209965,38758.47982613823,785498.5071319356,38440.105147823786,778619.8376102049,38126.91831981497,771860.5962996426,37818.79356443209,765217.699679996,37515.609137316525,758688.1694765589,37217.24716704546,752269.1282079093,36923.59350233957,745957.7949577698,36634.537566447616,739751.4813579331,36349.972218317394,733647.5877700626,36069.793620187236,727643.5996549781,35793.90111125411,721737.084118771,35522.1970870955,715925.6866257814,35254.58688454153,710207.1278691097,34990.97867171225,704579.2007899241,34731.28334295159,699039.7677373713,34475.41441840544,693586.757761418,34223.287948006335,688218.1640314179,33974.822419640506,682932.0413736439,33729.93867128643,677726.5039214392,33488.55980692602,672599.722872024,33250.61111604057,667549.9243443515,33016.01999651461,662575.3873327423,32784.715880780546,657674.4417513392,32556.630165046136,652845.4665647125,32331.696141455748,648086.8880002219,32109.848933044617,643397.177837993,31891.025431352653
1.785571142284569,996094.7677887301,47842.08227316164,985077.941035656,47358.746278912666,974302.1411407074,46885.07864105717,963759.5438910942,46420.792132556424,953442.6601015524,45965.610792046624,943344.3178722048,45519.26937687161,933457.6459620947,45081.512847676415,923776.0581973933,44652.09588245759,914293.2388399295,44230.78241812418,905003.1288477427,43817.34521776995,895899.9129648446,43411.56546198963,886978.0075823892,43013.232362695,878232.0493180063,42622.14279799893,869656.8842642079,42238.10096683823,861247.5578605877,41860.91806210187,852999.3053479877,41490.41196111761,844907.5427659883,41126.406932431375,836967.8584579882,40768.733357887315,829176.0050507863,40417.22746908503,821527.8918780357,40071.73109735397,814019.5778191715,39732.09143644259,806647.26452747,39398.160817174685,799407.2900227936,39069.79649337426,792296.1226263127,38746.860438407435,785310.355216095,38429.219151731675,778446.6997839365,38116.743474883006,771701.9822751591,37809.30841636837,765073.1376943614,37506.79298496413,758557.2054612706,37209.080030953955,752151.3250019049,36916.05609486818,745852.731561259,36627.611263314495,739658.7522246325,36343.63903151506,733566.8021355685,36064.03617218882,727574.3808991697,35788.70261044014,721679.0691602649,35517.541304334874,715878.5253466003,35250.458130864754,710170.4825678352,34987.36177701855,704552.745661722,34728.16363569494,699023.1883793796,34472.77770620824,693579.7507020797,34221.12049915196,688220.4362824352,33973.11094539928,682943.310003308,33728.67030903199,677746.4956481705,33487.722104001565,672628.1736770283,33250.19201433701,667586.5791023613,33016.00781772444,662619.9994598815,32785.099312293794,657726.7728691996,32557.398246456163,652905.2861797909,32332.838251644906,648153.9731979144,32111.354777821103,643471.3129903902,31892.88503161176
1.7901803607214428,995332.7681960908,47805.09048525364,984351.3785150661,47323.31823461992,973609.6573677345,46851.1595512519,963099.843311802,46388.32952560028,952814.5064554326,45934.55439616688,942746.5309405018,45489.57100953022,932889.0985247911,45053.12631145531,923235.6731835164,44624.976867020094,913779.986657117,44204.88840784634,904516.0248781486,43792.63540466551,895438.0152155177,43388.00066358112,886540.4144792133,42990.774944508834,877817.8976331508,42600.75660038596,869265.3471678414,42217.75123584327,860877.8430883149,41841.571384125076,852650.6534761407,41472.03620112966,844579.225587505,41108.97117552062,836659.1774521531,40752.20785393311,828886.2899406276,40401.58358036554,821256.4992696263,40056.941248910065,813765.8899175083,39718.12906903172,806410.6879239979,39385.00034265976,799187.2545499962,39057.41325240326,792092.0802751222,38735.23066024872,785121.779112178,38418.319916139415,778273.0832191871,38106.55267587498,771542.8377909926,37799.80472780627,764927.9962136372,37497.95582783371,758425.6154658891,37200.8895422487,752032.8517533302,36908.49309798652,745746.9563614004,36620.65723988623,739565.2717146938,36337.27609457797,733485.2276306342,36058.24704064128,727504.3377564407,35783.47058470021,721620.1961789993,35512.85024314069,715830.4741979354,35246.29242915483,710132.917252792,34983.706344834456,704525.3419957936,34725.003878052295,699005.633502216,34470.09950388504,693571.7426108678,34218.910190346345,688221.6833876662,33971.35530821185,682953.5307057018,33727.35654473007,677765.4179356062,33486.83782102552,672655.5347403967,33249.725213010875,667622.1249693261,33015.9468756356,662663.4846455918,32785.43297030781,657777.9600430585,32558.11559533551,652963.9458474354,32333.928719241594,648219.8833976127,32112.808116815107,643544.2590031091,31894.691307768524
1.7947895791583166,994573.0774718439,47768.2121428786,983626.9259861154,47287.994808156305,972919.0956162799,46817.33669395434,962441.8870375389,46355.95518396582,952187.9290427879,45903.57869381905,942150.1612478717,45459.94613798988,932321.8178793367,45024.806427330244,922696.4125664432,44597.91799518078,913267.7240656097,44179.04835018839,904029.7828512596,43767.97365408923,894976.8585123426,43364.47832284615,886103.4478986134,42968.354649647285,877404.2639651417,42579.4024483803,868874.2252675383,42197.42871629686,860508.4460640392,41822.24731467273,852302.2269839388,41453.678666353335,844251.0462249179,41091.54946915255,836350.5512446271,40735.69242414327,828596.5509144437,40385.94597794501,820985.008105685,40042.15407817447,813512.0326807263,39704.1659412812,806173.8748634483,39371.835832042816,798966.9189652897,39045.02285404225,791887.6774448337,38723.590750494135,784932.785280436,38407.40771482896,778098.9946368105,38096.346210481555,771383.1698078098,37790.28279936657,764782.2824188652,37489.09797855602,758293.4068736559,37192.67602470513,751913.7160306267,36900.904845800935,745640.4770959334,36613.675839834585,739471.0477202786,36330.88376002308,733402.8722879239,36052.426586229056,727433.4783869343,35778.205402248524,721560.473450407,35508.12427865669,715781.5415591042,35242.09016092009,710094.4403965068,34980.01276250113,704496.9983478844,34721.804462697,698987.1117354942,34467.38020896999,693562.7421825143,34216.65742354073,688221.9140987718,33969.555914028744,682962.7122817524,33725.99778793711,677783.2796267687,33485.907370789806,672681.8149405395,33249.21112774097,667656.5708527687,33015.83758848541,662705.8518206403,32785.717275309406,657828.0122214402,32558.782634129537,653021.4545287973,32334.967968375935,648284.6275683006,32114.20937558372,643616.0248484868,31896.44468656449
1.7993987975951902,993815.683510517,47731.44664294875,982904.5729329347,47252.775467416825,972230.4468465331,46783.60960341091,961785.6673993473,46323.66870393106,951562.9214679791,45872.68333928135,941555.2035815209,45430.39447076521,931755.799911816,44996.55295453661,922158.2732531641,44570.91907361046,912756.4489208623,44153.26209618517,903544.4015036614,43743.35985856735,894516.4424104191,43340.998371114634,885667.108155948,42945.97144572815,876991.1493353711,42558.08034353192,868483.5202402336,42177.133441474616,860139.3690732052,41802.945916678356,851954.0287215024,41435.33944744198,843923.008052163,41074.14192988298,836041.9836950547,40719.18720927147,828306.7922820372,40370.31482517564,820713.4231129987,40027.36976959692,813258.0112216263,39690.20225732914,805936.8308157211,39358.66750782713,798746.2890686623,39032.625537916785,791682.9202402896,38711.940964723806,784743.380106986,38396.48281823771,777924.4406821551,38086.12436296601,771222.9852095845,37780.742928168715,764636.0034133763,37480.21974619483,758160.5869892357,37184.43979847385,751793.9253229353,36893.29166874223,745533.3014227037,36606.6674031116,739376.0880531796,36324.462376609605,733319.7440593673,36046.575165846494,727361.8108697931,35772.907427482074,721499.9091687484,35503.36378218713,715731.7357281611,35237.85170381155,710055.0603902303,34976.28141348871,704467.7231925207,34718.56577842142,698967.6316277309,34464.62021510992,693552.7580308329,34214.36259679588,688221.1370867274,33967.71316490984,682970.8634519819,33724.59444432149,677800.0894846014,33484.931162203524,672707.0230761529,33248.650170330686,667689.9255809,33015.68037064545,662747.1098369168,32785.952643931225,657876.9382744546,32559.399781442866,653077.8211071037,32335.956419352264,648348.2146015514,32115.558975874876,643686.6194219845,31898.145590949985
1.804008016032064,993060.574296121,47694.79338690707,982184.3089126713,47217.6596840874,971543.7020766833,46749.97781697869,961131.1767725791,46291.46968425909,950939.4773671969,45841.86798874207,940961.652749112,45400.91571775234,931191.0405184063,44968.3656532055,921621.2521513251,44543.979909429356,912246.1590703968,44127.52949691107,903059.8795561946,43718.79391028945,894056.7664420004,43317.56073903463,885231.3955372772,42923.625299370826,876578.5547300809,42536.79028610236,868093.233722408,42156.86544309808,859770.6143559994,41783.667251278435,851606.061489356,41417.01863302975,843595.1143896629,41056.748672045695,835733.4786060391,40702.69234766447,828017.0182929998,40354.69028283436,820441.7489552995,40012.58850489874,813003.8305874157,39676.23821844638,805699.5611828556,39345.49558952284,798525.3705902322,39020.221540545615,791477.8146946866,38700.28155530862,784553.569904735,38385.545493501704,777749.4279259962,38075.88741420778,771062.2908045343,37771.18540787476,764489.1662237258,37471.32143629133,758027.163039654,37176.18118012523,751673.4870410329,36885.65389361032,745425.4369205965,36599.63226599441,739280.4004457511,36318.01228938384,733235.850817087,36040.69313264264,727289.3432040823,35767.577021025325,721438.5114480252,35498.56912124132,715681.0649228059,35233.577431667305,710014.7855448386,34972.51267744041,704437.5249239038,34715.288210180915,698947.2016472297,34461.819912107996,693541.7986895958,34212.026104325436,688219.3609426911,33965.82745906745,682977.9928573681,33723.14691570631,677815.8561928188,33483.909600335246,672731.1678670606,33248.04274875002,667722.1979034493,33015.4756326631,662787.2674682529,32786.13948899296,657924.746994608,32559.96745208012,653133.0543884579,32336.89448868967,648410.6533123192,32116.857335667337,643756.0515429695,31899.794440123744
1.8086172344689377,992307.7379012988,47658.25178068347,981466.1235548472,47182.64693361053,970858.8523824678,46716.440875099615,960478.4075766103,46259.357726180155,950317.5904083252,45811.132300288555,940369.5035787598,45371.50959022412,930627.5356054953,44940.24428436471,921085.3461694524,44517.10031021325,911736.8523541219,44101.85040349082,902576.2157143572,43694.275701123384,893597.8301169693,43294.16535659095,884796.3102999078,42901.31617621833,876166.4811009652,42515.53227508968,867703.3673107403,42136.624751362324,859402.1841080516,41764.411377842356,851258.3280391643,41398.71630976372,843267.3685050987,41039.369807786556,835425.0397239444,40686.207975297795,827727.2331375383,40339.07250915988,820169.9902341138,39997.81046311131,812749.4957605703,39662.27402307589,805462.0712999125,39332.32029368743,798304.1691911395,39007.81109538191,791272.366770475,38688.61277145207,784363.3609142911,38374.59600449817,777573.9628654496,38065.63564174548,770901.0933260355,37761.6105287328,764341.7778006135,37462.40335090769,757893.1421752151,37167.90048269318,751552.4085182501,36877.99184361825,745316.8910904526,36592.570761129304,739183.9925518223,36311.53383972326,733151.2003543052,36034.780836065285,727216.0833096921,35762.21453977416,721376.2883228791,35493.740659577394,715629.5372812763,35229.26771455609,709973.6240917183,34968.70693021605,704406.4118567877,34711.972139137055,698925.8301829525,34458.97968596665,693529.8726133966,34209.64833653867,688216.5941788575,33963.899190908734,682984.1090601882,33721.65560011149,677830.5883567424,33482.84308645479,672754.2579550388,33247.38926717699,667753.396492482,33015.2237813027,662826.333411232,32786.27821954202,657971.4470976018,32560.4860570863,653187.1631026291,32337.78258916178,648471.9524397175,32118.104869210194,643824.3299554846,31901.391649571888
1.8132264529058115,991557.1624864915,47621.82123465168,980750.0065607319,47147.736695151565,970175.8888967268,46682.9983212751,959827.3522745622,46227.33243337383,949697.2542908102,45780.47593389626,939778.7509190342,45342.175800825506,930065.2810897997,44912.188609939614,920550.5522171768,44490.280083999474,911228.5266046481,44076.22466711001,902093.4086687032,43669.80512262987,893139.6329233123,43270.81215312356,884361.8526729306,42879.04404095883,875754.9293657644,42494.30630825297,867313.9225627542,42116.41139496322,859034.0804811228,41745.17835400199,850910.8310744623,41380.432562335525,842939.7736141728,41022.00544709687,835116.6707396848,40669.7342258108,827437.4409472888,40323.46165988931,819898.1514895976,39983.035820613775,812495.0116596919,39648.30986687175,805224.3664358412,39319.1418339655,798082.6904644278,38995.39443285392,791066.5823602522,38676.93485923165,784172.7593048606,38363.634611887355,777398.0519248748,38055.36931981929,770739.3994335321,37752.01857761973,764193.8450197922,37453.46578867014,757758.5314704129,37159.59801571837,751430.69701138,36870.30583843558,745207.6713559756,36585.48321757518,739086.8719476,36305.02736537998,733065.800386246,36028.8386219044,727142.0390282325,35756.82033693929,721313.2477494825,35488.87875724565,715577.1608632305,35224.92291882046,709931.584183643,34964.86454393498,704374.3922273484,34708.61794270034,698903.5255453808,34456.099918930144,693516.9881785034,34207.22968008261,688212.845229303,33961.92875107758,682989.2205448557,33720.120891795275,677844.294504128,33481.732018074494,672776.3019046368,33246.690126038506,667783.5299432084,33014.92521958595,662864.3162859875,32786.369240893706,658017.0472231228,32560.956003786472,653240.1559038328,32338.621129836196,648532.1206477908,32119.30198706184,643891.4633290089,31902.937631106583
1.8178356713426853,990808.8362991107,47585.50116358658,980035.9477027173,47112.92845156508,969494.8028089607,46649.64970204094,959178.0033730218,46195.393411951336,949078.4627455265,45749.89855141794,939189.3896389548,45312.91406356878,929504.2728984769,44884.19839275405,920016.8672054475,44463.51903929264,910721.1796475969,44050.652139025355,901611.4570952342,43645.382066076825,892682.174327581,43247.50105734541,883928.0228577469,42856.808857346914,875343.9004088512,42473.11238213654,866924.9009974516,42096.22540112409,858666.3055837839,41725.96823568074,850563.5732513705,41362.16747351247,842612.3328813566,41004.655697846414,834808.375289505,40653.27123054131,827147.6457961217,40307.85788829413,819626.2372013627,39968.26475117039,812240.3831403479,39634.345942737484,804986.451794338,39305.960421128126,797860.9399359131,38982.971780405096,790860.4672876388,38665.24806163966,783981.7711751335,38352.661573153935,777221.7014567656,38045.088719412764,770577.2157134294,37742.409838083346,764045.3746829648,37444.509044811435,757623.3379248271,37151.274085291116,751308.3597015748,36862.59619423121,745097.7850646256,36578.369960846474,738989.0461325618,36298.49320052375,732979.65855102,36022.86683233505,727067.2181239177,35751.39476208908,721249.3976064136,35483.983770631276,715523.9436506191,35220.54340711942,709888.6738956381,34960.98588701842,704341.4741940413,34705.225994572385,698880.2959673662,34453.18098952643,693503.1536837007,34204.77051788379,688208.1224508197,33959.91652649602,682993.3357187472,33718.54318129539,677856.9830859834,33480.57678898992,672797.3082039831,33245.945722050805,667812.6067747836,33014.58034683208,662901.2246369936,32786.41295467086,658061.5559356232,32561.377695825126,653292.0413715021,32339.410516113403,648591.166526277,32120.449096128526,643957.4602592108,31904.432792904154
1.822444889779559,990062.7476727193,47549.29098662191,979323.9368236985,47078.22168936182,968815.5853648916,46616.39456694211,958530.3534217622,46163.54027043796,948461.2095346408,45719.39981657264,938601.414627983,45283.72409382865,928944.5069692323,44856.273396530734,919484.2880467424,44436.81698507017,910214.809301901,44025.13267057465,901130.3596557796,43621.00642245326,892225.4537753462,43224.231997360024,883494.8210285867,42834.610588224285,874933.3950818013,42451.95049209347,866536.3040959353,42076.06679562196,858298.8614820819,41706.781077122025,850216.5571792987,41343.92112416816,842285.0494206293,40987.320665815816,834500.1569557443,40636.819118559586,826857.8517009317,40292.26134521559,819354.251789285,39953.49742596707,811985.6149959012,39620.382440863716,804748.3325146883,39292.776263111446,797638.9230650377,38970.54336253346,790654.0273081445,38653.55261862322,783790.4025541558,38341.677142647706,777044.917742629,38034.794108293965,770414.5486799752,37732.78459038394,763896.3735186661,37435.533411212724,757487.5684640076,37142.92899409317,751185.4036952284,36854.86322371559,744987.2394885011,36571.23131295545,738890.5225303323,36291.931675784224,732892.7824105022,36016.865805959766,726991.6282844346,35745.938161191814,721184.7456955236,35479.05605249644,715469.8935485445,35216.1295384703,709844.9012258347,34957.07132423134,704307.665838448,34701.79666478749,698856.1496049684,34450.22327260851,693488.3773511216,34202.27122918929,688202.4341237388,33957.86290040495,682996.4629130152,33716.922855469486,677868.662477374,33479.37778932006,672817.2852655844,33245.15644825931,667840.6354310947,33014.18955869726,662937.066933845,32786.40975884304,658104.9817250927,32561.751533204955,653342.8280110487,32340.15114976517,648649.0985913577,32121.546599702368,644022.3292686903,31905.87753954272
1.8270541082164327,989318.8850262266,47513.190127208785,978613.9638364656,47043.61589867589,968138.2278660296,46583.232468508315,957884.395013468,46131.77261975567,947845.4884514796,45688.979394935035,938014.8207960168,45254.60560833746,928385.9792504262,44828.41338589202,918952.8116552759,44410.17373078771,909709.4133801005,43999.66611318651,900650.1149983731,43596.67808248311,891769.4706916454,43201.00490067878,883062.247333018,42812.44919554027,874523.4142039611,42430.82063230903,866148.133302024,42055.93560281346,857931.7502001971,41687.61693091751,849869.7854216426,41325.69359331259,841957.9262962043,40970.000454728484,834192.0192675933,40620.3780167019,826568.062622417,40276.6721790997,819082.1996143076,39938.734013647685,811730.7119583291,39606.419548765494,804510.0136726008,39279.58956505488,797416.6452457175,38958.10940083067,790447.2681100218,38641.848767124,783598.6594021909,38330.6815716237,776867.7069938508,38024.48575105615,770251.404776131,37723.143111535355,763746.8481831374,37426.5391764448,757351.229940348,37134.563041439455,751061.8360248505,36847.10723618245,744876.0418252104,36564.067592454005,738791.3084895547,36285.3431182928,732805.1794511955,36010.83587785027,726915.2771218056,35740.450876657414,721119.2997427919,35474.09595202199,715415.018386111,35211.68166829036,709800.274096312,34953.12121672375,704272.9751661135,34698.33031975385,698831.0945382863,34447.22713939542,693472.6673270694,34199.73218960737,688195.7884527451,33955.76825240464,682998.6103833965,33715.2602975353,677879.3409782212,33478.135405547124,672836.2414271147,33244.32269407803,667867.6242815435,33013.7532472138,662971.851572028,32786.36004776529,658147.3330078196,32562.07791232527,653392.5242546174,32340.84342897262,648705.9252864054,32122.594897499,644086.0788077153,31907.272272039474
1.8316633266533064,988577.236863084,47477.198013074274,977906.0187230941,47009.11057323228,967462.7216692389,46550.162962229275,957240.1207834572,46100.09007320574,947231.2933203895,45658.63695392443,937429.6030733759,45225.5583251802,927828.6857011702,44800.61812636004,918422.4349471944,44383.589086384236,909204.9896886294,43974.252318389896,900170.721757619,43572.396936638404,891314.2244814174,43177.819694237674,882630.3018924446,42790.32464037176,874113.9585629993,42409.72279582332,865760.3900228526,42035.831845659995,857564.9737210867,41668.47584803451,849523.2604964634,41307.484958121706,841630.9665232444,40952.69516628195,833883.9657018349,40603.94804960332,826278.2824658453,40261.09053603144,818810.0849792268,39923.9746803494,811475.678699025,39592.457451318776,804271.5002810243,39266.400529338505,797194.111807169,38945.67011402015,790240.1953151061,38630.13674111711,783406.5476115668,38319.67510828178,776690.0753525492,38014.163909157665,770087.7903744272,37713.48567534523,763596.8052611834,37417.52662580876,757214.3291339439,37126.17652331882,750937.6636499241,36839.3285375497,744764.1991987284,36556.879114474694,738691.411284743,36278.727851723794,732716.857085082,36004.77737958865,726838.1721732338,35734.933247378496,721053.0673991682,35469.103814848364,715359.3259172611,35207.20014843754,709754.8003539287,34949.13592207137,704237.4101073684,34694.827322293866,698805.138772274,34444.19295751234,693456.0316828272,34197.153771147525,688188.1935676786,33953.632958494345,682999.7863110044,33713.55588710999,677889.0268140878,33476.85002055566,672854.184952192,33243.44484532841,667893.5816218134,33013.27180082854,663005.586873681,32786.26421221626,658188.6181271425,32562.35722601972,653441.1384618274,32341.4877483636,648761.6549827136,32123.59438569463,644148.7172549446,31908.617387887338
1.8362725450901802,987837.7917705006,47441.314076180824,977200.091534352,46974.705210314874,966789.0581863144,46517.1856065306,956597.5234094108,46068.492246451635,946618.6179966053,45628.372162794134,936845.7564107924,45196.581963789555,927272.6222914291,44772.887384357135,917893.1548407773,44357.06286228705,908701.5360281016,43948.891137823266,899692.1785550541,43548.16287515254,890859.7145299368,43154.67630441397,882198.9848026001,42768.23688294284,873705.0289154553,42388.65697455387,865373.0756294695,42015.75554575285,857198.5339871236,41649.35787784334,849176.9848771624,41289.295293966614,841304.1730685666,40935.40490017883,833575.99968358,40587.529339730376,825988.515081813,40245.516559768694,818537.91212947,39909.2195897379,811220.5198295965,39578.49633079662,804032.7972909586,39253.20935562025,796971.328014734,38933.225717995025,790032.8144796466,38618.41677164959,783214.0730075156,38308.65799780561,776512.028892418,38003.8288409616,769923.7117778134,37703.81255245502,763446.2512670243,37408.49604137627,757076.8727534461,37117.76973243451,750812.8934577579,36831.52743040014,744651.7186602474,36549.66619077151,738590.8381171309,36272.086196335076,732627.822650468,35998.69063930804,726760.3209019451,35729.38560877108,720986.0562414078,35464.0799831162,715302.8238216058,35202.68532725103,709708.4877711465,34945.11579431595,704200.9785181491,34691.28803168443,698778.2902375518,34441.12109103061,693438.4784154614,34194.536342260086,688179.6575243298,33951.45739111175,682999.9988031178,33711.81000024933,677897.7281369576,33475.522013671354,672871.1240311501,33242.52328427785,667918.5156746333,33012.745604441094,663038.281088349,32786.12263943602,658228.8453541965,32562.58986359386,653488.6789205101,32342.08449904983,648816.2959802282,32124.545456962805,644210.2529181486,31909.91328109137
1.840881763527054,987100.5384186555,47405.53775268584,976496.1723890989,46940.39931073449,966117.228883552,46484.299962749596,955956.5956110961,46036.978757501805,946007.4563661077,45598.18469262055,936263.27577939,45167.67624494078,926717.7850021075,44745.2209272058,917364.9682566185,44330.59486941658,908199.0501935823,43923.58242324366,899214.483999499,43523.97578803291,890405.940203229,43131.57465704227,881768.2961340268,42746.18588264408,873296.6259872719,42367.62315931751,864986.1914574148,41995.70672333753,856832.4329007168,41630.263068143766,848830.9609931404,41271.12467444211,840977.5488513333,40918.129754157075,833268.1245869832,40571.122007412785,825698.764266986,40229.95039177543,818265.6852538581,39894.46890304169,810965.2399026435,39564.53636690457,803793.9095922482,39240.016240872115,796748.2990706835,38920.77642585522,789825.1310951221,38606.68908687823,783021.2413489949,38297.630482401095,776333.573619556,37993.48080177447,769759.1752204878,37694.1240103791,763295.1926451289,37399.44770202897,756938.8674368946,37109.34295824389,750687.5322643204,36823.704214021294,744538.6071890098,36542.42912975982,738489.5961155028,36265.41846900821,732538.0834128112,35992.57598173271,726681.7306980104,35723.808292814574,720918.2737728908,35459.024795506244,715245.5197052384,35198.13754959088,709661.3440468395,34941.06118400482,704163.6881807978,34687.71280369624,698750.5567912015,34438.01190050687,693420.0154486105,34191.880267875225,688170.1883052225,33949.241919171676,682999.2558939541,33710.02300948611,677905.4530260023,33474.15176069921,672887.0667817971,33241.5583896775,667942.4345905266,33012.175039441354,663069.942393724,32785.93571316332,658268.0228886456,32562.77621086194,653535.1538474322,32342.634068663436,648869.8565082602,32125.448500510567,644270.6940349141,31911.16034220458
1.8454909819639278,986365.4655599316,47369.86848290216,975794.2514737069,46906.19237879779,965447.2252813342,46451.50559511169,955317.3301500992,46005.54922669301,945397.8023454914,45568.0742162927,935682.1561706725,45138.840890746855,926164.1698251459,44717.61852312898,916837.8721178207,44304.18491919107,907697.5299748642,43898.32602653548,898737.6366874069,43499.83556507359,889952.9008484912,43108.5146774306,881338.2359325539,42724.17159805158,872888.7504743253,42346.621339852194,864599.7388073,41975.685397338006,856466.6723249308,41611.19146519156,848485.191230451,41252.97317139505,840651.0967437382,40900.8698240201,832960.3437359581,40554.7261708751,825409.0337648361,40214.39217125466,817993.4084853623,39879.7227790863,810709.8434125319,39550.57773681587,803554.8420143704,39226.82137941627,796525.030115018,38908.32244794429,789617.1505890499,38594.95391210705,782828.0583295048,38286.592801334344,776154.7154732888,37983.120043884795,769594.186868725,37684.42031354368,763143.6357710436,37390.38188349769,756800.3197525482,37100.89648699777,750561.5868150705,36815.8591844449,744424.8716931368,36535.16823655599,738387.6923370201,36258.72498328806,732447.6465655445,35986.43372821768,726602.408879166,35718.20162809136,720849.7274244374,35453.93858727889,715187.4211015444,35193.55715687761,709613.3768070966,34936.97243823027,704125.5468048612,34684.101990632946,698721.9462175579,34434.86574302198,693400.650633268,34189.18590944163,688159.793820389,33946.98690810451,682997.565545438,33708.19528386831,677912.2094883407,33472.73963396138,672902.0212501665,33240.55053679985,667965.3464485569,33011.56048374671,663100.5788963822,32785.70381367245,658306.1588594101,32562.916650183543,653580.5713890168,32343.136841393145,648922.3447261987,32126.303902114367,644330.0487733493,31912.358958363413
1.8501002004008014,985632.5620281467,47334.30571125839,975094.3190414743,46872.08392227588,964779.0389537086,46418.80207070659,954679.7198295523,45974.20327667323,944789.6498818222,45538.04040850135,935102.3925964986,45110.07562465306,925611.7727636005,44690.07994124967,916311.8633501685,44277.83282353087,907196.9731567267,43873.12179971896,898261.6352032009,43475.742095867456,889500.5957944932,43085.4962903758,880908.804219758,42702.19398694529,872481.4030429414,42325.651504838046,864213.7189453666,41955.69158538015,856101.2540840883,41592.143113724,848139.6779324395,41234.8408549519,840324.8195716749,40883.62520366602,832652.6604048727,40538.34194626749,825119.3272663621,40198.84203518055,817721.0859018442,39864.98137432752,810454.3347961509,39536.620615205764,803315.599327206,39213.624962960304,796301.5262262508,38895.863991885366,789408.8783257771,38583.21146982391,782634.5295778882,38275.54519096892,775975.460326973,37972.74681660074,769428.7528216852,37674.701723324826,762991.5869522042,37381.29885840076,756661.236199699,37092.43060177907,750435.0637857692,36807.992634485745,744310.5190104402,36527.883813016306,738285.13376803,36252.00604942176,732356.519230883,35980.264196787706,726522.3626916168,35712.56593982575,720780.424555107,35448.82169031302,715128.5354719956,35188.944487130764,709564.5936060112,34932.84990066806,704086.5620278722,34680.455941369524,698692.466228984,34431.68297221924,693380.391748553,34186.453624964444,688148.481908132,33944.692719893945,682994.9356479574,33706.32718899655,677918.0054597878,33471.286002334404,672915.9954112589,33239.500097475655,667987.2592570584,33010.90231183875,663130.1986325079,32785.42731780956,658343.2613253832,32563.01156049951,653624.9396220491,32343.593198019968,648973.7687242088,32127.112044155303,644388.3252327719,31913.509513322773
1.8547094188376752,984901.8167378019,47298.84888626029,974396.3654120532,46838.07345237382,964112.661527977,46386.18895946503,954043.7574938682,45942.94053238517,944182.992952503,45508.08294572847,934523.980089063,45081.38017143211,925060.5898317305,44662.60495159097,915786.9388823077,44251.53839486295,906697.377519198,43847.969594958624,897786.4781196084,43451.695269818214,889049.0243519798,43062.5194201789,880480.0009934253,42680.25300632747,872074.5843304062,42304.71364191838,863828.1331040465,41935.72530381518,855736.1799643665,41573.11805698548,847794.4234003767,41216.727793546124,839998.7201154028,40866.395985116724,832345.0778192409,40521.969447696276,824829.6484108032,40183.30011833031,817448.7215267898,39850.2448428845,810198.7184336638,39522.66517428557,803076.1862418045,39200.42718063216,796077.7924221832,38883.40126261695,789200.3196072693,38571.46197973697,782440.660659124,38264.48788480277,775795.8139887973,37962.36136628753,769262.8791122169,37664.96849808629,762839.052428742,37372.198896282156,756521.6232094781,37083.945582541084,750307.9697832876,36800.104853780096,744195.5559092289,36520.576157775475,738181.9273248714,36245.26197439731,732264.7084606244,35974.06770217588,726441.5993108334,35706.90154992256,720710.37245299,35443.674433144486,715068.870206938,35184.29987500747,709515.0019264632,34928.693911615694,704046.741416128,34676.77500139043,698662.1244666422,34428.46393834229,693359.2465024738,34183.683769043026,688136.2603357834,33942.35971311442,682991.3740211125,33704.419087061324,677922.8488055967,33469.791231286115,672928.997169776,33238.40744013054,668008.1809543645,33010.20089479942,663158.809568612,32785.10659902869,658379.3382761412,32563.061317367687,653668.2665543796,32344.00351595254,649024.1365239257,32127.873305654186,644445.5314443968,31914.612387490593
1.859318637274549,984173.2186833317,47263.49746045214,973700.3809708782,46804.16048369996,963448.0846842837,46353.66583413559,953409.4360284698,45911.760621049536,943577.8255651318,45478.20150623657,933946.9137008719,45052.75425717873,924510.6170550735,44635.19332507557,915263.0956459149,44225.3014461247,906198.7408378066,43822.869264571185,897312.1639979865,43427.69497615205,888598.1858140607,43039.58399065995,880051.8262279981,42658.34861244033,871668.2949454655,42283.80773772012,863442.9824825038,41915.78656774239,855371.4517143826,41554.116336752304,847449.4298940763,41198.63405394495,839672.8011101946,40849.18225854633,832037.5991563979,40505.60878725391,824540.0007863377,40167.76655331546,817176.3193300278,39835.513336572105,809942.998649244,39508.71158383609,802836.6074111344,39187.22821901441,795853.8336606683,38870.9344624279,788991.4796738785,38559.705658810264,782246.4570751057,38253.42111350443,775615.7822025662,37951.96393640409,769096.5717076461,37655.22089321647,762686.0383742746,37363.082263648765,756381.4871456475,37075.44170614503,750180.3113463997,36792.196128823445,744079.9890891002,36513.24556628453,738078.0798546636,36238.49306198153,732172.2212369371,35967.84455586161,726360.1258423362,35701.208777005,720639.5783359892,35438.497141004016,715008.4326263668,35179.62365184006,709464.6091808894,34924.50480803004,704006.0924654534,34673.05951282701,698630.9285012528,34425.20898827233,693337.2225326791,34180.87669290792,688123.1368004475,33939.98824296793,682986.8884144534,33702.47133687954,677926.747321188,33468.25568291192,672941.0343608427,33237.27292982105,668028.1194095209,33009.45660034695,663186.4196022385,32784.74202742715,658414.3976326425,32563.066292997966,653710.5601256153,32344.368169261896,649073.4560791384,32128.588062306004,644501.6753720097,31915.667957962065
1.8639278557114227,983446.7569383697,47228.25089037892,973006.3561686059,46770.34453423607,962785.300155212,46321.23227026181,952776.7483595292,45880.663172148794,942974.1417573651,45448.39577005825,933371.1885047172,45024.19760930457,923961.8504705242,44607.84483352554,914740.3305758649,44199.12179076822,905701.0608838307,43797.820661033686,896838.6913886435,43403.74110392922,888148.0794565956,43016.68992517287,879624.2798750184,42636.48076078382,871262.535468819,42262.933777874,863058.2682471758,41895.87539103171,855007.0710457729,41535.13799335737,847104.6996325098,41180.55970127586,839347.0652469823,40831.98411230931,831730.2275461716,40489.26007504853,824250.3879307776,40152.24147061266,816903.8832284438,39820.78700493298,809687.1797118034,39494.760011240636,802596.8674308262,39174.02826217816,795629.6548403635,38858.46379099214,788782.3637051102,38547.94272129912,782051.9242654128,38242.34510494891,775435.3706484764,37941.55476753943,768929.8365105569,37645.459161165214,762532.5508966894,37353.94922400743,756240.8343053872,37066.91924639736,750052.0949465664,36784.26674300791,743963.8251817236,36505.892330848386,737973.5981360886,36231.699612757606,732079.0644731391,35961.59506610819,726277.9493224726,35695.48793645231,720568.0493525917,35433.290135854666,714947.2299806952,35174.916145673575,709413.4227120463,34920.282923564635,703964.6226019579,34669.30981449458,698598.8858338445,34421.91846556513,693314.3274072033,34178.03274445766,688109.1189297396,33937.57866132055,682981.4865082115,33700.48429393079,677929.7087328746,33466.679715970815,672952.1147507239,33236.09692827032,668047.0824229959,33008.66979287114,663213.0365626665,32784.33396978069,658448.4472479216,32563.026856287153,653751.828207805,32344.68752871599,649121.735276467,32129.256686514025,644556.7649126374,31916.67659855339
1.8685370741482965,982722.4206550136,47193.10863654857,972314.281520554,46736.625125307386,962124.2997253772,46288.8878461594,952145.6874536991,45849.64781741063,942371.9355967765,45418.665418985576,932796.7995936498,44995.709956532904,923414.2861264047,44580.55924966169,914218.6406103929,44172.99924276391,905204.3354245386,43772.82363699102,896366.0588311511,43379.83354205507,887698.7045385714,42993.837146619626,879197.3618635602,42614.64940613267,870857.3064536026,42242.09174703428,862673.9915322991,41875.99178634568,854643.0396337566,41516.18306571419,846760.2347944065,41162.50479905248,839021.5151729857,40814.80163296803,831422.966071539,40472.923419233004,823960.8133322471,40136.7249985941,816631.4170866774,39806.06599526898,809431.2658357089,39480.810621517485,802356.9708399008,39160.82749171637,795405.2608014732,38845.98944540264,788572.9768203711,38536.17337878478,781857.067608069,38231.26008425293,775254.5849438807,37931.13409744828,768762.6793595587,37635.68355147981,762378.5960389152,37344.800037901354,756099.6709200655,37058.37847408633,749923.3269887097,36776.31697665907,743847.0707516144,36498.516740662664,737868.4888801619,36224.88192416212,731985.2450144674,35955.31953799979,726195.0767191799,35689.73934043666,720495.7925826292,35428.053736428774,714885.2694515089,35170.17768130252,709361.4497937605,34916.02858860633,703922.3391827818,34665.52624192907,698566.0038964943,34418.59271048732,693290.5686251991,34175.152268294856,688094.2142825132,33935.13131673836,682975.1759140193,33698.45831039303,677931.740698575,33465.06368592083,672962.2460375312,33234.87979390329,668065.0777273781,33007.84083346828,663238.6682116013,32783.88278957807,658481.4949077715,32562.943372853242,653792.0786061147,32344.96196181363,649168.9819360297,32129.879547423567,644610.8078972072,31917.638679835174
1.8731462925851703,982000.1990631059,47158.070163394936,971624.1476061492,46703.00178155322,961465.0752310292,46256.63214289372,951516.246317852,45818.71419079188,941771.2011807178,45389.0101365596,932223.7420809473,44967.291028893305,922867.9200825344,44553.33634710299,913698.0226912503,44146.933616604125,904708.5622234261,43747.87804526345,895894.2648546523,43355.972179291144,887250.060302472,42971.02557746441,878771.072100656,42592.85450255331,870452.6084258646,42221.28162889823,862290.153440429,41856.135765161234,854279.3591176971,41497.251591340704,846416.0375188456,41144.46940920015,838696.1534923358,40797.634905319996,831115.8177692734,40456.59892603352,823671.2804298521,40121.217263557344,816358.9247178123,39791.3504526722,809175.2611814879,39466.86357735187,802116.9221214908,39147.626086776734,795180.6563264786,38833.51162020511,788363.3240797115,38524.39784020869,781661.89242029,38220.16627380969,775073.4306440428,37920.70216108639,768595.1060300462,37625.89431084065,762224.1797796818,37335.634962945966,755958.0031560026,37049.81965701811,749794.0138119737,36768.34710707222,743729.7322968938,36491.11908185019,737762.7587309934,36218.0402905215,731890.7696388344,35949.018273477974,726111.5149327418,35683.963297959715,720422.8150380297,35422.788258264394,714822.5581523152,35165.408580307245,709308.6976316716,34911.742130311555,703879.2494968328,34661.709127423026,698532.2900530581,34415.232060052345,693265.9536176632,34172.235605761976,688078.4303495777,33932.64655452299,682967.9641756226,33696.39373517787,677932.8508085172,33463.40794495405,672971.4358519192,33233.62188188149,668082.1129880673,33006.97007997572,663263.3222438567,32783.388847055285,658513.5483314195,32562.816205069346,653831.3190594962,32345.19183281817,649215.2038121045,32130.4570109552,644663.8120911993,31918.554569165404
1.8777555110220439,981280.0814695202,47123.13493924113,970935.9450683831,46669.4740308978,960807.6185596569,46224.464744257544,950888.4179988208,45787.861928462415,941171.9326361805,45359.42960806004,931652.0111000879,44938.94055771636,922322.7484102985,44526.17590036595,913178.4737638625,44120.92472730682,904213.7390404501,43722.98373885398,895423.3079781643,43332.1569042658,886802.1459746434,42948.25513974745,878345.410471718,42571.09600342058,870048.4418850356,42200.50340622515,861906.7550429535,41836.30733779101,853916.0311016517,41478.34360638261,846072.1099058425,41126.453592081154,838370.9827666893,40780.48401242455,830808.7856305862,40440.28669977786,823381.792614345,40105.7183897548,816086.4098840598,39776.64052005554,808919.1698565264,39452.91903912754,801876.7257035519,39134.424224094044,794955.8461408628,38821.030507431125,788153.4104845583,38512.61631190628,781466.4039592248,38209.06389332325,774891.9132428833,37910.25919064527,768427.1222349488,37616.09168309639,762069.308034275,37326.45425386441,755815.837115225,37041.243060052584,749664.1616904824,36760.35740854831,743611.8162500459,36483.69963749699,737656.4142665403,36211.175003088116,731795.6450575807,35942.691571377894,726027.2707965365,35678.16011488869,720349.1236635625,35417.49401374135,714759.1031292814,35160.60916108993,709255.1733639676,34907.42387264221,703835.3607655164,34657.85880006138,698497.7515998962,34411.836848056046,693240.4897481556,34169.2830949767,688061.7745544122,33930.12471674668,682959.858769586,33694.29091396552,677933.0465859385,33461.712842031324,672979.6917577793,33232.32354413738,668098.1958039595,33006.05788700591,663287.0062880331,32782.85249922943,658544.6151721982,32562.645712097245,653869.5572413483,32345.377502790725,649260.408593782,32130.989439837755,644715.7851952945,31919.424630722035
1.8823647294589176,980562.057257455,47088.302436263104,970249.6646132702,46636.04140452138,960151.9216495942,46192.385236748916,950262.1955831372,45757.090668789206,940574.1241196551,45329.92352049476,931081.6018047144,44910.65827562831,921778.7671927107,44499.07768486378,912659.9907774761,44094.97239041873,903719.863632254,43698.14057095535,894953.1867108729,43308.38760548475,886354.9607656504,42925.5257550985,877920.3768409471,42549.373861433865,869644.8073043867,42179.75706085524,861523.7973805948,41816.50651340432,853553.0571549113,41459.45914563634,845728.4540169204,41108.457406519396,838046.0055158313,40763.34903562925,830501.8726017534,40423.98684292306,823092.3532287726,40090.22849942275,815813.8762974256,39761.93633818284,808662.9959157548,39438.97716495784,801636.3859595619,39121.22207802217,794730.8349138203,38808.54629663071,787943.2409784341,38500.82899764022,781270.6074226811,38197.95315984229,774710.0381737114,37899.8054155865,768258.7336254672,37606.275909298565,761913.986655275,37317.258162522485,755673.1788362075,37032.648945138455,749533.776834079,36752.34815242927,743493.3289786571,36476.25868768775,737549.4619993474,36204.28635007587,731699.8779162118,35936.33972746373,725942.3510777714,35672.330093991965,720274.7253375682,35412.171312116734,714694.9113619633,35155.77973890999,709200.8840621068,34903.07413640091,703790.6801434527,34653.97558575658,698462.3957665851,34408.407405111604,693214.1843135039,34166.295070866734,688044.2542538638,33927.566142287025,682950.8671059868,33692.150189239124,677932.3354877725,33459.978722916356,672987.0212529176,33230.985129408364,668113.333708119,33005.10460598011,663309.7279071832,32782.27409993206,658574.7030182024,32562.432249920465,653906.8007601696,32345.519329622937,649304.6039056111,32131.47719364081,644766.73484601,31920.24922553526
1.8869739478957914,979846.1158857332,47053.57213045381,969565.2970093095,46602.7034368317,959497.9764896298,46160.39320954924,949637.5721967734,45726.400052320394,939977.7698169886,45300.49156258942,930512.5093685994,44882.4439165456,921235.972524471,44472.04147690547,912142.570685304,44069.076422018676,903226.933752389,43673.34839495694,894483.899552422,43284.66417134121,885908.5038706254,42902.83734475005,877495.9710517382,42527.68802863308,869241.7051314827,42159.04257372785,861141.2814639033,41796.73330004774,853190.4388125332,41440.598242571556,845385.0718756762,41090.4809098247,837721.2242182682,40746.23005459573,830195.081584736,40407.69945608271,822802.965569119,40074.7477128098,815541.3276203701,39747.23804569843,808406.7433623229,39425.03811071626,801395.90720921,39108.01982056539,794505.6272589572,38796.05917490458,787732.8204476668,38489.036098633216,781074.5079498454,38186.83428779344,774527.8108099501,37889.34106267542,768089.9457918021,37596.44722773573,761758.2214332881,37308.04693796308,755530.0342946051,37024.0375713479,749402.8653890614,36744.319607132835,743374.2767861509,36468.79650954078,737441.9083772794,36197.374616695175,731603.4747951285,35929.96303446389,725856.7624782097,35666.4735349741,720199.626872684,35406.820459559975,714629.9897640242,35150.92062591907,709145.8367315343,34898.693239265885,703745.2147191883,34650.059807283375,698426.2297166218,34404.944058684145,693187.0445445041,34163.27186520418,688025.8767388418,33924.97116686107,682940.9965291014,33689.97190031884,677930.7249053284,33458.20593020953,672993.4317697306,33229.60698327018,668127.5341684462,33004.1105851616,663331.4945994713,32781.653999842136,658603.8193929435,32562.176171376974,653943.0571602021,32345.617668069404,649347.7973082357,32131.92062880676,644816.6686163298,31921.0287115192
1.8915831663326652,979132.2468881151,47018.94350158778,968882.833086958,46569.45966543581,958845.7751186234,46128.48825450172,949014.5410048864,45695.78972176973,939382.8639432479,45271.1334247773,929944.7289856132,44854.297215669605,920694.3605120287,44445.06705369495,911626.2104446704,44043.23663872065,902734.9471515332,43648.607064451615,894015.4449931997,43260.98649012607,885462.774469616,42880.189829550494,877072.1929270796,42506.03845641447,868839.1357886267,42138.35992489974,860759.2082737474,41776.98770466543,852828.1775758666,41421.7609293535,845041.9654683392,41072.52415781687,837396.6413118154,40729.1271473253,829888.4154377911,40391.424638053955,822513.6328849377,40059.276148205165,815268.7674664629,39732.545779156455,808150.4161482697,39411.102030066715,801155.2937190795,39094.81762140953,794280.2277349868,38783.56932693588,787522.1537220946,38477.237813600426,780878.1106219915,38175.70748901425,774345.2364658515,37878.866356014616,767920.7642638754,37586.605873967244,761602.0180976707,37298.820826440235,755386.4094039797,37015.40919491097,749271.433438908,36736.27203818711,743254.6659125125,36461.31337724272,737333.759784244,36190.44008518772,731506.4422103494,35923.56178210572,725770.5116348906,35660.59073451065,720123.8350165589,35401.44175918754,714564.3451839471,35146.03213119564,709090.0383123888,34894.28149582554,703698.9715158972,34646.11178431315,698389.2605481221,34401.447133125,693159.077606612,34160.213806639644,688006.649235004,33922.34012305921,682930.2543180857,33687.75638339537,677928.2221649659,33456.39480338126,672998.9306758706,33228.189448170175,668140.8045883373,33003.07616968863,663352.313798827,32780.99254651871,658631.9717559943,32561.877826191572,653978.3339220718,32345.672869779784,649389.9962990276,32132.32009868263,644865.5940163296,31921.76344350349
1.896192384769539,978420.439872612,46984.41603318592,968202.2637381024,46536.309631111915,958195.309625119,46096.66996608964,948393.0952115614,45665.25932200072,938789.4007425768,45241.84879918877,929378.2558696807,44826.21790948108,920153.9272736327,44418.154193329894,911110.9070171444,44017.45285767664,902243.9015777014,43623.91643324207,893547.8215146146,43237.35445003748,885017.7717279186,42857.58312997658,876649.0422699403,42484.42509554576,868437.0996732984,42117.70909356269,860377.5787617888,41757.269733118956,852466.2749130669,41402.9472368647,844699.1367443164,41054.58720484919,837072.2591941729,40712.04039018392,829581.8769760722,40375.16248584382,822224.3583799741,40043.81392196615,814996.1994010202,39717.85967304953,807894.0181751782,39397.16907449311,800914.5497033166,39081.615647952385,794054.6408464086,38771.07693502135,787311.2455757532,38465.434338781226,780681.4204631788,38164.57297278546,774162.3203972003,37868.38151707662,767751.1945120359,37576.75208085638,761445.3823172392,37289.58007145263,755242.3100165108,37006.7640692492,749139.4870049894,36728.20570826439,743134.5025350022,36453.80956208244,737225.0225409055,36183.48303486056,731408.7866142205,35917.136257149585,725683.6051208372,35654.68198628222,720047.3564525588,35396.035511096976,714497.9844057366,35141.11456077906,709033.495680199,34889.8392176123,703651.9574920739,34642.131833447755,698351.4952945069,34397.91694970534,693130.2906006245,34157.12122073569,687986.5789034312,33919.673340378526,682918.6476876443,33685.50397156315,677924.8345287574,33454.545678804905,673003.5252749029,33226.73286345985,668153.1523073338,33002.001701606765,663372.1928755883,32780.29008443306,658659.1675036248,32561.537561007743,654012.6384634165,32345.685283330375,649431.2083127069,32132.675953551403,644913.5184937922,31922.453773264275
1.9008016032064128,977710.6845208145,46949.98921248093,967523.579915542,46503.252877781975,957546.5721469687,46064.93794141535,947773.2280595603,45634.80850001142,938197.3744880559,45212.637379641375,928813.0852547482,44798.20573573478,919614.6689393877,44391.30267480081,910596.6573686786,43991.72489657959,901753.7947764546,43599.276355347356,893081.027589371,43213.76793919063,884573.494796414,42835.017166146165,876226.518863656,42462.84789618155,868035.5971585832,42097.090058061076,859996.3938509577,41737.57939020697,852104.7322596033,41384.157194726584,844356.5876167354,41036.67010383162,836748.080223493,40694.9698579271,829275.4689722223,40358.91309469549,821935.1452127805,40028.36114854569,814723.6269417396,39703.17985983725,807637.5532948258,39383.23939332876,800673.6793242935,39068.41406533397,793828.871044182,38758.582179102275,787100.1007275613,38453.62586797081,780484.4424409424,38153.43094586314,773979.0678020102,37857.88676473645,767581.2419477621,37566.8860786033,761288.3197009733,37280.324913776705,755097.741923703,36998.102445009084,749007.0320472762,36720.12087721478,743013.7927688623,36446.28533248484,737115.7029053891,36176.5037421199,731310.5143961189,35910.68674342283,725596.0494457567,35648.74758100842,719970.1978004628,35390.60201240083,714430.9141496114,35136.16821770328,708976.215646574,34885.366713136376,703604.179542218,34638.1202682531,698312.9409251822,34394.353826649545,693100.6905633538,34153.99443000009,687965.6728412966,33916.97114525577,682906.1837886929,33683.21499485316,677920.5691951447,33452.65888978943,673007.2228069564,33225.237565427364,668164.5846017665,33000.88751990107,663391.1391371384,32779.54695500056,658685.4139694342,32561.155719419283,654045.9781395103,32345.655254255435,649471.4407219603,32132.988540663086,644960.4494348151,31923.100049554985
1.9054108216432863,977002.9705872206,46915.66253038302,966846.7726324718,46470.288952484145,956899.5548709541,46033.29178017897,947154.9328300657,45604.436904918846,937606.7794815624,45183.498861629414,928249.2123947399,44770.26043345393,919076.5816513007,44364.51227798966,910083.4584697371,43966.05257366595,901264.6244911024,43574.686685009,892615.0616817353,43190.22684562696,884129.94281189,42812.49185783027,875804.6224723062,42441.306807877874,867634.6285935964,42076.50279590899,859615.6544359135,41717.91667968442,851743.55101876,41365.3908313205,844014.3199629724,41018.77290625365,836424.1067189407,40677.915623724024,828969.1941569587,40342.67655811381,821645.9964973193,40012.917940519,814451.0535593227,39688.50646997393,807381.0253098217,39369.3131337852,800432.6866932607,39055.213036466026,793602.9227263904,38746.08523679481,786888.7238419913,38441.812592551054,780287.1814669733,38142.28161251008,773795.4838212092,37847.38231530355,767410.9119243507,37557.008094777186,761130.8357987116,37271.055591499295,754952.7108570803,36989.424570094845,748874.0744650352,36712.01780209921,742892.542668012,36438.74095404399,737005.8070739764,36169.50248050435,731211.6318831467,35904.21352185298,725507.8510567317,35642.78780648104,719892.3656171538,35385.1415572598,714363.1410726891,35131.19340203012,708918.2049598832,34880.864287918754,703555.6444975106,34634.07739929207,698273.6043462106,34390.75807916817,693070.284468294,34150.83375391856,687943.9380825263,33914.23386109993,682892.8697090137,33680.88978026524,677915.4332995879,33450.73476661144,673010.0304493653,33223.703887329306,668175.1086853925,32999.73396052778,663409.1598285348,32778.76349661208,658710.7184249721,32560.732642001436,654078.3602438786,32345.583125078098,649510.7008380484,32133.258204265276,645006.394164415,31923.702618136645
1.9100200400801601,976297.2878985793,46881.43548144592,966171.8329619751,46437.41740534573,956254.2500324143,46001.73108465763,946538.2028424351,45574.14418794385,937017.6100536302,45154.432942313906,927686.6325635171,44742.38174292484,918539.6615633317,44337.78278366866,909571.3072954239,43940.435707718316,900776.3884629019,43550.14727669699,892149.9222477999,43166.73105732337,883687.1148973637,42790.00712446514,875383.3528410854,42419.80177960689,867234.1943038986,42055.94728380709,859235.3613835032,41698.281604281496,851382.7325621268,41346.64817380862,843672.3356251795,41000.89566220677,836100.3409612427,40660.87775918172,828663.0552196464,40326.45296789065,821356.9153035616,39997.48440861018,814178.48267809,39673.839631936295,807124.4379742376,39355.39044098061,800191.5758709884,39042.01272206142,793376.8002388955,38733.586283419914,786677.1195297339,38429.99470152115,780089.6423977895,38131.12517452696,773611.5735393176,37836.86838255328,767240.2097375997,37547.118354348306,760972.9361018337,37261.77234004985,754807.2224888726,36980.73068970097,748740.620097517,36703.89673722211,742770.758225736,36431.17668955592,736895.341181792,36162.47952071782,731112.1453408158,35897.716870500684,725419.0163389032,35636.80294759708,719813.8663972962,35379.65443691576,714294.6717696639,35126.19041088207,708859.4703059299,34876.33224452412,703506.3591264816,34630.00353415725,698233.4924009743,34387.13001949032,693039.0792262792,34147.639508987006,687921.3815984526,33911.4618083244,682878.7124739025,33678.528651800116,677909.4339152068,33448.77363654699,673011.9553173045,33222.13215942233,668184.7317100221,32998.541356445545,663426.2621331328,32777.94004466511,658735.0880803555,32560.26866634174,654109.7920089077,32345.46923534092,649548.9959114097,32133.485285633462,645051.3599471212,31924.26182180788
1.914629258517034,975593.6263532331,46847.307563833376,965498.7520365175,46404.637789556386,955610.6499148739,45970.2554596847,945923.0314539463,45543.93000239588,936429.8605633066,45125.43932051251,927125.3410548352,44714.569405691276,918003.9048414363,44311.113973498956,909060.2008256057,43914.87411806781,900289.0844312512,43525.65798511568,891685.6077357386,43143.28046220119,883245.0101623933,42767.56288516398,874962.7096966646,42398.3327597711,866834.294591904,42035.4234976591,858855.515533209,41678.67416572214,851022.2782300841,41327.92924815429,843330.6364107965,40983.0384204065,835776.7851932328,40643.856334368444,828357.0548088652,40310.24241412977,821067.9046580722,39982.06066171821,813905.9176765856,39659.179472250464,806867.7949942285,39341.471457967884,799950.3508684029,39028.8132806629,793150.5078759813,38721.08549203294,786465.2923483523,38418.17238152773,779891.8300353976,38119.961831282955,773427.341985115,37826.34517775804,767069.1406264785,37537.217079719376,760814.6260439362,37252.47539223217,754661.2824326935,36972.02104634417,748606.6747246332,36695.75793416354,742648.4453753628,36423.5927990509,736784.3113034816,36155.4351306619,731012.0609737237,35891.19706459219,725329.5516161447,35630.793286391185,719734.7065740076,35374.14093972409,714225.5127734727,35121.1595384747,708800.0183086129,34871.77088259303,703456.3301356698,34625.89897750305,698192.6118708294,34383.46995689584,693007.0816861319,34144.4120087436,687898.010298456,33908.65530437873,682863.7190468059,33676.13193049089,677902.5780534125,33446.77582390298,673013.0044644161,33220.52270899427,668193.4607661403,32997.31003764641,663442.4531731976,32777.07693159435,658758.5300848745,32559.76412707039,654140.2806064456,32345.31392163603,649586.3331322537,32133.670123100957,645095.3539875646,31924.778000434573
1.9192384769539077,974891.9759204757,46813.27827928607,964827.5210474492,46371.94966134164,954968.746849678,45938.86451262933,945309.4120595534,45513.79400365809,935843.5253980159,45096.51769668944,926565.3331823002,44686.82316454904,917469.307663609,44284.505630029154,908550.1360450328,43889.36762459644,899802.71013388,43501.21866520945,891222.1165860621,43119.874948134886,882803.627703388,42745.15905872843,874542.692747553,42376.89969621737,866434.9297372856,42014.931412588165,858476.1176975908,41659.09436474252,850662.1893322791,41309.234079142174,842989.2240930607,40965.20122821424,835453.4416203846,40626.85141783706,828051.1955329695,40294.04498527141,820778.9675445904,39966.64680694272,813633.3618881743,39644.52611551874,806611.1000286449,39327.556325762205,799709.0156472115,39015.61486867152,792924.0498809927,38708.583033452676,786253.2468029271,38406.34581689456,779693.7491279457,38108.791779746025,773242.7941322989,37815.81290971797,766897.7097737943,37527.304490756665,760655.9110015013,37243.16497825578,754514.8962442095,36963.29587989498,748472.2440676284,36687.60164181106,742525.6099909346,36415.98953982546,736672.7234538809,36148.369575467914,730911.3849262224,35884.65437655143,725239.4631517276,35624.75910206776,719654.8925195229,35368.6013511859,714155.6705559562,35116.1010761487,708739.8555305853,34867.18049887395,703405.5641702753,34621.76403107768,698150.9694757545,34379.778197747015,692974.2986353078,34141.15156380026,687873.8310306052,33905.814663780046,682847.8963299551,33673.69993443439,677894.8726645351,33444.74165004816,673013.18488343,33218.87586039499,668201.3028835212,32996.04033118645,663457.7400105146,32776.17448690217,658781.0515275963,32559.219355890473,654169.8331483981,32345.117517635023,649622.7196311502,32133.813052088473,645138.3834310594,31925.251490979215
1.9238476953907815,974192.3266399099,46779.34713308874,964158.131244509,46339.352579936516,954328.5332156271,45907.557853376136,944697.3380916389,45483.73584917226,935258.5989734137,45067.66777294549,926006.6042793224,44659.14276354036,916935.8662199228,44257.95753669391,908041.1099434558,43863.916047739214,899317.2633070359,43476.82917216827,890759.4472318618,43096.514402960616,882362.9666039089,42722.79556365988,874123.301684447,42355.502536250686,866036.0999973671,41994.47100295276,858097.1686627202,41639.542201108816,850302.4671480951,41290.562690398096,842648.1004115056,40947.38413165858,835130.3124113376,40609.86307664777,827745.4799606358,40277.860768116356,820490.106904599,39951.242949609186,813360.8186016304,39629.87968444587,806354.3566896364,39313.64518336829,799467.5741205178,39002.417640374646,792697.4304469608,38696.07907629012,786040.9873466941,38394.51518965188,779495.4043703685,38097.61521451264,773057.9349001358,37805.271784791155,766725.922306844,37517.38080482056,760496.7962945519,37233.84132576683,754368.0694217995,36954.55542760893,748337.3337897394,36679.42810639099,742402.2578878684,36408.36716647376,736560.5835886768,36141.283117528495,730810.123283077,35878.08907603164,725148.7571489792,35618.700671032566,719574.4305458474,35363.03595397952,714085.151528509,35111.01531240146,708678.9884739001,34862.56138725476,703354.0678148019,34617.598993754415,698108.571874989,34376.05504551978,692940.7368005279,34137.858481873795,687848.8505822858,33902.94019814403,682831.2511649885,33671.23297882183,677886.3246384406,33442.67143344372,673012.5035067761,33217.191935066716,668208.265031834,32994.73256121579,663472.1296469885,32775.23303718846,658802.6594379576,32558.63468160752,654198.4566873148,32344.880354118377,649658.1624796109,32133.914405133317,645180.4553641784,31925.682627529757
1.9284569138276553,973494.6686208167,46745.51363403775,963490.573935336,46306.84610755965,953690.0014386164,45876.33509430498,944086.8030197679,45453.75519842412,934675.0757332504,45038.88925300802,925449.1496990692,44631.52794794837,916403.5767125674,44231.46947781229,907533.1195157382,43838.51920848626,898832.7416856636,43452.489361432985,890297.5980990549,43073.19871448456,881923.0259349672,42700.47231817048,873704.5361805774,42334.1412266476,865637.8056075143,41974.04224236238,857718.6691886084,41620.01767363499,849943.1129271125,41271.915104408385,842307.2670724518,40929.58717545641,834807.3996984179,40592.89137639065,827439.9106214067,40261.689847849746,820201.325637888,39935.84919329389,813088.2910617171,39615.240299865036,806097.5685432473,39299.738167807176,799226.0301534306,38989.22174797358,792470.6537172237,38683.57378697671,785828.5183816716,38382.68067956523,779296.8004050212,38086.43232783724,772872.7691541016,37794.72200692342,766553.7832980608,37507.44623679579,760337.2871873031,37224.504659878585,754220.807407206,36945.79992415723,748201.949496849,36671.23757149938,742278.3948236099,36400.72593091878,736447.8976050592,36134.17601652875,730708.2820701165,35871.5014299466,725057.4397519305,35612.61826692407,719493.3269054043,35357.445027991824,714013.9620427247,35105.902532918255,708617.423580651,34857.91383879379,703301.8475936933,34613.404161562736,698065.4256676638,34372.30080083474,692906.4028484062,34134.5330678167,687823.0756808199,33900.0322162155,682813.7903335684,33668.731375969335,677876.9408051431,33440.56548967356,673010.9672071895,33215.47125157414,668214.3541212424,32993.38704900858,663485.6290252361,32774.2529061803,658823.3607863522,32558.010430158985,654226.1582169716,32344.602759004596,649692.6686906628,32133.974511918266,645221.5768153201,31926.071741328306
1.9330661322645288,972798.9920415304,46711.777294409156,962824.8404849841,46274.429809387526,953053.1439912792,45845.195850271186,943477.8003504471,45423.85171292865,934092.9501492298,45010.181842221165,924892.9648144195,44603.9784642916,915872.4353558844,44205.041238586244,907026.1617619691,43813.17692838483,898349.1430035857,43428.19908870062,889836.5676066215,43049.92777049113,881483.804755316,42678.18924019406,873286.3958920487,42312.81571366953,865240.0467815177,41953.64510369301,857340.6200096281,41600.52078020019,849584.1278895657,41253.291342539145,841966.725749495,40911.81040303365,834484.7055781467,40575.936381207845,827134.4900062243,40245.532308064525,819912.6266031093,39920.4656398485,812815.7824697586,39600.60808076331,805840.7391100031,39285.83541414273,798984.3875636654,38976.02734161076,792243.7237860361,38671.06732979224,785615.844259281,38370.842464164,779097.9418223085,38075.24330966125,772687.3017065163,37784.1637776779,766381.2977656537,37497.50099912123,760177.3888888023,37215.15520320156,754073.1155861798,36937.02960165726,748066.0967381309,36663.03027813261,742154.0264982774,36393.06608244293,736334.6713423663,36127.04852947705,730605.8672548786,35864.89170250148,724965.5170459596,35606.51216064422,719411.5877916737,35351.828850349084,713942.1083910308,35100.76302060311,708555.1672336059,34853.238141750735,703248.9099719634,34609.17982771899,698021.5373934279,34368.515761487666,692871.3033860706,34131.1756236476,687796.5129940839,33897.09102389876,682795.5205579915,33666.19543534806,677866.7279354084,33438.42413147419,673008.5827983099,33213.71412563413,668219.5770029989,32992.00411299249,663498.2450291752,32773.23441476124,658843.1624847138,32557.346924643294,654252.9446729459,32344.285057379086,649726.2452194194,32133.993699300176,645261.7547552729,31926.41916079947
1.9376753507014026,972105.2871488192,46678.137629926896,962160.9223154433,46242.103253529094,952417.9533926296,45814.13973858569,942870.3236268803,45394.02505621545,933512.2167208666,44981.5452475359,924338.0450179124,44576.49406031829,915342.438376401,44178.67260509888,906520.2336875676,43787.889029541155,897866.4649936745,43403.95820992943,889376.3541668375,43026.70145875097,881045.302111735,42655.946247396656,872868.8804581732,42291.52594307579,864842.823711968,41933.27955910224,856963.021834925,41581.051517765816,849225.5132267879,41234.69142505502,841626.4780839793,40894.05385654568,834162.2321117459,40558.99815381534,826829.2205679559,40229.38823078444,819624.01261832,39905.09238942424,812543.2959842038,39585.983144306985,805583.8718654889,39271.937055507646,798742.6501221323,38962.83456939661,792016.6446991719,38658.5598668924,785402.9692809567,38359.00071876949,778898.8331613023,38064.04834764161,772501.5373171663,37773.597296263964,766208.4706742342,37487.54530181931,760017.1065535615,37205.79317587322,753924.9992891126,36928.24468970237,747929.7810066838,36654.80646471743,742029.1585552987,36385.38786771837,736220.9105827195,36119.90091073545,730502.8847472427,35858.26015522332,724872.9950584223,35600.38262038902,719329.2193398229,35346.187695447436,713869.5968073162,35095.59705560918,708492.2257568286,34848.53458161688,703195.2613558141,34604.92628265655,697976.9135330626,34364.70022247965,692835.444961772,34127.78644858123,687769.1691311133,33894.11692428738,682776.4485017892,33663.625463613826,677855.69274135,33436.2476687643,673005.3570352714,33211.920870145026,668223.9404700276,32990.58406877775,663509.9844846027,32772.17788100013,658862.0713870862,32556.644485348443,654278.8229331827,32343.92757152246,649758.8989636399,32133.972291338123,645300.9960977694,31926.72521157818
1.9422845691382764,971413.5442572745,46644.59415973146,961498.810905164,46209.86601100049,951784.4222077148,45783.16637899544,942264.36642873,45364.27489381436,932932.8699753501,44952.97917750024,923784.3857216989,44549.07448500095,914813.5820128619,44152.36336431275,906015.33230339,43762.65533462214,897384.705388022,43379.76658134381,888916.9561855033,43003.51966702866,880607.5170393152,42633.74325718694,872451.9895017993,42270.271860136185,864446.1365706275,41912.94558004412,856585.8753488288,41561.60988239231,848867.2701016545,41216.11537113775,841286.5256854697,40876.31757689736,833839.9813256329,40542.0767555244,826524.104721914,40213.25769648684,819335.4864615243,39889.729540495624,812270.8347211818,39571.36560586622,805326.9702409209,39258.04322312911,798500.821553522,38949.64357743596,791789.4204545185,38646.051558335836,785189.8976987506,38347.15561652262,778699.478910352,38052.84762717908,772315.4806939225,37763.02275956585,766035.3069354389,37477.579352524976,759856.4452821825,37196.41879558725,753776.4637916664,36919.445415391485,747793.0077401629,36646.56636714075,741903.7965820398,36377.69153083688,736106.621051653,36112.73341204961,730399.3404000577,35851.60704699099,724779.87975928,35594.229911678485,719246.2276273299,35340.521834982945,713796.4334675526,35090.4049153688,708428.6054162985,34843.80344114516,703140.9080932507,34600.643814055875,697931.5605090919,34360.85447604695,692798.834065492,34124.365839058126,687741.0506427045,33891.110217693786,682756.5807703249,33661.021764636505,677843.841877021,33434.03640867387,673001.2966152888,33210.09179521569,668227.4512575058,32989.127229186015,663520.8541597686,32771.08362017985,658880.0942901955,32555.903429780454,654303.7998185584,32343.530620938818,649790.6367642861,32133.91060932136,645339.3077000363,31926.99021653749
1.9468937875751502,970723.7537487047,46611.14640634891,960838.4977885869,46177.71765570021,951152.543047262,45752.27539366413,941659.922371877,45334.60089324105,932354.9044674,44924.48334224952,923231.9823574902,44521.719488530674,914285.8625162564,44126.11330406807,905511.4546258289,43737.47566685712,896903.8619181057,43355.62405943913,888458.3720621681,42980.38228309047,880170.4485617304,42611.580186726474,872035.7226296332,42249.05340964378,864049.9855087922,41892.643137283914,856209.1812112513,41542.19586925569,848509.3996490143,41197.56319890439,840946.8701322146,40858.601603762865,833517.9552119083,40525.17224626282,826219.1448463656,40197.140784124975,819047.050871202,39874.37718988413,811998.4017550492,39556.75557903961,805070.0376237073,39244.15404635421,798258.9055368803,38936.45450985417,791562.0550026622,38633.54256211096,784976.6337159261,38335.30732841126,778499.8835076866,38041.641331445964,772129.136493348,37752.44036217101,765861.8114085415,37467.60335651435,759695.4101219727,37187.03227762248,753627.5143153892,36910.63200335827,747655.7823213954,36638.31021877903,741777.9461104248,36369.977313339376,735991.8084187327,36105.54628257846,730295.2400097621,35844.93263406499,724686.1770617153,35588.054297386494,719162.6186745977,35334.83153798129,713722.6244904065,35085.18687462323,708364.3124205185,34839.04500037975,703085.8564746871,34596.332706873916,697885.4846863841,34356.978811690344,692761.4771295384,34120.914088773934,687712.1640220063,33888.071201678344,682735.9239113799,33658.384639529046,677831.1819389953,33431.79065557304,672996.4081782341,33208.227208194054,668230.1160434353,32987.63390427878,663530.8607659428,32769.95194482538,658897.2379340061,32555.12407269135,654327.8820934338,32343.09452238344,649821.4654060715,32133.808971796778,645376.696363338,31927.21449581579
1.951503006012024,970035.9060715368,46577.79389566015,960179.9745556769,46145.65776438428,950522.3085673361,45721.46640715283,941056.9851081836,45305.00272398277,931778.3147791292,44896.05745349658,922680.8303765054,44494.42882231153,913759.2761498473,44099.9222130808,905008.5976769114,43712.349850039274,896423.9323149516,43331.53050098627,888000.6001903488,42957.28919471165,879734.0956915118,42589.45695293954,871620.0794325575,42227.87053592688,863654.370657652,41872.37220091222,855832.9400580815,41522.80947266372,848151.9029761181,41179.03492542519,840607.5129715998,40840.90597560503,833196.1557288383,40508.28468459555,825914.3432830364,40181.03757115005,818758.7085468322,39859.035432781064,811726.000118931,39542.15317567817,804813.0773580037,39230.269652674724,798016.9057061746,38923.267508822726,791334.5522474662,38621.0330341622,784763.1814875447,38323.45602329714,778300.0513420097,38030.42964141359,771942.509321298,37741.850296397795,765687.9889010575,37457.61751673287,759534.0060675521,37177.63383487138,753478.1560283282,36901.804675799845,747518.1100789967,36630.03825052712,741651.612617549,36362.245454244985,735876.4782981691,36098.339768923375,730190.5893169941,35838.23717011661,724591.8928227432,35581.85603776992,719078.3984455636,35329.117070827095,713648.1759378433,35079.9432054518,708299.3529211174,34834.25953668528,703030.1127335434,34591.99324337333,697838.6923727456,34353.0735162042,692723.3805291367,34117.43148870828,687682.5157051064,33885.00017107824,682714.4844157358,33655.71438667609,677817.7194669442,33429.51071110058,672990.6983072077,33206.327413695515,668231.9414492076,32986.10440138547,663540.0109579746,32768.78316473177,658913.509002279,32554.306726106788,654351.0764662038,32342.619589890262,649851.3916180037,32133.66769459625,645413.1688335122,31927.39836684383
1.9561122244488978,969349.9917402245,46544.536156870694,959523.2328514623,46113.68591664205,949893.7114689949,45690.73904640106,940455.5483252576,45275.480057484274,931203.0955199031,44867.70122452223,922130.9252494188,44467.20223895507,913233.8191891956,44073.78988094084,904506.7584843964,43687.27770852722,895944.9143092916,43307.485763036246,887543.6389577462,42934.240289683876,879298.457430312,42567.373472523126,871205.0594859406,42206.723182861395,863259.2921286412,41852.13274035935,855457.1525015759,41503.450686072036,847794.7811630397,41160.530566741356,840268.4557205999,40823.23072969461,832874.5848013284,40491.41412774542,825609.7023376073,40164.94813353297,818470.4621494089,39843.70436277057,811453.6328052521,39527.55850590916,804556.092745261,39216.39016775184,797774.8256508543,38910.08271458467,791106.9160466404,38608.52312841614,784549.5451210459,38311.60186794244,778099.9867530853,38019.21273587936,771755.603733512,37731.25275232316,765513.8441693423,37447.622033823245,759372.2380614564,37168.22367786831,753328.3940456306,36892.96365250528,747379.9962879721,36621.75069082699,741524.8015262837,36354.49619007983,735760.636249422,36091.11411515705,730085.3940071961,35831.520906256956,724497.0328438127,35575.63539049781,718993.5728482987,35323.37869729296,713573.0938157274,35074.674177300985,708233.7330134449,34829.447324775756,702973.683046839,34587.625703151294,697791.1898195101,34349.13887370526,692684.5505830131,34113.91832715348,687652.1120716108,33881.89741803594,682692.2687177492,33653.0113017623,677803.4609442066,33427.19687419206,672984.1735291027,33204.39271363084,668232.9340401636,32984.53902513125,663548.3113348475,32767.577586991792,658928.9141231186,32553.451699353533,654373.3895898409,32342.106134799076,649880.4220739224,32133.487090863513,645448.7318015037,31927.542144371466
1.9607214428857713,968666.0013346641,46511.37272248064,958868.2643755795,46081.80169487188,949266.7444979515,45660.09294070795,939855.605746218,45246.03256713386,930629.241326201,44839.41437016558,921582.2624663078,44440.03949227466,912709.4879221846,44047.71609811004,904005.9340818663,43662.25906724636,895466.8056317213,43283.48970292458,887087.4867464557,42911.23545582225,878863.5327691685,42545.32966195642,870790.6623499462,42185.61129388253,862864.7500137868,41831.92472440908,855081.819130738,41484.11950209973,847438.0352630878,41142.05013788234,839929.6998662198,40805.57590212908,832553.2443213906,40474.56063161316,825305.224280204,40148.87254578567,818182.3143019493,39828.38407185196,811181.3027662637,39512.9716781595,804299.0870447642,39202.515715440386,797532.6689164022,38896.900265479606,790879.1502123056,38596.012996807054,784335.7286768178,38299.74502703601,777899.6940323167,38007.99079149352,771568.424236199,37720.64791780964,765339.3819191789,37437.617106152895,759210.1109947275,37158.802014817185,753178.2334301409,36884.109150883545,747241.4461703154,36613.44776569591,741397.5182058743,36346.72975490542,735644.2877777988,36083.86956285203,729979.6597112123,35824.78409106545,724401.602871403,35569.39261067979,718908.1477356015,35317.61667856797,713497.3840744111,35069.380057012975,708167.4587371596,34824.60863674311,702916.573535776,34583.23036316795,697742.9832221181,34345.17516566097,692644.9935539714,34110.37488974276,687620.9594452156,33878.76323202725,682669.2831959181,33650.27567780038,677788.4127983511,33424.84944110765,672976.8403151643,33202.42340723391,668233.1003261473,32982.93807746452,663555.7684402256,32766.33551602311,658943.4598695145,32552.559299086475,654394.8280624304,32341.554465782378,649908.5633930289,32133.267471080802,645483.3919038867,31927.646140494027
1.9653306613226451,967983.9254996108,46478.303128254935,958215.0608818182,46050.00468425725,948641.4004442344,45629.52772171344,939257.1511294609,45216.6599282492,930056.7468614749,44811.1966068144,921034.8375365944,44412.94033727979,912186.2786490395,44021.700655920125,903506.1215088164,43637.293751690035,894989.6040128474,43259.5421782754,886632.1419331746,42888.27458097226,878429.3206887571,42523.32543751016,870376.8875698305,42164.534811996346,862470.7443860465,41811.7481212122,854706.9405116964,41464.815912544786,847081.6663032159,41123.59365288284,839591.2468659289,40787.941527851166,832232.136148603,40457.72425079729,825000.9113458763,40132.810880982164,817894.2675899946,39813.074650461785,810909.0129145589,39498.39279917868,804042.0634741633,39188.64641781263,797290.4390048787,38883.720297968204,790651.2585115454,38583.50278930218,784121.7361687613,38287.885663219175,777699.1774233166,37996.76398278534,771380.9752866135,37710.03597853213,765164.6068063598,37427.60292984099,759047.6297074994,37149.36905161892,753027.6791929858,36875.241385991176,747102.4648955963,36605.129698754245,741269.7679725286,36338.94638034655,735527.4383350429,36076.606351108705,729873.392005876,35818.02697061804,724305.6085976099,35563.12795089441,718822.128905583,35311.831273285956,713421.052609319,35064.06110885379,708100.5360768087,34819.74374208531,702858.7902663164,34578.80749777454,697694.0787206906,34341.18267091746,692604.7156494623,34106.80145947809,687589.064094273,33875.59789988918,682645.5341734445,33647.507805158624,677772.581401733,33422.46870545961,672968.7050815388,33200.41979108888,668232.4467620495,32981.30185768393,663562.3887629957,32765.057253595227,658957.1527598782,32551.62982931536,654415.3984277016,32340.964888871815,649935.822140412,32133.00914309514,645517.1557233862,31927.710664678383
1.969939879759519,967303.7549441098,46445.32691319413,957563.614177676,46018.294472743066,948017.672141855,45599.04302337982,938660.1782684283,45187.36181806384,929485.6068160117,44783.047652395726,920488.6459889922,44385.90453017066,911664.1876823473,43995.74334657074,903007.3178107424,43612.38158792081,894513.307183439,43235.64304700574,886177.6028894031,42865.357553016605,877995.8201596471,42501.36071525593,869963.7346762404,42143.49367979127,862077.2752996458,41791.602898300065,854332.5171880734,41445.539908399325,846725.6752844212,41105.16112479974,839253.0981480912,40770.32764066714,831911.2621105639,40440.90503861375,824696.7657350764,40116.763210779325,817606.3245621031,39797.776187495765,810636.7661235838,39483.821974061626,803785.025209999,39174.782395181915,797048.1393754587,38870.54294665659,790423.2446669551,38570.99265392673,783907.5715648446,38276.02393711125,777498.4411224712,37985.53248218926,771193.2612936253,37699.41711800428,764989.5234372622,37417.5796987853,758884.7989895755,37139.9249918985,752876.736294157,36866.36057055956,746963.0575815423,36596.79671125299,741141.5560900007,36331.146295619066,735410.0933199167,36069.3247165832,729766.5964145925,35811.24978851501,724209.0556607273,35556.841661216975,718735.5221022465,35306.0227375534,713344.1052615233,35058.71759454124,708032.9709624021,34814.852907734225,702800.339249752,34574.35737874108,697644.4824005964,34337.16166572723,692563.7230221471,34103.19831675782,687556.4322323493,33872.40170584726,682621.0279187874,33644.70797158827,677755.9730720433,33420.05495823938,672959.7741898202,33198.38215915726,668230.9797483507,32979.63066246527,663568.1787378014,32763.74309885611,658969.9992585715,32550.663591431137,654435.1071755512,32340.337707484487,649962.2048275667,32132.712412144356,645550.0297893902,31927.736023788755
1.9745490981963927,966625.4804409266,46412.44361950531,956913.9161239144,45986.67065101231,947395.5524684767,45568.63848197346,938064.6809913794,45158.13791571328,928915.8159067951,44754.96722636633,919943.6833714499,44358.93182833236,911143.2113470762,43969.84396312729,902509.5200392258,43587.52240257154,894037.9128745715,43211.79216732945,885723.8679816462,42842.4842598818,877563.030142546,42479.43541107512,869551.2031855038,42122.48783944925,861684.3427904071,41771.489022597605,853958.5496813507,41426.29147986448,846370.0631821419,41086.75256572856,838915.2551123874,40752.7342732647,831590.6240033376,40424.10304711511,824392.789614124,40100.72960543727,817318.487730338,39782.48877033013,810364.5652281408,39469.25930627105,803527.9753882192,39160.923766125816,796805.7734449606,38857.36834432025,790195.1123571815,38558.48273678837,783693.2387876534,38264.16000733463,777297.4892794958,37974.29646007038,771005.286618281,37688.79151760458,764814.1363694115,37407.54760468856,758721.6235809984,37130.47003703166,752725.4096430815,36857.466915021905,746823.2292946151,36588.4490221009,741012.8877701655,36323.329727557095,735292.2580787769,36062.024893514674,729659.278407913,35804.452785908485,724111.9496458204,35550.53398924705,718648.3330160581,35300.19132497697,713266.5478183142,35053.34977327239,707964.7692699789,34809.93639808311,702741.2264432701,34569.88027528389,697594.2002930117,34333.11242377655,692522.0217704528,34099.56573940389,687523.0700187779,33869.17493154281,682595.7706462117,33641.87646225045,677738.5940728526,33417.60848784451,672950.0539475888,33196.31080280456,668228.7056316532,32977.924785887975,663573.1447455721,32762.393348358542,658982.0057764313,32549.660884232228,654453.9607425627,32339.673222448775,649987.7179129068,32132.377580882785,645582.020578458,31927.72252211218
1.9791583166332665,965949.092825988,46379.652792573484,956265.9586341209,45955.132812462754,946775.0343450865,45538.31373604659,937470.6531611604,45128.98790222159,928347.3688773658,44726.95504970334,919399.9452510936,44332.02199032942,910623.3459805913,43944.00229951885,902012.7252520154,43562.716022846405,893563.4188177681,43187.98939776107,885270.9355716063,42819.654589544676,877130.9495885448,42457.54944066787,869139.2925999155,42101.51723275676,861291.9468760745,41751.406460436374,853585.038491227,41407.07061636514,846014.8309466458,41068.36798681972,838577.719130232,40735.161457230824,831270.2235918964,40407.3183271096,824088.9851156699,40084.71013383955,817030.7595707471,39767.2124848428,810092.4130248849,39454.70489765952,803270.9171046909,39147.07064750911,796563.3445883702,38844.19662192766,789966.8652174558,38545.97318210152,783478.7417149323,38252.294030539684,777096.3259979838,37963.05608474978,770817.0555743589,37678.159356601995,764638.450112045,37397.506837084475,758558.1081726138,37121.00438617125,752573.7040991895,36848.56062753982,746682.9850505749,36580.086847891325,740883.7681735869,36315.496900640006,735173.9379061433,36054.70711375246,729551.443404104,35797.63620152958,724014.2960852922,35544.20518013572,718560.5672845126,35294.33728669075,713188.3860137624,35047.95790175089,707895.9368221685,34804.99447501378,702681.4577505086,34565.376454092664,697543.2383754753,34329.0352162124,692479.6179391245,34095.90400268884,687488.9835592057,33865.91785605968,682569.7685163302,33639.01355974301,677720.4506141499,33415.12958010513,672939.5506089439,33194.20601082672,668225.6307052104,32976.184519461305,663577.2931140473,32761.00829608612,658993.1786712878,32548.622003950255,654471.9655125195,32338.971732030128,650012.3678022741,32132.004949406746,645613.1345148223,31927.67046138382
1.98376753507014,965274.5829978244,46346.953980933016,955619.7336742729,45923.68055318403,946156.1107356681,45508.06842641921,936878.088674978,45099.91146048766,927780.2604976832,44699.01084489479,918857.4272141678,44305.17477590007,910104.5879326665,43918.21815053584,901516.9305131063,43537.96227652173,893089.822745138,43164.23459711957,884818.8040163751,42796.868430038674,876699.5774393539,42435.70271956156,868728.0024080178,42080.58180111551,860900.0875566313,41731.355177567115,853211.9840959712,41387.87730656431,845659.9795034121,41050.00739829458,838240.4915451814,40717.609223069034,830950.062610552,40390.55092817969,823785.3543391493,40068.704863512896,816743.1425238358,39751.947415434304,809820.3122728125,39440.15884849115,803013.8534157008,39133.223154506195,796320.8561393536,38831.0279086635,789738.5068401177,38533.46413221122,783264.0841801175,38240.42616142909,776894.9553359475,37951.81152252951,770628.5724289154,37667.52081218133,764462.4691266598,37387.457583363444,758394.2574066248,37111.528236273116,752421.6244724697,36839.64191402951,746542.3298150424,36571.710402928555,740754.2024100788,36307.648037018975,735055.1380452581,36047.371606782704,729443.0967697053,35790.80027171515,723916.1004594428,35537.855476612334,718472.2304926907,35288.460871383024,713109.6255292746,35042.54223421357,707826.4793887419,34800.027397923375,702621.039022106,34560.846179357155,697491.6025724333,34324.93031166919,692436.5175197656,34092.21337936215,687454.1789061314,33862.630755950624,682543.0276366381,33636.11954412655,677701.5488528706,33412.61851831013,672928.2703750301,33192.06806947597,668221.761209447,32974.410152150136,663580.6301182916,32759.58823347889,659003.5242484754,32547.547244275564,654489.1278169105,32338.23353195617,650036.1608494371,32131.59481527955,645643.3779708858,31927.580140811704
1.9883767535070138,964601.9419170233,46314.3467362397,954975.2332623084,45892.313471934875,945538.7746468802,45477.90219616138,936286.9814641726,45070.90827527204,927214.4855639886,44671.13433593037,918316.1248659786,44278.38994595074,909586.9335655001,43892.49131182797,901022.1328928187,43513.26099194695,892617.1223895114,43140.52762453202,884367.471668621,42774.12566946004,876268.912627539,42413.89516311946,868317.3320848761,42059.68148555312,860508.7648146152,41711.335139172385,852839.3869527694,41368.71153837734,845305.5097535098,41031.67080946115,837903.5736733398,40700.07760021661,830630.1427633839,40373.800898700625,823481.8993512307,40052.71386064677,816455.6389950322,39736.693645048195,809548.2656937435,39425.621257463165,802756.7873384529,39119.38140062348,796078.3113907665,38817.86233195165,789510.0407751355,38520.95572761676,783049.2699728652,38228.55655278204,776693.3813063526,37940.562937717084,770439.8414028268,37656.87605946822,764286.1978275591,37377.40002879795,758230.0758771413,37102.04178212196,752269.1755240232,36830.71097818776,746401.2685040509,36563.31989925399,740624.1955392588,36299.78335654329,734935.863688643,36040.01859975482,729334.2438200859,35783.94523043428,723817.3681970224,35531.48511901109,718383.3281738104,35282.56232532287,713030.2719941428,35037.103022457246,707756.4026871602,34795.03542375089,702559.9760562473,34556.28971279369,697439.298755781,34320.79797629509,692392.7264513781,34088.49413967683,687418.6620594405,33859.31390526363,682515.5540620433,33633.194692950776,677681.8948934244,33410.07558323311,672916.2193945578,33189.897262486826,668217.1033324769,32972.60197040068,663583.1619812073,32758.133449458855,659013.0487613396,32546.436896382453,654505.4539354325,32337.458915441923,650059.1033565908,32131.147473556466,645672.7572677119,31927.45185710154
1.9929859719438876,963931.1606056837,46281.83061324291,954332.4494676992,45861.03117012073,944923.0191277356,45447.81469057546,935697.3254939953,45041.97803318356,926650.038898666,44643.32524829215,917776.033830832,44251.667262550334,909070.3792537242,43866.821579901814,900528.3294678698,43488.61199804524,892145.3154845716,43116.868339437104,883916.9368767709,42751.42619597386,875838.9540767497,42392.126686548945,867907.281092352,42038.816226733434,860117.9786154254,41691.34630987867,852467.2474980666,41349.5732989859,844951.422573968,41013.35822872958,837566.9668037542,40682.566617061406,830310.465724661,40357.06828585842,823178.6221862558,40036.73719011264,816168.251355149,39721.45125519138,809276.2759727967,39411.092221726874,802499.7218515574,39105.545497721214,795835.7135951557,38804.70001747779,789281.4705306155,38508.448106994845,782834.3028395708,38216.68535547798,776491.6078776447,37929.31049264983,770250.8666713199,37646.22527155385,764109.640582391,37367.33435656751,758065.5681307209,37092.545216356455,752116.3619666055,36821.76802151741,746259.8059845914,36554.91554667185,740493.7525710947,36291.903076786206,734816.1199786421,36032.648317507425,729224.8898199893,35777.07130931441,723718.1046757767,35525.09434529718,718293.8658097711,35276.64189238631,712950.330986086,35031.64051586468,707685.7123831131,34790.01880700331,702498.274599199,34551.707313671264,697386.332745397,34316.63847377815,692348.2506208898,34084.74655141511,687382.4389669298,33855.96757556763,682487.3537953877,33630.23928128001,677661.4947882122,33407.50105315791,672903.403764318,33187.693871101306,668211.6632106107,32970.7602581657,663584.8948740389,32756.644230455007,659021.7584117376,32545.291248954134,654520.9500964847,32336.64817321443,650081.2015748437,32130.66321680918,645701.2786755102,31927.28590448093
1.9975951903807614,963262.2301468812,46249.40516975823,953691.3744110307,45829.83325177135,944308.8372692858,45417.80555717862,935109.1147633863,45013.120422666165,926086.9153501065,44615.583308945395,917237.149751977,44225.00648892479,908554.9213844166,43841.20875211859,900035.5173214509,43464.01512431437,891674.3997649852,43093.25660158851,883467.1979851943,42728.76989781995,875409.7007019478,42370.39720490972,867497.8488793689,42017.98596496674,859727.7289076282,41671.388653768554,852095.5661479046,41330.462574851685,844597.7188181443,40995.06966362744,837230.6721988101,40665.07630095857,829991.0331392558,40340.35313566781,822875.524846678,40020.77491548287,815880.9819408361,39706.22032595402,809004.3457588605,39396.571836908675,802242.6598955147,39091.71555603512,795593.0659652535,38791.541089211794,789052.7995733096,38495.94140722261,782619.186483883,38204.812718520145,776289.6389742717,37918.05434771877,770061.6523645015,37635.56861951926,763932.8017126787,37357.260747783446,757900.7386669044,37083.03872949436,751963.1884651668,36812.81324335267,746117.947075155,36546.49755277471,740362.8784664464,36284.00741307063,734695.9120079679,36025.26098259417,729115.0399840757,35770.17873766711,723618.3152229879,35518.68339109263,718203.8488316927,35270.69981408226,712869.8080317886,35026.15496143063,707614.4140910548,34784.97779978152,702435.9403458424,34547.099238837334,697332.710309672,34312.452065371894,692303.0958636833,34080.97087991423,687345.5155248317,33852.59203597811,682458.4327879674,33627.253581718716,677640.3545381407,33404.89520390395,672889.8295296915,33185.458174094216,668205.4469288631,32968.88529692947,663585.8349168737,32755.120860428196,659029.6593505329,32544.110588207343,654535.6224776608,32335.80159353729,650102.4617047067,32130.142335150118,645728.9484141171,31927.082574723583
2.002204408817635,962595.1416841331,46217.069966640076,953052.0002635812,45798.719323518824,943696.2222043028,45387.87444568548,934522.3433047488,44984.335133985864,925525.1097925697,44587.9082463293,916699.4682915399,44198.40738945127,908040.5563571041,43815.65262669175,899543.693543291,43439.47020082711,891204.3729665249,43069.692271058266,883018.2533343749,42706.156663318594,874981.1514096245,42348.70663312171,867089.0348821727,41997.19064021979,859338.0156232531,41651.4621343925,851724.3432982506,41311.37935172988,844244.3993160805,40976.805120814635,836894.6910946127,40647.60667824677,829671.846623053,40323.6554929897,822572.609303488,40004.827099049435,815593.8330550255,39691.00093602919,808732.477665052,39382.0601971304,801985.6043731889,39077.8916841977,795350.371674464,38778.38566942957,788824.0313291089,38483.435763400164,782403.9245672085,38192.938789058586,776087.4784771947,37906.79466139226,769872.2025678745,37624.90627245936,763755.6854943436,37347.17938151321,757735.5919387424,37073.52250995711,751809.659637378,36803.846840883925,745975.696546261,36538.06612296845,740231.5781375973,36276.09657849428,734575.2448202306,36017.85681530904,729004.6994774535,35763.26774251358,723518.0051160053,35512.25248970185,718113.2826204455,35264.73632957801,712788.7086074271,35020.64660378725,707542.5133747287,34779.912651805724,702372.9789401959,34542.4657427433,697278.4371660284,34308.23900992089,692257.26796411,34077.16738809171,687307.8975783257,33849.18755318231,682428.7969400401,33624.23786443654,677618.4800931285,33402.25830885115,672875.5026851499,33183.19044779792,668198.4605214479,32966.977365732506,663585.9881791342,32753.563620895646,659036.7576780851,32542.895197916718,654549.4772062307,32334.91946223482,650122.8898965693,32129.58511625642,645755.7726534705,31926.842157172974
2.006813627254509,961929.8864208747,46184.824567755015,952414.3192469104,45767.68899457574,943085.1671069702,45358.02100799092,933937.0051837345,44955.6218592177,924964.6171260469,44560.299790347985,916162.9851304683,44171.86972965271,907527.2805837742,43790.15300268462,899052.8552297307,43414.97705823195,890735.2328261966,43046.17520823985,882570.1012610865,42683.5863808762,874553.3050980222,42327.05488597293,866680.8385245937,41976.43019212558,858948.8386780885,41631.566714780456,851353.5793253246,41292.32361468254,843891.4648748616,40958.56460609831,836559.0247013717,40630.15777426438,829352.9077633524,40306.97540154861,822269.8774966397,39988.89380184229,815306.8069673748,39675.793162732225,808460.6742691767,39367.55739502968,801728.5581502793,39064.073989259276,795107.6338573467,38765.23387873491,788595.169183539,38470.931308872896,782188.5207092133,38181.06371241317,775885.1302243966,37895.53159023933,769682.5213228529,37614.23839750669,763578.2961582247,37337.09043480444,757570.1323533172,37063.99674409424,751655.7800541589,36794.86900918245,745833.0591209858,36529.6214604972,740099.8564487832,36268.17078395474,734454.1234104681,36010.436033711456,728893.8734162081,35756.338548609805,723417.1795827732,35505.80187213686,718022.1725071765,35258.75167572451,712707.0381391953,35015.1156852295,707470.0157476907,34774.82361044082,702309.3959759357,34537.80707746968,697223.518981438,34303.999563885794,692210.7726560062,34073.336336470435,687269.5909220502,33845.7543914642,682398.4521013335,33621.192397193256,677595.8773526069,33399.59063896474,672860.4291747552,33180.89096612696,668190.7099722741,32965.036741195996,663585.3606800685,32751.972790955217,659043.0594447328,32541.64535943891,654562.520359623,32334.00206271596,650142.4922511764,32128.991845393717,645781.7575140791,31926.564938766016
2.0114228456913827,961266.4556199374,46152.66853995502,951778.3236324491,45736.74187671361,942475.6651925729,45328.244898153054,933353.0944990222,44926.980292233,924405.4322761275,44532.75767236135,915627.695968465,44145.3932761922,907015.0904888773,43764.70968000797,898562.9994837847,43390.53552775339,890266.9770823569,43022.705273851454,882122.7400985607,42661.05893899076,874126.160657346,42305.44187812719,866273.2592182956,41955.70455999306,858560.19797197,41611.70235745333,850983.2745859211,41273.2953480915,843538.9162789626,40940.34812444722,836223.6742037724,40612.7296133653,829034.2181192674,40290.31290394962,821967.3313354641,39972.9750836475,815019.9059147001,39660.59708201985,808188.9381141766,39353.06352177983,801471.5240557836,39050.262576708665,794864.8556100895,38752.08583608083,788366.2164822422,38458.42817525355,781972.9784883156,38169.18763209594,775682.5980113818,37884.265288952585,769492.6126272669,37603.56515985473,763400.637890588,37326.994082708705,757404.3642722579,37054.46161620733,751501.554240194,36785.879941224564,745690.0394754814,36521.1637664677,739967.7182167117,36260.23023817399,734332.552725666,36002.99885365104,728782.566867922,35749.39137847137,723315.8438023509,35499.33176714215,717930.5237738282,35252.74608708126,712624.802003821,35009.562445739946,707396.9266738234,34769.710920721176,702245.1969969075,34533.12349275103,697167.9613729309,34299.733981368125,692163.6156231972,34069.47798320336,687230.6013006041,33842.292812729094,682367.4040715428,33618.1174453632,677572.5521660174,33396.89246281959,672844.6148926503,33178.560000602316,668182.2012154314,32963.06369754591,663583.9583892322,32750.348647309398,659048.5706512743,32540.361351736374,654574.7579658959,32333.049675997965,650161.2748200977,32128.362805439523,645806.909067488,31926.251204056258
2.0160320641282565,960604.840603035,46120.60145305132,951144.0057410942,45705.87758424146,941867.7097171904,45298.54577237634,932770.605382102,44898.41012868646,923847.5501938605,44505.28162517612,915093.5965239285,44118.97779686736,906503.9825093322,43739.32245941756,898074.1234152063,43366.14544119249,889799.6034748324,42999.28232893877,881676.1681766557,42638.57422625719,873699.7169699748,42283.867524131514,865866.2963630278,41935.01368281645,858172.0933890651,41591.869024434236,850613.4294177232,41254.29453567134,843186.7542905938,40922.1556800061,835888.6407613474,40595.32221893456,828715.7792221153,40273.66804169519,821664.9726990846,39957.0710030251,814733.1321014044,39645.41276850896,807917.2717085733,39338.578667109556,801214.5048824534,39036.45755049362,794622.0399909778,38738.94165879063,788137.1765314573,38445.92649244383,781757.3014421717,38157.31068983348,775479.8855916698,37872.995910370984,769302.4804358629,37592.88672278105,763222.714833632,37316.8904983049,757238.2920122475,37044.917308573735,751346.986674443,36776.87982791568,745546.6422394884,36512.69323987352,739835.1682110762,36252.27514772279,734210.5376652724,35995.545488792035,728670.78485219,35742.42645239803,723214.0029054261,35492.84240121931,717838.3416536505,35246.71979594101,712542.0055290776,35003.98712301347,707323.2515678456,34764.57482537534,702180.387497633,34528.41523600048,697111.7699080999,34295.442514134906,692115.8024999995,34065.59258409796,687190.9344090445,33838.80307652802,682335.658600826,33615.01327195954,677548.5103333001,33394.16404662434,672828.0656835444,33176.19782037539,668172.9401356728,32961.058506636866,663581.787226966,32748.691464288968,659053.2972494381,32539.043451400896,654586.1960042089,32332.06258072965,650179.2436061905,32127.698276906493,645831.2333367371,31925.901235236925
2.0206412825651303,959945.0327502502,46088.622879788134,950511.3579428031,45675.0957339846,941261.2939773907,45268.923288994774,932189.5319970576,44869.91106600354,923290.9658556184,44477.871383036785,914560.6825338859,44092.62306060476,905993.9530945249,43713.99114251158,897586.2241405472,43341.80663092706,889333.1097450318,42975.906234878006,881230.3838220142,42616.13213137254,873273.9729106645,42262.33173842349,865459.9493468672,41914.35749928467,857784.524798151,41572.06667725945,850244.0441396132,41235.3211604819,842834.9796500369,40903.987276109714,835553.9255088367,40577.935613403664,828397.5925758005,40257.040855201674,821362.8034368157,39941.181617326605,814446.4876998996,39630.2402954951,807645.6775269057,39324.10291932224,800957.5033872453,39022.659013040946,794379.1900208559,38725.80146257874,787908.0525984896,38433.42638865584,781541.4930681563,38145.433025588725,775276.9966772824,37861.72360550213,769112.1286607959,37582.20324767003,763044.5310859837,37306.77985272241,757071.9198455241,37035.364001470036,751192.0817906447,36767.86885811388,745402.8719968412,36504.210077618874,739702.2111550637,36244.30571704468,734088.0830817055,35988.07615063745,728558.5323411259,35735.44398849792,723111.6619748218,35486.33399865131,717745.6313317075,35240.673032354,712458.653994287,34998.38995248153,707248.9957958134,34759.41556485031,702114.9729238098,34523.68255233401,697054.9501055962,34291.12541164274,692067.3388717145,34061.680392640366,687150.5958933783,33835.28544008175,682303.22139029,33611.88013765824,677523.7576053782,33391.40565424527,672810.7873431942,33173.80469225168,668162.93256889,32959.02143797562,663578.8530648678,32747.00151387642,659057.2451423527,32537.691932676873,654596.840405283,32331.04105321463,650196.4045640583,32126.998537965275,645854.7362968153,31925.515312163654
2.025250501002004,959287.023499536,46056.732395817184,949880.3726562018,45644.395945263794,940656.4113099335,45239.37710845546,931609.8685403545,44841.48280336792,922735.6742629647,44450.526681616815,914028.9497539346,44066.32883745441,905484.9987063146,43688.715531728245,897099.2987832198,43317.518929912,888867.4936360612,42952.57685337862,880785.3853582283,42593.73254314118,872848.9273467545,42240.83443533859,865054.2175464621,41893.735947790396,857397.4920528926,41552.29527698932,849875.1190519816,41216.3752049408,842483.5930759826,40885.84291529669,835219.5295565501,40560.569818265736,828079.6596571995,40240.431383815645,821060.8253685695,39925.306982712464,814159.9748510236,39615.07973497082,807374.1580101621,39309.63636531516,800700.5222917665,39008.86706527637,794136.3086835834,38712.665361571235,787678.8479121778,38420.92799043316,781325.5568238377,38133.55477758264,775073.9349392254,37850.44852354441,768921.5611721176,37571.51489403538,762866.090703192,37296.66231516384,756905.252000378,37025.80187319509,751036.8439778172,36758.847218653274,745258.7332859696,36495.71447454218,739568.8517258569,36236.32214847967,733965.1937808573,35980.59104855288,728445.8142598658,35728.444202711486,723008.8260459997,35479.80678152649,717652.3979453781,35234.60602415207,712374.7526308208,34992.77116733632,707174.1646756196,34754.23337733556,702048.9586728072,34518.925684594455,696997.5074356244,34286.78292106189,692018.2302751187,34057.74166001928,687109.5913510482,33831.740158304645,682270.0980924752,33608.71830082177,677498.2996846382,33388.61754722985,672792.7856188797,33171.38088071433,668152.1843025865,32956.95275874456,663575.1617262611,32745.279065729195,659060.4201850089,32536.30706748433,654606.6970518621,32329.985367434118,650212.7636005074,32126.26386446727,645877.4238751105,31925.093712377013
2.029859719438878,958630.8043462111,46024.929579672076,949251.0423481857,45613.777839874485,940053.0550914669,45209.90689330212,931031.6092406266,44813.12504170903,922181.670442518,44423.24725800977,913498.3939581738,44040.09489858416,904977.1158190299,43663.495430343166,896613.3444735521,43293.28217167951,888402.7528928317,42929.29404648613,880341.1711059927,42571.37535047972,872424.5791383622,42219.37552911711,864649.1003272664,41873.14896643899,857010.9949921113,41532.55478421894,849506.6544370244,41197.45665083557,842132.5952658557,40867.72259932315,834885.4539907168,40543.22485409043,827761.9819165308,40223.8396658299,820759.0402852438,39909.44715416906,813873.5956644509,39599.93115764363,807102.7155662056,39295.17909059825,800443.5642827117,38995.08180664414,793893.3989264847,38699.53346832611,787449.5656633538,38408.43142267176,781109.4961274441,38121.67608231559,774870.7040079626,37839.17081190878,768730.7817982555,37560.821819542325,762687.3976982128,37286.53805292769,756738.2926616393,37016.231100092875,750881.2775807478,36749.81509436715,745114.2306003928,36487.20662343935,739435.0945551288,36228.32464228767,733841.8745225881,35973.09038979012,728332.635487064,35721.42730883513,722905.500107554,35473.260969762276,717558.6465848505,35228.51899697233,712290.3066225927,34987.13099855443,707098.7634774833,34749.028498786865,701982.3500941547,34514.14487337526,696939.4473204273,34282.415287299846,691968.4821989466,34053.77663514957,687067.9263314134,33828.16748382814,682236.2943118314,33605.528017522476,677472.1422254011,33385.799984830104,672774.0662098721,33168.92664794722,668140.7010763413,32954.85273382457,663570.7189866548,32743.52438720252,659062.8281847169,32534.889125441678,654615.7717791643,32328.89579506947,650228.3265749926,32125.49452996705,645899.3019518543,31924.636711124735
2.0344689378757517,957976.3668424695,45993.214012743076,948623.3595335318,45583.24104206609,939451.2187382319,45180.51230815871,930454.7483584641,44784.83748368955,921628.949445816,44396.03285072031,912969.0109391413,44013.92101627408,904470.3009194675,43638.33064246675,896128.3583488443,43269.09619033908,887938.8852621655,42906.0576765845,879897.7393832584,42549.06044242181,872000.9271385807,42197.95493391107,864244.5970437732,41852.59649305726,856625.0334400513,41512.84515908852,849138.6505590422,41178.56547933571,841781.9868961397,40849.62632917607,834551.6998738339,40525.90074053856,827444.5607777262,40207.26573849927,820457.4499491127,39893.60218552552,813587.3522190972,39584.79463295374,806831.3525701916,39280.73117931269,800186.6320122964,38981.30333512626,793650.4636607928,38686.40589385311,787220.209005295,38395.93680864039,780893.3143583257,38109.79707458831,774667.3074738844,37827.89061624018,768539.7943264889,37550.1241800294,762508.4560418867,37276.40723143035,756571.0459711612,37006.65185657498,750725.3869004803,36740.77266811057,744969.3683892066,36478.686715086646,739300.9442295321,36220.31339667161,733718.1300212166,35965.574379510304,728219.0008553829,35714.39351854452,722801.6891017017,35466.69678112856,717464.3822936106,35222.412174280624,712205.3211065443,34981.469674920285,707022.7974244358,34743.80116294958,701915.1524900253,34509.340357043846,696880.7751347664,34278.02275302474,691918.1000843684,34049.78556469548,687025.6063362234,33824.5676670239,682201.8156051897,33602.30954156576,677445.2908343936,33382.95322402553,672754.6347678999,33166.44225385791,668128.4885822713,32952.72162581789,663565.5305742011,32741.737743372036,659064.4749015596,32533.43837388816,654624.0703753316,32327.772605524584,650243.0993000636,32124.690805744445,645920.3763605611,31924.144581383753
2.039078156312625,957323.7025968909,45961.58527925226,947997.3167745123,45552.785178521925,938850.8957057707,45151.193019713486,929879.2801862046,44756.619833693316,921077.5063491848,44368.88319965574,912440.7965077487,43987.80696391101,903964.5505068916,43613.22097304166,895644.337553422,43244.96082057775,887475.888492903,42882.86760639888,879455.0885053836,42526.78770812298,871577.97019367,42176.57256379107,863840.7070397428,41832.07846520212,856239.607206643,41493.16636129381,848771.1076647316,41159.70167100444,841431.7686226967,40831.554105086536,834218.2682450099,40508.59749637649,827127.3976387944,40190.70963805616,820156.0560942098,39877.772129470315,813301.2465635175,39569.67022909156,806560.0713649853,39266.2927142492,799929.7280986834,38967.53174726157,793407.5057620873,38673.282747633544,786990.7810541722,38383.44427000096,780677.0148574113,38097.9178875227,774463.7488877714,37816.60808043889,768348.6025034157,37539.42212953016,762329.2696634143,37266.27001422824,756403.5160282973,36997.064315142845,750569.1761947938,36731.72012078293,744824.1510575651,36470.15493826345,739166.4052911832,36212.288607800256,733593.9649460047,35958.0432208069,728104.915151977,35707.34304141769,722697.3979247666,35460.11443127081,717369.6100689252,35216.28577739472,712119.8011731289,34975.78742304937,706946.2716928012,34738.55160138198,701847.3711157126,34504.512371764715,696821.496206398,34273.60555868841,691867.0893254635,34045.76869309376,686982.6368200893,33820.94095602686,682166.6674822286,33599.063124512824,677417.7510712076,33380.077519545885,672734.4968976075,33163.927956100204,668115.5524654852,32950.55969507057,663559.6021701467,32739.919397056183,659065.3660488392,32531.95507790607,654631.5985818717,32326.61606594789,650257.0875418027,32123.85296082649,645940.6528884628,31923.617593881852
2.043687374749499,956672.8032739561,45930.042966228786,947372.9066805096,45522.409878338876,938252.0794886323,45121.9486967029,929305.1990477227,44728.47179781301,920527.3362536018,44341.798046117015,911913.7464932165,43961.75251598296,903459.8610930267,43588.16622784007,895161.2792386874,43220.87589765997,887013.7603360013,42859.72369899787,879013.2167852793,42504.55703686521,871155.7071432426,42155.22833275287,863437.4296484287,41811.59482016898,855854.716087758,41473.51835009604,848404.0259834712,41140.86520581039,841081.9410810791,40813.50592654264,833885.1601203005,40491.31513949046,826810.493872179,40174.171399725914,819854.8604267023,39861.95703756758,813015.2807163025,39554.5580130149,806288.8742615667,39251.86377686608,799672.8551264035,38953.76713816453,793164.5280707255,38660.16413763966,786761.2848894915,38370.953926828486,780460.600927656,38086.03865258234,774260.0317612495,37805.32334668134,768157.2100354157,37528.71582029445,762149.8424508214,37256.1265630394,756235.7068903719,36987.46864640967,750412.6496786766,36722.657631350114,744678.5829671577,36461.61147977458,739031.4822381377,36204.250469830746,733469.3839216346,35950.497114728445,727990.383118971,35700.27608495777,722592.6314276558,35453.51413373297,717274.3348623185,35210.140025507135,712033.7518667855,34970.08446741113,706869.1914126677,34733.28004347808,701779.0111801039,34499.661151522436,696761.6158165422,34269.16394254929,691815.4552696864,34041.726262576434,686939.0231909461,33817.28759675793,682130.8554059356,33595.789015703485,677389.5284487605,33377.17312389377,672713.6581570089,33161.3840100967,668101.8983245349,32948.36719969484,663552.9394092788,32738.0696088384,659065.5072935206,32530.439500342865,654638.3620940981,32325.426441254298,650270.2970202601,32122.981262009198,645960.1372769397,31923.056017119332
2.0482965931863726,956023.6605935694,45898.58666348452,946750.1219076392,45492.11477300752,937654.763620085,45092.77900989576,928732.4992982254,44700.39308383807,919978.4342845659,44314.77713279024,911387.856743006,43935.757448073615,902956.2292020551,43563.16621346112,894679.1805631693,43196.841257427586,886552.4985446353,42836.62581779594,878572.1225335554,42482.36831806143,870734.1368204507,42133.92215472382,863034.7641927954,41791.14549500011,855470.3598654652,41453.90108433205,848037.4057276057,41122.05606313893,840732.5048868394,40795.48179230231,833552.3764930423,40474.05368690048,826493.850825111,40157.65105774185,819553.8646252662,39846.15696027323,812729.4566664628,39539.458050466,806017.7635394341,39237.444447307,799416.0156467708,38940.00960154363,792921.5333922694,38647.05017035372,786531.7235545287,38358.46589763074,780244.0758344866,38074.1594995927,774056.1595672414,37794.03655544078,767965.620589107,37518.00540280942,761970.1782514207,37245.977037764744,756067.6225731449,36977.86501912205,750255.8115247946,36713.585376866424,744532.6684366781,36453.05652447241,738896.1795248643,36196.19917493086,733344.3915286823,35942.936260300805,727875.4094539325,35693.19285461545,722487.3944163333,35446.896099979924,717178.5615800434,35203.97513570779,711947.1781864088,34964.36103035155,706791.5616683596,34727.986716490195,701710.0778461454,34494.78692814412,696701.1392003471,34264.69814069483,691763.2032183285,34037.658513193215,686894.7708105122,33813.607832946305,682094.3847930615,33592.48746227827,677360.6284337458,33374.24028736674,672692.1240579373,33158.81066906071,668087.5317118604,32946.14439559099,663545.5478803681,32736.18863708884,659064.9042566685,32528.8919018327,654644.3665615628,32324.20399414669,650282.7334098825,32122.075973878837,645978.8352219448,31922.46011739012
2.0529058116232464,955376.2663305857,45867.21596358989,946128.9551583752,45461.899496392485,937058.9416718316,45063.683632077664,928161.175324045,44672.38340124282,919430.7955919639,44287.820203738076,910863.1231227564,43909.821536856834,902453.6513706106,43538.22073732816,894198.0386925727,43172.85673629985,886092.1008742958,42813.573826555665,878131.8040586616,42460.22144126002,870313.2580521672,42112.653943569385,862632.709985741,41770.73042649279,855086.5383082809,41434.31452242392,847671.2470927254,41103.27422180356,840383.4606358367,40777.4817004059,833219.918334181,40456.81315477417,826177.4698199607,40141.14864536024,819253.0703414519,39830.371946950785,812443.7763738172,39524.37040598828,805746.7414470029,39223.0348044186,799159.2121782937,38926.25922971982,792678.5244979071,38633.94095078704,786302.1000567619,38345.98029936785,780027.44280624,38062.280556761056,773852.1357404129,37782.747845507765,767773.8377917972,37507.291025820385,761790.2808722691,37235.821596509384,755899.2670512728,36968.25360018151,750098.6658639541,36704.50353249615,744386.4117422905,36444.49025527871,738760.5015627097,36188.13491330103,733218.9923040835,35935.36085454945,727759.9988103403,35686.093553811326,722381.6916522878,35440.26053941991,717082.2950835497,35197.79132300633,711860.0850858171,34958.617332115595,706713.3874988989,34722.67184555145,701640.5762313054,34489.889931321864,696640.0715473493,34260.208387064005,691710.3384269766,34033.56568283386,686849.8849947444,33809.901906151776,682057.2610145736,33589.15870920068,677331.0564470829,33371.27925807941,672669.9000664899,33156.20818401832,668072.4581342314,32943.89153646921,663537.4331266045,32734.276737986187,659063.5625138818,32527.3125408181,654649.617588486,32322.948985137307,650294.4023399401,32121.13735883327,645996.7523744268,31921.83015880298
2.05751503006012,954730.6123143394,45835.930461849915,945509.3991811741,45431.7636847127,936464.6072537218,45034.66223803521,927591.2215424338,44644.44246117439,918884.4153499366,44260.92700439098,910339.5415162143,43883.94456009103,901952.1241477678,43513.32960768602,893717.8507998213,43148.922171273,885632.5650828815,42790.567589389815,877692.2596670239,42438.1162961489,869893.0696591618,42091.423613099134,862231.2663303039,41750.34955120712,854703.2511714102,41414.75862238855,847305.5502579375,41084.51966005669,840034.8089045321,40759.50564818845,832887.786592591,40439.59355844025,825861.3521545752,40124.66419487478,818952.4792000435,39814.60204588697,812158.2417693636,39509.29514294273,805475.8102019945,39208.63492576762,798902.4472070759,38912.51611364428,792435.5041248648,38620.83658249838,786072.4173682921,38333.497247471285,779810.7050345937,38050.401950696156,773647.9636776088,37771.457354010076,767581.865231927,37496.57283635113,761610.154080614,37225.6603956032,755730.6442587591,36958.634554665325,749941.2167855564,36695.41227153489,744239.8171180852,36435.91285320609,738624.4527203576,36180.05787319596,733093.1907415944,35927.77109252111,727644.1557980429,35678.978383957605,722275.5278529904,35433.60765942635,716985.54018994,35191.5888003541,711772.4774742064,34952.85359086911,706634.6738984621,34717.33565369766,701570.5114080271,34484.97038863466,696578.4180019248,34255.69491346906,691656.8661059602,34029.44800724998,686804.3710142836,33806.17005578647,682019.489396098,33585.80299927889,677300.8178643557,33368.29028198505,672646.9916034644,33153.576803829834,668056.6830531806,32941.60887387102,663528.6006460288,32732.334165538832,659061.4875957189,32525.701673571057,654654.1207341799,32321.66167256881,650305.3093949434,32120.16567710275,646013.8943407428,31921.166403302115
2.062124248496994,954086.6904281833,45804.72975628071,944891.446770112,45401.70697652232,935871.7540134733,45005.71450454087,927022.6324013638,44616.56997644107,918339.2887567503,44234.09728153899,909817.1078251696,43858.126296613904,901451.6440950385,43488.49263359835,893238.6140651065,43125.037399920344,885173.8889307941,42767.60697076358,877253.4876631832,42416.052772559924,869473.5704562775,42070.2310770731,861830.4325198793,41730.002805474134,854320.498196993,41395.233341847204,846940.3153861383,41065.79235560083,839686.5502502888,40741.553632291994,832555.9821953974,40422.39491240198,825545.4991026222,40108.19773763121,818652.0927994187,39798.847304307186,811872.8547556576,39494.23232352437,805204.9719918249,39194.24488765812,798645.7231872183,38898.780342916354,792192.47497682,38607.73716761257,785842.6784262662,38321.01685586297,779593.8656749948,38038.5238064277,773443.6467382902,37760.16521643279,767389.7064595106,37485.850979724375,761429.8016043408,37215.4935896216,755561.7580894057,36949.00804584763,749783.4683380508,36686.31176543074,744092.8887565347,36427.32449737942,738488.037324285,36171.96824094622,732966.9912922484,35920.167167305524,727527.884983717,35671.84754448003,722168.9076923531,35426.93766535977,716888.3016724299,35185.36777866608,711684.3602166089,34947.07002272089,706555.4258168348,34711.97836188931,701499.8884041834,34480.028525570386,696516.1836637403,34251.15794961756,691602.7914208014,34025.305720076925,686758.2340949011,33802.4125191367,681981.075218363,33582.420573187424,677269.9180162542,33365.27360289719,672623.4040447957,33150.916775211335,668040.2118854367,32939.296657190614,663519.0558919605,32730.361171606226,659058.6849881242,32524.05955421417,654657.8815134682,32320.34231263525,650315.4601150635,32119.16118677085,646030.266683074,31920.46911068792
2.0667334669338677,953444.492609028,45773.613447585936,944275.0907645153,45371.729012691365,935280.3756363916,44976.84011033752,926455.4023793224,44588.7656615005,917795.4110346623,44207.33078332306,909295.8179693865,43832.3665263367,900952.2077863578,43463.70962494477,892760.325675926,43101.20226039178,884716.0701810266,42744.69183549648,876815.4863499259,42394.03076047282,869054.7592526014,42049.076249207545,861430.2078384202,41709.69012540329,853938.2791143381,41375.73863803466,846575.5426242779,41047.09228559904,839338.6852116596,40723.62564867747,832224.5060482874,40405.21723035029,825229.9119139193,40091.749304041434,818351.9127118974,39783.107768390626,811587.6172071748,39479.18200877808,804934.2289739846,39179.86476514821,798389.0425412107,38885.05200580095,791949.4397243027,38594.642806838456,785612.8861332857,38308.53923697378,779376.9278470796,38026.64624742546,773239.1882449604,37748.87156663771,767197.3649865696,37475.125599581545,761249.2271324086,37205.32133140568,755392.6123972519,36939.37423521985,749625.4245293777,36677.202183805006,743945.6308089392,36418.725365056736,738351.2596592107,36163.86620097921,732840.3983648043,35912.54927005661,727411.1908913165,35664.70123283911,722061.8358011777,35420.2507605892,716790.5842607929,35179.1284668423,711595.738134339,34941.26684174398,706475.6481598566,34706.60018903307,701428.7122035179,34475.06456554719,696453.3735881943,34246.59772313371,691548.1194926533,34021.13905285514,686711.4794179345,33798.62953138416,681942.0237176323,33579.0116694884,677238.3621890038,33362.229462510775,672599.1427219838,33148.22834275566,668023.0500033484,32936.95513369584,663508.8042734201,32728.358005919614,659055.1601328447,32522.38643474133,654660.9053971017,32318.99115940259,650324.8599965387,32118.124143794757,646045.8749198302,31919.73853863725
2.0713426853707415,952804.0108468881,45742.581139133756,943660.3240486024,45341.829436386826,934690.4658450934,44948.0387361234,925889.5259851135,44561.02923244813,917252.7774297937,44180.62725922668,908775.6678865377,43806.665030238946,900453.8118080768,43438.980392418176,892282.9828271294,43077.416591413574,884259.1065992527,42721.82204876429,876378.2540284162,42372.05015001926,868636.6348516337,42027.959043180905,861030.5915606437,41689.41144689014,853556.5936401606,41356.274467808376,846211.2321036224,41028.41942668557,838991.2143086753,40705.721692636514,831893.3590358193,40388.06052517673,824914.5918147665,40075.3189235975,818051.9404840892,39767.38348328525,811302.5309706762,39464.14425861457,804663.5832764149,39165.49463206662,798132.4076603202,38871.33118924585,791706.401005096,38581.55359948685,785383.0433578201,38296.06450176216,779159.8946350911,38014.76939561816,773034.5914835882,37737.57653688275,767004.8442875611,37464.39683790256,761068.4343152858,37195.14377208231,755223.2109970143,36929.73328251103,749467.0893274109,36668.08369447272,743798.0473858706,36410.115631650035,738214.1239685387,36155.75193584031,732713.4163261933,35904.9175900136,727294.078002518,35657.539644551354,721954.316767602,35413.54714651339,716692.3926418091,35172.87107178918,711506.6160054383,34935.44425999717,706395.3457898649,34701.20135200305,701356.9877460889,34470.078729934896,696389.9927868574,34242.014459579696,691492.8553987383,34016.948235051444,686664.1121207237,33794.821325627236,681902.3400861383,33575.576524652635,677206.1556247955,33359.15810042321,672574.2129225197,33145.51174895341,668005.2027353082,32934.58454854899,663497.8511555475,32726.324916102767,659050.918427846,32520.682565038293,654663.1978121689,32317.60846482918,650333.5144920857,32117.054802025697,646060.7245260549,31918.974942723522
2.0759519038076153,952165.2371844327,45711.63243693394,943047.1395511241,45312.00789305395,934102.018399232,44919.31006453711,925324.9977576591,44533.3604070056,916711.3832119962,44153.98646006763,908256.6535321348,43781.021590362914,899956.4527589496,43414.3047475219,891806.5827209536,43053.68023228796,883802.9959539113,42698.99747610095,875941.7889983217,42350.11083148671,868219.1960514521,42006.87937263951,860631.5829522295,41669.16670562366,853175.4414788082,41336.84078765742,845847.3839400113,41009.77375497613,838644.1380431267,40687.84175880309,831562.5420217271,40370.924808986194,824599.5400082673,40058.90662488547,817752.1776372355,39751.67449312252,811017.5978655639,39449.11913182585,804393.0369978794,39151.13456102906,797875.8209049744,38857.61797889869,791463.3614246284,38568.46964348815,785153.1529346048,38283.5927597321,778942.7690882877,38002.89337141221,772829.8597040251,37726.28025784102,766812.1477998008,37453.66483502531,760887.4267653753,37184.96106108391,755053.557664516,36920.0853457079,749308.4666603901,36658.95646346309,743650.1425576076,36401.49547074573,738076.6344547974,36147.62562621331,732586.0495019563,35897.272314521775,727176.5507571606,35650.362973210125,721846.3551375383,35406.82702258179,716593.7314597007,35166.5957984405,711416.9985651122,34929.60248754597,706314.5235261314,34695.78206566194,701284.7199287023,34465.07123807599,696326.0462279046,34237.40838247669,691437.0041727766,34012.73349407996,686616.1372970373,33790.988132901846,681862.0294725058,33572.1153730805,677173.3035222066,33356.05975415502,672548.6198903037,33142.767234213534,667986.6753661665,32932.18514482735,663486.2018600137,32724.26214769246,659045.9652277209,32518.948192903,654664.7641425021,32316.194478785957,650341.4290112983,32115.953413228883,646074.8209338225,31918.178576436683
2.080561122244489,951528.1637165386,45680.766949615034,942435.5302450088,45282.264030397484,933515.0270952241,44890.65378014266,924761.8122657993,44505.75890450931,916171.2236747233,44127.408137989485,907738.7708794593,43755.4359898081,899460.1272501199,43389.68250256684,891331.1225670625,43029.99302289269,883347.7360162906,42676.21798340024,875506.0895579397,42328.21269532209,867802.441644874,41985.83715120312,860233.1812700134,41648.9558370935,852794.8223224897,41317.43755371118,845483.9982341093,40991.15524607803,838297.4568988405,40669.98584116485,831232.0558492193,40353.81009310946,824284.7576746478,40042.51243559889,817452.6256675436,39735.9808410318,810732.819684232,39434.10668610059,804122.5922083278,39136.78462345427,797619.2846051384,38843.912459123734,791220.3235563617,38555.39103540965,784923.2176650398,38271.124118951164,778725.5542213494,37991.01829370996,772624.9961204164,37714.98285861961,766619.2789238788,37442.929729664735,760706.2080574379,37174.77334616789,754883.6561371125,36910.43058107462,749149.56041735,36649.82065503928,743501.9203545667,36392.86505412487,737938.7952800703,36139.48745094093,732458.3021766777,35889.613629052954,727058.6135536792,35643.171410506235,721737.9554151071,35400.090586315244,716494.6053165676,35160.302849778156,711326.8905061636,34923.741732483286,706233.1861452924,34690.34254288168,701211.9136053425,34460.04230730634,696261.5388365422,34232.77971332557,691380.5708054141,34008.495055322805,686567.5599974968,33787.13018220207,681821.0969821729,33568.62844712246,677139.8110366205,33352.93465917049,672522.3688260615,33139.99503688373,667967.4731376444,32929.757163543494,663473.8616654306,32722.169944158555,659040.3058440947,32517.183564065617,654665.6097290782,32314.749449076277,650348.6089210483,32114.82022710333,646088.1695326326,31917.349691202788
2.085170340681363,950892.7825898532,45649.98428840217,941825.4891470134,45252.59749836344,932929.485765982,44862.06956941489,924199.9641080996,44478.22444589917,915632.2941349021,44100.89204645354,907222.0159194969,43729.908012726,898964.8319051099,43365.11347066878,890856.5995825853,43006.35480368064,882893.3245606108,42653.48343691762,875071.1540043191,42306.35563213567,867386.3704196183,41964.83229247054,859835.385762184,41628.77877659727,852414.7358514968,41298.06472174816,845121.0750716593,40972.56387510032,837951.1713419557,40652.153933074485,830901.9013412762,40336.7163881157,823970.2459715751,40026.13638255232,817153.2860465228,39720.302569154905,810448.1981924169,39419.10697803936,803852.2509492594,39122.44488958002,797362.8010606883,38830.214713018526,790977.289942176,38542.31787047285,784693.2403175837,38258.658686068215,778508.2530147784,37979.144279928056,772420.0039116099,37703.68446677822,766426.2410240748,37432.191658931915,760524.78172901,37164.58077343604,754713.5101141152,36900.76914317242,748990.3744485463,36640.67643171845,743353.3847677306,36384.22455178318,737800.6105664268,36131.337587044945,732330.1785944172,35881.94171722589,726940.2707495363,35635.96514624843,721629.122063069,35393.3380333265,716395.0187728169,35153.99242685275,711236.296479422,34917.862200950214,706151.3383817779,34684.882994564185,701138.5735875983,34454.99215297597,696196.4754954342,34228.128671627535,691323.560244643,34004.23314215067,686518.3852299962,33783.24770050068,681779.5476778097,33565.11597709952,677105.6832806396,33349.78304889785,672495.4648877544,33137.19539327075,667947.6012487422,32927.30084366543,663460.8358077552,32720.04854692413,659033.9455460266,32515.38892220845,654665.7398704174,32313.27362145584,650355.0595458773,32113.655491301557,646100.7756698014,31916.48853640359
2.0897795591182367,950259.0860023559,45619.284067094726,941217.0093173744,45223.0079491208,932345.3882806443,44833.557120724785,923639.4479126534,44450.75675370724,915094.5899328038,44074.43794023052,906706.3846608663,43704.437444314535,898470.5633598043,43340.59746574538,890383.0109921484,42982.7654156793,882439.7593641026,42630.79370327173,874636.9806333814,42284.539532704504,866970.9811584589,41943.86471002489,859438.1956684701,41608.635459247394,852035.1817344249,41278.72224720436,844758.6145237252,40953.99961666349,837605.281821193,40634.3460272607,830572.0793009404,40319.643703824506,823656.0060344639,40009.77849169443,816854.1602213088,39704.63971865999,810163.7351295378,39404.120063169445,803582.0152340773,39108.11542847867,797106.3725417794,38816.524822430125,790734.2630927464,38529.25024257026,784463.2236281387,38246.19656633078,778290.8684152929,37967.27144601523,772214.8862215553,37692.38520834751,766233.0374287638,37421.450758352665,760343.1512808147,37154.38348735346,754543.1232572044,36891.101184878804,748830.9125658721,36631.52395429109,743204.539749067,36375.57413195075,737662.0843963438,36123.176209746074,732201.6829591297,35874.25676082619,726821.5266616442,35628.74436838344,721519.8595032474,35386.569557340365,716294.9763475861,35147.66472880375,711145.2210941655,34911.96409715613,706068.9849282329,34679.40362966153,701064.7046450824,34449.92098846911,696130.8610451192,34223.455474904316,691265.9773962194,33999.947975942974,686468.6179601168,33779.34091276924,681737.3865797279,33561.578191323264,677070.925324495,33346.60515474936,672467.9131909863,33134.36853766022,667927.0648561411,32924.81642213639,663447.1294806899,32717.898195385103,659026.889560406,32513.564508985583,654665.1598229758,32311.767239652036,650360.7861683875,32112.459451448893,646112.6446508466,31915.595359395706
2.09438877755511,949627.0662029284,45588.66590204442,940610.0838594636,45193.495037043474,931762.7285443114,44805.1161243251,923080.2583368908,44423.35555204664,914558.1064319148,44048.04557539242,906191.8731297525,43679.02407081271,897977.3182624364,43316.13430251343,889910.3540279113,42959.22470049018,881987.0382070858,42608.148649446106,874203.5677400376,42262.76428797602,866556.2726393803,41922.93431743892,859041.6102203272,41588.525819978066,851656.159628386,41259.410085181626,844396.6166469364,40935.46244490926,837259.7887681199,40616.562115839166,830242.5905116026,40302.59204931795,823342.0389767846,39993.438788121035,816555.2496149882,39688.992329755565,809879.4322090353,39389.145995959625,803311.8870484408,39093.79630807268,796850.0012892087,38802.84286797126,790491.2454879167,38516.18824428218,784233.170300434,38233.737863602364,778073.4033362181,37955.399906470055,772009.6461597027,37681.08520784716,766039.6714308184,37410.707161886094,760161.3201771681,37144.18163076741,754372.4991908411,36881.4268574067,748671.1785432722,36622.36338184051,743055.3892119463,36366.913961111524,737523.2208131223,36115.00349248365,732072.8194350878,35866.55893982617,726702.3855667855,35621.509263015934,721410.1721169484,35379.78535021374,716194.482519162,35141.31995287967,711053.6689185395,34906.04762339887,705986.1304359338,34673.90465519614,700990.3115058485,34444.829025224455,696064.7002844246,34218.76033871826,691207.8271240741,33995.639776107986,686418.2631115352,33775.410041998184,681694.618666289,33558.01531611585,677035.5421964504,33343.40120614117,672439.7188094045,33131.51470233652,667905.8690746035,32922.30413389457,663432.7478360771,32715.719126929915,659019.1430723452,32511.710564042274,654663.8748015342,32310.230545383398,650365.7940296271,32111.23235116267,646123.78173987,31914.670405529698
2.098997995991984,948996.7154909257,45558.129412133516,940004.7059194455,45164.058418692366,931181.5004977811,44776.746272335855,922522.3900673842,44396.02056660032,914022.8390188101,44021.7147093044,905678.4773698343,43653.66767949521,897485.0932735695,43291.72379648585,889438.6259295968,42935.73250028818,881535.1588730433,42585.54814279048,873770.9136183026,42241.02978907129,866142.2436357277,41902.04102828012,858645.628641119,41568.44979355193,851277.6691792225,41240.128190455864,844035.0814837229,40916.95233350995,836914.6925974113,40598.802190323164,829913.435737286,40285.56143295237,823028.3458903638,39977.11729608783,816256.5556269152,39673.360441704084,809595.2911187044,39374.18482983461,803041.8683506101,39079.48759514979,796593.6895147717,38789.16892903615,790248.2395770672,38503.131966893045,784003.0830064026,38221.282680379336,777855.8606578689,37943.529774358336,771804.2868013912,37669.78458830372,765846.1462880048,37399.96100194274,759979.2918463815,37133.97534492576,754201.6415026719,36871.74631032314,748511.1761171521,36613.19487176161,742905.937031551,36358.24420402256,737384.0238213011,36106.81960693498,731943.5921472921,35858.84843240438,726582.8517020264,35614.26001442807,721300.0642453741,35372.98560195524,716093.5417253957,35134.958294457676,710961.6444799703,34900.11298008446,705902.7795152011,34668.38627628048,700915.3988568009,34439.716472754924,695997.9979708755,34214.04347669215,691149.1142507199,33991.30876010249,686367.3255664298,33771.45530921637,681651.2488743064,33554.427575829606,676999.5388832017,33340.17143051285,672410.886775097,33128.63411760217,667884.0189773646,32919.764211892456,663417.6959842904,32713.511576958666,659010.7112255659,32509.827325034144,654661.8899795825,32308.66377837855,650370.0883294705,32109.974432071194,646134.1921599347,31913.713918168913
2.1036072144288576,948368.0262157551,45527.674218753345,939400.8686859427,45134.69775279777,930601.6981172904,44748.44725873033,921965.8378196588,44368.75152461024,913488.7831030264,43995.44510061675,905166.193442219,43628.368058667096,896993.8850660836,43267.36576396889,888967.8239445239,42912.28865782104,881084.1191486974,42562.99205102236,873339.01656141,42219.335927288506,865728.892916355,41881.184756115785,858250.2501463016,41548.407314566764,850899.7100217162,41220.87651748506,843674.0090625532,40898.46925567801,836569.9937071099,40581.066241634224,829584.6157229242,40268.55186237001,822714.9278456823,39960.81403902309,815958.0796330285,39657.74409283557,809311.3135210236,39359.23661718941,802771.9610717908,39065.189355378076,796337.4394016183,38775.50308381626,790005.2477794791,38490.0815004078,783772.9643865533,38208.83111780778,777638.2432279335,37931.66116133041,771598.8111882393,37658.48347126833,765652.465223377,37389.212409402615,759797.0696811585,37123.76476949537,754030.5537439301,36862.05969156797,748350.9089867811,36604.01857977996,742756.1870452827,36349.56502373298,737244.4973870646,36098.624723034554,731814.0051818824,35851.12541496485,726462.9292651275,35606.99680509904,721189.5401900342,35366.17050074486,715992.1583641106,35128.5799470633,710869.1522655734,34894.16036574682,705818.936735808,34662.8486961368,700839.9713441014,34434.58353866725,695930.7588211005,34209.30510052877,691089.8435576556,33986.955143451414,686315.8101658801,33767.47693351078,681607.2820994444,33550.8151928665,676962.9203302742,33336.91605334679,672381.4220789858,33125.72701179719,667861.5195965258,32917.19688711606,663401.9789946226,32711.27577890236,659001.5991227853,32507.915027646235,654659.2104897011,32307.067176395165,650373.6742269971,32108.685933832512,646143.8810934388,31912.726138708043
2.1082164328657313,947740.9907764576,45497.29994578309,938798.5653896979,45105.41270024181,930023.3154142537,44720.21877932087,921410.5963380025,44341.54815486641,912955.9341169341,43969.236509256894,904655.0174253698,43603.12499765839,896503.6903251552,43243.0600220592,888497.9453276356,42888.893016408605,880633.9168240795,42540.48024222836,872907.8748619211,42197.682594106154,865316.2192457718,41860.365414518026,857855.4739435958,41528.39831746196,850522.2817797931,41201.65502041731,843313.3993981634,40880.013184175106,836225.6924788783,40563.354260112465,829256.1311946363,40251.56334451055,822401.7858921685,39944.529039540066,815659.8229861568,39642.14332056081,809027.5010534793,39344.301409403415,802502.1671164684,39050.90165332079,796081.2531045997,38761.84540931572,789762.2724846926,38477.03693356788,783542.817050339,38196.38327570003,777420.5538618452,37919.79417763811,771393.2223285229,37647.18197683403,765458.6314256622,37378.461513633,759614.6570389863,37113.55004258018,753859.2394298314,36852.36714747213,748190.3808146925,36594.83465997024,742606.1430531628,36340.876581602904,737104.6454386449,36090.419008993034,731684.0625865414,35843.39006215632,726342.6224149477,35599.71981572418,721078.60421315,35359.340232953116,715890.336793509,35122.18510238967,710776.1967225578,34888.18997706708,705734.6066273821,34657.2921161165,700764.0335735707,34429.43042868144,695862.9875112306,34204.545420030314,691030.0197857629,33982.57913976715,686263.7217102647,33763.475132045714,681562.7231966107,33547.17838769742,676925.691442412,33333.63529818741,672351.3296712157,33122.79361131824,667838.3759234379,32914.60238860395,663385.6018956675,32709.01196424178,658991.8118260938,32505.973905611783,654655.8414239367,32305.440975238675,650376.5568408634,32107.367094152956,646152.8536824865,31911.7073065917
2.112825651302605,947115.6016212917,45467.00621956855,938197.7893032432,45076.20292404099,929446.3464350074,44692.060531744944,920856.6603952774,44314.41018769591,912424.287515611,43943.08869642132,904144.9454150365,43577.93828681875,896014.5057482385,43218.80638864084,888028.9873415258,42865.54541994211,880184.549692601,42518.01258486543,872477.4868118324,42176.06968118606,864904.2213842823,41839.5829170684,857461.2992331631,41508.42273652479,850145.3840667246,41182.46365309839,842953.2524917851,40861.58409132121,835881.7892782495,40545.66623552677,828927.9828599963,40234.5958856222,822088.9210584856,39928.26231944913,815361.7870163276,39626.55816138452,808743.8553288843,39329.3792568542,802232.4883627427,39036.624552450834,795825.1327506122,38748.1959813665,789519.3160528605,38463.99835386697,783312.6435765178,38183.939252550896,777202.7953431532,37907.92893215151,771187.523197554,37635.88022365297,765264.6480496433,37367.708442505835,759432.0572425221,37103.33130073893,753687.7020399632,36842.668822775726,748029.5952270734,36585.64326477457,742455.8088182285,36332.17903732174,736964.4718667199,36082.20263131581,731553.7683708923,35835.64254689086,726221.9352718433,35592.42922523387,720967.2605380533,35352.49498316005,715788.0813325692,35115.77395031661,710682.7822586244,34882.202008892615,705649.7936798038,34651.71673571916,700687.5901110852,34424.2573466498,695794.6886772949,34199.76464311745,690969.6476356998,33978.18096076862,686211.0649596504,33759.45012008183,681517.5769803466,33543.51737888105,676887.857083966,33330.32938666003,672320.6144615365,33119.83414063728,667814.5929090827,32911.98094346595,663368.5696756983,32706.720362526074,658981.3543573313,32504.004190730702,654651.7878341745,32303.785408780608,650378.7412496716,32106.018148805466,646161.1150292516,31910.657659332435
2.117434869739479,946491.8512473281,45436.79266890153,937598.5337405731,45047.06808932924,928870.7852605578,44663.97221545146,920304.0247927355,44287.33735495243,911893.8387767205,43917.001424567905,903635.9735241886,43552.80771751227,895526.3280450493,43194.60468238248,887560.9472564697,42842.24571288348,879736.015551123,42495.58894776221,872047.8507026855,42154.49708037668,864492.8980881318,41818.83717736291,857067.7252077784,41488.48050589689,849769.016485329,41163.30236907964,842593.5683313699,40843.18194900359,835538.2844548752,40528.00215708498,828600.1714083026,40217.64949127305,821776.3343528201,39912.01389977003,815063.9730310678,39610.98865091828,808460.3779356959,39314.470208931416,801962.9266626564,39022.35811516537,795569.0804389394,38734.55487464358,789276.3808150996,38450.96584756678,783082.4465135144,38171.49914555398,776984.970423891,37896.065532375585,770981.7167380531,37624.57832895345,765070.5182165381,37356.95332241525,759249.2735799778,37093.10867900298,753515.9450186737,36832.96486064606,747868.5558141598,36576.44454502075,742305.1880669253,36323.47254892675,736823.9805248084,36073.9757548217,731423.1265068961,35827.88304036273,726100.8719180659,35585.12521081241,720855.5133495847,35345.6349341742,715685.3962614448,35109.3466789296,710588.9132423637,34876.19665425614,705564.502343602,34646.12275261163,700610.6454829723,34419.06449457606,695725.8669156132,34194.96297584836,690908.7317682925,33973.76081630028,686157.844634182,33755.40211099507,681471.8482252131,33539.83238308288,676849.422079277,33326.998538489686,672289.2813196874,33116.84882232053,667790.1754644528,32909.33277690183,663350.887283044,32704.40120139138,658970.2316984595,32502.006112888117,654647.0547325076,32302.100708977025,650380.232492337,32104.639331647824,646168.6701963425,31909.57743252901
2.1220440881763527,945869.732200038,45406.658924998956,937000.7920568173,45018.007863340594,928296.6260063249,44635.95353168679,919752.6843598287,44260.32939000535,911364.583400381,43890.97445740774,903128.097882941,43527.73308211195,895039.1539375411,43170.45472273428,887093.8223504453,42818.99374026441,879288.3122000202,42473.20920012008,871618.9648256658,42132.96468371576,864082.2481096376,41798.12810901639,856674.7510529947,41468.57155958012,849393.1786281642,41144.17112162526,842234.3468918088,40824.80672868541,835195.1783427657,40510.362013443664,828272.697510838,40200.7241663618,821464.0267631579,39895.78380074358,814766.382315698,39595.43482389322,808177.0704383245,39299.57431405008,801693.483842517,39008.10240279981,795313.0982415837,38720.92216267964,789033.4690738331,38437.93949971218,782852.22837977,38159.063050617304,776767.081824934,37884.20408446641,770775.8058605157,37613.27640855649,764876.2450143702,37346.19627829443,759066.309305494,37082.882310893474,753343.9717754499,36823.25540269512,747707.2661306155,36567.238649939995,742154.2844894925,36314.75727282096,736683.1752296555,36065.73854266095,731292.1409292388,35820.111712066544,725979.4363981499,35577.80794791635,720743.3667944814,35338.760267050995,715582.285821851,35102.90347453828,710494.5940036415,34870.17410439423,705478.737030341,34640.51036264664,700533.2041763938,34413.85207263387,695656.52678318,34190.140622437284,690847.2768049168,33969.318914350646,686104.0654144642,33751.331316295225,681425.5416661695,33536.123615093544,676810.3912130529,33323.64297151953,672257.3350757681,33113.837877046615,667765.1284609217,32906.65811221949,663332.5596264575,32702.05470657894,658958.4487919278,32499.979900072398,654641.6470916009,32300.387105886413,650381.0355684472,32103.23087464047,646175.5242071582,31908.466859884
2.1266533066132265,945249.2370728956,45376.60462148263,936404.5576479185,44989.021915392645,927723.8628218956,44608.00418348147,919202.6339540287,44233.386027729335,910836.5169090446,43865.00755989761,902621.3146384857,43502.71417399467,894552.9801598866,43146.35632992504,886627.609909159,42795.78934768567,878841.4374432483,42450.873211514394,871190.8274717077,42111.47238343356,863672.2701973286,41777.45562566719,856282.3759473109,41448.69583144281,849017.870077722,41125.06986371985,841875.5881351498,40806.458401414515,834852.4712605309,40492.745792717964,827945.5618211301,40183.819915128675,821151.9992575652,39879.5720418435,814469.0161336288,39579.89671417261,807893.9343774415,39284.691619664074,801424.1617032187,38993.857475641984,795057.1882035995,38707.2979178798,788790.5831031328,38424.9193941466,782621.9916640932,38146.63106237923,776549.1322363578,37872.344693247425,770569.7934435748,37601.97457689255,764681.8314983383,37335.437433632665,758883.1676395151,37072.65232843872,753171.7856852963,36813.54058899713,747545.7296959155,36558.0257271847,742003.1017403459,36306.03336379113,736542.0597616191,36057.491156333504,731160.8155357183,35812.32872981561,725857.6327193005,35570.477610292895,720630.8249817657,35331.87116111124,715478.7542174542,35096.44452169499,710399.8288339889,34864.13454876589,705392.5021130069,34634.87975988132,700455.2706397339,34408.62027918545,695586.6727980493,34185.297785273164,690785.2873278818,33964.855461070896,686049.7319419394,33747.237945644425,681378.661998952,33532.39128784743,676770.7692307441,33320.26290172929,672224.7805206137,33110.80152362503,667739.4567306153,32903.95717085334,663313.591575483,32699.681101953327,658946.0105410382,32497.925778393204,654635.5698450514,32298.644827687713,650381.1554386211,32101.79300786443,646181.6820462424,31907.32617322161
2.1312625250501003,944630.35850698,45346.62939435897,935809.8239503156,44960.10991686961,927152.4898907747,44580.123875636615,918653.8684606415,44206.507004493826,910309.6348473746,43839.10049823208,902115.6199550241,43477.7507875358,894067.8034584561,43122.3093249593,886162.3072260702,42772.632381316194,878395.3890884054,42428.58085189547,870763.436931594,42090.02007195549,863262.9630960765,41756.819640981565,855890.5990623342,41428.85325522555,848643.0904066184,41105.998548075564,841517.2920108135,40788.136937831834,834510.1635116176,40475.15348249112,827618.7649752072,40166.936741165984,820840.2527844606,39863.37864178789,814171.8757266477,39564.37435476426,807610.9712702836,39269.82217227919,801154.9620205563,38979.6233929459,794801.3523434195,38693.68221153599,788547.7251490556,38411.90561352696,782391.7388260053,38134.20327422382,776331.1243177899,37860.4874622253,770363.6823343616,37590.67294701769,764487.2806911807,37324.67691049191,758699.8517691585,37062.41886219104,752999.3900891072,36803.82055810578,747383.9499947196,36548.80592284592,741851.6434384574,36297.30097502537,736400.6378650498,36049.23375570665,731029.1541876252,35804.534259759785,725735.4648517752,35563.134369997875,720517.8919831269,35324.96779395924,715374.8056142533,35089.970003212926,710304.6219869814,34858.07817507078,705305.8019263889,34629.23113659549,700376.849282977,34403.369310799855,695516.3094397126,34180.43466493783,690722.7678808051,33960.37066079303,685994.8488192655,33743.122206875334,681331.2138804459,33528.63561244067,676730.5608389141,33316.858543253285,672191.6224061629,33107.739979014055,667713.1650667773,32901.23017238207,663293.9879608201,32697.28060952021,658932.9218103058,32495.843972099276,654628.8278877465,32296.874100697878,650380.5970248622,32100.325959538764,646187.1486596372,31906.155602505045
2.135871743486974,944013.0891905793,45316.732881998934,935216.5844406232,44931.271541205875,926582.5014301379,44552.312314710514,918106.3827926257,44179.69205815253,909783.9327821174,43813.25303983577,901611.0100136918,43452.842718103886,893583.6205917951,43098.313529614126,885697.9116024103,42749.52268789207,877950.1649467946,42406.33199158959,870336.7914960514,42068.60764190485,862854.3255472255,41736.22006865795,855499.419562938,41409.043764547,848268.839177777,41086.95712713928,841159.4584557998,40769.84230817967,834168.2553845374,40457.58506982397,827292.3075918491,40150.07464742858,820528.7882728822,39847.2036185506,813874.962315204,39548.86777783261,807328.1826109488,39254.96601746604,800885.8865455367,38965.4002129453,794545.5926531744,38680.075113841194,788304.8974299727,38398.89823933836,782161.4722960781,38121.779778296106,776113.0606987568,37848.6324936056,770157.4753488556,37579.37163062969,764292.5955835324,37313.91482952322,758516.3648485753,37052.18204124353,752826.7882940321,36794.09544707114,747221.9304772434,36539.579381470496,741699.9131677238,36288.56025813053,736258.9132486628,36040.96649903268,730897.1607101179,35796.72846640322,725612.9367292597,35555.77839741362,720404.5718332969,35318.050341500646,715270.4441409549,35083.480100184126,710208.9776786161,34852.00516926719,705218.6407674532,34623.56468330966,700297.9444780829,34398.09936227093,695445.4411494704,34175.551460224044,690659.7229689846,33955.864716047916,685939.4206106822,33738.984306009086,681283.2019290525,33524.856798149165,676689.7707056041,33313.43010839827,672157.8654458195,33104.65345833863,667686.2582241278,32898.47733454649,663273.7535746796,32694.85344944401,658919.1874258117,32493.73470359592,654621.426076215,32295.075149389377,650379.3652109085,32098.82995603792,646191.928955226,31904.95537585375
2.140480961923848,943397.421858803,45286.91472511835,934624.8326353219,44902.506463869744,926013.89169059,44524.5692090056,917560.1718904129,44152.94092803321,909259.4063019841,43787.46495335577,901107.4810124919,43427.98976205563,893100.4283306012,43074.36876643639,885234.4203472042,42726.46011471582,877505.7628334828,42384.12650129997,869910.8894558478,42047.234986105585,862446.3562887212,41715.65682243136,855108.8366074215,41389.2672929096,847895.1159446158,41067.94555309959,840802.0873948999,40751.57448231004,833826.7471531004,40440.0405412642,826966.1902728361,40133.233636244135,820217.6066327562,39831.04698937248,813578.2770986903,39533.3770147109,807045.5698706938,39240.12319987293,800616.9370046859,38951.18799286725,794289.911099014,38666.4766939035,788062.1021368996,38385.897351908796,781931.194476272,38109.3606655172,775894.9439790274,37836.77988830838,769951.1752722374,37568.07073808408,764097.779134282,37303.151309983085,758332.7099993126,37041.94199324663,752653.983573842,36784.365391456566,747059.6745596245,36530.34624607822,741547.9144773398,36279.8113631495,736116.8895859122,36032.6895429663,730764.8388925958,35788.9115126219,725490.0522492422,35548.40986126664,720290.8685304258,35311.11897796033,715165.6738893498,35076.97499199729,710112.9000876858,34845.915715589974,705131.0228957174,34617.880588803004,700218.560559358,34392.81062663534,695374.072330805,34170.64836815347,690596.1570597682,33951.33782758323,685883.451842381,33734.824447273226,681234.630725056,33521.05505244641,676648.403460697,33309.977807661344,672123.514314814,33101.542174908005,667658.7409192248,32895.698873267145,663252.8931711409,32692.399840065504,658904.8121755584,32491.59819346254,654613.3692289775,32293.248196407578,650377.4648425787,32097.30522190905,646196.0278030806,31903.7257195606
2.145090180360721,942783.3492931962,45257.174566758214,934034.5620904465,44873.814362347024,925446.6549559217,44496.89426855518,917015.2307217292,44126.25335492743,908736.0510175263,43761.736008653985,900605.029166223,43403.19171673048,892618.2234577017,43050.47485873962,884771.8307772912,42703.44450965526,877062.1805673601,42361.964252107675,869485.7291018865,42025.90199758486,862039.0540552356,41695.12981607734,854718.8493476624,41369.52377370515,847521.9202512262,41048.96377789371,840445.1787408962,40733.33342969261,833485.6390766372,40422.51988285559,826640.4136031925,40116.413709323344,819906.708755156,39814.90877077236,813281.8212557189,39517.902095912905,806763.1344982231,39225.29376323836,800348.1151003521,38936.986788945265,794034.3096214186,38652.88701975999,787819.3414338181,38372.903030423484,781700.9077402658,38096.946025599194,775676.776728952,37824.929745983456,769744.7848592324,37556.77037840967,763902.8342709214,37292.38646974934,758148.8903106673,37031.69884442442,752480.979169286,36774.63052535526,746897.1856242849,36521.1066581785,741395.6508821604,36271.05443857817,735974.5705153547,36024.403042581725,730632.1924890662,35781.083559680956,725366.8152733808,35541.02892864496,720176.786036449,35304.17387589972,715060.4989146794,35070.45485635535,710016.3933561457,34839.809996568125,705042.952533617,34612.1790401309,700138.7018238227,34387.50329519015,695302.2073497443,34165.72558399419,690532.0745829163,33946.79019438096,685826.9470028651,33730.642833119186,681185.5048109825,33517.23058102093,676606.4636962751,33306.50184974724,672088.5736505599,33098.40634023315,667630.617830814,32892.895002661564,663231.4114665014,32689.919997918994,658889.8008098167,32489.43466046971,654604.6621268925,32291.39346258772,650374.9007281158,32095.751979888904,646199.450035798,31902.46685810865
2.149699398797595,942170.8643213568,45227.51205226533,933445.7664012777,44845.19491612515,924880.7855428706,44469.28720511054,916471.5542814154,44099.629081080355,908213.8625610146,43736.06597679957,900103.6507064102,43378.44838044558,892137.0027680295,43026.63163060103,884310.1402173414,42680.47572114254,876619.4159711964,42339.845115472395,869061.308725296,42004.608569575495,861632.4175782907,41674.63896341626,854329.4569292695,41349.813140220285,847149.2516325508,41030.01175321421,840088.732394767,40715.11911942274,833144.9314002228,40405.023080146915,826314.9781514292,40099.61486776985,819596.0955125624,39798.78897855795,812985.5959443961,39502.44305114469,806480.8779199766,39210.4777504035,800079.4225110046,38922.796656432416,793778.7901355098,38639.306158390355,787576.6174579962,38359.9153529391,781470.6144337865,38084.535947059776,775458.5614897965,37813.08216502549,769538.3068344512,37545.47065932411,763707.763889892,37281.62042533712,757964.9088400373,37021.45271959078,752307.7782884463,36764.890981406614,746734.4670202885,36511.86075778714,741243.1258630615,36262.28963138224,735831.9596410131,36016.10715138977,730499.2252185083,35773.24476725178,725243.2296278684,35533.63576501542,720062.3282774528,35297.21520623427,714954.9232360015,35063.9198692928,709919.4615894795,34833.68819304216,704954.433866871,34606.460222642396,700058.3725315734,34382.17755751025,695229.8505352242,34160.7833012783,690467.4799309638,33942.22201367493,685769.9105433098,33726.43966423982,681135.8286919566,33513.38358779377,676563.9559669745,33303.002441585784,672053.0480530051,33095.24616404408,667601.8936001823,32890.06593506157,663209.3131396255,32687.41413774948,658874.1580414707,32487.244321596263,654595.3095134973,32289.511166971915,650371.6776385255,32094.170450920676,646202.2004488386,31901.179014187972
2.1543086172344688,941559.9598165571,45197.92682927307,932858.4392020392,44816.64780667714,924316.277800883,44441.74773212801,915929.1375912509,44073.06785018066,907692.8365863172,43710.454630061366,899603.3418812314,43353.75955249051,891656.7630685965,43002.83890685851,883849.3459998732,42657.55359817316,876177.4668716954,42317.76896323328,868637.6266175195,41983.35459551855,861226.4455863779,41654.184178317046,853940.6584917314,41330.1353256418,846777.1096145588,41011.08943051563,839732.7482458812,40696.9315202292,832804.6243548944,40387.55011820085,825989.8844697791,40082.8371120901,819285.7677591159,39782.68762783654,812689.6023025904,39486.99990931606,806198.8015404117,39195.675203324325,799810.8608915281,38908.61764961424,793523.3545313551,38625.73417573035,787333.9323203015,38346.93439639769,781240.3168749288,38072.13051723678,775240.3007740726,37801.23724258893,769331.7438927268,37534.1716872492,763512.5708569257,37270.85329191433,757780.7686132662,37011.203742165264,752134.3841070883,36755.14689081243,746571.5220636924,36502.608683442595,741090.3428672943,36253.51708701382,735689.0605327318,36007.802021354444,730365.9407652308,35765.39529342884,725119.2991037917,35526.23053424057,719947.499144034,35290.2431382504,714848.9508365506,35057.37020519287,709822.1088570585,34827.55048418137,704865.4710448378,34600.72431999751,699977.5769061417,34376.833601465674,695157.0061794447,34155.82171181904,690402.3774595738,33937.63348096803,685712.3468779152,33722.21513958649,681085.6068360538,33509.51427493557,676520.8847903351,33299.479788348945,672016.9420849801,33092.061854306805,667572.5728314995,32887.211881030154,663186.6028322857,32684.882472529538,658857.8885463574,32485.02739204609,654585.3160953466,32287.601526825852,650367.8003079117,32092.56085417065,646204.2838008577,31899.862408712102
2.1589178356713425,940950.6286973713,45168.41854768245,932272.5741655945,44788.17271744595,923753.1261118787,44414.2755647563,915387.9756997793,44046.56940735057,907172.9687687797,43684.90174190051,899104.0989554498,43329.125033122196,891177.501178471,42979.09651310762,883389.4454652714,42634.677990304874,875736.33109955,42295.73566760967,868214.6810704053,41962.13996906562,860821.1368050795,41633.765374701274,853552.453168564,41310.49026306195,846405.493714417,40992.196761021114,839377.2261721964,40678.77060048191,832464.7181578678,40370.100981602765,825665.1330944338,40066.08044220304,818975.7263308691,39766.604733025604,812393.8414481995,39471.57269855197,805916.9067422834,39180.88616308382,799542.4318735145,38894.44982182145,793268.0046742705,38612.17113668519,787091.2881055137,38333.96023664069,781010.0173544777,38059.72982230242,775021.9970658647,37789.39507460277,769125.0986994468,37522.87356732594,763317.2580073846,37260.08518331725,757596.4726249878,37000.95203418886,751960.7997690071,36745.398383352906,746408.3540378999,36493.35057222225,740937.3053088385,36244.73694942782,735545.8767265335,35999.487802909665,730232.3427792281,35757.53529474647,724995.0274574878,35518.8133985956,719832.3024916573,35283.25783962249,714742.5856640938,35050.80603680456,709724.3391924979,34821.397047500825,704776.0681808752,34594.97151418422,699896.3191348487,34371.4716132386,695083.6785382258,34150.84100572792,690336.7714878916,33933.02479004921,685654.2603842579,33717.96945638616,681034.8436746501,33505.62284288363,676477.2546471489,33295.93409346778,671980.2602725432,33088.85361724029,667542.6600921649,32884.33304937838,663163.285149505,32682.325213476044,658840.9969636068,32482.784085264804,654574.6865423472,32285.66475765539,650363.2734338086,32090.92340704465,646205.7048140357,31898.51726083445
2.1635270541082163,940342.8639273026,45138.98685964324,931688.1650031476,44759.76933382883,923191.3248900156,44386.87041982375,914848.0636821317,44020.13349913591,906654.2548051043,43659.40708696294,898605.9182103411,43304.54462355974,890699.2139287508,42955.40427569857,882930.4359617985,42611.8487476566,875296.0064894931,42273.74510120177,867792.4703762899,41940.96458408115,860416.4899571826,41613.38246654688,853164.840087454,41290.87788548367,846034.4034406601,40973.33369572869,839022.1660404479,40660.6363281995,832125.2130127491,40352.675654469225,825340.7245457725,40049.34485744964,818665.9720460337,39750.54030786316,812098.3144794109,39456.16144620366,805635.1948869195,39166.11066990376,799274.1370655502,38880.293225442445,793012.7424051176,38598.617105142606,786848.6868726305,38320.99294842236,780779.7181362206,38047.3339472775,774803.652821151,37777.55575578498,768918.3738908812,37511.57640342948,763121.8281465919,37249.316212065634,757412.023838963,36990.69771633954,751787.0283863688,36735.64558740238,746244.9661940013,36484.08655975842,740784.016568749,36235.94936109817,735402.411724965,35991.164644975535,730098.434876531,35749.66492619536,724870.4184108957,35511.384518784915,719716.7421410064,35276.259476429586,714635.831631284,35044.22753525932,709626.1565940093,34815.228058878194,704686.2293526884,34589.201985535336,699814.6033691561,34366.091777340334,695009.8718313549,34145.8413714316,690270.6662988923,33928.396133010414,685595.6554036373,33713.70281015824,680983.5436027664,33501.709490358626,676433.0699818014,33292.365558649246,671943.0071053213,33085.62165733314,667512.1599131435,32881.42964718194,663139.3646598917,32679.742570066774,658823.487895973,32480.514612956184,654563.42548809,32283.701073222906,650358.1016775097,32089.258325204384,646206.4681744027,31897.143787964476
2.16813627254509,939736.6585144184,45109.63141953536,931105.2054639495,44731.43734316185,922630.8685814617,44359.53201582593,914309.396639857,43993.75987349631,906136.6904132321,43633.97044107209,898108.7959436248,43280.01812597938,890221.8981625371,42931.762021733186,882472.3148456133,42589.06572090736,874856.4908803493,42251.79713699131,867370.9928280842,41919.828334644735,860012.5037627954,41593.03536789186,852777.8183704014,41271.298125825575,845663.8382933581,40954.500185417724,838667.5677063409,40642.528671056716,831786.1091097454,40335.27412045655,825016.6593285905,40032.63035660235,818356.5057052247,39734.49436541804,811803.0224749633,39440.76617885976,805353.6673144924,39151.348763156544,799005.9780534988,38866.147911935754,792757.5695405973,38585.072143985795,786606.1306551713,38308.03260542339,780549.4214572617,38034.94297604521,774585.2704681228,37765.719379656955,768711.5720745081,37500.280298183825,762926.2840501646,37238.54648937784,757227.4251884143,36980.44090794756,751613.0730400484,36725.88862994499,746081.361751117,36474.81678025417,740630.4799954996,36227.154463033825,735258.6689974455,35982.83269497455,729964.2206395528,35741.78434123882,724745.4756519042,35503.9440539585,719600.821878333,35269.24821317186,714528.6926160079,35037.6348700877,709527.5650247489,34809.0436925704,704595.9586026802,34583.41591274516,699732.4337250137,34360.69427662784,694935.5902429348,34140.822995688526,690204.0661397262,33923.74770026319,685536.5362414195,33709.415394731164,680931.7109794103,33497.77441438127,676388.3352026123,33288.774383892625,671905.1870368478,33082.36617736006,667481.076789302,32878.50187979763,663114.8458959732,32677.134750056703,658805.365910167,32478.219185098475,654551.537530177,32281.71068556347,650352.2896643924,32087.565822583434,646206.5785321624,31895.74220578367
2.172745490981964,939132.0055109867,45080.3518839505,930523.6893350012,44703.176434704714,922071.7516641614,44332.26007291309,913771.9697007483,43967.44827979535,905620.2713322226,43608.59158122146,897612.7284693918,43255.545343509315,889745.5507349074,42908.16957906189,882015.0794807809,42566.32876129506,874417.782115085,42229.89164834214,866950.2467193555,41898.7311150533,859609.1769394585,41572.723992838015,852391.3871338591,41251.75091692698,845293.7977642786,40935.696180654995,838313.4310147348,40624.44759639176,831447.4066258698,40317.89636276907,824692.9379323241,40015.93693787432,818047.3280917002,39718.46691810003,811507.9664943992,39425.38692235708,805072.3253442873,39136.6004813767,798737.9564007819,38852.01393184216,792502.4878735412,38571.53631510626,786363.6214614763,38295.079280264166,780319.1295283259,38022.55699136506,774366.8524074984,37753.88603855766,768504.6958293326,37488.985352976364,762730.628464336,37227.77612518568,757042.6795763546,36970.181727010626,751438.9367799638,36716.12763659001,745917.5438967354,36465.54136649893,740476.6989053222,36218.35239479454,735114.6519806063,35974.49209884754,729829.703617432,35733.89369182889,724620.2028346955,35496.49216172819,719484.5454558015,35262.22421278693,714421.1724617309,35031.02820923565,709428.568413162,34802.84412122997,704505.2599382941,34577.61347288597,699649.8142832012,34355.27929232029,694860.8379217237,34135.78606360547,690136.9752220585,33919.07968055519,685476.9071673746,33705.1074022589,680879.350127913,33493.81781028873,676343.0546821706,33285.16076750605,671866.8044848958,33079.08737839821,667449.4151797404,32875.549950879606,663089.7333545244,32674.501959494257,658786.6355371817,32475.898009960536,654539.0272305461,32279.69380500096,650345.8419842401,32085.846111403327,646206.0405020094,31894.312728261462
2.1773547094188377,938528.8980131134,45051.147911673725,929943.6104407648,44674.98629962541,921513.9686476088,44305.05431287792,913235.7780186707,43941.19846879092,905104.9933221345,43583.27028556742,897117.7121180336,43231.126080224654,889270.1685128879,42884.6267762806,881558.7272392852,42543.63772061536,873979.8780408542,42208.028509000724,866530.230344406,41877.6728198231,859206.508202255,41552.448255554395,852005.5454888686,41232.23619155271,844924.2813370487,40916.92163180082,837959.7557998254,40606.393071213424,831109.1057251444,40300.54236416734,824369.5608312692,39999.26459892846,817738.4399715988,39702.45797766975,811213.1475783171,39410.02370179138,804791.1702749655,39121.86586227227,798470.0736486537,38837.89133479678,792247.4991731948,38558.00967941628,786121.1612750004,38282.133044517795,780088.8445340636,38010.17607488624,774148.401012832,37742.05582365753,768297.7477062023,37477.69166797218,762534.8641062789,37217.005228149,756857.789875914,36959.9202902088,751264.6226254039,36706.36273158709,745753.5157870416,36456.260449883885,740322.6765825407,36209.54329450651,734970.3640786271,35966.14300106946,729694.8873263714,35725.99312842228,724494.6035800836,35489.028998183676,719367.9165918271,35255.187636665985,714313.2749778362,35024.40771908077,709329.170653322,34796.62951592136,704414.1373323525,34571.794841424206,699566.7490896677,34349.84700401536,694785.618981474,34130.73075865371,690069.3977224058,33914.39226098644,685416.7724160141,33700.77902323718,680826.4653362631,33489.83987175079,676297.232757666,33281.52490612255,671827.8638318069,33075.785459843326,667417.1795081184,32872.57406239542,663064.0314968934,32671.84440273726,658767.3012726153,32473.551294117668,654525.899115791,32277.65064016381,650338.7631915598,32084.09940218916,646204.8586634465,31892.85556767079
2.1819639278557115,937927.3291603922,45022.0191636656,929364.962642876,44646.86663098537,920957.5140726229,44277.914459143365,912700.8167733954,43915.01019262564,904590.8521639109,43558.006333421945,896623.7432361734,43206.760141142426,888795.7483754271,42861.133442727834,881103.2555010418,42520.99245122051,873542.776509047,42186.207593096704,866110.9419983557,41856.65334369198,858804.4962639203,41532.20807028082,851620.2925411969,41212.753882398014,844555.2884873152,40898.1764890151,837606.5418853296,40588.365062208286,830771.2065588024,40283.21210697626,824046.5284848032,39982.613336886585,817429.8420941749,39686.46755524856,810918.5667486201,39394.676541527966,804510.2033848278,39107.14494273618,798202.3313164749,38823.78016954096,791992.605185504,38544.49229686149,785878.7520546071,38269.19396872319,779858.5686333505,37997.80030716119,773929.9186308217,37730.228824972386,768090.7302281227,37466.39934212832,762338.9936644223,37206.23390567033,756672.7589306628,36949.65671291938,751090.1335653574,36696.59403784128,745589.2805472509,36446.97416041728,740168.4162799049,36200.727298877835,734825.8086635722,35957.785544664985,729559.775249973,35718.0827999961,724368.6814758526,35481.554717908366,719250.9389714149,35248.13864466976,714205.0039399632,35017.773564448325,709229.3756052692,34790.400046136994,704322.5947233958,34565.96019223671,699483.2421558684,34344.39758970541,694709.9375012681,34125.65726268537,690001.3377824719,33909.68562702548,685356.1361869224,33696.43044651964,680773.0608574381,33485.84079078606,676250.8737312192,33277.86699471624,671788.3694248203,33072.46061942571,667384.374162983,32869.57441464203,663037.744749325,32669.16228246886,658747.3675769931,32471.179242467544,654512.1576774799,32275.58139800078,650331.0578058991,32082.32590378536,646203.0375610965,31891.370934603736
2.1865731462925853,937327.292135546,44992.9653030442,928787.7398398559,44618.81712372454,920402.3825111216,44250.84023675051,912167.0811704284,43888.88320481726,904077.8436592596,43532.79950524544,896130.8181865929,43182.4473322165,888322.2872133654,42837.689408481514,880648.661653906,42498.392806018084,873106.4753753345,42164.428775143315,865692.3799772155,41835.6725816212,858403.1398349463,41512.00335133135,851235.627391467,41193.30392209314,844186.8186828991,40879.460702263095,837253.7890846588,40570.363535747514,830433.7092654827,40265.905573092976,823723.8413375957,39965.9831483381,817121.5351920275,39670.49566132814,810624.2250087609,39379.34546521201,804229.4259320694,39092.43775885724,797934.7309019805,38809.68048393392,791737.8076333908,38530.98422643304,785636.3957348545,38256.26212239772,779628.303959582,37985.429767658694,773711.407581611,37718.405131376974,767883.6458905624,37455.108473207634,762143.0197987661,37195.46226390903,756487.5895549268,36939.391109231394,750915.4725588316,36686.821676927844,745424.84127193,36437.68262673943,740013.9212189157,36191.904543213685,734680.9890757168,35949.41987122392,729424.3708395683,35710.16285406339,724242.4400770867,35474.069473995034,719133.6162464912,35241.077395144195,714096.3630903392,35011.125908627,709129.1870953415,34784.15587981309,704230.6360160131,34560.109697626496,699399.2974590948,34338.93122579324,694633.7975258472,34120.565755949116,689932.7995094744,33904.95996252528,685295.0026450845,33692.06185933366,680719.1409097301,33481.820757777685,676203.981870205,33274.187226618014,671748.3255763942,33069.11305322602,667351.0034980867,32866.55120626142,663010.8775032782,32666.45579971312,658726.8388760817,32468.782058245662,654497.8073724696,32273.48628379644,650322.7303121546,32080.52582337095,646200.5817050113,31889.859037986735
2.191182364729459,936728.7801640808,44963.98599506731,928211.9359668321,44590.8374746466,919848.5685659008,44223.831372346496,911634.5664408453,43862.81726024918,903565.9636305369,43507.64958263951,895638.9333481638,43158.18746033254,887849.7819294076,42814.294504355945,880194.9430936831,42475.8386384697,872670.9724997126,42142.691930037836,865274.5425779661,41814.73042879739,858002.4376236863,41491.834013097476,850851.5491352897,41173.886243207955,843818.8713839502,40860.77422132125,836901.4972010971,40552.38845789381,830096.6139714272,40248.62274399472,823401.499819824,39949.37402934877,816813.5199813278,39654.54230578009,810330.123343983,39364.0304957789,803948.8391550361,39077.74434593106,797667.2738815458,38795.59232496432,791483.1082170297,38517.485526179735,785394.0942262798,38243.337574049794,779398.0526209662,37973.064534777,773492.8701590886,37706.58483061841,767676.4971617598,37443.81915779268,761946.9451411897,37184.6904077955,756302.2845341048,36929.12359196003,750740.6425351717,36677.04576910695,745260.2010253209,36428.38597613761,739859.1945901501,36183.07516143143,734535.9086238749,35941.04612091643,729288.6775145459,35702.23343668845,724115.8829064991,35466.57341806126,719015.9520362322,35234.00404493606,713987.3561381097,35004.464913384574,709028.6089165049,34777.897183345405,704138.2650811704,34554.24352833859,699314.9189428032,34333.44808710801,694557.2030659403,34115.456417106034,689863.7869764729,33900.215449738986,685233.3759212107,33687.673447296205,680664.7096770684,33477.779961489214,676156.5614075753,33270.485793531254,671707.7365645256,33065.74295569087,667317.0718327062,32863.50463425625,662983.4341157424,32663.72515385054,658705.7195612048,32466.35994304084,654482.8526232158,32271.36550118651,650313.7851608843,32078.699366474983,646197.495570978,31888.32008509584
2.195791583166333,936131.7865139412,44935.080907115145,927637.5449952555,44562.927382404516,919296.066870414,44196.88759417289,911103.2678411258,43836.812115161185,903055.2079206333,43482.55634834002,895148.0851157772,43133.98033330315,887378.2294380944,42790.94856189894,879742.0972241389,42453.32980258991,872236.2657465453,42120.99693306196,864857.4280986303,41793.826780634576,857602.3883364591,41471.69997005156,850468.0568633911,41154.50077825659,843451.4460430994,40842.11699578293,836549.6660279727,40534.4397944082,829759.9207906713,40231.3636007465,823079.5043473799,39932.785975469415,816505.7971620457,39638.60749786533,810036.2627215591,39348.73165546439,803668.4442724744,39063.064738470974,797399.961710448,38781.515738761744,791228.5086141209,38503.996253220044,785151.8494156811,38230.42039119148,779167.8167008127,37960.70468585669,773274.3086311828,37694.768009329586,767469.2864830239,37432.53149129938,761750.7722957602,37173.91844104513,756116.8466249773,36918.8542726609,750565.6463943762,36667.26643333816,745095.3628416569,36419.084334560794,739704.2395535806,36174.23928607551,734390.5705857205,35932.66443250806,729152.698662675,35694.29469250211,723989.0134547569,35459.0667002648,718897.94992739,35226.918749408374,713877.9867596626,34997.79073898342,708927.6448286788,34771.624121604735,704045.4857565379,34548.361853575494,699230.1105169401,34327.94834692073,694480.1580985871,34110.329423245246,689794.3042226912,33895.45226933552,685171.2601120593,33683.26539442926,680609.7713093418,33473.718589079996,676108.6165421763,33266.76288554742,671666.6066330678,33062.350519648324,667282.5834519578,32860.43489400521,662955.4189095501,32660.97054263344,658684.0139895508,32463.91309681048,654467.2978180822,32269.219252173072,650304.2267686106,32076.846736991494,646193.7836008226,31886.75428157177
2.2004008016032066,935536.3044951644,44906.24970867278,927064.5609326243,44535.0865474859,918744.872088552,44170.008632053585,910573.1806529858,43810.86752713993,902545.5723928551,43457.5195862099,894658.2699002698,43109.82575986274,886907.6266657705,42767.6514133885,879290.1214570024,42430.866152944756,871802.3529846054,42099.343659882026,864441.034838345,41772.96153277578,857202.9906776458,41451.60113674981,850085.1496617381,41135.14745970171,843084.5421056058,40823.48897506386,836198.295348827,40516.51751075647,829423.6298252309,40214.12812400875,822757.8553220752,39916.21898174416,816198.3674181683,39622.69124624329,809742.6440910256,39333.44896581449,803388.2424837779,39048.39897021857,797132.7958231241,38767.45077060784,790974.0104801559,38490.51646375375,784909.6631663918,38217.51064035053,778937.5982578152,37948.35029719339,773055.7252401526,37682.95475304209,767262.0162690312,37421.24556799037,761554.5038390319,37163.14646617207,755931.2785560137,36908.583261644075,750390.4870074048,36657.48378729465,744930.3297254757,36409.777826634054,739549.059238891,36165.39704833214,734244.9782081048,35924.27494337461,729016.4376404248,35686.34676471662,723861.8351808009,35451.54946931861,718779.613474613,35219.82166245549,713768.2585989506,34991.103544195685,708826.298559057,34765.33685795221,703952.3018468091,34542.4648410126,699144.8760582624,34322.4321769597,694402.6665674574,34105.18494989925,689724.3552538356,33890.67060041495,685108.6592807528,33678.83788317535,680554.3299227117,33469.63682612063,676060.1514390637,33263.01869116123,671624.9399920417,33058.93593632314,667247.5426071064,32857.34217927826,662926.8361736846,32658.1921622011,658661.7264844818,32461.441717895672,654451.1473116433,32267.047737139612,650294.059518123,32074.968137194574,646189.4502027082,31885.161831434656
2.2050100200400804,934942.3274595452,44877.49207131304,926492.977822208,44507.31467219888,918194.9789144292,44143.19421738343,910044.3001832194,43784.98325510995,902037.0529308122,43432.53908123224,894169.484128358,43085.72354966271,886437.9705505564,42744.40289182997,878839.0132119781,42408.447544650495,871369.232087116,42077.7319865495,864025.3610974342,41752.13458109491,856804.2433497931,41431.53742783557,849702.826611663,41115.82621995893,842718.1590095055,40804.89010840776,835847.3849375843,40498.62157211591,829087.741165292,40196.9162940447,822436.5531318467,39899.673042719005,815891.2314179201,39606.79355898107,809449.2683844151,39318.18244769538,803108.2349692328,39033.74707415421,796865.7776334273,38753.39746494746,790719.6154486849,38477.046213073714,784667.5373185576,38204.60838708269,778707.399326335,37936.001444050315,772837.1222028771,37671.14514619932,767054.6889081197,37409.96148098842,761358.1423203484,37152.37458450282,755745.5830276756,36898.31066798798,750215.1672164877,36647.69794737746,744765.1046519316,36400.46657567306,739393.6567457898,36156.54857804379,734099.1347073719,35915.87778951683,728879.8977732806,35678.389795140545,723734.3515121634,35444.021872505844,718660.9462007653,35212.71293651826,713658.1752678099,34984.40348631851,708724.5738024263,34759.035554254515,703858.7171240202,34536.55265681341,699059.2194106546,34316.899747425676,694324.7323831691,34100.02317105915,689653.9440424109,33885.87062052377,685045.5774570925,33674.39109441262,680498.389599928,33465.53485660816,676011.1702298139,33259.253397285946,671582.7408179466,33055.499395351886,667211.9535158748,32854.22668225172,662897.6901635872,32655.390207094708,658638.8613358359,32458.94600303611,654434.4054249872,32264.85115486585,650283.2877587775,32073.063767753072,646184.4997514336,31883.54293709888
2.209619238476954,934349.8488002986,44848.80766867954,925922.7897427757,44479.611460657776,917646.382072166,44116.44408311644,909516.6217635314,43759.159059324236,901529.6454383029,43407.61461950327,893681.7242425643,43061.673513266476,885969.2580423178,42721.202830952905,878388.7699167487,42386.07383337237,870936.9009317888,42056.161789501064,863610.4051774766,41731.345821698524,856406.1450537062,41411.50875804225,849321.0867899851,41096.53699140115,842352.2961857547,40786.32034489162,835496.9345587146,40480.751943381576,828752.2548893916,40179.72809072779,822115.5981509549,39883.14815244984,815584.3898139774,39590.914443562484,809156.136516486,39302.932121303114,802828.4228902585,39019.109082507435,796598.9085348777,38739.355865399615,790465.3251315769,38463.58555557727,784425.473689404,38191.71369598359,778477.2219166781,37923.65820067066,772618.5017111382,37659.33927216915,766847.3067625797,37398.679322289514,761161.6902621356,37141.60289618969,755559.7627127166,36888.03659955308,750039.6898354285,36637.90902872935,744599.6905670988,36391.15070369813,739238.0351443185,36147.694003723635,733953.0432696699,35907.47310557495,728743.0823560569,35670.4239241934,723606.5658452825,35436.48405569458,718541.9515972394,35205.59272259883,713547.7403462745,34977.690721188825,708622.4742214829,34752.72037089884,703764.7353278649,34530.62546564448,698973.1443854439,34311.35122700698,694246.3594236013,34094.84425918977,689583.0745280334,33881.052505669904,684982.018637871,33669.92520747003,680441.954390637,33461.41286298105,675961.677012832,33255.46718926829,671540.0132540661,33052.04108479794,667175.8203627479,32851.08859352312,662867.9851014591,32652.564870272294,658615.422800228,32456.426147384904,654417.0764460138,32262.62970254247,650271.9158067928,32071.13382774531,646178.9365887265,31881.897799387516
2.2142284569138275,933758.861951726,44820.1961764697,925353.9908083251,44451.97661876914,917099.0763156755,44089.75796375439,908990.1407503778,43733.39470135526,901023.3458391984,43382.74598822541,893194.9867011473,43037.67546214451,885501.4861026326,42698.051065208,877939.3890069795,42363.744875323064,870505.3574008615,42034.63294555885,863196.1653813722,41710.59515092725,856008.6944885447,41391.515042196304,848939.9292691288,41077.27970636256,841986.953058371,40767.77963343099,835146.9439673958,40462.90858917262,828417.1710645979,40162.56349354885,821794.9907401802,39866.6443045106,815277.8432436794,39575.05390689678,808863.249384945,39287.698006173145,802548.8073896442,39004.48502676707,796332.1899009107,38725.32601476818,790211.1411192769,38450.134544777524,784183.4740735026,38178.82663070046,778247.068015367,37911.32064028981,772399.8659319021,37647.53721325656,766639.8721689383,37387.39918277573,760965.1501601931,37130.83150022403,755373.820256477,36877.76116299545,749864.0576499014,36628.11714524862,744434.090388276,36381.83033144824,739082.1974751558,36138.833452569605,733806.7070512561,35899.06102484295,728605.9946532038,35662.44929092008,723478.4815458091,35428.93616335242,718422.633124267,35198.46117027524,713436.9573828859,34970.96540319823,708520.0034471394,34746.39146680765,703670.360166003,34524.68343069036,698886.6547617082,34305.78678289431,694167.5515342015,34089.648385244494,689511.7506177375,33876.21643033762,684917.9867871773,33665.4404001421,680385.0283116868,33457.27102613406,675911.6758536561,33251.6602509033,671496.7614107705,33048.56119116619,667139.1472992727,32847.928102125996,662837.7251765596,32649.71634312338,658591.4151013468,32453.882344523146,654399.1646297281,32260.383575785636,650259.9479455415,32069.178514673444,646172.7650235313,31880.22661754677
2.2188376753507013,933169.3603888904,44791.65727241831,924786.5751678162,44424.409854217854,916553.0564284559,44063.13559533554,908464.8525248085,43707.68994408602,900518.1500773333,43357.93297570058,892709.2679780327,43013.7292086696,885034.6517047631,42674.947429764106,877490.8679263263,42341.46052726155,870074.5993811361,42013.14533193074,862782.6400134122,41689.88246535768,855611.8903519172,41371.55619522024,848559.3531172446,41058.05429714293,841622.1290445753,40749.26792278533,834797.412909676,40445.09147383857,828082.4897466913,40145.42248162338,821474.7312470203,39850.161492001316,814971.5923292403,39559.21195532759,808570.6078706742,39272.480121189816,802269.3895917854,38989.87493769143,796065.6230851238,38711.30795505268,789957.0649810637,38436.69323331463,783941.5402430373,38165.947253943945,778016.9395854156,37898.98883514747,772181.2170075969,37635.7390507162,766432.3874382456,37376.12115222821,760768.5244839849,37120.06049444944,755187.7582771785,36867.484463780165,749688.2734177508,36618.32240960279,744268.3070042861,36372.50557839495,738926.1467499216,36129.967050478575,733660.1291788034,35890.64167928285,728468.637899116,35654.466033005294,723350.1019489178,35421.37833856096,718302.9942112277,35191.31842771614,713325.8298950035,34964.22768530754,708417.1650788378,34740.04899945349,703575.5953143715,34518.726713668315,698799.7542865869,34300.206580795595,694088.312528296,34084.43571868009,689439.9761862846,33871.36256750238,684853.4858367033,33660.936848703794,680327.6153474334,33453.10952543305,675861.1707852605,33247.83276444905,671452.9893658188,33045.05989941784,667101.9384443591,32844.74539554448,662806.9145455053,32646.844815483517,658566.84243025,32451.314786474504,654380.6741985354,32258.11296865152,650247.3884258434,32067.19802447795,646165.9893323025,31878.529589260314
2.223446893787575,932581.337627285,44763.190636280786,924220.5370049042,44396.91087645324,916008.3172233759,44036.576715423194,907940.7524923036,43682.044551700914,900014.0541163894,43333.17537132315,892224.5645627409,42989.83456611189,884568.7518336205,42651.89176050512,877043.2041264346,42319.22064649155,869644.624764013,41991.69882621034,862369.8273793405,41669.20766180368,855215.7313399717,41351.63213213531,848179.3573983209,41038.86069601152,841257.8235549277,40730.7851615629,834448.3411226274,40427.30056146532,827748.2109803364,40128.305033698336,821154.820005879,39833.6997075558,814665.6376779525,39543.388594641314,808278.2128379467,39257.2784845956,801990.170602913,38975.27884531815,795799.2094215158,38697.3017274587,789703.0982652978,38423.26167296673,783699.6739480608,38153.07562749945,777786.8385665931,37886.66285649954,771962.5570563859,37623.94486476454,766224.8548563519,37364.84531933965,760571.8156769208,37109.2899755746,755001.5793662108,36857.20660619449,749512.3398692812,36608.52493324195,744102.3432757695,36363.176562755965,738769.8859514731,36121.094922060045,733513.3127496985,35882.21519953862,728331.0152984317,35646.47428678754,723221.430359606,35413.810723029965,718183.0382569515,35184.16464169495,713214.3613691066,34957.47771906118,708313.9626848497,34733.69312487324,703480.4444174857,34512.75547484267,698712.446675581,34294.61078495038,694008.64618739,34079.206427471145,689367.7550764612,33866.49108864516,684788.519686044,33656.41472792489,680269.7194500375,33448.92853872931,675810.1658083517,33243.98491064105,671408.7011646527,33041.53739298465,667064.197884572,32841.54065972764,662775.5573325597,32643.950475648617,658541.7089456543,32448.723663719364,654361.6093425283,32255.818073650353,650234.2414662492,32065.19255155164,646158.6137592836,31876.806910663207
2.228056112224449,931994.7872225171,44734.79594981696,923655.8705376803,44369.47939667556,915464.8535424701,44010.08106309471,907417.8360826202,43656.458289677015,899511.0539397864,43308.47296557332,891740.8729603201,42965.99134863402,884103.7834857367,42628.88389402695,876596.395066947,42297.025090860196,869215.4314455277,41970.29330637722,861957.72578642,41648.57063731803,854820.2161474853,41331.742768064374,847799.9411723005,41019.6988352111,840894.0359934641,40712.33129822593,834099.7283345057,40409.53581588126,827414.3347992586,40111.211128159215,820835.2573382581,39817.25894334954,814359.9798823934,39527.58383007576,807986.065134646,39242.093114000316,801711.151511325,38960.69677897402,795532.9502247297,38683.307372408264,789449.2424996734,38409.83991466086,783457.8769167543,38140.211812238565,777556.7668756907,37874.34277462988,771743.8881724393,37612.15473459213,766017.2766841853,37353.57177172687,760375.0261566407,37098.52003918611,754815.2860884193,36846.92769336098,749336.2597075488,36598.72482641213,743936.2020354796,36353.843401508704,738613.4180342015,36112.217190649935,733366.2608323405,35873.78171495005,728193.1300263328,35638.47418727323,723092.4700529957,35406.23345711152,718062.76863002,35176.99995760414,713102.5552610969,34950.71565460148,708210.39980258,34727.32399768265,703384.9110887424,34506.76987303941,698624.7356128565,34288.999558144336,693928.5562614684,34073.96067812459,689295.0910993821,33861.60216376713,684723.0922029954,33651.874211084556,680211.3445397625,33444.728242374185,675758.6648916657,33240.11686870676,671363.9008206931,33037.99385378345,667025.9296744257,32838.31407910387,662743.6576299266,32641.033510389276,658516.0187742255,32446.109165209164,654341.9742197734,32253.499081760714,650220.511253327,32063.162288753814,646150.6425167935,31875.05877635602
2.2326653306613227,931409.7027699816,44706.47289677486,923092.5700184066,44342.115127822355,914922.6602567314,43983.648378930266,906896.0987496316,43630.93092477514,899009.1455505684,43283.82555001028,891258.1896912721,42942.199371286384,883639.7436692286,42605.92366763447,876150.4382155008,42274.87371875654,868787.0173263812,41948.928650796886,861546.3335434915,41627.97128919375,854425.3434679523,41311.88801823456,847421.1034951907,41000.56864696166,840530.7657578273,40693.90628109552,833751.5742648977,40391.79720066308,827080.8612264098,40094.14074303677,820516.0435529404,39800.8391911072,814054.6195206228,39511.797666328435,807694.1655924778,39226.92402639017,801432.3333876078,38946.12876728467,795266.8467902845,38669.32492955008,789195.4991914602,38396.42800848366,783216.1508556783,38127.35586813023,777326.7264067796,37862.02865886191,771525.2124262002,37600.36873837549,765809.6551580239,37342.30059594309,760178.15831529,37087.75077976108,754628.880982385,36836.64782725027,749160.0356086442,36588.92219816839,743769.8860885677,36344.50621040355,738456.7459243205,36103.33397832405,733218.9764664316,35865.341353566444,728054.9852288377,35630.465868150364,722963.2242746287,35398.64667981392,717942.1886690619,35169.82451946921,712990.4149965936,34943.94164068277,708106.4799388623,34720.941771090336,703288.9989107148,34500.770065660196,698536.6247515389,34283.37306172344,693848.0464692926,34068.69863569386,689221.988034782,33856.695961403704,684657.2072238489,33647.31546998547,680152.494505268,33440.50881123313,675706.6719722581,33236.2288163796,671318.5923156275,33034.42946223022,666987.1378366703,32835.06583659493,662711.219498034,32638.09410496472,658489.77601086,32443.47147838026,654321.7729565946,32251.156182443356,650206.2019419406,32061.107427424064,646142.0797855016,31873.285379418532
2.2372745490981965,930826.0779045497,44678.22116287465,922530.6297332621,44314.81778455508,914381.7322659075,43957.27840500196,906375.5359711747,43605.46222503114,898508.3249712948,43259.23291726562,890776.5112914849,42918.45845000226,883176.6294037678,42583.01091933844,875705.3310477324,42252.766389110184,868359.3803119744,41927.60473822087,861135.6489610367,41607.4095149656,854031.1119936715,41292.06779797995,847042.8434191744,40981.47006346442,840168.0122394013,40675.51005835643,833403.8786248766,40374.084679141604,826747.7902741411,40077.09385601374,820197.1789461765,39784.44044211014,813749.5571563833,39496.03010756479,807402.5150271826,39211.77123813662,801153.7172848625,38931.574838183995,795000.9003948107,38655.35443776959,788941.8698277476,38383.02600369202,782974.497450025,38114.50785425181,777096.7190314711,37849.720577570166,771306.5318646492,37588.58695328902,765601.9924897662,37331.031877490124,759981.2145197953,37076.98229067969,754442.3665607051,36826.36710869395,748983.6702219779,36579.11715638782,743603.3982128724,36335.165103977175,738299.8725201574,36094.44540591145,733071.4626632704,35856.89424216011,727916.5840230957,35622.44946180233,722833.6962407599,35391.05052881545,717821.3016830488,35162.63846996258,712877.9439712309,34937.15582468528,708002.2065702549,34714.546596911874,703192.7114354499,34494.75620869646,698448.1177140094,34277.73145560803,693767.1204986932,34063.42046379304,689148.4496313109,33851.77264863873,684590.8685536836,33642.73867496798,680093.1732038998,33436.270418699816,675654.1909557957,33232.32092991316,671272.7795997004,33030.84439725406,666947.8263625801,32831.79611362996,662678.2469658211,32635.132443136816,658462.9847189715,32440.810789167877,654301.0096478532,32248.789563655027,650191.3176555313,32059.02815739604,646132.9297147071,31871.486911423417
2.2418837675350702,930243.9063002544,44650.04043579289,921970.0440020864,44287.58708324596,913842.0644982978,43930.97088486295,905856.1432488962,43580.05195974728,898008.5882439299,43234.694861036616,890295.8343121643,42894.768401593145,882714.437720547,42560.14548785255,875261.0710472777,42230.70296138984,867932.5183124408,41906.32144778676,860725.6703512385,41586.88521241143,853637.5204158307,41272.2820227442,846665.1599927177,40962.40301690543,839805.7748234384,40657.14257806195,833056.6411171479,40356.39821440759,826415.1219443661,40060.07044443145,819878.6638018648,39768.062687203914,813444.7933392965,39480.28115742642,807111.114238743,39196.634765005285,800875.3042389223,38917.03501892373,794735.11229628,38641.39593519901,788688.3558756837,38369.633948723524,782732.918363865,38101.667828800004,776866.7465991704,37837.41859819151,771087.8485115663,37576.80945551675,765394.2908671976,37319.765700830445,759784.1971121366,37066.21466423744,754255.7453102687,36816.0856373971,748807.1661705578,36569.30980778238,743436.7411591999,36325.820195565444,738142.800692437,36085.55159300774,732923.7224060372,35848.4405062398,727777.929497674,35614.42509932131,722703.8891386477,35383.44514047804,717700.110951585,35155.441950417306,712765.1455509464,34930.358352629,707897.5831433325,34708.13862558361,703096.0521847574,34488.72845674338,698359.218092195,34272.07489830682,693685.7820068611,34058.1263246108,689074.4796068232,33846.832391118456,684524.0799666545,33638.143994924045,680033.3844619772,33432.013236710176,675601.2257168398,33228.393384095056,671226.4665919964,33027.23883631121,666907.9992122352,32828.5050901593,662644.7440310183,32632.148707183835,658435.648930768,32438.12728201987,654279.6883572262,32246.399411862218,650175.8624863912,32056.924667011066,646123.1964226116,31869.663562449845
2.246492985971944,929663.1816699777,44621.930405146624,921410.8071781235,44260.4227419646,913303.6519105511,43904.72556353657,905337.9161080953,43554.6998994835,897509.9314297312,43210.21117607963,889816.1553197597,42871.12904374384,882253.1656622459,42537.32721259021,874817.6557057701,42208.6832956017,867506.4292426732,41885.07865901803,860316.3960280352,41566.398279553345,853244.5674245888,41252.53060808289,846288.0522606755,40943.36743945918,839444.0528891863,40638.803788138444,832709.8614361954,40338.73776931722,826082.8562287237,40043.07048529624,819560.4983917302,39751.70591680538,813140.3286050519,39464.55081903892,806819.9640115888,39181.51462216444,800597.0952685697,38902.509336082556,794469.4837342304,38627.449459227035,788434.9587827098,38356.25189120669,782491.4152403898,38088.83584910155,776636.8109373269,37825.122787236345,770869.1643677864,37565.03632026367,765186.5524542526,37308.50214939897,759587.1084096135,37055.44799165729,754069.0196925269,36805.80351195061,748630.5260512653,36559.50025791149,743269.9176516023,36316.47159731631,737985.5332845614,36076.65265798793,732775.7586500762,35839.98027006376,727639.0247128425,35606.3929105216,722573.8061268382,35375.830649860596,717578.6197251937,35148.23510084054,712652.0230722697,34923.54936918718,707792.6130749722,34701.71800617629,702999.0246504984,34482.68696301343,698269.929447855,34266.40354693046,693604.0346206335,34052.81637892409,689000.0816486622,33841.875353065174,684456.8452062773,33633.53159731091,679973.1320750773,33427.73743575592,675547.780099131,33224.44635226056,671179.6571807218,33023.61295539855,666867.6603148013,32825.19294466812,662610.7146604251,32629.143077914014,658407.7726475282,32435.421139910137,654257.8131174794,32243.985912054555,650159.8404959358,32054.797143131505,646112.8839965883,31867.81552109672
2.251102204408818,929083.8977651466,44593.89076247802,920852.9136477754,44233.32448046517,912766.489487469,43878.54218750577,904820.8500975751,43529.405816049046,897012.3506091424,43185.78165820358,889337.4708958983,42847.5401950079,881792.810282998,42514.55593366168,874375.0825228421,42186.70725228815,867081.1110223567,41863.87625182418,859907.8243071814,41545.94861465911,852852.2517091586,41232.81346966622,845911.5192643963,40924.36326329227,839082.8458100135,40620.49363639006,832363.539268425,40321.103306497724,825750.9931087395,40026.09395528592,819242.6829755,39735.370120910055,812836.163475601,39448.83909501996,806529.0651147999,39166.41082419373,800319.0913757496,38887.99781557534,794204.0159299917,38613.515046508626,788181.6799767946,38342.879877971274,782249.9897021553,38076.01197162399,776406.9138516837,37812.833210299694,770650.4814114552,37553.267621767394,764978.7793912755,37297.24130561487,759389.9507051115,37044.68236310176,753882.1921437642,36795.52082984367,748453.7524351277,36549.6886111946,743102.9303876543,36307.11942020259,737828.0731128899,36067.74871801954,732627.5743231787,35831.513656652976,727499.8727008566,35598.35302395288,722443.4503354505,35368.20719073245,717456.8312256017,35141.01805992703,712538.5798426073,34916.72901769992,707687.2997526396,34695.28488640872,702901.6322948702,34476.63187935014,698180.2553128675,34260.7175572054,693521.881936779,34047.490786111906,688925.2594139456,33836.90169729105,684389.1679857111,33628.90164816489,679912.4198083163,33423.4431848984,675493.8579158678,33220.48000630638,671132.3552234833,33019.96692906736,666826.8135688072,32821.85985419,662576.162790186,32626.115734679144,658379.3598398757,32432.692544352234,654235.3879307407,32241.549247758237,650143.2557149741,32052.645771154203,646101.9964934511,31865.942974496047
2.2557114228456916,928506.0483754264,44565.92120123885,920296.3578303496,44206.292020173416,912230.5722418044,43852.4205047024,904304.9407894906,43504.16948249381,896515.8418816852,43161.406104263435,888859.777637314,42824.00167480284,881333.3686483578,42491.831491870944,873933.3490061231,42164.774692526116,866656.5615759939,41842.71410650052,859499.9535063007,41525.536116243304,852460.5719578876,41213.130523281245,845535.5600418258,40905.39042056689,838722.152953533,40602.212070503214,832017.674292307,40303.49478835284,825419.5325559848,40009.14083075606,818925.2178010775,39719.05528909903,812532.2984593424,39433.14598748694,806238.4183023063,39151.323385092546,800041.2935457828,38873.50048266218,793938.7100869068,38599.592732974525,787928.5208666647,38329.51795505825,782008.6433513187,38063.19625198606,776177.0571265216,37800.54993207204,770431.8015982808,37541.503433309226,764770.9737952774,37285.98325089312,759192.7262673631,37033.91786768479,753695.265075363,36785.237687475754,748276.847867589,36539.874970923585,742935.7820387259,36297.76377403445,737670.4229670137,36058.83988907522,732479.1723258573,35823.04078780393,727360.4764662352,35590.30556691315,722312.8248664555,35360.574895586375,717334.748646021,35133.790965072316,712424.8191405234,34909.89744018745,707581.6465346703,34688.83941266098,702803.8785506879,34470.563356241386,698090.1991895089,34255.01708348714,693439.3275222777,34042.149704168645,688850.0165298445,33831.91158521145,684321.0519880382,33624.25431211473,679851.2513966283,33419.13065178201,675439.4629499852,33216.49451670397,671084.5645475638,33016.30093043661,666785.4628424192,32818.5059943203,662541.0923260628,32623.06685538783,658350.4144480502,32429.941675412545,654212.4167687682,32239.0896010493,650126.1121439771,32050.470735023544,646090.5379397196,31864.04610832598
2.2603206412825654,927929.6273284213,44538.021416775286,919741.1341778152,44179.32508417383,911695.8952140694,43826.36026449676,903790.1837791981,43478.99067310006,896020.4013658498,43137.0843121537,888383.072155779,42800.5133034054,880874.837835265,42469.15372871267,873492.4526712375,42142.885477925614,866232.778832936,41821.59210372807,859092.7819449414,41505.16068306847,852069.5268583355,41193.481684834325,845160.1736276065,40886.44884344419,838361.9736817223,40583.959038051,831672.2661785153,40285.91217706804,825088.4745322317,39992.21108774617,818608.1031047151,39702.76141054606,812228.7340513078,39417.47149806469,805948.0243130854,39136.252318288265,799763.7027475715,38859.01736195719,793673.5673905488,38585.68255384067,787675.4828420301,38316.16616772972,781767.3777698728,38050.38874496805,775947.2425249023,37788.27301635011,770213.1268617818,37529.743827225364,764563.1377601905,37274.728065655916,758995.4373412066,37023.15459348337,753508.2408740676,36774.95418016862,748099.8148687743,36530.05943927485,742768.475250251,36288.40476747189,737512.5856100271,36049.926285945374,732330.5555316219,35814.56178410137,727220.8389860368,35582.25066546172,722181.9327939539,35352.933895651666,717212.3751514253,35126.55395238578,712310.7442160196,34903.05477736321,707475.6567505492,34682.38172998781,702705.7668216634,34464.48154283274,697999.7645507341,34249.302278773655,693356.3749145998,34036.79328971748,688774.3565938609,33826.905176858374,684252.5008665402,33619.589752395055,679789.6305450399,33414.800002647426,675384.598954428,33212.49005251291,671036.2889501957,33012.61513120634,666743.6119737119,32815.131539229405,662505.5071437054,32619.996616518714,658320.9403821747,32427.16871172352,654188.9035732173,32236.607152566652,650108.4137533399,32048.272217244543,646078.5123318818,31862.1251068238
2.264929859719439,927354.6284893736,44510.19110631274,919187.2371745558,44152.423397197046,911162.4534723376,43800.36121768712,903276.5746851062,43453.86916337401,895526.0251989879,43112.81608080199,887907.3510780329,42777.074901946966,880417.2149320116,42446.522486369184,873052.3910418012,42121.0394706282,865809.7607274057,41800.51012457339,858686.3079446295,41484.82221414626,851679.1150973511,41173.86687035333,844785.3590531772,40867.53846408774,838002.3073510433,40565.73448649753,831327.3145900649,40268.35543461599,824757.8189896072,39975.304701985726,818291.3391111802,39686.488474024314,811925.4707333434,39401.81562789305,805657.8838713556,39121.197636644545,799486.319933806,38844.548477437354,793408.5890089365,38571.784543617556,787422.5672738099,38302.824560478766,781526.1945198793,38037.58950452205,775717.471788907,37776.00252604749,769994.459113531,37517.98887491784,764355.2733571175,37263.475829343995,758798.0861478418,37012.39262754927,753321.1219022424,36764.6704021782,747922.6559337545,36520.24211732153,742601.0126419939,36279.04250803695,737354.5637787977,36041.008022250615,732181.7267872491,35806.076764930964,727080.9632101316,35574.1884444318,722050.7771644478,35345.284320906925,717089.7138788258,35119.30715670364,712196.3582908079,34896.20116864702,707369.3337011844,34675.91198213152,702607.3004826796,34458.386586940556,697908.9548404497,34243.57329471848,693273.0276219798,34031.421698023565,688698.2831741022,33821.88263089359,684183.5182449708,33614.90813085943,679727.5609289422,33410.45140234488,675329.2696524216,33208.46678139406,670987.5321988292,33008.909701670695,666701.264770937,32811.73666167581,662469.4110889168,32616.905193133567,658290.9415225213,32424.373830496566,654164.8522559033,32234.10208152506,650090.1644836452,32046.050398895717,646065.9236366531,31860.18015279877
2.2695390781563125,926781.0457608686,44482.429968940945,918634.6613371305,44125.58668560725,910630.2421120517,43774.42311648944,902764.1091485282,43428.80473003759,895032.7095372068,43088.60121016266,887432.611045715,42753.68629240889,879960.497038205,42423.937607707434,872613.16164942,42099.236533305404,865387.5051985242,41779.4680504884,858280.5298289182,41464.520608738465,851289.3353611495,41154.28599598995,844411.1153468704,40848.659214666746,837643.1533125591,40547.53836320228,830982.8191824459,40250.82452276149,824427.5658707458,39958.421648900294,817974.9260339234,39670.23646791321,811622.5089742903,39386.178377634256,805367.9976867695,39106.15935246934,799209.1460411671,38830.09385245119,793143.7760927477,38557.89873611936,787169.7755143523,38289.493177038996,781285.0951436973,38024.79858378207,775487.7466398713,37763.738523205066,769775.8002434004,37506.238646865364,764147.38263458,37252.22662042777,758600.6748850818,37001.632055920345,753133.9104981292,36754.38644670622,747745.3735328056,36510.423105045265,742433.3968083124,36269.677102125876,737196.3601842299,36032.08521045402,732032.6889130505,35797.585848491675,726940.8520614707,35566.11902744319,721919.3609971139,35337.62630009278,716966.7679375417,35112.05071160169,712081.6645585847,34889.33675217778,707262.6806591811,34669.43031153511,702508.4828800656,34452.27863506498,697817.7734737888,34237.830281643786,693189.2891236888,34026.03508300703,688621.7998095521,33816.84410462175,684114.1077178273,33610.20960799355,679665.0461943619,33406.08501434718,675273.4787377411,33204.424869622555,670938.2980314017,33005.18481073099,666658.4250127893,32808.3215330191,662432.8079779191,32613.792758890133,658260.4217197743,32421.557207535076,654140.2666990623,32231.574565727944,650071.3682459216,32043.8054596419,646052.7757912339,31858.211427644772
2.2741482965931863,926208.8730825437,44454.73770559921,918083.4012140324,44098.81467738982,910099.2562558346,43748.54571452717,902252.7828335351,43403.79715102023,894540.4505552627,43064.439501210545,886958.8487152952,42730.347297617926,879504.6812647372,42401.39893627603,872174.7620336856,42077.4765291572,864966.0101903378,41758.46576331031,857875.445923443,41444.255766358176,850900.1863353857,41134.73897802187,844037.4415340095,40829.8110273594,837284.5109120508,40529.37061542428,830638.7796037596,40233.319403066846,824097.7151089383,39941.5619036174,817658.8640752435,39654.0053802051,811319.8492301629,39370.55974748043,805078.3664546035,39091.13747752294,798932.1819905288,38815.65350972729,792879.1297755301,38544.025164473096,786917.1088976557,38276.17206039423,781044.081164211,38012.016035074,775258.068778622,37751.481069001515,769557.1521197997,37494.49321263407,763939.4676187651,37240.980516418436,758403.2057276043,36990.87296363197,752946.6089761019,36744.10240591193,747567.970111667,36500.602501348156,742265.6303184192,36260.30865502113,737037.9775115305,36023.15796187341,731883.444703139,35789.08915180821,726800.5084363546,35558.042536914756,721787.6872840701,35329.95996072451,716843.5404094704,35104.78474940807,711966.6661853002,34882.4616648264,707155.7008691118,34662.93685935493,702409.3173318639,34446.157832402765,697726.2238373794,34232.07338855325,693105.1628703051,34020.633597255954,688544.9100103406,33811.78975400325,684044.2728506187,33605.49434292806,679602.0899582279,33401.70100076264,675217.2298749783,33200.364482100726,670888.5901566012,33001.44062590861,666615.0964486699,32804.88632323281,662395.7015976153,32610.659486055065,658229.3847952894,32418.719017247073,654115.1507556118,32229.024781580174,650052.0289219008,32041.53757774681,646039.072703565,31856.219111353006
2.27875751503006,925638.1044307955,44427.11401906158,917533.4513854508,44072.10710213886,909569.4910532965,43722.72876682098,901742.5914268102,43378.84620545067,894049.2444464549,43040.330755934454,886486.0607580051,42707.057741241515,879049.7647337451,42378.906316302106,871737.1897421695,42055.759321910424,864545.2736518374,41737.50314526115,857471.0545559663,41424.02758677061,850511.6667052263,41115.22573285485,843664.3366370006,40810.993834355955,836926.3794901294,40511.231190326216,830295.1954948473,40215.84003689664,823768.266628279,39924.72544097233,817343.1534264477,39637.7951985117,811017.4919443226,39354.95973716064,804788.9908559433,39076.132023025755,798655.4286871519,38801.227471382736,792614.6511739062,38530.1638611274,786664.5687395822,38262.86125278778,780803.1540850516,37999.241909925375,775028.4398857042,37739.23022376334,769338.5165899119,37482.75264088802,763731.530313764,37229.73759387872,758205.6808271958,36980.1154347281,752759.2196269153,36733.818370923276,747390.4480917942,36490.780404064266,742097.7157166363,36250.937270903145,736879.4184204651,36014.22638669317,731733.9969256877,35780.58679074299,726659.9352046931,35549.9590940766,721655.7589906397,35322.28542910431,716720.0343493519,35097.50940121557,711851.3663094239,34875.576042208166,707048.3975477812,34656.43176547336,702309.8071280991,34440.02432285999,697634.3092896108,34226.302763144726,693020.6522839775,34015.217392039005,688467.6172580073,33806.71973366697,683974.0171801288,33600.76249345133,679538.6958086333,33397.29952234775,675160.5266998013,33196.28578237083,670838.4122541272,32997.67731335762,666571.2827989456,32801.43120091704,662358.0957058457,32607.505545516386,658197.8345413513,32415.859432657813,654089.5082494026,32226.452904100475,650032.1503642703,32039.246930085625,646024.8182525788,31854.203382524305
2.283366733466934,925068.7338184942,44399.55861392246,916984.8064630368,44045.46369104514,909040.941680848,43696.972029778815,901233.5306375034,43353.95167364891,893559.087422521,43016.274777331084,886014.2438597684,42683.81744778332,878595.7445785776,42356.45959268836,871300.4423304204,42034.08477581719,864125.2935369856,41716.58007894768,857067.3540564289,41403.835969994194,850123.7751554226,41095.746177024856,843291.7996754274,40792.20756786186,836568.7583823482,40493.120034978485,829952.0664894206,40198.38638542281,823439.2203438114,39907.91223551388,817027.7942680119,39621.60591007073,810715.4375476503,39339.37834594815,804499.8715578694,39061.14299966611,798378.8870208819,38786.81575893138,792350.3413877798,38516.31485786152,786412.1563380715,38249.56079573182,780562.315390819,37986.47625907518,774798.86162161,37726.986046975086,769119.8954799277,37471.01699939969,763523.5727018137,37218.49792843374,758008.1023129971,36969.359552272355,752571.7447179542,36723.534431848355,747212.8098706111,36480.95690997119,741929.6555226521,36241.563052862104,736720.6855456178,36005.290593976315,731584.3483231904,35772.07888000834,726519.1352102687,35541.86881898231,721523.5790556143,35314.60283033369,716596.2527850318,35090.22479689418,711735.7680422078,34868.68001869535,706940.7738844912,34649.91516851131,702209.95553104,34433.87824906461,697542.0331608977,34220.5185518229,692935.7607586914,34009.78661731816,688389.9250057661,33801.634196923005,683903.3442146805,33596.014216022144,679474.8673050991,33392.88073851993,675103.3728192176,33192.188932627665,670787.7679749512,32993.89503787744,666526.987755207,32797.95633331109,662319.9940316473,32604.3311067962,658165.7747214282,32412.97862542236,654063.3429754749,32223.859106933985,650011.736396926,32036.9336921573,646010.0162884487,31852.164418381533
2.2879759519038076,924500.755294699,44372.07119658219,916437.461089668,44018.88417688391,908513.6033415145,43671.275261185845,900725.5961970881,43329.113337118164,893069.9757135331,42992.27136939878,885543.3947211343,42660.62624257868,878142.6179437605,42334.05861101008,870864.5173619576,42012.45275565329,863706.0678047367,41695.696447361064,856664.3427569969,41383.68081630149,849736.5103703812,41076.300227200096,842919.8296661412,40773.45216010085,836211.6469193146,40475.03709636328,829609.3922141894,40180.95840962945,823110.5761616712,39891.122261509976,816712.7867697384,39605.43750175213,810413.6864587197,39323.81557266747,804211.0092136398,39046.1704176079,798102.5578663416,38772.418393292086,792086.2015005376,38502.478185793945,786159.8729733522,38236.270730016535,780321.5665473008,37973.7191324834,774569.3356270044,37714.74859728931,768901.2905952773,37459.28635506031,763315.5967435325,37207.26159478159,757810.4722917437,36958.60539835891,752384.1864934777,36713.25067778654,747035.0578217582,36471.13211480141,741761.452231772,36232.18610290947,736561.7814966434,35996.350691676125,731434.5016127182,35763.56553317832,726378.1112709935,35533.77183052098,721391.1503915122,35306.91228832556,716472.1987177217,35082.93106510325,711619.8744679486,34861.773727429434,706832.833041302,34643.38720584066,702109.7657754626,34427.71975237887,697449.3987539415,34214.72089971178,692850.4916605284,34004.34142176116,688311.8366787654,33796.53329577509,683832.2574343941,33591.24966578219,679410.607978832,33388.44480736995,675045.7718118313,33188.0740937311,670736.6609415723,32990.09396292532,666482.214980525,32794.4618863059,662281.4002755055,32601.13633806298,658133.2090704252,32410.07676583785,654036.6587003076,32221.24356236453,649990.7908152207,32034.598038096894,645994.6706328376,31850.102394781763
2.2925851703406814,923934.1629443748,44344.65147523278,915891.4099392183,43992.368294002976,907987.4712647492,43645.63822019457,900218.7838592185,43304.330978536964,892581.905567792,42968.32033713131,885073.5100572074,42637.48395178996,877690.3819849582,42311.7032175121,870429.4124082647,41990.86312671662,863287.5944190582,41674.85213387653,856262.0189921056,41363.56202621995,849349.8710342299,41056.88780018295,842548.4256233507,40754.727543317895,835855.0444267957,40456.98232137835,829267.1722889862,40163.55607031761,822782.3339792278,39874.355492953284,816398.1310909112,39589.28996006449,810112.2390839604,39308.27141570119,803922.4044628678,39031.2142864981,797826.4420831195,38758.03539479684,791822.232579248,38488.65387539098,785907.719908149,38222.99109571913,780080.9090016856,37960.97057934049,774339.8635229464,37702.51793253638,768682.7037208572,37447.56077388994,763107.6043781524,37196.02866670381,757612.7928480033,36947.85305412326,752196.5471748617,36702.96719683944,746857.194295338,36461.306113253544,741593.1083151655,36222.806521989434,736402.7088585186,35987.40678664778,731284.4594861711,35755.04686270046,726236.8661791629,35525.668246429035,721258.4758848342,35299.213925816206,716347.8751222562,35075.628333303546,711503.6886442435,34854.85730033332,706724.5781532895,34636.84801359635,702009.241068907,34421.54897291159,697356.409343988,34208.90995066687,692764.848327924,33998.881952753814,688233.3556743439,33791.41718093293,683760.7602914437,33586.46899656836,679345.921332979,33383.99188567431,674987.7272280962,33183.94142521829,670685.0947482706,32986.27425062858,666436.9681097007,32790.94802445624,662242.3181096055,32597.921406143818,658100.1412949318,32407.154022855724,654009.4591620661,32218.606441326716,649969.3173862097,32032.240140687565,645978.7850791404,31848.01748622831
2.297194388777555,923368.9508881166,44317.299159843766,915346.6477163293,43965.91577831074,907462.5407062509,43620.060667315054,899713.0893995883,43279.60438175112,892094.873251727,42944.421486511725,884604.5865975813,42614.39040240221,877239.0338689421,42289.393259105746,869995.1250487848,41969.31575482549,862869.8713489518,41654.04702225306,855860.3810985084,41343.47950053289,848963.8558308892,41037.508812911896,842177.5865587096,40736.033649782126,835498.9502258276,40438.955656841004,828925.4063268915,40146.17932810991,822454.4936852228,39857.61190356662,816083.8273804493,39573.16327116104,809811.0958178289,39292.74587299691,803634.0579317014,39016.27461547422,797550.5405159598,38743.666783198685,791558.43567486,38474.84195647526,785655.6983878887,38209.72193221282,779840.3441827784,37948.230648076664,774110.4469111091,37690.294109734175,768464.1366212558,37435.840321047646,762899.5975237519,37184.79921707578,757415.0660444123,36937.10259975284,752008.8289608377,36692.68407612181,746679.221618158,36451.4789990034,741424.6262201135,36213.42440999017,736243.4701917911,35978.45898465979,731134.2246105294,35746.52297990737,726095.4027017094,35517.55818330203,721125.5583963179,35291.50786437718,716223.284947347,35068.31672776923,711387.2136022471,34847.9308681233,706616.0123288016,34630.297726688616,701908.3845919336,34415.36604953028,697263.0681790838,34203.08584728753,692678.8340719237,33993.40835641225,688154.4853622876,33786.2860018245,683688.8562103125,33581.672360925004,679280.8108428825,33379.522128907425,674929.2425905705,33179.79108531604,670633.0729613593,32982.43606179687,666391.2507495178,32787.41491099297,662202.7511780813,32594.68647653663,658066.5750734702,32404.210564093843,653981.7480708492,32215.947913418106,649947.3198488965,32029.860171372697,645962.3633927288,31845.909865882684
2.301803607214429,922805.1132818665,44290.013962148274,914803.1691561807,43939.52636726451,906938.8069477807,43594.542364405155,899208.5086157877,43254.933331766035,891608.8750497887,42920.57462450628,884136.6210862678,42591.345422218525,876788.5707735487,42267.12858336592,869561.6528709104,41947.81050631705,862452.8965684712,41633.28099663299,855459.4274153159,41323.433140280205,848578.4634441347,41018.16318246346,841807.3114814031,40717.37041178973,835143.3636328175,40420.957049491764,828584.0939343527,40128.82814345526,822127.0551599067,39840.89146680838,815769.8757770557,39557.05742084593,809510.2570429677,39277.23894207393,803345.9702329957,39001.35141317157,797274.8539949439,38729.312577679564,791294.811822394,38461.04245823409,785403.8096409009,38196.463278175615,779599.8735012083,37935.49938637121,773881.0873739952,37678.07718509774,768245.5910409767,37424.12506084135,762691.5780774804,37173.5733178769,757217.2939219057,36926.35411449756,751821.0340277291,36682.40140177231,746501.1420939689,36441.65086471499,741256.0083702501,36204.03986575505,736084.0680328229,35969.507390405335,730983.7996280994,35737.99399502828,725953.7235804492,35509.44175660624,720992.4007611861,35283.794224426965,716098.4311158332,35060.99637359967,711270.4523469209,34840.99456032101,706507.1386497092,34623.73647881486,701807.1994983751,34409.171119873194,697169.3784803266,34197.24873092886,692592.4521764336,33987.92077759498,688075.2290850788,33781.13990660812,683616.5485880419,33576.859910116116,679215.2799563291,33375.03569125379,674870.3213941628,33175.623230952806,670580.5991194317,32978.579555934244,666345.0664789872,32783.862707835084,662162.7030972608,32591.431713422106,658032.5140567402,32401.246555848455,653953.5291089296,32213.268146911025,649924.8019144714,32027.458300267703,645945.4093111879,31843.779705576468
2.306412825651303,922242.6443166477,44262.795595629264,914260.969024268,43913.19979985886,906416.265296983,43569.08307466095,898705.0373271679,43230.31761473886,891123.9072643523,42896.77955905845,883669.6102816331,42568.34883985572,876338.989887649,42244.90903852807,869128.9934699796,41926.34724804573,862036.6680567448,41612.553941541715,855059.1562840439,41303.422846759255,848193.6925576655,40998.85082605402,841437.5993982343,40698.737761666765,834788.2839596506,40402.9864459982,828243.2347113081,40111.50247663341,821800.0182751755,39824.19415587785,815456.2764093701,39540.97239458016,809209.7231303701,39261.75062002996,803058.1419664891,38986.44468773065,796999.383335678,38714.972796858216,791031.3620411387,38447.255409227764,785152.0548786222,38183.21517159904,779359.498349638,37922.776841161605,773651.7864751533,37665.86721404874,768027.0687046585,37412.41505673769,762483.5479157879,37162.351040200825,757019.4784999503,36915.60767668018,751633.1645296855,36672.11925896413,746322.958003705,36431.82180205139,741087.2571658035,36194.652987093636,735924.5048940358,35960.55210751355,730833.1871567606,35729.46001720035,725811.8315323318,35501.31908069014,720859.0057893973,35276.073125242685,715973.3165249327,35053.66739473117,711153.4078572859,34834.048505265186,706397.9601716584,34617.16440247156,701705.6889155881,34402.964320361236,697075.3434421186,34191.398741713805,692505.7058984726,33982.41935991488,687995.5901581493,33775.97904218438,683543.8407944837,33572.0317941372,679149.3320937993,33370.532725619945,674810.9671063839,33171.43801777071,670527.6767336086,32974.70489125105,666298.4188495947,32780.29157560161,662122.1774559102,32588.15727967564,657997.9618678602,32398.262163106083,653924.8059309974,32210.56730876449,649901.7672665535,32025.034696171842,645927.9265445565,31841.62717582296
2.3110220440881766,921681.5382182869,44235.64377550562,913720.0421161767,43886.93581661399,905894.9110872049,43543.68256260711,898202.6713746982,43205.757017970755,890639.9662156114,42873.036099082805,883203.5509563269,42545.400484739774,875890.2884111082,42222.73447348522,868697.1444492658,41904.925847381404,861621.1837979895,41591.86574188718,854659.5660486516,41283.44852152545,847809.5418551648,40979.57166104154,841068.4493137057,40680.13563177191,834433.7105137882,40385.04379295849,827902.8282513013,40094.20228775928,821473.382894703,39807.51994372038,815143.0293961114,39524.908177487436,808909.4944395375,39246.28090354757,802770.5737189697,38971.554446804104,796724.1293394695,38700.64745879769,790768.0873348361,38433.48083739762,784900.435295789,38169.9776497967,779119.2201029682,37910.063058652355,773422.5457593881,37653.66425122481,767808.5713172918,37400.71037137168,762275.5088946433,37151.1324542653,756821.6217767688,36904.863363706536,751445.2225989131,36661.83773191546,746144.6716057158,36421.99190168537,740918.3749838326,36185.26387079262,735764.7832641482,35951.593238560476,730682.3897902054,35720.92115447987,725669.72924968,35493.190268795755,720725.3762658882,35268.344684971446,715847.9440464858,35046.32991394848,711036.0830866669,34827.09283012328,706288.4799243157,34610.58162896585,701603.8559446986,34396.74578620962,696980.9662324114,34185.53601854476,692418.5984684175,33976.90424575093,687915.5718701228,33770.803554208025,683470.7361725423,33567.18816172717,679082.9706487112,33366.01338364625,674751.1831675868,33167.23560013732,670474.3092877812,32970.812224675785,666251.3113855406,32776.701673623356,662081.1778154748,32584.863336879076,657962.9221026076,32395.257549555132,653895.582164396,32207.84556463577,649878.2195614256,32022.58952657977,645909.9187755607,31839.45244582876
2.3156312625250504,921121.7892471479,44208.558218718754,913180.3832573616,43860.73415956433,905374.7396773187,43518.34059408742,897701.4066208303,43181.251329899285,890157.0482414792,42849.34405445909,882738.4398972163,42522.50018710148,875442.4635547501,42200.60473778497,868266.1034199689,41883.54617220792,861206.4417815299,41571.21628295952,854260.6550555837,41263.51006639306,847426.0100203644,40960.32560492737,840699.8602301023,40661.563954499135,834079.6425983704,40367.12903690502,827562.8741416001,40076.92753678752,821147.1488740718,39790.868803032594,814830.1348462262,39508.86475436013,808609.5713186369,39230.82978890074,802483.2660644464,38956.68069756386,796449.0927935079,38686.336581013,790504.9886918715,38419.718770074156,784648.952070637,38156.7507494128,778879.0401185394,37897.35808432407,773193.3667529692,37641.4683504888,767590.1005644344,37389.011066556304,762067.4628497569,37139.91762942213,756623.7257295657,36894.121252075725,751257.210345904,36651.55690389991,745966.2851359982,36412.16125331004,740749.3641784622,36175.87261262656,735604.9056084143,35942.63088508006,730531.4100981794,35712.3775138534,725527.4194004339,35485.055433069894,720591.5149508173,35260.6090206417,715722.3165271992,35038.984052896216,710918.4809629377,34820.12766090298,706178.7009116134,34603.988288427216,701501.7036608484,34390.51565143955,696886.2499929519,34179.660699115346,692331.133090249,33971.37557625997,687835.177483063,33765.6135870996,683397.2380384217,33562.329160380046,679016.1989876648,33361.47781571867,674690.9729912119,33163.016131157354,670420.500238852,32966.90171186681,666203.747583982,32773.093159954646,662039.7077103171,32581.550045332293,657927.398329656,32392.232877597617,653865.8614093594,32205.10307889203,649854.1624282687,32020.12295769311,645891.3896598468,31837.25568350527
2.3202404809619237,920563.3916978656,44181.53864391906,912641.9873029286,43834.59457224717,904855.7464515462,43493.05693625544,897201.2389493622,43156.80034009077,889675.1496974871,42825.70323602631,882274.2739053182,42499.647777972015,874995.512540321,42178.51968162648,867835.8680012078,41862.20809092133,860792.4400018159,41550.60545043055,853862.421653811,41243.60738343582,847043.0957371051,40941.1125753579,840331.831147573,40643.022662280375,833726.0795123131,40349.24212430793,827223.3719633095,40059.67818351671,820821.3160609024,39774.24070626737,814517.5928590285,39492.84210966486,808309.9541046557,39215.397271961134,802196.2195643127,38941.82344670801,796174.2744710378,38672.04018047852,790242.0670854566,38405.96923398489,784397.6063650915,38143.53450643044,778638.9597363329,37884.6619629421,772964.2509638381,37629.27956493785,767371.6581124231,37377.3172032919,761859.4115967968,37128.706634166854,756425.7923147483,36883.38141739004,751069.1298596595,36641.27685725666,745787.8008084266,36402.32994564931,740580.2270811145,36166.479307368536,735444.8743688579,35933.665147575,730380.2506267176,35703.82920124867,725384.9046283872,35476.914684575204,720457.4245798044,35252.866248174476,715596.4367888871,35031.629932090145,710800.6043887621,34813.15312246356,706068.6261119914,34597.38450981886,701399.2351134362,34384.274048889754,696791.1978395238,34173.772919921925,692243.3129417927,33965.83349138826,687754.4102327122,33760.40928405712,683323.3496818639,33557.45493635653,678949.0204506807,33356.92617098031,674630.3399640244,33158.77976268433,670366.2530169728,32962.97350722383,666155.7309152676,32769.46619138481,661997.7706479535,32578.21756406482,657891.3940908097,32389.18830836058,653835.6472392449,32202.34001462172,649829.5994693943,32017.635154431857,645872.3428262116,31835.03705547999
2.3248496993987975,920006.3398990824,44154.58477145269,912104.8491374177,43808.51679969153,904337.9268192847,43467.83135756518,896702.1642653017,43132.403839232815,889194.2669566872,42802.11345557683,881811.0497957334,42476.84308917869,874549.4326004527,42156.47915585766,867406.4358200117,41840.91147242831,860379.1764584377,41530.03313035337,853464.8641948699,41223.74037498764,846660.7976893983,40921.93249012633,839964.3610642091,40624.51168758817,833373.0205504067,40331.383001578586,826884.3212914868,40042.45418759373,820495.8842949836,39757.63562563894,814205.4035243439,39476.840227548346,808010.6431235548,39199.98334820453,801909.434767513,38926.982700467735,795899.6751315364,38657.75827363545,789979.3234738143,38392.23225526234,784146.3993249594,38130.32895618002,778398.9802791685,37871.97473856527,772735.199881813,37617.097946912596,767153.2456085848,37365.62884177564,761651.3569316039,37117.49953614847,756227.8234681475,36872.64393436497,750880.9832079171,36630.99767340077,745609.2208149792,36392.49806646826,740410.9660007397,36157.08404880074,735284.6919645047,35924.6961255274,730228.9138983792,35695.276321545534,725242.1875534243,35468.76813330124,720323.107864167,35245.116482394486,715470.3076287091,35024.267670928464,710682.4562418335,34806.1693385272,705958.2584786369,34590.77042094909,701296.4533263581,34378.0211102278,696695.8128621881,34167.87281627498,692155.1411749591,33960.27812988292,687673.2733287327,33755.19078706748,683249.0743663894,33552.565634695566,678881.4383514404,33352.35859734299,674569.2874463529,33154.526645332,670311.5710257823,32959.02776389948,666107.2648231754,32765.820923449708,661955.3701092879,32574.866050847173,657854.9129012366,32386.12400170748,653804.9432007647,32199.55653364597,649804.5342604744,32015.126280445635,645852.781876831,31832.79672710782
2.3294589178356713,919450.6282131857,44127.69632334817,911568.9636745839,43782.50058840684,903821.2762149315,43442.66362776177,896204.1784947304,43108.06161912678,888714.3964095485,42778.57452585047,881348.764397578,42454.08595334034,874104.2209786236,42134.483011972006,866977.8045113076,41819.65618614435,859966.6491561397,41509.4992091618,853067.9810328971,41203.908943643095,846279.114561482,40902.785267174084,839597.4489761227,40606.03096293809,833020.4650034087,40313.55161507289,826545.7216952502,40025.25550851785,820170.853408394,39741.05353312769,813893.5669226446,39460.8590918428,807711.6386904191,39184.588012716784,801622.9122107011,38912.15846461392,795625.2955208812,38643.490876398944,789716.7588003556,38378.50785945154,783895.3320801157,38117.134133347216,778159.1030528992,37859.296454554344,772506.2149787886,37604.92354800577,766934.8646814413,37353.94604141058,761443.3006304044,37106.296402178836,756029.8211052323,36861.90887683887,750692.7724373675,36620.71943283299,745430.547325961,36382.66570258324,740241.5832240406,36147.68692972478,735124.3607916107,35915.723917409356,730077.4024124775,35686.71897858657,725099.2707717521,35460.61588817515,720188.5674911555,35237.35983704097,715343.931819406,35016.89738770273,710564.0393751101,34799.176431690044,705847.6009397202,34584.14614848242,701193.3612982436,34371.756965961315,696600.0981255192,34161.96052231048,692066.6209159809,33954.70962930322,687591.7699549418,33749.9582369178,683174.4153295325,33547.66139922556,678813.4559775193,33347.775241498486,674507.8187723226,33150.25692848566,670256.4576426384,32955.064633810536,666058.352725143,32762.15751044292,661912.5095488431,32571.49566220216,657817.9582496983,32383.040116249456,653773.7528142141,32196.752796529738,649778.9703507681,32012.596498124884,645832.7103874855,31830.534862482124
2.334068136272545,918896.2510360503,44100.87302330362,911034.3258571891,43756.54568637202,903305.7900977137,43417.55351787245,895707.2775846727,43083.77347268033,888235.5344638618,42755.08626052874,880887.4145539175,42431.37620386328,873659.8749291248,42112.53110210578,866549.9717179119,41798.44210199221,859554.8561048373,41489.0035736699,852671.7705246711,41184.11299225811,845898.0450378815,40883.670824592526,839231.0938775229,40587.580420891325,832668.4121581402,40295.747911094746,826207.5727378911,40008.082105644855,819846.223225629,39724.49440048505,813582.08312519,39444.8986860715,807412.9411096073,39169.211260200136,801336.6524184021,38897.350744463954,795351.1363715206,38629.23800416534,789454.3739938602,38364.79607151786,783644.4057446909,38103.95007198117,777919.3293466036,37846.62715358053,772277.297708937,37592.75641907122,766716.5169409163,37342.26886081487,761235.2444500182,37095.097298242115,755831.787121325,36851.17631778267,750504.4995738736,36610.44221514975,745251.782490226,36372.832939872096,740072.0810156992,36138.28804197205,734963.8832238894,35906.74862069339,729925.7186453098,35678.15727518772,724956.1568561312,35452.4580570725,720053.8061241847,35229.59642477862,715217.312109531,35009.51919960881,710445.3566170492,34792.17452343321,705736.65639863,34577.51181795068,701089.9620026909,34365.48174544918,696504.0566688407,34156.036171000946,691977.755265646,33949.1281260318,687509.903269547,33744.71177320662,683099.3757830745,33542.742372575696,678745.0765906206,33343.17624892979,674445.9372500886,33145.97076031343,670200.9162188496,32951.08426764916,666008.9980124995,32758.476105427013,661869.19239499,32568.106553416026,657780.5335987775,32379.93680935641,653742.0795736985,32193.92896259293,649752.9112633473,32010.045968611896,645812.1319077839,31828.251624445777
2.338677354709419,918343.2027967806,44074.11459667353,910500.9306567856,43730.65184302456,902791.4639515164,43392.50080019737,895211.4575029607,43059.539193900186,887757.6775446414,42731.648474229085,880426.997121701,42408.71367493679,873216.3917170197,42090.62327903504,866122.9350905203,41777.26909040013,859143.7953196296,41468.54611107146,852276.2310296455,41164.35242395042,845517.5878034643,40864.58908062445,838865.2947607919,40569.159994057096,832316.8612975774,40277.97183589922,825869.8739769803,39990.93393819118,819521.9935637219,39707.95819923828,813270.9521941594,39428.95899345425,807114.550674897,39153.853084979135,801050.6559031691,38882.5595448882,795077.1984026417,38614.999671819234,789192.1699686513,38351.096915854425,783393.6214172532,38090.776805502384,777679.6604327781,37833.96687763381,772048.4495089034,37580.59661023254,766498.2039785368,37330.59735783075,761027.1901280683,37083.90228950412,755633.7233918131,36840.446329309416,750316.1666226877,36600.166099052934,745072.9284353955,36362.9998632841,739902.461618597,36128.88747641385,734803.2616127367,35897.770331862805,729773.8650503833,35669.591313148776,724812.8483561038,35444.294746827945,719918.8264030631,35221.8263572083,715090.4512236833,35002.13322275776,710326.4107718385,34785.163734133755,705625.4277342053,34570.86755376406,700986.2583884988,34359.195576912534,696407.6915064565,34150.09989416656,691888.5472995319,33943.53375528576,687427.6764053768,33739.45153435505,683023.9589132762,33537.80869618704,678676.3034268069,33338.56176392226,674383.6461620654,33141.66828777732,670144.9500799049,32947.086814894035,665959.2040506927,32754.776860244598,661825.422050175,32564.69887854955,657742.6423851048,32376.814237168095,653709.9269473577,32191.085189921414,649726.360495319,32007.474851811785,645791.0499613852,31825.94717460202
2.3432865731462926,917791.4779574579,44047.420770456076,909968.773073509,43704.818809249584,902278.2932847147,43367.505248300586,894716.7142381021,43035.35857788468,887280.8220940244,42708.2609824991,879967.5089716938,42386.09820152899,872773.7686181078,42068.75939617264,865696.6922876949,41756.13702230019,858733.4648208115,41448.126708939395,851881.3609099848,41144.627142100086,845137.7415434961,40845.539953665546,838500.0506165585,40550.76961509501,831965.8117009421,40260.22333569581,825532.6249644747,39973.81096523778,819198.164232364,39691.444900695045,812960.1741827856,39413.03999691262,806816.4676696304,39138.51348100653,800764.9231657377,38867.78487031647,794803.4823203336,38600.77589374045,788930.1476247682,38337.41041628958,783142.9801809905,38077.61436671056,777440.0975675222,37821.31566803109,771819.6717980002,37568.44417089157,766279.9273676319,37318.93158953339,760819.1393831836,37072.71144032135,755435.6317723577,36829.71898268364,750127.7755686617,36589.89116235951,744893.9872680746,36353.1665568498,739732.7272540344,36119.48532297146,734642.4982874511,35888.78914642188,729621.8440586383,35661.02119326371,724669.3477982185,35436.12606324551,719783.63094422,35214.04974487756,714963.3518627324,34994.739572186394,710207.2046196243,34778.14418307532,705513.9178009627,34564.21347922174,700882.2533798964,34352.89858744557,696311.0056278806,34144.15182248604,691799.0000682325,33937.92665112757,687345.0924701104,33734.1776576177,682948.1678811053,33532.86051032348,678607.1396967269,33333.931929574566,674320.9487651541,33137.3496566442,670088.5625256991,32943.072423821315,665908.9741795146,32751.059925529284,661781.201891143,32561.272790448907,657704.2880195807,32373.672554604942,653677.298377588,32188.221635377806,649699.3215180471,32004.883306403295,645769.4680462168,31823.62167332529
2.3478957915831664,917241.071012889,44020.79127328048,909437.8481358698,43679.04633736921,901766.2736300057,43342.566637001284,894223.043799152,43011.23142081663,886804.9645711778,42684.92360181088,879508.9469884128,42363.52961938247,872332.0029188874,42046.93930756542,865271.2409758548,41735.04576912661,858323.8626338893,41427.74525522525,851487.1585306005,41124.93705035005,844758.5049436968,40826.523362265885,838135.3604337717,40532.409216717446,831615.262643793,40242.50235665164,825195.8252468231,39956.71314573416,818874.735034025,39674.954475948216,812649.7491354881,39397.14167907531,806518.6923668581,39123.19244186921,800479.454695181,38853.026724744486,794529.9888177518,38586.5666838109,788668.3078481395,38323.73659609422,782892.4831038894,38064.4627877924,777200.6419907282,37808.673565424484,771590.9659784005,37556.29914973697,766061.6886635339,37307.27161223975,760611.0939152032,37061.5248142502,755237.514099102,36818.994348330816,749939.3283764605,36579.61748201112,744714.9610740672,36343.333103690806,739562.8801219485,36110.08167062606,734481.5955554544,35879.805158905976,729469.6580786712,35652.44701533097,724525.6576862549,35427.95211110915,719648.2223409298,35206.266697291205,714836.0167040472,34987.338361867965,710087.7409167392,34771.115988458885,705402.1294293265,34557.54971652283,700777.9498767703,34346.59090302641,696214.0019980653,34138.19208550757,691709.1165975877,33932.306946475954,687262.1545465059,33728.89027909358,682872.0058224646,33527.89795408267,678537.5885858428,33329.286887809656,674257.8482909687,33133.01501149682,670031.756830759,32939.04124151547,665858.3117133252,32747.32545071656,661736.5352691617,32557.82844075659,657665.4738875974,32370.51191537899,653644.1972812621,32185.338454612393,649671.7977773703,32002.27148984955,645747.3896346932,31821.275279771922
2.35250501002004,916691.9764903556,43994.2258353943,908908.1509005473,43653.334181131846,901255.4005442412,43317.68474236472,893730.4422155804,42987.15751995604,886330.1014521986,42661.6361495553,879051.3080700594,42341.00776501007,871891.0919165182,42025.16286789113,864846.5788292632,41713.99520281396,857914.986789589,41407.401638258525,851093.6222591824,41105.282052606475,844379.8766902909,40807.53922513129,837771.2231997711,40514.078731691814,831265.2133981118,40224.80884489449,824859.4743650687,39939.640438502116,818551.7057640682,39658.48689588022,812339.6770879996,39381.2640222832,806221.2250294782,39107.8899607939,800194.2509690594,38838.285111740086,794256.718575278,38572.3720554214,788406.651510751,38310.07547798905,782642.1312389114,38051.3221003292,776961.2949262613,37796.04060980914,771362.3334353266,37544.1615947525,765843.489403769,37295.617481517096,760403.0554053753,37050.34247405578,755039.3721888732,36808.27249584637,749750.8269907678,36569.345134083436,744535.851918585,36333.4995860294,739392.922401126,36100.67660742854,734320.5557025076,35870.81846289152,729317.3094969516,35643.86887816353,724381.780501443,35419.772994192885,719512.6031635336,35198.477322921564,714708.4484017163,34979.929704722555,709968.0223959242,34764.07926741323,705290.0654258502,34550.876386776814,700673.3507548885,34340.2726485277,696116.6835576253,34132.22081165936,691618.8998889074,33926.67477311665,687178.8656926227,33723.58953373684,682795.4758484142,33522.921165406755,678467.6532546524,33324.6267793854,674194.3479460574,33128.66449574438,669974.5362444635,32934.993413880125,665807.2199412741,32743.573584054513,661691.4255102401,32554.365979922077,657626.2033492584,32367.332472004407,653610.6270499468,32182.43580207359,649643.7926938183,31999.639558408657,645724.8181739297,31818.90815189063
2.357114228456914,916144.1889493675,43967.72418865098,908379.6764521836,43627.68209570163,900745.6696082628,43292.859341693555,893238.9055371431,42963.13667363303,885856.229230019,42638.398444036444,878594.5891284543,42318.532475690714,871451.0329187822,42003.42993245564,864422.7035300147,41692.98519579554,857506.8353238695,41387.095746746105,850700.7504662322,41085.662053039225,844001.8554700623,40788.58746112466,837407.637900358,40495.77809284278,830915.66323239,40207.14274651588,824523.5718549507,39922.59280223961,818229.0762108663,39642.04213116764,812029.9580674967,39365.40700859458,805924.0659103772,39092.606030652845,799909.3124535704,38823.56003444949,793983.6722606779,38558.19202147833,788145.1794708117,38296.42708415165,782391.9256241679,38038.19233530438,776722.057582143,37783.4168405313,771133.7755372373,37532.03155322529,765625.3311082537,37283.96925219176,760195.0255165547,37039.164481720836,754841.2078393865,36797.55349400493,749562.2733364932,36559.074193795524,744356.6618464594,36323.66608519805,739222.8562494158,36091.27022050921,734159.3809929251,35861.829151005826,729164.800678039,35635.28687959891,724237.7187026807,35411.58881527098,719376.7759596598,35190.68172921877,714580.6495867694,34972.51371262738,709848.0517665508,34757.03413600538,705177.72857344,34544.19361001407,700568.4588661247,34333.94394772714,696019.0532230602,34126.238128260266,691528.3529191936,33921.03026171291,687095.2289420449,33718.275555367385,682718.5810453952,33517.930281092995,678397.3368389112,33319.95174390534,674130.4509121244,33124.298251633314,669916.9039912648,32930.929085648604,665755.7021275179,32739.804472614433,661645.8759153474,32550.885557212405,657586.4797395936,32364.134375808208,653576.591050118,32179.513831018645,649615.3096628265,31996.987667144207,645701.7570859564,31816.520446433053
2.3617234468937878,915597.7029814189,43941.28606649764,907852.4199031844,43602.08983764804,900237.0764267399,43268.09021351914,892748.4298337554,42939.16868124073,885383.3444143115,42615.210304466025,878138.7870889723,42296.10358946519,871011.8232440474,41981.74035718994,863999.6127680249,41672.01562100159,857099.4062779335,41366.8274697717,850308.5415250962,41066.076956082245,843624.439970405,40769.66798926746,837044.6035198644,40477.50723305452,830566.6114117166,40189.504007574076,824188.1172470043,39905.57019552445,817906.8461559159,39625.6201522856,811720.5920927249,39349.570619790094,805627.2152525663,39077.34064396943,799624.6396036971,38808.85149560343,793710.8505292598,38544.02659441029,787883.8925729214,38282.791436223655,782141.8672830927,38025.073523111045,776482.9311507294,37770.80229629607,770905.293636015,37519.90907175403,765407.2152794835,37272.32697835746,759987.0058933998,37027.99089845448,754643.0228294445,36786.83741076924,749373.6693189761,36548.80473551909,744177.3928823463,36313.83268164884,739052.6838039387,36081.862596087405,733998.0736697877,35852.83731493692,729012.1339647977,35626.701116509146,724093.4747267512,35403.39967612793,719240.7432544398,35182.880022620906,714452.6228673967,34965.090496427096,709727.8317148414,34749.98070925091,705065.1216315748,34537.50150519625,700463.2770386767,34327.604923317915,695921.1138869759,34120.244161530274,691437.4786413608,33915.3735418161,687011.2473041017,33712.948476681406,682641.3244754487,33512.92543680436,678326.6424498528,33315.26191982918,674066.1603462485,33119.91642025775,669858.8632709056,32926.84840039449,665703.7615114386,32736.018262301375,661599.889760628,32547.387320722726,657546.3063687754,32360.917776940638,653542.0926233752,32176.57269352399,649586.3520549475,31994.31596993567,645678.2097679278,31814.11231896409
2.3663326653306616,915052.5132097452,43914.91120396273,907326.3763935156,43576.55716493551,899729.6166280045,43243.37713759296,892259.0111953638,42915.25334322825,884911.4435313942,42592.07155095782,877683.8988904777,42273.72094513196,870573.4602212294,41960.09399864736,863577.304241015,41651.08635185767,856692.6976982374,41346.59669679516,849916.9938119957,41046.52666643401,843247.6288793737,40750.78072874086,836682.1190412214,40459.26608527286,830218.05719786,40171.892574097066,823853.1100666614,39888.57257681805,817585.0153739497,39609.22092951206,811411.5791741217,39333.75483737776,805330.6732893167,39062.09379292377,799340.2328633524,38794.1594975232,793438.2540240284,38529.87578617461,787622.7916482319,38269.16855531761,781891.9572246124,38011.96569355923,776243.9168088895,37758.197015175174,770676.8890671469,37507.79419625707,765189.1434027232,37260.690713383745,759778.9981625647,37016.82178470082,754444.8189191339,36776.12431329908,749185.0168241857,36538.53683278754,743998.0470309315,36303.999454962825,738882.4071812951,36072.453819480994,733836.6359551522,35843.843045443165,728859.3116786086,35618.111684810494,723949.0509885359,35395.20567756843,719104.5075507242,35175.07230856403,714324.3708291636,34957.66016594389,709607.3649040844,34742.91910112412,704952.2473365227,34530.80019022654,700357.808077285,34321.255696919055,695822.8684183008,34114.23903660088,691346.2799844546,33909.704741876085,686926.9237640848,33707.60842926182,682563.7091764322,33507.90676707995,678255.573174403,33310.55744448328,674001.4793810982,33115.51914157007,669800.4172586345,32922.751500542116,665651.4013078575,32732.215097864548,661553.4702976163,32543.87141738668,657505.6865223312,32357.6828243856,653507.1350866525,32173.612540495636,649556.9232160628,31991.624619488743,645654.1795923329,31811.683923872195
2.3709418837675353,914508.6142890827,43888.5993376439,906801.5410905047,43551.08383691309,899223.2858638918,43218.719894877846,891770.6457318184,42891.39046109374,884440.523124134,42568.982004522164,877229.9214852572,42251.384382242984,870135.9411897525,41938.49071400049,863155.7756544995,41630.19726228277,856286.7076364987,41326.403317651726,849526.1057060563,41027.01108905764,842871.4208857315,40731.925598887,836320.1834460247,40441.05458250727,829869.9998493505,40154.30839208532,823518.5498343443,39871.599904468865,817263.5836330449,39592.84443293212,811102.9193139416,39317.95964259779,805034.440244294,39046.86546935798,799056.0926655225,38779.48404212654,793165.8833758364,38515.739608263735,787361.8775146077,38255.55846202386,781642.1964433142,37998.868875883214,776005.0157181782,37745.60103461452,770448.5631499061,37495.68697198022,764971.1169461906,37249.060509924166,759571.0039328901,37005.65720014746,754246.5978500209,36765.41426795998,748996.3177189198,36528.270558304954,743818.6262771321,36294.1664838591,738712.0284777682,36063.04397511566,733675.0700502564,35834.8464323627,728706.3361195768,35609.5186794731,723804.4498812242,35387.0069194271,718968.0713292946,35167.25869149198,714195.8960352247,34950.22282998737,709486.6539748491,34735.8494245681,704839.1084015565,34524.089781959774,700252.0547634478,34314.89638908553,695724.3196625029,34108.222877525244,691254.7598538664,33904.023989251415,686842.2612834633,33702.25554358854,682485.7381622365,33502.87440534523,678184.1320753971,33305.838454070945,673936.4111251469,33111.10655439107,669741.569105419,32918.6385273768,665598.6247072471,32728.39512290762,661506.6207534464,32540.33799298666,657464.6234613525,32354.429665970863,653471.7217324268,32170.633521679338,649527.0264675887,31988.913767345486,645629.669907201,31809.23541437947
2.3755511022044087,913966.0009054312,43862.35020569606,906277.9091886441,43525.66961430434,898718.07980958,43194.11826753976,891283.3295727498,42867.57983737737,883970.5797518565,42545.94148706047,876776.8518389579,42229.093741099714,869699.2634995135,41916.930361038474,862735.0247217738,41609.34822668765,855881.4341497081,41306.24722255153,849135.8755893394,41007.53012918149,842495.8146790001,40713.10251921031,835958.7957146012,40422.872657833075,829522.4386215637,40136.751407514734,823184.4360655653,39854.65213671612,816942.5506947351,39576.490632442255,810794.6125063748,39302.18501642743,804738.5163316895,39031.65566478172,798772.2194324099,38764.82513093361,792893.7392035368,38501.61807171166,787101.1509767857,38241.96117641736,781392.5859196124,37985.783098748696,775766.2290250107,37733.014391441815,770220.3171875312,37483.58744350476,764753.1373612427,37237.43641992452,759363.0247955922,36994.49720373395,754048.3613453449,36754.70734033196,748807.5738510033,36518.005983955045,743639.132586297,36284.33384620402,738541.5497695287,36053.633146534274,733513.3781357281,35825.84756462301,728553.2095667409,35600.922194530634,723659.6737765245,35378.803500578215,718831.4370490737,35159.43927486631,714067.2010265355,34942.7785963646,709365.7015451989,34728.77179150474,704725.707517167,34517.37039621254,700146.019855635,34308.52711931846,695625.4704418022,34102.19580728843,691162.9211315479,33898.331410219595,686757.2628000977,33696.88994904865,682407.4144229973,33497.82848392237,678112.3221917903,33301.10508368259,673870.9586628838,33106.678796420296,669682.3219381578,32914.50962105512,665545.4348759424,32724.558479898922,661459.3443310625,32536.78719216402,657423.1204227047,32351.158448378254,653435.8558289269,32167.635785670784,649496.6651066842,31986.18356389447,645604.6840363069,31806.766942551778
2.3801603206412825,913424.667775818,43836.16354781952,905755.4759093962,43500.3142591973,898213.9941634323,43169.57203893919,890797.0588674439,42843.82127565463,883501.6099902503,42522.94982135983,876324.6869305216,42206.84886274886,869263.4245108417,41895.41279816404,862315.0491638992,41588.539119973226,855476.8753001362,41286.12830207881,848746.30184687,40988.08369229926,842120.8089495075,40694.31140937865,835597.9548260742,40404.720244393444,829175.3727667992,40119.22156633943,822850.7682710186,39837.7292316932,816621.9163141168,39560.15949775441,810486.6587376685,39286.43093958574,804442.9017563508,39016.46437037742,798488.6135755725,38750.18276507278,792621.8221141313,38487.511187100135,786840.6128265314,38228.37671806435,781143.1266199135,37972.7083902599,775527.5578608329,37720.43712187394,769992.1524674023,37471.495654755185,764535.2060825567,37225.818494630854,759155.0623244499,36983.34185366013,753850.1111102088,36744.003595218084,748618.7870494801,36507.74318080993,743459.5679044045,36274.501619020106,738370.9731128339,36044.221416406006,733351.5623717847,35816.84653025017,728399.9342782771,35592.32232308973,723514.7250248697,35370.59551894529,718694.6071473344,35151.6141611759,713938.2883220613,34935.327571889815,709244.5102109003,34721.686312844555,704612.0473512729,34510.642147773004,700039.7060894987,34302.14800607503,695526.3235553837,34096.157947817366,691070.7666762213,33892.627129987115,686671.9312284511,33691.51177394659,682328.7409253068,33492.76913404024,678040.1465388697,33296.35746730597,673805.125055025,33102.23600424613,669622.6788598885,32910.36492061496,665491.8349563484,32720.705310181536,661411.644209427,32533.219158429143,657381.1806192329,32347.86931715371,653399.5406203369,32164.61947992559,649465.8424064539,31983.43415838072,645579.2252793737,31804.278659308657
2.3847695390781563,912884.6096480628,43810.0391052481,905234.2365009965,43475.01753503431,897711.0246468375,43145.08099362289,890311.8297847164,42820.11458052932,883033.6104312737,42500.00683108757,875873.4237521188,42184.64958897834,868828.4215944619,41873.937884390674,861895.8467096875,41567.76981752859,855073.0291553405,41266.04644719119,848357.3828666628,40968.671684170295,841746.4023884321,40675.5521892244,835237.6597584243,40386.59727540124,828828.8015343583,40101.71881449437,822517.5459566734,39820.83114743108,816301.6802399528,39543.850998400056,810179.0579862423,39270.69739253818,804147.5967139085,39001.29157700544,798205.2754960614,38735.5569452863,792350.1327029159,38473.418964564844,786580.2638427945,38214.80510602893,780893.8194967755,37959.644777966474,775289.0033422888,37707.86926152431,769764.0702612156,37459.41164900675,764317.324528309,37214.20678459745,758947.1180759877,36972.191207394324,753651.8488317663,36733.30309665289,748429.9591248068,36497.482219138714,743279.9341582566,36264.66987849496,738200.3005442261,36034.808866535364,733189.6248984346,35807.84341637804,728246.5124917006,35583.71915733923,723369.6059556202,35362.383071510514,718557.5840399036,35143.78345194654,713809.1604189833,34927.86986239406,709123.0825456302,34714.59309849643,704498.1305494292,34503.90515041079,699933.1161780817,34295.759166778305,695426.8817796038,34090.10941999078,690978.2993235888,33886.91127269936,686586.2694597972,33686.121145514,682249.7206124213,33487.69648584445,677967.6081084616,33291.595737836076,673738.9133387192,33097.77831335577,669562.6429499949,32906.20456398558,665437.8280671464,32716.835753983305,661363.5235437233,32529.634034171402,657338.8072399648,32344.562416717203,653362.7793270006,32161.584750769205,649434.5616161498,31980.66569891565,645553.2969122729,31801.770714433216
2.38937875751503,912345.8213005504,43783.976620737594,904714.1862382666,43449.77920660235,897209.167004058,43120.64491731566,889827.6385127937,42796.45955762698,882566.5776830666,42477.112340785985,875423.0593090892,42162.495762313294,868394.2521314564,41852.50547933975,861477.41509569,41547.0401952295,854669.8937881748,41246.00154921907,847969.1170397538,40949.29401081985,841372.5936878511,40656.82477874569,834877.9094885549,40368.50368414111,828482.7241706253,40084.24309789821,822184.768623868,39803.95784186181,815981.8422147816,39527.56510373433,809871.8102228073,39254.98435550135,803852.6013909065,38986.13727520938,797922.2055845587,38720.947671935995,792078.6715536291,38459.341413801594,786320.1047918617,38201.246358879675,780644.6654890727,37946.59228887053,775050.5665713899,37695.31084541019,769536.0718251563,37447.33546889327,764099.4941003555,37202.60133969471,758739.1935896603,36961.04532168152,753453.5761794108,36722.6059079108,748241.0918690432,36487.22316841629,743100.233255674,36254.83869999006,738029.5340807298,36025.39557787123,733027.567835677,35798.83830925744,728092.9464240684,35575.11278855963,723224.3188772695,35354.16625432419,718420.3701213682,35135.94724775041,713679.8197929054,34920.405572734846,709001.421101184,34707.492257377344,704383.959735035,34497.15951688673,699826.2528120255,34289.36071782718,695327.1478682001,34084.05034364902,690885.5218865407,33881.18396145054,686500.2803624284,33680.71818991969,682170.3564044696,33482.61066840728,677894.7098691378,33286.82002708511,673672.3265277554,33093.305858145155,669502.2172644131,32902.02868799747,665383.4173034987,32712.949950426715,661314.9854655623,32526.03196066906,657296.0034503163,32341.237890372635,653325.5751456226,32158.53174340682,649402.8259613732,31977.878332486845,645526.9021872252,31799.243256581874
2.393987975951904,911808.2975419956,43757.97583855413,904195.320422419,43424.599040022986,896708.4170020712,43096.26359691197,889344.4812591878,42772.85601358804,882100.5083698537,42454.266175866884,874973.590619873,42140.38722601194,867960.9135132259,41831.11544323764,861059.7520661795,41526.350129436425,854267.4672767946,41225.9934998648,847581.5027602231,40929.950578539305,840999.3815407825,40638.1290981074,834518.7029923507,40350.43940397133,828137.1399191398,40066.79436245576,821852.4357693968,39787.10927282168,815662.4019750153,39511.30178293985,809564.9154104778,39239.29180844739,803557.9159649226,38971.00145522099,797639.4042215106,38706.35494500881,791807.4392385917,38445.278544072215,786060.1364275076,38187.700494695964,780395.6655221494,37933.550949433375,774812.248635677,37682.76190795977,769308.1584000685,37435.26715641434,763881.7161844039,37191.002209116865,758531.2903880307,36949.90425255134,753255.2948049577,36711.9120915144,748052.1870560384,36476.9660973316,742920.4670856859,36245.0081580494,737858.6757200432,36015.98163051561,732865.3932836961,35789.83129426509,727939.2382721754,35566.50330713206,723078.8660776403,35345.94516251393,718282.9677652745,35128.10564821549,713550.2688980544,34912.93480680554,708879.5284076759,34700.383897421794,704269.5375095352,34490.4053589624,699719.1186597731,34282.95277460585,695227.1245524934,34077.98083760377,690792.4371553579,33875.445318293365,686413.96678186,33675.30303227941,682090.6511986557,33477.51180973739,677821.4547664203,33282.03046579227,673605.3676127649,33088.8187719288,669441.4048358327,32897.83742839216,665328.6057372503,32709.04803753868,661266.0330831811,32522.41307809905,657252.7723922879,32337.895880317574,653287.9312494667,32155.460601932995,649370.6386442707,31975.072204967728,645500.0443329948,31796.69643329403
2.3985971943887776,911272.0332112204,43732.036504462674,903677.6343808695,43399.47680274278,896208.7704304169,43071.93682046798,888862.3542505755,42749.30375606117,881635.399131856,42431.46816260637,874525.0147159492,42118.323824061576,867528.4031414508,41809.76763691293,860642.8553731358,41505.699496992966,853865.7477046624,41206.02219120192,847194.5384252205,40910.64129388627,840626.7646412306,40619.46506764224,834160.0392447389,40332.40436832554,827792.048020674,40049.37255406066,821520.5468856005,39770.285398054584,815343.3592510441,39495.06100503065,809258.3735048849,39223.61973110849,803263.5406046957,38955.88410696521,797356.8717772604,38691.77876412227,791536.4363188501,38431.23036421054,785800.3594911441,38174.16753107437,780146.8205079788,37920.52078558222,774574.0506083843,37670.222483019235,769080.331211623,37423.20675294291,763663.9921501885,37179.40944138969,758323.4099769485,36938.768055326,753057.0063428266,36701.221709242534,747863.2464416174,36466.711073796134,742740.6375187185,36235.17832640807,737687.7274407316,36006.56710373243,732703.1033230564,35780.82245591253,727785.3902127515,35557.890802547336,722933.2498240849,35337.71989029384,718145.3793243279,35120.25875203474,713420.5101674814,34905.45766754474,708757.4069737417,34693.26812559133,704154.8664526235,34483.642787409655,699611.7163677724,34276.53545149351,695126.8145415924,34071.90101964763,690699.0478979163,33869.69546424873,686327.3315410315,33669.875796665445,682010.6078694615,33472.400036789586,677747.8457229813,33277.227183633404,673538.039561423,33084.317186949454,669380.208673898,32893.630919831965,665273.3964171278,32705.130152260237,661216.6694816427,32518.7775255466,657209.1171846654,32334.536527652883,653249.8507885536,32152.371469341353,649338.0028437307,31972.24746112723,645472.7265550859,31794.130391001614
2.4032064128256514,910737.023176927,43706.15836571585,903161.1234670519,43374.41226352362,895710.2231010471,43047.66437719338,888381.2537326812,42725.8025936968,881171.2466252013,42408.718128139626,874077.3286417741,42096.305401174664,867096.7184280546,41788.46192179358,860226.7227762316,41485.08817522397,853464.7331605556,41186.087515674524,846808.2224349942,40891.36606368489,840254.7416842285,40600.83260785177,833801.917219749,40314.39851071474,827447.4477133071,40031.97761859798,821189.1014604553,39753.486175215236,815024.7137673352,39478.84273885609,808952.1844542894,39207.968102981366,802969.4754702447,38940.7852200652,797074.6086121808,38677.21912852998,791265.6633443167,38417.196882628356,785540.7747119681,38160.64748513497,779898.1313453169,37907.501822716906,774335.9735485998,37657.69260385988,768852.5914704856,37411.15429923254,763446.3233516428,37167.82308437811,758115.5538457278,36927.63678462817,752858.7124102227,36690.534822138485,747674.2717637658,36456.45816495224,742560.7464067835,36225.34927800077,737516.6912024168,35997.152075956204,732540.7000148938,35771.81187785497,727631.4044026553,35549.27536341504,722787.4723636797,35329.49053097359,718007.6071305905,35112.406656975385,713290.5460132603,34897.97425694556,708635.059286738,34686.145047883845,704039.9491224433,34476.87191202005,699504.0485606764,34270.10886187373,695026.220522593,34065.81100656367,690605.356859887,33863.93451931525,686240.37744051,33664.43660611627,681930.2292688481,33467.275475474344,677673.8856388457,33272.41030923069,673470.3453186493,33079.80123438771,669318.6317654077,32889.4092959095,665217.7923689397,32701.196430456144,661166.8977230346,32515.125441014872,657165.0409232159,32331.159972392317,653211.3368898566,32149.264487534092,649304.9217155795,31969.404244639216,645444.9520359365,31791.545275038563
2.407815631262525,910203.2623374754,43680.341171042506,902645.7830602305,43349.40519243315,895212.7708481721,43023.44605744348,887901.1759701547,42702.35233614042,880708.0475218323,42386.01590045563,873630.529454715,42074.33180278482,866665.8567951643,41767.19815990407,859811.3520428161,41464.5160419339,853064.4217385702,41166.189366096376,846422.5531929106,40872.1247950259,839883.311365879,40582.23163940744,833444.3358905694,40296.42176472895,827103.338232496,40014.609501946565,820858.098977656,39736.7115618723,814706.4652425325,39462.646953104544,808646.3481996896,39192.33690333152,802675.7207129903,38925.7047838471,796792.6150768019,38662.676037126905,790995.1208539052,38403.178107321095,785281.3828071065,38147.14037352749,779649.5989198547,37894.49408571642,774098.0185014245,37645.1723031849,768624.9403724794,37399.109835424584,763228.711127068,37156.24318529367,757907.7234673186,36916.51049438875,752660.4146073135,36679.851490517896,747485.2647428097,36446.20743718125,742380.7955836612,36215.52108497019,737345.5689459635,35987.736624800586,732378.1854011064,35762.79964289996,727477.2829790664,35540.6570774722,722641.5359234189,35321.2571769674,717869.6534956757,35104.54945988788,713160.3788266834,34890.48467606478,708512.4878129392,34679.014769342844,703924.7880557835,34470.09284161414,699396.1178415411,34263.67311814388,694925.3451607779,34059.71091413481,690511.3667649348,33858.162602478704,686153.1072586857,33658.985582646026,681849.5182264525,33462.13825066738,677599.5773915877,33267.579970162085,673402.287806804,33075.27104437156,669256.677074511,32885.17268915727,665161.7965957712,32697.247006924368,661116.7208466622,32511.45696143442,657120.5466808818,32327.766353471987,653172.3926574953,32146.139797331434,649271.3983927715,31966.542698091973,645416.7239351083,31788.94122965026
2.412424849699399,909670.745620661,43654.58467063674,902131.6085653164,43324.45536083528,894716.409528113,42999.28165271117,887422.1172464535,42678.95279402616,880245.7985094176,42363.36130839205,873184.6142249895,42052.40287504277,866235.8156750718,41745.9762138626,859396.7409478984,41443.98297540493,852664.8115381268,41146.3276356502,846037.5291054825,40852.91739526678,839512.4723833976,40563.662083151445,833087.2942296058,40278.47406403894,826759.7188111498,39997.26814998163,820527.5389167045,39719.9615155115,814388.6133895515,39446.47361630713,808340.8646749317,39176.72611119757,802382.2764758728,38910.642787344856,796510.8915119402,38648.14948845469,790724.8093756699,38389.17404587354,785022.1844817608,38133.64621243744,779401.2241043695,37881.49759894536,773860.186498129,37632.66161313621,768397.3790987494,37387.07340105535,763011.1567992999,37144.66979070193,757699.9202984811,36905.389237854455,752462.1145174061,36669.1717739767,747296.2270815967,36435.95895611164,742200.7868650843,36205.69381867527,737174.3625936665,35978.3208270668,732215.5615045413,35753.785833016,727323.0280596743,35532.03603159212,722495.442710407,35313.019919802864,717731.5207109415,35096.687256714955,713030.010978456,34882.98902503187,708389.694997732,34671.877394066556,703809.3857682755,34463.305684050676,699287.9267920221,34257.22833172435,694824.1910998119,34053.60085715312,690417.0803149153,33852.37983172136,686065.5237519706,33653.522847253786,681768.477549786,33456.98848621897,677524.9238365262,33262.736292970716,673333.8699258842,33070.726745985725,669194.3475429026,32880.92123105703,665105.4120781785,32693.2820154055,661066.1418692438,32507.77222267258,657075.6375079732,32324.355808759694,653133.0211729258,32142.997538480962,649237.4359855813,31963.662962997467,645388.0453894767,31786.318398002717
2.4170340681362728,909139.4679834973,43628.88861614668,901618.5954126846,43299.562541380736,894221.135019151,42975.17095561911,886944.0738637262,42655.60377897026,879784.4962912627,42340.75418162997,872739.5800356022,42030.51846481253,865806.592510196,41724.795946878316,858982.8872741326,41423.48885439532,852265.9006639725,41126.50221788681,845653.1485823881,40833.74377203179,839142.2234351501,40545.123860097745,832730.791208536,40260.55534239799,826416.5886796974,39979.95350857705,820197.4207529903,39703.23599353868,814071.1579156786,39430.32269684139,808035.7338068144,39161.13570539542,802089.1428934698,38895.59921930495,796229.4382488236,38633.63948070677,790454.7294269381,38375.18470546549,784763.1804293483,38120.16501759212,779153.0077588729,37868.51238626034,773622.4785563084,37620.1605653012,768169.9088159212,37375.04503506307,762793.6616758758,37133.1029465298,757492.1457799542,36894.27306759542,752263.8137071196,36658.49573139884,747107.1604656724,36425.71278662696,742020.7220489172,36195.86754969939,737003.0740494321,35968.904758752,732052.8303291812,35744.77052934103,727168.6417428665,35523.41231179302,722349.1949120462,35304.778850129675,717593.2110476805,35088.82014250039,712899.4448188876,34875.487403058,708266.6832658085,34664.73302521697,703693.7447545863,34456.510546235695,699179.477972568,34250.77461306772,694722.760961937,34047.48094942902,690322.500190068,33846.58632403125,685977.6296549917,33648.048519932956,681687.1100244261,33451.82630496324,677449.9278069205,33257.87940317426,673265.0945537173,33066.168467281044,669131.646090016,32876.65505204913,665048.6417743813,32689.301588592058,661015.1637851017,32504.071359542762,657030.3164323595,32320.92847506426,653093.2254951325,32139.837849666917,649203.0375817916,31960.765179800608,645358.9195134189,31783.676922191873
2.4216432865731465,908609.4244119967,43603.25276066379,901106.7390579956,43274.72650799795,893726.9432213822,42951.11375991193,886467.0421426947,42632.305103564766,879324.1375862224,42318.19435068893,872295.4239822823,42008.67841966747,865378.1847530447,41703.657222748465,858569.7888118005,41403.03355813756,851867.6872261877,41106.71300672441,845269.4100364955,40814.603833212175,838772.5632206954,40526.61689143293,832374.8257983663,40242.66553364349,826073.9470661592,39962.6655236078,819867.7439578755,39686.53495328285,813754.098522662,39414.194162934924,807730.9555151968,39145.56566452249,801796.3200921105,38880.5740681911,795948.255609217,38619.14601173363,790184.8815144429,38361.21009287737,784504.3713316432,38106.69680426662,778904.950730759,37855.53847101638,773384.895680036,37607.66919071943,767942.5306762607,37363.02477579494,762576.2270491978,37121.542698072735,757284.4013366245,36883.16203551271,752065.513726559,36647.8234209641,746918.0665634563,36415.46899287385,741840.6029153366,36186.04234785852,736831.7051989605,35959.488495057594,731889.993860327,35735.75381219094,727014.1261079151,35514.78600324656,722202.7946962261,35296.53405772845,717454.7267573099,35080.94821139792,712768.682678083,34867.9799084449,708143.4550213579,34657.581765028815,703577.8674886102,34449.70753413157,699070.7739226136,34244.31207166784,694621.0573481646,34041.35130380044,690227.6290492109,33840.78219541129,685889.4276807841,33642.56271968035,681605.4184142111,33446.65182872746,677374.5921141608,33253.00942527407,673195.9645461525,33061.596335283655,669068.5756132143,32872.37428154169,664991.4886204535,32685.30585813769,660963.7895663513,32500.354505813633,656984.5864596579,32317.48448814464,653053.008660814,32136.66086851928,649168.2062468808,31957.84948788839,645329.3493989994,31781.016943252635
2.42625250501002,908080.6099209586,43577.67685871184,900596.0349820128,43249.94703588363,893233.8300565694,42927.10986044848,885991.0184225391,42609.05658137109,878864.7191286129,42295.681646921774,871852.1431734218,41986.88258788646,864950.5898661758,41682.55990585566,858157.4433587957,41382.6169663367,851470.1693401876,41086.95989644769,844886.3118838858,40795.497486966124,838403.4904408213,40508.14109851712,832019.396969485,40224.804571698594,825731.7931962146,39945.40414095225,819538.5079987753,39669.85835199908,813437.4349068082,39398.0879826689,807426.5297131008,39130.01596696174,801503.808189991,38865.56732218882,795667.343905545,38604.66907904778,789915.2661344565,38347.25021449565,784245.7578589149,38093.24158728968,778657.0538549488,37842.57587607304,773147.4388600145,37595.18751988913,767715.2458178316,37351.01266101397,762358.8541966939,37109.98909000195,757076.6883776928,36872.056192845695,751867.2161094841,36637.15490015561,746728.9470264158,36405.22763826979,741660.4312270065,36176.21828220921,736660.2579099257,35950.072110397356,731727.0540647809,35726.735761067765,726859.4832151592,35506.15719028633,722056.2442115075,35288.28563151913,717316.0700715574,35073.0715566798,712637.7268661298,34860.46663859358,708020.0126482545,34650.42371481838,703461.7564236593,34442.896752765926,698961.8171607695,34237.84081606881,694519.0828384665,34035.21203214181,690132.4695299298,33834.9675608884,685800.9205209825,33637.06556450536,681523.4054614293,33441.46517834104,677298.9195479593,33248.126482764346,673126.4827372505,33057.010476004114,669005.1389879796,32868.07904791976,664933.9555305114,32681.29495466628,660912.0221630901,32496.621794218274,656938.4505734192,32314.023982719085,653012.3736845711,32133.46673162291,649132.9450242074,31954.916025598894,645299.3381161538,31778.338601167918
2.4308617234468937,907553.0195537523,43552.16066623623,900086.4786904271,43225.223901493635,892741.7914679975,42903.1590531941,885515.9990607817,42585.85802691371,878406.2376681218,42273.21590250958,871409.7347300125,41965.13081844985,864523.805322158,41661.50386116507,857745.8487206056,41362.238959168455,851073.3451267253,41067.24278170702,844503.8525438703,40776.42464171885,838035.0037975837,40489.696402884714,831664.5036917151,40206.97239057377,825390.1262932689,39928.16930649437,819209.7123392372,39653.20614687144,813121.1667590707,39382.004123981504,807122.4563068135,39114.48659088572,801211.6072972856,38850.578969209935,795386.7034410125,38590.20867982874,789645.8837729167,38333.30507631826,783987.340670064,38079.799381049466,778409.3179540341,37829.624623800606,772910.1090737251,37582.71558277367,767488.0553646487,37339.00872790567,762141.5443809788,37098.44216637139,756869.0082968365,36860.955590179285,751668.9223734777,36626.4902257674,746539.8034892376,36394.9887855108,741480.2087292537,36166.39542105642,736488.7340321513,35940.65567840552,731564.0128910245,35717.71645466799,726704.7151061872,35497.52595641616,721909.5455873063,35280.03365956953,717177.2432026466,35065.19027074542,712506.5796732836,34852.947690013054,707896.3585102449,34643.25897499226,703345.4139926491,34436.07830624038,698852.6101850094,34231.3609538738,694416.8399919623,34029.06324537296,690037.0242487667,33829.142534522354,685712.1108460071,33631.557171438915,681441.0738870073,33436.26647364459,677222.912876538,33243.230698141146,673056.6519394713,33052.41101444645,668941.3390681,32863.769478554335,664876.0453969004,32677.26900778102,660859.8645035819,32492.873356463148,656891.9117353151,32310.547092474113,652971.3235590891,32130.2555745265,649097.2569351932,31951.9649302303,645268.8887128716,31775.64203487757
2.4354709418837674,907026.648382109,43526.70394059346,899578.0657136797,43200.556882534074,892250.8234203302,42879.26113521314,885041.980433174,42562.709255673966,877948.6899697257,42250.79695045675,870968.1957855865,41943.422961035874,864097.8286035339,41640.488954221684,857335.0027102957,41341.89941727759,850677.2127118955,41047.56155751766,844122.0304390155,40757.38520616261,837667.1019943438,40471.28272624538,831310.1449343673,40189.16892436844,825048.9455785197,39910.96096612612,818881.3564390221,39636.57829501588,812805.293765144,39365.94255467153,806818.7351959905,39098.97751426061,800919.717516258,38835.608996897136,795106.3345097257,38575.76481092806,789376.7349055571,38319.374683959984,783729.1204127596,38066.37019949934,778161.7438384192,37816.68473608626,772672.9072855761,37570.25340880808,767260.9604268331,37327.0130130849,761924.2988500122,37086.90197062473,756661.3624723752,36849.860277451255,751470.6340201133,36615.829453911945,746350.6375699973,36384.752496579255,741299.9371502404,36156.57383196151,736317.1353977879,35931.239271944825,731400.8722693984,35708.695970890745,726549.8238040167,35488.89238431849,721762.7009340753,35271.778229103795,717038.2483434796,35057.304445129856,712375.2433701539,34845.423158328915,707772.4949511336,34636.087645056046,703228.8426082868,34429.2522977394,698743.1554728582,34224.872591753934,694314.3313471077,34022.905053468014,689941.2958014082,33823.307229414786,685623.0013052543,33626.03765654232,681358.4263906981,33431.05583349888,677146.574846815,33238.32219291134,672986.474943861,33047.798074617094,668877.1786858557,32859.44569981133,664817.7610903803,32673.22814607331,660807.3194944431,32489.109323237073,656844.9728853197,32307.053950073427,652929.8612553219,32127.027531751508,649061.1449795064,31948.99633804972,645238.0042153768,31772.927382287224
2.4400801603206412,906501.4915059094,43501.306440540335,899070.7916067867,43175.94575795205,891760.9218994661,42855.41590466124,884568.9589335814,42539.610084083724,877492.072813599,42228.4246245859,870527.5234861518,41921.75886601658,863672.6572027798,41619.51505114747,856924.9031484899,41321.59822177602,850281.7702271341,41027.916119258814,843740.8439951586,40738.379089256654,837299.7837358026,40452.89999048464,830956.3196662902,40171.394107272325,824708.2502710219,39893.77906574942,818553.4397541784,39619.974753482995,812489.8156055487,39349.90324240155,806515.3662737532,39083.488714850006,800628.1389413711,38820.65739262826,794826.2373968089,38561.33746887406,789107.819998032,38305.45904265767,783471.09772357,38052.95405616348,777914.3323064615,37803.75623433993,772435.8344470483,37557.80102690522,767033.9621007617,37315.02555260236,761707.1188372533,37075.368545602294,756453.7522674274,36838.770303959274,751272.3525351168,36605.17264002732,746161.450870327,36374.518832751164,741119.6182011347,36146.753581749814,736145.4638214844,35921.822963114304,731237.634112276,35699.67438684566,726394.8113132719,35480.25655586239,721615.7123434833,35263.51942651053,716899.0876678178,35049.41417051215,712243.7202078847,34837.89313829179,707648.4242949649,34628.90982362283,703112.0446632531,34422.41882953877,698633.4554815751,34218.37583545684,694211.5594218769,34016.73756546401,689845.286762868,33817.461757717785,685533.5945272779,33620.507134916144,681275.465651264,33425.83337579354,677069.9081845891,33233.401087601385,672915.9545202343,33043.17177953372,668812.6606522015,32855.10783706037,664759.105460307,32669.1724971316,660754.3900208235,32485.329824219974,656797.6369418922,32303.544687166686,652887.9897226722,32123.782736800844,649024.6121352399,31946.010384301982,645206.6876283064,31770.194780277034
2.444689378757515,905977.54405298,43475.96792622385,898564.6519491682,43151.39030792704,891272.0829123983,42831.62316077801,884096.9309738731,42516.5603295194,877036.3829950329,42206.09875953306,870087.7149901342,41900.1383844542,863248.288622269,41598.58201863878,856515.5478633568,41301.33525424112,849887.0158092227,41008.306362672876,843360.2916414309,40719.4062002273,836933.0477280398,40434.54811766478,830603.0268559236,40153.64787356714,824368.0395877524,39876.623551278506,818225.9617371226,39603.39547926082,812174.7319557241,39333.8861547015,806212.3494267887,39068.02017021893,800336.8716593953,38805.72414352077,794546.4123785228,38546.92664987671,788839.1395060414,38291.55815727552,783213.2732280972,38039.55096414251,777667.0841446092,37790.83913950038,772198.8914968397,37545.35846546218,766807.0614692185,37303.04638195122,761490.0055618173,37063.841933547825,756246.179030073,36827.6857183681,751074.0793885323,36594.519838884655,745972.2449755823,36364.287854603914,740939.2535762807,36136.9347365184,735973.7211005618,35912.406823257224,731074.3003142395,35690.651778861036,726239.6796203601,35471.61855211183,721468.5818885934,35255.25733735118,716759.7633304619,35041.51953672371,712112.012418335,34830.35772378576,707524.1488462057,34621.72560842176,702995.0225303855,34415.57800301432,698523.5126483359,34211.870789815395,694108.5267139481,34010.5608894697,689748.9996876728,33811.606230642785,685443.893119974,33614.96572070891,681192.1943266612,33420.59921745595,676992.9155947233,33228.46750176617,672845.0934173579,33038.53225123403,668747.7877569502,32850.75601468362,664700.0813348163,32665.102187550205,660701.0789465873,32481.534988091775,656749.9068021566,32300.019434398364,652845.7118891707,32120.52132216777,648987.6613590895,31943.007203218356,645174.9419348876,31767.444364710384
2.449298597194389,905454.8011788845,43450.68815917059,898059.6423444736,43126.89031386184,890784.3024870725,42807.88270387947,883625.8929838085,42493.55981029566,876581.617324346,42183.81919074267,869648.767468314,41878.5613680973,862824.7203742329,41577.689723963485,856106.9346905878,41281.11039671396,849492.9476002882,40988.732183864486,842980.371810274,40700.46644856783,836566.8926785447,40416.22703002553,830250.2654713436,40135.9301576279,824028.3127436725,39859.49436864193,817898.9218367126,39586.840429277596,811860.0424861114,39317.89125897174,805909.6845354474,39052.57185773757,800045.9157495141,38790.80923643596,794266.8597223791,38532.53234983232,788570.6938754554,38277.672032310154,782955.6475411055,38026.16093611897,777420.0001275386,37777.93347204095,771962.0793610087,37532.92575236634,766580.2596015416,37291.075536073564,761272.9602286273,37052.32217611526,756038.6440935078,36816.60656871636,750875.8160348806,36583.871104595244,745783.0214550055,36354.05962202348,740758.8449533643,36127.11736164359,735801.9090151817,35902.99092296874,730910.8727522503,35681.62822249163,726084.4306936457,35462.97845333355,721321.3116240376,35246.99204636805,716620.2774674284,35033.62063275655,711980.1222142578,34822.81700783668,707399.6708899231,34614.53509630639,702877.7785628575,34408.72991865023,698413.3293904149,34205.35755875614,694005.235700882,34004.37513267399,689652.4371100405,33805.740758469,685353.8996707632,33609.41352712569,681108.6150542198,33415.35347445978,676915.5997613245,33223.521553997605,672773.8943631323,33033.87961078439,668682.5627689515,32846.390356084405,664640.6915210012,32661.017342937885,660647.3891144929,32477.72494254091,656701.7853420794,32296.47832141626,652803.030661653,32117.24341934437,648950.2955865319,31939.986928025133,645142.7700971133,31764.6762704424
2.4539078156312626,904933.2580667214,43425.46690227664,897555.7584204146,43102.44555837395,890297.5766722497,42784.19433535083,883155.8414109274,42470.60834565946,876127.7726268021,42161.58575446281,869210.6781037673,41857.027669377065,862401.9499807213,41556.83803495835,855699.0614733823,41260.92353169751,849099.5637478041,40969.19347929974,842601.0829374589,40681.55974403848,836201.3172962541,40397.9366499848,829898.0344803159,40118.24089392438,823689.0689517907,39842.391463784676,817572.3194983228,39570.309560404356,811545.746862242,39301.918522486456,805607.3714738379,39037.143754585035,799755.2712834317,38775.912657983245,793987.5796872544,38518.15456432827,788302.4835424339,38263.80067189576,782698.2212666518,38012.78398436283,777173.0810182894,37765.03925197547,771725.3989531138,37520.50291500157,766353.5575537705,37279.11304936675,761055.9840285651,37040.80931437531,755831.1487761999,36805.53290242358,750677.5639133198,36573.22649061765,745593.7818618888,36343.83419421183,740578.3939935805,36117.30152178846,735630.0293285153,35893.57533210355,730747.3532858209,35672.60379252642,725929.0664836218,35454.33633900505,721173.903586192,35238.72363749236,716480.6321961245,35025.71754677133,711848.051789477,34815.27108262041,707274.9926919637,34607.338383262955,702760.3150943576,34401.87467604746,698302.9081053626,34198.83624530773,693901.6888403037,33998.180401354446,689555.6015440621,33799.86545055204,685263.6167467679,33603.850666436694,681024.730450824,33410.096261833605,676837.9633479235,33218.56336193325,672702.3600647677,33029.21397828847,668616.9884362713,32842.010983695865,664580.9388050907,32656.91808792657,660593.3233463689,32473.899814273056,656653.2754166466,32292.921476880216,652759.9489259358,32113.949158830226,648912.5177319974,31936.94969095218,645110.175055917,31761.890631328548
2.4585170340681364,904412.909926921,43400.30391979727,897052.9958285925,43078.05582528676,889811.901537364,42760.55785763902,882686.772720437,42447.70575578394,875674.845742524,42139.39828774018,868773.4440918039,41835.53714140344,861979.9749735649,41536.02682002616,855291.9260624266,41240.77454215485,848706.8624045906,40949.69014580514,842222.4234621025,40662.6859966663,835836.3202915818,40379.67690013928,829546.3328503396,40100.580017022476,823350.3074232219,39825.314782670124,817246.1541639158,39553.80282945759,811231.844744819,39285.967912396714,805305.4101099212,39021.73583775301,799464.9383254726,38761.03439452423,793708.572523502,38503.793288647496,788034.5089335478,38249.94407980896,782440.9949982102,37999.4201207367,776926.3275683975,37752.15649886376,771488.8511743539,37508.08998025412,766126.9563687884,37267.158955689694,760839.07813862,37029.30338882205,755623.694382042,36794.46476629694,750479.3244478002,36562.5860497647,745404.5277337332,36333.611629694,740397.9023417932,36107.487280910165,735458.0837869073,35884.16011978342,730583.7437571815,35663.57856299629,725773.5889230813,35445.69228782234,721026.3597933481,35230.45219385216,716340.8296155225,35017.810366105434,711715.8033190599,34807.72003947088,707150.1164991274,34600.13556441858,702642.6344392638,34395.01237393201,698192.251171182,34192.306951609244,693797.8885700757,33991.97680088567,689458.4954838776,33793.98041533221,685173.0468949905,33598.277249985644,680940.5431130884,33404.82769366935,676760.0089976512,33213.59304226475,672630.493208963,33024.53547289567,668551.0674863668,32837.618018989364,664520.8259526251,32652.804546179683,660538.8844432893,32470.05972901946,656604.3798600383,32289.349028470424,652716.4695469905,32110.638670140783,648874.3306890446,31933.895623241347,645077.1597313428,31759.087580232983
2.46312625250501,903893.7519970464,43375.19897733699,896551.3502443342,43053.7208996211,889327.2731723897,42736.97307424553,882218.6833951074,42424.851861762516,875222.8335264121,42117.25662841548,868337.0626399076,41814.08963796159,861558.7928943377,41515.25594813319,854885.5263158785,41220.66331150747,848314.841728815,40930.22208056685,841844.3918266867,40643.84511674512,835471.9003764547,40361.4477032652,829195.1595486966,40082.947461585565,823012.02736725,39808.26427128211,816920.4252721169,39537.32019320187,810918.3357898026,39270.03939573371,805003.8003056056,39006.34808404947,799174.9169326889,38746.17443217691,793429.8384730642,38489.44851777312,787766.7704658974,38236.10225947392,782183.9693188008,37986.06935670135,776679.7405180275,37739.28523181751,771252.436913705,37495.68697451868,765900.4570764676,37255.213288369174,760622.2437220375,37017.80443937945,755416.2822005046,36783.402206537954,750281.099047222,36551.94983421046,745215.2605924092,36323.39198632542,740217.3716267016,36097.67470226735,735286.0741200433,35874.7453544047,730420.0459914474,35654.55260718173,725617.9999272849,35437.046377707746,720878.6822458832,35222.177797780205,716200.8718063307,35009.89917728092,711583.3789594922,34800.163968888155,707025.0445393424,34592.926734049455,702524.7388928214,34388.14311016312,698081.3609465061,34185.76977891848,693693.8373084788,33985.764435747595,689361.121403852,33788.08576034297,685082.1926424901,33592.693388198226,680856.0556175353,33399.547883130675,676681.7393334156,33208.61071074629,672558.2964620809,33019.84421280961,668484.8026262632,32833.21158248298,664460.3557086318,32648.6768404007,660484.075185749,32466.204811545464,656555.1014858009,32285.76110289596,652672.5953691155,32107.31208181576,648835.7373305301,31930.824855154875,645043.7270227182,31756.267249036904
2.467735470941884,903375.7795415946,43350.15184183959,896050.8173665237,43029.44056758661,888843.6876877018,42713.43978971925,881751.5699351568,42402.04648560292,874771.7328480583,42095.16061511856,867901.5309676768,41792.68501350806,861138.4012943172,41494.52528880644,854479.860099347,41200.58972363344,847923.4998839912,40910.78918112977,841466.9864770726,40625.03701483545,835108.0562643419,40343.24898231893,828844.513542497,40065.34316237588,822674.2279913853,39791.23987562688,816595.132258283,39520.861608352374,810605.2196484919,39254.13293941179,804702.5419168375,38990.980470102244,798885.2071549582,38731.332756819706,793151.3777695799,38475.12024639294,787499.2685472294,38222.27521396711,781927.1448011108,37972.73170332081,776433.3205961024,37726.42546950571,771016.1570480576,37483.29392370427,765674.0606938087,37243.27608020595,760405.481928464,37006.31250540775,755208.9135067841,36772.345268749224,750082.8891055882,36541.31789549713,745025.9819443128,36313.175321298804,740036.8034609965,36087.86384842733,735114.0020411096,35865.3311036457,730256.2617967842,35645.52599762024,725462.3013941279,35428.398685817556,720730.8729264283,35213.90053082175,716060.760831164,35001.98406601247,711450.7808488485,34792.6029605465,706899.7790218369,34585.71198558882,702406.6307313126,34381.266981741355,697970.2397707688,34179.22482762008,693589.5374543815,33979.54340953373,689263.4817587499,33782.18159221909,684991.0564965559,33587.099190590285,680771.2705207672,33394.2569424613,676603.1569580751,33203.61648220286,672485.7724703207,33015.14031529637,668418.1965427253,32828.79179374983,664399.530797796,32644.535092341423,660428.8983338339,32462.335185658827,656505.4430870202,32282.157825903072,652628.3292161067,32103.969521427505,648796.740508781,31927.737515983645,645009.8798088211,31753.42976864684
2.4723446893787577,902858.9878518004,43325.162281578116,895551.3929174391,43005.21461657328,888361.1412139429,42689.957809649335,881285.4288581497,42379.28945022127,874321.5405916651,42073.110087263645,867466.8463067646,41771.32312316717,860718.7977344464,41473.83471213091,854074.9252858731,41180.5536628657,847532.8350389793,40891.39134539653,841090.2058625179,40606.26160176433,834744.7866702882,40325.08066043759,828494.3937987246,40047.767054255724,822336.9085014234,39774.24154173496,816270.274554574,39504.427031577325,810292.4959676047,39238.24851023148,804401.6347936917,38975.63297236254,798595.8090350849,38716.50935409547,792873.1906384948,38460.808468903786,787232.003576053,38208.462946022155,781670.5220076189,37959.40717126756,776187.0685204333,37713.57723016017,770780.01244235,37470.910853239904,765447.7682250813,37231.34736348083,760188.7938940915,36994.82762570978,755001.5895619531,36761.2939979409,749884.696002156,36530.69028454174,744836.6932805206,36302.961691151206,739856.1994415201,36078.05478127322,734941.8692469558,35855.91743447395,730092.3929645702,35636.498806113916,725306.4952043059,35419.749288549545,720582.9338000362,35205.620473742165,715920.498734711,34994.06511721501,711318.0111069609,34785.03710330206,706774.3221373092,34578.491411634925,702288.3122122292,34374.38408481662,697858.8899643774,34172.67219723357,693484.9913874142,33973.313824959165,689165.5789839075,33776.26801670484,684899.6409448793,33581.49476577607,680686.1903596403,33388.95498299321,676524.2644546096,33198.610470538544,672412.923859891,33010.423896692846,668351.2519024299,32824.358771426276,664338.3539246332,32640.379422810223,660373.3566273921,32458.450974217918,656455.4074364889,32278.539322283355,652583.6738914268,32100.61111558915,648757.3430557601,31924.633734055387,644975.6209480485,31750.575269002784
2.4769539078156315,902343.3722454415,43300.23006614523,895053.07264259,42981.042835143184,887879.6299018894,42666.526940658114,880820.256698886,42356.580579436326,873872.2536559637,42051.104885044726,867033.00590082,41750.00382272736,860299.9797852968,41453.184088746995,853670.719755914,41160.555013990226,847142.8453679857,40872.02847162671,840714.0484356928,40587.518788625195,834382.0903109437,40306.94266093962,828144.7992842814,40030.21907218878,822000.0681015031,39757.26921566313,815945.8515900224,39488.0164195006,809980.1643893587,39222.38607488257,804101.0787804637,38960.305567108466,798306.7226088993,38701.70420941539,792595.277297167,38446.51317941598,786964.9759417542,38194.665458034586,781414.1014907166,37946.095770827684,775940.984997847,37700.74053158098,770544.0039497018,37458.53778808052,765221.5806619619,37219.42716996072,759972.1807418001,36983.349838537295,754794.3116131058,36750.24843853726,749686.5211015883,36520.06705164291,744647.3960769449,36292.7511517709,739675.5611494232,36068.24756201103,734769.6774182533,35846.5044131535,729928.4412695586,35627.47110373667,725150.5832214773,35411.09826155054,720434.8668143454,35197.33770653462,715780.087543902,34986.1424150116,711185.0718355881,34777.466485200835,706648.6760580969,34571.265103958896,702169.7855744425,34367.49451469613,697747.3138288832,34166.11198642141,693380.2014681394,33967.075783868764,689067.415495403,33770.3451386621,684807.9484557257,33575.88022147633,680600.817651435,33383.64211515475,676445.0643862932,33193.59278874464,672339.7532371798,33005.6950724148,668283.9713521354,32819.912633220156,664276.8277736583,32636.209951680237,660317.4527862036,32454.5522991399,656404.9972868776,32274.905715881974,652538.6321783733,32097.236989962756,648717.5477832351,31921.513636742795,644940.9532785827,31747.703879086326
2.481563126252505,901828.9280666448,43275.35496644341,894555.8523105535,42956.925013022,887399.1499223164,42643.14699039406,880356.0500092957,42333.91969796356,873423.8689541304,42029.14484943076,866600.0070054273,41728.72696863753,859881.9450270286,41432.57328984778,853267.2413973196,41140.59366224435,846753.5290505583,40852.70045843576,840338.5126526933,40568.808486777736,834019.9659045932,40288.83490732535,827795.728966031,40012.699151241315,821663.7059941612,39740.322843496135,815621.8627905992,39471.629728703956,809668.2245515486,39206.545599946934,803800.8737157544,38944.99823044841,798017.9479053526,38686.91730796289,792317.6379549723,38432.234371757535,786698.1860247073,38180.88275206653,781157.8837928255,37932.797511905854,775695.0707243095,37687.91539114189,770308.1324115446,37446.17475271247,764995.4989836697,37207.515530904515,759755.6435812989,36971.879181597076,754587.0808935029,36739.20863438305,749488.3657541011,36509.44824648746,744458.0917944831,36282.54375840417,739494.8901503176,36058.442251176624,734597.4282196519,35837.092105252,729764.4084700355,35618.44296084164,724994.5672924252,35402.445679723736,720286.6738997427,35189.052308427534,715639.5292680718,34978.21604274088,711051.9651185788,34769.89119348627,706522.8429383427,34564.033153512515,702051.0530383685,34360.598365852195,697635.5136471487,34159.544292996885,693275.170038219,33960.82938724497,688968.9936902251,33764.41306207828,684715.9814781018,33570.25566452634,680515.1548940238,33378.31844847874,676365.5592968605,33188.56354890771,672266.2631889218,33000.953956965015,668216.3575188499,32815.45349591882,664214.9550095528,32632.026797897437,660261.1895101458,32450.63928140883,656354.2153708984,32271.257129605692,652493.2068402427,32093.847269267422,648677.3574829419,31918.377350471586,644905.8796185532,31744.815726928664
2.4861723446893786,901315.6506856955,43250.53675467531,894059.7277128148,42932.860941090905,886919.697465867,42619.81776752488,879892.8053583321,42311.306631409454,872976.3834137059,42007.22982216107,866167.8468880474,41707.49241800341,859464.6910493518,41412.002187176346,852864.4881053161,41120.66949331489,846364.8842715886,40833.407204794144,839963.5969730567,40550.130607847714,833658.4121711865,40270.75732327756,827447.1818108412,39995.20722658337,821327.8213803887,39723.402371348624,815298.3075792819,39455.26691572957,809356.6760876239,39190.727051901515,803501.0194325593,38929.71093832444,797729.484946615,38672.14863469746,792040.2728134086,38417.97203947843,786431.6341963884,38167.11482985129,780901.8694465181,37919.51240403035,775449.3263850525,37675.101825795544,770072.3986577524,37433.8217711592,764769.524157101,37195.61247706899,759539.1835092645,36960.41569205709,754379.8986227149,36728.17462874987,749290.2312956107,36498.83391815694,744268.7818791694,36272.33956566207,739314.1879944309,36048.63890864266,734425.1232999362,35827.68057564774,729600.2963079792,35609.41444706826,724838.4492472163,35393.791617236115,720138.3569695257,35180.76435789204,715498.8258991226,34970.28608296474,710918.6930220379,34762.3113146069,706396.8249141593,34556.79565043595,701932.1168061354,34353.695731930035,697523.491683514,34152.969213931894,693169.8994205821,33954.574735215814,688870.3159464408,33758.47189007429,684623.7424419238,33564.62120088383,680429.2045660397,33372.98409161043,676285.7517106752,33183.52286221763,672192.456282367,32996.20066394129,668148.413009997,32810.981475397144,664152.7382773303,32627.830079488616,660204.5694793597,32446.71204108363,656303.0644014714,32267.593685430893,652447.4006204962,32090.44207728721,648636.7749267484,31915.22500072847,644870.4027662013,31741.910939618534
2.4907815631262524,900803.5354988476,43225.77520433432,893564.6946636084,42908.85041137834,886441.268742923,42596.53908173063,879430.5193318701,42288.74120626588,872529.7939765156,41985.35964574081,865736.5228279614,41686.30002858403,859048.2154514906,41391.470653023236,852462.4577824866,41100.782393336514,845976.909221308,40814.148610026445,839589.2998597752,40531.485063726774,833297.4278323668,40252.70983266201,827099.1567856277,39977.74323349,820992.4134596862,39706.50774536688,814975.1853761211,39438.92793708229,809045.5186267674,39174.930397121185,803201.5157583553,38914.44366651573,797441.3337481701,38657.39817435852,791763.1820661994,38403.726175854856,786165.3208194838,38153.36169279803,780646.0589746336,37906.24045635795,775203.7526546955,37662.29985207877,769836.8035067695,37421.47886698681,764543.6571369644,37183.718038714636,759322.8016094796,36948.95940655253,754172.7660067652,36717.14646434245,749092.11904788,36488.22411513415,744079.4677623236,36262.1386275271,739133.4562167582,36038.8375936254,734252.7642921797,35818.26988853674,729436.1065092155,35600.38563134953,724682.2308993605,35385.13614752564,719989.9179200627,35172.47393264938,715357.9794116877,34962.35261747571,710785.2575944879,34754.72693422396,706270.6241037943,34549.55268406535,701812.9790617484,34346.78670575546,697411.250183962,34146.386845364745,693064.3919195905,33948.3119270626,688771.3846233606,33752.521724912374,684531.2337581835,33558.97693563686,680342.9691270409,33367.639152315336,676205.6441328957,33178.47083897542,672118.3350654447,32991.43530604429,668080.1404135824,32806.49668662549,664090.1802025035,32623.61991356939,660147.5953544145,32442.770697306027,656251.5470718882,32263.915504411478,652401.2162429218,32087.021536879085,648595.8028668175,31912.056712069,644834.5255000415,31738.98964331012
2.495390781563126,900292.5779281352,43201.070090195055,893070.7489997599,42884.89321705195,885963.8599834713,42573.310743696806,878969.1885325987,42266.22324990425,872084.097598588,41963.53416343625,865306.0321162083,41665.1496587881,858632.5158421426,41370.978560223724,852061.14833875,41080.93224888986,845589.6020952846,40794.924573810276,839215.6197793096,40512.87176657226,832937.0116114976,40234.69235952787,826751.6528573935,39960.30710734231,820657.4814301162,39689.63891173052,814652.4955983046,39422.61274923198,808734.7517939669,39159.155601881524,802902.3625151827,38899.19639064171,797153.4943189075,38642.66591146899,791486.3658993937,38389.496773893305,785899.2462479998,38139.62334199613,780390.4528903916,37892.981677678785,774958.3501973663,37649.50948611776,769601.3477657369,37409.14606330942,764317.8988659093,37171.832245611295,759106.498952969,36937.51036119181,753965.6842382681,36706.12418330483,748894.0303186609,36477.61888530951,743890.1508606969,36251.94099735974,738952.6963372105,36029.03836469147,734080.3528138959,35808.86010743956,729271.8407835724,35591.35658191893,724525.9140459659,35376.47934330841,719841.3586309495,35164.181109678095,715216.9917632877,34954.41572730434,710651.6608670297,34747.13813721874,706144.2426077904,34542.30434294036,701693.64197125,34339.87137934247,697298.7913762816,34139.79728260775,692958.6498212015,33942.04106122765,688672.2020617019,33746.56266800382,684438.4578191108,33553.3229730116,680256.4510176756,33362.28373748709,676125.2390496378,33173.40758860113,672043.9020669275,32986.65799508546,668011.5422983561,32801.99924367751,664027.2833912437,32619.39641635193,660090.2697764691,32438.815368308427,656199.666055973,32260.2227066867,652354.656411795,32083.585769980695,648554.4440357658,31908.872608125395,644798.250579019,31736.051963230766
2.5,899782.7734211877,43176.421188303975,892577.8865805313,42860.98915241053,885487.4674369801,42550.132565107655,878508.8095799196,42243.75259057006,871639.2912500763,41941.75321927035,864876.3720555322,41644.04116767047,858217.5898394432,41350.52578215525,851660.557691344,41061.11894699987,845202.9610944232,40775.73499617549,838842.5552016033,40494.290628807015,832577.1622336925,40216.70482810831,826404.6689932718,39942.89878362872,820323.0244883575,39672.79581665434,814330.2376602225,39406.32130861574,808424.3752100933,39143.40263236161,802603.559519733,38883.969086165416,796865.9666612167,38627.95183033912,791209.8244914678,38375.28382633465,785633.4108273695,38125.89977821974,780135.0516975094,37879.73607642115,774713.1196668225,37636.73074363312,769366.0322306192,37396.82338279466,764092.2502746595,37159.95512704392,758890.2765981344,36926.06859156241,753758.654496569,36695.107827226515,748695.9664018379,36467.01827598741,743700.8325766192,36241.74672790504,738771.9098607643,36019.24127976457,733907.8904671915,35799.45129520818,729107.5008250341,35582.327366317506,724369.5004678952,35367.821276585804,719692.6809651677,35155.88596522134,715075.8648944912,34946.47549272653,710517.9048535024,34739.5450077001,706017.6825091464,34535.05071481165,701574.1076828832,34332.94984390081,697186.117470229,34133.20062015493,692852.67539313,33935.762235321985,688572.7705837521,33740.59481991666,684345.416998338,33547.65941638009,680169.6526598441,33356.91795315522,676044.5389281387,33168.33321964158,671969.1597965945,32981.86884199481,667942.6212139736,32797.48925973796,663964.050430545,32615.15970315288,660032.5953674337,32434.846171421654,656147.4240082436,32256.515411488996,652307.7238120402,32080.134897618227,648512.7011468249,31905.67281161434,644761.5807426712,31733.09802368882
